x,y,theta,s0,v,omega,w,time_elapsed
-0.16165042224325918,0.04735835710989346,0.256860956733642,0.10559271046002926,0.1563664823770523,-0.6847147941589355,0.7620109915733337,0.13857111200195504
-0.16165042224325918,0.04735835710989346,0.256860956733642,0.1139749423219847,0.17350760102272034,-0.690218448638916,0.7423413395881653,0.01129161399876466
-0.16165042224325918,0.04735835710989346,0.256860956733642,0.1510962682162845,0.17478109896183014,-0.6906758546829224,0.7405600547790527,0.05012601699854713
-0.16165042224325918,0.04735835710989346,0.256860956733642,0.1877557910277726,0.18042078614234924,-0.692703127861023,0.7326735258102417,0.05003527699591359
-0.16165042224325918,0.04735835710989346,0.256860956733642,0.2239888010318935,0.18599054217338562,-0.6947049498558044,0.7248849868774414,0.04998449500271818
-0.16165042224325918,0.04735835710989346,0.256860956733642,0.25983224534644794,0.19149526953697205,-0.6966835260391235,0.7171869874000549,0.049977823000517674
-0.16165042224325918,0.04735835710989346,0.256860956733642,0.2953971737436372,0.19693149626255035,-0.6986455917358398,0.7095503211021423,0.0501231939997524
-0.16165042224325918,0.04735835710989346,0.256860956733642,0.3303811570668802,0.20196807384490967,-0.7007867097854614,0.7011540532112122,0.049894859999767505
-0.16165042224325918,0.04735835710989346,0.256860956733642,0.36503902108051517,0.20688751339912415,-0.7026617527008057,0.6930741667747498,0.05000599600316491
-0.16165042224325918,0.04735835710989346,0.256860956733642,0.3993375192997903,0.21158070862293243,-0.7029621601104736,0.6864608526229858,0.04996424499404384
-0.16165042224325918,0.04735835710989346,0.256860956733642,0.4333686620980236,0.2162429392337799,-0.7032554745674133,0.6799796223640442,0.05004729800566565
-0.16165042224325918,0.04735835710989346,0.256860956733642,0.46699865365846177,0.22086893022060394,-0.7035461664199829,0.6735489964485168,0.04992954000044847
-0.16165042224325918,0.04735835710989346,0.256860956733642,0.5003981223982338,0.22544026374816895,-0.703833818435669,0.6671944260597229,0.050059573994076345
-0.16165042224325918,0.04735835710989346,0.256860956733642,0.533430505209315,0.22998033463954926,-0.7041194438934326,0.6608832478523254,0.04998217600223143
-0.16165042224325918,0.04735835710989346,0.256860956733642,0.5661498736424946,0.2344706952571869,-0.704401969909668,0.654641330242157,0.0499806029984029
-0.16165042224325918,0.04735835710989346,0.256860956733642,0.598582347775127,0.23891808092594147,-0.7046817541122437,0.6484590172767639,0.050014685999485664
-0.1776594924042619,0.04928617610330173,0.17328833481210237,0.6327513569494372,0.28768205642700195,-0.7035191059112549,0.6835861206054688,0.04998493700259132
-0.1776594924042619,0.04928617610330173,0.17328833481210237,0.6666190266847793,0.29222986102104187,-0.7038416862487793,0.6770570874214172,0.050021882001601625
-0.1776594924042619,0.04928617610330173,0.17328833481210237,0.7001467490134052,0.29697349667549133,-0.7041006088256836,0.6703600287437439,0.050014501000987366
-0.18851616793734244,0.04629519968065647,0.08793969982633085,0.7368205745572116,0.3620937764644623,-0.6899259686470032,0.7311522364616394,0.050158945996372495
-0.18851616793734244,0.04629519968065647,0.08793969982633085,0.7729864983002754,0.36644405126571655,-0.6903501749038696,0.7238641381263733,0.0499623089999659
-0.1850907642368343,0.042454598031524154,-0.012412332466247485,0.8136521605539017,0.4152883291244507,-0.6817602515220642,0.815491259098053,0.04986646000179462
-0.1850907642368343,0.042454598031524154,-0.012412332466247485,0.8540261919713862,0.4203678071498871,-0.6822077631950378,0.8075230717658997,0.049997371999779716
-0.1850907642368343,0.042454598031524154,-0.012412332466247485,0.8940314815984078,0.4254762530326843,-0.6826799511909485,0.7990773320198059,0.05006435300310841
-0.17732044671505326,0.04165915247556625,-0.09903157905510618,0.9390740222308407,0.45259571075439453,-0.6763820052146912,0.9017143845558167,0.049952114997722674
-0.17732044671505326,0.04165915247556625,-0.09903157905510618,0.9838202048990984,0.4582446217536926,-0.6768805384635925,0.8950846791267395,0.04999100499844644
-0.16139884622476544,0.03758568225282159,-0.19787458695325358,1.0326533570323477,0.49107474088668823,-0.6786914467811584,0.9778836369514465,0.04993759000353748
-0.16139884622476544,0.03758568225282159,-0.19787458695325358,1.0815444658190452,0.49870362877845764,-0.6781243681907654,0.9767577052116394,0.05005448999872897
-0.16139884622476544,0.03758568225282159,-0.19787458695325358,1.130401548592926,0.5063031911849976,-0.6774954199790955,0.9756154417991638,0.05007821799517842
-0.13443667306441312,0.01741229552088392,-0.2868273409443061,1.1802522525958186,0.5031560659408569,-0.6736080646514893,1.0,0.0498507040028926
-0.13443667306441312,0.01741229552088392,-0.2868273409443061,1.230311644596367,0.5114961266517639,-0.6731783151626587,1.0,0.05005939200054854
-0.13443667306441312,0.01741229552088392,-0.2868273409443061,1.2803074005986848,0.5196776390075684,-0.6728629469871521,1.0,0.04999575600231765
-0.10761008394308202,0.0010050785894934343,-0.3780441936729951,1.3307527335982006,0.4801947772502899,-0.5927788615226746,1.0,0.05044533299951581
-0.10761008394308202,0.0010050785894934343,-0.3780441936729951,1.380315859596448,0.490685373544693,-0.5924453735351562,1.0,0.049563125998247415
-0.07205892616093547,-0.019864297323171735,-0.4646750878284605,1.4303164725987874,0.4246234893798828,-0.3902171552181244,1.0,0.05000061300233938
-0.07205892616093547,-0.019864297323171735,-0.4646750878284605,1.4803253275949093,0.4355998933315277,-0.3883926272392273,1.0,0.050008854996121954
-0.07205892616093547,-0.019864297323171735,-0.4646750878284605,1.5305334635976753,0.44641926884651184,-0.387314110994339,1.0,0.05020813600276597
-0.044347691192699316,-0.042234968436506204,-0.5453444883280804,1.580040451402609,0.3900875151157379,0.26353999972343445,0.9939783215522766,0.04980690899537876
-0.044347691192699316,-0.042234968436506204,-0.5453444883280804,1.6297863453428825,0.40025201439857483,0.2205803394317627,0.9948984980583191,0.05000097400625236
-0.010221916386488747,-0.06415266002089319,-0.6355643768694009,1.676668774757442,0.27461159229278564,0.6987491250038147,0.9363715648651123,0.05006818999390816
-0.010221916386488747,-0.06415266002089319,-0.6355643768694009,1.7233897042048967,0.2827256917953491,0.7003268003463745,0.9353163242340088,0.04995200900157215
-0.010221916386488747,-0.06415266002089319,-0.6355643768694009,1.7700306484738062,0.290811687707901,0.7018988728523254,0.9342646598815918,0.049922625003091525
0.020919350707829937,-0.09469188331388477,-0.7063390261607645,1.8145332843511097,0.18298529088497162,0.6638907194137573,0.8908164501190186,0.04995713300013449
0.020919350707829937,-0.09469188331388477,-0.7063390261607645,1.8590104346095042,0.1894768923521042,0.6647484302520752,0.88821941614151,0.05007450799894286
0.020919350707829937,-0.09469188331388477,-0.7063390261607645,1.903298005973837,0.1959243267774582,0.6655834317207336,0.8855799436569214,0.0500096819960163
0.039536437837761756,-0.11461627876289324,-0.755913301939599,1.9475357962638984,0.13418793678283691,0.6577380895614624,0.8840996623039246,0.050037108005199116
0.039536437837761756,-0.11461627876289324,-0.755913301939599,1.9917146497250902,0.14042511582374573,0.6580357551574707,0.8807530403137207,0.05016031899867812
0.05097021670548477,-0.12471512171826715,-0.7300394741212387,2.0359027255100353,0.1141962856054306,0.65860515832901,0.8880026340484619,0.04976119899947662
0.05097021670548477,-0.12471512171826715,-0.7300394741212387,2.080157154383388,0.12049470841884613,0.6587915420532227,0.8845641016960144,0.05002964600134874
0.05097021670548477,-0.12471512171826715,-0.7300394741212387,2.1242693041255474,0.12676039338111877,0.6590515375137329,0.8813008666038513,0.05005345099925762
0.061343721620078034,-0.13660860323989585,-0.6712209570102382,2.1690213696108693,0.10093314945697784,0.6611606478691101,0.8939130306243896,0.05006310899625532
0.061343721620078034,-0.13660860323989585,-0.6712209570102382,2.2134199093642173,0.10679115355014801,0.6609750986099243,0.8900119662284851,0.04988532900460996
0.061343721620078034,-0.13660860323989585,-0.6712209570102382,2.257854965393699,0.11260241270065308,0.6607909798622131,0.886141836643219,0.0501444059991627
0.06890994738097608,-0.14593015601419135,-0.6066392851710181,2.3027290085324896,0.08652228116989136,0.6635223031044006,0.9007073044776917,0.04982089399709366
0.06890994738097608,-0.14593015601419135,-0.6066392851710181,2.3476152698205435,0.09277687966823578,0.6634848713874817,0.8971460461616516,0.050032279003062285
0.07456673615858751,-0.14700150998691525,-0.5408299679842569,2.3929644399366894,0.10048146545886993,0.6670426726341248,0.9051184058189392,0.05010302500159014
0.07456673615858751,-0.14700150998691525,-0.5408299679842569,2.437985948999322,0.10659073293209076,0.6671550869941711,0.9019903540611267,0.049913514994841535
0.07456673615858751,-0.14700150998691525,-0.5408299679842569,2.4830286704937365,0.11270982027053833,0.6672461628913879,0.8987522125244141,0.05011695199937094
0.08283609625495804,-0.1514746377163629,-0.470499677541147,2.5287393861043594,0.08370126783847809,0.6706202626228333,0.9163381457328796,0.04988411300291773
0.08283609625495804,-0.1514746377163629,-0.470499677541147,2.574369040226069,0.0928126871585846,0.6709920167922974,0.9129202365875244,0.04998208199685905
0.09281428375673784,-0.15440911994725062,-0.39107721647319516,2.620757921497736,0.08045101165771484,0.6742523312568665,0.9293892979621887,0.04991329400218092
0.09281428375673784,-0.15440911994725062,-0.39107721647319516,2.667128889568744,0.0909181535243988,0.6747832894325256,0.9258199334144592,0.05008637900027679
0.09281428375673784,-0.15440911994725062,-0.39107721647319516,2.7132859048841813,0.10131514072418213,0.6755209565162659,0.9227085709571838,0.05002339500060771
0.1044004308567403,-0.1631748654312824,-0.313833939965881,2.760478289731617,0.07121743261814117,0.6817947030067444,0.944203794002533,0.04998114299814915
0.1044004308567403,-0.1631748654312824,-0.313833939965881,2.807786391997753,0.08094339072704315,0.6820657253265381,0.9413596987724304,0.050255075002496596
0.1044004308567403,-0.1631748654312824,-0.313833939965881,2.8545317929978657,0.08928926289081573,0.6834376454353333,0.9394863247871399,0.049756339998566546
0.1151316254362674,-0.1652419426336194,-0.24294892716596864,2.9022698291381843,0.08045823872089386,0.6896491050720215,0.954754650592804,0.05000031799863791
0.1151316254362674,-0.1652419426336194,-0.24294892716596864,2.9499359891097248,0.09040269255638123,0.6904357075691223,0.9531036615371704,0.05001151699980255
0.13116692638380392,-0.16996232723019725,-0.17295906906078073,2.998498482533637,0.06981883943080902,0.6947194337844849,0.9716558456420898,0.04997910900419811
0.13116692638380392,-0.16996232723019725,-0.17295906906078073,3.047229481135533,0.080860435962677,0.6955940127372742,0.9700503945350647,0.05023553299542982
0.13116692638380392,-0.16996232723019725,-0.17295906906078073,3.0954361714682195,0.09190322458744049,0.696449875831604,0.9685699343681335,0.04977099600364454
0.143166655710245,-0.16959704837703915,-0.10630825993370527,3.1443907736386287,0.10669398307800293,0.6968346238136292,0.9793679118156433,0.04998591599724023
0.143166655710245,-0.16959704837703915,-0.10630825993370527,3.1932888662979177,0.11774075031280518,0.6976668834686279,0.9780437350273132,0.04999581399897579
0.143166655710245,-0.16959704837703915,-0.10630825993370527,3.2421391134564894,0.12877477705478668,0.6984979510307312,0.9767211079597473,0.050014530002954416
0.16292526878279315,-0.16788562201933668,-0.029363526856312317,3.291811075137829,0.12812373042106628,0.6999183297157288,0.9934868812561035,0.04999760200007586
0.16292526878279315,-0.16788562201933668,-0.029363526856312317,3.34142115022854,0.13903677463531494,0.7004291415214539,0.9919202923774719,0.05001417500170646
0.179054718675958,-0.1667749133035986,0.05295843295435759,3.391359883226811,0.14568687975406647,0.7022472620010376,1.0,0.04993873299827101
0.179054718675958,-0.1667749133035986,0.05295843295435759,3.4413941882275467,0.1590588241815567,0.701330840587616,1.0,0.05003430500073591
0.19493633285988946,-0.1654866438344267,0.13353462398800608,3.4912952252242904,0.19523245096206665,0.697292149066925,1.0,0.04990103699674364
0.19493633285988946,-0.1654866438344267,0.13353462398800608,3.5414632392248095,0.2080959677696228,0.6963276267051697,1.0,0.05016801400051918
0.19493633285988946,-0.1654866438344267,0.13353462398800608,3.591461698702811,0.22070570290088654,0.6954962611198425,0.9968721270561218,0.05015533900586888
0.19493633285988946,-0.1654866438344267,0.13353462398800608,3.640911921831546,0.23327288031578064,0.6946679353713989,0.9934485554695129,0.049776329993619584
0.19493633285988946,-0.1654866438344267,0.13353462398800608,3.6904751303332404,0.2456437349319458,0.6936871409416199,0.9898237586021423,0.05007276100513991
0.20465425899941841,-0.16181432527804002,0.2036736474478253,3.7400207222471953,0.27343636751174927,0.6888599991798401,0.9910089373588562,0.04999510099878535
0.21407520441171404,-0.1585543748552098,0.2829013296991302,3.7894649693130673,0.3048560619354248,0.6820623874664307,0.9899950623512268,0.049943933001486585
0.21407520441171404,-0.1585543748552098,0.2829013296991302,3.838753400614391,0.3166504204273224,0.6805930137634277,0.9855385422706604,0.0500116729963338
0.21407520441171404,-0.1585543748552098,0.2829013296991302,3.8878700110737103,0.3428204655647278,0.6988701224327087,0.982721209526062,0.04998020800121594
0.2243850059960212,-0.15601706003205057,0.3559919662220685,3.9371582919829002,0.3479121923446655,0.6946588158607483,0.9855467677116394,0.050011102997814305
0.2243850059960212,-0.15601706003205057,0.3559919662220685,3.9863364951664417,0.3538389801979065,0.6939550042152405,0.983479917049408,0.05000427800405305
0.2243850059960212,-0.15601706003205057,0.3559919662220685,4.0353876887801245,0.3602715730667114,0.69318026304245,0.9811933636665344,0.04999136299738893
0.23594939782076033,-0.14811671005654709,0.42955821869353206,4.084538909610012,0.35953807830810547,0.6890481114387512,0.9826980233192444,0.05001660699781496
0.23594939782076033,-0.14811671005654709,0.42955821869353206,4.133508303797588,0.3668351173400879,0.6878893971443176,0.9800024628639221,0.049968644001637585
0.24983315587406962,-0.13812280792577156,0.5043690215677479,4.182625194848222,0.3618829846382141,0.6839191317558289,0.980804979801178,0.05007814199780114
0.24983315587406962,-0.13812280792577156,0.5043690215677479,4.231469171411679,0.369198203086853,0.6827707290649414,0.9780905246734619,0.04993809400184546
0.24983315587406962,-0.13812280792577156,0.5043690215677479,4.280293654723862,0.37725159525871277,0.6810792684555054,0.975100576877594,0.05007122800452635
0.2636502189335736,-0.1260318578019797,0.5699232890785888,4.328896767006114,0.37240758538246155,0.6747379302978516,0.9736349582672119,0.04991923499619588
0.2636502189335736,-0.1260318578019797,0.5699232890785888,4.378029845201853,0.3814137578010559,0.6731501221656799,0.9708544015884399,0.05060808100097347
0.2811558472104637,-0.10853795191908719,0.6537271097100146,4.426612493630998,0.3775092363357544,0.6550332307815552,0.9833845496177673,0.0494035099982284
0.2811558472104637,-0.10853795191908719,0.6537271097100146,4.475984895947168,0.38601458072662354,0.6464939117431641,0.9862226843833923,0.05006212399894139
0.2811558472104637,-0.10853795191908719,0.6537271097100146,4.525328497393102,0.3896791636943817,0.6330848336219788,0.9883372783660889,0.04992587300512241
0.3039825710230152,-0.08568405701647207,0.738783261981549,4.575269774970483,0.3256457448005676,0.1583598107099533,0.9963275790214539,0.05012535899732029
0.3039825710230152,-0.08568405701647207,0.738783261981549,4.624853789676989,0.32791006565093994,0.0799560695886612,0.9940288662910461,0.04988186599803157
0.3213074871262743,-0.06696277851089796,0.8335998324371044,4.673459953644782,0.24624089896678925,-0.495711088180542,0.9743803143501282,0.04988418100401759
0.3213074871262743,-0.06696277851089796,0.8335998324371044,4.721834796538333,0.24741044640541077,-0.5139608383178711,0.9606737494468689,0.05035512099857442
0.3213074871262743,-0.06696277851089796,0.8335998324371044,4.769363082263203,0.24772295355796814,-0.5313602089881897,0.9463564157485962,0.050222395002492703
0.33367527733786995,-0.04340553521876246,0.9237928904440854,4.812075376929516,0.12304660677909851,-0.7016647458076477,0.8564645648002625,0.04987047499889741
0.33367527733786995,-0.04340553521876246,0.9237928904440854,4.853910309143839,0.12217147648334503,-0.7048196196556091,0.8391239643096924,0.04985548499826109
0.33367527733786995,-0.04340553521876246,0.9237928904440854,4.895070691166856,0.12248130142688751,-0.7076777815818787,0.8234869837760925,0.04998303899628809
0.3421653635754933,-0.02180868172611872,0.9961386544743268,4.930825325034812,0.0619535818696022,-0.7344330549240112,0.7139564156532288,0.05007957500492921
0.3421653635754933,-0.02180868172611872,0.9961386544743268,4.965703444848648,0.062188394367694855,-0.7348037362098694,0.698666512966156,0.04992098399816314
0.3515835140167808,0.0034200449868428515,1.0338601827078078,4.997264709670038,0.027876712381839752,-0.725504457950592,0.632798433303833,0.04987570000230335
0.3515835140167808,0.0034200449868428515,1.0338601827078078,5.028493914757784,0.02860647439956665,-0.723960280418396,0.6228041648864746,0.05014289699465735
0.3515835140167808,0.0034200449868428515,1.0338601827078078,5.059357966922523,0.029718637466430664,-0.7226213812828064,0.6150118708610535,0.05018448200280545
0.358876526107628,0.02427510045809741,0.9963618822993205,5.091020088675646,0.010611146688461304,-0.704556405544281,0.6352959275245667,0.04983838299813215
0.358876526107628,0.02427510045809741,0.9963618822993205,5.122436781422939,0.01181495189666748,-0.7031702995300293,0.627274751663208,0.05008442100370303
0.358876526107628,0.02427510045809741,0.9963618822993205,5.153099783860158,0.013307511806488037,-0.7013856768608093,0.6170478463172913,0.04969307099963771
0.3646621184465627,0.03937538522306938,0.9269701810430557,5.187478102790468,0.01,-0.6895490884780884,0.6840457320213318,0.050257340000825934
0.3646621184465627,0.03937538522306938,0.9269701810430557,5.221210217286216,0.01,-0.6880781650543213,0.6755892634391785,0.049929914996027946
0.36800865245896147,0.04352598177905088,0.8584087935034492,5.258798118688315,0.01,-0.6856833696365356,0.7489698529243469,0.050186134001705796
0.36800865245896147,0.04352598177905088,0.8584087935034492,5.2956544748226975,0.010393887758255005,-0.6838739514350891,0.7406598925590515,0.049761512003897224
0.36800865245896147,0.04352598177905088,0.8584087935034492,5.332394288535805,0.012967295944690704,-0.6847212314605713,0.7319445013999939,0.050194807998195756
0.36596138005910495,0.04024406470757702,0.7929688725828148,5.371390650690581,0.024125322699546814,-0.6831737160682678,0.7849246859550476,0.04968166099570226
0.36596138005910495,0.04024406470757702,0.7929688725828148,5.410399226216277,0.026367031037807465,-0.6822962760925293,0.7756745219230652,0.050289876002352685
0.3598855594972786,0.032398985680848036,0.7069027153458672,5.452019100278146,0.07116767019033432,-0.683373212814331,0.835965633392334,0.049786584997491445
0.3598855594972786,0.032398985680848036,0.7069027153458672,5.493527001085795,0.07586134970188141,-0.6812198162078857,0.830112874507904,0.05000271900644293
0.3598855594972786,0.032398985680848036,0.7069027153458672,5.534758064602908,0.08134445548057556,-0.6810758709907532,0.8208433389663696,0.05023012499441393
0.35432265743311886,0.026848507751049192,0.6275015950416766,5.578020065542032,0.12206096947193146,-0.683444082736969,0.8694304823875427,0.04975901100260671
0.35432265743311886,0.026848507751049192,0.6275015950416766,5.621494789663696,0.1272290199995041,-0.6823136806488037,0.8634797930717468,0.05034828199859476
0.35432265743311886,0.026848507751049192,0.6275015950416766,5.664378075241655,0.13307687640190125,-0.6841048002243042,0.8581913709640503,0.049969373998465016
0.3497100897414156,0.020750875190044767,0.5514545673243384,5.709487377117824,0.1721346527338028,-0.6831901669502258,0.9033088684082031,0.04993784900580067
0.3497100897414156,0.020750875190044767,0.5514545673243384,5.754252489958448,0.17762315273284912,-0.6822924017906189,0.8980462551116943,0.049847223999677226
0.3497100897414156,0.020750875190044767,0.5514545673243384,5.798737166329396,0.18341009318828583,-0.6827051043510437,0.8929799795150757,0.04981598399899667
0.34905366912500874,0.019048699408056147,0.48003264038781274,5.845636085522898,0.2109920084476471,-0.6822892427444458,0.937796413898468,0.05000970199762378
0.34905366912500874,0.019048699408056147,0.48003264038781274,5.892370725628267,0.21782954037189484,-0.6818506717681885,0.9346703886985779,0.05000119900068967
0.34506508434885924,0.016738299966752117,0.4171517869824021,5.9404286850808745,0.24673518538475037,-0.6846203207969666,0.9578619599342346,0.05017211400263477
0.34506508434885924,0.016738299966752117,0.4171517869824021,5.988025584601935,0.2537417709827423,-0.6841710209846497,0.9546588063240051,0.04985749799379846
0.3437658639083866,0.01637708042951195,0.3490551449390828,6.036583810473824,0.27703994512557983,-0.6862138509750366,0.9734872579574585,0.049880700003996026
0.3437658639083866,0.01637708042951195,0.3490551449390828,6.085320861952453,0.28491491079330444,-0.6860938668251038,0.9723467230796814,0.05012311999598751
0.3437658639083866,0.01637708042951195,0.3490551449390828,6.13390267340867,0.29363054037094116,-0.6856165528297424,0.9712245464324951,0.05002119400160154
0.34887410485835535,0.01838064934673888,0.2777769569174517,6.182938478429729,0.31103360652923584,-0.6839941143989563,0.9819685816764832,0.04993622600159142
0.34887410485835535,0.01838064934673888,0.2777769569174517,6.2320085945878825,0.31987905502319336,-0.6834862232208252,0.9807035326957703,0.050035626998578664
0.3610767875419329,0.018899658969927884,0.2003957844034858,6.281672203956532,0.34022659063339233,-0.6764172911643982,0.9957248568534851,0.04987683999934234
0.3610767875419329,0.018899658969927884,0.2003957844034858,6.331544968896575,0.3481253981590271,-0.6763765811920166,0.9951962828636169,0.05011349599953974
0.3610767875419329,0.018899658969927884,0.2003957844034858,6.3812494026446505,0.3561221659183502,-0.6762407422065735,0.9945517182350159,0.0499767210058053
0.3688397240327069,0.021088533953032274,0.1356206192047899,6.431491209640123,0.37731677293777466,-0.6634477972984314,1.0,0.05024180699547287
0.3688397240327069,0.021088533953032274,0.1356206192047899,6.481322000313552,0.38449880480766296,-0.6627456545829773,0.9997445940971375,0.049843521002912894
0.3688397240327069,0.021088533953032274,0.1356206192047899,6.531235797454236,0.39152777194976807,-0.6620661616325378,0.9992299675941467,0.04995226200117031
0.3771945337658167,0.020449859470240563,0.05882504636885222,6.581248745453002,0.41209501028060913,-0.6362494826316833,1.0,0.05001294799876632
0.3771945337658167,0.020449859470240563,0.05882504636885222,6.631291563455114,0.4183916449546814,-0.6330281496047974,1.0,0.050042818002111744
0.3771945337658167,0.020449859470240563,0.05882504636885222,6.681201581450103,0.42512190341949463,-0.6313182711601257,1.0,0.049910017994989175
0.39017138579869554,0.021704411682986924,-0.01577473478096495,6.731224384449695,0.42949244379997253,-0.5989485383033752,1.0,0.050022802999592386
0.39017138579869554,0.021704411682986924,-0.01577473478096495,6.781315274449105,0.4372169077396393,-0.5982794165611267,1.0,0.05009088999941014
0.411393379180603,0.02308575502644149,-0.09313311885191135,6.831200520449591,0.4087757170200348,-0.48561403155326843,1.0,0.049885246000485495
0.411393379180603,0.02308575502644149,-0.09313311885191135,6.881203272452502,0.41642820835113525,-0.4874819219112396,1.0,0.05000275200291071
0.411393379180603,0.02308575502644149,-0.09313311885191135,6.9312630044512735,0.42418384552001953,-0.48894432187080383,1.0,0.050059731998771895
0.43842123665123905,0.01957954051814955,-0.17830704586673563,6.981185146454471,0.3765757381916046,-0.19770318269729614,1.0,0.04992214200319722
0.43842123665123905,0.01957954051814955,-0.17830704586673563,7.03125859245464,0.38354671001434326,-0.2108103185892105,1.0,0.0500734460001695
0.46518283824042556,0.012698094616006808,-0.2509603806688232,7.08018406495925,0.3332653045654297,0.5645079612731934,0.9809321761131287,0.049876508994202595
0.46518283824042556,0.012698094616006808,-0.2509603806688232,7.129407862101097,0.3411599397659302,0.5236203670501709,0.9805862903594971,0.05019833300320897
0.46518283824042556,0.012698094616006808,-0.2509603806688232,7.17833491197885,0.3479596674442291,0.4730001389980316,0.9812443256378174,0.04986225000175182
0.4912338185810188,0.00455569003111402,-0.3356006439998327,7.225607084625522,0.22308149933815002,0.705444872379303,0.9389848709106445,0.05034391299705021
0.4912338185810188,0.00455569003111402,-0.3356006439998327,7.272214397811636,0.2300470471382141,0.7072385549545288,0.9383798837661743,0.049667851999402046
0.4912338185810188,0.00455569003111402,-0.3356006439998327,7.319118363686827,0.23636582493782043,0.7088983654975891,0.9377359747886658,0.05001830700348364
0.5245443710407618,-0.008197519527155079,-0.4086358513106304,7.366758372296069,0.24907676875591278,0.701813817024231,0.9530544281005859,0.04998666099709226
0.5245443710407618,-0.008197519527155079,-0.4086358513106304,7.414579904337103,0.25761812925338745,0.7023199200630188,0.9565892815589905,0.049991708001471125
0.554740657577489,-0.02150937000540708,-0.46560734176098834,7.460898731176175,0.18648210167884827,0.6765736937522888,0.9264625310897827,0.04999535899696639
0.554740657577489,-0.02150937000540708,-0.46560734176098834,7.507241998050037,0.19470608234405518,0.6779508590698242,0.9253953099250793,0.05007942700467538
0.554740657577489,-0.02150937000540708,-0.46560734176098834,7.553601343877241,0.20340868830680847,0.6794756650924683,0.9244391322135925,0.05014861899690004
0.5782670503720575,-0.03466564391091178,-0.4569752075541368,7.599003091785756,0.14480721950531006,0.6615132093429565,0.9121902585029602,0.04977223499736283
0.5782670503720575,-0.03466564391091178,-0.4569752075541368,7.644561481563935,0.15327481925487518,0.6630144715309143,0.9112647175788879,0.049994682005490176
0.6009056069747308,-0.044662614862726026,-0.41031165460878644,7.690729541277236,0.08911296725273132,0.6604582667350769,0.924367368221283,0.04994557499594521
0.6009056069747308,-0.044662614862726026,-0.41031165460878644,7.736884301056468,0.09715858101844788,0.6602354645729065,0.922030508518219,0.05005773599987151
0.6009056069747308,-0.044662614862726026,-0.41031165460878644,7.782859879878813,0.10630333423614502,0.6606002449989319,0.9190389513969421,0.050025713004288264
0.6133682366868093,-0.048801661768793615,-0.35164424215649387,7.829418810344875,0.07764461636543274,0.6650051474571228,0.931331217288971,0.04999180699815042
0.6133682366868093,-0.048801661768793615,-0.35164424215649387,7.875894952728227,0.08749741315841675,0.6643993258476257,0.928577184677124,0.050050919999193866
0.6213123158391156,-0.048520288329806614,-0.2827633948758142,7.92252882783852,0.0957968533039093,0.6683332920074463,0.9351305365562439,0.04986884000391001
0.6213123158391156,-0.048520288329806614,-0.2827633948758142,7.969275967214999,0.10562503337860107,0.6677361130714417,0.9324066042900085,0.050136001998907886
0.6213123158391156,-0.048520288329806614,-0.2827633948758142,8.015703846299933,0.11510340869426727,0.6679139733314514,0.9292660355567932,0.0499618809990352
0.6325845853885023,-0.051027382589428544,-0.21403107658118947,8.062647776733582,0.10149228572845459,0.6700984239578247,0.94001704454422,0.04993944599846145
0.6325845853885023,-0.051027382589428544,-0.21403107658118947,8.109589000368688,0.1114223450422287,0.6693825125694275,0.9372884631156921,0.05008193899993785
0.6325845853885023,-0.051027382589428544,-0.21403107658118947,8.156263788884663,0.12096045911312103,0.6694801449775696,0.9341305494308472,0.04996602299797814
0.6438452148705223,-0.05247206522062134,-0.13450935002335113,8.203943870951894,0.07002739608287811,0.6751065850257874,0.9538272023200989,0.04998817600426264
0.6438452148705223,-0.05247206522062134,-0.13450935002335113,8.251526447030617,0.0802139937877655,0.6744922995567322,0.9512829184532166,0.05001937400083989
0.6621084378237237,-0.052460134787946776,-0.04831963487247993,8.299846238260717,0.06969690322875977,0.6784073710441589,0.9651438593864441,0.05006485899502877
0.6621084378237237,-0.052460134787946776,-0.04831963487247993,8.347896872907217,0.07966466248035431,0.6777718663215637,0.9625068306922913,0.04992238300474128
0.6621084378237237,-0.052460134787946776,-0.04831963487247993,8.395857005400503,0.08857789635658264,0.6770430207252502,0.9594180583953857,0.049988774000667036
0.6784289344753559,-0.05113433492002877,0.030438549641785773,8.444760060843036,0.038096919655799866,0.6834654211997986,0.9789867997169495,0.04995272199448664
0.6784289344753559,-0.05113433492002877,0.030438549641785773,8.493602825433818,0.046409085392951965,0.6828460097312927,0.976038932800293,0.05004182000266155
0.6862088804157183,-0.04701004253598664,0.10123103810288402,8.542984883950405,0.033532947301864624,0.6879313588142395,0.9898187518119812,0.04989000099885743
0.6862088804157183,-0.04701004253598664,0.10123103810288402,8.592437793442372,0.04154500365257263,0.6873390674591064,0.9869232773780823,0.05010816000140039
0.6862088804157183,-0.04701004253598664,0.10123103810288402,8.641678071576582,0.049769461154937744,0.6867867112159729,0.9842103123664856,0.050030239995976444
0.6877578380860734,-0.04344556461607046,0.15956265575232625,8.690904656212155,0.08342881500720978,0.6869459748268127,0.9855095744132996,0.04995038700144505
0.6877578380860734,-0.04344556461607046,0.15956265575232625,8.74012132359937,0.09318746626377106,0.6866311430931091,0.9828658699989319,0.050074653001502156
0.6877578380860734,-0.04344556461607046,0.15956265575232625,8.789078629431229,0.10323439538478851,0.6861291527748108,0.9800664186477661,0.04995304899784969
0.6897408533858636,-0.04154469023413207,0.22351330326798505,8.838612759979002,0.13321737945079803,0.6898608207702637,0.9873024821281433,0.050171180002507754
0.6897408533858636,-0.04154469023413207,0.22351330326798505,8.887832517954413,0.14279401302337646,0.6895893812179565,0.9845579266548157,0.04999173399846768
0.6897408533858636,-0.04154469023413207,0.22351330326798505,8.936853929270992,0.15209268033504486,0.6895065307617188,0.9821577668190002,0.049911952002730686
0.6980093752549745,-0.039425157004746886,0.2882672889121541,8.986516551234454,0.15709827840328217,0.6942094564437866,0.9948663711547852,0.04991888700169511
0.6980093752549745,-0.039425157004746886,0.2882672889121541,9.036144042763599,0.16684304177761078,0.6941416263580322,0.9921897649765015,0.050018144997011404
0.7057148365846645,-0.03338147838651191,0.3522748457010324,9.086313177763632,0.1730775535106659,0.6983609199523926,1.0,0.05016913500003284
0.7057148365846645,-0.03338147838651191,0.3522748457010324,9.136138554558919,0.18401454389095306,0.6978817582130432,0.9998764395713806,0.04983153400098672
0.7057148365846645,-0.03338147838651191,0.3522748457010324,9.185906020400234,0.1960921287536621,0.6968390345573425,0.9957868456840515,0.04997803099831799
0.7149363731860561,-0.029811997454592298,0.4234759770565389,9.235845939047397,0.2160712331533432,0.6951886415481567,0.9982714653015137,0.050026390999846626
0.7149363731860561,-0.029811997454592298,0.4234759770565389,9.285557473361482,0.22916604578495026,0.6943679451942444,0.9943572878837585,0.0499936339983833
0.7220712584914843,-0.02377422436159296,0.49244957949493884,9.335178729910433,0.2593056261539459,0.6904615163803101,0.9931592345237732,0.049963042001763824
0.7220712584914843,-0.02377422436159296,0.49244957949493884,9.384659003076093,0.27231112122535706,0.6894670128822327,0.989098846912384,0.05002560999855632
0.7220712584914843,-0.02377422436159296,0.49244957949493884,9.434204168426064,0.31382960081100464,0.7048452496528625,0.9893441796302795,0.05007879600452725
0.7321377506473877,-0.014690658356021971,0.5666374887549763,9.4841307544241,0.3243361711502075,0.702415943145752,1.0,0.0499265859980369
0.7321377506473877,-0.014690658356021971,0.5666374887549763,9.534195983423402,0.3303018808364868,0.7025244235992432,1.0,0.050065228999301326
0.7321377506473877,-0.014690658356021971,0.5666374887549763,9.584177129426521,0.3360831141471863,0.7025315165519714,1.0,0.04998114600311965
0.7416965352095037,-0.004546544084033225,0.6441293421167348,9.634297627422043,0.34861111640930176,0.6991838812828064,1.0,0.05012049799552187
0.7416965352095037,-0.004546544084033225,0.6441293421167348,9.684323384424047,0.35557737946510315,0.6988467574119568,1.0,0.05002575700200396
0.7543535358713661,0.010834805553772473,0.7210368496743557,9.734142292426682,0.362113356590271,0.6942906975746155,1.0,0.049818908002635
0.7543535358713661,0.010834805553772473,0.7210368496743557,9.78429316042208,0.3694304823875427,0.6939799189567566,1.0,0.050150867995398585
0.7543535358713661,0.010834805553772473,0.7210368496743557,9.83428771242076,0.377008318901062,0.693680465221405,1.0,0.049994551998679526
0.7691553625499689,0.025671531968729892,0.7840442102330277,9.884218225420469,0.3723721504211426,0.6857081055641174,1.0,0.0499305129997083
0.7691553625499689,0.025671531968729892,0.7840442102330277,9.934247094422304,0.37967056035995483,0.6835640072822571,1.0,0.05002886900183512
0.7691553625499689,0.025671531968729892,0.7840442102330277,9.984123199426236,0.3871508240699768,0.6819695830345154,1.0,0.049876105003932025
0.7845212156220982,0.044023967161573356,0.8619705228303627,10.03412861942094,0.36011558771133423,0.6340453028678894,1.0,0.050005419994704425
0.7845212156220982,0.044023967161573356,0.8619705228303627,10.084105914427042,0.3693900406360626,0.6330735087394714,1.0,0.049977295006101485
0.8028154426088091,0.07198140380496652,0.9461114478356546,10.13410805442733,0.3172808587551117,0.5147446393966675,1.0,0.05000214000028791
0.8028154426088091,0.07198140380496652,0.9461114478356546,10.184117802423557,0.32655173540115356,0.5142591595649719,1.0,0.050009747996227816
0.8028154426088091,0.07198140380496652,0.9461114478356546,10.234105821427207,0.3358239233493805,0.5137733817100525,1.0,0.04998801900364924
0.8159155591875389,0.10204189576078057,1.0353491802652708,10.284109048426458,0.2931429147720337,-0.15884387493133545,1.0,0.05000322699925164
0.8159155591875389,0.10204189576078057,1.0353491802652708,10.334270835422345,0.30204564332962036,-0.09960620105266571,1.0,0.05016178699588636
0.8270696061125108,0.1283839888857935,1.1245500325252953,10.383215804119194,0.18324702978134155,-0.6981622576713562,0.9814483523368835,0.04987014200014528
0.8270696061125108,0.1283839888857935,1.1245500325252953,10.432533293793071,0.19259805977344513,-0.6963581442832947,0.9856452345848083,0.05003574099828256
0.8270696061125108,0.1283839888857935,1.1245500325252953,10.481877519857235,0.2049085795879364,-0.6904134750366211,0.9876761436462402,0.04995992500334978
0.8330386667921389,0.1505204921663835,1.1964739884495663,10.529106404328635,0.16565576195716858,-0.6830816268920898,0.9446773529052734,0.04999472499912372
0.8330386667921389,0.1505204921663835,1.1964739884495663,10.576348783707235,0.1728508472442627,-0.6846668720245361,0.9443857073783875,0.050024454001686536
0.8330386667921389,0.1505204921663835,1.1964739884495663,10.62352773414231,0.18003281950950623,-0.6862497925758362,0.9440888166427612,0.049973000001045875
0.8352440660990159,0.1730352256702483,1.2549898676847997,10.669013510991611,0.14550897479057312,-0.6666104197502136,0.9083198308944702,0.05007682900031796
0.8352440660990159,0.1730352256702483,1.2549898676847997,10.714339952407853,0.15163451433181763,-0.6681145429611206,0.9078896641731262,0.04992505499831168
0.8342621934360748,0.18875047904699022,1.2426198408336235,10.758753160544641,0.13365262746810913,-0.6565444469451904,0.8879323601722717,0.05001868399995146
0.8342621934360748,0.18875047904699022,1.2426198408336235,10.803013768092642,0.13948242366313934,-0.6572858691215515,0.8856481909751892,0.0499753830008558
0.8342621934360748,0.18875047904699022,1.2426198408336235,10.847160400644535,0.14487433433532715,-0.6577586531639099,0.8828449845314026,0.05000496499997098
0.8345126627728405,0.19943903796038948,1.1930199477532037,10.89108010988889,0.13036754727363586,-0.6527271866798401,0.8792679309844971,0.04995031400176231
0.8345126627728405,0.19943903796038948,1.1930199477532037,10.934944776153877,0.1362566202878952,-0.653286874294281,0.876420795917511,0.050049777993990574
0.8342657297437329,0.20288467334684263,1.1347591185937334,10.978728186729604,0.13793188333511353,-0.6527579426765442,0.8768603205680847,0.049932024005101994
0.8342657297437329,0.20288467334684263,1.1347591185937334,11.022479012506114,0.14398328959941864,-0.6533380150794983,0.8739894032478333,0.05005875999631826
0.8342657297437329,0.20288467334684263,1.1347591185937334,11.066177926924107,0.1500302404165268,-0.6539173126220703,0.8711207509040833,0.05016401500324719
0.8324302236652509,0.20119179307106427,1.0737997925879836,11.109745919335287,0.16302411258220673,-0.6569867730140686,0.87430340051651,0.04983166299643926
0.8324302236652509,0.20119179307106427,1.0737997925879836,11.153532045185097,0.1684492975473404,-0.6575891375541687,0.8716387152671814,0.0502342600011616
0.8324302236652509,0.20119179307106427,1.0737997925879836,11.196892809759207,0.17390140891075134,-0.6581944823265076,0.8689607381820679,0.04989956699864706
0.8311735875837248,0.20173226229143662,0.9974402122921084,11.240554174096854,0.18204577267169952,-0.6602646112442017,0.8730852007865906,0.05000813700462459
0.8311735875837248,0.20173226229143662,0.9974402122921084,11.284123473546607,0.18808536231517792,-0.6610965132713318,0.8706399202346802,0.050042845999996644
0.8311735875837248,0.20173226229143662,0.9974402122921084,11.327444322163695,0.19458165764808655,-0.6620344519615173,0.868196427822113,0.0498975199952838
0.8320652157626173,0.20119119853048947,0.9116926967633334,11.371191646693813,0.20193932950496674,-0.664555013179779,0.8752437233924866,0.04998301999876276
0.8320652157626173,0.20119119853048947,0.9116926967633334,11.414905651407537,0.20830824971199036,-0.665471613407135,0.8729279637336731,0.050077448002411984
0.8343330638927264,0.20217660806579427,0.8257623627487315,11.45888976013139,0.21048027276992798,-0.6674506664276123,0.8819249272346497,0.04987284899834776
0.8343330638927264,0.20217660806579427,0.8257623627487315,11.502844154123474,0.21695289015769958,-0.6680335998535156,0.8792221546173096,0.04999236400180962
0.8343330638927264,0.20217660806579427,0.8257623627487315,11.546697068119574,0.2234623283147812,-0.6690834164619446,0.8771681189537048,0.04999373899772763
0.8326266834547777,0.19918387882045846,0.7407129642835079,11.591107278145682,0.24186263978481293,-0.675147533416748,0.8878448009490967,0.050020239999867044
0.8326266834547777,0.19918387882045846,0.7407129642835079,11.635411572897707,0.2499513328075409,-0.6766143441200256,0.8859747052192688,0.050006274999759626
0.8326266834547777,0.19918387882045846,0.7407129642835079,11.679611740352478,0.2577759027481079,-0.6780849099159241,0.8842207789421082,0.049987705002422445
0.8313669777463127,0.19610245941232454,0.6743494485833854,11.72429613844277,0.28038743138313293,-0.6843137145042419,0.8937307000160217,0.04999760899954708
0.8313669777463127,0.19610245941232454,0.6743494485833854,11.769102612482971,0.28836551308631897,-0.6858006715774536,0.8920215964317322,0.05023025700211292
0.8357098302503233,0.20092931199338337,0.6024010464688879,11.813860504107835,0.2869582176208496,-0.685293972492218,0.8994396328926086,0.049761973998101894
0.8357098302503233,0.20092931199338337,0.6024010464688879,11.85875176845309,0.2946227490901947,-0.6866669654846191,0.8976240754127502,0.05001120800443459
0.8357098302503233,0.20092931199338337,0.6024010464688879,11.903580257113807,0.30237898230552673,-0.68804931640625,0.8957595229148865,0.050045226998918224
0.8481545173102749,0.20598786045420509,0.527377316758365,11.94880810041387,0.2851487994194031,-0.6845411658287048,0.9056190848350525,0.04994135399465449
0.8481545173102749,0.20598786045420509,0.527377316758365,11.994011305815516,0.29251134395599365,-0.6860368251800537,0.9039034843444824,0.050008885002171155
0.8643868764482494,0.2160704658946294,0.458829700183708,12.039894506056894,0.256680965423584,-0.6839539408683777,0.9194428324699402,0.04990326600091066
0.8643868764482494,0.2160704658946294,0.458829700183708,12.085904026835863,0.2636685371398926,-0.6851181983947754,0.917461097240448,0.05014874300104566
0.8643868764482494,0.2160704658946294,0.458829700183708,12.13163615754723,0.27067533135414124,-0.6862856149673462,0.9154736995697021,0.04995460899954196
0.8804326335005819,0.22238955610218192,0.3946535432288102,12.178419177543951,0.24975192546844482,-0.6897674202919006,0.9327949285507202,0.0501535959992907
0.8804326335005819,0.22238955610218192,0.3946535432288102,12.22481849318056,0.25735485553741455,-0.691114068031311,0.9307103157043457,0.049853659998916555
0.8804326335005819,0.22238955610218192,0.3946535432288102,12.27122532867555,0.26489555835723877,-0.6924496293067932,0.9286426901817322,0.04997275699861348
0.9049918390097662,0.23133894218238998,0.31725661547252476,12.31883076992038,0.23148174583911896,-0.6967698335647583,0.9522458910942078,0.04999280300398823
0.9049918390097662,0.23133894218238998,0.31725661547252476,12.366350183371814,0.24015837907791138,-0.698071300983429,0.9500858187675476,0.050015916996926535
0.9049918390097662,0.23133894218238998,0.31725661547252476,12.413746889550117,0.24857181310653687,-0.6993216872215271,0.948005735874176,0.04999622300238116
0.9330910681240415,0.2390079780652569,0.2374804956129195,12.462516818570986,0.21579600870609283,-0.7011995911598206,0.9753033518791199,0.05000488199584652
0.9330910681240415,0.2390079780652569,0.2374804956129195,12.511306495297436,0.22514763474464417,-0.7028542160987854,0.9737405776977539,0.05010541600495344
0.9557890970499532,0.24346273031808818,0.1561170609311458,12.560975350825633,0.21034294366836548,-0.7049418091773987,0.9935309886932373,0.049992255997494794
0.9557890970499532,0.24346273031808818,0.1561170609311458,12.609511261411551,0.24487876892089844,-0.7091244459152222,0.9688988327980042,0.05009388900361955
0.9796811351197412,0.2428473281160405,0.07793590871785547,12.658783847356709,0.24654772877693176,-0.7052440047264099,0.9887287020683289,0.049834282996016555
0.9796811351197412,0.2428473281160405,0.07793590871785547,12.70834995200748,0.25403210520744324,-0.7048956155776978,0.9884653687477112,0.05014450300222961
0.9796811351197412,0.2428473281160405,0.07793590871785547,12.757612644906915,0.26160722970962524,-0.7046464085578918,0.9883443713188171,0.04984365199925378
0.9998889389696126,0.24245127898922456,0.014097371969433507,12.80781620390306,0.2541828155517578,-0.7056220173835754,1.0,0.05020355899614515
0.9998889389696126,0.24245127898922456,0.014097371969433507,12.857763222907382,0.26211443543434143,-0.7052248120307922,1.0,0.04994701900432119
0.9998889389696126,0.24245127898922456,0.014097371969433507,12.907660682905119,0.2714082598686218,-0.7045116424560547,1.0,0.049897459997737315
1.025915515763752,0.24281736227795106,-0.05775388611644911,12.957608193909694,0.2712366580963135,-0.7006943821907043,1.0,0.04994751100457506
1.025915515763752,0.24281736227795106,-0.05775388611644911,13.007628105909392,0.28073713183403015,-0.7000091671943665,1.0,0.0500199119996978
1.0506032546078914,0.24161835669453846,-0.13109422386627487,13.057603387905404,0.2603406310081482,-0.7086489796638489,1.0,0.0499752819960122
1.0506032546078914,0.24161835669453846,-0.13109422386627487,13.107662417905233,0.2692551612854004,-0.7054851651191711,1.0,0.05005902999982936
1.0506032546078914,0.24161835669453846,-0.13109422386627487,13.157673271905226,0.2784554362297058,-0.702308714389801,1.0,0.05001085399999283
1.0742934712489431,0.23490622963605723,-0.2047405386405654,13.207610657905464,0.2784721851348877,-0.7106269001960754,1.0,0.04993738600023789
1.0742934712489431,0.23490622963605723,-0.2047405386405654,13.257602163904524,0.2888377606868744,-0.7064002156257629,1.0,0.04999150599905988
1.096308456836206,0.22709909459909827,-0.2795789692096789,13.307744372906457,0.24743008613586426,-0.6329253315925598,1.0,0.050142209001933224
1.096308456836206,0.22709909459909827,-0.2795789692096789,13.357603616904528,0.2579183578491211,-0.6283290386199951,1.0,0.04985924399807118
1.096308456836206,0.22709909459909827,-0.2795789692096789,13.40761053090799,0.26834696531295776,-0.6237580180168152,1.0,0.050006914003461134
1.1104707866510333,0.21723061617451475,-0.3502503905853802,13.457600055903898,0.25707343220710754,-0.5016744136810303,1.0,0.04998952499590814
1.1104707866510333,0.21723061617451475,-0.3502503905853802,13.507795723905732,0.2674989700317383,-0.4996563792228699,1.0,0.05019566800183384
1.1104707866510333,0.21723061617451475,-0.3502503905853802,13.557593608909231,0.2778298556804657,-0.4968343675136566,1.0,0.04979788500349969
1.1286942671434836,0.20536270778772106,-0.42686664356671705,13.607703930903229,0.2459767907857895,0.012972863391041756,1.0,0.050110321993997786
1.1286942671434836,0.20536270778772106,-0.42686664356671705,13.657707173909587,0.25610873103141785,-0.005725054070353508,1.0,0.05000324300635839
1.1375637903917477,0.1972573435124426,-0.5082062510350015,13.70749265963874,0.2592545449733734,0.4112778306007385,0.9957447648048401,0.049998239999695215
1.1375637903917477,0.1972573435124426,-0.5082062510350015,13.757379403500805,0.2704969644546509,0.39254453778266907,0.9948175549507141,0.050146625995694194
1.1375637903917477,0.1972573435124426,-0.5082062510350015,13.807023483716085,0.2812599539756775,0.37664076685905457,0.993836522102356,0.04995195800438523
1.143759770497065,0.18781161387127968,-0.587757132812602,13.855873106095066,0.1924092173576355,0.6689582467079163,0.9812705516815186,0.04978201199992327
1.143759770497065,0.18781161387127968,-0.587757132812602,13.904867175295008,0.208694189786911,0.6550960540771484,0.9790636897087097,0.05004175899375696
1.1498985989578097,0.17461120426182583,-0.6711265443074006,13.951932084886291,0.15819311141967773,0.6828097105026245,0.9417009949684143,0.04997861300216755
1.1498985989578097,0.17461120426182583,-0.6711265443074006,13.999202657986471,0.16527631878852844,0.6844944357872009,0.9408593773841858,0.05024191099801101
1.1498985989578097,0.17461120426182583,-0.6711265443074006,14.045973406467681,0.17299947142601013,0.6863119006156921,0.9401119947433472,0.04975018800178077
1.1559822722433535,0.16491540750965045,-0.7035533168345767,14.092049079566792,0.1465020477771759,0.6748365163803101,0.9215614199638367,0.04999739800405223
1.1559822722433535,0.16491540750965045,-0.7035533168345767,14.138102382126512,0.15417900681495667,0.6766337156295776,0.9208651185035706,0.05001090999576263
1.1559822722433535,0.16491540750965045,-0.7035533168345767,14.18424512368173,0.16185232996940613,0.6784299612045288,0.9201691150665283,0.050145936002081726
1.164746079406687,0.15322880069195186,-0.6831369635610357,14.229336805650398,0.1564292162656784,0.6706309914588928,0.9035658836364746,0.04990414399799192
1.164746079406687,0.15322880069195186,-0.6831369635610357,14.274715366251673,0.16378110647201538,0.6725641489028931,0.9030542969703674,0.05025009100063471
1.1741256130796287,0.14225452753967358,-0.6319247725060068,14.318753542661534,0.1383751779794693,0.6598073244094849,0.8876197338104248,0.04961378699954366
1.1741256130796287,0.14225452753967358,-0.6319247725060068,14.363282800347076,0.14523530006408691,0.6616606712341309,0.8871089816093445,0.05019592700409703
1.1741256130796287,0.14225452753967358,-0.6319247725060068,14.407528069686215,0.15226417779922485,0.6636382341384888,0.8868073225021362,0.049892764996911865
1.1814190311328387,0.13761060507831788,-0.5633739057177538,14.451497235330377,0.12566342949867249,0.6535541415214539,0.8794824481010437,0.04999436400248669
1.1814190311328387,0.13761060507831788,-0.5633739057177538,14.495378727299219,0.1320115029811859,0.655038595199585,0.8779369592666626,0.049982509000983555
1.185079731608799,0.134964205069348,-0.4950210864469315,14.539623271882986,0.14107070863246918,0.6584683060646057,0.8847512602806091,0.05000789099722169
1.185079731608799,0.134964205069348,-0.4950210864469315,14.583792888972118,0.14888115227222443,0.6603823304176331,0.8833380341529846,0.05000307400041493
1.185079731608799,0.134964205069348,-0.4950210864469315,14.627894753974982,0.15648405253887177,0.6623039245605469,0.8819838166236877,0.05000303199631162
1.194386893582493,0.13110289903457026,-0.41032700465030963,14.672268163885603,0.13359880447387695,0.6570612788200378,0.8875138163566589,0.049997430003713816
1.194386893582493,0.13110289903457026,-0.41032700465030963,14.699378944989919,0.025977090001106262,0.71280837059021,0.5414621233940125,0.050069580000126734
1.194386893582493,0.13110289903457026,-0.41032700465030963,14.726117611787444,0.02768769860267639,0.7145160436630249,0.5354951620101929,0.04993260199989891
1.2094088062379464,0.1268245347022056,-0.3251922902121737,14.757978200237845,0.026121437549591064,0.7136538624763489,0.6348787546157837,0.05018373700295342
1.2094088062379464,0.1268245347022056,-0.3251922902121737,14.789275896271327,0.028753161430358887,0.7155876159667969,0.6282483339309692,0.04981739599315915
1.2238226370837135,0.1255778614550792,-0.24904783434503586,14.825545235815436,0.039768584072589874,0.7108519673347473,0.7243478298187256,0.05007171699980972
1.2238226370837135,0.1255778614550792,-0.24904783434503586,14.861386498009782,0.044705674052238464,0.7128201127052307,0.7177868485450745,0.049933016001887154
1.2238226370837135,0.1255778614550792,-0.24904783434503586,14.896899007546041,0.049723491072654724,0.7149136662483215,0.7102868556976318,0.049997419002465904
1.2306357248317092,0.1264300426094747,-0.185180021798841,14.935680223163471,0.06846301257610321,0.7113211154937744,0.775506854057312,0.050007573001494166
1.2306357248317092,0.1264300426094747,-0.185180021798841,14.974066824294228,0.07388606667518616,0.713545024394989,0.7676759362220764,0.05000365299929399
1.23694305174583,0.12870750371827647,-0.11613505132563935,15.015845310115745,0.09616827964782715,0.7084919810295105,0.8374617099761963,0.049887039996974636
1.23694305174583,0.12870750371827647,-0.11613505132563935,15.057539830151953,0.10195943713188171,0.710745096206665,0.8296769857406616,0.050253918998350855
1.23694305174583,0.12870750371827647,-0.11613505132563935,15.098709724018143,0.10771797597408295,0.7128285765647888,0.8225665092468262,0.050050535006448627
1.23694305174583,0.12870750371827647,-0.11613505132563935,15.139279986330697,0.11336328089237213,0.7147040367126465,0.8154643177986145,0.049751118996937294
1.246779499495507,0.12948139196572425,-0.05219822342225126,15.183855691536833,0.12633086740970612,0.7097973823547363,0.8907237648963928,0.05004436500166776
1.246779499495507,0.12948139196572425,-0.05219822342225126,15.228033710334298,0.13237208127975464,0.7113434076309204,0.8833765983581543,0.05001040199567797
1.2577631691665059,0.13217392502035102,0.012115283360964877,15.275176549801179,0.14823512732982635,0.7101200819015503,0.9429596662521362,0.0499945449992083
1.2577631691665059,0.13217392502035102,0.012115283360964877,15.322213419656611,0.15461359918117523,0.7094103693962097,0.9406098127365112,0.0500067820030381
1.2722371202202987,0.13400546211318765,0.07987214998634726,15.370359172679512,0.16222327947616577,0.7107570767402649,0.9633175730705261,0.04997910800011596
1.2722371202202987,0.13400546211318765,0.07987214998634726,15.418791559931668,0.16966798901557922,0.7103614211082458,0.962905764579773,0.050298159003432374
1.2722371202202987,0.13400546211318765,0.07987214998634726,15.46678867106922,0.176778182387352,0.7101186513900757,0.9627007842063904,0.04985672799375607
1.2805612078659026,0.1367418101794929,0.142508223619793,15.515441888715378,0.191338449716568,0.7086765766143799,0.9760671257972717,0.049846180001623
1.2805612078659026,0.1367418101794929,0.142508223619793,15.564565176565663,0.19878223538398743,0.7083863615989685,0.97575443983078,0.0503439040039666
1.2805612078659026,0.1367418101794929,0.142508223619793,15.613028691032504,0.2062351405620575,0.7081527709960938,0.975498378276825,0.04968077399826143
1.2871444102424685,0.1398264011211145,0.21477092995284097,15.6624948021011,0.22844648361206055,0.7056975960731506,0.9896621704101562,0.04998282499582274
1.2871444102424685,0.1398264011211145,0.21477092995284097,15.712129016248687,0.23601457476615906,0.7054023742675781,0.9893439412117004,0.05016881600022316
1.2903319761703131,0.1411657806036703,0.2880269080624004,15.761948801251597,0.26451537013053894,0.7029129862785339,1.0,0.049819785002910066
1.2903319761703131,0.1411657806036703,0.2880269080624004,15.812038976249928,0.2735627591609955,0.7024179100990295,1.0,0.05009017499833135
1.2903319761703131,0.1411657806036703,0.2880269080624004,15.862088871248593,0.28239667415618896,0.702017605304718,1.0,0.05004989499866497
1.2919583475987633,0.14401852298545184,0.36135234340697747,15.911973481250348,0.3133321702480316,0.698494017124176,1.0,0.04988461000175448
1.2919583475987633,0.14401852298545184,0.36135234340697747,15.961972114253618,0.32269296050071716,0.6981942057609558,1.0,0.04999863300326979
1.3002151491877216,0.1497076148107169,0.4219791369429033,16.011913817254133,0.3396957516670227,0.6953580975532532,1.0,0.04994170300051337
1.3002151491877216,0.1497076148107169,0.4219791369429033,16.061963573252903,0.34929510951042175,0.6949382424354553,1.0,0.050049755998770706
1.3002151491877216,0.1497076148107169,0.4219791369429033,16.111984418248646,0.3589150905609131,0.6945176720619202,1.0,0.050020844995742664
1.30729318246501,0.15480841592619832,0.49897214618124913,16.16195938424982,0.3864229619503021,0.6902452111244202,1.0,0.049974966001173016
1.30729318246501,0.15480841592619832,0.49897214618124913,16.212134720250212,0.3972516655921936,0.689649760723114,1.0,0.050175336000393145
1.30729318246501,0.15480841592619832,0.49897214618124913,16.261954075251303,0.40829792618751526,0.6892113089561462,1.0,0.049819355001091026
1.317775406967933,0.16398990513147474,0.5797670514110188,16.31198241325375,0.42736515402793884,0.6682588458061218,1.0,0.050028338002448436
1.317775406967933,0.16398990513147474,0.5797670514110188,16.361985830250084,0.4376562833786011,0.668027937412262,1.0,0.05000341699633282
1.3310341012751572,0.17690177004977933,0.6636371017380116,16.41185210525338,0.41955527663230896,0.5941745638847351,1.0,0.04986627500329632
1.3310341012751572,0.17690177004977933,0.6636371017380116,16.462139446253893,0.42962339520454407,0.5905967354774475,1.0,0.05028734100051224
1.3310341012751572,0.17690177004977933,0.6636371017380116,16.512016746253828,0.4397765100002289,0.5869882106781006,1.0,0.04987729999993462
1.3516834518729894,0.19550235564455223,0.7521661758892686,16.562176612251385,0.39345985651016235,0.4400685131549835,1.0,0.05015986599755706
1.3516834518729894,0.19550235564455223,0.7521661758892686,16.61210725124885,0.4033410847187042,0.43563082814216614,1.0,0.0499306389974663
1.373567136826637,0.22060756706263118,0.8317788563233326,16.661987677254835,0.34733718633651733,-0.11041641980409622,1.0,0.04988042600598419
1.373567136826637,0.22060756706263118,0.8317788563233326,16.711974951251356,0.35652685165405273,-0.07735296338796616,1.0,0.04998727399652125
1.373567136826637,0.22060756706263118,0.8317788563233326,16.762058192254806,0.3653388023376465,-0.053088538348674774,1.0,0.050083241003449075
1.3933027169453154,0.24837649655505276,0.920511649836564,16.809764311412216,0.19354018568992615,-0.6964319944381714,0.956506609916687,0.049875367993081454
1.3933027169453154,0.24837649655505276,0.920511649836564,16.857554998780902,0.20014633238315582,-0.6978492736816406,0.9552777409553528,0.05002805500407703
1.3933027169453154,0.24837649655505276,0.920511649836564,16.905417930886212,0.20688411593437195,-0.6992873549461365,0.9539865255355835,0.05017149700142909
1.4091450420805294,0.2770170817363267,1.0108607080151226,16.950569673760313,0.1333080232143402,-0.667951762676239,0.9061446189880371,0.04982840699813096
1.4091450420805294,0.2770170817363267,1.0108607080151226,16.995838695948027,0.13926465809345245,-0.669234573841095,0.9047649502754211,0.05003401399881113
1.4257405311964988,0.3147358713526713,1.0741685595146744,17.0390695757938,0.05362309515476227,-0.6376236081123352,0.8625661730766296,0.05011891399772139
1.4257405311964988,0.3147358713526713,1.0741685595146744,17.08194594396163,0.05964437127113342,-0.6384183764457703,0.8599749207496643,0.04985769600170897
1.4257405311964988,0.3147358713526713,1.0741685595146744,17.12479558788761,0.065616175532341,-0.6392063498497009,0.8574049472808838,0.04997597000328824
1.436808976376022,0.3453459228551136,1.0684981558683084,17.16834224164966,0.01,-0.6403549909591675,0.8693863153457642,0.05008895699575078
1.436808976376022,0.3453459228551136,1.0684981558683084,17.211605162563202,0.01,-0.6411385536193848,0.8667448163032532,0.04991425399930449
1.4422731527501176,0.36701169754822416,1.0277475780278744,17.255431486878944,0.01,-0.643904983997345,0.8785359263420105,0.04988563700317172
1.4422731527501176,0.36701169754822416,1.0277475780278744,17.299348289761653,0.01,-0.6447252631187439,0.8759432435035706,0.05013658499956364
1.4422731527501176,0.36701169754822416,1.0277475780278744,17.343023239283145,0.01,-0.645547091960907,0.8733456134796143,0.05000878099963302
1.4480863346124206,0.38229814216591207,0.9613470797451193,17.38734736031899,0.01,-0.6488866806030273,0.8872045874595642,0.04995930100267287
1.4480863346124206,0.38229814216591207,0.9613470797451193,17.43168746082936,0.01,-0.6499080061912537,0.8848845362663269,0.050108345996704884
1.4480863346124206,0.38229814216591207,0.9613470797451193,17.475734043687396,0.01,-0.6509608030319214,0.8827179074287415,0.049898821001988836
1.450552972116037,0.3886702381855467,0.8944927666480706,17.520547947614663,0.01,-0.6550674438476562,0.8940653204917908,0.05012374700163491
1.450552972116037,0.3886702381855467,0.8944927666480706,17.5650559730964,0.01,-0.6560726761817932,0.891592264175415,0.04991970799892442
1.450552972116037,0.3886702381855467,0.8944927666480706,17.609456698786243,0.01,-0.6570698022842407,0.8888853192329407,0.04995101699751103
1.4544058056279214,0.3954324626012004,0.8295014854571885,17.65459795590872,0.01,-0.6632190346717834,0.9028194546699524,0.050000315000943374
1.4544058056279214,0.3954324626012004,0.8295014854571885,17.70019917115901,0.01,-0.6647656559944153,0.9010835289955139,0.050607090000994503
1.4535636182046805,0.39468347036812346,0.7585741906829548,17.745246347617062,0.01,-0.6717920303344727,0.9122232794761658,0.0493817440001294
1.4535636182046805,0.39468347036812346,0.7585741906829548,17.790812453475567,0.01,-0.6737237572669983,0.9105367064476013,0.05004312899836805
1.4535636182046805,0.39468347036812346,0.7585741906829548,17.83622011954514,0.01,-0.6756780743598938,0.908831000328064,0.049962716999289114
1.452516069298072,0.39450572608306667,0.6950420401235295,17.882223741664113,0.01,-0.68243008852005,0.9194865822792053,0.050031858001602814
1.452516069298072,0.39450572608306667,0.6950420401235295,17.90625678027115,0.018020957708358765,-0.7652577757835388,0.48088592290878296,0.04997659000218846
1.45251432613292,0.39553785306315525,0.619808413075302,17.932828881974714,0.026033207774162292,-0.7647446393966675,0.5324304699897766,0.04990717699547531
1.45251432613292,0.39553785306315525,0.619808413075302,17.95918979287418,0.02774033695459366,-0.7646498680114746,0.525331437587738,0.05017958000098588
1.45251432613292,0.39553785306315525,0.619808413075302,17.985031926065414,0.029530860483646393,-0.7645047903060913,0.5176771283149719,0.049919402998057194
1.4492555877732263,0.39449966448124335,0.5407810670814722,18.014024224443208,0.05652162432670593,-0.7601202130317688,0.5765014290809631,0.050290072002098896
1.4492555877732263,0.39449966448124335,0.5407810670814722,18.042354234807412,0.060879141092300415,-0.7598206400871277,0.5697120428085327,0.04972689400165109
1.4492555877732263,0.39449966448124335,0.5407810670814722,18.07052943992491,0.06522181630134583,-0.759494423866272,0.5626910924911499,0.050072243000613526
1.448521957122543,0.39457943539253293,0.46125037246208994,18.101714630881474,0.10057809948921204,-0.7545079588890076,0.6248797178268433,0.049905909996596165
1.448521957122543,0.39457943539253293,0.46125037246208994,18.132576115384953,0.10535834729671478,-0.7541489601135254,0.6171512007713318,0.05000635900069028
1.450382049860915,0.3937134727127547,0.3878570357564803,18.166336074273026,0.1413877308368683,-0.7467389702796936,0.6748971343040466,0.05002237699955003
1.450382049860915,0.3937134727127547,0.3878570357564803,18.199680427934414,0.14704561233520508,-0.746418833732605,0.6673138737678528,0.04996802100504283
1.450382049860915,0.3937134727127547,0.3878570357564803,18.23291269897252,0.15270984172821045,-0.7460724115371704,0.6594768762588501,0.050391867000143975
1.4525516807697472,0.3935741936244074,0.32220083746551165,18.268007093746714,0.18249726295471191,-0.7413243055343628,0.7077624797821045,0.049584988999413326
1.4525516807697472,0.3935741936244074,0.32220083746551165,18.303050739514884,0.1881670355796814,-0.7409811019897461,0.6994525790214539,0.05010153199691558
1.4525516807697472,0.3935741936244074,0.32220083746551165,18.337552699309004,0.19382870197296143,-0.7406383156776428,0.6911545395851135,0.049919313001737464
1.454001081350447,0.3915976506331119,0.245368669112567,18.375258380437195,0.23122256994247437,-0.7351283431053162,0.7518714666366577,0.05014910500176484
1.454001081350447,0.3915976506331119,0.245368669112567,18.412344461025107,0.23787294328212738,-0.7348245978355408,0.7438402771949768,0.049857585996505804
1.4599240352460496,0.390557695036618,0.17313390057559844,18.453847221082736,0.26037275791168213,-0.7314031720161438,0.8296566009521484,0.05002402199897915
1.4599240352460496,0.390557695036618,0.17313390057559844,18.49492240359895,0.2666705250740051,-0.7313424348831177,0.82069331407547,0.05004936900513712
1.4599240352460496,0.390557695036618,0.17313390057559844,18.535472419314726,0.27290356159210205,-0.7312823534011841,0.8118225932121277,0.04994935599825112
1.4661216797240602,0.39034896473226494,0.09701430808818096,18.57964156939014,0.31547367572784424,-0.7263720035552979,0.878332257270813,0.050287518999539316
1.4661216797240602,0.39034896473226494,0.09701430808818096,18.62282392283531,0.32276368141174316,-0.7264282703399658,0.8690605163574219,0.04968854600156192
1.4713414409319663,0.3906596169890375,0.023936486001802516,18.66949350581374,0.34351646900177,-0.7200735211372375,0.9338927865028381,0.04997316999651957
1.4713414409319663,0.3906596169890375,0.023936486001802516,18.71589866707796,0.35291025042533875,-0.7208195924758911,0.9281384944915771,0.04999810000299476
1.4713414409319663,0.3906596169890375,0.023936486001802516,18.76209286991212,0.3622508943080902,-0.7215611338615417,0.9224170446395874,0.05007951999868965
1.4741010510970085,0.3913454553129026,-0.045655965659769045,18.80937874068183,0.39564478397369385,-0.7146358489990234,0.9469771981239319,0.049933483998756856
1.4741010510970085,0.3913454553129026,-0.045655965659769045,18.856586606210833,0.40638384222984314,-0.714459240436554,0.9436231255531311,0.0500283049987047
1.4741010510970085,0.3913454553129026,-0.045655965659769045,18.904127635165768,0.4169295132160187,-0.7146856784820557,0.939312219619751,0.05061259500507731
1.4837457651466053,0.3928964494691311,-0.1235281645369253,18.95171698510743,0.43780842423439026,-0.710537850856781,0.9635708928108215,0.049388529994757846
1.4837457651466053,0.3928964494691311,-0.1235281645369253,18.99984813773763,0.44843676686286926,-0.7101326584815979,0.9624603390693665,0.05000845299946377
1.4931057573453397,0.3929806223407158,-0.1970358452473869,19.048514105573197,0.4687829315662384,-0.7076581120491028,0.973906934261322,0.0499698339990573
1.4931057573453397,0.3929806223407158,-0.1970358452473869,19.09717838006507,0.4787692427635193,-0.7071619629859924,0.9728554487228394,0.050022102004732005
1.4931057573453397,0.3929806223407158,-0.1970358452473869,19.14574491089519,0.488873153924942,-0.7068038582801819,0.971649706363678,0.04998358000011649
1.5123235011638065,0.3896478091663178,-0.27478975020790314,19.1956329995127,0.49650701880455017,-0.7048727869987488,0.9977374076843262,0.050001220995909534
1.5123235011638065,0.3896478091663178,-0.27478975020790314,19.245626451646523,0.5067789554595947,-0.703987181186676,0.9959051012992859,0.050199012002849486
1.5123235011638065,0.3896478091663178,-0.27478975020790314,19.295150604437485,0.517072319984436,-0.7030993103981018,0.9940688610076904,0.04981964000035077
1.531529695906124,0.38378587407982245,-0.3465495819801659,19.3451314774394,0.5178021192550659,-0.7018962502479553,1.0,0.049980873001914006
1.531529695906124,0.38378587407982245,-0.3465495819801659,19.39522604743627,0.5278468132019043,-0.700916588306427,1.0,0.05009456999687245
1.560536164099409,0.3726383250710561,-0.4332674874340326,19.445145203437395,0.5091825723648071,-0.6949983835220337,1.0,0.049919156001124065
1.560536164099409,0.3726383250710561,-0.4332674874340326,19.4951562824391,0.5193567276000977,-0.6938857436180115,1.0,0.050011079001706094
1.560536164099409,0.3726383250710561,-0.4332674874340326,19.545126169436234,0.5295040011405945,-0.6928145289421082,1.0,0.04996988699713256
1.5909494970098643,0.35737818181078224,-0.5179361140508215,19.595226616435074,0.5231173038482666,-0.6674479246139526,1.0,0.0501004469988402
1.5909494970098643,0.35737818181078224,-0.5179361140508215,19.645153357440112,0.532234787940979,-0.6667215824127197,1.0,0.04992674100503791
1.5909494970098643,0.35737818181078224,-0.5179361140508215,19.695963166439586,0.5411001443862915,-0.6660612225532532,1.0,0.050809808999474626
1.6231921038780701,0.33676222131347455,-0.6119486995366488,19.745148185433326,0.4936753809452057,-0.5747814774513245,1.0,0.049185018993739504
1.6231921038780701,0.33676222131347455,-0.6119486995366488,19.795163736435033,0.5042752027511597,-0.577369749546051,1.0,0.050015551001706626
1.6574341137586321,0.31118209935107066,-0.7044797753103281,19.845145285438893,0.3923141658306122,-0.3844609558582306,1.0,0.04998154900385998
1.6574341137586321,0.31118209935107066,-0.7044797753103281,19.895139559437784,0.4007272720336914,-0.3882399797439575,1.0,0.049994273998891
1.685482719957266,0.28620394392541953,-0.785990994658826,19.94390751848418,0.3171466588973999,0.447592169046402,0.9765340685844421,0.049939844000618905
1.685482719957266,0.28620394392541953,-0.785990994658826,19.971129317054626,0.04904654622077942,0.7119291424751282,0.5435479879379272,0.05008168399945134
1.685482719957266,0.28620394392541953,-0.785990994658826,19.99773479338623,0.04975245147943497,0.7118893265724182,0.5320563316345215,0.05000499900052091
1.7136356436334754,0.25567906096632587,-0.8708205448246479,20.020714714868564,0.01,0.7035245895385742,0.4599204659461975,0.04996499000117183
1.7136356436334754,0.25567906096632587,-0.8708205448246479,20.04347248757575,0.01,0.7017701864242554,0.4531152844429016,0.05022512700088555
1.7136356436334754,0.25567906096632587,-0.8708205448246479,20.06566542579047,0.01,0.699985921382904,0.4459267854690552,0.04976812099630479
1.7342312681985048,0.22865880184770734,-0.9510455876968151,20.087058345206948,0.01,0.7078626751899719,0.4276830554008484,0.050020497998048086
1.7342312681985048,0.22865880184770734,-0.9510455876968151,20.10801976180285,0.01,0.7095485329627991,0.41942137479782104,0.04997698700026376
1.7476904218382956,0.21069205736355776,-0.9879621933799564,20.129742463494512,0.01,0.7135038375854492,0.4342615604400635,0.05002216099819634
1.7476904218382956,0.21069205736355776,-0.9879621933799564,20.151106250748203,0.01,0.715215265750885,0.42587214708328247,0.05016479100595461
1.7476904218382956,0.21069205736355776,-0.9879621933799564,20.172001771222146,0.01,0.7168805599212646,0.4176744818687439,0.05002824300026987
1.7542123460962635,0.20217691511354535,-0.9529266779048573,20.19456741361769,0.01,0.7148045301437378,0.4522031545639038,0.049901558995770756
1.7542123460962635,0.20217691511354535,-0.9529266779048573,20.216812700805217,0.01,0.7160824537277222,0.44424790143966675,0.05007404000207316
1.7542123460962635,0.20217691511354535,-0.9529266779048573,20.238569344492422,0.01,0.7173483371734619,0.43614429235458374,0.04988405000040075
1.759897499229239,0.1964713836169288,-0.8918069536147196,20.262832457559185,0.01,0.7181317210197449,0.4858282804489136,0.049941746998229064
1.759897499229239,0.1964713836169288,-0.8918069536147196,20.286811822206296,0.01,0.7196295857429504,0.4776462912559509,0.05020318400056567
1.7600497465926064,0.19716799484037717,-0.8254968408658533,20.31231925763471,0.01,0.7165302634239197,0.5124179720878601,0.049778572996729054
1.7600497465926064,0.19716799484037717,-0.8254968408658533,20.33755226943105,0.01,0.718176543712616,0.5042884945869446,0.05003685800329549
1.7600497465926064,0.19716799484037717,-0.8254968408658533,20.362397721170097,0.01,0.7198052406311035,0.4962461590766907,0.050066789000993595
1.7595078286708565,0.19791279618726942,-0.7559870350740678,20.389029115562366,0.01,0.7167953252792358,0.530285120010376,0.050220896999235265
1.7595078286708565,0.19791279618726942,-0.7559870350740678,20.4151935121393,0.01,0.7185263633728027,0.5222082138061523,0.050103380002838094
1.7649382225846737,0.1954074164901002,-0.6723955992771653,20.444317069266557,0.01,0.7157084941864014,0.5868259072303772,0.049628955996013246
1.7649382225846737,0.1954074164901002,-0.6723955992771653,20.47345957525444,0.01,0.7179706692695618,0.5793675184249878,0.05030055200040806
1.7649382225846737,0.1954074164901002,-0.6723955992771653,20.50185314337,0.01,0.720234215259552,0.5719044208526611,0.049647400999674574
1.7695129012347897,0.1950093036609989,-0.5920099892795814,20.53346784317824,0.01,0.7172803282737732,0.6320599317550659,0.05001851599809015
1.7695129012347897,0.1950093036609989,-0.5920099892795814,20.564674199478585,0.01,0.7197453379631042,0.6242582201957703,0.049989500002993736
1.7695129012347897,0.1950093036609989,-0.5920099892795814,20.595590879991285,0.01,0.7221783399581909,0.6165574193000793,0.050144041000748985
1.7759399353911423,0.19641972473703986,-0.5018100206291248,20.630688754472867,0.01,0.7168561816215515,0.6926852464675903,0.05066929700114997
1.7759399353911423,0.19641972473703986,-0.5018100206291248,20.66445702299183,0.01,0.7193931937217712,0.6842753887176514,0.04934894499456277
1.7829586863954636,0.19635660940389815,-0.42336864032153293,20.7025978305399,0.01,0.7177368998527527,0.7592796087265015,0.050232888002938125
1.7829586863954636,0.19635660940389815,-0.42336864032153293,20.740013205282125,0.01,0.7199012041091919,0.7512946724891663,0.04980119800165994
1.7829586863954636,0.19635660940389815,-0.42336864032153293,20.77723458459744,0.01,0.7219482064247131,0.7436271905899048,0.05005381700175349
1.7873470099931488,0.19620358708092084,-0.3447229337359813,20.817866392546556,0.01362011581659317,0.7193391919136047,0.8157719373703003,0.049807802999566775
1.7873470099931488,0.19620358708092084,-0.3447229337359813,20.858465283118043,0.01755683124065399,0.7215114235877991,0.8080059289932251,0.0502457830007188
1.7873470099931488,0.19620358708092084,-0.3447229337359813,20.89836727028185,0.02375190705060959,0.7234126329421997,0.7992703318595886,0.04992301799939014
1.7873470099931488,0.19620358708092084,-0.3447229337359813,20.9379502989229,0.029778428375720978,0.7253427505493164,0.7907329797744751,0.050058654000167735
1.7873470099931488,0.19620358708092084,-0.3447229337359813,20.976992009502336,0.03565002977848053,0.727362334728241,0.7823470830917358,0.0499033119995147
1.80111833934922,0.19293877066232903,-0.19916881224122834,21.023532677309493,0.0788831114768982,0.7202128767967224,0.9348090291023254,0.049786283998400904
1.80111833934922,0.19293877066232903,-0.19916881224122834,21.070153110037428,0.08612236380577087,0.7192651629447937,0.9316830039024353,0.05003894300170941
1.80111833934922,0.19293877066232903,-0.19916881224122834,21.11678109362149,0.09349554777145386,0.7189071178436279,0.9272206425666809,0.050287904996366706
1.801631229399271,0.19711810281192688,-0.12194441723242742,21.164144568558953,0.12632985413074493,0.7177545428276062,0.9535476565361023,0.049670799999148585
1.801631229399271,0.19711810281192688,-0.12194441723242742,21.211956409699837,0.13386358320713043,0.7173888087272644,0.9527187943458557,0.050184630999865476
1.801631229399271,0.19711810281192688,-0.12194441723242742,21.25954539849329,0.1413186490535736,0.7171618342399597,0.9520264267921448,0.04998704600438941
1.8117941608939663,0.1966403004353622,-0.044912718995817516,21.307939693860156,0.15715737640857697,0.7166507840156555,0.96754390001297,0.05001767399517121
1.8117941608939663,0.1966403004353622,-0.044912718995817516,21.356218035260024,0.16475969552993774,0.7163867950439453,0.9667593836784363,0.049938322001253255
1.822287115942634,0.19864397534818287,0.026685462308530153,21.40537141681423,0.18166333436965942,0.7145727276802063,0.9821013808250427,0.050049192999722436
1.822287115942634,0.19864397534818287,0.026685462308530153,21.454513644340537,0.18938517570495605,0.714304506778717,0.9813048243522644,0.0500784530013334
1.822287115942634,0.19864397534818287,0.026685462308530153,21.503533906988608,0.19701577723026276,0.714019775390625,0.9805065393447876,0.04999483499705093
1.8327375820423568,0.200282590613594,0.0968844622170875,21.553127310738095,0.21417643129825592,0.7124155163764954,0.9958754777908325,0.049798800006101374
1.8327375820423568,0.200282590613594,0.0968844622170875,21.60294895254805,0.22212664783000946,0.7120212316513062,0.9950410723686218,0.05006993499409873
1.8497676679083601,0.20267557323458157,0.1778749080901387,21.652897966554466,0.23128469288349152,0.7102991342544556,1.0,0.04994901400641538
1.8497676679083601,0.20267557323458157,0.1778749080901387,21.702886733548386,0.2397622913122177,0.7099736332893372,1.0,0.04998876699391985
1.8497676679083601,0.20267557323458157,0.1778749080901387,21.75290717055208,0.24824661016464233,0.7096477150917053,1.0,0.050020437003695406
1.8497676679083601,0.20267557323458157,0.1778749080901387,21.802815843549926,0.25712597370147705,0.7092682719230652,1.0,0.049908672997844405
1.8690443349770134,0.2096613525972515,0.2548828048268124,21.85287362054982,0.26476994156837463,0.7052707076072693,1.0,0.05005777699989267
1.8690443349770134,0.2096613525972515,0.2548828048268124,21.903174935550798,0.2746652066707611,0.7046098113059998,1.0,0.05030131500097923
1.8907995746604207,0.21537701325657443,0.33110915983161004,21.952862421554475,0.2796330749988556,0.7018297910690308,1.0,0.049687486003676895
1.8907995746604207,0.21537701325657443,0.33110915983161004,22.002879832552882,0.2892865240573883,0.7003700137138367,1.0,0.050017410998407286
1.9057791639429635,0.22470225849735972,0.41047373151576727,22.052869318549657,0.300947368144989,0.6881737112998962,1.0,0.04998948599677533
1.9057791639429635,0.22470225849735972,0.41047373151576727,22.102887323549968,0.3110906779766083,0.6850870847702026,1.0,0.05001800500031095
1.9057791639429635,0.22470225849735972,0.41047373151576727,22.152870750551248,0.3202456831932068,0.6825793981552124,1.0,0.04998342700127978
1.9127379321445612,0.2333270577375287,0.4839035556290955,22.202876128549125,0.3161872923374176,0.6306906342506409,1.0,0.050005377997877076
1.9127379321445612,0.2333270577375287,0.4839035556290955,22.252872581551802,0.3258340656757355,0.6294398903846741,1.0,0.0499964530026773
1.921122880882064,0.2422557869418058,0.5621229419942589,22.302826251552634,0.3144545257091522,0.5549361109733582,1.0,0.04995367000083206
1.921122880882064,0.2422557869418058,0.5621229419942589,22.35284585755466,0.3225879669189453,0.553231954574585,1.0,0.050019606002024375
1.921122880882064,0.2422557869418058,0.5621229419942589,22.40301684555192,0.3316900134086609,0.5537583231925964,1.0,0.05017098799726227
1.921122880882064,0.2422557869418058,0.5621229419942589,22.45301362854838,0.3412877321243286,0.5552118420600891,1.0,0.04999678299645893
1.930055309584446,0.25348344006949947,0.6430417388622626,22.502882967552015,0.32397592067718506,0.35673341155052185,1.0,0.049869339003635105
1.9411120749672506,0.2645440847057793,0.7181466548538838,22.553106704553958,0.3005257248878479,-0.11010328680276871,1.0,0.050223737001942936
1.9411120749672506,0.2645440847057793,0.7181466548538838,22.602872804551172,0.30891141295433044,-0.06294653564691544,1.0,0.04976609999721404
1.9411120749672506,0.2645440847057793,0.7181466548538838,22.65307094255144,0.3182761073112488,-0.022544139996170998,1.0,0.050198138000268955
1.9411120749672506,0.2645440847057793,0.7181466548538838,22.70296445855087,0.32768458127975464,0.015275513753294945,1.0,0.04989351599942893
1.9555854200411056,0.2800032005791078,0.7922411018320138,22.75164667294547,0.23120564222335815,-0.6302130222320557,0.9763390421867371,0.04986199700215366
1.9555854200411056,0.2800032005791078,0.7922411018320138,22.80055800275075,0.2539852559566498,-0.6070523262023926,0.9774037003517151,0.05004209600156173
1.9734217499591247,0.3015550192005811,0.8727258839730678,22.847924301970306,0.12111622840166092,-0.6873332858085632,0.9403441548347473,0.05037123799411347
1.9734217499591247,0.3015550192005811,0.8727258839730678,22.89478597988236,0.1296377182006836,-0.6897916793823242,0.9398719668388367,0.04985963999934029
1.9734217499591247,0.3015550192005811,0.8727258839730678,22.94180268701351,0.1385054588317871,-0.6923137903213501,0.939407229423523,0.05004933500458719
1.989771583073973,0.3266320523383077,0.9306138983832204,22.986510319272117,0.07825089991092682,-0.6644613742828369,0.8947421908378601,0.049967054997978266
1.989771583073973,0.3266320523383077,0.9306138983832204,23.03116205186638,0.08723734319210052,-0.6669870615005493,0.8943643569946289,0.0499256620023516
1.989771583073973,0.3266320523383077,0.9306138983832204,23.075849539550497,0.09621255099773407,-0.6695094704627991,0.8939868211746216,0.049986740996246226
1.9999706625354405,0.3436275590771659,0.939090508951627,23.119128489434814,0.0626533180475235,-0.6522016525268555,0.8655529618263245,0.050001504001556896
1.9999706625354405,0.3436275590771659,0.939090508951627,23.162450243886536,0.07135261595249176,-0.6546465158462524,0.8651871085166931,0.0500721220014384
2.006176931085441,0.3521485660391094,0.9040749993143181,23.184429467316527,0.01,-0.6919481754302979,0.4415190815925598,0.04978091399971163
2.006176931085441,0.3521485660391094,0.9040749993143181,23.206251261156222,0.01,-0.6933040022850037,0.4343908429145813,0.05023539099784102
2.006176931085441,0.3521485660391094,0.9040749993143181,23.227513799640718,0.01,-0.6946513056755066,0.42730653285980225,0.049759451001591515
2.006176931085441,0.3521485660391094,0.9040749993143181,23.248705316134174,0.01,-0.6960211396217346,0.41988396644592285,0.050469934998545796
2.006176931085441,0.3521485660391094,0.9040749993143181,23.269302074901315,0.01,-0.6973863244056702,0.41248631477355957,0.049933193004108034
2.004765328673829,0.35182184792437377,0.8002561023927529,23.292518404726753,0.01,-0.6895968914031982,0.4658697247505188,0.04983438199997181
2.004765328673829,0.35182184792437377,0.8002561023927529,23.31534096102853,0.01,-0.6907255053520203,0.4580272436141968,0.04982794499665033
2.004765328673829,0.35182184792437377,0.8002561023927529,23.33781982200649,0.01,-0.6918298602104187,0.45026910305023193,0.04992317000142066
2.0039715252957033,0.35129485375625896,0.7230188423575508,23.362159192028162,0.01,-0.688859760761261,0.48391395807266235,0.05029689599905396
2.0039715252957033,0.35129485375625896,0.7230188423575508,23.386219153463692,0.01,-0.6894206404685974,0.47687315940856934,0.05045358699862845
2.0037476888761034,0.35154084222089665,0.6447889037785811,23.41247944213946,0.01,-0.6881779432296753,0.5333492159843445,0.049236575003305916
2.0037476888761034,0.35154084222089665,0.6447889037785811,23.438912254008613,0.01,-0.6891191601753235,0.5269525051116943,0.05016165899724001
2.0037476888761034,0.35154084222089665,0.6447889037785811,23.46497494858354,0.0100003182888031,-0.6900662779808044,0.5205137729644775,0.05007109500002116
2.009740171611548,0.35864434131396333,0.5710225933873889,23.493683250942187,0.019592367112636566,-0.6896755695343018,0.5757209658622742,0.049864959000842646
2.009740171611548,0.35864434131396333,0.5710225933873889,23.522155253845042,0.021586820483207703,-0.6907127499580383,0.5685669779777527,0.05007677899993723
2.009740171611548,0.35864434131396333,0.5710225933873889,23.550330121463556,0.023564696311950684,-0.6917411684989929,0.5614714622497559,0.05018040900176857
2.0187250797937066,0.3666817196103423,0.50064020063726,23.581474627610792,0.021573767066001892,-0.698442280292511,0.6248523592948914,0.04984298400086118
2.0187250797937066,0.3666817196103423,0.50064020063726,23.61239525267066,0.0235450342297554,-0.7002306580543518,0.617818295955658,0.05004808899684576
2.024608016049202,0.3711658341414602,0.42223701367229166,23.647466169736628,0.03603199124336243,-0.6961300373077393,0.7022704482078552,0.04993933199875755
2.024608016049202,0.3711658341414602,0.42223701367229166,23.68210403715794,0.04113460332155228,-0.6980167031288147,0.6946443915367126,0.049864172004163265
2.024608016049202,0.3711658341414602,0.42223701367229166,23.716434943682607,0.04612673819065094,-0.6998282670974731,0.6871760487556458,0.04995940499793505
2.031299797091377,0.3758766594588569,0.3500016814254049,23.752780209545882,0.0733645111322403,-0.7084624171257019,0.7267439365386963,0.050011102997814305
2.031299797091377,0.3758766594588569,0.3500016814254049,23.788863556881108,0.07860244065523148,-0.7103630304336548,0.7189075350761414,0.050191917005577125
2.036621155189958,0.3779848345203559,0.27249942914386016,23.828716055112416,0.09799561649560928,-0.705536961555481,0.802056610584259,0.04968788699625293
2.036621155189958,0.3779848345203559,0.27249942914386016,23.868588282396225,0.10396966338157654,-0.7077645063400269,0.7935559153556824,0.05024501300067641
2.036621155189958,0.3779848345203559,0.27249942914386016,23.907909389367862,0.10994663089513779,-0.7099930047988892,0.7850510478019714,0.050087324998457916
2.0373109973310193,0.3780343393073359,0.19301961428357223,23.949950218011622,0.1461123526096344,-0.708348274230957,0.8441510200500488,0.049802497000200674
2.0373109973310193,0.3780343393073359,0.19301961428357223,23.991971732532416,0.15228581428527832,-0.7103956937789917,0.836603581905365,0.05022870500397403
2.0373109973310193,0.3780343393073359,0.19301961428357223,24.03330725599691,0.15830504894256592,-0.7114108204841614,0.8297883868217468,0.04981453599611996
2.04226803477199,0.37910658417682347,0.1312333459089078,24.077264874191012,0.1872444599866867,-0.7069934606552124,0.8761078715324402,0.05017375099851051
2.04226803477199,0.37910658417682347,0.1312333459089078,24.120658694638674,0.19321081042289734,-0.7073631286621094,0.8694673776626587,0.04990850900503574
2.0488630912690304,0.3801076760728578,0.05773031391448381,24.167655214894353,0.2149532437324524,-0.7050856947898865,0.9421867728233337,0.04988025900092907
2.0488630912690304,0.3801076760728578,0.05773031391448381,24.214633291716186,0.22162815928459167,-0.7041745185852051,0.9394741654396057,0.05000464999466203
2.0488630912690304,0.3801076760728578,0.05773031391448381,24.261357809321872,0.22926124930381775,-0.7031027674674988,0.9345488548278809,0.04999687000236008
2.0526376671183004,0.38016452020860636,-0.014996673397007063,24.309721340480486,0.2668105959892273,-0.7058009505271912,0.9679329991340637,0.04996578399732243
2.0526376671183004,0.38016452020860636,-0.014996673397007063,24.35810154358781,0.27413851022720337,-0.7048162221908569,0.9653164744377136,0.05011848900176119
2.0526376671183004,0.38016452020860636,-0.014996673397007063,24.40614563822958,0.28146904706954956,-0.7038313746452332,0.9626993536949158,0.04990560599981109
2.056315182377765,0.38158680594356065,-0.08922770454066924,24.454987209387735,0.2948741316795349,-0.707476794719696,0.977389395236969,0.0499714559991844
2.056315182377765,0.38158680594356065,-0.08922770454066924,24.503864225156057,0.30339115858078003,-0.7070161700248718,0.9770514965057373,0.05002501499984646
2.0646783884893707,0.3804349232302981,-0.1582393963096006,24.55356142177707,0.32386359572410583,-0.7015141844749451,0.9946759343147278,0.049963204000960104
2.0646783884893707,0.3804349232302981,-0.1582393963096006,24.603304268944136,0.3325299620628357,-0.7010456919670105,0.9943318963050842,0.05002640200109454
2.0646783884893707,0.3804349232302981,-0.1582393963096006,24.653135884135402,0.34122800827026367,-0.700625479221344,0.994007408618927,0.050132035998103675
2.0760842224806746,0.37789998055393137,-0.21545572619678094,24.70299776213927,0.35327067971229553,-0.6995564103126526,1.0,0.04986187800386688
2.0760842224806746,0.37789998055393137,-0.21545572619678094,24.75305104113489,0.3622838854789734,-0.6990142464637756,1.0,0.05005327899561962
2.0760842224806746,0.37789998055393137,-0.21545572619678094,24.802991792134556,0.37137746810913086,-0.6984571814537048,1.0,0.049940750999667216
2.098082340536546,0.37194164441988803,-0.28986049137260816,24.85301636114003,0.37525585293769836,-0.6975096464157104,1.0,0.050024569005472586
2.098082340536546,0.37194164441988803,-0.28986049137260816,24.903002410134498,0.3854224681854248,-0.6968992352485657,1.0,0.049986048994469456
2.1170612214450877,0.3659387306939212,-0.3693906024840764,24.95301192413593,0.3939512073993683,-0.6910471320152283,1.0,0.050009514001430944
2.1170612214450877,0.3659387306939212,-0.3693906024840764,25.003071703137387,0.404736191034317,-0.6904000639915466,1.0,0.05005977900145808
2.140981851627386,0.35696086303615315,-0.4534381937405975,25.052869502139067,0.40304914116859436,-0.661590039730072,1.0,0.04979779900168069
2.140981851627386,0.35696086303615315,-0.4534381937405975,25.103000888139498,0.41448208689689636,-0.6621690988540649,1.0,0.05013138600043021
2.140981851627386,0.35696086303615315,-0.4534381937405975,25.153007660138094,0.42535874247550964,-0.6618911623954773,1.0,0.05000677199859638
2.159125047020239,0.34887287368025177,-0.533457851598208,25.20299421113726,0.39239102602005005,-0.5957308411598206,1.0,0.04998655099916505
2.159125047020239,0.34887287368025177,-0.533457851598208,25.253021116139855,0.40241971611976624,-0.5929722785949707,1.0,0.05002690500259632
2.159125047020239,0.34887287368025177,-0.533457851598208,25.30299036313648,0.41293713450431824,-0.5904152393341064,1.0,0.04996924699662486
2.176615427952485,0.3370406778306212,-0.6286820353294331,25.35306442314016,0.38203534483909607,-0.4972250163555145,1.0,0.05007406000368064
2.176615427952485,0.3370406778306212,-0.6286820353294331,25.40300755213378,0.3916318416595459,-0.4967595636844635,1.0,0.0499431289936183
2.193682430295316,0.3236310029449558,-0.724026899358573,25.453088364138814,0.36050787568092346,-0.3384894132614136,1.0,0.050080812005035114
2.193682430295316,0.3236310029449558,-0.724026899358573,25.50300275213943,0.37005600333213806,-0.33942732214927673,1.0,0.04991438800061587
2.193682430295316,0.3236310029449558,-0.724026899358573,25.553171484138723,0.3795371353626251,-0.34155943989753723,1.0,0.050168731999292504
2.212183044059929,0.3075101090315682,-0.8168349213473379,25.602301223833816,0.35008734464645386,0.2190864384174347,0.9861921072006226,0.04981761599628953
2.212183044059929,0.3075101090315682,-0.8168349213473379,25.651691028817417,0.3586331307888031,0.17392542958259583,0.9871016144752502,0.05003517799923429
2.229822295039408,0.2878880895070967,-0.9009663234211261,25.698969500378816,0.19556497037410736,0.6905159950256348,0.9483826756477356,0.04985168200073531
2.229822295039408,0.2878880895070967,-0.9009663234211261,25.746594669699125,0.2078932225704193,0.6867892742156982,0.9495036005973816,0.0501579660049174
2.229822295039408,0.2878880895070967,-0.9009663234211261,25.794236480952225,0.2204839438199997,0.6829070448875427,0.9507277011871338,0.050110889998904895
2.2464005640318416,0.2649901231850103,-0.9669936438779233,25.839841356207028,0.148686945438385,0.6770894527435303,0.9146255850791931,0.04986179700063076
2.2464005640318416,0.2649901231850103,-0.9669936438779233,25.885504983576908,0.15561912953853607,0.6787639856338501,0.9135688543319702,0.049983782999333926
2.2464005640318416,0.2649901231850103,-0.9669936438779233,25.93113781365843,0.16231703758239746,0.6804234385490417,0.9124923348426819,0.05000900099548744
2.2464005640318416,0.2649901231850103,-0.9669936438779233,25.976727199463934,0.16880446672439575,0.6820891499519348,0.9114614129066467,0.05001790000096662
2.259425931037854,0.2408704622951898,-1.0098214720230585,26.019740806158246,0.11916379630565643,0.652531087398529,0.8592754602432251,0.0500579950021347
2.259425931037854,0.2408704622951898,-1.0098214720230585,26.062617108712463,0.12527883052825928,0.6541011929512024,0.8583037257194519,0.049954697002249304
2.2711094074723315,0.2220505565973566,-0.9701705829528606,26.104868593873036,0.09587535262107849,0.6424784064292908,0.8454271554946899,0.04997649399592774
2.2711094074723315,0.2220505565973566,-0.9701705829528606,26.147048617022627,0.10191233456134796,0.6437006592750549,0.8436474204063416,0.04999721700005466
2.280602468561965,0.208867077396537,-0.9026511357986025,26.18993113729191,0.06101663410663605,0.6435577273368835,0.8552500605583191,0.05014033000043128
2.280602468561965,0.208867077396537,-0.9026511357986025,26.232464393120186,0.06839853525161743,0.6449066996574402,0.8531020879745483,0.04985717000090517
2.280602468561965,0.208867077396537,-0.9026511357986025,26.275058778167224,0.07660441100597382,0.6462463736534119,0.8507114052772522,0.050069135999365244
2.2887127087281987,0.20014256188763072,-0.834840454063735,26.318272980885187,0.05532057583332062,0.6504526138305664,0.8654227256774902,0.049934212998778094
2.2887127087281987,0.20014256188763072,-0.834840454063735,26.36145845564021,0.06365759670734406,0.6518135666847229,0.8629935383796692,0.05004148100124439
2.2955876958110344,0.1954930502711866,-0.7537593200481463,26.405310465621838,0.055102333426475525,0.6561696529388428,0.8783078789710999,0.049927833999390714
2.2955876958110344,0.1954930502711866,-0.7537593200481463,26.44915778197852,0.06309010088443756,0.6578283905982971,0.87627774477005,0.05003814899828285
2.2955876958110344,0.1954930502711866,-0.7537593200481463,26.492924306658264,0.0711045116186142,0.6595985293388367,0.8743260502815247,0.050057441003446
2.3045469632650857,0.19119803385652426,-0.6688308745156006,26.537494300152034,0.04701775312423706,0.6652955412864685,0.8930458426475525,0.04990784500114387
2.3045469632650857,0.19119803385652426,-0.6688308745156006,26.582249741441085,0.05498036742210388,0.6670011878013611,0.8910483717918396,0.05022784700122429
2.3045469632650857,0.19119803385652426,-0.6688308745156006,26.626521075133077,0.06296880543231964,0.668647050857544,0.8890175223350525,0.04979804399772547
2.31178118982117,0.19024006407024638,-0.5865427477178251,26.67156749819703,0.07123702764511108,0.6739586591720581,0.9009565711021423,0.049998440001218114
2.31178118982117,0.19024006407024638,-0.5865427477178251,26.716493600092225,0.07916077971458435,0.6754346489906311,0.8987122774124146,0.04998941599478712
2.31178118982117,0.19024006407024638,-0.5865427477178251,26.761329922929082,0.08706334233283997,0.6769067645072937,0.8964740633964539,0.05001407700183336
2.3193124516787855,0.1917609775090764,-0.5023410578813936,26.807160621021428,0.07429040968418121,0.6830975413322449,0.9172676801681519,0.04996436600049492
2.3193124516787855,0.1917609775090764,-0.5023410578813936,26.85296147466678,0.08189862966537476,0.6849231123924255,0.9155423641204834,0.05002592500386527
2.322246778696357,0.19294777869042454,-0.4295707799737617,26.90079710833934,0.19395197927951813,0.7051945328712463,0.9561973214149475,0.050026947996229865
2.322246778696357,0.19294777869042454,-0.4295707799737617,26.94862530248689,0.202888622879982,0.7039188742637634,0.9538557529449463,0.05014195699914126
2.3243153046803964,0.1939301282586825,-0.3546177789540091,26.99650164981508,0.19415302574634552,0.704072117805481,0.9610270261764526,0.049817899001936894
2.3243153046803964,0.1939301282586825,-0.3546177789540091,27.044448632886034,0.2030971795320511,0.7027954459190369,0.9586837887763977,0.050013344996841624
2.3243153046803964,0.1939301282586825,-0.3546177789540091,27.092301052837062,0.21177813410758972,0.7017873525619507,0.9567853212356567,0.050013748004857916
2.3223074801045165,0.1954835187177113,-0.27964345192407686,27.140058838219087,0.24556446075439453,0.7030548453330994,0.9562544822692871,0.04994254800112685
2.3223074801045165,0.1954835187177113,-0.27964345192407686,27.18781395702146,0.25424033403396606,0.7026762366294861,0.954052746295929,0.050055009000061546
2.323985987436076,0.19630009008726595,-0.20681693346477636,27.235868542447054,0.24382703006267548,0.7018369436264038,0.9603645205497742,0.050037859997246414
2.323985987436076,0.19630009008726595,-0.20681693346477636,27.284607331103913,0.2528083920478821,0.7006627321243286,0.9581210613250732,0.05086913400009507
2.323985987436076,0.19630009008726595,-0.20681693346477636,27.331667310262294,0.2615755796432495,0.7001767158508301,0.9554839730262756,0.049252504999458324
2.3285028560648704,0.19521529204283658,-0.13747190402737883,27.379037153066356,0.28367069363594055,0.6938483119010925,0.9509504437446594,0.04981315600161906
2.3285028560648704,0.19521529204283658,-0.13747190402737883,27.426481469570223,0.2928248643875122,0.6937164068222046,0.9487183690071106,0.05000885199842742
2.3285028560648704,0.19521529204283658,-0.13747190402737883,27.4739054783088,0.3023325204849243,0.6937136650085449,0.9465518593788147,0.05010185999708483
2.337846794830919,0.19506512897912984,-0.06465135811930962,27.521337445768676,0.30548492074012756,0.6864280700683594,0.9505512118339539,0.04989943400141783
2.337846794830919,0.19506512897912984,-0.06465135811930962,27.568834808786953,0.315432071685791,0.6862509846687317,0.9485276937484741,0.050074830003723036
2.337846794830919,0.19506512897912984,-0.06465135811930962,27.616118756253947,0.32549142837524414,0.6860858798027039,0.9464860558509827,0.04995736300043063
2.3536235079001493,0.1938227135352552,0.013337395132540663,27.66436416967184,0.304888516664505,0.6804753541946411,0.9586194753646851,0.050328012999671046
2.3536235079001493,0.1938227135352552,0.013337395132540663,27.711828242621934,0.31522709131240845,0.6798802614212036,0.9561577439308167,0.049640420998912305
2.373500370773118,0.19653916514792721,0.09665733359785846,27.7601521175941,0.30142050981521606,0.6783062219619751,0.9662172198295593,0.05001346900098724
2.373500370773118,0.19653916514792721,0.09665733359785846,27.80834106684612,0.31285953521728516,0.6771047711372375,0.9638753533363342,0.0499950009980239
2.373500370773118,0.19653916514792721,0.09665733359785846,27.856651335354,0.3232857882976532,0.6758036017417908,0.9616290926933289,0.0502379440004006
2.373500370773118,0.19653916514792721,0.09665733359785846,27.904385294912835,0.33366838097572327,0.6744835376739502,0.9593339562416077,0.04975739600195084
2.373500370773118,0.19653916514792721,0.09665733359785846,27.95224180979614,0.34493035078048706,0.6737359166145325,0.9561172723770142,0.050052975995640736
2.414429868012086,0.20583160569534986,0.2508868229185711,28.000741993386068,0.3127734065055847,0.667919933795929,0.9684245586395264,0.05008153000380844
2.414429868012086,0.20583160569534986,0.2508868229185711,28.049099408083084,0.32608845829963684,0.666176438331604,0.965114951133728,0.050105342001188546
2.414429868012086,0.20583160569534986,0.2508868229185711,28.097195649143874,0.3393588066101074,0.6645399928092957,0.9618156552314758,0.05000567499519093
2.4435040026516686,0.21747738694349866,0.33445331147372287,28.14585775948605,0.30450931191444397,0.6616690754890442,0.9761098027229309,0.049853110998810735
2.4435040026516686,0.21747738694349866,0.33445331147372287,28.194605166306403,0.31901347637176514,0.6578584313392639,0.9765022397041321,0.049920425000891555
2.4435040026516686,0.21747738694349866,0.33445331147372287,28.243653317998938,0.3335416615009308,0.6540787220001221,0.9768553376197815,0.05021025099995313
2.4737468722369096,0.23180421401736007,0.423602324293195,28.2931692223268,0.3005901277065277,0.600835382938385,0.9947784543037415,0.049775810999562964
2.4737468722369096,0.23180421401736007,0.423602324293195,28.342685644596973,0.3147937059402466,0.5499752759933472,0.9900407791137695,0.05001452800206607
2.4737468722369096,0.23180421401736007,0.423602324293195,28.39201920075476,0.31829047203063965,0.4395664930343628,0.986261785030365,0.0500207520017284
2.5042340033832793,0.24943622357692807,0.5069578699874944,28.442163074941337,0.21432989835739136,-0.2839966118335724,0.9980592131614685,0.05024138199951267
2.5042340033832793,0.24943622357692807,0.5069578699874944,28.49135465413842,0.2192806601524353,-0.36538100242614746,0.9889208674430847,0.04974268499790924
2.5316530148633642,0.2680555921720134,0.5871176424834488,28.539016323356673,0.14063160121440887,-0.6933366060256958,0.951974093914032,0.050066141004208475
2.5316530148633642,0.2680555921720134,0.5871176424834488,28.58622403979343,0.14478372037410736,-0.6955722570419312,0.9413310885429382,0.05014995999954408
2.546601982269838,0.2839311517178033,0.666169934269145,28.630379902354264,0.06883484870195389,-0.7221523523330688,0.8868927359580994,0.04978715099423425
2.546601982269838,0.2839311517178033,0.666169934269145,28.674026638557464,0.06705089658498764,-0.7241793274879456,0.87002032995224,0.05016749000060372
2.546601982269838,0.2839311517178033,0.666169934269145,28.71676119011513,0.06717909872531891,-0.7241477370262146,0.8534937500953674,0.05007014000148047
2.565104007254558,0.30565023031037347,0.7413535179051814,28.75627388978324,0.03064301609992981,-0.7185108065605164,0.7932252883911133,0.049812707999080885
2.565104007254558,0.30565023031037347,0.7413535179051814,28.795077219789967,0.03242217004299164,-0.7172922492027283,0.7741434574127197,0.05012421100400388
2.565104007254558,0.30565023031037347,0.7413535179051814,28.83280128927345,0.03415950387716293,-0.7160283327102661,0.7553346157073975,0.04994351999630453
2.580917682939288,0.32235758174602835,0.7723212054974817,28.867479411420792,0.01,-0.6976527571678162,0.6952971816062927,0.04987525199976517
2.580917682939288,0.32235758174602835,0.7723212054974817,28.901388654875905,0.01,-0.6965153813362122,0.6783502101898193,0.04998781299946131
2.5830809198674842,0.32863948432550794,0.7411538801235239,28.935759992029464,0.01206633448600769,-0.6940582990646362,0.6891458034515381,0.04987527600314934
2.5830809198674842,0.32863948432550794,0.7411538801235239,28.96953371624588,0.013241179287433624,-0.6921160221099854,0.6737724542617798,0.050126305999583565
2.5830809198674842,0.32863948432550794,0.7411538801235239,29.002572003635162,0.014395534992218018,-0.6902077794075012,0.6586665511131287,0.050159352002083324
2.5830809198674842,0.32863948432550794,0.7411538801235239,29.03479338400013,0.015574134886264801,-0.688381016254425,0.6443759799003601,0.0500040059996536
2.5830809198674842,0.32863948432550794,0.7411538801235239,29.0664953331611,0.017000168561935425,-0.6868167519569397,0.6331175565719604,0.05007276900141733
2.5830809198674842,0.32863948432550794,0.7411538801235239,29.097462623526347,0.018863677978515625,-0.6870548129081726,0.6222341060638428,0.04976790899672778
2.5803383147148926,0.33111359850353866,0.6457518521425921,29.13236654440457,0.02753804624080658,-0.6828520894050598,0.6947451829910278,0.05023988900211407
2.5803383147148926,0.33111359850353866,0.6457518521425921,29.16651131391777,0.029041841626167297,-0.6810984015464783,0.6831933856010437,0.049978190996625926
2.5763057387571338,0.33092222148127515,0.572505874306175,29.203627164294552,0.03545747697353363,-0.6794745326042175,0.7456509470939636,0.0497764410029049
2.5763057387571338,0.33092222148127515,0.572505874306175,29.240344803058495,0.03942454606294632,-0.6771993637084961,0.7343349456787109,0.05000121399643831
2.5763057387571338,0.33092222148127515,0.572505874306175,29.27661292434966,0.0448613315820694,-0.6784845590591431,0.7227094173431396,0.05018354600179009
2.569292654059567,0.331829588465662,0.49115516084732846,29.31435751873737,0.08421365916728973,-0.6814008355140686,0.7560174465179443,0.04992556000070181
2.569292654059567,0.331829588465662,0.49115516084732846,29.351480328903047,0.08923640847206116,-0.6830112934112549,0.7443820238113403,0.04987064300075872
2.569292654059567,0.331829588465662,0.49115516084732846,29.388268336723527,0.09490204602479935,-0.6846776008605957,0.7324514389038086,0.05022586599807255
2.575233159086053,0.33506590918517104,0.40307011410247356,29.429024126323895,0.10063570737838745,-0.6918187737464905,0.8142236471176147,0.050054785002430435
2.575233159086053,0.33506590918517104,0.40307011410247356,29.468871309712497,0.10727916657924652,-0.6944679021835327,0.8012149930000305,0.049733446998288855
2.582068253603162,0.3363931835010036,0.3156373202409797,29.512415393022863,0.13518068194389343,-0.6917860507965088,0.8690643310546875,0.05010455699812155
2.582068253603162,0.3363931835010036,0.3156373202409797,29.55529131469225,0.1423070728778839,-0.6925889849662781,0.8564520478248596,0.050062255999364424
2.582068253603162,0.3363931835010036,0.3156373202409797,29.59742665736868,0.14905805885791779,-0.6934108734130859,0.8439927101135254,0.049923823004064616
2.5893713874590905,0.33638104469330044,0.24268325136221475,29.643605687680257,0.16044968366622925,-0.6899895668029785,0.9253218770027161,0.049905909996596165
2.5893713874590905,0.33638104469330044,0.24268325136221475,29.689455487072642,0.16707995533943176,-0.6908841729164124,0.9119709730148315,0.05027550300292205
2.596767684845191,0.3363019757864176,0.1703286664844936,29.737296135372144,0.17752927541732788,-0.6954019665718079,0.9639576077461243,0.04962941099802265
2.596767684845191,0.3363019757864176,0.1703286664844936,29.785577442366076,0.18483996391296387,-0.6941651701927185,0.9588705897331238,0.05035226600011811
2.596767684845191,0.3363019757864176,0.1703286664844936,29.83317167166866,0.1921994686126709,-0.6928938031196594,0.9536696076393127,0.04990641299809795
2.603284058241296,0.3353861108405635,0.09929754253707002,29.88217894201383,0.20203329622745514,-0.6975185871124268,0.9825681447982788,0.04987671400158433
2.603284058241296,0.3353861108405635,0.09929754253707002,29.931385475333474,0.21067655086517334,-0.6971977949142456,0.9811118245124817,0.05015384800208267
2.603284058241296,0.3353861108405635,0.09929754253707002,29.980246753402728,0.2192433476448059,-0.6967914700508118,0.9792411923408508,0.04989708199718734
2.614635302684335,0.3363520354842028,0.03154691736363895,30.029861155214917,0.22792285680770874,-0.6966326832771301,0.9919745326042175,0.05001580200041644
2.614635302684335,0.3363520354842028,0.03154691736363895,30.079246748279022,0.23549315333366394,-0.6964235901832581,0.9899819493293762,0.04988534699805314
2.6251868249150894,0.33591194192546137,-0.04170677797740916,30.129254128278465,0.25390899181365967,-0.6879326701164246,1.0,0.05000737999944249
2.6251868249150894,0.33591194192546137,-0.04170677797740916,30.179353080279018,0.26045486330986023,-0.6842660307884216,1.0,0.050098952000553254
2.6251868249150894,0.33591194192546137,-0.04170677797740916,30.22925649628107,0.2674943208694458,-0.6823484301567078,1.0,0.049903416002052836
2.629915992473502,0.3337682636470197,-0.10900117955573262,30.27930937528092,0.3025050759315491,-0.6702513098716736,1.0,0.05005287899984978
2.629915992473502,0.3337682636470197,-0.10900117955573262,30.3292669802797,0.3098343312740326,-0.6696749329566956,1.0,0.04995760499878088
2.639388855127251,0.3317235467274126,-0.18599286278211447,30.379193211283766,0.3359115421772003,-0.6498677134513855,1.0,0.0499262310040649
2.639388855127251,0.3317235467274126,-0.18599286278211447,30.42926510527852,0.34338057041168213,-0.6480643153190613,1.0,0.050071893994754646
2.639388855127251,0.3317235467274126,-0.18599286278211447,30.479495163283193,0.35062846541404724,-0.6455304026603699,1.0,0.05023005800467217
2.639388855127251,0.3317235467274126,-0.18599286278211447,30.529329025285026,0.3572176694869995,-0.64286869764328,1.0,0.04983386200183304
2.6469618995759685,0.3283013103192125,-0.25198648972144466,30.579287805285478,0.4015289843082428,-0.6529095768928528,1.0,0.04995878000045195
2.6469618995759685,0.3283013103192125,-0.25198648972144466,30.62927870528458,0.40923169255256653,-0.6533251404762268,1.0,0.04999089999910211
2.665450066439992,0.3227636415631481,-0.32103501965809483,30.67935954028164,0.378426194190979,-0.6124683022499084,1.0,0.050080834997061174
2.665450066439992,0.3227636415631481,-0.32103501965809483,30.72926361328084,0.3863984942436218,-0.612295925617218,1.0,0.049904072999197524
2.683159824302309,0.31539850716633666,-0.39121881226795785,30.77916818928154,0.3572184145450592,-0.5120607018470764,1.0,0.04990457600069931
2.683159824302309,0.31539850716633666,-0.39121881226795785,30.829341926281106,0.36494070291519165,-0.5150488018989563,1.0,0.050173736999568064
2.683159824302309,0.31539850716633666,-0.39121881226795785,30.87950070828467,0.3727937340736389,-0.5185818076133728,1.0,0.05015878200356383
2.700300629260293,0.30649853354767004,-0.4601467333152604,30.929258452281122,0.34110236167907715,-0.37812432646751404,1.0,0.04975774399645161
2.700300629260293,0.30649853354767004,-0.4601467333152604,30.97928304728359,0.34965819120407104,-0.3861464560031891,1.0,0.05002459500246914
2.700300629260293,0.30649853354767004,-0.4601467333152604,31.02925090828305,0.35818082094192505,-0.3927666246891022,1.0,0.049967860999458935
2.7176159030314357,0.29627041951382604,-0.539426784124884,31.07927723427949,0.33571091294288635,-0.044233620166778564,1.0,0.0500263259964413
2.7176159030314357,0.29627041951382604,-0.539426784124884,31.129259728284726,0.3448077440261841,-0.10465846955776215,1.0,0.04998249400523491
2.737456278354208,0.28300325340287075,-0.6223488522254208,31.179239261280802,0.28912675380706787,0.6437168121337891,1.0,0.04997953299607616
2.737456278354208,0.28300325340287075,-0.6223488522254208,31.22926458928507,0.3112909495830536,0.6184534430503845,1.0,0.05002532800426707
2.737456278354208,0.28300325340287075,-0.6223488522254208,31.279420787283218,0.3306981921195984,0.5964897274971008,1.0,0.050156197998148855
2.7573570601279664,0.2678577967620328,-0.7036697950551289,31.326834414252083,0.23695331811904907,0.7005732655525208,0.9513502717018127,0.049838243998237886
2.7573570601279664,0.2678577967620328,-0.7036697950551289,31.37442681109372,0.24445638060569763,0.7023622393608093,0.951458752155304,0.05002045199944405
2.7573570601279664,0.2678577967620328,-0.7036697950551289,31.422065522681066,0.25194108486175537,0.7041348814964294,0.9515267610549927,0.0500655510040815
2.772717539510622,0.2544931643428735,-0.7693615756524576,31.468427605441217,0.21470174193382263,0.6871466040611267,0.9247505068778992,0.050134692995925434
2.772717539510622,0.2544931643428735,-0.7693615756524576,31.514626347332065,0.22198647260665894,0.6888452768325806,0.924807071685791,0.04995500500081107
2.791422862762456,0.23544465096437484,-0.8129906746039102,31.559618822992174,0.17198096215724945,0.6695000529289246,0.9017515778541565,0.049894534997292794
2.791422862762456,0.23544465096437484,-0.8129906746039102,31.604574976419297,0.1794143170118332,0.6703853011131287,0.8999597430229187,0.04995351600518916
2.791422862762456,0.23544465096437484,-0.8129906746039102,31.649541249688323,0.18665015697479248,0.671200692653656,0.8980687260627747,0.05006996899464866
2.809948252541027,0.21735247271526,-0.7983509027318431,31.694142511738068,0.13458311557769775,0.6580663323402405,0.8921541571617126,0.04999277500610333
2.809948252541027,0.21735247271526,-0.7983509027318431,31.73866421281265,0.1428539901971817,0.6580188274383545,0.889125406742096,0.05007358999864664
2.824570239697232,0.20177657064886134,-0.7427760341166184,31.783657673787705,0.10024125874042511,0.6590486168861389,0.9028182029724121,0.049836678997962736
2.824570239697232,0.20177657064886134,-0.7427760341166184,31.828647643172534,0.10875856876373291,0.6593021750450134,0.900080680847168,0.04998437400354305
2.824570239697232,0.20177657064886134,-0.7427760341166184,31.873551433845165,0.11657075583934784,0.6597182154655457,0.8977145552635193,0.05002012099430431
2.824570239697232,0.20177657064886134,-0.7427760341166184,31.918347521801874,0.12428711354732513,0.6601518988609314,0.8953956961631775,0.05002937600511359
2.834391124382298,0.19570091490495697,-0.6834056311308427,31.963684574614483,0.0992577075958252,0.6621443629264832,0.9074954390525818,0.04995843600045191
2.834391124382298,0.19570091490495697,-0.6834056311308427,32.00910113252267,0.10704858601093292,0.6625823974609375,0.9051540493965149,0.05017550099728396
2.8396698592840752,0.19163182974016965,-0.6083486522239319,32.0547284379086,0.09405024349689484,0.6656031012535095,0.9164322018623352,0.0497879769973224
2.8396698592840752,0.19163182974016965,-0.6083486522239319,32.10054018791807,0.10189023613929749,0.6660445332527161,0.9140768647193909,0.05011804999958258
2.8396698592840752,0.19163182974016965,-0.6083486522239319,32.146059773563955,0.109762042760849,0.6664877533912659,0.9117118716239929,0.04992760000459384
2.8384620360898642,0.1929230916157217,-0.5256507212943122,32.192009613786176,0.11954200267791748,0.6700677275657654,0.9186522364616394,0.05001875399466371
2.8384620360898642,0.1929230916157217,-0.5256507212943122,32.23777566562682,0.1280207633972168,0.6705109477043152,0.915973961353302,0.049964359001023695
2.84125352149063,0.19159123441562212,-0.4365336422233816,32.28413998895278,0.1237296313047409,0.6743291020393372,0.9268004894256592,0.050026217999402434
2.84125352149063,0.19159123441562212,-0.4365336422233816,32.33035602146417,0.13073201477527618,0.6746436357498169,0.9237830638885498,0.05002909700124292
2.8418862902189703,0.19275870817114407,-0.3507409030414962,32.37697881694872,0.13484430313110352,0.6783523559570312,0.9337080121040344,0.049932950001675636
2.8418862902189703,0.19275870817114407,-0.3507409030414962,32.42354685363692,0.14186546206474304,0.6786222457885742,0.9306759238243103,0.05003679099900182
2.8418862902189703,0.19275870817114407,-0.3507409030414962,32.469921447874356,0.14808475971221924,0.6789492964744568,0.9277141094207764,0.04998802299814997
2.850142762431696,0.19130007092427223,-0.28038409597211356,32.5169047793695,0.13242250680923462,0.6808070540428162,0.9396184086799622,0.05000256600033026
2.850142762431696,0.19130007092427223,-0.28038409597211356,32.563833522007805,0.1381516009569168,0.6812757253646851,0.9367321133613586,0.050098359999537934
2.850142762431696,0.19130007092427223,-0.28038409597211356,32.61042375557179,0.14406387507915497,0.6816504001617432,0.9337679743766785,0.04989487200509757
2.866339610701996,0.18742033539304317,-0.20512047229800354,32.65812998823229,0.10859261453151703,0.6826421618461609,0.9511023163795471,0.05015888599882601
2.866339610701996,0.18742033539304317,-0.20512047229800354,32.70552515710785,0.11591370403766632,0.6832846403121948,0.9480471014976501,0.04999241999757942
2.8756377402372353,0.18867738133284134,-0.13489681180383806,32.75354942212449,0.10777971148490906,0.6836664080619812,0.9587921500205994,0.05008829600410536
2.8756377402372353,0.18867738133284134,-0.13489681180383806,32.80112414685524,0.11616392433643341,0.6834249496459961,0.9558917880058289,0.04976999000064097
2.8756377402372353,0.18867738133284134,-0.13489681180383806,32.8487689778197,0.12466830015182495,0.6838532090187073,0.9525828957557678,0.05001646699383855
2.886548551918358,0.18840417683241284,-0.063576207009644,32.89692842621655,0.12818241119384766,0.6840543746948242,0.9627135992050171,0.05002468900056556
2.886548551918358,0.18840417683241284,-0.063576207009644,32.94484972799394,0.13854120671749115,0.6838826537132263,0.9595299363136292,0.04994247700233245
2.886548551918358,0.18840417683241284,-0.063576207009644,32.99265820787525,0.1486491709947586,0.6843752264976501,0.9558128118515015,0.05001866399834398
2.895868672609593,0.18905435061191475,0.0028888318042355615,33.04090127604587,0.15900294482707977,0.6858200430870056,0.9647933840751648,0.0500035229997593
2.895868672609593,0.18905435061191475,0.0028888318042355615,33.089029069875735,0.16854198276996613,0.6864078044891357,0.9617928862571716,0.050039665002259426
2.9022561438965706,0.19001113165867864,0.07756567642716401,33.13755937607176,0.1881439983844757,0.6893928050994873,0.9718441367149353,0.04993630600074539
2.9022561438965706,0.19001113165867864,0.07756567642716401,33.18618596155924,0.19761665165424347,0.6899287700653076,0.9693490266799927,0.050164166001195554
2.9022561438965706,0.19001113165867864,0.07756567642716401,33.234405254925704,0.20664504170417786,0.6907726526260376,0.9665913581848145,0.049885913998878095
2.9141596159201777,0.19100645331319033,0.15680618799374993,33.28353351515825,0.21129125356674194,0.6939461827278137,0.9812882542610168,0.0500650649992167
2.9141596159201777,0.19100645331319033,0.15680618799374993,33.33260514887514,0.22047947347164154,0.694294273853302,0.9797080159187317,0.05008801900112303
2.9141596159201777,0.19100645331319033,0.15680618799374993,33.381319770120854,0.2294718474149704,0.6950260400772095,0.9779269099235535,0.04981417399540078
2.929536608126025,0.19412560117929728,0.23195774694105475,33.430807966866546,0.22769087553024292,0.6964928507804871,0.9914610981941223,0.04991441099991789
2.929536608126025,0.19412560117929728,0.23195774694105475,33.4803793607776,0.23625385761260986,0.6970865726470947,0.9898563623428345,0.050079381006071344
2.9446965372893197,0.19810190144465994,0.3041543149498627,33.530599041030584,0.2397254854440689,0.6957564949989319,0.9981678128242493,0.05031186099949991
2.9446965372893197,0.19810190144465994,0.3041543149498627,33.580127042080875,0.24814148247241974,0.6964078545570374,0.996573805809021,0.04969827699824236
2.9610409372488196,0.20428531550837548,0.36928964860470104,33.63012803207968,0.24547617137432098,0.6955627799034119,1.0,0.0500009899988072
2.9610409372488196,0.20428531550837548,0.36928964860470104,33.68012802207815,0.25326186418533325,0.696112334728241,1.0,0.049999989998468664
2.9610409372488196,0.20428531550837548,0.36928964860470104,33.73012066508383,0.26189732551574707,0.6966924071311951,1.0,0.04999264300568029
2.972075281869066,0.21116481197048204,0.44074901933007143,33.78012415807754,0.2804003357887268,0.6937252879142761,1.0,0.0500034929937101
2.972075281869066,0.21116481197048204,0.44074901933007143,33.83030162708312,0.29070648550987244,0.6931230425834656,1.0,0.050177469005575404
2.972075281869066,0.21116481197048204,0.44074901933007143,33.880135616154995,0.3003879189491272,0.6928644180297852,0.9981201887130737,0.049927843996556476
2.986707022032903,0.22129187341188175,0.5170154890551053,33.93011003415287,0.3087824881076813,0.6896191835403442,1.0,0.04997441799787339
2.986707022032903,0.22129187341188175,0.5170154890551053,33.97884557805606,0.30702418088912964,0.6699526906013489,0.9732365608215332,0.05007574300543638
2.986707022032903,0.22129187341188175,0.5170154890551053,34.02733622797775,0.31846266984939575,0.6686449646949768,0.9706118702888489,0.049958846997469664
2.9975284190610245,0.22979509071622528,0.5979013269738586,34.07582153605405,0.3384197950363159,0.6544567942619324,0.971920371055603,0.049886091001098976
2.9975284190610245,0.22979509071622528,0.5979013269738586,34.124641501450306,0.35223478078842163,0.6504455208778381,0.9721905589103699,0.05021645699889632
3.0121138003499612,0.23643678095052723,0.6796727347781213,34.17366065235563,0.3431229591369629,0.6463878750801086,0.9840545058250427,0.04981345099804457
3.0121138003499612,0.23643678095052723,0.6796727347781213,34.22305727869723,0.3560192584991455,0.6407026648521423,0.9852979779243469,0.050133693002862856
3.0121138003499612,0.23643678095052723,0.6796727347781213,34.27227359511366,0.3618652820587158,0.6266892552375793,0.9861229062080383,0.049908906999917235
3.023905999145356,0.2480820008094318,0.7495627048411517,34.321584745105326,0.34763941168785095,0.2505972385406494,0.9853507280349731,0.05004426199593581
3.023905999145356,0.2480820008094318,0.7495627048411517,34.37066822682499,0.3507079780101776,0.13574433326721191,0.9814215898513794,0.05001263700251002
3.0406737714777794,0.26406412502927457,0.8332401094137566,34.41925753168044,0.2952955961227417,-0.3406371772289276,0.9723189473152161,0.049972599001193885
3.0406737714777794,0.26406412502927457,0.8332401094137566,34.46678914859895,0.29775023460388184,-0.4053562879562378,0.9524305462837219,0.04990559900033986
3.0406737714777794,0.26406412502927457,0.8332401094137566,34.51343238860681,0.3001236021518707,-0.43599453568458557,0.932452917098999,0.050022085997625254
3.0601615533426036,0.28584746485202656,0.917266986099718,34.55556416007114,0.1828770935535431,-0.6564715504646301,0.8430801033973694,0.04997362800349947
3.0601615533426036,0.28584746485202656,0.917266986099718,34.59683024382388,0.18489861488342285,-0.6641367673873901,0.822587788105011,0.05016617599903839
3.0601615533426036,0.28584746485202656,0.917266986099718,34.6370179966897,0.18687844276428223,-0.671644389629364,0.8025163412094116,0.050077177002094686
3.0797445384365867,0.31729118311058324,1.0022142667977703,34.6741908340031,0.07408967614173889,-0.7159437537193298,0.7437731027603149,0.04997873299726052
3.0797445384365867,0.31729118311058324,1.0022142667977703,34.71059177572687,0.07289128005504608,-0.7180293202400208,0.7241042256355286,0.05027030700148316
3.091031179253369,0.3396864855200745,1.0406029932356915,34.74500098876235,0.038778260350227356,-0.7215328812599182,0.6929528713226318,0.04965592100052163
3.091031179253369,0.3396864855200745,1.0406029932356915,34.77881751870761,0.0401894673705101,-0.7203835844993591,0.6749473214149475,0.050102472996513825
3.091031179253369,0.3396864855200745,1.0406029932356915,34.81157418431482,0.041265957057476044,-0.7185402512550354,0.6583759188652039,0.04975374200148508
3.094882729427537,0.35293794394713945,1.0096181096092363,34.84335886503736,0.033582523465156555,-0.7032678723335266,0.6357359290122986,0.04999667200172553
3.094882729427537,0.35293794394713945,1.0096181096092363,34.87453027889106,0.03461159020662308,-0.7016196846961975,0.6213894486427307,0.05016405399510404
3.0989120119422773,0.36125370692611025,0.9469118334360163,34.90805930231786,0.026852615177631378,-0.6927340626716614,0.6736275553703308,0.04977383000368718
3.0989120119422773,0.36125370692611025,0.9469118334360163,34.94110664603457,0.028099894523620605,-0.6912675499916077,0.6600011587142944,0.05007164499693317
3.0989120119422773,0.36125370692611025,0.9469118334360163,34.973529541215704,0.029625877737998962,-0.689909815788269,0.6485833525657654,0.049990329003776424
3.1009383054379183,0.3639843373787772,0.8745615860505213,35.00855804620445,0.0369417667388916,-0.6874637603759766,0.7001683712005615,0.05002868799783755
3.1009383054379183,0.3639843373787772,0.8745615860505213,35.042931082796485,0.038506366312503815,-0.6858912706375122,0.687889575958252,0.049968829000135884
3.1009383054379183,0.3639843373787772,0.8745615860505213,35.07672039995412,0.04004178196191788,-0.6843483448028564,0.675840437412262,0.049995998000667896
3.1048612730946847,0.37036022683998443,0.794484024646661,35.11520891030878,0.04834514856338501,-0.6881174445152283,0.7698150873184204,0.049997084999631625
3.1048612730946847,0.37036022683998443,0.794484024646661,35.15306135378086,0.05308961868286133,-0.6861680150032043,0.7567975521087646,0.050016604000120424
3.112547339919484,0.376744031359879,0.7129557893741546,35.19473082865177,0.051994211971759796,-0.6847203969955444,0.8332762718200684,0.0500067940010922
3.112547339919484,0.376744031359879,0.7129557893741546,35.235843320812684,0.05702824890613556,-0.682513952255249,0.8217878341674805,0.05002810999576468
3.112547339919484,0.376744031359879,0.7129557893741546,35.27636543780634,0.06132072955369949,-0.6803715229034424,0.8100755214691162,0.050022641000396106
3.1178864808528655,0.380717819322848,0.6413937178889442,35.31941429554248,0.08417336642742157,-0.6832205653190613,0.8623401522636414,0.04992097100330284
3.1178864808528655,0.380717819322848,0.6413937178889442,35.362093981257445,0.08930866420269012,-0.6803253293037415,0.8534846901893616,0.05000638699857518
3.1172018162736324,0.3807868277116654,0.5616427214916992,35.40726953641728,0.11546456813812256,-0.6844441890716553,0.9039998054504395,0.04997297000227263
3.1172018162736324,0.3807868277116654,0.5616427214916992,35.45218834712476,0.12077638506889343,-0.6808830499649048,0.895352840423584,0.050168836998636834
3.1172018162736324,0.3807868277116654,0.5616427214916992,35.496580985119444,0.1263498067855835,-0.6783743500709534,0.886603057384491,0.050070477002009284
3.1126962730971623,0.3766299209208022,0.47865272507218976,35.54295796676305,0.152225062251091,-0.6836808323860168,0.9317070841789246,0.04977635399700375
3.1126962730971623,0.3766299209208022,0.47865272507218976,35.58931002229383,0.15914428234100342,-0.6822160482406616,0.9260079264640808,0.050055787003657315
3.1126962730971623,0.3766299209208022,0.47865272507218976,35.63516353161416,0.16607648134231567,-0.6820572018623352,0.9180300235748291,0.04994772299687611
3.1106872936566585,0.37611432340876005,0.4034592812113379,35.682227554519876,0.2044837772846222,-0.6837449669837952,0.9407574534416199,0.05002779699862003
3.1106872936566585,0.37611432340876005,0.4034592812113379,35.72900068699511,0.21212850511074066,-0.6823205351829529,0.9356886744499207,0.04998792200058233
3.1119162869195667,0.3782629874652082,0.3198323012350021,35.777957471084605,0.22230571508407593,-0.6908658146858215,0.9788491725921631,0.050014635002298746
3.1119162869195667,0.3782629874652082,0.3198323012350021,35.82670420857808,0.2302514761686325,-0.6899620890617371,0.9751863479614258,0.04998709999927087
3.1119162869195667,0.3782629874652082,0.3198323012350021,35.87521727772996,0.23784296214580536,-0.6885891556739807,0.9700333476066589,0.05001175399956992
3.1183272743433026,0.38051527845471295,0.24928994543342792,35.92470007271295,0.27299660444259644,-0.6885918974876404,0.9890140295028687,0.050032450002618134
3.1183272743433026,0.38051527845471295,0.24928994543342792,35.97404190411963,0.28193455934524536,-0.6882086396217346,0.9877022504806519,0.049956179995206185
3.1183272743433026,0.38051527845471295,0.24928994543342792,36.0236850958372,0.3012671172618866,-0.6915099620819092,0.9932602047920227,0.049980046998825856
3.131913825877046,0.38382056923929764,0.1752083958199996,36.073730362839335,0.30966734886169434,-0.6998555064201355,1.0,0.05004526700213319
3.131913825877046,0.38382056923929764,0.1752083958199996,36.12369560684419,0.31589534878730774,-0.697157084941864,1.0,0.04996524400485214
3.148486579179206,0.3848372068749424,0.1019489613165325,36.17369318384407,0.324598103761673,-0.7047387361526489,1.0,0.049997576999885496
3.148486579179206,0.3848372068749424,0.1019489613165325,36.22369400883871,0.3318374752998352,-0.7016028165817261,1.0,0.050000824994640425
3.148486579179206,0.3848372068749424,0.1019489613165325,36.27371441184186,0.33925244212150574,-0.6984168291091919,1.0,0.050020403003145475
3.1700775494976905,0.38605432954772034,0.025827354744899916,36.323696357843794,0.32368767261505127,-0.6729562878608704,1.0,0.049981946001935285
3.1700775494976905,0.38605432954772034,0.025827354744899916,36.373811559837115,0.33179783821105957,-0.6709990501403809,1.0,0.050115201993321534
3.188962814164553,0.3831832538948319,-0.035669723974523025,36.423666596840114,0.3037842810153961,-0.5927597284317017,1.0,0.04985503700299887
3.188962814164553,0.3831832538948319,-0.035669723974523025,36.47372594883745,0.311708003282547,-0.593572199344635,1.0,0.05005935199733358
3.188962814164553,0.3831832538948319,-0.035669723974523025,36.523684877842236,0.3196642994880676,-0.5943880677223206,1.0,0.04995892900478793
3.188962814164553,0.3831832538948319,-0.035669723974523025,36.57370927383999,0.32760441303253174,-0.5952021479606628,1.0,0.050024395997752436
3.188962814164553,0.3831832538948319,-0.035669723974523025,36.62369990283877,0.3355550467967987,-0.5960174202919006,1.0,0.049990628998784814
3.209269842670083,0.3806959269796424,-0.1102799016322411,36.67377032284093,0.3059985637664795,-0.42119184136390686,1.0,0.050070420002157334
3.235202370306878,0.3766896836928086,-0.19224640667544463,36.72383046384311,0.27468007802963257,0.37941262125968933,1.0,0.05006014100217726
3.235202370306878,0.3766896836928086,-0.19224640667544463,36.773782581838525,0.2828028202056885,0.31859585642814636,1.0,0.04995211799541721
3.260466407764726,0.3665679168638803,-0.2711901939193217,36.82256909809824,0.18283142149448395,0.6865711808204651,0.9704849123954773,0.050270247003936674
3.260466407764726,0.3665679168638803,-0.2711901939193217,36.870820880049635,0.18911808729171753,0.6877234578132629,0.9716106057167053,0.04966164600045886
3.260466407764726,0.3665679168638803,-0.2711901939193217,36.9194828526128,0.1953359842300415,0.6888631582260132,0.972724199295044,0.050026484997943044
3.2846142787697827,0.3555274851609982,-0.3552583862113296,36.966151243491254,0.13921740651130676,0.665740430355072,0.9329439997673035,0.05002271400007885
3.2846142787697827,0.3555274851609982,-0.3552583862113296,37.012781317780316,0.1456408053636551,0.6674410104751587,0.933893620967865,0.04993082000146387
3.2952675337680057,0.3498764672243877,-0.39332095096565645,37.058583137204934,0.12470966577529907,0.6573459506034851,0.9168522953987122,0.04995550499734236
3.2952675337680057,0.3498764672243877,-0.39332095096565645,37.10446810256413,0.13105064630508423,0.6584957838058472,0.9164462685585022,0.050068363998434506
3.2952675337680057,0.3498764672243877,-0.39332095096565645,37.15042287958983,0.13719408214092255,0.660073459148407,0.9171461462974548,0.05010627500450937
3.2952675337680057,0.3498764672243877,-0.39332095096565645,37.196189824876726,0.14334702491760254,0.6616536974906921,0.9178469777107239,0.04986337199807167
3.3046374061578736,0.3455169838107063,-0.3616258367326901,37.24190978203275,0.12305262684822083,0.6572681069374084,0.9141584634780884,0.050013164000120014
3.3046374061578736,0.3455169838107063,-0.3616258367326901,37.28756425125796,0.1292298585176468,0.6582514643669128,0.9133376479148865,0.04998640900157625
3.307854834091055,0.34460486595389694,-0.297394441935734,37.333754594002684,0.1265902817249298,0.6608579158782959,0.920244038105011,0.05019357999844942
3.307854834091055,0.34460486595389694,-0.297394441935734,37.37962497657061,0.13313192129135132,0.6609072089195251,0.9180737137794495,0.049963725003181025
3.311056836581279,0.3442190515415205,-0.22328752688300563,37.42577685048236,0.13315342366695404,0.6625326871871948,0.9243062734603882,0.049931364999793004
3.311056836581279,0.3442190515415205,-0.22328752688300563,37.47206758260211,0.1398414820432663,0.6626302003860474,0.9223621487617493,0.05018715499318205
3.311056836581279,0.3442190515415205,-0.22328752688300563,37.51788189253397,0.14655807614326477,0.663267195224762,0.9211351275444031,0.04973679600516334
3.320129565530128,0.34264585941070824,-0.1583396128455731,37.56429713166557,0.13178963959217072,0.6635392308235168,0.9278904795646667,0.050022324998280965
3.320129565530128,0.34264585941070824,-0.1583396128455731,37.61058471197708,0.1385156363248825,0.6636373400688171,0.9259350895881653,0.0499900919967331
3.320129565530128,0.34264585941070824,-0.1583396128455731,37.65677050251705,0.1449320912361145,0.6638079881668091,0.9241521954536438,0.04997639000066556
3.3381933401953017,0.34261708193796625,-0.07544870829910988,37.70375722401139,0.10501308739185333,0.6645032167434692,0.9389511942863464,0.050041708003846
3.3381933401953017,0.34261708193796625,-0.07544870829910988,37.75058818579041,0.11155509948730469,0.6648246645927429,0.937166690826416,0.04997079200256849
3.3544763466104324,0.3448793611554545,0.008232889155324939,37.798106386056766,0.07637563347816467,0.6650646924972534,0.9508939385414124,0.04997213499882491
3.3544763466104324,0.3448793611554545,0.008232889155324939,37.84559326012377,0.08299189805984497,0.6653897762298584,0.9490893483161926,0.05003414499515202
3.3544763466104324,0.3448793611554545,0.008232889155324939,37.89328263554013,0.08960369229316711,0.6657147407531738,0.9472858309745789,0.05034317399986321
3.380514009448279,0.3473359539931014,0.09117875691465416,37.9412376640756,0.02712574601173401,0.6673623919487,0.9658524394035339,0.04965047100267839
3.380514009448279,0.3473359539931014,0.09117875691465416,37.98947411036844,0.03368560969829559,0.6671900153160095,0.964577853679657,0.05000783099967521
3.380514009448279,0.3473359539931014,0.09117875691465416,38.03762603897753,0.0398741215467453,0.6671794652938843,0.9634710550308228,0.049977556001977064
3.398554924285386,0.3504118218147464,0.1619840328268806,38.086430023294085,0.01,0.6717352867126465,0.9757032990455627,0.05001928799902089
3.398554924285386,0.3504118218147464,0.1619840328268806,38.135161219951975,0.01,0.671429455280304,0.9745979309082031,0.05000133399880724
3.414845930105856,0.3555998282621596,0.23950678236848216,38.18450297442834,0.01,0.677020788192749,0.9866140484809875,0.05001120200176956
3.414845930105856,0.3555998282621596,0.23950678236848216,38.233789126329235,0.01,0.676726758480072,0.9856050610542297,0.050005985001917
3.414845930105856,0.3555998282621596,0.23950678236848216,38.283088990663956,0.01,0.6764330267906189,0.9845975041389465,0.05007108399877325
3.427266021904766,0.36021964889759206,0.3130346785924987,38.33271556316117,0.01,0.6810221076011658,0.9948213696479797,0.04988490799587453
3.427266021904766,0.36021964889759206,0.3130346785924987,38.38243869673798,0.01,0.6807263493537903,0.9938047528266907,0.05003310100437375
3.442121657329983,0.36737586944469125,0.3796695224320422,38.43242280873429,0.01,0.6872645020484924,1.0,0.049984111996309366
3.442121657329983,0.36737586944469125,0.3796695224320422,38.482493228736445,0.01,0.6872190237045288,1.0,0.050070420002157334
3.442121657329983,0.36737586944469125,0.3796695224320422,38.53247019273741,0.01,0.6871876120567322,1.0,0.04997696400096174
3.455589296616444,0.3746649537406222,0.448679454056099,38.58243344973644,0.01,0.6960681080818176,1.0,0.049963256999035366
3.455589296616444,0.3746649537406222,0.448679454056099,38.63240231073624,0.01,0.6960058808326721,1.0,0.04996886099979747
3.4642780833658335,0.38287215220549475,0.5081289831143767,38.68272100173536,0.01,0.7017174959182739,1.0,0.05031869099912001
3.4642780833658335,0.38287215220549475,0.5081289831143767,38.732418285732734,0.01,0.7016285061836243,1.0,0.04969728399737505
3.4642780833658335,0.38287215220549475,0.5081289831143767,38.78244674473436,0.01,0.7015405297279358,1.0,0.05002845900162356
3.4698178687742813,0.3898562209110707,0.571533279291548,38.83241251173504,0.01,0.7067957520484924,1.0,0.049965767000685446
3.4698178687742813,0.3898562209110707,0.571533279291548,38.88260291373345,0.01,0.7063949704170227,1.0,0.05019040199840674
3.4698178687742813,0.3898562209110707,0.571533279291548,38.932579491737584,0.01,0.7063062191009521,1.0,0.04997657800413435
3.473475005074294,0.39408493558242197,0.6367668398368967,38.982427557732905,0.01,0.7113444805145264,1.0,0.04984806599532021
3.473475005074294,0.39408493558242197,0.6367668398368967,39.03250843573815,0.01,0.710150420665741,1.0,0.05008087800524663
3.473475005074294,0.39408493558242197,0.6367668398368967,39.08253695673821,0.01,0.7089507579803467,1.0,0.05002852100005839
3.4735993636798064,0.39767327976300376,0.7097816424599523,39.1323922047367,0.01,0.7134906649589539,1.0,0.049855247998493724
3.4735993636798064,0.39767327976300376,0.7097816424599523,39.182646272732114,0.01,0.7125357389450073,1.0,0.05025406799541088
3.4782705891957306,0.4051973714745413,0.7811057732893867,39.2324584707375,0.01,0.720103919506073,1.0,0.049812198005383834
3.4782705891957306,0.4051973714745413,0.7811057732893867,39.28262975973385,0.01,0.7192309498786926,1.0,0.050171288996352814
3.4782705891957306,0.4051973714745413,0.7811057732893867,39.332405254738575,0.01,0.7183518409729004,1.0,0.04977549500472378
3.478020079535445,0.40909156074706216,0.8466260028219075,39.38261264973599,0.01,0.7217132449150085,1.0,0.05020739499741467
3.478020079535445,0.40909156074706216,0.8466260028219075,39.43241562673839,0.01,0.72101891040802,1.0,0.04980297700240044
3.474038633927526,0.4098938885011188,0.9273902387441524,39.4828430747356,0.01,0.7232821583747864,1.0,0.05042744799720822
3.474038633927526,0.4098938885011188,0.9273902387441524,39.53240474573877,0.01,0.7226637005805969,1.0,0.049561671003175434
3.474038633927526,0.4098938885011188,0.9273902387441524,39.58240989273227,0.01,0.7220556139945984,1.0,0.050005146993498784
3.4724388685782044,0.4113044043826845,1.0020541074213345,39.63241611373715,0.01,0.7246167063713074,1.0,0.05000622100487817
3.4724388685782044,0.4113044043826845,1.0020541074213345,39.68268260273808,0.01,0.723819375038147,1.0,0.05026648900093278
3.4724388685782044,0.4113044043826845,1.0020541074213345,39.73241682073322,0.01,0.7226980328559875,1.0,0.04973421799513744
3.4725118836657756,0.41347344853894563,1.074299834139444,39.7824199267333,0.01,0.7239527702331543,1.0,0.050003106000076514
3.4725118836657756,0.41347344853894563,1.074299834139444,39.832482494733,0.01,0.7226094603538513,1.0,0.05006256799970288
3.473582763673581,0.41713195047973406,1.1443044183018865,39.88241275773808,0.01,0.724420428276062,1.0,0.04993026300508063
3.473582763673581,0.41713195047973406,1.1443044183018865,39.93252986973576,0.01,0.7228490710258484,1.0,0.050117111997678876
3.473582763673581,0.41713195047973406,1.1443044183018865,39.98239912973705,0.01,0.7212716937065125,1.0,0.04986926000128733
3.4759215928183846,0.4231236410884063,1.2085695655028026,40.032429166733806,0.01690533757209778,0.7225057482719421,1.0,0.05003003699675901
3.4759215928183846,0.4231236410884063,1.2085695655028026,40.082471257736785,0.022101834416389465,0.7211903929710388,1.0,0.05004209100297885
3.4759215928183846,0.4231236410884063,1.2085695655028026,40.13240826073789,0.027299702167510986,0.7198747992515564,1.0,0.04993700300110504
3.476338327048265,0.4296556718884506,1.2802674600303294,40.182438127739175,0.040793657302856445,0.7213783860206604,1.0,0.05002986700128531
3.476338327048265,0.4296556718884506,1.2802674600303294,40.232430169736205,0.04621468484401703,0.7201625108718872,1.0,0.049992041997029446
3.4786805473652422,0.4358986686216958,1.3543088796034828,40.28243196773738,0.05850684642791748,0.7227030992507935,1.0,0.05000179800117621
3.4786805473652422,0.4358986686216958,1.3543088796034828,40.332424734732655,0.06437395513057709,0.7216809391975403,1.0,0.049992766995273996
3.4800581293329786,0.4440547221637345,1.4296574589627915,40.382425949733175,0.07493385672569275,0.7254700064659119,1.0,0.05000121500052046
3.4800581293329786,0.4440547221637345,1.4296574589627915,40.43273363473318,0.08076973259449005,0.7244818806648254,1.0,0.05030768500000704
3.4800581293329786,0.4440547221637345,1.4296574589627915,40.48272881173662,0.08664143085479736,0.7234877943992615,1.0,0.049995177003438585
3.4812782969540126,0.4551340429247043,1.493468101594535,40.5323765577331,0.08855278789997101,0.7283609509468079,1.0,0.04964774599648081
3.4812782969540126,0.4551340429247043,1.493468101594535,40.582447012732615,0.0954197496175766,0.7269514203071594,1.0,0.05007045499951346
3.4812782969540126,0.4551340429247043,1.493468101594535,40.63246616173902,0.10234515368938446,0.7255298495292664,1.0,0.050019149006402586
3.482556650487557,0.4673832781807965,1.5671376621129092,40.682414468733356,0.10642160475254059,0.7305118441581726,1.0,0.049948306994338054
3.482556650487557,0.4673832781807965,1.5671376621129092,40.73285211973317,0.11339612305164337,0.7290786504745483,1.0,0.05043765099981101
3.482556650487557,0.4673832781807965,1.5671376621129092,40.78240326173446,0.12043897807598114,0.7276314496994019,1.0,0.04955114200129174
3.480840793962455,0.4932660800674164,1.6483513482687544,40.832564698734956,0.09496983885765076,0.7396300435066223,1.0,0.050161437000497244
3.480840793962455,0.4932660800674164,1.6483513482687544,40.88259506873774,0.0994018167257309,0.7397107481956482,1.0,0.050030370002787095
3.4780595868216784,0.5079369771587942,1.7302476112728173,40.93248709273658,0.11324264109134674,0.7162485718727112,1.0,0.04989202399883652
3.4780595868216784,0.5079369771587942,1.7302476112728173,40.98242262873728,0.1161937266588211,0.7143548130989075,1.0,0.049935536000702996
3.4780595868216784,0.5079369771587942,1.7302476112728173,41.032450810735924,0.11930611729621887,0.711658775806427,1.0,0.05002818199864123
3.475021870632318,0.5246631020652031,1.8101555833499212,41.08293542273796,0.10949128866195679,0.5089278221130371,1.0,0.050484612002037466
3.475021870632318,0.5246631020652031,1.8101555833499212,41.13242091173643,0.11017459630966187,0.48935064673423767,1.0,0.04948548899847083
3.470624460029122,0.5406902840710461,1.8773799579871544,41.18255486073659,0.06247392296791077,0.11820356547832489,1.0,0.05013394900015555
3.470624460029122,0.5406902840710461,1.8773799579871544,41.23259338073595,0.06329680979251862,0.09328873455524445,1.0,0.0500385199993616
3.470624460029122,0.5406902840710461,1.8773799579871544,41.282764600734396,0.06468220055103302,0.07435193657875061,1.0,0.05017121999844676
3.4660994971069696,0.5582286801400753,1.9503046150376915,41.332414473733394,0.028539232909679413,-0.24482859671115875,1.0,0.049649872998998035
3.4660994971069696,0.5582286801400753,1.9503046150376915,41.38263556573557,0.03079219162464142,-0.2590692639350891,1.0,0.05022109200217528
3.4660994971069696,0.5582286801400753,1.9503046150376915,41.432469321733976,0.03307105600833893,-0.2734740078449249,1.0,0.04983375599840656
3.4620076051066144,0.5672432406940416,2.017343140196557,41.48266008773399,0.022006839513778687,-0.48813870549201965,1.0,0.050190766000014264
3.4620076051066144,0.5672432406940416,2.017343140196557,41.53246021173882,0.024554133415222168,-0.5085101127624512,1.0,0.04980012400483247
3.4564981696604486,0.5761690199119055,2.072149217370808,41.58278525473625,0.012696146965026855,-0.6665113568305969,1.0,0.05032504299742868
3.4564981696604486,0.5761690199119055,2.072149217370808,41.63278429773246,0.014231279492378235,-0.6825352907180786,1.0,0.04999904299620539
3.4564981696604486,0.5761690199119055,2.072149217370808,41.68242732673289,0.015756428241729736,-0.6984550952911377,1.0,0.04964302900043549
3.4564981696604486,0.5761690199119055,2.072149217370808,41.73269292073283,0.017297372221946716,-0.7123875021934509,1.0,0.050265593999938574
3.4564981696604486,0.5761690199119055,2.072149217370808,41.782633288733365,0.01860933005809784,-0.7182425856590271,1.0,0.04994036800053436
3.449675605602784,0.5844996150493538,2.044683323657108,41.83254938273504,0.01011684536933899,-0.7374677062034607,1.0,0.04991609400167363
3.449675605602784,0.5844996150493538,2.044683323657108,41.88253207966666,0.010843828320503235,-0.7365148663520813,0.9969725012779236,0.05013447900273604
3.449675605602784,0.5844996150493538,2.044683323657108,41.927506057574796,0.010360926389694214,-0.7036259770393372,0.9006844758987427,0.049933110996789765
3.449675605602784,0.5844996150493538,2.044683323657108,41.9716337016252,0.01,-0.7034886479377747,0.8854145407676697,0.04983840000204509
3.449675605602784,0.5844996150493538,2.044683323657108,42.01488808322848,0.01,-0.7043396234512329,0.8655580282211304,0.04997282700060168
3.449675605602784,0.5844996150493538,2.044683323657108,42.05687681982607,0.01,-0.707680344581604,0.837174117565155,0.05015532099787379
3.4457605418594377,0.5891260877973651,1.9366759826506923,42.09946994193166,0.01,-0.7100247740745544,0.8546854853630066,0.04983484900003532
3.4457605418594377,0.5891260877973651,1.9366759826506923,42.14105804898322,0.01,-0.7122392654418945,0.8261904120445251,0.05033719399943948
3.4457605418594377,0.5891260877973651,1.9366759826506923,42.180940815590475,0.01,-0.7135087251663208,0.7992773056030273,0.04989853499864694
3.4457605418594377,0.5891260877973651,1.9366759826506923,42.22002597232813,0.01,-0.7123093008995056,0.7790512442588806,0.0501702000037767
3.442475121495599,0.5938639872828124,1.8727202976834858,42.25870867577882,0.01,-0.6995882987976074,0.777397096157074,0.049759258996346034
3.442182963095424,0.5934880323326037,1.8006254727406323,42.299409616788644,0.01,-0.6976797580718994,0.8127140402793884,0.050080273002095055
3.442182963095424,0.5934880323326037,1.8006254727406323,42.33885720593944,0.01,-0.6957315802574158,0.7909567952156067,0.04987325399997644
3.442754131656306,0.5898151532371393,1.7334815664446168,42.38118264529997,0.023543864488601685,-0.7052889466285706,0.8502981066703796,0.049777177002397366
3.442754131656306,0.5898151532371393,1.7334815664446168,42.42300536525996,0.02480693906545639,-0.7017243504524231,0.8340528607368469,0.05014396800106624
3.442754131656306,0.5898151532371393,1.7334815664446168,42.464043754815904,0.026144668459892273,-0.6982628703117371,0.818080723285675,0.05016422999324277
3.4424234146114765,0.5916897051906597,1.64328905243078,42.50719113940562,0.03584343194961548,-0.6995655298233032,0.8601678013801575,0.05016159000660991
3.4424234146114765,0.5916897051906597,1.64328905243078,42.54943641990197,0.03700214624404907,-0.696060836315155,0.8440350890159607,0.050051569000061136
3.4424234146114765,0.5916897051906597,1.64328905243078,42.5905554752406,0.03796019405126572,-0.692803144454956,0.8283769488334656,0.049638096999842674
3.4413720016377556,0.5960231019839228,1.5614264083935754,42.63329189560513,0.047459155321121216,-0.6894440054893494,0.8558909296989441,0.04993208700034302
3.4413720016377556,0.5960231019839228,1.5614264083935754,42.675693192842765,0.0529710054397583,-0.6858587265014648,0.8476730585098267,0.05002081499696942
3.4413720016377556,0.5960231019839228,1.5614264083935754,42.71774345982958,0.058295778930187225,-0.682328999042511,0.8395881652832031,0.05008439700031886
3.4410181037822114,0.6013430467778639,1.483219693507479,42.76306164423241,0.07163208723068237,-0.6963900327682495,0.9079540967941284,0.049912417998712044
3.4410181037822114,0.6013430467778639,1.483219693507479,42.80810726500265,0.07686475664377213,-0.6926922798156738,0.89986252784729,0.05005833599716425
3.4408145416963722,0.6004254644752929,1.4094217931143032,42.85482503691888,0.09855636954307556,-0.7015318870544434,0.9338822960853577,0.050025332006043755
3.4408145416963722,0.6004254644752929,1.4094217931143032,42.90119411100668,0.10466191917657852,-0.6965232491493225,0.9286208748817444,0.04993326700059697
3.4408145416963722,0.6004254644752929,1.4094217931143032,42.94735193657531,0.11072187125682831,-0.6915525794029236,0.9233987927436829,0.04998688100022264
3.4421679145887163,0.6087122425079448,1.3411954132404402,42.99562514272218,0.11947832256555557,-0.7114911675453186,0.9656607508659363,0.04998981899552746
3.4421679145887163,0.6087122425079448,1.3411954132404402,43.04365181369583,0.1264631152153015,-0.7062889933586121,0.9603705406188965,0.05000848000054248
3.4433588602498326,0.6132628529601276,1.2609082171484176,43.09302954578659,0.14808052778244019,-0.7138984799385071,0.986968994140625,0.050029669000650756
3.4433588602498326,0.6132628529601276,1.2609082171484176,43.14217105217027,0.155324786901474,-0.7090612053871155,0.983427107334137,0.04996964799647685
3.4433588602498326,0.6132628529601276,1.2609082171484176,43.19117987777701,0.1625860035419464,-0.7045240998268127,0.979821503162384,0.05001811600232031
3.4446888348280074,0.6191882819669252,1.1845065338031282,43.24095343545301,0.1696450114250183,-0.7135512828826904,0.9963748455047607,0.04995465100364527
3.4446888348280074,0.6191882819669252,1.1845065338031282,43.29101372013156,0.17699266970157623,-0.708436906337738,0.9931737780570984,0.05040435599948978
3.4446888348280074,0.6191882819669252,1.1845065338031282,43.34015272045083,0.18437230587005615,-0.7040815949440002,0.9904527068138123,0.0496126669968362
3.448412884866428,0.6276641005207751,1.110245471002643,43.39025966244965,0.19620484113693237,-0.7010571360588074,1.0,0.05010694199881982
3.448412884866428,0.6276641005207751,1.110245471002643,43.44008343040736,0.20434972643852234,-0.6966328024864197,0.9985405206680298,0.04989659100101562
3.4505638052215417,0.6370575059681761,1.0412180530850685,43.49007234241112,0.30396443605422974,-0.7056764960289001,1.0,0.049988912003755104
3.4505638052215417,0.6370575059681761,1.0412180530850685,43.5401037704109,0.31007951498031616,-0.7042180299758911,1.0,0.05003142799978377
3.4505638052215417,0.6370575059681761,1.0412180530850685,43.590089651410786,0.31604844331741333,-0.7016279101371765,1.0,0.0499858809998841
3.4517538011703923,0.6435527161119627,0.9755434970802255,43.64024729240595,0.3294178545475006,-0.697293221950531,1.0,0.05015764099516673
3.4517538011703923,0.6435527161119627,0.9755434970802255,43.69030187040739,0.33590972423553467,-0.6947823166847229,1.0,0.05005457800143631
3.461295824338605,0.6579785248660179,0.8995857967790769,43.740128253408734,0.31311196088790894,-0.6575133800506592,1.0,0.049826383001345675
3.461295824338605,0.6579785248660179,0.8995857967790769,43.79012834840655,0.32100969552993774,-0.6594322919845581,1.0,0.050000094997812994
3.461295824338605,0.6579785248660179,0.8995857967790769,43.84008025340558,0.3283281922340393,-0.6597761511802673,1.0,0.049951904999034014
3.471764233616214,0.6737318122102751,0.8274452473688403,43.890081903406504,0.2951083779335022,-0.6184350848197937,1.0,0.05000165000092238
3.471764233616214,0.6737318122102751,0.8274452473688403,43.940083209407426,0.3026508688926697,-0.6218275427818298,1.0,0.05000130600092234
3.471764233616214,0.6737318122102751,0.8274452473688403,43.99005472640824,0.3108869194984436,-0.6255068778991699,1.0,0.04997151700081304
3.490178865756689,0.6953444725659643,0.7590229681873167,44.040114692409084,0.25650474429130554,-0.4798503518104553,1.0,0.050059966000844724
3.490178865756689,0.6953444725659643,0.7590229681873167,44.090359303405826,0.2654852271080017,-0.4876594841480255,1.0,0.05024461099674227
3.490178865756689,0.6953444725659643,0.7590229681873167,44.140073060411346,0.27449899911880493,-0.49549856781959534,1.0,0.049713757005520165
3.514069884141669,0.7181824514400991,0.6795689854507918,44.19036749440824,0.21621282398700714,0.3461596667766571,1.0,0.05029443399689626
3.514069884141669,0.7181824514400991,0.6795689854507918,44.24012573140903,0.2244272530078888,0.2773805260658264,1.0,0.04975823700078763
3.533263676113486,0.7350186313038549,0.6105991202421674,44.290287183405276,0.1347714364528656,0.6964127421379089,1.0,0.05016145199624589
3.533263676113486,0.7350186313038549,0.6105991202421674,44.34027344640749,0.14301198720932007,0.6979798078536987,1.0,0.04998626300221076
3.533263676113486,0.7350186313038549,0.6105991202421674,44.39009022940849,0.1512090563774109,0.6995396614074707,1.0,0.049816783001006115
3.5535121043092532,0.7479954174825909,0.5284946473399184,44.438922876396596,0.10685351490974426,0.6812075972557068,0.9747477173805237,0.0500977289993898
3.5535121043092532,0.7479954174825909,0.5284946473399184,44.487853488449225,0.11479192227125168,0.6834074258804321,0.9756425023078918,0.05015219400229398
3.5729812553337066,0.7588147956195402,0.4635139574424861,44.53509142877736,0.06629765033721924,0.6649671792984009,0.9494269490242004,0.04975415999797406
3.5729812553337066,0.7588147956195402,0.4635139574424861,44.58275037960841,0.07385781407356262,0.666210412979126,0.9481890201568604,0.050263133001863025
3.5729812553337066,0.7588147956195402,0.4635139574424861,44.630181049212425,0.08142416179180145,0.668110191822052,0.9486047029495239,0.050000457995338365
3.587342538744867,0.7671220857252233,0.4558342811329801,44.67698786229994,0.046349167823791504,0.6578136086463928,0.9397454857826233,0.04980796800373355
3.587342538744867,0.7671220857252233,0.4558342811329801,44.72395544196752,0.053770408034324646,0.6590492129325867,0.9386133551597595,0.050039326000842266
3.597679474961963,0.7756082216853621,0.489677828612226,44.77066835383513,0.027044788002967834,0.6520508527755737,0.9369214177131653,0.04985787600162439
3.597679474961963,0.7756082216853621,0.489677828612226,44.81748342570938,0.03441725671291351,0.6532321572303772,0.9357572197914124,0.05002907900052378
3.597679474961963,0.7756082216853621,0.489677828612226,44.86454658382664,0.04187561571598053,0.6544790863990784,0.9346664547920227,0.05035289099760121
3.611846807671985,0.7855259470205738,0.543525990221482,44.91131647825498,0.01,0.6529273390769958,0.9422903656959534,0.04963426999893272
3.611846807671985,0.7855259470205738,0.543525990221482,44.958604602199884,0.013568341732025146,0.6522000432014465,0.939960777759552,0.05030861400155118
3.611846807671985,0.7855259470205738,0.543525990221482,45.00524420881005,0.021348565816879272,0.6522318124771118,0.9371707439422607,0.049766391995945014
3.6234734653409983,0.7929918549403713,0.6060458583776173,45.05274564746972,0.01,0.6544061303138733,0.9463261961936951,0.050195629002701025
3.6234734653409983,0.7929918549403713,0.6060458583776173,45.0998467985623,0.01,0.6537290811538696,0.9440344572067261,0.0498934659990482
3.6404544934832472,0.8060717112702555,0.6759627735781741,45.14776467376472,0.01,0.6586402058601379,0.9584094882011414,0.04999728799884906
3.6404544934832472,0.8060717112702555,0.6759627735781741,45.195557584100044,0.01,0.6583036184310913,0.9566200971603394,0.04996017800294794
3.6404544934832472,0.8060717112702555,0.6759627735781741,45.24316894301095,0.01,0.6579553484916687,0.9548003077507019,0.04986525300046196
3.6547179336444926,0.8176514480239769,0.7412270294179502,45.29178751972619,0.01,0.6628682017326355,0.9683725237846375,0.05020648099889513
3.6547179336444926,0.8176514480239769,0.7412270294179502,45.34014104779031,0.01,0.6625502109527588,0.9666493535041809,0.05002178699942306
3.6593728864246042,0.8253083452600574,0.8123465895587983,45.38873541149768,0.01,0.6665567755699158,0.9770815372467041,0.04973419500311138
3.6593728864246042,0.8253083452600574,0.8123465895587983,45.43778087426183,0.01,0.6663178205490112,0.9755523800849915,0.05027455600065878
3.6593728864246042,0.8253083452600574,0.8123465895587983,45.48629460549425,0.01,0.6662166714668274,0.9740623831748962,0.049805568996816874
3.656023368103402,0.8254022047418845,0.8772094087116259,45.53517962171768,0.01,0.6678016185760498,0.9779754877090454,0.04998593199707102
3.656023368103402,0.8254022047418845,0.8772094087116259,45.58400895944333,0.01,0.6677650809288025,0.976581871509552,0.050000250004814006
3.656023368103402,0.8254022047418845,0.8772094087116259,45.63306379113694,0.01,0.6679396033287048,0.975381076335907,0.050292990999878384
3.6506277691366664,0.8215750338913633,0.9450288829379972,45.68165688861881,0.01,0.6694974303245544,0.9776091575622559,0.04970605799462646
3.6506277691366664,0.8215750338913633,0.9450288829379972,45.730523736905724,0.01,0.6696782112121582,0.9764603972434998,0.05004488499980653
3.6455760279670977,0.8186337661661998,1.0126732941570864,45.77937009646457,0.01,0.6711151003837585,0.9791858792304993,0.04988466500071809
3.6455760279670977,0.8186337661661998,1.0126732941570864,45.82853925662593,0.01,0.6710854172706604,0.9775667786598206,0.050297494999540504
3.6455760279670977,0.8186337661661998,1.0126732941570864,45.87725125720234,0.01,0.671025812625885,0.9756327271461487,0.04992862500512274
3.642435178293194,0.8197541863816766,1.0749448429267963,45.9261495551032,0.012159645557403564,0.672138512134552,0.9793595671653748,0.049928850996366236
3.642435178293194,0.8197541863816766,1.0749448429267963,45.97511463993854,0.01831825077533722,0.6718096137046814,0.977310836315155,0.050101854001695756
3.642435178293194,0.8197541863816766,1.0749448429267963,46.02368296463361,0.025013655424118042,0.6714937090873718,0.9751573204994202,0.04980562999844551
3.6437124821380134,0.8253814094217599,1.1490269212646727,46.072970262215385,0.028692200779914856,0.6759663224220276,0.9821504950523376,0.05018304000259377
3.6437124821380134,0.8253814094217599,1.1490269212646727,46.12191820099054,0.03674702346324921,0.675835371017456,0.979697585105896,0.0499622939969413
3.6437124821380134,0.8253814094217599,1.1490269212646727,46.17069851978865,0.04426787793636322,0.6758051514625549,0.9773480296134949,0.04991089900431689
3.643523429404548,0.8280557297358402,1.2191403727215042,46.219793533770805,0.05556197464466095,0.6805174946784973,0.9826228022575378,0.04996323499653954
3.643523429404548,0.8280557297358402,1.2191403727215042,46.26877695676028,0.06365455687046051,0.6803361773490906,0.9801685810089111,0.049974487999861594
3.6424792142349633,0.8305201869339833,1.280147447212455,46.31809996718356,0.07476744055747986,0.6844385266304016,0.9844676852226257,0.05010119800135726
3.6424792142349633,0.8305201869339833,1.280147447212455,46.367109747821324,0.08479918539524078,0.6836287379264832,0.9821200966835022,0.04990202400222188
3.643085829623238,0.8411244319217638,1.3454167484035202,46.41714040727601,0.08208267390727997,0.6871604323387146,0.9915876984596252,0.05045510299532907
3.643085829623238,0.8411244319217638,1.3454167484035202,46.46616499369837,0.0909162312746048,0.6864444613456726,0.9892900586128235,0.049555321005755104
3.643085829623238,0.8411244319217638,1.3454167484035202,46.515733897793424,0.09883646667003632,0.6860735416412354,0.9875542521476746,0.0501936009968631
3.6457879796020616,0.8541048061126688,1.3995940218210052,46.56543434210917,0.08395040035247803,0.6901727914810181,0.9979531764984131,0.04980238099960843
3.6457879796020616,0.8541048061126688,1.3995940218210052,46.61541050714212,0.09231023490428925,0.689862072467804,0.9959985613822937,0.05017694499838399
3.6457879796020616,0.8541048061126688,1.3995940218210052,46.6649539695438,0.10129183530807495,0.6895213723182678,0.993898332118988,0.04984761599916965
3.6458331100343373,0.8660286251315821,1.467732401703087,46.714953958545465,0.09741975367069244,0.6938056349754333,1.0,0.04999998900166247
3.6458331100343373,0.8660286251315821,1.467732401703087,46.7649661795451,0.1070905476808548,0.693254292011261,1.0,0.05001222099963343
3.6442832623187384,0.8769963098194047,1.542461668794278,46.81486748954305,0.10919028520584106,0.6968010663986206,1.0,0.049901309997949284
3.6442832623187384,0.8769963098194047,1.542461668794278,46.86495275654417,0.11890473961830139,0.6962196230888367,1.0,0.0500852670011227
3.6442832623187384,0.8769963098194047,1.542461668794278,46.91498506254831,0.12865498661994934,0.6956361532211304,1.0,0.05003230600414099
3.644323283087626,0.8939522781184621,1.6221797962902496,46.96497063554963,0.11045663058757782,0.6997582912445068,1.0,0.049985573001322336
3.644323283087626,0.8939522781184621,1.6221797962902496,47.01497653854423,0.11864668130874634,0.699240505695343,1.0,0.05000590299459873
3.644323283087626,0.8939522781184621,1.6221797962902496,47.0650102625452,0.1265629380941391,0.6988525390625,1.0,0.050033724000968505
3.6402145985775154,0.9116114824691057,1.700591012799862,47.11520440754359,0.10590821504592896,0.7021215558052063,1.0,0.05019414499838604
3.6402145985775154,0.9116114824691057,1.700591012799862,47.16514142954949,0.1133451908826828,0.7018442749977112,1.0,0.04993702200590633
3.6402145985775154,0.9116114824691057,1.700591012799862,47.215222432548416,0.1207440122961998,0.7015683650970459,1.0,0.050081002998922486
3.6349284573749574,0.9223613921395937,1.7696003537281015,47.26492660954793,0.11783212423324585,0.7023468613624573,1.0,0.04970417699951213
3.6349284573749574,0.9223613921395937,1.7696003537281015,47.31515397654695,0.12499149888753891,0.7020571231842041,1.0,0.050227366999024525
3.630977954235954,0.9397842704219265,1.840664764122211,47.364936049548504,0.10794375091791153,0.7073853015899658,1.0,0.04978207300155191
3.630977954235954,0.9397842704219265,1.840664764122211,47.41513426854473,0.11305972188711166,0.7063944339752197,1.0,0.050198218996229116
3.6256915745201224,0.9539333499180203,1.905192690722778,47.464817924549806,0.10755209624767303,0.711380660533905,1.0,0.04968365600507241
3.6256915745201224,0.9539333499180203,1.905192690722778,47.51498740554345,0.11339640617370605,0.7103416323661804,1.0,0.050169480993645266
3.6256915745201224,0.9539333499180203,1.905192690722778,47.56505820554705,0.11915147304534912,0.7092836499214172,1.0,0.05007080000359565
3.620444519527681,0.9607264458610278,1.967424345308255,47.61493763054861,0.1300288885831833,0.703203558921814,1.0,0.049879425001563504
3.620444519527681,0.9607264458610278,1.967424345308255,47.66489354754705,0.16600121557712555,0.6016700267791748,1.0,0.04995591699844226
3.6152803512018656,0.9690085823871568,2.027928913370786,47.71483971354721,0.12856517732143402,0.09801819920539856,1.0,0.049946166000154335
3.6152803512018656,0.9690085823871568,2.027928913370786,47.76492499154958,0.12518993020057678,-0.017075521871447563,1.0,0.050085278002370615
3.6152803512018656,0.9690085823871568,2.027928913370786,47.81502794354421,0.1216329038143158,-0.13631626963615417,1.0,0.05010295199463144
3.6080146335770995,0.9815034575987781,2.1016413563516125,47.86492025354639,0.12226060032844543,-0.3058944642543793,1.0,0.04989231000217842
3.6080146335770995,0.9815034575987781,2.1016413563516125,47.91494952954346,0.1213558167219162,-0.40544959902763367,1.0,0.050029275997076184
3.6080146335770995,0.9815034575987781,2.1016413563516125,47.96510266354855,0.12419386208057404,-0.4977579712867737,1.0,0.05015313400508603
3.599492030136746,0.9910704596343547,2.1724872074393455,48.01497092816774,0.10480893403291702,-0.7010632157325745,0.9857239127159119,0.05059049899864476
3.599492030136746,0.9910704596343547,2.1724872074393455,48.062975881895646,0.10327364504337311,-0.7003788948059082,0.9749926924705505,0.04923621899797581
3.599492030136746,0.9910704596343547,2.1724872074393455,48.11117477689993,0.1013520285487175,-0.6999229788780212,0.9641371369361877,0.049991742002021056
3.5847064465181533,1.009067341182177,2.210799016349382,48.1582735289505,0.045122504234313965,-0.7207843661308289,0.9384315609931946,0.05018879799899878
3.5847064465181533,1.009067341182177,2.210799016349382,48.20451191137254,0.04261893033981323,-0.7195879817008972,0.9274018406867981,0.04985797999688657
3.567701470035706,1.0305284265855232,2.1923736894210637,48.25168346914883,0.01961153745651245,-0.7351983189582825,0.9449441432952881,0.049919943005079404
3.567701470035706,1.0305284265855232,2.1923736894210637,48.29838938146788,0.021071434020996094,-0.7307570576667786,0.9330964684486389,0.0500547519986867
3.567701470035706,1.0305284265855232,2.1923736894210637,48.34449914945761,0.022442102432250977,-0.7264412045478821,0.9212998747825623,0.05004859899781877
3.555003269270747,1.0403727063008934,2.152649020781136,48.38951506050457,0.01,-0.7193988561630249,0.8970938324928284,0.05017971299821511
3.555003269270747,1.0403727063008934,2.152649020781136,48.43394917881905,0.01,-0.7128294110298157,0.8885397911071777,0.05000802300492069
3.5485290435381196,1.0464614827768286,2.1113436609458436,48.479451449064314,0.01,-0.7259981632232666,0.9141139984130859,0.049777456995798275
3.5485290435381196,1.0464614827768286,2.1113436609458436,48.524972076798726,0.01,-0.7198604941368103,0.9058728814125061,0.05025056900194613
3.5485290435381196,1.0464614827768286,2.1113436609458436,48.569769090779715,0.011606574058532715,-0.7137889266014099,0.8973183631896973,0.049923211001441814
3.5454383082953504,1.0487464042484373,2.054779626757943,48.614304241784446,0.01,-0.7047454714775085,0.8938521146774292,0.04982384700269904
3.5454383082953504,1.0487464042484373,2.054779626757943,48.65863660838096,0.011292725801467896,-0.6992089152336121,0.8867243528366089,0.04999565699836239
3.5454383082953504,1.0487464042484373,2.054779626757943,48.702437865666724,0.012822628021240234,-0.6952512860298157,0.8766658306121826,0.04996345900144661
3.545465801371849,1.0470120359885995,1.9831493985936133,48.74781271630152,0.02087266743183136,-0.6995819211006165,0.9023618698120117,0.05028453900013119
3.545465801371849,1.0470120359885995,1.9831493985936133,48.79246560510695,0.023227527737617493,-0.6949166655540466,0.8965580463409424,0.0498047939981916
3.545465801371849,1.0470120359885995,1.9831493985936133,48.83699719215242,0.025167502462863922,-0.691862165927887,0.8889749050140381,0.05009318800148321
3.5465673905138986,1.0467486676650921,1.90209613254542,48.88292966315929,0.046328574419021606,-0.6996670365333557,0.9186345934867859,0.05000080699392129
3.5465673905138986,1.0467486676650921,1.90209613254542,48.92866488677907,0.0526784211397171,-0.6953917741775513,0.9136937260627747,0.05005531100323424
3.5441247090914367,1.048987293633074,1.8167117113008848,48.975832798455095,0.08558961749076843,-0.704770028591156,0.9461702704429626,0.049851399002363905
3.5441247090914367,1.048987293633074,1.8167117113008848,49.02312512586038,0.09200237691402435,-0.7006644606590271,0.9415326714515686,0.05022908799583092
3.5441247090914367,1.048987293633074,1.8167117113008848,49.06986332029871,0.09817473590373993,-0.6966229677200317,0.936951220035553,0.04988327400496928
3.5441247090914367,1.048987293633074,1.8167117113008848,49.11637920338669,0.10397103428840637,-0.6928049921989441,0.9326068758964539,0.049877268000273034
3.5422347758033896,1.0520947533647105,1.7419108344962801,49.16450008460978,0.1360989212989807,-0.7010391354560852,0.963715672492981,0.04993265399389202
3.5425638343714017,1.052564174210101,1.6517009078092215,49.21410833804325,0.17399245500564575,-0.7076553702354431,0.9914810061454773,0.05003449700598139
3.5425638343714017,1.052564174210101,1.6517009078092215,49.26356049020716,0.18091288208961487,-0.7044667601585388,0.9895961880683899,0.04997205199470045
3.5425638343714017,1.052564174210101,1.6517009078092215,49.31296071092664,0.18835055828094482,-0.7011907696723938,0.9877994656562805,0.050010374005069025
3.5412995478061706,1.0526098370792694,1.5653912569240729,49.36294579292451,0.2298513948917389,-0.7021318078041077,1.0,0.04998508199787466
3.5412995478061706,1.0526098370792694,1.5653912569240729,49.412962211926136,0.23712939023971558,-0.6974762678146362,1.0,0.050016419001622126
3.5418667322874287,1.0610679083492212,1.4833194801784695,49.462949227924476,0.26179155707359314,-0.7054956555366516,1.0,0.04998701599834021
3.5418667322874287,1.0610679083492212,1.4833194801784695,49.51325403592353,0.2691652178764343,-0.7011361718177795,1.0,0.0503048079990549
3.5418667322874287,1.0610679083492212,1.4833194801784695,49.56307281092166,0.27578622102737427,-0.6965988278388977,1.0,0.04981877499812981
3.5413502944362274,1.0703233708211497,1.4226696533968488,49.61295305592365,0.29151296615600586,-0.6995642781257629,1.0,0.04988024500198662
3.5413502944362274,1.0703233708211497,1.4226696533968488,49.6631014749263,0.2991567850112915,-0.6957001090049744,1.0,0.0501484190026531
3.5413502944362274,1.0703233708211497,1.4226696533968488,49.71295111592634,0.3069832921028137,-0.6916930675506592,1.0,0.04984964100003708
3.541596691798927,1.0772305687673775,1.3567950081931133,49.762948359920195,0.32257094979286194,-0.6850860714912415,1.0,0.04999724399385741
3.541596691798927,1.0772305687673775,1.3567950081931133,49.81310250892137,0.3310397267341614,-0.6803444027900696,1.0,0.05015414900117321
3.5420688546008865,1.091638245358342,1.2916879035057252,49.86304809492584,0.3423219919204712,-0.6682412028312683,1.0,0.04994558600446908
3.5420688546008865,1.091638245358342,1.2916879035057252,49.91304740992644,0.35156485438346863,-0.6649892926216125,1.0,0.04999931500060484
3.5420688546008865,1.091638245358342,1.2916879035057252,49.96313799892676,0.3597974479198456,-0.6604976058006287,1.0,0.050090589000319596
3.545858599206777,1.106612207475503,1.2192327799384775,50.01295362092504,0.34218183159828186,-0.6347373127937317,1.0,0.04981562199827749
3.545858599206777,1.106612207475503,1.2192327799384775,50.06293780192653,0.3528684377670288,-0.6354426741600037,1.0,0.04998418100149138
3.545858599206777,1.106612207475503,1.2192327799384775,50.11294953592449,0.36355334520339966,-0.6362637281417847,1.0,0.05001173399796244
3.5554233671057243,1.1343608668907292,1.1441586648369189,50.16293259692328,0.32577937841415405,-0.5551654696464539,1.0,0.04998306099878391
3.5554233671057243,1.1343608668907292,1.1441586648369189,50.21325460792003,0.3361804485321045,-0.5610030293464661,1.0,0.05032201099675149
3.5554233671057243,1.1343608668907292,1.1441586648369189,50.26294030292491,0.3468032479286194,-0.568166196346283,1.0,0.04968569500488229
3.5656682465256364,1.15957116910407,1.0781146105946608,50.312940001921454,0.28873512148857117,-0.3738988935947418,1.0,0.049999698996543884
3.5656682465256364,1.15957116910407,1.0781146105946608,50.362948329919966,0.29933103919029236,-0.38640397787094116,1.0,0.05000832799851196
3.5780389691084338,1.1847978753623638,0.9999116772104986,50.41281639645879,0.2636690139770508,0.30219125747680664,0.9973989725112915,0.04999811300513102
3.5780389691084338,1.1847978753623638,0.9999116772104986,50.46265474890462,0.27485430240631104,0.2445853352546692,0.996817946434021,0.0499974470003508
3.5780389691084338,1.1847978753623638,0.9999116772104986,50.51256630569669,0.28345298767089844,0.1825810819864273,0.9982346296310425,0.04999982500157785
3.5920828249743364,1.2059117243857886,0.9176098651057248,50.56074684930759,0.1214057058095932,0.6841592192649841,0.9635079503059387,0.05000534099963261
3.5920828249743364,1.2059117243857886,0.9176098651057248,50.608918257220445,0.1305949091911316,0.6869672536849976,0.9631229639053345,0.05001584399724379
3.6056417720841547,1.2221128713913987,0.8303054635720042,50.655755421974085,0.10272069275379181,0.6749439835548401,0.9377613663673401,0.04994571799761616
3.6056417720841547,1.2221128713913987,0.8303054635720042,50.70265885946651,0.11209587007761002,0.6776446104049683,0.9373807311058044,0.05003669900179375
3.6243066855619874,1.2407105304475645,0.765780330401822,50.74760417283746,0.054924458265304565,0.6531610488891602,0.898691713809967,0.05001193699717987
3.6243066855619874,1.2407105304475645,0.765780330401822,50.79254610155638,0.06421472132205963,0.6556753516197205,0.8981527090072632,0.05003818200202659
3.6243066855619874,1.2407105304475645,0.765780330401822,50.8373932269533,0.07345405220985413,0.6582473516464233,0.8976952433586121,0.04995807399973273
3.6401772063051476,1.259462111411895,0.7667774543779916,50.88186679053562,0.017673075199127197,0.6462502479553223,0.8886753916740417,0.050044779003656004
3.6401772063051476,1.259462111411895,0.7667774543779916,50.926154925570415,0.02626052498817444,0.647864043712616,0.8865227699279785,0.04995713199605234
3.6401772063051476,1.259462111411895,0.7667774543779916,50.97037137987673,0.03481227159500122,0.6494712829589844,0.8843790888786316,0.04999717300233897
3.654811523677668,1.2698387016136492,0.8063676853663327,51.01516608759107,0.011618539690971375,0.6530944108963013,0.8960864543914795,0.049989270002697594
3.654811523677668,1.2698387016136492,0.8063676853663327,51.06005466856969,0.019483357667922974,0.6546129584312439,0.8937440514564514,0.050225319995661266
3.654811523677668,1.2698387016136492,0.8063676853663327,51.10442197089429,0.027101173996925354,0.6560845971107483,0.8913888335227966,0.049773231003200635
3.660104571740313,1.2753702801529154,0.8638263617752605,51.14944407555726,0.021667182445526123,0.6612789630889893,0.9001061916351318,0.0500186589997611
3.660104571740313,1.2753702801529154,0.8638263617752605,51.19430998302697,0.029314294457435608,0.6626961827278137,0.8977314829826355,0.049976978996710386
3.658823625819144,1.2751497112724728,0.9240112359092391,51.239591758099245,0.0373317152261734,0.6667565703392029,0.9052166938781738,0.05002313300064998
3.658823625819144,1.2751497112724728,0.9240112359092391,51.28473237802976,0.045241355895996094,0.668123185634613,0.9029102921485901,0.04999457899975823
3.658823625819144,1.2751497112724728,0.9240112359092391,51.33338312926141,0.11207343637943268,0.7179694771766663,0.9729363918304443,0.05000404100428568
3.658823625819144,1.2751497112724728,0.9240112359092391,51.38193154622419,0.12310779094696045,0.716200590133667,0.9691652655601501,0.05009302199323429
3.658823625819144,1.2751497112724728,0.9240112359092391,51.430279213236936,0.13425910472869873,0.7146067023277283,0.9655357599258423,0.05007340900192503
3.6554264646205685,1.273181040458651,1.0455125535258993,51.47848366946925,0.15833820402622223,0.7125774025917053,0.9676527380943298,0.04981586299982155
3.6554264646205685,1.273181040458651,1.0455125535258993,51.5267986741466,0.16849656403064728,0.7113849520683289,0.964725911617279,0.05008158700366039
3.6554264646205685,1.273181040458651,1.0455125535258993,51.5748191530985,0.17867827415466309,0.710189938545227,0.9617922902107239,0.04992811799456831
3.6516071501184286,1.2705482256380662,1.1216562790332814,51.62305740244366,0.19146381318569183,0.7099305987358093,0.9639856815338135,0.05004042100335937
3.6516071501184286,1.2705482256380662,1.1216562790332814,51.6710909663716,0.2016727179288864,0.7086980938911438,0.9610827565193176,0.04997859300056007
3.6516071501184286,1.2705482256380662,1.1216562790332814,51.71897291531698,0.21208220720291138,0.7075790166854858,0.9583820700645447,0.04996123199816793
3.648271365004366,1.270111465035774,1.1915652126649798,51.76675387501186,0.2540568709373474,0.7065948247909546,0.9555129408836365,0.05000555999868084
3.648271365004366,1.270111465035774,1.1915652126649798,51.81450095320733,0.26352715492248535,0.7064014077186584,0.9524008631706238,0.05013338400021894
3.647284896365041,1.2713952907264519,1.2655423964514958,51.86236300770197,0.2530722916126251,0.7045413851737976,0.9595655798912048,0.04987887800234603
3.647284896365041,1.2713952907264519,1.2655423964514958,51.91022290104318,0.26251885294914246,0.7043477892875671,0.9564624428749084,0.05003844499879051
3.647284896365041,1.2713952907264519,1.2655423964514958,51.957844101171865,0.27200478315353394,0.7041540741920471,0.9533452391624451,0.04995168399909744
3.646881704750988,1.2759074597018578,1.3257509888427281,52.00561244904444,0.2841757833957672,0.7044098973274231,0.955241858959198,0.05000654800096527
3.646881704750988,1.2759074597018578,1.3257509888427281,52.053350076144284,0.29301363229751587,0.705409049987793,0.9542327523231506,0.05002723600046011
3.646724057034933,1.2822422165951044,1.4004546647968523,52.101075043329125,0.28637129068374634,0.6989720463752747,0.955664336681366,0.049939048003579956
3.646724057034933,1.2822422165951044,1.4004546647968523,52.148851158323446,0.29590439796447754,0.6998261213302612,0.9542420506477356,0.05006708199653076
3.646724057034933,1.2822422165951044,1.4004546647968523,52.1967375396665,0.3054477870464325,0.7006807327270508,0.9528177380561829,0.05025765099708224
3.646724057034933,1.2822422165951044,1.4004546647968523,52.24422981675789,0.31501322984695435,0.7015374302864075,0.9513905048370361,0.0499188050016528
3.647287114966819,1.2957941402609168,1.4777696684475723,52.291673969163284,0.30883780121803284,0.6945024132728577,0.9520772099494934,0.0498322530038422
3.646813601940177,1.3015534543234164,1.555313887994478,52.339476944910864,0.30425652861595154,0.6833961606025696,0.9571335911750793,0.04994389099738328
3.646813601940177,1.3015534543234164,1.555313887994478,52.387849571128335,0.31447291374206543,0.6758219003677368,0.9632000923156738,0.05022074499720475
3.646813601940177,1.3015534543234164,1.555313887994478,52.436150893445834,0.3230041265487671,0.6596746444702148,0.9693928956985474,0.04982636300701415
3.6472237335334743,1.3211697667558913,1.6275456959081263,52.48458010889363,0.2910188138484955,0.6643319129943848,0.9694939851760864,0.04995308499928797
3.6472237335334743,1.3211697667558913,1.6275456959081263,52.533143254229834,0.3004727065563202,0.6259241700172424,0.9708976745605469,0.05001880899362732
3.6472237335334743,1.3211697667558913,1.6275456959081263,52.58190784687992,0.31146538257598877,0.5829957723617554,0.9705638289451599,0.050243571000464726
3.6450484407042323,1.3416570800336585,1.7097123356960073,52.63033463973659,0.288595974445343,0.5693804025650024,0.9734166264533997,0.04974929700256325
3.6450484407042323,1.3416570800336585,1.7097123356960073,52.679008447972755,0.29359936714172363,0.4989257752895355,0.9728288054466248,0.050033272003929596
3.6450484407042323,1.3416570800336585,1.7097123356960073,52.727643987753325,0.2962222695350647,0.4023454189300537,0.9734999537467957,0.04995946799317608
3.6406722263381264,1.3645993675622972,1.7880401437566635,52.776443629221674,0.28158318996429443,0.4081081449985504,0.976269543170929,0.04998582800180884
3.6406722263381264,1.3645993675622972,1.7880401437566635,52.825268115201894,0.2836078405380249,0.3176800310611725,0.9759455323219299,0.050027880002744496
3.6331133072738626,1.39231784905432,1.87128757578546,52.874976901295774,0.22355562448501587,0.08546999841928482,0.9943540692329407,0.04999103199952515
3.6331133072738626,1.39231784905432,1.87128757578546,52.92467987853432,0.225617915391922,-0.006643025204539299,0.9940240383148193,0.05000178599584615
3.6234554222956414,1.4211675891652433,1.9539186959856691,52.97453084253628,0.16698774695396423,-0.2361365407705307,1.0,0.049850964001961984
3.6234554222956414,1.4211675891652433,1.9539186959856691,53.02475001554102,0.1767445206642151,-0.3156295120716095,1.0,0.05021917300473433
3.6234554222956414,1.4211675891652433,1.9539186959856691,53.07462036442958,0.1863730251789093,-0.38473692536354065,0.9983777403831482,0.0499513830000069
3.611289151505544,1.442413837231854,2.0239736996100137,53.12379019566551,0.15269777178764343,-0.6242890954017639,0.983956515789032,0.04997154899319867
3.611289151505544,1.442413837231854,2.0239736996100137,53.172487027575315,0.15970581769943237,-0.6451719999313354,0.9740586876869202,0.0499937350032269
3.611289151505544,1.442413837231854,2.0239736996100137,53.22073118819287,0.1642024666070938,-0.6549842357635498,0.9649129509925842,0.049998458998743445
3.5972654593890123,1.460204776457295,2.090140349586284,53.26619463400387,0.08572234213352203,-0.7098304033279419,0.9088616371154785,0.050022406001517083
3.5972654593890123,1.460204776457295,2.090140349586284,53.310821030309754,0.09034724533557892,-0.7091580629348755,0.8925109505653381,0.05000095099967439
3.5972654593890123,1.460204776457295,2.090140349586284,53.35468129868764,0.09507721662521362,-0.7081542015075684,0.874225378036499,0.050170435999461915
3.586233834894372,1.4787859996449857,2.1170776270094347,53.398483189346784,0.05713055282831192,-0.712327778339386,0.8791876435279846,0.049820867003290914
3.586233834894372,1.4787859996449857,2.1170776270094347,53.44163371876367,0.06237584352493286,-0.7089099884033203,0.8635833859443665,0.04996683599893004
3.5803449093548876,1.484398356859678,2.086965902892944,53.48671923803175,0.06495245546102524,-0.7152098417282104,0.9017766118049622,0.04999632800172549
3.5803449093548876,1.484398356859678,2.086965902892944,53.53098292093454,0.0702984482049942,-0.7117249369621277,0.8847931623458862,0.050027152996335644
3.5803449093548876,1.484398356859678,2.086965902892944,53.57442461611279,0.07557593286037445,-0.7081851363182068,0.8682613372802734,0.05003297200164525
3.5803449093548876,1.484398356859678,2.086965902892944,53.617082988448516,0.08128325641155243,-0.7047829627990723,0.8524922728538513,0.0500395999988541
3.5803449093548876,1.484398356859678,2.086965902892944,53.65892546856104,0.08698460459709167,-0.7014555931091309,0.8370909690856934,0.0499855829984881
3.575505608645484,1.4889114935175254,1.9832915700122566,53.70256293017386,0.10522790998220444,-0.6918333172798157,0.8743085265159607,0.04991082700144034
3.575505608645484,1.4889114935175254,1.9832915700122566,53.74623045678001,0.1116231381893158,-0.688166081905365,0.8644136190414429,0.05051693499990506
3.575505608645484,1.4889114935175254,1.9832915700122566,53.78872702727296,0.118024542927742,-0.6845664381980896,0.8549060225486755,0.04970905499794753
3.576349586214418,1.4863607446343263,1.9134104122282234,53.83328436385395,0.14031437039375305,-0.6890692710876465,0.8946033716201782,0.049806806004198734
3.576349586214418,1.4863607446343263,1.9134104122282234,53.87759521177749,0.1458788514137268,-0.6856561899185181,0.8861783742904663,0.05000217699853238
3.576349586214418,1.4863607446343263,1.9134104122282234,53.921498807851336,0.15148434042930603,-0.6820246577262878,0.8777695298194885,0.050017225003102794
3.5749472576259342,1.4874554554879238,1.839445425372554,53.967403372014566,0.1738828420639038,-0.6872243285179138,0.9180037975311279,0.05000476499844808
3.5749472576259342,1.4874554554879238,1.839445425372554,54.01304152540642,0.17996841669082642,-0.6825024485588074,0.9129699468612671,0.0499886699981289
3.5736021018799926,1.495015613845417,1.7642120508653705,54.06092471757189,0.18981774151325226,-0.7030483484268188,0.9579507112503052,0.04998502699891105
3.5736021018799926,1.495015613845417,1.7642120508653705,54.10855006920672,0.19617363810539246,-0.6981053352355957,0.952742874622345,0.04998762300238013
3.5736021018799926,1.495015613845417,1.7642120508653705,54.155946378209435,0.20249515771865845,-0.6931886672973633,0.947563111782074,0.0500191579994862
3.5705943175623513,1.5097025363205294,1.6945699167088168,54.20542978166912,0.21086663007736206,-0.708808422088623,0.9873971939086914,0.050114992998715024
3.5705943175623513,1.5097025363205294,1.6945699167088168,54.25470934810546,0.2178615927696228,-0.7040403485298157,0.9823021292686462,0.05016742300358601
3.5705943175623513,1.5097025363205294,1.6945699167088168,54.30329745431432,0.22467577457427979,-0.6993746161460876,0.977428138256073,0.04971015699993586
3.569146974983613,1.5231282434341449,1.6286365798699138,54.35330390931399,0.21215373277664185,-0.7129442095756531,1.0,0.05000645499967504
3.569146974983613,1.5231282434341449,1.6286365798699138,54.40342544331129,0.21947623789310455,-0.7081916928291321,1.0,0.050121533997298684
3.566439825369571,1.538946774837779,1.5562830365682288,54.45331948630833,0.24025684595108032,-0.7064855098724365,1.0,0.04989404299703892
3.566439825369571,1.538946774837779,1.5562830365682288,54.503641526314325,0.24789664149284363,-0.7021803259849548,1.0,0.050322040005994495
3.566439825369571,1.538946774837779,1.5562830365682288,54.553389916310564,0.25562113523483276,-0.6980003714561462,1.0,0.049748389996238984
3.5666164536409144,1.5466899217417245,1.476930481386656,54.60329699430936,0.2774428129196167,-0.6848946213722229,1.0,0.04990707799879601
3.5666164536409144,1.5466899217417245,1.476930481386656,54.65329203330971,0.2852866053581238,-0.6803213357925415,1.0,0.049995039000350516
3.5666164536409144,1.5466899217417245,1.476930481386656,54.70330333931402,0.2926534414291382,-0.6764320731163025,1.0,0.0500113060043077
3.566294189433533,1.5491205116347901,1.400593269409592,54.7532973853135,0.324241042137146,-0.6575879454612732,1.0,0.049994045999483205
3.566294189433533,1.5491205116347901,1.400593269409592,54.803299485310575,0.33215194940567017,-0.6553655862808228,1.0,0.050002099997072946
3.566258747876908,1.5600931780578857,1.3217359188501665,54.853567478310154,0.33389076590538025,-0.6209214925765991,1.0,0.05026799299957929
3.566258747876908,1.5600931780578857,1.3217359188501665,54.903321658309736,0.3435065746307373,-0.6208568811416626,1.0,0.04975417999958154
3.566258747876908,1.5600931780578857,1.3217359188501665,54.9532848143112,0.35252800583839417,-0.6206873655319214,1.0,0.04996315600146772
3.567827503338778,1.567862360549101,1.2506007570777906,55.00330795331452,0.3510032296180725,-0.5865553617477417,1.0,0.05002313900331501
3.567827503338778,1.567862360549101,1.2506007570777906,55.053343111312145,0.361177921295166,-0.5856134295463562,1.0,0.05003515799762681
3.572670111311352,1.5862878887361331,1.1744815252852012,55.10325477431384,0.3279479146003723,-0.41625359654426575,1.0,0.04991166300169425
3.572670111311352,1.5862878887361331,1.1744815252852012,55.153478271311045,0.3377689719200134,-0.42088744044303894,1.0,0.050223496997205075
3.572670111311352,1.5862878887361331,1.1744815252852012,55.2035044743147,0.3473777174949646,-0.42510077357292175,1.0,0.05002620300365379
3.5833988647985,1.6098582696617156,1.094617365758286,55.25331051731105,0.308245986700058,-0.003086281940340996,1.0,0.04980604299635161
3.5833988647985,1.6098582696617156,1.094617365758286,55.303593751309975,0.3161145746707916,-0.03449462354183197,1.0,0.050283233998925425
3.5833988647985,1.6098582696617156,1.094617365758286,55.35333414230759,0.3240583837032318,-0.06620410084724426,1.0,0.04974039099761285
3.593867613624414,1.629222989780281,1.0177978673650476,55.40250951263983,0.2519569993019104,0.6441400647163391,0.983722448348999,0.049989070001174696
3.593867613624414,1.629222989780281,1.0177978673650476,55.451858657807996,0.2713508605957031,0.6258878111839294,0.9837439656257629,0.0501646230040933
3.6071371112832695,1.6510265423070971,0.9430732684905269,55.49886094606396,0.15639275312423706,0.6924179196357727,0.9433411955833435,0.049825331996544264
3.6071371112832695,1.6510265423070971,0.9430732684905269,55.545979240568805,0.16474951803684235,0.6947636604309082,0.9424192309379578,0.04999717000464443
3.6071371112832695,1.6510265423070971,0.9430732684905269,55.59302199458108,0.17328894138336182,0.6969586610794067,0.941334068775177,0.04997455799457384
3.62071532202521,1.672241822986156,0.8857279744092732,55.63809695581524,0.11535263061523438,0.6709124445915222,0.8989378809928894,0.05014246499922592
3.62071532202521,1.672241822986156,0.8857279744092732,55.68287223046977,0.12311093509197235,0.6726527810096741,0.8973077535629272,0.04989957400539424
3.6331432406806656,1.6909288039162769,0.8489175345201935,55.72707737678789,0.07936795055866241,0.6610607504844666,0.8864208459854126,0.0498692539986223
3.6331432406806656,1.6909288039162769,0.8489175345201935,55.77140748995318,0.08700162172317505,0.6623883843421936,0.8840282559394836,0.05014558399852831
3.6331432406806656,1.6909288039162769,0.8489175345201935,55.81551285541088,0.09465673565864563,0.663719892501831,0.8816289901733398,0.05002712699933909
3.641179417762342,1.701097378180919,0.8767892648228172,55.859979947589466,0.0705026239156723,0.6659639477729797,0.8908122181892395,0.04991747000167379
3.641179417762342,1.701097378180919,0.8767892648228172,55.904444568238105,0.07826998829841614,0.6673058271408081,0.8885472416877747,0.05004193200147711
3.6463077012935163,1.7094030424058464,0.9279973858787426,55.949207117147324,0.08650939166545868,0.6709734201431274,0.8951048254966736,0.050008163998427335
3.6463077012935163,1.7094030424058464,0.9279973858787426,55.993838436864024,0.09446780383586884,0.6722979545593262,0.8927943110466003,0.049990596002317034
3.6463077012935163,1.7094030424058464,0.9279973858787426,56.03831624407262,0.102815181016922,0.6735284924507141,0.8903986215591431,0.0499526909989072
3.6463077012935163,1.7094030424058464,0.9279973858787426,56.0827788433918,0.11125865578651428,0.6747205257415771,0.887982189655304,0.05007149899756769
3.6463077012935163,1.7094030424058464,0.9279973858787426,56.127024892572436,0.11969920992851257,0.6759123206138611,0.8855664730072021,0.04996355500043137
3.6463077012935163,1.7094030424058464,0.9279973858787426,56.1711618130938,0.1280987411737442,0.6770983338356018,0.8831625580787659,0.049975986999925226
3.6522081304435186,1.7235860150171394,1.03168812942155,56.21675185414149,0.08780330419540405,0.6807821393013,0.9097833037376404,0.05011087899765698
3.6522081304435186,1.7235860150171394,1.03168812942155,56.26199897342992,0.09617805480957031,0.6817141175270081,0.907016932964325,0.04988563900406007
3.6522081304435186,1.7235860150171394,1.03168812942155,56.30723336943015,0.10448987782001495,0.6826393008232117,0.9042719006538391,0.050023003001115285
3.6562497155107043,1.7343309253844048,1.1027353660912007,56.35337340521893,0.09442733228206635,0.6860665678977966,0.9201913475990295,0.050141783998697065
3.6562497155107043,1.7343309253844048,1.1027353660912007,56.3992971949791,0.10227473080158234,0.6870619654655457,0.9179674983024597,0.05002768599661067
3.6624764061298656,1.7500694806566655,1.1785108101839306,56.446172691708604,0.08096879720687866,0.6946614384651184,0.9403257966041565,0.049850272000185214
3.6624764061298656,1.7500694806566655,1.1785108101839306,56.493197497337206,0.09006011486053467,0.6959821581840515,0.9378907084465027,0.05013889700057916
3.6624764061298656,1.7500694806566655,1.1785108101839306,56.53982775369057,0.09918071329593658,0.697307288646698,0.9354479908943176,0.04984804800187703
3.665097117248142,1.761101730055503,1.2529164766237137,56.587649568737305,0.08220289647579193,0.7029185891151428,0.9565085172653198,0.0499962250032695
3.665097117248142,1.761101730055503,1.2529164766237137,56.63744866046123,0.15083763003349304,0.7243407368659973,0.9917160868644714,0.05021506899356609
3.665097117248142,1.761101730055503,1.2529164766237137,56.68689720158672,0.16085414588451385,0.7222761511802673,0.9877856969833374,0.05005998900014674
3.665097117248142,1.761101730055503,1.2529164766237137,56.73591597536644,0.17133890092372894,0.7207370400428772,0.9843305945396423,0.049799096006609034
3.665097117248142,1.761101730055503,1.2529164766237137,56.7853396224874,0.18195416033267975,0.7193002104759216,0.9810377359390259,0.050378945998090785
3.6684533196995908,1.7806075726630144,1.3946875362233664,56.83446685259875,0.1548742651939392,0.7166538238525391,0.992670476436615,0.049489967997942585
3.6684533196995908,1.7806075726630144,1.3946875362233664,56.88397341127642,0.16601277887821198,0.7148754000663757,0.9889218211174011,0.05006114499701653
3.6684533196995908,1.7806075726630144,1.3946875362233664,56.93326781428644,0.17723742127418518,0.7130832076072693,0.9851441383361816,0.050037757006066386
3.6698451862749515,1.7928656564255239,1.4660251398492368,56.98253742701254,0.17268683016300201,0.7086475491523743,0.9864315390586853,0.049947321000217926
3.6698451862749515,1.7928656564255239,1.4660251398492368,57.031725652761246,0.18353208899497986,0.7069942355155945,0.9826772809028625,0.05005531999631785
3.6688383281671366,1.7968544811884521,1.5324251250078413,57.080573929559186,0.20634594559669495,0.6991516947746277,0.9779797792434692,0.049948145999223925
3.6688383281671366,1.7968544811884521,1.5324251250078413,57.12950990067872,0.2163960337638855,0.6975874304771423,0.9748255014419556,0.05019972399895778
3.6688383281671366,1.7968544811884521,1.5324251250078413,57.17789417181488,0.22646421194076538,0.6960203647613525,0.9716654419898987,0.04979519600601634
3.6667820616231603,1.796710708604683,1.5931137407472868,57.22625086771397,0.24783197045326233,0.6885213255882263,0.9669336080551147,0.050010357997962274
3.6667820616231603,1.796710708604683,1.5931137407472868,57.27440941377938,0.25871405005455017,0.686843991279602,0.9634048938751221,0.049987856997177005
3.6667820616231603,1.796710708604683,1.5931137407472868,57.322426216087045,0.2690259516239166,0.6853895783424377,0.9602634310722351,0.05000378099794034
3.6666788463410045,1.8022659342367064,1.6645602514791566,57.37053106981757,0.26816844940185547,0.6800433993339539,0.9618670344352722,0.050011958002869505
3.6666788463410045,1.8022659342367064,1.6645602514791566,57.418492111231984,0.27751556038856506,0.6785006523132324,0.9590644240379333,0.05000815400126157
3.6649066846875877,1.8117276953726749,1.733041307794993,57.46646716470352,0.2804430425167084,0.6745954155921936,0.9611608982086182,0.04991365499881795
3.6649066846875877,1.8117276953726749,1.733041307794993,57.51443087675114,0.290571391582489,0.6728342175483704,0.9582536816596985,0.05005325099773472
3.6649066846875877,1.8117276953726749,1.733041307794993,57.562227350765454,0.3009220361709595,0.6710310578346252,0.9552838802337646,0.050033791005262174
3.661440827465518,1.8309243278872787,1.8078102189268646,57.6105050268196,0.2865874767303467,0.6634178161621094,0.9666306376457214,0.049944284997764044
3.661440827465518,1.8309243278872787,1.8078102189268646,57.6589269568142,0.29876405000686646,0.6569957733154297,0.9678199887275696,0.050031958999170456
3.656156837776976,1.8469421149726244,1.8851996176812582,57.70786944476595,0.30306077003479004,0.6175066828727722,0.9791269302368164,0.04998584600252798
3.656156837776976,1.8469421149726244,1.8851996176812582,57.756650411703376,0.31393522024154663,0.5750894546508789,0.975523054599762,0.05000493500119774
3.656156837776976,1.8469421149726244,1.8851996176812582,57.80536611447359,0.3231379985809326,0.5268259048461914,0.9735168814659119,0.05004094299511053
3.650794093709346,1.8604052354717968,1.9534273831209035,57.8541253663063,0.2756785452365875,-0.03641042113304138,0.9755065441131592,0.049983520999376196
3.650794093709346,1.8604052354717968,1.9534273831209035,57.903228831178936,0.2769169509410858,-0.13617533445358276,0.972886860370636,0.05047191700577969
3.6424917819340465,1.8794621636389108,2.036034679667438,57.951801082217656,0.2622806429862976,-0.1746169924736023,0.9834228754043579,0.04939101199852303
3.6424917819340465,1.8794621636389108,2.036034679667438,58.00086292426936,0.2653247117996216,-0.2571742534637451,0.9784172773361206,0.050144087996159215
3.6424917819340465,1.8794621636389108,2.036034679667438,58.04933456762353,0.2677993178367615,-0.31556928157806396,0.9696050882339478,0.0499911190054263
3.6300801533168134,1.9002301030901216,2.1181230302308007,58.09540111067573,0.17762543261051178,-0.6367810964584351,0.9196016788482666,0.050094017999072094
3.6300801533168134,1.9002301030901216,2.1181230302308007,58.1406923890333,0.17823706567287445,-0.6444300413131714,0.9046061038970947,0.05006740299722878
3.6300801533168134,1.9002301030901216,2.1181230302308007,58.18494280520108,0.17951014637947083,-0.6515946388244629,0.8880391120910645,0.049829354997200426
3.6146729926983454,1.922415752614068,2.1930740987963415,58.23035451900822,0.11429005861282349,-0.6874570250511169,0.906925618648529,0.050072148005710915
3.6146729926983454,1.922415752614068,2.1930740987963415,58.27476751737353,0.11565710604190826,-0.6896997094154358,0.889000415802002,0.04995835499721579
3.5970206311777777,1.9416513954995431,2.2222604813833575,58.31790143182652,0.05571000277996063,-0.7098160982131958,0.8632718920707703,0.049965619000431616
3.5970206311777777,1.9416513954995431,2.2222604813833575,58.36003098894399,0.056877873837947845,-0.7095710635185242,0.8420658111572266,0.05003119300090475
3.5970206311777777,1.9416513954995431,2.2222604813833575,58.40114583878751,0.05801861733198166,-0.7093323469161987,0.8213538527488708,0.05005741399509134
3.5831691590933223,1.9576106798737833,2.2137894098384803,58.441819504122876,0.044598810374736786,-0.7096596956253052,0.8148903846740723,0.04991305100702448
3.5831691590933223,1.9576106798737833,2.2137894098384803,58.48160364769059,0.04604192078113556,-0.7083527445793152,0.7954084873199463,0.050017247995128855
3.5831691590933223,1.9576106798737833,2.2137894098384803,58.520483967894705,0.04764070361852646,-0.7058377861976624,0.776805579662323,0.05005154600075912
3.569895092093029,1.9752253306102614,2.174326825540402,58.56179412692301,0.024308696389198303,-0.6931046843528748,0.825318455696106,0.05005359899951145
3.569895092093029,1.9752253306102614,2.174326825540402,58.60209175824933,0.0261523500084877,-0.690388560295105,0.8055799007415771,0.05002313400473213
3.5598636978734657,1.987629571048691,2.118817097316155,58.64368542180169,0.020013824105262756,-0.6891016960144043,0.8348567485809326,0.04982131799624767
3.5598636978734657,1.987629571048691,2.118817097316155,58.6848328996915,0.0211762934923172,-0.685211718082428,0.8203566074371338,0.05015803800051799
3.5598636978734657,1.987629571048691,2.118817097316155,58.72506246356581,0.02281767874956131,-0.6817003488540649,0.8064817190170288,0.04988279700046405
3.5537754212990076,1.9958846513122435,2.05308169540959,58.76839152419438,0.028802990913391113,-0.6939048767089844,0.8652006983757019,0.05007977999775903
3.5537754212990076,1.9958846513122435,2.05308169540959,58.81114367301432,0.03041626513004303,-0.6903611421585083,0.8535887002944946,0.05008518599788658
3.5523742585440443,1.9970087891820207,1.9791570958814009,58.85575079093066,0.052026353776454926,-0.6953136920928955,0.8947334885597229,0.049855201003083494
3.5523742585440443,1.9970087891820207,1.9791570958814009,58.90016872606913,0.058711931109428406,-0.6916459798812866,0.8857458233833313,0.050147496003773995
3.5523742585440443,1.9970087891820207,1.9791570958814009,58.94413525687913,0.06522753834724426,-0.6881330609321594,0.8769062161445618,0.05013823599438183
3.551936688036137,1.9978131062029443,1.9106252838189681,58.989247182175966,0.0763884037733078,-0.6849111318588257,0.9021128416061401,0.05000696500064805
3.551936688036137,1.9978131062029443,1.9106252838189681,59.03367393153468,0.08267997950315475,-0.6815134882926941,0.8939182162284851,0.04969889700441854
3.551936688036137,1.9978131062029443,1.9106252838189681,59.077939428739256,0.08884575963020325,-0.6802517771720886,0.8858402967453003,0.049970064996159635
3.553967985029491,1.9901411698752351,1.8347077291523495,59.12385322806087,0.13441818952560425,-0.6820561289787292,0.9170159697532654,0.05006870200304547
3.553967985029491,1.9901411698752351,1.8347077291523495,59.16945436329288,0.14111055433750153,-0.6774001121520996,0.9113142490386963,0.05003886999475071
3.5564909803157883,1.986249515626538,1.7581852928360318,59.216421270245526,0.16605937480926514,-0.6871547698974609,0.943336546421051,0.04978807100269478
3.5564909803157883,1.986249515626538,1.7581852928360318,59.263797842574505,0.17227321863174438,-0.6858342289924622,0.9396671652793884,0.05041846100357361
3.5564909803157883,1.986249515626538,1.7581852928360318,59.310565248084366,0.17890231311321259,-0.6861211061477661,0.9360615015029907,0.0499618939938955
3.5564057290021602,1.9875512197104677,1.6822399839642548,59.358734649414636,0.2130250781774521,-0.6898787021636963,0.9695219397544861,0.04968366300454363
3.5564057290021602,1.9875512197104677,1.6822399839642548,59.40824556829056,0.21960008144378662,-0.6886287331581116,0.9659886956214905,0.05125413899804698
3.5553690608009356,1.9947264727721994,1.6059103949983624,59.45690569971369,0.23865637183189392,-0.6945770978927612,0.997770369052887,0.048768868000479415
3.5553690608009356,1.9947264727721994,1.6059103949983624,59.50697452066814,0.24538542330265045,-0.6912172436714172,0.9956858158111572,0.050285762998100836
3.5553690608009356,1.9947264727721994,1.6059103949983624,59.55660503273891,0.25359317660331726,-0.6908313632011414,0.9944633841514587,0.049906827000086196
3.5567930949534996,1.9974576501903527,1.5388878791967375,59.606526248738255,0.28946754336357117,-0.6876455545425415,1.0,0.04992121599934762
3.5567930949534996,1.9974576501903527,1.5388878791967375,59.65645472673993,0.29827848076820374,-0.6869723200798035,1.0,0.0499284780016751
3.5567930949534996,1.9974576501903527,1.5388878791967375,59.70647861574168,0.30732405185699463,-0.6863561272621155,1.0,0.05002388900174992
3.5593275334760572,1.9993868606417708,1.4606174975176918,59.75677097473733,0.3514309525489807,-0.6823042631149292,1.0,0.0502923589956481
3.5593275334760572,1.9993868606417708,1.4606174975176918,59.80646379774323,0.36120519042015076,-0.6816206574440002,1.0,0.04969282300589839
3.5593275334760572,1.9993868606417708,1.4606174975176918,59.85644825173865,0.3704723119735718,-0.6807810664176941,1.0,0.04998445399542106
3.5623366755328787,2.0106392667390565,1.3795841701667049,59.90651283174436,0.38694924116134644,-0.6595063209533691,1.0,0.05006458000571001
3.5623366755328787,2.0106392667390565,1.3795841701667049,59.95667755573874,0.3958160877227783,-0.6599469184875488,1.0,0.050164723994384985
3.56643664573441,2.0287159695477577,1.3050268866129573,60.006634943739364,0.3798026442527771,-0.6152305006980896,1.0,0.049957388000620995
3.56643664573441,2.0287159695477577,1.3050268866129573,60.05645203074443,0.3905009329319,-0.6159669756889343,1.0,0.04981708700506715
3.56643664573441,2.0287159695477577,1.3050268866129573,60.10671930874293,0.4005342721939087,-0.616387665271759,1.0,0.050267277998500504
3.5727969239623465,2.054023812582753,1.2240585505745512,60.156538475740554,0.34113967418670654,-0.494840532541275,1.0,0.04981916699762223
3.5727969239623465,2.054023812582753,1.2240585505745512,60.20652214073841,0.35107922554016113,-0.49990907311439514,1.0,0.04998366499785334
3.583176686482712,2.0754842596498326,1.1546569419683042,60.25637692474181,0.31557101011276245,-0.24048496782779694,1.0,0.04985478400340071
3.583176686482712,2.0754842596498326,1.1546569419683042,60.306445913737726,0.3252303898334503,-0.26295480132102966,1.0,0.05006898899591761
3.583176686482712,2.0754842596498326,1.1546569419683042,60.3564529617425,0.33467939496040344,-0.27934587001800537,1.0,0.050007048004772514
3.594514915297797,2.0953210649060496,1.0748295046345946,60.40579387643944,0.29949113726615906,0.4651784896850586,0.9869057536125183,0.04999556899565505
3.594514915297797,2.0953210649060496,1.0748295046345946,60.45517692928864,0.3076745867729187,0.3874567449092865,0.9872522950172424,0.05002070200134767
3.594514915297797,2.0953210649060496,1.0748295046345946,60.50449699154215,0.3149924874305725,0.3234560787677765,0.9871939420700073,0.04995985099958489
3.6059317651985614,2.115751395075861,0.9920661892398366,60.55228913391177,0.19963137805461884,0.6997326016426086,0.9539228677749634,0.050100635999115184
3.6059317651985614,2.115751395075861,0.9920661892398366,60.599944240847435,0.2081642597913742,0.7020836472511292,0.954063892364502,0.049949596999795176
3.619343314280103,2.134786772604958,0.9130448974609086,60.64637069863575,0.15984468162059784,0.6857196688652039,0.9270150065422058,0.05008166799962055
3.619343314280103,2.134786772604958,0.9130448974609086,60.6927412309576,0.1683095395565033,0.6884912252426147,0.9268172979354858,0.05003201000363333
3.619343314280103,2.134786772604958,0.9130448974609086,60.73900009529169,0.1767204999923706,0.6909915208816528,0.9261661171913147,0.04994661700038705
3.631504975931833,2.1462377103122874,0.8505531326645526,60.78408550936128,0.1520022451877594,0.6798698902130127,0.9030277132987976,0.04992694399697939
3.631504975931833,2.1462377103122874,0.8505531326645526,60.82928539951595,0.15984979271888733,0.6819285750389099,0.9018123149871826,0.05012117200385546
3.6409542925894325,2.1556203551572293,0.8513576130310899,60.8737672006378,0.13512034714221954,0.6697906851768494,0.8824868202209473,0.050405059999320656
3.6409542925894325,2.1556203551572293,0.8513576130310899,60.91754158208208,0.14270323514938354,0.6713870763778687,0.8805270791053772,0.04971383899828652
3.6409542925894325,2.1556203551572293,0.8513576130310899,60.9613345703541,0.15016086399555206,0.6730074286460876,0.8787255883216858,0.04983693300164305
3.6483827574326395,2.1650852525801167,0.9057587383111336,61.00534866321872,0.12540628015995026,0.6688289642333984,0.88198322057724,0.049903548999282066
3.6483827574326395,2.1650852525801167,0.9057587383111336,61.0493311960017,0.13309456408023834,0.670157253742218,0.8797412514686584,0.04999485099688172
3.6483827574326395,2.1650852525801167,0.9057587383111336,61.093206491900105,0.14077726006507874,0.6714845895767212,0.8775009512901306,0.05000028300128179
3.651537894318241,2.1707439998433213,0.9698755445835696,61.137990931493384,0.13073256611824036,0.6743566393852234,0.8911564946174622,0.0502542930044001
3.651537894318241,2.1707439998433213,0.9698755445835696,61.18239420181031,0.1389555037021637,0.6756327152252197,0.8887880444526672,0.04995934699400095
3.6536961334831606,2.1766016126830587,1.036569298552147,61.22750409029026,0.13502424955368042,0.6807475686073303,0.8996425867080688,0.05014201100129867
3.6536961334831606,2.1766016126830587,1.036569298552147,61.27228223288199,0.14358758926391602,0.6819565296173096,0.8971917033195496,0.04990922500292072
3.6536961334831606,2.1766016126830587,1.036569298552147,61.3169714885848,0.15208813548088074,0.6831567883491516,0.8947588801383972,0.04994558500038693
3.6579510481524258,2.1818733743847627,1.0978966452354215,61.362152036646336,0.14451487362384796,0.6853989362716675,0.9074890613555908,0.0497863279961166
3.6579510481524258,2.1818733743847627,1.0978966452354215,61.407394596969226,0.15311037003993988,0.6863541007041931,0.9047957062721252,0.0500030670009437
3.6579510481524258,2.1818733743847627,1.0978966452354215,61.45268158421252,0.16150927543640137,0.6872613430023193,0.9020464420318604,0.050204717997985426
3.660440637762578,2.191884680957184,1.1794254919138931,61.498679213347074,0.15458326041698456,0.6897761225700378,0.9185370802879333,0.050077052001142874
3.660440637762578,2.191884680957184,1.1794254919138931,61.54448363785683,0.16240645945072174,0.6907684206962585,0.9163200259208679,0.049987366001005284
3.6637855148845997,2.2019524602544718,1.2613407234508758,61.591459937556756,0.1474754959344864,0.7004886269569397,0.9389832615852356,0.05002890000469051
3.6637855148845997,2.2019524602544718,1.2613407234508758,61.63802522965946,0.156260684132576,0.7018716931343079,0.9366382360458374,0.049715343993739225
3.6637855148845997,2.2019524602544718,1.2613407234508758,61.68494274772397,0.164968803524971,0.7032427191734314,0.9343140125274658,0.05021600600593956
3.663865728600412,2.205376594796703,1.3373510948818914,61.73194820000683,0.18850943446159363,0.7104113101959229,0.944392204284668,0.04977323200000683
3.663865728600412,2.205376594796703,1.3373510948818914,61.779325300404885,0.19730007648468018,0.7117952108383179,0.9420458674430847,0.050291712999751326
3.6655256948739194,2.2171527617954347,1.412203568151348,61.82686366380079,0.20131124556064606,0.7181815505027771,0.95738685131073,0.04965428899595281
3.6655256948739194,2.2171527617954347,1.412203568151348,61.875090827540994,0.2947482764720917,0.7041131258010864,0.9597613215446472,0.05024912200315157
3.6655256948739194,2.2171527617954347,1.412203568151348,61.92274848501938,0.30535829067230225,0.7024816274642944,0.9560655355453491,0.04984768899885239
3.6665129807058823,2.2240750793871578,1.4763668117640816,61.97058044113608,0.3018623888492584,0.6973231434822083,0.9572115540504456,0.04997009899670957
3.6665129807058823,2.2240750793871578,1.4763668117640816,62.01824561427602,0.3123853802680969,0.6957050561904907,0.9535459876060486,0.04998728300415678
3.6665129807058823,2.2240750793871578,1.4763668117640816,62.06575733629896,0.3228716552257538,0.6940926313400269,0.9498932957649231,0.05001795700081857
3.666546102117295,2.238770044122458,1.5449188119293444,62.11328957518213,0.320216566324234,0.6885026693344116,0.9508875012397766,0.049987236998276785
3.666546102117295,2.238770044122458,1.5449188119293444,62.16065069506837,0.33067387342453003,0.6868946552276611,0.9472449421882629,0.04999880999821471
3.666546102117295,2.238770044122458,1.5449188119293444,62.207827143701834,0.3410930931568146,0.685292661190033,0.9436156153678894,0.04999540900462307
3.664877881615688,2.257192657039227,1.6151637803175423,62.255443909767415,0.31088539958000183,0.6824080944061279,0.9526016116142273,0.0499860229974729
3.664877881615688,2.257192657039227,1.6151637803175423,62.30291679137525,0.32136625051498413,0.6809002757072449,0.9492570161819458,0.05001056699984474
3.663008543384318,2.27841544573264,1.6890030971947763,62.35075678530714,0.2966606914997101,0.6749982237815857,0.9536142349243164,0.05016703000001144
3.663008543384318,2.27841544573264,1.6890030971947763,62.3981350103677,0.3067513108253479,0.6735064387321472,0.9504076838493347,0.04985042299813358
3.660005291473358,2.3056132631352275,1.7600486016560735,62.44637929155025,0.2568056881427765,0.6756479740142822,0.966110110282898,0.049936627998249605
3.660005291473358,2.3056132631352275,1.7600486016560735,62.49457930652089,0.2669646441936493,0.6742550730705261,0.9630424380302429,0.0500497310058563
3.660005291473358,2.3056132631352275,1.7600486016560735,62.542808413508716,0.2771211266517639,0.6728987097740173,0.9602163434028625,0.05022733399528079
3.6495879245373786,2.347530514528471,1.848745435549399,62.59155008456245,0.21054476499557495,0.6749157905578613,0.9804463982582092,0.04971375400054967
3.6495879245373786,2.347530514528471,1.848745435549399,62.64055249423007,0.22175443172454834,0.6727005243301392,0.9786995649337769,0.05006889899959788
3.6495879245373786,2.347530514528471,1.848745435549399,62.689542367113795,0.2337297946214676,0.6681594252586365,0.9800269603729248,0.04998829100077273
3.6377554909504157,2.380989030566467,1.9372701293550605,62.73972944111102,0.16921895742416382,0.6666590571403503,1.0,0.05018707399722189
3.6377554909504157,2.380989030566467,1.9372701293550605,62.78978350911148,0.18210263550281525,0.6612942218780518,1.0,0.0500540680004633
3.6209105181311205,2.4095025970249577,2.0279698749541715,62.83942313111566,0.12017157673835754,0.004541249945759773,1.0,0.04963962200417882
3.6209105181311205,2.4095025970249577,2.0279698749541715,62.88955083111596,0.11762134730815887,-0.10856972634792328,1.0,0.050127700000302866
3.6209105181311205,2.4095025970249577,2.0279698749541715,62.93955325211373,0.11562392115592957,-0.2172289788722992,1.0,0.05000242099777097
3.604092546149569,2.4363483641203016,2.1160044854316804,62.98955022511455,0.07309803366661072,-0.6714934706687927,1.0,0.04999697300081607
3.604092546149569,2.4363483641203016,2.1160044854316804,63.0395177671142,0.07639648020267487,-0.7135413885116577,1.0,0.049967541999649256
3.589657507579578,2.4521968319435006,2.182009226532922,63.089687881116156,0.05137178301811218,-0.7256402969360352,1.0,0.0501701140019577
3.589657507579578,2.4521968319435006,2.182009226532922,63.139851824116526,0.05230066180229187,-0.7293283343315125,1.0,0.05016394300037064
3.589657507579578,2.4521968319435006,2.182009226532922,63.18911234744253,0.05009329319000244,-0.7292167544364929,0.9886031746864319,0.0498284089990193
3.5755404566563596,2.4676003390777494,2.2258427460094006,63.23730333393994,0.01990148425102234,-0.7346625924110413,0.9649356007575989,0.04994217900093645
3.5755404566563596,2.4676003390777494,2.2258427460094006,63.284817223527234,0.015569433569908142,-0.7349564433097839,0.9517876505851746,0.049920682999072596
3.5755404566563596,2.4676003390777494,2.2258427460094006,63.33179622125338,0.015172809362411499,-0.7332309484481812,0.9395877718925476,0.04999958400003379
3.5680869496828684,2.472250648526555,2.20207231098568,63.378463688969944,0.01,-0.7343998551368713,0.933343231678009,0.05000032799580367
3.5680869496828684,2.472250648526555,2.20207231098568,63.42464606770332,0.01,-0.7314355373382568,0.9204305410385132,0.05017475700151408
3.5680869496828684,2.472250648526555,2.20207231098568,63.47006075650171,0.01,-0.7276272177696228,0.9087885022163391,0.049972781001997646
3.564273717921478,2.472864346684564,2.153404306582492,63.51464460540545,0.01,-0.7149040102958679,0.8929117321968079,0.04993085799651453
3.564273717921478,2.472864346684564,2.153404306582492,63.55893549407717,0.01,-0.7088102698326111,0.8844952583312988,0.05007476100581698
3.564273717921478,2.472864346684564,2.153404306582492,63.60264298066977,0.01,-0.7029057741165161,0.876327633857727,0.049875737000547815
3.5665803195431405,2.4654562323546414,2.0832180562620644,63.647248648998776,0.029673129320144653,-0.706567108631134,0.892558753490448,0.049975049994827714
3.5665803195431405,2.4654562323546414,2.0832180562620644,63.691456658993324,0.03175274282693863,-0.7008385062217712,0.8845009803771973,0.04998073600290809
3.5720711736521302,2.457016693663301,2.0086985129543913,63.73533470291349,0.051745206117630005,-0.6935855150222778,0.8771270513534546,0.050024730000586715
3.5720711736521302,2.457016693663301,2.0086985129543913,63.77867211481742,0.05679788440465927,-0.6906020641326904,0.8672334551811218,0.0499720250008977
3.573399739081949,2.451544267257431,1.945340859313694,63.82340976543467,0.07843834906816483,-0.6928797364234924,0.8951169848442078,0.049979668998275883
3.573399739081949,2.451544267257431,1.945340859313694,63.867916984601216,0.08389005064964294,-0.6900022625923157,0.8875786066055298,0.05014453799958574
3.573399739081949,2.451544267257431,1.945340859313694,63.9118299876428,0.08934915065765381,-0.6871728897094727,0.8802043795585632,0.04988955299631925
3.5751904876878724,2.447047296955122,1.8637573239096772,63.957451283140735,0.1402827948331833,-0.6916244626045227,0.9088715314865112,0.050195538002299145
3.5751904876878724,2.447047296955122,1.8637573239096772,64.00251061289137,0.14701952040195465,-0.6877416372299194,0.9046567678451538,0.049808205003500916
3.5751904876878724,2.447047296955122,1.8637573239096772,64.04762263269821,0.15375033020973206,-0.6837267279624939,0.8983721137046814,0.05021529399527935
3.577183087815209,2.4419815211530316,1.773806732912324,64.09423744914515,0.17865779995918274,-0.6953378915786743,0.934777021408081,0.049867311005073134
3.577183087815209,2.4419815211530316,1.773806732912324,64.1409168665428,0.1841951310634613,-0.690699577331543,0.9296734929084778,0.05021054999815533
3.577183087815209,2.4419815211530316,1.773806732912324,64.18700655664851,0.1905064582824707,-0.6860055327415466,0.9247746467590332,0.04983883399836486
3.5810840700557556,2.4375874715754082,1.6817978543751437,64.23445783131338,0.2437148541212082,-0.6848489046096802,0.9509883522987366,0.04989679899881594
3.5810840700557556,2.4375874715754082,1.6817978543751437,64.28178131739507,0.2502308487892151,-0.6817849278450012,0.9471436142921448,0.04996442500123521
3.582835687188919,2.4393332375901027,1.600818048724293,64.33080009040742,0.29268255829811096,-0.684155285358429,0.9805198907852173,0.04999263500212692
3.582835687188919,2.4393332375901027,1.600818048724293,64.37964245371677,0.2991529107093811,-0.679267406463623,0.9763379693031311,0.05002608199720271
3.585984275110175,2.4447302179530124,1.5265946488319984,64.4298751137203,0.31780558824539185,-0.6624805331230164,1.0,0.05023266000353033
3.585984275110175,2.4447302179530124,1.5265946488319984,64.47963928271474,0.32827621698379517,-0.6631395220756531,1.0,0.049764168994443025
3.585984275110175,2.4447302179530124,1.5265946488319984,64.52965437071816,0.33780986070632935,-0.6627760529518127,1.0,0.050015088003419805
3.5871031122393413,2.4499422416886625,1.4604975576786676,64.57956067371833,0.3558613955974579,-0.6274763941764832,1.0,0.04990630300017074
3.5871031122393413,2.4499422416886625,1.4604975576786676,64.6298811217157,0.36578768491744995,-0.6313747763633728,1.0,0.05032044799736468
3.5871031122393413,2.4499422416886625,1.4604975576786676,64.67984619371691,0.37658315896987915,-0.6328713297843933,1.0,0.04996507200121414
3.5895199186611726,2.465318573454054,1.3871584479922165,64.72964110671728,0.35373371839523315,-0.5556803941726685,1.0,0.04979491300036898
3.5895199186611726,2.465318573454054,1.3871584479922165,64.77963885471672,0.3644401431083679,-0.5605611801147461,1.0,0.049997747999441344
3.5968918100437106,2.49030685745908,1.3147633401507217,64.82960025772172,0.32571941614151,-0.3492232859134674,1.0,0.04996140300499974
3.5968918100437106,2.49030685745908,1.3147633401507217,64.87983056071516,0.3372724652290344,-0.3649239242076874,1.0,0.050230302993441
3.5968918100437106,2.49030685745908,1.3147633401507217,64.92989219272113,0.34891682863235474,-0.3809928297996521,1.0,0.050061632005963475
3.605802836943047,2.512134831334997,1.2394291574116134,64.97964454584644,0.30204999446868896,0.2810002863407135,0.9992486834526062,0.04978976099664578
3.605802836943047,2.512134831334997,1.2394291574116134,65.02979832457619,0.31065869331359863,0.18477028608322144,0.9995206594467163,0.050177830999018624
3.605802836943047,2.512134831334997,1.2394291574116134,65.07953276805216,0.32016369700431824,0.09121718257665634,0.9996258616447449,0.049753058003261685
3.6179342879900394,2.53929219761487,1.1482067912688834,65.12832149884674,0.24469532072544098,0.6880341172218323,0.9718385338783264,0.050202506994537544
3.6179342879900394,2.53929219761487,1.1482067912688834,65.17709414628843,0.2553309202194214,0.6862664818763733,0.978625476360321,0.04983790900587337
3.6350755389916785,2.5613863286921315,1.0608557755934536,65.22358209948044,0.17084890604019165,0.6730481386184692,0.9306586384773254,0.04995167000015499
3.6350755389916785,2.5613863286921315,1.0608557755934536,65.27017594126553,0.1801188588142395,0.6757693886756897,0.9311840534210205,0.05003719899832504
3.6350755389916785,2.5613863286921315,1.0608557755934536,65.31682623734115,0.18903088569641113,0.6784572601318359,0.9315630793571472,0.05007744199974695
3.6513492236256724,2.5894507997381546,0.9912401392833626,65.36196425304215,0.12290884554386139,0.657195508480072,0.9042330384254456,0.04991856499691494
3.6513492236256724,2.5894507997381546,0.9912401392833626,65.40717040964802,0.1314062923192978,0.6591401100158691,0.9028753042221069,0.050069103002897464
3.6513492236256724,2.5894507997381546,0.9912401392833626,65.4521901795057,0.1393536776304245,0.6611234545707703,0.9016638398170471,0.04992966099962359
3.664863778195403,2.6097442609481205,0.9737490311333097,65.49740025036613,0.09116162359714508,0.6539695858955383,0.9011926054954529,0.05016693499783287
3.664863778195403,2.6097442609481205,0.9737490311333097,65.54233597420547,0.09960712492465973,0.655367910861969,0.89887934923172,0.04999082900030771
3.672333491684155,2.619720618134463,0.999126629308815,65.58761179925003,0.07603216171264648,0.6572033762931824,0.9074767231941223,0.04989199600095162
3.672333491684155,2.619720618134463,0.999126629308815,65.63299009231102,0.08429251611232758,0.6586907505989075,0.9053149223327637,0.05012431800423656
3.672333491684155,2.619720618134463,0.999126629308815,65.6779923201387,0.09220042824745178,0.6602931618690491,0.9033669233322144,0.04981611199764302
3.672333491684155,2.619720618134463,0.999126629308815,65.72306034393297,0.0999753326177597,0.6618350148200989,0.901353120803833,0.0500004080022336
3.6791070228906935,2.62843945532346,1.045880287227342,65.76877488361409,0.07635599374771118,0.6652663350105286,0.914246141910553,0.05000244199618464
3.682420427247488,2.6327171000286085,1.097688366344214,65.81505118150889,0.06683851778507233,0.6679616570472717,0.9259584546089172,0.04997664599795826
3.682420427247488,2.6327171000286085,1.097688366344214,65.86126486729687,0.07484959065914154,0.6695510745048523,0.9238864779472351,0.050020957001834176
3.682420427247488,2.6327171000286085,1.097688366344214,65.90735198964084,0.0828496515750885,0.6711382269859314,0.9218172430992126,0.04999594300170429
3.6857448921919063,2.6420899230011803,1.1626793226543126,65.9542921166219,0.0612381249666214,0.6751827001571655,0.9376378059387207,0.05006210999999894
3.6857448921919063,2.6420899230011803,1.1626793226543126,66.00100475989004,0.06932422518730164,0.6769058108329773,0.9357420802116394,0.04992042599769775
3.689772766338611,2.6508320435981316,1.2222209928664016,66.04846368618017,0.06074628233909607,0.6810678839683533,0.9510200619697571,0.04990318100317381
3.689772766338611,2.6508320435981316,1.2222209928664016,66.09603633311914,0.06881219148635864,0.6830686926841736,0.9494144320487976,0.05010735600080807
3.689772766338611,2.6508320435981316,1.2222209928664016,66.14361604407877,0.07707470655441284,0.6849425435066223,0.9476121068000793,0.050210112996865064
3.6946324841370797,2.665510808724784,1.2930671591314051,66.19157093037083,0.07675734162330627,0.6914053559303284,0.9636484980583191,0.049763877999794204
3.6946324841370797,2.665510808724784,1.2930671591314051,66.24003463857599,0.0857284814119339,0.6933721303939819,0.9616354703903198,0.05039717200270388
3.6946324841370797,2.665510808724784,1.2930671591314051,66.28769050083287,0.09504763782024384,0.6952809691429138,0.9595369696617126,0.04966547799995169
3.6974502722259834,2.6840193832906842,1.3682803076313734,66.337002687187,0.06338769197463989,0.7088309526443481,0.9838335514068604,0.050122488995839376
3.6974502722259834,2.6840193832906842,1.3682803076313734,66.38619067542008,0.07405775785446167,0.7101380228996277,0.9823721051216125,0.05007062799995765
3.6974502722259834,2.6840193832906842,1.3682803076313734,66.43511371891906,0.08470118045806885,0.7114421725273132,0.9809141755104065,0.04987494800298009
3.6967781914143534,2.692894300780464,1.4421753320541821,66.48493365537276,0.08597080409526825,0.7192812561988831,0.9943103790283203,0.05010501499782549
3.6967781914143534,2.692894300780464,1.4421753320541821,66.53475251570806,0.09675061702728271,0.7199639678001404,0.9924266934394836,0.05019903300126316
3.6963227023386493,2.701888402378716,1.5148695127417129,66.58437710270981,0.10700376331806183,0.7223743796348572,1.0,0.04962458700174466
3.6963227023386493,2.701888402378716,1.5148695127417129,66.63435373270794,0.11778274178504944,0.7229424118995667,1.0,0.049976629998127464
3.6963227023386493,2.701888402378716,1.5148695127417129,66.68430779554035,0.12890008091926575,0.7234166860580444,0.9991670250892639,0.04999570800282527
3.6944073658251204,2.710376732618889,1.5791036904046105,66.73433905553827,0.14563937485218048,0.7257814407348633,1.0,0.05003125999792246
3.6944073658251204,2.710376732618889,1.5791036904046105,66.78451677854025,0.1573958843946457,0.7258175611495972,1.0,0.05017772300197976
3.693928582421817,2.7206176374448763,1.6510580984343581,66.83440026354072,0.18321867287158966,0.7192713618278503,1.0,0.049883485000464134
3.693928582421817,2.7206176374448763,1.6510580984343581,66.8844070411133,0.1961463987827301,0.7183361649513245,0.9980059266090393,0.05010669399780454
3.693928582421817,2.7206176374448763,1.6510580984343581,66.9341321496826,0.20901387929916382,0.7171939015388489,0.9936804175376892,0.050041349000821356
3.690450312089451,2.732457208260139,1.7185450258416173,66.9834457610644,0.23267778754234314,0.7093942165374756,0.9905391931533813,0.049784613998781424
3.690450312089451,2.732457208260139,1.7185450258416173,67.03305295836145,0.24540962278842926,0.7081683874130249,0.9861075282096863,0.0503060729970457
3.690450312089451,2.732457208260139,1.7185450258416173,67.08198703151228,0.25711214542388916,0.7070683240890503,0.9818690419197083,0.04983767800149508
3.6863812616187235,2.7435790064282113,1.7896927977571988,67.13044305199202,0.2758876085281372,0.6801117062568665,0.973878800868988,0.04975569900125265
3.6863812616187235,2.7435790064282113,1.7896927977571988,67.17906727620812,0.28687694668769836,0.6782705187797546,0.970691442489624,0.050092359000700526
3.682448682272215,2.7501982743176265,1.860855450105845,67.22734095375213,0.29895493388175964,0.6705281138420105,0.9657530784606934,0.04998552799952449
3.682448682272215,2.7501982743176265,1.860855450105845,67.27548910587474,0.30981558561325073,0.6684502363204956,0.9622788429260254,0.050035551001201384
3.682448682272215,2.7501982743176265,1.860855450105845,67.32342104666958,0.3206478953361511,0.666377604007721,0.9588136076927185,0.04999088499607751
3.6794484882458875,2.7531904943807315,1.9240630943297745,67.37145793497724,0.35753291845321655,0.6527518630027771,0.9611912369728088,0.049976410999079235
3.6794484882458875,2.7531904943807315,1.9240630943297745,67.4196364375987,0.36986297369003296,0.6471524834632874,0.96257084608078,0.050051903002895415
3.67624229219715,2.7561556306222355,2.0000432280880056,67.46845619774155,0.3712940812110901,0.6147426962852478,0.9773563742637634,0.04995082799723605
3.67624229219715,2.7561556306222355,2.0000432280880056,67.51730082850537,0.3772240877151489,0.5861946940422058,0.9761426448822021,0.05003841500001727
3.67624229219715,2.7561556306222355,2.0000432280880056,67.56601174601327,0.38798221945762634,0.54542475938797,0.9723297357559204,0.05009711800084915
3.671148800959422,2.765136400067564,2.0745463223151317,67.61310958792252,0.3607383668422699,-0.14930279552936554,0.9450421929359436,0.049836761005281005
3.671148800959422,2.765136400067564,2.0745463223151317,67.65943906008991,0.36276665329933167,-0.20844481885433197,0.9257174730300903,0.0500470970000606
3.6608088605817697,2.7784045747201493,2.1508043122776366,67.70478257526997,0.3104628920555115,-0.4233739376068115,0.9058371782302856,0.050057025997375604
3.6608088605817697,2.7784045747201493,2.1508043122776366,67.74904173438703,0.3100246787071228,-0.44289448857307434,0.886398434638977,0.04993144999752985
3.6608088605817697,2.7784045747201493,2.1508043122776366,67.7924149039226,0.3081391453742981,-0.4601828455924988,0.8669376969337463,0.05003031900560018
3.647967793472199,2.793395031692496,2.2193114096065445,67.83152362613357,0.2280278205871582,-0.617734432220459,0.7830002903938293,0.04994726399309002
3.647967793472199,2.793395031692496,2.2193114096065445,67.8697271834674,0.22818632423877716,-0.6259568333625793,0.7636182904243469,0.05002965200401377
3.647967793472199,2.793395031692496,2.2193114096065445,67.90699597013196,0.2283976525068283,-0.6342277526855469,0.7455065846443176,0.04999122399749467
3.6264151089342813,2.8168223992147796,2.293247517665308,67.94137160436365,0.08968378603458405,-0.704318642616272,0.686565101146698,0.050069009004801046
3.6264151089342813,2.8168223992147796,2.293247517665308,67.97490593378053,0.0915413424372673,-0.7058424949645996,0.6690722107887268,0.050120642998081166
3.6084563736141515,2.8343225243502017,2.3262251111695984,68.00621532209156,0.06653054803609848,-0.7080544829368591,0.630064845085144,0.04969232699659187
3.6084563736141515,2.8343225243502017,2.3262251111695984,68.03688814417242,0.0672222226858139,-0.707632839679718,0.612409234046936,0.05008549900230719
3.6084563736141515,2.8343225243502017,2.3262251111695984,68.06684694679183,0.0680532455444336,-0.7072768211364746,0.5959309935569763,0.05027226800302742
3.5931546528341824,2.848219622710148,2.303324712624957,68.09822875443577,0.04288511723279953,-0.6990401744842529,0.6306422352790833,0.04976166499545798
3.5931546528341824,2.848219622710148,2.303324712624957,68.12915263850616,0.04442814737558365,-0.6969201564788818,0.6175965070724487,0.05007133899925975
3.5931546528341824,2.848219622710148,2.303324712624957,68.15941995728859,0.04613414406776428,-0.6948858499526978,0.6059999465942383,0.049946074999752454
3.585962213146833,2.8543707595267014,2.247699340158359,68.19044945984753,0.04256109148263931,-0.6805641055107117,0.6210156083106995,0.0499657370019122
3.585962213146833,2.8543707595267014,2.247699340158359,68.2209326601707,0.04438919574022293,-0.6786274909973145,0.6093920469284058,0.05002231400430901
3.585962213146833,2.8543707595267014,2.247699340158359,68.25082834647817,0.04695145785808563,-0.6767106652259827,0.5980989933013916,0.04998451199935516
3.5823408233182215,2.858991820286863,2.18052086298158,68.28521868449153,0.05632037669420242,-0.6796300411224365,0.6855416893959045,0.05016520299977856
3.5823408233182215,2.858991820286863,2.18052086298158,68.31898339299418,0.061836645007133484,-0.677475094795227,0.6733307242393494,0.050145800996688195
3.579565674455469,2.862417233461351,2.1113299855547063,68.35497833403805,0.08397696167230606,-0.6742883920669556,0.7243595719337463,0.049692090004100464
3.579565674455469,2.862417233461351,2.1113299855547063,68.39065981954272,0.08975023776292801,-0.6720328330993652,0.7115787267684937,0.05014411499723792
3.579565674455469,2.862417233461351,2.1113299855547063,68.42555316319972,0.09508763253688812,-0.6700497269630432,0.6988093852996826,0.049932563000766095
3.572631343712949,2.870899952274247,2.0248414115512405,68.46445092716705,0.0928744226694107,-0.667409360408783,0.7754037976264954,0.05016452600102639
3.572631343712949,2.870899952274247,2.0248414115512405,68.50256725936018,0.09844811260700226,-0.6648617386817932,0.7628498673439026,0.04996570599905681
3.567132113484198,2.8809204747204613,1.9396260054430696,68.54515113385088,0.1131029725074768,-0.6757294535636902,0.8552504181861877,0.049791117999120615
3.567132113484198,2.8809204747204613,1.9396260054430696,68.58759773524481,0.11987203359603882,-0.6730664372444153,0.843367874622345,0.05032987699814839
3.567132113484198,2.8809204747204613,1.9396260054430696,68.6290588560586,0.12663932144641876,-0.6704385280609131,0.831352174282074,0.049871909999637865
3.5676381429548085,2.882931605733399,1.8556227284066595,68.67317783549548,0.15202146768569946,-0.6745565533638,0.8861183524131775,0.04978903700248338
3.5676381429548085,2.882931605733399,1.8556227284066595,68.7172344578377,0.1573578268289566,-0.6712779998779297,0.8786812424659729,0.05013948200212326
3.5671549334667594,2.8900364081516625,1.777035796100627,68.76373474871991,0.16857808828353882,-0.6890804171562195,0.93317049741745,0.049830433999886736
3.5671549334667594,2.8900364081516625,1.777035796100627,68.81041587796254,0.17552727460861206,-0.6842276453971863,0.9283757209777832,0.05028258299716981
3.5671549334667594,2.8900364081516625,1.777035796100627,68.85638283323071,0.18255241215229034,-0.6795200705528259,0.9236891269683838,0.04976452999835601
3.5661147121719012,2.8971981034916796,1.7112220985095796,68.90451472555087,0.19105982780456543,-0.6900047659873962,0.9588688015937805,0.05019653600174934
3.5661147121719012,2.8971981034916796,1.7112220985095796,68.95219313808848,0.19835680723190308,-0.6884592175483704,0.954855740070343,0.049932581998291425
3.5661147121719012,2.8971981034916796,1.7112220985095796,68.99980465763423,0.2049407958984375,-0.6872312426567078,0.9513288736343384,0.05004738199932035
3.5659404927065554,2.9047363358406715,1.6341212043866744,69.04900324506436,0.24004805088043213,-0.6908792853355408,0.9851789474487305,0.049938732001464814
3.5659404927065554,2.9047363358406715,1.6341212043866744,69.09816770877343,0.246628999710083,-0.6896269917488098,0.9815420508384705,0.050089003998436965
3.5651274899825305,2.9135544180116026,1.5599256325171054,69.14788988177726,0.26694709062576294,-0.6923030614852905,1.0,0.049722173003829084
3.5651274899825305,2.9135544180116026,1.5599256325171054,69.19798375777874,0.27407264709472656,-0.6890034675598145,1.0,0.050093876001483295
3.5651274899825305,2.9135544180116026,1.5599256325171054,69.24810477277471,0.2824871838092804,-0.6885097026824951,1.0,0.05012101499596611
3.5670396647766625,2.922917479752591,1.4836490807304585,69.2979759807754,0.3102155923843384,-0.6847800612449646,1.0,0.04987120800069533
3.5670396647766625,2.922917479752591,1.4836490807304585,69.34811875777497,0.31801578402519226,-0.6805165410041809,1.0,0.050142776999564376
3.5670396647766625,2.922917479752591,1.4836490807304585,69.39815724077609,0.32585859298706055,-0.6762294173240662,1.0,0.05003848300111713
3.5688260219866863,2.92818286300238,1.4152440723284798,69.44801007177422,0.342488169670105,-0.6633030772209167,1.0,0.04985283099813387
3.5688260219866863,2.92818286300238,1.4152440723284798,69.4981922887787,0.3513832092285156,-0.6602862477302551,1.0,0.050182217004476115
3.5710084150301937,2.9392666148164235,1.3394818580356522,69.54792553377457,0.35574665665626526,-0.6299030184745789,1.0,0.04973324499587761
3.5710084150301937,2.9392666148164235,1.3394818580356522,69.59810523677562,0.36631089448928833,-0.6305900812149048,1.0,0.05017970300104935
3.5710084150301937,2.9392666148164235,1.3394818580356522,69.64817317177632,0.3769887685775757,-0.6313066482543945,1.0,0.050067935000697616
3.5743175130905818,2.954555661852451,1.2588534953650923,69.69794811677686,0.37599000334739685,-0.5925946831703186,1.0,0.04977494500053581
3.5743175130905818,2.954555661852451,1.2588534953650923,69.74797930177421,0.38661134243011475,-0.5934677720069885,1.0,0.050031184997351374
3.5743175130905818,2.954555661852451,1.2588534953650923,69.79795166377563,0.39722543954849243,-0.5943025350570679,1.0,0.04997236200142652
3.5810290830455727,2.97225131398831,1.1753396927074162,69.84795706177512,0.36045199632644653,-0.45951753854751587,1.0,0.05000539799948456
3.5810290830455727,2.97225131398831,1.1753396927074162,69.89803327277743,0.370379239320755,-0.46522024273872375,1.0,0.05007621100230608
3.5919785842155862,2.9927116358876287,1.086812992176441,69.94795998977908,0.3369877338409424,-0.12133800983428955,1.0,0.04992671700165374
3.5919785842155862,2.9927116358876287,1.086812992176441,69.99798371477347,0.34558841586112976,-0.1649170070886612,1.0,0.05002372499438934
3.5919785842155862,2.9927116358876287,1.086812992176441,70.04799146777488,0.3538106679916382,-0.19880683720111847,1.0,0.05000775300140958
3.607786417796067,3.012290509309145,1.0085618467696027,70.09661899089261,0.23089970648288727,0.6928862929344177,0.9728919863700867,0.04998244799935492
3.607786417796067,3.012290509309145,1.0085618467696027,70.14538577226857,0.2447015792131424,0.6882308125495911,0.975531280040741,0.049989972001640126
3.627538048320782,3.0417028222518585,0.932733250992725,70.19190098920011,0.16446919739246368,0.6839604377746582,0.9310980439186096,0.049957377996179275
3.627538048320782,3.0417028222518585,0.932733250992725,70.23849416294709,0.17317619919776917,0.6866305470466614,0.931015133857727,0.05004556000494631
3.627538048320782,3.0417028222518585,0.932733250992725,70.28510267924086,0.18189775943756104,0.6893050074577332,0.9309319257736206,0.05006651399889961
3.647683301436251,3.0663634797330097,0.8581499378239875,70.32957143363936,0.10397481918334961,0.6601793169975281,0.8906483054161072,0.04992852299619699
3.647683301436251,3.0663634797330097,0.8581499378239875,70.37425625513467,0.11214707791805267,0.6625006794929504,0.8894331455230713,0.050239663003594615
3.647683301436251,3.0663634797330097,0.8581499378239875,70.41853143122519,0.12035942077636719,0.6648333072662354,0.8882116079330444,0.04984755400073482
3.665306219774927,3.0815064919222683,0.8141837031335774,70.46233542039187,0.0823361724615097,0.6570438146591187,0.8772227168083191,0.04993485500017414
3.665306219774927,3.0815064919222683,0.8141837031335774,70.50614757624982,0.09034250676631927,0.6588123440742493,0.8752729296684265,0.05005542199796764
3.676963445537915,3.095746933254751,0.8427109113195398,70.5506649701248,0.047117382287979126,0.6602374911308289,0.890021026134491,0.05001836200244725
3.676963445537915,3.095746933254751,0.8427109113195398,70.5951748875823,0.05471792817115784,0.6616993546485901,0.8876771330833435,0.05014201199810486
3.676963445537915,3.095746933254751,0.8427109113195398,70.63922182741118,0.06220795214176178,0.663155198097229,0.8853535056114197,0.049750680998840835
3.683949533624304,3.102384568769598,0.8879967805621309,70.68380957891321,0.056680306792259216,0.6676381230354309,0.8922589421272278,0.04997176200413378
3.683949533624304,3.102384568769598,0.8879967805621309,70.72835584865453,0.06426788866519928,0.6690855622291565,0.8900828957557678,0.050047327000356745
3.683949533624304,3.102384568769598,0.8879967805621309,70.77282633853781,0.07202737033367157,0.6704410910606384,0.8878243565559387,0.05008928799361456
3.6886786249556556,3.1093984098033305,0.9436022148186022,70.81940530389147,0.1829662024974823,0.6878796219825745,0.9278806447982788,0.05019930700655095
3.6886786249556556,3.1093984098033305,0.9436022148186022,70.86563785066413,0.18993116915225983,0.6877419352531433,0.9252753853797913,0.04996625599596882
3.6954184857810475,3.117581023638282,1.0037201191772758,70.91214421660726,0.1736404299736023,0.6890633702278137,0.9339984059333801,0.04979276800440857
3.6954184857810475,3.117581023638282,1.0037201191772758,70.9588453813365,0.1806270331144333,0.6889234185218811,0.9313843846321106,0.05014166599721648
3.6954184857810475,3.117581023638282,1.0037201191772758,71.00508650017936,0.18764275312423706,0.6887830495834351,0.9287598729133606,0.04978802400000859
3.696062076445482,3.117353043226874,1.0725761862093917,71.05175791219618,0.19689863920211792,0.690828263759613,0.9331059455871582,0.05001726999762468
3.696062076445482,3.117353043226874,1.0725761862093917,71.09842171176119,0.20394812524318695,0.6906810402870178,0.9304666519165039,0.050150964001659304
3.6966781376334006,3.121774707477593,1.1452688326976832,71.14504262993351,0.20375867187976837,0.6917909383773804,0.9368684887886047,0.049762499998905696
3.6966781376334006,3.121774707477593,1.1452688326976832,71.19198646502328,0.21081142127513885,0.6916418671607971,0.9342314600944519,0.050248612998984754
3.6966781376334006,3.121774707477593,1.1452688326976832,71.23859185366851,0.21792718768119812,0.6914892196655273,0.9315664768218994,0.050029053003527224
3.6966781376334006,3.121774707477593,1.1452688326976832,71.28509780336435,0.22499164938926697,0.691337525844574,0.9289206862449646,0.05006449999928009
3.697797992369843,3.1237049088458932,1.222333585656977,71.33159571827508,0.23026783764362335,0.6931037306785583,0.934670627117157,0.04974791499989806
3.697797992369843,3.1237049088458932,1.222333585656977,71.378177232826,0.2373247742652893,0.6930311918258667,0.9320622086524963,0.04997682999965036
3.6981321007506267,3.1283584346086935,1.2956715056018826,71.42526542730415,0.2370760291814804,0.6940516233444214,0.9384289383888245,0.050177687997347675
3.6981321007506267,3.1283584346086935,1.2956715056018826,71.47201591916212,0.24427245557308197,0.6940473318099976,0.9357841610908508,0.04995862700161524
3.698605630513804,3.139860905109889,1.3736423798810826,71.51919236849992,0.22848208248615265,0.6939394474029541,0.9457136988639832,0.04988449400116224
3.698605630513804,3.139860905109889,1.3736423798810826,71.56631110547895,0.23569099605083466,0.6939356923103333,0.9430649876594543,0.049963404002483
3.698605630513804,3.139860905109889,1.3736423798810826,71.61343265123799,0.2428911328315735,0.6939321160316467,0.9404197335243225,0.050106930000765715
3.699133095370721,3.1546861503121484,1.4502126141572773,71.66094805534401,0.21943901479244232,0.6931827664375305,0.9517199397087097,0.04992582599516027
3.699133095370721,3.1546861503121484,1.4502126141572773,71.70839930919463,0.226699560880661,0.6931791305541992,0.9490523338317871,0.049998563998087775
3.6948154441804433,3.1674377620780225,1.5189944904888073,71.75623250608243,0.21053898334503174,0.6918079853057861,0.9582445621490479,0.0499175250006374
3.6948154441804433,3.1674377620780225,1.5189944904888073,71.80411894807347,0.21702860295772552,0.6919896602630615,0.9560732841491699,0.050086581002688035
3.6948154441804433,3.1674377620780225,1.5189944904888073,71.85181444206641,0.22350214421749115,0.6921624541282654,0.9538295865058899,0.050004208998871036
3.69205070736192,3.188279039678608,1.6002720991121238,71.90029046429088,0.1846102625131607,0.6906729936599731,0.9697268605232239,0.04998935700132279
3.69205070736192,3.188279039678608,1.6002720991121238,71.94888055895561,0.19099973142147064,0.6907482743263245,0.9679639935493469,0.05019824599730782
3.69205070736192,3.188279039678608,1.6002720991121238,71.99698097182596,0.19743922352790833,0.6909323334693909,0.9658291935920715,0.04980219400022179
3.689290830994607,3.205049018787505,1.6801241571871492,72.04599591706526,0.17006626725196838,0.692883312702179,0.9790157675743103,0.05006553199928021
3.689290830994607,3.205049018787505,1.6801241571871492,72.09483201844206,0.17752188444137573,0.6927604675292969,0.9778309464454651,0.04994329700275557
3.685529830950803,3.2202997197416234,1.7645322157871703,72.1442888497724,0.1665033996105194,0.6952590346336365,0.9890181422233582,0.05000599000049988
3.685529830950803,3.2202997197416234,1.7645322157871703,72.1936521828188,0.17539234459400177,0.6946412324905396,0.9873707890510559,0.04999472700001206
3.685529830950803,3.2202997197416234,1.7645322157871703,72.24315150256052,0.1842641830444336,0.6940244436264038,0.9857267737388611,0.0502160649994039
3.6813197154430912,3.2338260931044527,1.8376219985772781,72.29271494545621,0.17740494012832642,0.6950216293334961,0.994885265827179,0.04981825000140816
3.6813197154430912,3.2338260931044527,1.8376219985772781,72.34258087778626,0.18679924309253693,0.694333016872406,0.9930934906005859,0.05021272700105328
3.6813197154430912,3.2338260931044527,1.8376219985772781,72.39201306421997,0.1963459849357605,0.6936149597167969,0.9912821650505066,0.049866917994222604
3.6749463734790964,3.247014526193217,1.9199183193828508,72.44207480822475,0.1928766667842865,0.6940962076187134,1.0,0.05006174400477903
3.6749463734790964,3.247014526193217,1.9199183193828508,72.49181033032384,0.2018022984266281,0.6937193870544434,0.9985312819480896,0.049808677002147306
3.6749463734790964,3.247014526193217,1.9199183193828508,72.54169716264535,0.2109827697277069,0.6932622194290161,0.9969915747642517,0.0500373659961042
3.665189286831354,3.265070312703687,1.9906517361363831,72.59182047664747,0.19061347842216492,0.6938994526863098,1.0,0.05012331400212133
3.665189286831354,3.265070312703687,1.9906517361363831,72.64182117464755,0.19913098216056824,0.6933298110961914,1.0,0.05000069800007623
3.6564642495580304,3.275991428321054,2.0649223053294747,72.69167358064244,0.19809205830097198,0.6928965449333191,1.0,0.04985240599489771
3.6564642495580304,3.275991428321054,2.0649223053294747,72.74184751964442,0.2065601944923401,0.6922401189804077,1.0,0.050173939001979306
3.6457904123173686,3.291024990245577,2.1366393818160048,72.79167140364537,0.196380153298378,0.6916598677635193,1.0,0.04982388400094351
3.6457904123173686,3.291024990245577,2.1366393818160048,72.84186608964758,0.20610859990119934,0.6908119320869446,1.0,0.05019468600221444
3.6457904123173686,3.291024990245577,2.1366393818160048,72.8916619336431,0.21637818217277527,0.6899188160896301,1.0,0.0497958439955255
3.638724899222829,3.2942096399604344,2.2017027084850227,72.94174016064592,0.23818446695804596,0.6785159707069397,1.0,0.050078227002813946
3.638724899222829,3.2942096399604344,2.2017027084850227,72.99169371364935,0.25478601455688477,0.6545847058296204,1.0,0.049953553003433626
3.638724899222829,3.2942096399604344,2.2017027084850227,73.04176257064485,0.2641215920448303,0.6087179183959961,1.0,0.05006885699549457
3.6316867756751985,3.301014084518653,2.278698584096551,73.09175303164905,0.22942028939723969,0.05516709387302399,1.0,0.04999046100419946
3.6316867756751985,3.301014084518653,2.278698584096551,73.14168910664542,0.23080317676067352,-0.06335660815238953,1.0,0.0499360749963671
3.6261334736020814,3.304921672753956,2.3543094937724414,73.19167217264278,0.20810548961162567,-0.4445420205593109,1.0,0.04998306599736679
3.6261334736020814,3.304921672753956,2.3543094937724414,73.2415587533798,0.21489770710468292,-0.5032494068145752,0.997401773929596,0.05001653500221437
3.6261334736020814,3.304921672753956,2.3543094937724414,73.29093649338066,0.2215188443660736,-0.5348684787750244,0.9881503582000732,0.049969865001912694
3.618181933520443,3.3102464504792226,2.4305521588135712,73.33810014108924,0.19022268056869507,-0.6976778507232666,0.9429718255996704,0.05001596699730726
3.618181933520443,3.3102464504792226,2.4305521588135712,73.3848112819646,0.19315966963768005,-0.7067421674728394,0.931268572807312,0.05015861400170252
3.618181933520443,3.3102464504792226,2.4305521588135712,73.43072533562673,0.1954994648694992,-0.7134813070297241,0.9202861189842224,0.04989106400171295
3.609438712119402,3.3136663708238974,2.4942822987329127,73.4741751643264,0.13992387056350708,-0.7469663619995117,0.8685980439186096,0.0500229409954045
3.609438712119402,3.3136663708238974,2.4942822987329127,73.51736255382488,0.14149931073188782,-0.7495145797729492,0.8561033010482788,0.050446470006136224
3.595100259835912,3.325655801150497,2.495373433269488,73.56012756928527,0.09611526131629944,-0.7601860165596008,0.8649097681045532,0.04944448199967155
3.595100259835912,3.325655801150497,2.495373433269488,73.60278753849246,0.10043294727802277,-0.7599291801452637,0.8524830937385559,0.050042012000631075
3.595100259835912,3.325655801150497,2.495373433269488,73.64498315023656,0.10547900199890137,-0.7584530115127563,0.8441784381866455,0.04998423299548449
3.580581454349227,3.3333627055762896,2.4634134780678565,73.68820001254166,0.08714660257101059,-0.7500148415565491,0.862994909286499,0.050077772000804543
3.580581454349227,3.3333627055762896,2.4634134780678565,73.73094906364547,0.09261731803417206,-0.7477311491966248,0.8563786149024963,0.049918400996830314
3.567988795190042,3.3439720286166157,2.4076332423375004,73.77646245103763,0.08355413377285004,-0.7468758821487427,0.9083184599876404,0.05010730200592661
3.567988795190042,3.3439720286166157,2.4076332423375004,73.82167868864592,0.08941328525543213,-0.7446087002754211,0.9025561213493347,0.05009797899401747
3.567988795190042,3.3439720286166157,2.4076332423375004,73.8664523840638,0.09529952704906464,-0.7420891523361206,0.8959935307502747,0.0499710030053393
3.5624990327782835,3.348251990090122,2.33414256331059,73.91432154495604,0.11452801525592804,-0.7437263131141663,0.9538753032684326,0.050183876999653876
3.5624990327782835,3.348251990090122,2.33414256331059,73.96139199383443,0.12096188962459564,-0.7400432229042053,0.9482842087745667,0.0496374909998849
3.5624990327782835,3.348251990090122,2.33414256331059,74.008540013054,0.12696212530136108,-0.7367516160011292,0.9428396821022034,0.05000640099751763
3.5582502731715873,3.348596648785439,2.2428745741205973,74.05704426034785,0.14892742037773132,-0.7365798354148865,0.9697655439376831,0.0500164679979207
3.5582502731715873,3.348596648785439,2.2428745741205973,74.10547408901401,0.15604868531227112,-0.7342416048049927,0.9690436124801636,0.0499769340021885
3.5573992919926103,3.3460740881355684,2.160370431681473,74.15478420198127,0.18318575620651245,-0.7337536215782166,0.9853607416152954,0.05004270099743735
3.5573992919926103,3.3460740881355684,2.160370431681473,74.20415899425626,0.1899971067905426,-0.7318319082260132,0.9845909476280212,0.05014751800626982
3.5573992919926103,3.3460740881355684,2.160370431681473,74.25345661649001,0.1967436671257019,-0.7296538949012756,0.9836732149124146,0.05011585299507715
3.5577114720350114,3.348081807016129,2.0897911825825886,74.30304083263309,0.21769967675209045,-0.7243242859840393,0.99408358335495,0.04987932299991371
3.5577114720350114,3.348081807016129,2.0897911825825886,74.35263030709926,0.22443987429141998,-0.7216221690177917,0.9933801293373108,0.049919937999220565
3.5577114720350114,3.348081807016129,2.0897911825825886,74.40216239845357,0.23118089139461517,-0.7189199328422546,0.9926767349243164,0.049897504002728965
3.555943887412077,3.353896740576999,1.9991948689466557,74.45226265145355,0.2443455159664154,-0.7109987735748291,1.0,0.05010025299998233
3.555943887412077,3.353896740576999,1.9991948689466557,74.50235198445624,0.25050145387649536,-0.7078630924224854,1.0,0.05008933300268836
3.5537740680614776,3.359185756271843,1.915068281740725,74.55217737545352,0.2563498020172119,-0.6893783211708069,1.0,0.04982539099728456
3.5537740680614776,3.359185756271843,1.915068281740725,74.60233648745087,0.2624354958534241,-0.6865938901901245,1.0,0.05015911199734546
3.5537740680614776,3.359185756271843,1.915068281740725,74.65217887633715,0.2773905098438263,-0.6939041018486023,0.9958575963973999,0.05004971500602551
3.551281243782803,3.363968649109224,1.836685921552917,74.70197649633572,0.3102927505970001,-0.6901456713676453,1.0,0.04979761999857146
3.551281243782803,3.363968649109224,1.836685921552917,74.75212164933562,0.3174436092376709,-0.6892397403717041,1.0,0.050145152999903075
3.5475168716096226,3.372719770685324,1.7640622102315635,74.80195715633688,0.3303608298301697,-0.6844869256019592,1.0,0.04983550700126216
3.5475168716096226,3.372719770685324,1.7640622102315635,74.85193453633345,0.33939722180366516,-0.6825107932090759,1.0,0.04997737999656238
3.5475168716096226,3.372719770685324,1.7640622102315635,74.90194279633086,0.3482924699783325,-0.6797584295272827,1.0,0.0500082599974121
3.5445731123920585,3.379890105904022,1.6953710264218922,74.95215398933449,0.3487325608730316,-0.6569460034370422,1.0,0.050211193003633525
3.5445731123920585,3.379890105904022,1.6953710264218922,75.0021647023337,0.35838639736175537,-0.6550490260124207,1.0,0.05001071299921023
3.5445731123920585,3.379890105904022,1.6953710264218922,75.05232657033282,0.3680018186569214,-0.6531598567962646,1.0,0.05016186799912248
3.540179329699342,3.3969801148316905,1.6194911236467278,75.10195932333097,0.3451191186904907,-0.6222981810569763,1.0,0.049632752998149954
3.540179329699342,3.3969801148316905,1.6194911236467278,75.15194422533621,0.3546168804168701,-0.6193394660949707,1.0,0.0499849020052352
3.5400651408680797,3.4155626258257237,1.5419703393177726,75.2019495523369,0.3221507668495178,-0.48502209782600403,1.0,0.05000532700069016
3.5400651408680797,3.4155626258257237,1.5419703393177726,75.25220809333639,0.33255457878112793,-0.48460903763771057,1.0,0.05025854099949356
3.5400651408680797,3.4155626258257237,1.5419703393177726,75.30196003933322,0.34308362007141113,-0.48429757356643677,1.0,0.04975194599683164
3.540709729111904,3.443206919721174,1.4570374910276986,75.35215841433326,0.31435704231262207,-0.1691586673259735,1.0,0.05019837500003632
3.540709729111904,3.443206919721174,1.4570374910276986,75.40199029133744,0.32444241642951965,-0.21174925565719604,1.0,0.04983187700418057
3.540709729111904,3.443206919721174,1.4570374910276986,75.45197225833051,0.33448415994644165,-0.2315060794353485,1.0,0.049981966993073
3.5412517054650996,3.4682606324909573,1.3815177498864557,75.50176620339461,0.27372294664382935,0.5935420393943787,0.9962154626846313,0.0499831080014701
3.5412517054650996,3.4682606324909573,1.3815177498864557,75.5515393187936,0.28655532002449036,0.5831729769706726,0.9948756098747253,0.0500294860030408
3.5472788091864085,3.4949285176196283,1.2983207366393403,75.59867717504002,0.18042543530464172,0.6802552938461304,0.9432985782623291,0.04997130000265315
3.5472788091864085,3.4949285176196283,1.2983207366393403,75.64577226254009,0.18713855743408203,0.6815987229347229,0.9419087767601013,0.049999626993667334
3.5472788091864085,3.4949285176196283,1.2983207366393403,75.69279234396296,0.193542942404747,0.682843804359436,0.9404343366622925,0.04999826100538485
3.5581559762463244,3.5235519174520036,1.2202726945363689,75.73823181247249,0.13020189106464386,0.6592699885368347,0.9084460139274597,0.05001889800041681
3.5581559762463244,3.5235519174520036,1.2202726945363689,75.78360500264876,0.13609842956066132,0.6597751975059509,0.9056288003921509,0.05010131099697901
3.5581559762463244,3.5235519174520036,1.2202726945363689,75.82916088812534,0.1419854462146759,0.6602800488471985,0.9028162956237793,0.05045975100074429
3.570386626246886,3.5538711335490727,1.1674592302130746,75.8732550912192,0.0784456878900528,0.6434632539749146,0.8886266946792603,0.049620614998275414
3.570386626246886,3.5538711335490727,1.1674592302130746,75.91735076277878,0.08492691814899445,0.6435006260871887,0.8852823376655579,0.049809727002866566
3.5805834240114573,3.5761474031510914,1.172209065347908,75.96222086438222,0.026241302490234375,0.642848551273346,0.8969635963439941,0.05002443999546813
3.5805834240114573,3.5761474031510914,1.172209065347908,76.00685662924289,0.0333760529756546,0.6429671049118042,0.8934802412986755,0.049957193004956935
3.587424298887781,3.589264488984877,1.2156453542711734,76.051956570815,0.01,0.6443395614624023,0.9035255908966064,0.049915511001017876
3.587424298887781,3.589264488984877,1.2156453542711734,76.09722241106404,0.014807850122451782,0.6448549628257751,0.9007586240768433,0.05025301899877377
3.587424298887781,3.589264488984877,1.2156453542711734,76.14222056485552,0.022137567400932312,0.6454917788505554,0.8980116248130798,0.05010865399526665
3.592109401124789,3.6026487181403835,1.2705485757742736,76.18758042773005,0.01,0.6477435827255249,0.9107400178909302,0.04980550100299297
3.592109401124789,3.6026487181403835,1.2705485757742736,76.23291248618018,0.01,0.6484201550483704,0.9080382585525513,0.0499230709974654
3.592109401124789,3.6026487181403835,1.2705485757742736,76.2781851582966,0.011008739471435547,0.6491877436637878,0.9054078459739685,0.05000251800083788
3.5925652106153274,3.6094746735719916,1.3324283967901192,76.3240920216735,0.01,0.6510235667228699,0.9172884821891785,0.05004626599838957
3.5925652106153274,3.6094746735719916,1.3324283967901192,76.36986435708818,0.01,0.6521421074867249,0.9149871468544006,0.05002511299971957
3.5925652106153274,3.6094746735719916,1.3324283967901192,76.41541934643178,0.01289781928062439,0.6531782150268555,0.9125760793685913,0.049919114004296716
3.5914221266760054,3.61391085337162,1.4022677070560632,76.4611941626263,0.20864419639110565,0.6790427565574646,0.9154673218727112,0.050001584000710864
3.5914221266760054,3.61391085337162,1.4022677070560632,76.50687310325392,0.2143365889787674,0.6791589856147766,0.9135531783103943,0.050001402996713296
3.5886160760285803,3.612155535177598,1.4684872750952311,76.55311146865048,0.22120405733585358,0.6808239221572876,0.9176575541496277,0.050387385999783874
3.5886160760285803,3.612155535177598,1.4684872750952311,76.59856579228554,0.22683103382587433,0.6809648871421814,0.9157858490943909,0.049634228002105374
3.5886160760285803,3.612155535177598,1.4684872750952311,76.64425996378107,0.2322137951850891,0.6809694766998291,0.9139881730079651,0.049994269997114316
3.5885844134445604,3.6120496111181177,1.5442571487476437,76.69034329425182,0.23722007870674133,0.6834494471549988,0.9188443422317505,0.05015357700176537
3.5885844134445604,3.6120496111181177,1.5442571487476437,76.73633100622372,0.24269205331802368,0.6834672689437866,0.9170176386833191,0.05014921200199751
3.5859012335204734,3.611991152481077,1.6212394278415614,76.78205182123683,0.24724002182483673,0.6839087605476379,0.9207890629768372,0.0496539509986178
3.5859012335204734,3.611991152481077,1.6212394278415614,76.82806523439108,0.2527260184288025,0.683986246585846,0.9189645648002625,0.05007093300082488
3.5859012335204734,3.611991152481077,1.6212394278415614,76.87393684611085,0.25810715556144714,0.6839383244514465,0.9171684384346008,0.050014380998618435
3.5850792894762966,3.616320491458662,1.6924846782207417,76.92004116384554,0.25460588932037354,0.684406578540802,0.922273576259613,0.04998984999838285
3.5850792894762966,3.616320491458662,1.6924846782207417,76.96609496284928,0.2603704333305359,0.684191882610321,0.9202561974525452,0.050044540999806486
3.582841778764515,3.6192261689536713,1.764587435316089,77.01217627333367,0.26006650924682617,0.6841669678688049,0.9245442748069763,0.04984218900062842
3.582841778764515,3.6192261689536713,1.764587435316089,77.0583834947241,0.265828400850296,0.6839523315429688,0.9225277900695801,0.05008762000215938
3.582841778764515,3.6192261689536713,1.764587435316089,77.10439166641012,0.2716057598590851,0.6837371587753296,0.9205061197280884,0.04998138600058155
3.5808732304513855,3.6212242599784963,1.8343297501607916,77.15060691439005,0.27354902029037476,0.6837241053581238,0.9241519570350647,0.050008277998131234
3.5808732304513855,3.6212242599784963,1.8343297501607916,77.19671405563247,0.27936846017837524,0.6834995746612549,0.9220486283302307,0.05000510800164193
3.5808732304513855,3.6212242599784963,1.8343297501607916,77.24275224069021,0.2851324677467346,0.6832859516143799,0.9200326800346375,0.05003972799750045
3.575628822511881,3.634717783705608,1.91517790817119,77.28933354815926,0.2574460506439209,0.683169960975647,0.9321825504302979,0.049970156003837474
3.575628822511881,3.634717783705608,1.91517790817119,77.3358217801691,0.26327162981033325,0.6829468607902527,0.9299730658531189,0.04998879399499856
3.568626144629226,3.6551912236524866,1.9962776022789652,77.3831751132879,0.21824131906032562,0.6829501390457153,0.9469156861305237,0.05000797200045781
3.568626144629226,3.6551912236524866,1.9962776022789652,77.43041152016903,0.22371996939182281,0.6825751662254333,0.9447285532951355,0.04999997800041456
3.568626144629226,3.6551912236524866,1.9962776022789652,77.47769197549518,0.22950300574302673,0.6823071837425232,0.942504346370697,0.05016470800183015
3.560852940346379,3.67430926396113,2.0762780374831187,77.52543456484757,0.1950771063566208,0.6854771971702576,0.9579946994781494,0.04983596399688395
3.560852940346379,3.67430926396113,2.0762780374831187,77.57332817794325,0.20094524323940277,0.6854062676429749,0.9559759497642517,0.050099182000849396
3.5498584239619806,3.689673227000321,2.15299124396252,77.62175742099987,0.17144864797592163,0.6874606013298035,0.9697349667549133,0.0499407000024803
3.5498584239619806,3.689673227000321,2.15299124396252,77.67028208686058,0.17722088098526,0.6873626112937927,0.9677575826644897,0.05014134399971226
3.5498584239619806,3.689673227000321,2.15299124396252,77.71871001330074,0.1829632669687271,0.6873505115509033,0.9657309651374817,0.05014639499859186
3.53582488137092,3.7059234790285984,2.223044419566762,77.76733694923405,0.14322307705879211,0.6905677914619446,0.9793978333473206,0.04964983000536449
3.53582488137092,3.7059234790285984,2.223044419566762,77.81624867845552,0.14864781498908997,0.6897122263908386,0.9778619408607483,0.05001905399694806
3.53582488137092,3.7059234790285984,2.223044419566762,77.86515743942894,0.15410444140434265,0.6888517141342163,0.9763173460960388,0.05009514700213913
3.5200349089548557,3.723995338362655,2.3029788179942843,77.914581117032,0.10600230097770691,0.6937046647071838,0.9915919899940491,0.04984275599417742
3.5200349089548557,3.723995338362655,2.3029788179942843,77.96414062958786,0.11151596903800964,0.69283527135849,0.9900310039520264,0.05005854600312887
3.5200349089548557,3.723995338362655,2.3029788179942843,78.01355089487836,0.11704467236995697,0.691963255405426,0.9884658455848694,0.04998682100267615
3.5012299166463463,3.742560112290609,2.384028063862588,78.06403439687486,0.06487797200679779,0.6961959600448608,1.0,0.05048350199649576
3.5012299166463463,3.742560112290609,2.384028063862588,78.1135704378735,0.07050980627536774,0.6953079104423523,1.0,0.04953604099864606
3.4855736864288787,3.751899278787484,2.4608826470878506,78.16364276087327,0.03924646973609924,0.6964528560638428,1.0,0.05007232299976749
3.4855736864288787,3.751899278787484,2.4608826470878506,78.21355760587679,0.04560239613056183,0.695766031742096,1.0,0.04991484500351362
3.4855736864288787,3.751899278787484,2.4608826470878506,78.26365374887749,0.05193242430686951,0.6950799226760864,1.0,0.05009614300070098
3.4711869037800804,3.760185426549492,2.5351918776413664,78.31356154287417,0.023241892457008362,0.6959125399589539,1.0,0.049907793996680994
3.4711869037800804,3.760185426549492,2.5351918776413664,78.3637422108782,0.029700398445129395,0.6953079700469971,1.0,0.05018066800403176
3.459491357792052,3.7647160171920007,2.59483897634475,78.41356485687496,0.012031644582748413,0.6956549882888794,1.0,0.049822645996755455
3.459491357792052,3.7647160171920007,2.59483897634475,78.46355996187552,0.018705323338508606,0.6949235796928406,1.0,0.049995105000562035
3.459491357792052,3.7647160171920007,2.59483897634475,78.51383578887683,0.024662569165229797,0.6945451498031616,1.0,0.05027582700131461
3.448285699348638,3.767746385356418,2.663057353171347,78.56352853287311,0.01,0.6968913078308105,1.0,0.04969274399627466
3.448285699348638,3.767746385356418,2.663057353171347,78.61357106187418,0.011368706822395325,0.6964821815490723,1.0,0.05004252900107531
3.448285699348638,3.767746385356418,2.663057353171347,78.66358682687635,0.016846999526023865,0.6960700154304504,1.0,0.050015765002171975
3.437329700516467,3.7729321276458925,2.7308946031503716,78.71357041887453,0.01,0.7000478506088257,1.0,0.049983591998170596
3.437329700516467,3.7729321276458925,2.7308946031503716,78.76361958787814,0.01,0.699224054813385,1.0,0.050049169003614224
3.426886991380789,3.778413443764201,2.791436281289087,78.81356838687273,0.01,0.7064460515975952,1.0,0.049948798994591925
3.426886991380789,3.778413443764201,2.791436281289087,78.86379111587806,0.01,0.7054293751716614,1.0,0.05022272900532698
3.426886991380789,3.778413443764201,2.791436281289087,78.91361133987587,0.01,0.7043794989585876,1.0,0.04982022399781272
3.413515837518706,3.7793141249436406,2.8405620371607405,78.96380651787834,0.01,0.7086220979690552,1.0,0.05019517800246831
3.413515837518706,3.7793141249436406,2.8405620371607405,79.01375044587397,0.01,0.7075448036193848,1.0,0.049943927995627746
3.3999831464015937,3.780967352411104,2.9069505883885234,79.06347794287788,0.01,0.7140577435493469,1.0,0.04972749700391432
3.3999831464015937,3.780967352411104,2.9069505883885234,79.11357214887315,0.01,0.7133697867393494,1.0,0.05009420599526493
3.3999831464015937,3.780967352411104,2.9069505883885234,79.1635797078757,0.01,0.7124538421630859,1.0,0.050007559002551716
3.38123376798118,3.7823176070907754,2.976837076356717,79.2136152788785,0.01,0.7083713412284851,1.0,0.050035571002808865
3.38123376798118,3.7823176070907754,2.976837076356717,79.26354794287684,0.01,0.707805335521698,1.0,0.04993266399833374
3.38123376798118,3.7823176070907754,2.976837076356717,79.3138100708725,0.01,0.7072403430938721,1.0,0.05026212799566565
3.3698537760393035,3.781702838419028,3.048425084336115,79.3637629708733,0.01,0.696835994720459,1.0,0.04995290000078967
3.3698537760393035,3.781702838419028,3.048425084336115,79.4136536478741,0.01,0.696247935295105,1.0,0.04989067700080341
3.366102693671825,3.7804368400765536,3.1209999881582586,79.46380776487561,0.01,0.691230058670044,1.0,0.05015411700151162
3.366102693671825,3.7804368400765536,3.1209999881582586,79.51354418887561,0.011698737740516663,0.6907194256782532,1.0,0.049736424000002444
3.366102693671825,3.7804368400765536,3.1209999881582586,79.56366797487638,0.013621747493743896,0.6903430819511414,1.0,0.05012378600076772
3.3654644127044917,3.779268385126377,-3.0977318146427546,79.60562683761293,0.09929320216178894,-0.8,0.8395869731903076,0.049975599999015685
3.3654644127044917,3.779268385126377,-3.0977318146427546,79.64795092022872,0.09866124391555786,-0.8,0.8392110466957092,0.050433181000698823
3.3654644127044917,3.779268385126377,-3.0977318146427546,79.68956381875472,0.09802371263504028,-0.8,0.8388323187828064,0.049608125002123415
3.3632359798635556,3.7780295477402888,-3.020515542358668,79.73148623119917,0.10292206704616547,-0.8,0.8377155661582947,0.05004373099654913
3.3632359798635556,3.7780295477402888,-3.020515542358668,79.77317509148374,0.10202579945325851,-0.8,0.8365974426269531,0.04983144599827938
3.3578498273128337,3.7753485285578567,-2.9455378696568313,79.81516401467462,0.10725530982017517,-0.8,0.8400591611862183,0.0499832929999684
3.3578498273128337,3.7753485285578567,-2.9455378696568313,79.85712853025241,0.10634483397006989,-0.8,0.8389403223991394,0.05002085900196107
3.3578498273128337,3.7753485285578567,-2.9455378696568313,79.89930545604693,0.10543501377105713,-0.8,0.8378221392631531,0.05034114499721909
3.3578498273128337,3.7753485285578567,-2.9455378696568313,79.94102686119511,0.10448434203863144,-0.8,0.8365120887756348,0.049875436001457274
3.3578498273128337,3.7753485285578567,-2.9455378696568313,79.98282445515848,0.10351590812206268,-0.8,0.8350707292556763,0.05005275900475681
3.3428074682928877,3.7700003530095056,-2.966287552476617,80.02545409918565,0.10406830161809921,-0.8,0.8568278551101685,0.04975286899571074
3.3428074682928877,3.7700003530095056,-2.966287552476617,80.06827392462992,0.10308505594730377,-0.8,0.8547977805137634,0.05009351500484627
3.3428074682928877,3.7700003530095056,-2.966287552476617,80.11078552768414,0.10207079350948334,-0.8,0.8527426719665527,0.049852791999001056
3.3410351965664966,3.7679908158853492,-3.048746017684292,80.15381013197575,0.09720490872859955,-0.8,0.8581414818763733,0.05013695899833692
3.3410351965664966,3.7679908158853492,-3.048746017684292,80.1965772078006,0.0961468443274498,-0.8,0.8560536503791809,0.04995840600167867
3.3410351965664966,3.7679908158853492,-3.048746017684292,80.23921830513119,0.09509501606225967,-0.8,0.8539783358573914,0.04993229399406118
3.341298594996296,3.76177433965014,3.1410771172706773,80.28955465013551,0.012971118092536926,-0.15082332491874695,1.0,0.05033634500432527
3.341298594996296,3.76177433965014,3.1410771172706773,80.33958304113604,0.013711497187614441,-0.18485520780086517,1.0,0.0500283910005237
3.3441730548127295,3.757544150695343,3.052462311293195,80.38916299713729,0.013854414224624634,-0.29083091020584106,1.0,0.04957995600125287
3.3441730548127295,3.757544150695343,3.052462311293195,80.43953046513762,0.014407843351364136,-0.32228586077690125,1.0,0.05036746800033143
3.3441730548127295,3.757544150695343,3.052462311293195,80.48938005813817,0.015254385769367218,-0.3580792248249054,1.0,0.0498495930005447
3.344417096253024,3.7557199112215827,2.958529084849824,80.53927651413379,0.017465494573116302,-0.37391141057014465,1.0,0.04989645599562209
3.344417096253024,3.7557199112215827,2.958529084849824,80.58939406513365,0.01824280619621277,-0.39415594935417175,1.0,0.050117550999857485
3.3456773948762546,3.7536487955555145,2.8570210350777105,80.63941762513842,0.029584072530269623,-0.42399832606315613,1.0,0.05002356000477448
3.3456773948762546,3.7536487955555145,2.8570210350777105,80.68929439313489,0.03143323212862015,-0.44369393587112427,1.0,0.04987676799646579
3.3456773948762546,3.7536487955555145,2.8570210350777105,80.73933795113827,0.03345305472612381,-0.4622223973274231,1.0,0.050043558003380895
3.343957545401801,3.7519928078813303,2.773561081590774,80.78952741213708,0.03868026286363602,-0.4563799798488617,1.0,0.0501894609988085
3.343957545401801,3.7519928078813303,2.773561081590774,80.83953804713802,0.0406220480799675,-0.4711170196533203,1.0,0.0500106350009446
3.343957545401801,3.7519928078813303,2.773561081590774,80.88928511613322,0.042556941509246826,-0.4858018457889557,1.0,0.049747068995202426
3.336397770896082,3.7546612251292872,2.7035919599713782,80.93921469613689,0.03857363760471344,-0.36061638593673706,1.0,0.04992958000366343
3.336397770896082,3.7546612251292872,2.7035919599713782,80.9893853941363,0.039954520761966705,-0.3760903775691986,1.0,0.050170697999419644
3.3232918309680004,3.758261652776402,2.652064245128218,81.0390639361327,0.030784711241722107,-0.33343741297721863,1.0,0.04967854199639987
3.3232918309680004,3.758261652776402,2.652064245128218,81.08927161613666,0.03216627240180969,-0.3452063798904419,1.0,0.05020768000395037
3.3232918309680004,3.758261652776402,2.652064245128218,81.13955595013668,0.03356270492076874,-0.357100248336792,1.0,0.05028433400002541
3.3146218112641828,3.761264830737289,2.5997943854414047,81.18920656213287,0.029560446739196777,-0.23666349053382874,1.0,0.049650611996185035
3.3146218112641828,3.761264830737289,2.5997943854414047,81.23940824413567,0.03102107346057892,-0.23302887380123138,1.0,0.0502016820028075
3.3059415995330927,3.7640644159082837,2.5457897130969442,81.28906952013186,0.027066141366958618,-0.10945360362529755,1.0,0.049661275996186305
3.3059415995330927,3.7640644159082837,2.5457897130969442,81.33929221113486,0.028527051210403442,-0.10581809282302856,1.0,0.050222691003000364
3.3059415995330927,3.7640644159082837,2.5457897130969442,81.38939116113453,0.030004367232322693,-0.10214139521121979,1.0,0.05009894999966491
3.3059415995330927,3.7640644159082837,2.5457897130969442,81.43935088313138,0.03151741623878479,-0.10479730367660522,1.0,0.04995972199685639
3.3059415995330927,3.7640644159082837,2.5457897130969442,81.48946530313388,0.03311735391616821,-0.11569514870643616,1.0,0.05011442000250099
3.3059415995330927,3.7640644159082837,2.5457897130969442,81.53944373513205,0.03480827808380127,-0.12147857248783112,1.0,0.04997843199816998
3.295289245716361,3.770058737657086,2.460240686142932,81.58923769013619,0.02864915132522583,0.2517341673374176,1.0,0.04979395500413375
3.295289245716361,3.770058737657086,2.460240686142932,81.63925005113252,0.03129154443740845,0.24018853902816772,1.0,0.05001236099633388
3.295289245716361,3.770058737657086,2.460240686142932,81.68924207213841,0.03436124324798584,0.24146896600723267,1.0,0.04999202100589173
3.295289245716361,3.770058737657086,2.460240686142932,81.73922638713394,0.03711335361003876,0.26110079884529114,1.0,0.0499843149955268
3.295289245716361,3.770058737657086,2.460240686142932,81.78924523413717,0.03973837196826935,0.2847478687763214,1.0,0.050018847003229894
3.2915110542223833,3.770974173032276,2.393318470196846,81.83923634313815,0.03894154727458954,0.43447861075401306,1.0,0.04999110900098458
3.2915110542223833,3.770974173032276,2.393318470196846,81.88926056313777,0.04454529285430908,0.46152862906455994,1.0,0.050024219999613706
3.2915110542223833,3.770974173032276,2.393318470196846,81.93939414113684,0.05015283823013306,0.48859646916389465,1.0,0.050133577999076806
3.2915110542223833,3.770974173032276,2.393318470196846,81.9892309361354,0.056171923875808716,0.5150805115699768,1.0,0.04983679499855498
3.2915110542223833,3.770974173032276,2.393318470196846,82.039230621133,0.06229381263256073,0.5409582853317261,1.0,0.049999684997601435
3.2915110542223833,3.770974173032276,2.393318470196846,82.08922004413454,0.06723318994045258,0.5659671425819397,1.0,0.049989423001534306
3.2915110542223833,3.770974173032276,2.393318470196846,82.13920922113594,0.07217144966125488,0.5909716486930847,1.0,0.04998917700140737
3.2915110542223833,3.770974173032276,2.393318470196846,82.18920934713661,0.07709255814552307,0.616753876209259,1.0,0.05000012600066839
3.2982719525851327,3.7617216593684746,2.455187119350438,82.23923749013612,0.09733840823173523,0.11399140954017639,1.0,0.05002814299950842
3.2982719525851327,3.7617216593684746,2.455187119350438,82.2893532951317,0.10326910018920898,0.1455114483833313,1.0,0.05011580499558477
3.2982719525851327,3.7617216593684746,2.455187119350438,82.33920141013787,0.10921020805835724,0.17708617448806763,1.0,0.0498481150061707
3.2982719525851327,3.7617216593684746,2.455187119350438,82.38926427113311,0.11511953175067902,0.2084924280643463,1.0,0.050062860995240044
3.2982719525851327,3.7617216593684746,2.455187119350438,82.43920740513259,0.12105447053909302,0.2400338351726532,1.0,0.04994313399947714
3.2842651137789214,3.7710013485481273,2.543356459520963,82.48921567446244,0.08114071190357208,0.36780548095703125,0.9999989867210388,0.05000832000223454
3.2842651137789214,3.7710013485481273,2.543356459520963,82.53942120887623,0.08707264065742493,0.3958950340747833,0.999248206615448,0.05024330699961865
3.2842651137789214,3.7710013485481273,2.543356459520963,82.5893339858155,0.09313689172267914,0.41531631350517273,0.9986621141433716,0.04997964399808552
3.2842651137789214,3.7710013485481273,2.543356459520963,82.63911830781555,0.1589299440383911,-0.18135777115821838,1.0,0.04978432200005045
3.2842651137789214,3.7710013485481273,2.543356459520963,82.6891241728151,0.1674041450023651,-0.24112659692764282,1.0,0.050005864999548066
3.2664914981678668,3.781380388074658,2.628375631332024,82.7390822988161,0.1299952119588852,0.3191473186016083,1.0,0.0499581260010018
3.2664914981678668,3.781380388074658,2.628375631332024,82.78912114381794,0.13937009871006012,0.25155067443847656,1.0,0.05003884500183631
3.2664914981678668,3.781380388074658,2.628375631332024,82.83917006981912,0.147030770778656,0.18418319523334503,1.0,0.050048926001181826
3.2664914981678668,3.781380388074658,2.628375631332024,82.8891048778166,0.15451380610466003,0.11576274037361145,1.0,0.04993480799748795
3.245656799697227,3.7913055401670683,2.6796004769138526,82.93911883782104,0.12120755016803741,0.2619542181491852,1.0,0.05001396000443492
3.245656799697227,3.7913055401670683,2.6796004769138526,82.98911976281644,0.13019458949565887,0.19564774632453918,1.0,0.050000924995401874
3.230670326061993,3.79511538491127,2.7148258475083686,83.03925289581795,0.11619001626968384,0.21321600675582886,1.0,0.05013313300150912
3.230670326061993,3.79511538491127,2.7148258475083686,83.08933303981732,0.12380728125572205,0.144385427236557,1.0,0.050080143999366555
3.218427207583145,3.8038134936142503,2.726639817187784,83.13917746581839,0.09242305159568787,0.3724699318408966,1.0,0.04984442600107286
3.218427207583145,3.8038134936142503,2.726639817187784,83.1891281868154,0.10264144837856293,0.3092799782752991,1.0,0.04995072099700337
3.218427207583145,3.8038134936142503,2.726639817187784,83.23932107181437,0.11292152106761932,0.245783269405365,1.0,0.050192884998978116
3.2064012408058513,3.8106954059335454,2.747081674686402,83.28912595081758,0.07717591524124146,0.6524377465248108,1.0,0.049804879003204405
3.2064012408058513,3.8106954059335454,2.747081674686402,83.33910736782101,0.09003205597400665,0.6208794713020325,1.0,0.049981417003436945
3.2064012408058513,3.8106954059335454,2.747081674686402,83.38911166982118,0.10299970209598541,0.5897186994552612,1.0,0.05000430200016126
3.182601701374507,3.8191956137530463,2.781116034490717,83.43913222182138,0.03881135582923889,0.680262565612793,1.0,0.0500205520002055
3.182601701374507,3.8191956137530463,2.781116034490717,83.48912340481886,0.0488186776638031,0.6809434294700623,1.0,0.049991182997473516
3.1627412402800292,3.824045668954543,2.8328181512801724,83.53942798681939,0.010930314660072327,0.6790075898170471,1.0,0.05030458200053545
3.1627412402800292,3.824045668954543,2.8328181512801724,83.58911234582021,0.02188354730606079,0.6796972155570984,1.0,0.04968435900082113
3.1627412402800292,3.824045668954543,2.8328181512801724,83.6393049298201,0.03227728605270386,0.6806889772415161,1.0,0.050192583999887574
3.1417884730342567,3.825606515006729,2.8871035847770448,83.68913833182134,0.01,0.5514441132545471,1.0,0.049833402001240756
3.1417884730342567,3.825606515006729,2.8871035847770448,83.73913574282025,0.011235430836677551,0.4894077479839325,1.0,0.04999741099891253
3.128589582457486,3.8275941896018657,2.9506008227163956,83.78909983281457,0.01,0.4341103732585907,1.0,0.04996408999431878
3.128589582457486,3.8275941896018657,2.9506008227163956,83.83928429281488,0.015229284763336182,0.36927542090415955,1.0,0.05018446000030963
3.128589582457486,3.8275941896018657,2.9506008227163956,83.88934388582103,0.022077441215515137,0.28214332461357117,1.0,0.05005959300615359
3.121058050130391,3.8247544701855314,3.0072052191122682,83.93917986581775,0.021197259426116943,0.253921240568161,1.0,0.04983597999671474
3.121058050130391,3.8247544701855314,3.0072052191122682,83.98934028681808,0.02759513258934021,0.17466580867767334,1.0,0.050160421000327915
3.121058050130391,3.8247544701855314,3.0072052191122682,84.03923574381744,0.03582528233528137,0.09373632073402405,1.0,0.049895456999365706
3.1168759208414136,3.8238705718659314,3.0805061514280516,84.08924762182116,0.04514046013355255,-0.1803891658782959,1.0,0.05001187800371554
3.1168759208414136,3.8238705718659314,3.0805061514280516,84.13912733581648,0.05404840409755707,-0.26819971203804016,1.0,0.04987971399532398
3.1168759208414136,3.8238705718659314,3.0805061514280516,84.189107359816,0.06250730156898499,-0.3628489673137665,1.0,0.04998002399952384
3.112368240850646,3.8228866201159124,-3.1334376278668326,84.2348824267803,0.18716999888420105,-0.8,0.9115864038467407,0.050214732000313234
3.112368240850646,3.8228866201159124,-3.1334376278668326,84.28031536919357,0.18968810141086578,-0.8,0.9125465154647827,0.04978698799823178
3.1060094925993327,3.8226914900204516,-3.0784387840992724,84.3258646752663,0.19452086091041565,-0.8,0.909655749797821,0.05007312500674743
3.1060094925993327,3.8226914900204516,-3.0784387840992724,84.3713281292939,0.19694849848747253,-0.8,0.9106112122535706,0.04992630599736003
3.1060094925993327,3.8226914900204516,-3.0784387840992724,84.41720917686492,0.19912433624267578,-0.8,0.9115650057792664,0.050332172999333125
3.1060094925993327,3.8226914900204516,-3.0784387840992724,84.46268886108828,0.201320081949234,-0.8,0.9125274419784546,0.049839250998047646
3.1060094925993327,3.8226914900204516,-3.0784387840992724,84.50838201746551,0.20349672436714172,-0.8,0.9134817123413086,0.05002087700268021
3.1060094925993327,3.8226914900204516,-3.0784387840992724,84.55393729693806,0.20568352937698364,-0.8,0.9144403338432312,0.04981766200216953
3.1060094925993327,3.8226914900204516,-3.0784387840992724,84.59970892535283,0.20786362886428833,-0.8,0.9153961539268494,0.050001988995063584
3.1060094925993327,3.8226914900204516,-3.0784387840992724,84.64273565088138,0.28384387493133545,-0.7673973441123962,0.8601745963096619,0.0500209210003959
3.090908189743267,3.822214892326472,-3.1380447603382744,84.68626046189746,0.2712467908859253,-0.7933652997016907,0.8698083758354187,0.050039540001307614
3.090908189743267,3.822214892326472,-3.1380447603382744,84.72972735010751,0.2758146822452545,-0.7911881804466248,0.8705245852470398,0.049931832996662706
3.091721983251043,3.8204650112130536,3.084449122136436,84.77894837142247,0.10899095982313156,-0.7419611811637878,0.986155092716217,0.0499120490057976
3.091721983251043,3.8204650112130536,3.084449122136436,84.8280739537281,0.11484937369823456,-0.7366670966148376,0.9806721210479736,0.050093788995582145
3.091721983251043,3.8204650112130536,3.084449122136436,84.87683779147784,0.12071720510721207,-0.7313362956047058,0.9754486680030823,0.049991188003332354
3.0925093373428836,3.818513560703646,3.0179445640455653,84.92662136304301,0.15313181281089783,-0.7297326326370239,0.9949541687965393,0.0500360450023436
3.0925093373428836,3.818513560703646,3.0179445640455653,84.97617100438565,0.15890373289585114,-0.726387083530426,0.991714596748352,0.049963609999394976
3.0925093373428836,3.818513560703646,3.0179445640455653,85.02560747880837,0.16480401158332825,-0.7228689193725586,0.9882486462593079,0.05002432799665257
3.0921175840216013,3.8177984625302357,2.9295334254985255,85.07577231480884,0.20108449459075928,-0.7189866900444031,1.0,0.0501648360004765
3.0921175840216013,3.8177984625302357,2.9295334254985255,85.12576176681235,0.20772574841976166,-0.7169761657714844,1.0,0.049989452003501356
3.0860906273546,3.8181886779994545,2.8450707685097356,85.17566342481207,0.22400707006454468,-0.7049809098243713,1.0,0.04990165799972601
3.0860906273546,3.8181886779994545,2.8450707685097356,85.22557837581174,0.23339928686618805,-0.7065528035163879,1.0,0.04991495099966414
3.0860906273546,3.8181886779994545,2.8450707685097356,85.27585505981172,0.2427385151386261,-0.7079625129699707,1.0,0.0502766839999822
3.088807200980539,3.818762893618663,2.744841086057354,85.32551866081106,0.269704133272171,-0.6723234057426453,1.0,0.04966360099933809
3.088807200980539,3.818762893618663,2.744841086057354,85.37589446080877,0.27917468547821045,-0.6729968190193176,1.0,0.05037579999770969
3.088807200980539,3.818762893618663,2.744841086057354,85.42570212680933,0.2887811064720154,-0.6736801862716675,1.0,0.04980766600056086
3.0854809772057523,3.821497526964172,2.6549220735742365,85.47560747380687,0.2996821403503418,-0.6352248787879944,1.0,0.049905346997547895
3.0854809772057523,3.821497526964172,2.6549220735742365,85.5256153808112,0.30916720628738403,-0.6390666961669922,1.0,0.050007907004328445
3.0854809772057523,3.821497526964172,2.6549220735742365,85.57558636680535,0.31864386796951294,-0.6394460797309875,1.0,0.049970985994150396
3.0840730918416783,3.8202664409232896,2.564161515365041,85.6256331178118,0.33844926953315735,-0.5992125272750854,1.0,0.050046751006448176
3.0840730918416783,3.8202664409232896,2.564161515365041,85.67560301981196,0.3478272557258606,-0.597206711769104,1.0,0.04996990200015716
3.074829954328222,3.822197496812544,2.4852747493522642,85.7256215278065,0.34902581572532654,-0.5439457297325134,1.0,0.050018507994536776
3.074829954328222,3.822197496812544,2.4852747493522642,85.7756001998094,0.35935109853744507,-0.5423334836959839,1.0,0.04997867200290784
3.061861090389682,3.8269918672598857,2.4136480852801383,85.82552148280577,0.3517685830593109,-0.4681326746940613,1.0,0.049921282996365335
3.061861090389682,3.8269918672598857,2.4136480852801383,85.87578572881087,0.36237192153930664,-0.4647166132926941,1.0,0.05026424600509927
3.061861090389682,3.8269918672598857,2.4136480852801383,85.92572883281157,0.37297511100769043,-0.46145346760749817,1.0,0.0499431040007039
3.0527622650405113,3.8363903197419047,2.3310648100079234,85.97562238781013,0.36345839500427246,-0.28652721643447876,1.0,0.04989355499856174
3.0527622650405113,3.8363903197419047,2.3310648100079234,86.0258153208086,0.3735020160675049,-0.28967320919036865,1.0,0.050192932998470496
3.0527622650405113,3.8363903197419047,2.3310648100079234,86.07565830280858,0.38376152515411377,-0.2916255295276642,1.0,0.049842981999972835
3.0386488609690363,3.8561483896895687,2.245925576469305,86.1252051243674,0.35848408937454224,0.38351795077323914,0.9920324683189392,0.049944758000492584
3.0386488609690363,3.8561483896895687,2.245925576469305,86.17482063896625,0.3686876893043518,0.356624573469162,0.992660403251648,0.04998236500250641
3.016286661394942,3.8859162974960024,2.1623365357624813,86.22172056779364,0.21470233798027039,0.6895787119865417,0.939819872379303,0.049903103994438425
3.016286661394942,3.8859162974960024,2.1623365357624813,86.26879339432753,0.22144614160060883,0.690820038318634,0.9379375576972961,0.05018759100494208
3.016286661394942,3.8859162974960024,2.1623365357624813,86.31561960004983,0.22811344265937805,0.692033588886261,0.9360186457633972,0.050027000994305126
2.996815443667666,3.9192966187283975,2.0874857904264656,86.36031725528285,0.14009791612625122,0.6587823033332825,0.8940961956977844,0.04999199800658971
2.996815443667666,3.9192966187283975,2.0874857904264656,86.40498194323078,0.1457446664571762,0.6593880653381348,0.8914304375648499,0.05010451300040586
2.996815443667666,3.9192966187283975,2.0874857904264656,86.44922061846765,0.1516105681657791,0.6598808169364929,0.8885882496833801,0.04978534799738554
2.9829661043699014,3.947014918655494,2.0387111589087654,86.49322127181375,0.08240017294883728,0.6454970240592957,0.8784378170967102,0.050089661999663804
2.9829661043699014,3.947014918655494,2.0387111589087654,86.53707565458964,0.0883064866065979,0.645404577255249,0.8748204708099365,0.05012957999861101
2.971787949678962,3.9723920218129436,2.050864697959555,86.58117315797915,0.030713394284248352,0.6452827453613281,0.8864319920539856,0.049747192999348044
2.971787949678962,3.9723920218129436,2.050864697959555,86.62552635934291,0.03667469322681427,0.6451536417007446,0.8828890919685364,0.0502364359999774
2.971787949678962,3.9723920218129436,2.050864697959555,86.66947053091874,0.04329235851764679,0.6450847387313843,0.8792080879211426,0.04998153699852992
2.9679204276585778,3.982957319857844,2.0977624048983006,86.71367591083184,0.02504850924015045,0.6468374133110046,0.8874076008796692,0.04981406500155572
2.9679204276585778,3.982957319857844,2.0977624048983006,86.75790691352266,0.03107398748397827,0.6470833420753479,0.8843091130256653,0.05001758100115694
2.9679204276585778,3.982957319857844,2.0977624048983006,86.80217946061252,0.03778614103794098,0.6474181413650513,0.8811221122741699,0.05024564299674239
2.9650621596892868,3.9873322319323994,2.1514901439420124,86.84634366541182,0.03237716853618622,0.6495102047920227,0.887998640537262,0.049734541003999766
2.9650621596892868,3.9873322319323994,2.1514901439420124,86.89080971289637,0.03924819827079773,0.6499767303466797,0.8848547339439392,0.0502523699979065
2.966196500986043,3.9871514750769523,2.2093489312979315,86.93513830905574,0.048774704337120056,0.6532735228538513,0.8900232911109924,0.04980610799975693
2.966196500986043,3.9871514750769523,2.2093489312979315,86.97947853997354,0.0552632212638855,0.6540966033935547,0.8874443769454956,0.04996395500347717
2.966196500986043,3.9871514750769523,2.2093489312979315,87.02373747732753,0.06164562702178955,0.6550315022468567,0.885113000869751,0.05000371400092263
2.962664932246579,3.9951042992635384,2.2809396474776116,87.06859975526272,0.05014050006866455,0.6590034365653992,0.8977988362312317,0.049969186999078374
2.962664932246579,3.9951042992635384,2.2809396474776116,87.11340368426497,0.05730399489402771,0.660224974155426,0.8955702185630798,0.05002838200016413
2.9601478146543596,3.99985641855314,2.3529891307678676,87.15868813565815,0.056209832429885864,0.6644852161407471,0.9067866206169128,0.04993947899492923
2.9601478146543596,3.99985641855314,2.3529891307678676,87.20398742353069,0.06385627388954163,0.6656835675239563,0.9044831395149231,0.050083065005310345
2.9601478146543596,3.99985641855314,2.3529891307678676,87.24904269582471,0.07147270441055298,0.6668680310249329,0.9021666646003723,0.04994118499598699
2.9526809945635595,4.007324571817577,2.42461042493881,87.29501839514097,0.05366984009742737,0.6715018153190613,0.9190973043441772,0.05002266800147481
2.9526809945635595,4.007324571817577,2.42461042493881,87.34104469263231,0.060667648911476135,0.6731216311454773,0.9174990653991699,0.050164952997874934
2.9446782453285385,4.009743416646349,2.4958192635608123,87.38759113911807,0.04934340715408325,0.6780372858047485,0.9344567656517029,0.04981123600009596
2.9446782453285385,4.009743416646349,2.4958192635608123,87.43434336554448,0.05800248682498932,0.680074155330658,0.9331279397010803,0.05010269700142089
2.9446782453285385,4.009743416646349,2.4958192635608123,87.48086274279818,0.06611303985118866,0.6820085644721985,0.9316255450248718,0.0499335569984396
2.9309425695560614,4.018168754966137,2.554679656517773,87.52840394755476,0.03463740646839142,0.6882604956626892,0.9506987929344177,0.050006590005068574
2.9309425695560614,4.018168754966137,2.554679656517773,87.57586831798965,0.04437051713466644,0.6897152066230774,0.9496346712112427,0.049981715994363185
2.9309425695560614,4.018168754966137,2.554679656517773,87.62330196967706,0.05398821830749512,0.6913572549819946,0.9484443068504333,0.050012058003630955
2.9198503141920003,4.025380393868888,2.6163908976695454,87.67170706257274,0.04045876860618591,0.7002524733543396,0.9630042910575867,0.05026466999697732
2.9198503141920003,4.025380393868888,2.6163908976695454,87.71971569415174,0.05088357627391815,0.7013458609580994,0.9616917967796326,0.04992101600510068
2.9103968072745006,4.0314805447507105,2.6771140762494507,87.76812347455379,0.059878334403038025,0.7016483545303345,0.9720233082771301,0.04980104899732396
2.9103968072745006,4.0314805447507105,2.6771140762494507,87.81813000025538,0.10852336883544922,0.7121696472167969,0.9974107146263123,0.05013634300121339
2.9103968072745006,4.0314805447507105,2.6771140762494507,87.86775949289938,0.1180843859910965,0.7114542722702026,0.9953845143318176,0.049859619000926614
2.8995179095085906,4.03404460911606,2.741064654675671,87.91775449089971,0.11813752353191376,0.7093145251274109,1.0,0.04999499800032936
2.8995179095085906,4.03404460911606,2.741064654675671,87.9677931178993,0.12790101766586304,0.7087085247039795,1.0,0.05003862699959427
2.888912700700108,4.036058997868563,2.8093926614364753,88.01765551589403,0.13657674193382263,0.7090400457382202,1.0,0.04986239799472969
2.888912700700108,4.036058997868563,2.8093926614364753,88.06776606989649,0.14678910374641418,0.7083315849304199,1.0,0.05011055400245823
2.888912700700108,4.036058997868563,2.8093926614364753,88.11798142989926,0.15771767497062683,0.7074218392372131,1.0,0.05021536000276683
2.878059295742638,4.039777340665949,2.873178606464727,88.16774562889975,0.16880494356155396,0.7060078978538513,1.0,0.049764199000492226
2.878059295742638,4.039777340665949,2.873178606464727,88.21797726389548,0.1805584728717804,0.7044477462768555,1.0,0.05023163499572547
2.878059295742638,4.039777340665949,2.873178606464727,88.2679616169006,0.19242241978645325,0.7028729915618896,1.0,0.04998435300512938
2.8655558239210475,4.039561441982418,2.9400600086037447,88.31784298489572,0.20922839641571045,0.6987829804420471,1.0,0.04988136799511267
2.8655558239210475,4.039561441982418,2.9400600086037447,88.36776698589881,0.22125917673110962,0.6974899768829346,1.0,0.04992400100309169
2.8655558239210475,4.039561441982418,2.9400600086037447,88.417766098897,0.23345613479614258,0.6963861584663391,1.0,0.049999112998193596
2.856511772574057,4.037750747164611,3.0157803843038367,88.46777689689395,0.25237882137298584,0.6907129883766174,1.0,0.050010797996947076
2.856511772574057,4.037750747164611,3.0157803843038367,88.51794694589978,0.264453649520874,0.6897812485694885,1.0,0.05017004900582833
2.8417798154924006,4.036629264112442,3.0867519798955483,88.56777690426317,0.2846360206604004,0.6845473051071167,0.9999087452888489,0.04983450599684147
2.8417798154924006,4.036629264112442,3.0867519798955483,88.61774675643028,0.2989237904548645,0.6830439567565918,0.9962358474731445,0.05015865700261202
2.8417798154924006,4.036629264112442,3.0867519798955483,88.66719630864705,0.31326186656951904,0.6818655133247375,0.9925946593284607,0.04981847499584546
2.823772663678932,4.035490832943284,-3.1353186201427383,88.7019851573228,0.12757636606693268,-0.8,0.6929014325141907,0.050207500004034955
2.823772663678932,4.035490832943284,-3.1353186201427383,88.7365693485172,0.13013572990894318,-0.8,0.6930133700370789,0.04990407500008587
2.7995349732896835,4.031447043028579,-3.060115898609795,88.77223498007163,0.11997798085212708,-0.8,0.7125890254974365,0.05005077299574623
2.7995349732896835,4.031447043028579,-3.060115898609795,88.80773780705577,0.12181487679481506,-0.8,0.7123118042945862,0.049841694002680015
2.7995349732896835,4.031447043028579,-3.060115898609795,88.84365632926657,0.12378377467393875,-0.8,0.7118260860443115,0.05045968799822731
2.7813797802088356,4.024175034085265,-2.9725928096412004,88.87971785990904,0.12007463723421097,-0.8,0.7278632521629333,0.049544376000994816
2.7813797802088356,4.024175034085265,-2.9725928096412004,88.91608704207492,0.12207458168268204,-0.8,0.7273695468902588,0.050000969000393525
2.7813797802088356,4.024175034085265,-2.9725928096412004,88.95243843679832,0.12409146130084991,-0.8,0.726871907711029,0.05001073000312317
2.7662791000783336,4.017078427082987,-2.9091239813755427,88.9894042643886,0.1272541582584381,-0.8,0.7394601106643677,0.04999029299506219
2.7662791000783336,4.017078427082987,-2.9091239813755427,89.0264693824154,0.12930415570735931,-0.8,0.7389541268348694,0.0501588890037965
2.7662791000783336,4.017078427082987,-2.9091239813755427,89.06337601213899,0.13135966658592224,-0.8,0.7384470105171204,0.0499787109947647
2.7662791000783336,4.017078427082987,-2.9091239813755427,89.10032815703836,0.13340644538402557,-0.8,0.7379416823387146,0.050074614002369344
2.7662791000783336,4.017078427082987,-2.9091239813755427,89.13713194975695,0.1354556828737259,-0.8,0.7374359369277954,0.04990778300270904
2.751170762280638,4.013749039124249,-2.9939921701200443,89.17551636366667,0.12866277992725372,-0.8,0.767333447933197,0.050023120995319914
2.751170762280638,4.013749039124249,-2.9939921701200443,89.21385896395098,0.13102909922599792,-0.8,0.7676597833633423,0.049947387000429444
2.739710928973153,4.013127225154559,-3.0753591901289132,89.25262308175866,0.1252020299434662,-0.8,0.776824414730072,0.04990074600209482
2.739710928973153,4.013127225154559,-3.0753591901289132,89.29164112803451,0.12747302651405334,-0.8,0.7774072289466858,0.05018997099978151
2.739710928973153,4.013127225154559,-3.0753591901289132,89.33039593406082,0.12973004579544067,-0.8,0.7779276371002197,0.049818008999864105
2.739710928973153,4.013127225154559,-3.0753591901289132,89.36928880180989,0.1317935585975647,-0.8,0.7779832482337952,0.049991908999800216
2.734506676442024,4.01216515451358,3.1075541562840594,89.4190147866853,0.2521502673625946,0.6854791045188904,0.994627833366394,0.04999456400400959
2.734506676442024,4.01216515451358,3.1075541562840594,89.46869821560608,0.26408258080482483,0.6846413612365723,0.9909458160400391,0.05013738200068474
2.7309893180359173,4.012945617397035,3.0054176308978664,89.51852987714521,0.1976812481880188,0.6931784749031067,0.9980486035346985,0.049929092994716484
2.7309893180359173,4.012945617397035,3.0054176308978664,89.56818449158618,0.2102843075990677,0.6921020150184631,0.9939786791801453,0.04995541200332809
2.7309893180359173,4.012945617397035,3.0054176308978664,89.6176519009422,0.2236659675836563,0.690994143486023,0.989817202091217,0.04997630800062325
2.7315815706797144,4.013377006037873,2.905431504119978,89.66673730233317,0.1980293244123459,0.6894447803497314,0.978951632976532,0.05014078299427638
2.7315815706797144,4.013377006037873,2.905431504119978,89.71541141977956,0.20844870805740356,0.690494179725647,0.9760885834693909,0.049866496003232896
2.72507774954452,4.01577211925665,2.845192323655477,89.76384097478187,0.20662015676498413,0.6867466568946838,0.9646818041801453,0.0502026210015174
2.72507774954452,4.01577211925665,2.845192323655477,89.8119417158634,0.2165229767560959,0.688122570514679,0.962321937084198,0.04998404299840331
2.72507774954452,4.01577211925665,2.845192323655477,89.85993441210641,0.22666530311107635,0.689559817314148,0.9599496126174927,0.0499950160010485
2.72507774954452,4.01577211925665,2.845192323655477,89.90776228289774,0.29715391993522644,0.7018601298332214,0.9542186260223389,0.05012254999746801
2.72507774954452,4.01577211925665,2.845192323655477,89.9552634384774,0.3055095672607422,0.7011400461196899,0.9511941075325012,0.04993844600539887
2.704574595083152,4.022012497491204,2.918889886729423,90.00319218223505,0.2738809883594513,0.6953094601631165,0.9630591869354248,0.04976718399848323
2.704574595083152,4.022012497491204,2.918889886729423,90.05139812557381,0.28143957257270813,0.6949981451034546,0.9605492353439331,0.05018581199692562
2.704574595083152,4.022012497491204,2.918889886729423,90.09920992143333,0.28857743740081787,0.6946766972541809,0.9582189321517944,0.0498965259976103
2.692597585998438,4.021235796822488,2.993439505086186,90.14719895217165,0.2838786542415619,0.6874997615814209,0.9619336724281311,0.04988808699999936
2.692597585998438,4.021235796822488,2.993439505086186,90.19519378101263,0.2922300100326538,0.6869468092918396,0.9591994881629944,0.05003633700107457
2.6789267047122074,4.020634850767311,3.0812936629278034,90.24351437286703,0.29380953311920166,0.6800083518028259,0.9636051058769226,0.05014563700387953
2.6789267047122074,4.020634850767311,3.0812936629278034,90.29145644401812,0.3033386766910553,0.6791859269142151,0.961190938949585,0.04987778099894058
2.6789267047122074,4.020634850767311,3.0812936629278034,90.3395126067892,0.3126310110092163,0.6787061095237732,0.9586184620857239,0.05013064599916106
2.6647177240728275,4.020784795696836,-3.121431126270798,90.37672716530169,0.22175812721252441,-0.7129243612289429,0.7458164095878601,0.049897746997885406
2.6647177240728275,4.020784795696836,-3.121431126270798,90.41412358359227,0.2250353991985321,-0.7082436084747314,0.7466477155685425,0.050085760005458724
2.6647177240728275,4.020784795696836,-3.121431126270798,90.45137701487357,0.22832879424095154,-0.7035393118858337,0.7474836707115173,0.04983845499373274
2.6403173646743103,4.019500139933995,-3.0252990205175445,90.48928405352714,0.20620238780975342,-0.7323392033576965,0.7559837698936462,0.050142662003054284
2.6403173646743103,4.019500139933995,-3.0252990205175445,90.52710195998549,0.20954063534736633,-0.7275710701942444,0.7568305730819702,0.04996878800011473
2.615234888846663,4.0150721211412295,-2.9329120302364333,90.56563009067034,0.19048045575618744,-0.7555564045906067,0.7730128169059753,0.04984151600365294
2.615234888846663,4.0150721211412295,-2.9329120302364333,90.60442433643817,0.19518110156059265,-0.7519353628158569,0.7729454040527344,0.050190149995614775
2.615234888846663,4.0150721211412295,-2.9329120302364333,90.64317194505311,0.20060598850250244,-0.7487196326255798,0.7739779353141785,0.05006293699989328
2.591293797545696,4.008633774280066,-2.8637370085359115,90.68255893408664,0.19048365950584412,-0.7744396924972534,0.7904999852180481,0.049825414003862534
2.591293797545696,4.008633774280066,-2.8637370085359115,90.72208891782766,0.19610944390296936,-0.7708634734153748,0.7911607027053833,0.04996454399952199
2.5831596780706176,4.003752130618299,-2.882262966170385,90.76226678444097,0.20130272209644318,-0.7797519564628601,0.8040865659713745,0.04996709099941654
2.5831596780706176,4.003752130618299,-2.882262966170385,90.80255627154064,0.20704153180122375,-0.7761040329933167,0.8047606945037842,0.05006393499934347
2.5831596780706176,4.003752130618299,-2.882262966170385,90.8428308019231,0.2127963751554489,-0.7724458575248718,0.8054366111755371,0.05000335200020345
2.5831596780706176,4.003752130618299,-2.882262966170385,90.8833215885644,0.2185489386320114,-0.7687889337539673,0.8061124682426453,0.05022969900164753
2.5831596780706176,4.003752130618299,-2.882262966170385,90.92346364598353,0.2243325561285019,-0.7651124000549316,0.8067916035652161,0.049755174994061235
2.5831596780706176,4.003752130618299,-2.882262966170385,90.96394009987618,0.22996936738491058,-0.7616742849349976,0.8075769543647766,0.050120863001211546
2.5829594800593285,4.002531771187646,-3.0068220890349115,91.00482105894562,0.23212830722332,-0.7712836265563965,0.8198145627975464,0.04986610500054667
2.5829594800593285,4.002531771187646,-3.0068220890349115,91.04590045430007,0.2375316619873047,-0.7682951092720032,0.820828378200531,0.05004626599838957
2.581076918778707,4.002998160923341,-3.0918370639693307,91.08715307515551,0.23531994223594666,-0.7802004814147949,0.8271521925926208,0.04987307199917268
2.581076918778707,4.002998160923341,-3.0918370639693307,91.12862315935983,0.2397594302892685,-0.7786353826522827,0.828072726726532,0.050080244000128005
2.581076918778707,4.002998160923341,-3.0918370639693307,91.17016660231417,0.24422207474708557,-0.777062177658081,0.8289982080459595,0.05011282600025879
2.581076918778707,4.002998160923341,-3.0918370639693307,91.21163732576704,0.248692587018013,-0.7754863500595093,0.829925537109375,0.04996921000565635
2.566248266391911,4.001827827556556,3.098814365537496,91.26157620776237,0.2336089015007019,0.38697412610054016,1.0,0.04993888199533103
2.5523445951595876,4.002844546446646,3.0046009825640647,91.31148523576147,0.2263464331626892,0.6576209664344788,1.0,0.04990902799909236
2.5523445951595876,4.002844546446646,3.0046009825640647,91.36156031176532,0.237297922372818,0.6175422072410583,1.0,0.05007507600384997
2.5523445951595876,4.002844546446646,3.0046009825640647,91.41155728876791,0.24320489168167114,0.5554052591323853,1.0,0.04999697700259276
2.536825565957543,4.005022463808382,2.9246670707008593,91.46147501733839,0.20677360892295837,0.6918331980705261,0.9980517625808716,0.05001516999618616
2.536825565957543,4.005022463808382,2.9246670707008593,91.51148796533715,0.21786871552467346,0.6892266869544983,1.0,0.05001294799876632
2.536825565957543,4.005022463808382,2.9246670707008593,91.56147465233852,0.23681491613388062,0.6677064299583435,1.0,0.04998668700136477
2.514002666053091,4.01051038896699,2.8591910829564267,91.61114928627653,0.18236933648586273,0.685493528842926,0.9906623959541321,0.050142847998358775
2.514002666053091,4.01051038896699,2.8591910829564267,91.66050348833767,0.19155102968215942,0.6872596144676208,0.9900385737419128,0.049850786999741104
2.514002666053091,4.01051038896699,2.8591910829564267,91.70999932948166,0.20039503276348114,0.6887014508247375,0.9888006448745728,0.050056441003107466
2.486519723712788,4.017448245943527,2.8658178299722765,91.75944300557212,0.14488878846168518,0.6767346262931824,0.9898670315742493,0.049949815998843405
2.486519723712788,4.017448245943527,2.8658178299722765,91.8088503707187,0.15322309732437134,0.6780563592910767,0.9883702397346497,0.04998872199939797
2.4626802154232093,4.025412753850039,2.930362291543886,91.85865360336471,0.10528414696455002,0.6744295358657837,0.9958135485649109,0.05001260800054297
2.4626802154232093,4.025412753850039,2.930362291543886,91.90840909004706,0.11583132296800613,0.6743114590644836,0.9933419227600098,0.05008898300002329
2.4626802154232093,4.025412753850039,2.930362291543886,91.95788858154721,0.12695853412151337,0.6740005612373352,0.990533709526062,0.049952355002460536
2.444799242931504,4.0298861023071915,2.9938528675714706,92.00782838254692,0.10430633276700974,0.6794317960739136,1.0,0.049939800999709405
2.444799242931504,4.0298861023071915,2.9938528675714706,92.05775140781438,0.11611886322498322,0.6788560748100281,0.9986872673034668,0.04998864699882688
2.4314655446276445,4.031366902814545,3.069737317385968,92.10768768281227,0.10923308879137039,0.6850489377975464,1.0,0.049936274997889996
2.4314655446276445,4.031366902814545,3.069737317385968,92.15780033981386,0.1209949404001236,0.6847276091575623,1.0,0.05011265700159129
2.4314655446276445,4.031366902814545,3.069737317385968,92.20783176981453,0.13276532292366028,0.6843910813331604,1.0,0.05003143000067212
2.421836146938914,4.030591427581457,-3.1286157289338576,92.2514337350181,0.13009430468082428,-0.8,0.873699963092804,0.04990496399841504
2.421836146938914,4.030591427581457,-3.1286157289338576,92.29532601651259,0.1324274241924286,-0.8,0.8745346069335938,0.05018930199730676
2.421836146938914,4.030591427581457,-3.1286157289338576,92.33890353402356,0.1357937902212143,-0.8,0.8744324445724487,0.04983520200039493
2.412570924849711,4.0263428186412575,-3.0423704555835354,92.38322258575948,0.13982786238193512,-0.8,0.8761322498321533,0.05058488800568739
2.412570924849711,4.0263428186412575,-3.0423704555835354,92.42653545355206,0.14309312403202057,-0.8,0.8761507272720337,0.049435406996053644
2.397437432752443,4.021138487529585,-2.963663807363456,92.47070585408842,0.14538516104221344,-0.8,0.8808261156082153,0.050146560999564826
2.397437432752443,4.021138487529585,-2.963663807363456,92.51465997846346,0.1473478227853775,-0.8,0.8813754916191101,0.04986991899932036
2.397437432752443,4.021138487529585,-2.963663807363456,92.55872870313836,0.14919960498809814,-0.8,0.8820394277572632,0.049962306999077555
2.3839883381572484,4.016182976054061,-2.9363607252968436,92.60319271475454,0.15238922834396362,-0.8,0.8894951343536377,0.049987919999693986
2.3839883381572484,4.016182976054061,-2.9363607252968436,92.64782002269133,0.15414837002754211,-0.8,0.8902987241744995,0.05012621800415218
2.3839883381572484,4.016182976054061,-2.9363607252968436,92.69236643994904,0.15591385960578918,-0.8,0.8911055326461792,0.04999005799618317
2.3839883381572484,4.016182976054061,-2.9363607252968436,92.7370447045192,0.15767629444599152,-0.7995684146881104,0.8919106721878052,0.05009275700285798
2.3839883381572484,4.016182976054061,-2.9363607252968436,92.78152323793284,0.15944385528564453,-0.7940449714660645,0.8927180171012878,0.04982372099766508
2.3839883381572484,4.016182976054061,-2.9363607252968436,92.826271399572,0.16135545074939728,-0.7885218858718872,0.8933864235877991,0.05008824900141917
2.376045247510275,4.012385500836728,-3.047830714137904,92.87162334663638,0.16363148391246796,-0.7715775370597839,0.9090463519096375,0.04988958700414514
2.376045247510275,4.012385500836728,-3.047830714137904,92.91744559306649,0.16542582213878632,-0.7659710645675659,0.909866213798523,0.050361520996375475
2.383977265168077,4.012910336121271,-3.137990780584365,92.96293714789783,0.16959479451179504,-0.7494755387306213,0.9139254093170166,0.04977600400161464
2.383977265168077,4.012910336121271,-3.137990780584365,93.00872789123525,0.17224165797233582,-0.7437143325805664,0.9139919281005859,0.05009972400148399
2.383977265168077,4.012910336121271,-3.137990780584365,93.05423054024055,0.1749853640794754,-0.7375996708869934,0.9137646555900574,0.04979690199979814
2.384147739020422,4.010795734254609,3.0433074824238893,93.10421515664522,0.22466830909252167,-0.466209352016449,0.9950008988380432,0.050235750000865664
2.384147739020422,4.010795734254609,3.0433074824238893,93.15336843559894,0.23006092011928558,-0.49326035380363464,0.9882232546806335,0.049739042995497584
2.391685707285771,4.010593621476358,2.93907838397931,93.20339176759703,0.25209420919418335,-0.4030425548553467,1.0,0.050023331998090725
2.391685707285771,4.010593621476358,2.93907838397931,93.2533668015993,0.2590447664260864,-0.42574259638786316,1.0,0.04997503400227288
2.3983780580236544,4.01000929605035,2.854252111516559,93.30311306499785,0.300045907497406,-0.39492008090019226,0.9967227578163147,0.04990982999879634
2.3983780580236544,4.01000929605035,2.854252111516559,93.35294144770712,0.30891257524490356,-0.410447895526886,0.9943042993545532,0.050113816003431566
2.3983780580236544,4.01000929605035,2.854252111516559,93.4028575216496,0.31877192854881287,-0.4201783239841461,0.9944061636924744,0.05019686699961312
2.3938143161667083,4.01035599363509,2.762774894367611,93.45264817665043,0.3207475543022156,-0.31309935450553894,1.0,0.049790655000833794
2.3938143161667083,4.01035599363509,2.762774894367611,93.50265482465215,0.33053672313690186,-0.32487744092941284,1.0,0.05000664800172672
2.3938143161667083,4.01035599363509,2.762774894367611,93.5526292377927,0.3404409885406494,-0.33641719818115234,0.999589741230011,0.049994923996564467
2.375750646869333,4.016749268834464,2.686450833966185,93.60258248879296,0.3419474959373474,0.20467060804367065,1.0,0.049953251000260934
2.375750646869333,4.016749268834464,2.686450833966185,93.65262349079609,0.34926730394363403,0.140646293759346,1.0,0.05004100200312678
2.3552234943368644,4.027525481691606,2.610692284375042,93.70224473818597,0.3076988160610199,0.6284371018409729,0.9945997595787048,0.04989066899725003
2.3552234943368644,4.027525481691606,2.610692284375042,93.75210273111203,0.32330697774887085,0.5997552275657654,0.9946920275688171,0.050124050001613796
2.3552234943368644,4.027525481691606,2.610692284375042,93.80178621014585,0.3354567289352417,0.5672510266304016,0.9938309788703918,0.049991879997833166
2.3358448196052186,4.041145328914275,2.55285987251213,93.84891565671927,0.24265900254249573,0.6886531710624695,0.9426148533821106,0.04999862499971641
2.3358448196052186,4.041145328914275,2.55285987251213,93.89598658332537,0.25208204984664917,0.690049946308136,0.9411271214485168,0.05001548200380057
2.3358448196052186,4.041145328914275,2.55285987251213,93.94293480174822,0.26091518998146057,0.6913270950317383,0.939536452293396,0.04996955499518663
2.3068403177894634,4.060850363239203,2.500266346686823,93.98941236089478,0.1955917328596115,0.6737499237060547,0.9287856221199036,0.05004121299862163
2.3068403177894634,4.060850363239203,2.500266346686823,94.03573382180063,0.20353303849697113,0.6751017570495605,0.9271063208580017,0.04996348300483078
2.3068403177894634,4.060850363239203,2.500266346686823,94.08201938156219,0.21094952523708344,0.6763554811477661,0.9253798723220825,0.050017901994579006
2.2833468540571196,4.083601664585653,2.479395650270875,94.12786747670116,0.1475294977426529,0.6634873747825623,0.9173350930213928,0.04997965900111012
2.2833468540571196,4.083601664585653,2.479395650270875,94.17372938465179,0.1554863601922989,0.6640979647636414,0.9145939946174622,0.05014455399941653
2.263476042609246,4.098658583006828,2.5133373360493008,94.2200119664183,0.10557051002979279,0.6624048948287964,0.9272589087486267,0.04991333200450754
2.263476042609246,4.098658583006828,2.5133373360493008,94.26623543355376,0.1135210394859314,0.6630008816719055,0.9244958758354187,0.04999856499489397
2.2503934282476625,4.108652835331275,2.5663086942918105,94.31315249274745,0.0618453174829483,0.6632649302482605,0.9396005868911743,0.04993298200133722
2.2503934282476625,4.108652835331275,2.5663086942918105,94.36006138546145,0.06885230541229248,0.6631202697753906,0.9376124739646912,0.050030149999656714
2.2503934282476625,4.108652835331275,2.5663086942918105,94.40683092855028,0.07588627934455872,0.6630749106407166,0.9353904128074646,0.050000023999018595
2.2410333127659627,4.114410615361444,2.627154822988568,94.45415535342724,0.0452386736869812,0.6679027676582336,0.9473740458488464,0.049953263005591
2.2410333127659627,4.114410615361444,2.627154822988568,94.5014623285228,0.05283480882644653,0.6674891114234924,0.9451894164085388,0.05005025900027249
2.2410333127659627,4.114410615361444,2.627154822988568,94.5487015996139,0.060428231954574585,0.6670757532119751,0.9430058002471924,0.05009435899410164
2.2293683300797213,4.119235053033081,2.70357393612832,94.59653220052257,0.04823732376098633,0.6707919239997864,0.9566256403923035,0.04999928800680209
2.2293683300797213,4.119235053033081,2.70357393612832,94.64434333474298,0.05713993310928345,0.6703839302062988,0.9543238282203674,0.05009948699444067
2.2293683300797213,4.119235053033081,2.70357393612832,94.69172622350021,0.06704744696617126,0.6699151992797852,0.9518223404884338,0.049781232002715115
2.2172857166075284,4.122075270718937,2.7791478495304314,94.73993972498126,0.05747288465499878,0.6732597947120667,0.9643086791038513,0.049997996000456624
2.2172857166075284,4.122075270718937,2.7791478495304314,94.7880116030998,0.06803812086582184,0.6727331876754761,0.9614914059638977,0.04999719999614172
2.202641873715741,4.125044356891981,2.849059398685949,94.83701730578777,0.037453070282936096,0.6791805624961853,0.9782347083091736,0.05009605800296413
2.202641873715741,4.125044356891981,2.849059398685949,94.88572165541937,0.0483512282371521,0.6792410612106323,0.97575443983078,0.049914556002477184
2.202641873715741,4.125044356891981,2.849059398685949,94.93445737657784,0.05918221175670624,0.6793010830879211,0.973289430141449,0.05007320499862544
2.195560266146382,4.123545425542808,2.914728371129085,94.98366637556661,0.0798892229795456,0.687938928604126,0.9819433093070984,0.0501138899999205
2.195560266146382,4.123545425542808,2.914728371129085,95.03267716313563,0.09084683656692505,0.6884680390357971,0.9798192381858826,0.05002023399720201
2.1850275718735688,4.123524313973683,2.9882888257762263,95.08279344773065,0.07146953046321869,0.6973016262054443,0.9985080361366272,0.050191168003948405
2.1850275718735688,4.123524313973683,2.9882888257762263,95.13243769818725,0.0837080180644989,0.6978070735931396,0.996242105960846,0.049831511998490896
2.1850275718735688,4.123524313973683,2.9882888257762263,95.18072697903503,0.19755372405052185,0.7153973579406738,0.9703060984611511,0.04976705899753142
2.174761390170306,4.120615489644244,3.0557706838816507,95.2300953388864,0.2182895839214325,0.7106526494026184,0.9858025312423706,0.05007936000038171
2.174761390170306,4.120615489644244,3.0557706838816507,95.27933648302286,0.22560928761959076,0.709947943687439,0.9854146242141724,0.049969974999839906
2.174761390170306,4.120615489644244,3.0557706838816507,95.32867957550553,0.2322084903717041,0.7094535231590271,0.9852344393730164,0.05008259000169346
2.164599648528968,4.117088194730129,3.1248567205228777,95.37855824850777,0.25066348910331726,0.7053973078727722,1.0,0.04987867300224025
2.164599648528968,4.117088194730129,3.1248567205228777,95.42880821150248,0.2571162283420563,0.7049669623374939,1.0,0.050249962994712405
2.153656939061149,4.1161183871383935,-3.0945263377024803,95.47794123132589,0.1580260843038559,0.7745975852012634,0.9877187013626099,0.049743940006010234
2.153656939061149,4.1161183871383935,-3.0945263377024803,95.52749832713918,0.1702326238155365,0.773329496383667,0.9855803847312927,0.05028214499907335
2.153656939061149,4.1161183871383935,-3.0945263377024803,95.57638575355,0.18254458904266357,0.7720504403114319,0.9834235310554504,0.04971146699972451
2.144988262175016,4.112372895560397,-3.0250872902322303,95.62593720853273,0.2003977745771408,0.7646477818489075,0.9848476052284241,0.05031382999732159
2.144988262175016,4.112372895560397,-3.0250872902322303,95.67494122877109,0.2125127613544464,0.7634561657905579,0.9827264547348022,0.04986537199874874
2.1293421024444474,4.107064858862551,-2.9464464068960114,95.72416950860787,0.21386955678462982,0.7573077082633972,0.9882319569587708,0.04981449900515145
2.1293421024444474,4.107064858862551,-2.9464464068960114,95.77372791004527,0.22569802403450012,0.7553130984306335,0.9865257740020752,0.0502352829935262
2.1293421024444474,4.107064858862551,-2.9464464068960114,95.82294452145302,0.23760588467121124,0.7533047795295715,0.984808087348938,0.04997584000375355
2.105420798559268,4.097371617311677,-2.857550735729096,95.87296591470461,0.2205471247434616,0.7443764805793762,0.9961255192756653,0.050215953997394536
2.105420798559268,4.097371617311677,-2.857550735729096,95.92255340966234,0.2325662523508072,0.7423495650291443,0.9943917393684387,0.049867163004819304
2.105420798559268,4.097371617311677,-2.857550735729096,95.97216617677952,0.24448086321353912,0.7403402328491211,0.9926729798316956,0.04997896399436286
2.0909076382948992,4.090538977708113,-2.7734275756021125,96.02194646378086,0.24717694520950317,0.7242103815078735,1.0,0.049780287001340184
2.0909076382948992,4.090538977708113,-2.7734275756021125,96.07189159848991,0.255105197429657,0.7205700278282166,0.9994250535964966,0.04997386700415518
2.0720433025606964,4.077613780172123,-2.692534688583214,96.12188150148637,0.22258812189102173,0.4581267237663269,1.0,0.04998990299645811
2.0720433025606964,4.077613780172123,-2.692534688583214,96.17185811248697,0.2288360893726349,0.41817912459373474,1.0,0.049976611000602134
2.0720433025606964,4.077613780172123,-2.692534688583214,96.22203659760982,0.23490047454833984,0.3779742121696472,0.99753737449646,0.0503023609999218
2.0597394570805303,4.067392592778936,-2.6209204585357693,96.27091700539034,0.21241918206214905,-0.24811407923698425,0.983414351940155,0.04970479400071781
2.0597394570805303,4.067392592778936,-2.6209204585357693,96.32016887351321,0.21887804567813873,-0.2920914590358734,0.9803662896156311,0.050238231000548694
2.0415131370115813,4.052770813683034,-2.541609806424123,96.36536533442414,0.14535082876682281,-0.6614481210708618,0.9102609753608704,0.049652200999844354
2.0415131370115813,4.052770813683034,-2.541609806424123,96.41031192152394,0.1473880410194397,-0.6590087413787842,0.8955173492431641,0.050190638001367915
2.0415131370115813,4.052770813683034,-2.541609806424123,96.45425036211246,0.1484171748161316,-0.6561029553413391,0.8770429491996765,0.05009839099511737
2.023439341788179,4.037875329489416,-2.469205777873725,96.49316346050223,0.06545679271221161,-0.6779130101203918,0.7811576724052429,0.04981465300079435
2.023439341788179,4.037875329489416,-2.469205777873725,96.53150619883874,0.06624685227870941,-0.6753605604171753,0.7647885680198669,0.05013508300180547
2.023439341788179,4.037875329489416,-2.469205777873725,96.56878278350779,0.06670744717121124,-0.6727305054664612,0.7474808692932129,0.04986961700342363
2.010848443642022,4.02673931884111,-2.4363301621719287,96.60337620829092,0.01443064957857132,-0.6813891530036926,0.6888116598129272,0.05022189199371496
2.010848443642022,4.02673931884111,-2.4363301621719287,96.63683831112964,0.014844685792922974,-0.6787922978401184,0.6716781258583069,0.049818658000731375
2.005243715494541,4.015663639996145,-2.460462134472963,96.66916234171313,0.01,-0.6681156158447266,0.6466824412345886,0.04998439500195673
2.005243715494541,4.015663639996145,-2.460462134472963,96.70072520807452,0.01,-0.6679399013519287,0.631282389163971,0.049998014997981954
2.005243715494541,4.015663639996145,-2.460462134472963,96.73157966919455,0.01,-0.6682701706886292,0.6172364950180054,0.04998807000083616
2.005243715494541,4.015663639996145,-2.460462134472963,96.76179849348233,0.01,-0.668609082698822,0.604729950428009,0.04997077499865554
2.005243715494541,4.015663639996145,-2.460462134472963,96.79143315227132,0.01,-0.6689786314964294,0.59245365858078,0.05002021400287049
2.005243715494541,4.015663639996145,-2.460462134472963,96.82080920641687,0.01,-0.6693410277366638,0.5804142355918884,0.05061222200311022
2.0054955430216888,4.012294709312707,-2.553302838467115,96.85177155299532,0.01594117283821106,-0.6702117323875427,0.6262893676757812,0.049437764995673206
2.0054955430216888,4.012294709312707,-2.553302838467115,96.88243827252822,0.017128147184848785,-0.6700142025947571,0.6141385436058044,0.049934530004975386
2.0113308547230546,4.0147631061927305,-2.619368641111962,96.91451312311618,0.03578823059797287,-0.6707592606544495,0.6415317058563232,0.04999729599512648
2.0113308547230546,4.0147631061927305,-2.619368641111962,96.94601027827912,0.0370384082198143,-0.6705398559570312,0.6288449764251709,0.05008731300040381
2.0113308547230546,4.0147631061927305,-2.619368641111962,96.97679609061747,0.03826604783535004,-0.6703248023986816,0.6163873076438904,0.049945564998779446
2.013586342030268,4.011928150961495,-2.693822767650871,97.00892230811286,0.052453696727752686,-0.6722680926322937,0.6432613730430603,0.049942712001211476
2.013586342030268,4.011928150961495,-2.693822767650871,97.0405246116099,0.053705863654613495,-0.6720486879348755,0.6305547952651978,0.05011825099791167
2.0109021883486493,4.008929438815885,-2.774986825838194,97.07438604928026,0.06606297940015793,-0.6745197176933289,0.6783748269081116,0.04991552800493082
2.0109021883486493,4.008929438815885,-2.774986825838194,97.10788499530223,0.06767203658819199,-0.6739451885223389,0.6674644351005554,0.050188360997708514
2.0109021883486493,4.008929438815885,-2.774986825838194,97.14061300061067,0.06926381587982178,-0.6733767986297607,0.6566711068153381,0.049839264996990096
2.0109391811260346,4.007689009611572,-2.8541016842965234,97.17583663833668,0.08468063920736313,-0.6747637391090393,0.7045225501060486,0.049996466004813556
2.0109391811260346,4.007689009611572,-2.8541016842965234,97.2104960844242,0.08635444939136505,-0.6741660833358765,0.6931734085083008,0.0500011190015357
2.0109391811260346,4.007689009611572,-2.8541016842965234,97.24458722917309,0.08800143003463745,-0.6735782027244568,0.6820058226585388,0.04998658899421571
2.0096897388444446,4.004456261845078,-2.9389115086066435,97.2812196615564,0.10436078906059265,-0.6749814748764038,0.7328594326972961,0.04998561899992637
2.0096897388444446,4.004456261845078,-2.9389115086066435,97.31746843379693,0.11177050322294235,-0.6735798716545105,0.7243229746818542,0.05004503999953158
2.0096897388444446,4.004456261845078,-2.9389115086066435,97.35356956511731,0.11894970387220383,-0.6722148060798645,0.7159096598625183,0.050426937006704975
2.0135433147935116,4.000983159596238,-3.0207259253773544,97.39139018138493,0.15923640131950378,-0.6698400974273682,0.763157308101654,0.049558086997421924
2.0135433147935116,4.000983159596238,-3.0207259253773544,97.42915512758836,0.16505512595176697,-0.6688315272331238,0.7549547553062439,0.05002279399923282
2.011058292852424,4.0003269212256605,-3.0941617030304407,97.46973172429283,0.18943728506565094,-0.6690641045570374,0.8123482465744019,0.04994975600129692
2.011058292852424,4.0003269212256605,-3.0941617030304407,97.51015176293255,0.19567976891994476,-0.6679819226264954,0.8035480976104736,0.05030195300059859
2.0025864479367237,3.9965372148065894,3.111413745462589,97.55743754734603,0.2597372531890869,-0.6961712837219238,0.953346848487854,0.049599769998167176
2.0025864479367237,3.9965372148065894,3.111413745462589,97.60511440329014,0.26607978343963623,-0.6972101926803589,0.9513557553291321,0.050114644996938296
2.0025864479367237,3.9965372148065894,3.111413745462589,97.65262903489236,0.27322328090667725,-0.6984276175498962,0.9493417143821716,0.05005008300213376
2.0025864479367237,3.9965372148065894,3.111413745462589,97.70010895106707,0.2805987000465393,-0.6997561454772949,0.9473245739936829,0.0501200090002385
2.0000974489671846,3.995524452541486,3.041741397886498,97.7476962444108,0.28456902503967285,-0.7006039023399353,0.9537128806114197,0.04989687600027537
2.0000974489671846,3.995524452541486,3.041741397886498,97.7953714370587,0.2924576997756958,-0.7012691497802734,0.9515864253044128,0.05010074900201289
1.9894256171280431,3.9933074077466832,2.975325286157753,97.84315874197426,0.27850210666656494,-0.6989978551864624,0.958061695098877,0.04987915200035786
1.9894256171280431,3.9933074077466832,2.975325286157753,97.89092602390856,0.28679946064949036,-0.7003654837608337,0.956159770488739,0.04995742699975381
1.9894256171280431,3.9933074077466832,2.975325286157753,97.93866081488125,0.2950781583786011,-0.7013741731643677,0.954162061214447,0.050027969999064226
1.984329400383002,3.9945711540385025,2.9010586873301083,97.98735491187166,0.3120419979095459,-0.6754193902015686,0.9744317531585693,0.049971788001130335
1.984329400383002,3.9945711540385025,2.9010586873301083,98.03604822413564,0.3195669651031494,-0.6603668928146362,0.9744072556495667,0.04997223900136305
1.984329400383002,3.9945711540385025,2.9010586873301083,98.08533523604927,0.3269866108894348,-0.6462419033050537,0.9743896126747131,0.05058244799874956
1.9672101614250985,3.9959134950186406,2.823453172790163,98.13387102730823,0.3145712912082672,-0.6801204681396484,0.9819197058677673,0.049429490994953085
1.9672101614250985,3.9959134950186406,2.823453172790163,98.18306281540417,0.32264137268066406,-0.66350257396698,0.9818472266197205,0.05010126500565093
1.948370874654137,4.014629610847928,2.7415055984846126,98.23297572540314,0.27942100167274475,-0.22929547727108002,1.0,0.049912909998965915
1.948370874654137,4.014629610847928,2.7415055984846126,98.28324308839937,0.28586262464523315,-0.18645700812339783,1.0,0.05026736299623735
1.9279976136089694,4.00671716714349,2.6715519371178034,98.33269983837714,0.2981192469596863,-0.661932647228241,0.9953327775001526,0.04968865800037747
1.9279976136089694,4.00671716714349,2.6715519371178034,98.38285856917523,0.30674225091934204,-0.6395816206932068,0.9956308603286743,0.0503788429996348
1.9279976136089694,4.00671716714349,2.6715519371178034,98.43250693659238,0.3151993155479431,-0.6159165501594543,0.996021568775177,0.04984667900134809
1.9279976136089694,4.00671716714349,2.6715519371178034,98.48254783011271,0.3236802816390991,-0.5938557982444763,0.9964385032653809,0.05021975099953124
1.9056940315051991,4.015829185458874,2.583560416357286,98.53219980411723,0.30126386880874634,-0.5811139941215515,1.0,0.049651974004518706
1.9056940315051991,4.015829185458874,2.583560416357286,98.58215516111431,0.30724838376045227,-0.5553755760192871,1.0,0.04995535699708853
1.8852547976175866,4.02622855611458,2.4995122202784503,98.63213482911578,0.2685891389846802,-0.41218191385269165,1.0,0.04997966800146969
1.8852547976175866,4.02622855611458,2.4995122202784503,98.68215550811055,0.2733437716960907,-0.3712632954120636,1.0,0.050020678994769696
1.87309474406771,4.040837598445836,2.4217537849013713,98.73217971511531,0.21799708902835846,0.23710374534130096,1.0,0.05002420700475341
1.87309474406771,4.040837598445836,2.4217537849013713,98.78223431611605,0.30497390031814575,-0.6680367588996887,1.0,0.05005460100073833
1.87309474406771,4.040837598445836,2.4217537849013713,98.8323405411129,0.31486472487449646,-0.665922224521637,1.0,0.05010622499685269
1.8631284316810852,4.047857995861575,2.354122136376262,98.88263076811472,0.3119780421257019,-0.6405280232429504,1.0,0.05029022700182395
1.8631284316810852,4.047857995861575,2.354122136376262,98.93238490911517,0.32158082723617554,-0.6368411779403687,1.0,0.049754141000448726
1.844311561695381,4.066066005458532,2.283326348210504,98.98212652211714,0.2665864825248718,-0.5246819853782654,1.0,0.04974161300197011
1.844311561695381,4.066066005458532,2.283326348210504,99.03214733511322,0.27718386054039,-0.5254679322242737,1.0,0.05002081299608108
1.844311561695381,4.066066005458532,2.283326348210504,99.0822977911148,0.2875787019729614,-0.5269140601158142,1.0,0.05015045600157464
1.8299595280990213,4.084409849063072,2.2216109844748986,99.13221483911093,0.25483763217926025,-0.10876195132732391,1.0,0.04991704799613217
1.8299595280990213,4.084409849063072,2.2216109844748986,99.18263386011586,0.26489949226379395,-0.15407969057559967,1.0,0.050419021004927345
1.8299595280990213,4.084409849063072,2.2216109844748986,99.23222892611284,0.2749531865119934,-0.20204418897628784,1.0,0.04959506599698216
1.8207320945596646,4.100606746592096,2.1796798372644366,99.28254435711187,0.26399192214012146,0.37495294213294983,1.0,0.050315430999035016
1.8207320945596646,4.100606746592096,2.1796798372644366,99.33237751928785,0.2753341495990753,0.3375108540058136,0.9993007779121399,0.0498680310047348
1.8144725923382194,4.112631937456216,2.1360775902992173,99.38198608270949,0.2059318870306015,0.6709871292114258,0.9947811365127563,0.049868821995914914
1.8144725923382194,4.112631937456216,2.1360775902992173,99.43155128248877,0.22100988030433655,0.6589887738227844,0.9939866662025452,0.04986505499982741
1.8144725923382194,4.112631937456216,2.1360775902992173,99.4811953243441,0.2330591231584549,0.6520959734916687,0.9926440715789795,0.05001192600320792
1.8007986840943413,4.130462899250193,2.0997524399108243,99.52948953366635,0.1674625277519226,0.6840564608573914,0.9611421227455139,0.05024668899568496
1.8007986840943413,4.130462899250193,2.0997524399108243,99.57740370800178,0.1754106879234314,0.6853033304214478,0.9595100283622742,0.049936085000808816
1.8007986840943413,4.130462899250193,2.0997524399108243,99.62511086568927,0.18330983817577362,0.6865406632423401,0.9579117894172668,0.04980328900273889
1.8044258202784298,4.148828467575818,2.1314733171513147,99.67154252897488,0.14367800951004028,0.6661919951438904,0.9289965033531189,0.04998044999956619
1.8044258202784298,4.148828467575818,2.1314733171513147,99.71805610469922,0.14969825744628906,0.6669248938560486,0.9266355633735657,0.050196190997667145
1.8163739477679988,4.130478310832358,2.1317484897682872,99.76480212640408,0.21053870022296906,0.6857736706733704,0.9399687051773071,0.04973146600241307
1.8163739477679988,4.130478310832358,2.1317484897682872,99.81201830645082,0.21783322095870972,0.6877590417861938,0.9399266242980957,0.05023389999405481
1.8163739477679988,4.130478310832358,2.1317484897682872,99.85879436797956,0.22543349862098694,0.6898013353347778,0.9397677779197693,0.04977406400576001
1.828422583569141,4.113411457918932,2.140829606344653,99.90777972361175,0.33121758699417114,0.6200831532478333,0.9789620637893677,0.05003805299929809
1.828422583569141,4.113411457918932,2.140829606344653,99.95675893938187,0.34952330589294434,0.6019200682640076,0.9786317348480225,0.05004866899980698
1.828422583569141,4.113411457918932,2.140829606344653,100.00557475994056,0.36642926931381226,0.5806917548179626,0.9774766564369202,0.04994065099890577
1.828422583569141,4.113411457918932,2.140829606344653,100.05437303348822,0.3848652243614197,0.5507792234420776,0.9756828546524048,0.05001448300026823
1.828422583569141,4.113411457918932,2.140829606344653,100.103159124902,0.3988077938556671,0.5036455988883972,0.9764106273651123,0.0499647280012141
1.8329550539220734,4.098017217324149,2.15834542054374,100.15312303339113,0.4562990367412567,-0.1882791519165039,0.9973422884941101,0.05009705200063763
1.8329550539220734,4.098017217324149,2.15834542054374,100.20295018615934,0.4661339223384857,-0.20374806225299835,0.9976012110710144,0.04994696499488782
1.8329550539220734,4.098017217324149,2.15834542054374,100.2532006556716,0.47533515095710754,-0.22012875974178314,0.9977625608444214,0.050363154005026445
1.8329550539220734,4.098017217324149,2.15834542054374,100.30274119591192,0.4850967824459076,-0.23360483348369598,0.9974520802497864,0.049667087994748726
1.8329550539220734,4.098017217324149,2.15834542054374,100.35254276641898,0.4946487545967102,-0.2452712059020996,0.9970093965530396,0.04995095400227001
1.8329550539220734,4.098017217324149,2.15834542054374,100.4023986803745,0.5038325786590576,-0.2557317912578583,0.9965642690658569,0.05002779600181384
1.8298648105162352,4.121310282030837,2.253607828427713,100.45178502136108,0.4518277943134308,-0.0639507994055748,0.9879221320152283,0.04999011499603512
1.8298648105162352,4.121310282030837,2.253607828427713,100.50106975302906,0.4596455693244934,-0.08894932270050049,0.986016035079956,0.049983702003373764
1.8100798920117793,4.127253421332426,2.299010089885697,100.55060727675817,0.4215823709964752,-0.08952471613883972,0.9906935691833496,0.050002871998003684
1.8100798920117793,4.127253421332426,2.299010089885697,100.60016361385503,0.42905575037002563,-0.11005286127328873,0.9891058206558228,0.050102159002562985
