x,y,theta,s0,v,omega,w,time_elapsed
-0.238687814003871,-0.10618942059966113,0.14787454619691776,0.1592162363808715,0.44672824440693193,-4.206520277459621e-15,0.981827143709388,0.16216320500097936
-0.238687814003871,-0.10618942059966113,0.14787454619691776,3.2197358474522897,0.4783303968540989,0.11627830060876815,0.996948057816688,3.069888733996777
-0.238687814003871,-0.10618942059966113,0.14787454619691776,3.2368729845387207,0.9999999999997269,-0.008628308638587462,0.9556767975982436,0.017931938004039694
-0.238687814003871,-0.10618942059966113,0.14787454619691776,3.285282163062046,0.9999999999746236,0.08869742265055663,0.9681487752557912,0.05000179699709406
-0.238687814003871,-0.10618942059966113,0.14787454619691776,3.3343847271856717,0.9999999999937575,0.07931630720688126,0.9791310241270101,0.05014912500337232
-0.238687814003871,-0.10618942059966113,0.14787454619691776,3.3833853673754577,0.9999999999976411,0.086631995139216,0.9830512186066827,0.04984545999468537
-0.238687814003871,-0.10618942059966113,0.14787454619691776,3.4325816246474385,0.9999999999995935,0.08700252604196639,0.9824036575761106,0.05007743700116407
-0.238687814003871,-0.10618942059966113,0.14787454619691776,3.4816783570687124,0.9999999999932878,0.0870855631865091,0.9835933408805199,0.049915682000573725
-0.238687814003871,-0.10618942059966113,0.14787454619691776,3.5308648283497255,0.999999999999042,0.08754924925535443,0.9834972022443627,0.05001180600083899
-0.238687814003871,-0.10618942059966113,0.14787454619691776,3.580041348544018,0.9999999999994283,0.08785096254705346,0.9835827500946575,0.049997339003311936
-0.238687814003871,-0.10618942059966113,0.14787454619691776,3.629259019229457,0.9999999999989143,0.08843101265692771,0.9839660067326008,0.050019685993902385
-0.238687814003871,-0.10618942059966113,0.14787454619691776,3.679312561239302,0.9999999999991088,0.08893549521107326,0.983872725193371,0.05087400100455852
-0.238687814003871,-0.10618942059966113,0.14787454619691776,3.7276123806824004,0.9999999999999393,0.08950213214224062,0.9836959715166537,0.049100352996902075
-0.238687814003871,-0.10618942059966113,0.14787454619691776,3.7768712665671207,0.9999999999996894,0.09007702390211726,0.983611257690752,0.05007962800300447
-0.21356754377959794,-0.10156725769965128,0.14539015804566563,3.8260105121431547,0.999999999989596,0.0972907522308677,0.9846153311760887,0.04990704899682896
-0.21356754377959794,-0.10156725769965128,0.14539015804566563,3.875281170951014,0.999999999993923,0.09755960000694404,0.9844679883787107,0.050048005003191065
-0.21356754377959794,-0.10156725769965128,0.14539015804566563,3.9244586872977636,0.9999999999994269,0.09837460479805503,0.9841739192301687,0.049968318999162875
-0.16537503832760686,-0.09838617313233752,0.16888391751139328,3.9737574368559025,0.9999999999785542,0.06467822074813818,0.9860838154379006,0.04999448199669132
-0.16537503832760686,-0.09838617313233752,0.16888391751139328,4.023086201364279,0.9999999999986949,0.06448617710540548,0.9860004912086621,0.05002914800570579
-0.11037135388716561,-0.09272677677588777,0.1910531469037082,4.0724457418059865,0.9371954060953023,0.03160921572333272,0.9875041835159611,0.04998413299472304
-0.11037135388716561,-0.09272677677588777,0.1910531469037082,4.121952792235795,0.9457538499943875,0.03300466980922844,0.9875207604650851,0.05013266800233396
-0.11037135388716561,-0.09272677677588777,0.1910531469037082,4.171247911563571,0.9541439919512471,0.03378707970080294,0.9874905083587258,0.04991958799655549
-0.07212503758731371,-0.07287741758559296,0.24303555243345173,4.220653294037415,0.8815989898082389,-0.13064982029055602,0.9881801423028967,0.049996332003502175
-0.07212503758731371,-0.07287741758559296,0.24303555243345173,4.270068287469034,0.8836590361202217,-0.12603444257870441,0.9880475016077804,0.05001277099654544
-0.07212503758731371,-0.07287741758559296,0.24303555243345173,4.319465532707514,0.892216932672108,-0.12559331390811382,0.988076496741189,0.04999334100284614
-0.006743591999421079,-0.056651330339637186,0.27997109853800056,4.368946687415656,0.7638418521411336,-0.21434044801354799,0.9892980702164116,0.050016426997899543
-0.006743591999421079,-0.056651330339637186,0.27997109853800056,4.4183912330664095,0.765451042866426,-0.20014247199823473,0.9892696647577041,0.04998085700208321
0.05512232027296002,-0.04887870724844149,0.30644346234822584,4.470755973334278,0.649368933503726,-0.2274990024196774,0.9903940524595058,0.05287263199716108
0.05512232027296002,-0.04887870724844149,0.30644346234822584,4.517410771476025,0.6541725465406554,-0.21163001225499403,0.9902210002588172,0.04711554100504145
0.05512232027296002,-0.04887870724844149,0.30644346234822584,4.567030242871289,0.6626380716486695,-0.21231140714799646,0.9901274421496989,0.05011422700044932
0.1198432814785419,-0.04021290490867864,0.3169701058593154,4.61646948113305,0.5426710296699419,-0.20169571815938964,0.9912914837541504,0.0498735629953444
0.1198432814785419,-0.04021290490867864,0.3169701058593154,4.666135346099157,0.5501398530083389,-0.18601576281846763,0.9911865258170551,0.05010748600034276
0.1198432814785419,-0.04021290490867864,0.3169701058593154,4.7164064130405015,0.5590120249860949,-0.18693063306907476,0.991187314096649,0.05071802900056355
0.1629105960215054,-0.026878105052962797,0.3247622688331183,4.765201315651724,0.4763460876421287,-0.20581561292605613,0.9919955005243133,0.04918863299826626
0.1629105960215054,-0.026878105052962797,0.3247622688331183,4.814830137578387,0.48239813534982023,-0.19482253049838058,0.9920059755523014,0.050028753001242876
0.19874014747600063,-0.01839069789541617,0.3240035742633915,4.864438301282585,0.41822092898319924,-0.18915423688302535,0.9924913519641849,0.04998347200307762
0.19874014747600063,-0.01839069789541617,0.3240035742633915,4.913981475300343,0.4265991556304418,-0.18037517385600257,0.9923852237914201,0.04992332899564644
0.19874014747600063,-0.01839069789541617,0.3240035742633915,4.964456411650543,0.4353003887820553,-0.1815136216011446,0.9924322272448209,0.05085983200115152
0.23841809202229516,-0.01309819608045237,0.3077175916799359,5.01326468160077,0.3682606244415263,-0.13887003466217515,0.9931287126590785,0.04914596600428922
0.23841809202229516,-0.01309819608045237,0.3077175916799359,5.062934235083248,0.3792438893488767,-0.1316927544943628,0.9932215466868757,0.05000853399542393
0.23841809202229516,-0.01309819608045237,0.3077175916799359,5.112634694466804,0.3878409263084002,-0.13263511738125017,0.9931986778451266,0.05004080300568603
0.272011621286203,-0.000585038553665413,0.27392351246946706,5.162274885426135,0.32653943187401896,-0.10063612758859172,0.9936907279701952,0.04995537299691932
0.272011621286203,-0.000585038553665413,0.27392351246946706,5.21195867682595,0.3383052755641288,-0.09669919815748672,0.9937010084443383,0.04999873299675528
0.29073859686669445,0.017954807267894574,0.24469166144276827,5.261722110886526,0.3001712507081872,-0.10954474390591741,0.9941832517675456,0.050054589002684224
0.29073859686669445,0.017954807267894574,0.24469166144276827,5.311385818808359,0.3109561028224567,-0.10580154348981795,0.9943839306957927,0.04994419799913885
0.29073859686669445,0.017954807267894574,0.24469166144276827,5.361156197714136,0.3195863518851415,-0.10626418784805494,0.9944157279293369,0.050049871002556756
0.3159135694702245,0.02170022100972645,0.19421836915160104,5.410844018212019,0.2804816518404289,-0.04161517009524647,0.9947197562754233,0.049951576998864766
0.3159135694702245,0.02170022100972645,0.19421836915160104,5.4606319932894705,0.2935700904943935,-0.03913618289821476,0.9947215294635436,0.05005217400321271
0.3159135694702245,0.02170022100972645,0.19421836915160104,5.510354123030758,0.30209504012498883,-0.03874545685202756,0.9945866906643221,0.049992755994026083
0.33990829763823793,0.025549283516891723,0.14217350203601992,5.56014635034342,0.26291859542606716,0.022420647977151528,0.9947819400321906,0.05005340900243027
0.33990829763823793,0.025549283516891723,0.14217350203601992,5.609977149560905,0.27344950832441756,0.02304994581528887,0.9948000564772672,0.05009127099765465
0.36236252420808646,0.028920891446776956,0.10351179212014214,5.659651081194071,0.23578485593574586,0.06541727994973602,0.994996220736756,0.04992373900313396
0.36236252420808646,0.028920891446776956,0.10351179212014214,5.70931596253203,0.2443226544997543,0.0652147655528529,0.9949947096661375,0.04991471899847966
0.3885261984861072,0.02664528562864515,0.06355100209532927,5.75907521088152,0.19857053048809045,0.12506611216595387,0.9949709884807625,0.05001075300242519
0.3885261984861072,0.02664528562864515,0.06355100209532927,5.808820268019353,0.20341226665440856,0.12127960590079713,0.994737806867822,0.05000820999703137
0.3885261984861072,0.02664528562864515,0.06355100209532927,5.858531967805383,0.21174965563890816,0.12377730384343202,0.9945478550390762,0.04998422100470634
0.40208762467821874,0.02769592276960593,0.021590481841319488,5.908223096203702,0.18956580293663314,0.1669192862008123,0.9945255384133668,0.04996465799922589
0.40208762467821874,0.02769592276960593,0.021590481841319488,5.957958965143247,0.19379937051802526,0.16547183659658116,0.9943425713824948,0.050018846995953936
0.40208762467821874,0.02769592276960593,0.021590481841319488,6.0076563651323545,0.20184332980832662,0.16858932115357886,0.9943009766543053,0.04998224999872036
0.42054029307746993,0.027467464782957453,0.0034338965991750755,6.057451506895649,0.1704211625577689,0.19367470888054084,0.994366876424339,0.05007723300514044
0.42054029307746993,0.027467464782957453,0.0034338965991750755,6.107115415687869,0.17524728242198173,0.19018750251653715,0.9942399240332294,0.049951633998716716
0.44299702217836273,0.026124129857409646,0.008230058193195186,6.15666590514108,0.13762026337216643,0.19728145252007737,0.9942873778405269,0.04983517900109291
0.44299702217836273,0.026124129857409646,0.008230058193195186,6.206551328732722,0.14427662320339074,0.19212052770361424,0.9942249065847206,0.05017519000102766
0.44299702217836273,0.026124129857409646,0.008230058193195186,6.256506518383565,0.15238563163565763,0.19604955251975148,0.9941515860167759,0.050249066996912006
0.4641853319892033,0.027283770055399736,0.02507464027232662,6.305945190722624,0.1190515830008097,0.1864037936115023,0.9945745615132238,0.04970836199936457
0.4641853319892033,0.027283770055399736,0.02507464027232662,6.355908489347157,0.1280516768598574,0.18182560834038405,0.9945974118397041,0.050234695998369716
0.4641853319892033,0.027283770055399736,0.02507464027232662,6.40547499815729,0.13616509216322675,0.1858486652792552,0.9945239307051441,0.04983943299885141
0.48268191610898226,0.02649776125940562,0.05763549101182199,6.455275261897031,0.10877510474839527,0.16887589153713833,0.9947077580409075,0.05006522100302391
0.48268191610898226,0.02649776125940562,0.05763549101182199,6.504881387352305,0.11956428599821585,0.16525629361242788,0.9946865524487067,0.049871112998516764
0.4874892824118626,0.01176206356098106,0.08261792224874398,6.554628074931634,0.11603742649577227,0.19203209728266907,0.9941722553537983,0.05003829800261883
0.4874892824118626,0.01176206356098106,0.08261792224874398,6.6043120565072115,0.12182657526781646,0.19274872252602326,0.9944977252309656,0.04995886899996549
0.4874892824118626,0.01176206356098106,0.08261792224874398,6.654078990050604,0.13015857390968258,0.1964899636629628,0.9944839914170853,0.050042971000948455
0.5202044455524184,0.038040564802236526,0.1242597153756535,6.703836250056425,0.08116628455242365,0.10341466890581469,0.9959745083447611,0.0499583669952699
0.5202044455524184,0.038040564802236526,0.1242597153756535,6.753696389456398,0.09889775725583609,0.09364998193695422,0.9958220011009613,0.05006932900141692
0.5167946690940574,0.019839043062517263,0.156883700298013,6.803372374646143,0.11691066101711828,0.12056805391140196,0.9950146535439575,0.04992487800336676
0.5167946690940574,0.019839043062517263,0.156883700298013,6.853383823900427,0.123804769071937,0.12337556655022791,0.9953814971502113,0.050243498997588176
0.5167946690940574,0.019839043062517263,0.156883700298013,6.902910319906211,0.13276418272361262,0.12547236514223467,0.995339440040283,0.04975839800317772
0.5313099683055538,0.024975395562551968,0.19739109274497255,6.95276664916988,0.11393398487374881,0.08665125030322854,0.9956961284606803,0.050071831996319816
0.5313099683055538,0.024975395562551968,0.19739109274497255,7.002506772312704,0.12846871150534042,0.08243645355795702,0.9958179183212882,0.049949013999139424
0.5463006458595202,0.03080547348621549,0.24960029708731046,7.052178679230415,0.10797954981696843,0.0332708416632505,0.9959696341134953,0.049872913004946895
0.5463006458595202,0.03080547348621549,0.24960029708731046,7.1020817431137715,0.12293473788640233,0.02877160295021732,0.9959612337331676,0.05010542799573159
0.5463006458595202,0.03080547348621549,0.24960029708731046,7.152042648574128,0.1326968293869989,0.029036490586774894,0.9958223350710026,0.05017050100286724
0.5563736706542747,0.03393819920520822,0.30511716053308807,7.201764944026817,0.12148873665349409,-0.01914343425782229,0.9959300839453968,0.04992548799782526
0.5563736706542747,0.03393819920520822,0.30511716053308807,7.2515286440648525,0.13476690362902485,-0.022745060977324184,0.9960140790040725,0.04996284800290596
0.5563736706542747,0.03393819920520822,0.30511716053308807,7.301776615326879,0.14444632723490072,-0.023742019717017053,0.996025060623495,0.050448500995116774
0.5692564318927389,0.041563551557263066,0.351545775783371,7.351191727651046,0.123290130242598,-0.07622110306686339,0.9958358039647519,0.049621747006312944
0.5692564318927389,0.041563551557263066,0.351545775783371,7.400896307994959,0.13424075357870352,-0.0799197461131118,0.9956557024155207,0.04992145399592118
0.5692564318927389,0.041563551557263066,0.351545775783371,7.450735631707575,0.14370339633602028,-0.08255214921415437,0.9954958934665485,0.05006482099997811
0.5814916312233307,0.048734343431891314,0.38709568878975825,7.501327593417434,0.1224431394946193,-0.12415615701519565,0.9954967023601219,0.05082082300214097
0.5814916312233307,0.048734343431891314,0.38709568878975825,7.550303120286852,0.13167273205318936,-0.12720466456474808,0.995367194677707,0.04920347699953709
0.5880284367789442,0.0499667802574291,0.41699163596090555,7.599982408822091,0.12575834163525984,-0.15255145068973575,0.9951953797895465,0.0499191310009337
0.5880284367789442,0.0499667802574291,0.41699163596090555,7.649967474072688,0.13410933968345226,-0.15662482843057976,0.9949290284069618,0.050239830001373775
0.5880284367789442,0.0499667802574291,0.41699163596090555,7.701763470556003,0.1431922137151843,-0.16114978620941287,0.9947353973981341,0.05207012499886332
0.5977125658317392,0.057463167312393766,0.42384928491425167,7.749356382145852,0.12649440159992834,-0.18214131514525353,0.9945565537458904,0.047853398995357566
0.5977125658317392,0.057463167312393766,0.42384928491425167,7.798906094919912,0.13444173740311208,-0.18542380583824006,0.9945291502363519,0.04982228299923008
0.5977125658317392,0.057463167312393766,0.42384928491425167,7.849038429063812,0.14336590279102196,-0.19005577718397237,0.9944903898364622,0.050410073999955785
0.6073290846603266,0.062093711081305146,0.41232650844814944,7.898420741491577,0.13165683884917576,-0.1890144629455005,0.9945650597375371,0.049652169000182766
0.6073290846603266,0.062093711081305146,0.41232650844814944,7.948083939298423,0.1408353538202218,-0.19336760433509234,0.9943912377964735,0.049943318001169246
0.6193743638000238,0.06739508184976357,0.383710785010654,7.997888917504235,0.1260827581930426,-0.1774625295437561,0.9946854595466872,0.050071083001967054
0.6193743638000238,0.06739508184976357,0.383710785010654,8.047539827126204,0.13614439224988922,-0.1819759979856519,0.9945573494761211,0.04992262100131484
0.6193743638000238,0.06739508184976357,0.383710785010654,8.09757050969089,0.14502142057061887,-0.18700789055777026,0.9943391129809599,0.05031551299907733
0.6241550937479755,0.06855953014825905,0.36581080483627787,8.147000690937901,0.14649385056033037,-0.17563711055458855,0.9946301487368056,0.049697046997607686
0.6241550937479755,0.06855953014825905,0.36581080483627787,8.199125083940796,0.1560317498030297,-0.180929984262936,0.99451860753783,0.05241168200154789
0.6360266097551677,0.07302118731787702,0.33841354116693534,8.246330821029849,0.14267700612123077,-0.16478320941304425,0.9947622038471859,0.04745429300237447
0.6360266097551677,0.07302118731787702,0.33841354116693534,8.296203626563447,0.15196689454708873,-0.16957266274555285,0.9946963654723413,0.05013872299605282
0.6360266097551677,0.07302118731787702,0.33841354116693534,8.345907533805969,0.16093441354843102,-0.17458642193803575,0.9944596991067854,0.049980816002062056
0.6041502736253972,0.10880213737423938,0.30886556567490253,8.395520518193191,0.18803420163958637,-0.28700308386337325,0.9932147232351702,0.04995192200294696
0.6041502736253972,0.10880213737423938,0.30886556567490253,8.44520559511696,0.1940033073024589,-0.29125482189057517,0.9932119049231121,0.050024648997350596
0.6173617049995299,0.11593874042121549,0.2736714315573064,8.494874314646385,0.17691224907886197,-0.2761190739574461,0.9937533286819826,0.049980933996266685
0.6173617049995299,0.11593874042121549,0.2736714315573064,8.544797556791439,0.19037505299072416,-0.27901066843128464,0.9938452315056168,0.050232411005708855
0.6173617049995299,0.11593874042121549,0.2736714315573064,8.594600175423704,0.19903802015817007,-0.2848794704306469,0.9936368415405604,0.05012154999712948
0.6291954076692096,0.12042198652308042,0.23852547794897716,8.644480425872322,0.18692337855590238,-0.26273696445846617,0.9939497191291455,0.050183876999653876
0.6291954076692096,0.12042198652308042,0.23852547794897716,8.693650962431521,0.2007708273241555,-0.2655662299812102,0.9939931801610136,0.04946768000081647
0.6291954076692096,0.12042198652308042,0.23852547794897716,8.743432201979761,0.209081917622883,-0.2725355203801089,0.9937493077720123,0.05009436399996048
0.6380525282739292,0.12253181366574996,0.19832279319927004,8.793060625707078,0.20556021976806071,-0.2396232281688575,0.9940686035663405,0.04992454600142082
0.6380525282739292,0.12253181366574996,0.19832279319927004,8.842747222702487,0.21975174272729261,-0.24408950810703473,0.9941598859733315,0.049978476999967825
0.6474467012304498,0.12552020633931077,0.14605090109033853,8.892602087666342,0.21565461636705993,-0.20157456548371866,0.9944643951784012,0.05013237799721537
0.6474467012304498,0.12552020633931077,0.14605090109033853,8.942239303527089,0.23045311757437878,-0.2054262568186022,0.9945443429496678,0.04990950500359759
0.6549235584143416,0.12728862572688557,0.09834419711148025,8.99203315354134,0.2297166999992135,-0.16357930914003813,0.9947296393189683,0.05005767200054834
0.6549235584143416,0.12728862572688557,0.09834419711148025,9.041655167999838,0.24288818392587286,-0.1665500162611015,0.9947520531636377,0.04988380199938547
0.6549235584143416,0.12728862572688557,0.09834419711148025,9.091535009286448,0.25154972898369476,-0.17174203764625717,0.994642439406582,0.050148514994361904
0.6593751439224029,0.12456149783913381,0.05119545517202686,9.141194369132421,0.2591094814515807,-0.11190967837520548,0.9948475376603507,0.04991655300545972
0.6593751439224029,0.12456149783913381,0.05119545517202686,9.191746481036994,0.2696720804306442,-0.11497501230236812,0.9948478070933267,0.05081391499697929
0.6593751439224029,0.12456149783913381,0.05119545517202686,9.241058107694126,0.27854012455261906,-0.11911843289566086,0.9945899731547663,0.049579855003685225
0.6636930586694948,0.12429717427806573,0.0013193962565980352,9.290455441292396,0.28368414767425776,-0.06162659578267207,0.9947194181363762,0.04965956499654567
0.6636930586694948,0.12429717427806573,0.0013193962565980352,9.34044259209243,0.2919409676869409,-0.06347733047476171,0.9946294271866675,0.05025706000014907
0.6636930586694948,0.12429717427806573,0.0013193962565980352,9.389814713623718,0.30081421173201006,-0.06657728554915623,0.9945875275247764,0.04964080100035062
0.6769614782220946,0.12015365499437132,-0.05273271238057507,9.43979027990279,0.287758204603472,0.01385288995744166,0.9948889917703446,0.05023230399820022
0.6769614782220946,0.12015365499437132,-0.05273271238057507,9.489308975559803,0.2910471164109019,0.010369516940277691,0.9949252583796124,0.04977127200254472
0.6906933102127971,0.11609600724971583,-0.11440425450779328,9.539056582838358,0.2736693015219218,0.09745319205474631,0.9950305938186569,0.04999605799821438
0.6906933102127971,0.11609600724971583,-0.11440425450779328,9.592670726119374,0.27093971073813217,0.09286248948696418,0.9949340094077839,0.05388713499996811
0.6906933102127971,0.11609600724971583,-0.11440425450779328,9.638720795506316,0.28084067946430546,0.09077442757783752,0.9946650907986314,0.046297059998323675
0.7017086835898807,0.11122866178807235,-0.16829315099138123,9.688435750230713,0.2640847180906154,0.1729943784987012,0.9949332848209206,0.049968129002081696
0.7017086835898807,0.11122866178807235,-0.16829315099138123,9.738334173344342,0.25745784827984836,0.1680609555450772,0.9948765450722448,0.050155392003944144
0.7135180922531563,0.10487724819871717,-0.20153877163543724,9.787922488684496,0.23775831741810285,0.22413907508719175,0.99475305294733,0.049849874994833954
0.7135180922531563,0.10487724819871717,-0.20153877163543724,9.837806240840756,0.23340401151801107,0.2168238960913383,0.9946261162283139,0.0501532700000098
0.7135180922531563,0.10487724819871717,-0.20153877163543724,9.887380148766278,0.2433101007270977,0.21568382804697556,0.9944657923235589,0.04984978699940257
0.7310301854499138,0.09992324891320474,-0.2197976796664991,9.937525892533507,0.21271373458201392,0.24849647509441125,0.9945871375360898,0.050418653001543134
0.7310301854499138,0.09992324891320474,-0.2197976796664991,9.986945060649367,0.21327143179024338,0.237685669544897,0.9945861184635749,0.04968817400367698
0.7310301854499138,0.09992324891320474,-0.2197976796664991,10.036843188384216,0.22307353042406813,0.23842255366759907,0.9946184882281517,0.050168107998615596
0.7522590696437197,0.09392352998172725,-0.21070505487155897,10.086356521248817,0.18750642913901605,0.23953180338384295,0.9950085896471211,0.04976171399903251
0.7522590696437197,0.09392352998172725,-0.21070505487155897,10.136387164185356,0.1966064121732948,0.2280575767271027,0.9951905035342506,0.050272428001335356
0.7636075783604701,0.08829475641833502,-0.1875550231399411,10.185762787104872,0.1825172675114706,0.21937674697478854,0.9953422384792403,0.049606679000135045
0.7636075783604701,0.08829475641833502,-0.1875550231399411,10.235529121473578,0.19643866684586392,0.211532097299594,0.9955353516370633,0.04998951999732526
0.7636075783604701,0.08829475641833502,-0.1875550231399411,10.285233146938957,0.20617552120540855,0.21421452693287038,0.9954536180349209,0.04993103100423468
0.7743132500981104,0.08349890225634192,-0.1558337667736624,10.335212506312166,0.19450798969920402,0.19075270391143856,0.9957209624135958,0.05019414199341554
0.7743132500981104,0.08349890225634192,-0.1558337667736624,10.384904746317737,0.21229738297901807,0.18551301592873706,0.9961221144608804,0.049885691005329136
0.7743132500981104,0.08349890225634192,-0.1558337667736624,10.437474553933235,0.22170356359457705,0.18817242397988188,0.9962128729252969,0.05276965299708536
0.7904981022652187,0.07976505365705087,-0.11901744941736266,10.484834762023722,0.2009485817704225,0.1519315451809115,0.9964132664571755,0.047530688003462274
0.7904981022652187,0.07976505365705087,-0.11901744941736266,10.534579114391892,0.22062257327774634,0.1420923144808274,0.9967115079638117,0.049908475994016044
0.8070131669382467,0.07668617996378264,-0.06396400414970212,10.584131351947248,0.19987395488529852,0.08208036092757465,0.9966972203765506,0.04971644000033848
0.8070131669382467,0.07668617996378264,-0.06396400414970212,10.634147979019957,0.22426091581872243,0.07310266793040045,0.9970713006286209,0.05016354100371245
0.8070131669382467,0.07668617996378264,-0.06396400414970212,10.683866173346644,0.2337752225919968,0.07393219048254313,0.997190002796766,0.04985829599900171
0.8250050544821392,0.07697051424177231,-0.008756780164120669,10.733857693255896,0.20775963862358832,-0.0028337301132901754,0.9972519235660784,0.050129278999520466
0.8250050544821392,0.07697051424177231,-0.008756780164120669,10.783802833697603,0.2291256328504589,-0.014424065634289097,0.9970931843316174,0.0500907450041268
0.8309324009552232,0.07805624598649297,0.04479705057745142,10.833392768462536,0.22292529097599967,-0.0892110414004221,0.9965202081204996,0.049763099996198434
0.8309324009552232,0.07805624598649297,0.04479705057745142,10.883493827894364,0.2389348704893114,-0.09566491257048286,0.9962847801172957,0.05028789000061806
0.8309324009552232,0.07805624598649297,0.04479705057745142,10.933114650721489,0.2475650537042885,-0.09865822581480388,0.9964085474137988,0.04979967600229429
0.8425723632803229,0.07785742810349405,0.10565535023428337,10.982872942678318,0.22365538722366418,-0.18427953344096482,0.995584562069597,0.04997897100111004
0.8425723632803229,0.07785742810349405,0.10565535023428337,11.032813216342303,0.23485560615994483,-0.18737899337086034,0.9953318448004812,0.050174495998362545
0.8425723632803229,0.07785742810349405,0.10565535023428337,11.08236525101536,0.24248117801827113,-0.19314417065861655,0.995278809677713,0.04978708899579942
0.8579435934350288,0.08142821367600574,0.15154367410417452,11.13208843852514,0.20554436585897037,-0.27071166626398,0.994463352320375,0.050000020004517864
0.8579435934350288,0.08142821367600574,0.15154367410417452,11.18190123355175,0.20929553926538078,-0.27076654375044906,0.9938479857355539,0.05012114100100007
0.8794162126234674,0.08529757042870281,0.1689060462271265,11.231431571509146,0.16469728253750657,-0.30825841543925936,0.9934965227352227,0.049854565993882716
0.8794162126234674,0.08529757042870281,0.1689060462271265,11.281286795738401,0.1671886639724744,-0.30638995113740786,0.9932576374943453,0.050193647999549285
0.8794162126234674,0.08529757042870281,0.1689060462271265,11.330794395428958,0.17392946873673848,-0.313343377493701,0.9932733353260064,0.04984287600382231
0.8992853148735943,0.08868179195272906,0.16252581784254969,11.380457413646006,0.13694860463925584,-0.3234649191069778,0.9934687742807314,0.04998951099696569
0.8992853148735943,0.08868179195272906,0.16252581784254969,11.430143978620094,0.13849767621113948,-0.3248461532859901,0.9931177513165957,0.050030890000925865
0.8992853148735943,0.08868179195272906,0.16252581784254969,11.480056386745263,0.1435229951217645,-0.3324582432004424,0.9929348490081291,0.050267555998289026
0.9173810568688602,0.09256163550400064,0.1384739281119522,11.529618380116826,0.11208694872763592,-0.3295415724110593,0.9930965806300757,0.04990651900152443
0.9173810568688602,0.09256163550400064,0.1384739281119522,11.579052115927073,0.11344851714226421,-0.33123131123215555,0.9930086427438648,0.0497817780051264
0.9362536718543099,0.09656611671322698,0.11574371725933429,11.628765532786373,0.07957490797167197,-0.33227267355840856,0.9932796266909967,0.050049769997713156
0.9362536718543099,0.09656611671322698,0.11574371725933429,11.678373409746621,0.0803541732297487,-0.3308403014829545,0.9932370489036513,0.04994565699598752
0.950066992730339,0.09801522389438254,0.07293623228605373,11.728445522137681,0.06500142077755625,-0.30808479078035056,0.9937757054061009,0.05038572800549446
0.950066992730339,0.09801522389438254,0.07293623228605373,11.777740857677657,0.06709170782887701,-0.3124889173608524,0.9936875827847625,0.04960848499467829
0.950066992730339,0.09801522389438254,0.07293623228605373,11.82745795973497,0.07095517545265993,-0.3201420496405906,0.9935989086077318,0.0500373960021534
0.9535321552683328,0.09933866190045013,0.043595346088192995,11.877314489189315,0.07195249332363828,-0.3082316970914657,0.9937249149657911,0.05017135899834102
0.9535321552683328,0.09933866190045013,0.043595346088192995,11.926917519952799,0.07614238078681299,-0.31603719542860226,0.9939993912169393,0.04990247599926079
0.9535321552683328,0.09933866190045013,0.043595346088192995,11.976579457794795,0.0799565234684996,-0.32413018598654975,0.9941256361505716,0.049955394002608955
0.9608676916870925,0.09715389151059191,-0.007952432603869462,12.026258728057758,0.08664778595428366,-0.2770933325815458,0.9951232488406606,0.04992273099924205
0.9608676916870925,0.09715389151059191,-0.007952432603869462,12.076029607409556,0.09323828888695733,-0.2884830965053203,0.9953235090714869,0.05000472599931527
0.9687892600436231,0.0947792134780814,-0.059517782095446954,12.125825872048837,0.0979731061734034,-0.23756040316638602,0.9963167256715229,0.04998035600146977
0.9687892600436231,0.0947792134780814,-0.059517782095446954,12.175694919621117,0.10604688998909945,-0.24861890549344295,0.9965767737918344,0.050040346999594476
0.9687892600436231,0.0947792134780814,-0.059517782095446954,12.225522723642767,0.10905982438116427,-0.2576482531845423,0.9967744139269752,0.04998904799867887
0.9774262385852314,0.09363886545346572,-0.10712315091103766,12.275383684664732,0.10959714348469543,-0.21150582851072192,0.9976314417250615,0.04997934000130044
0.9774262385852314,0.09363886545346572,-0.10712315091103766,12.3253494932506,0.11811570382949968,-0.21980974274193688,0.9980390808866918,0.05006398000114132
0.9844239992345193,0.08997187977125545,-0.15152782653940905,12.375184098492193,0.12537718085421887,-0.1573969007277481,0.9991215888986124,0.04987841899855994
0.9844239992345193,0.08997187977125545,-0.15152782653940905,12.425375309326245,0.1372112328340859,-0.16571063664469046,0.9995870271712008,0.050211947003845125
0.9844239992345193,0.08997187977125545,-0.15152782653940905,12.475191551291893,0.14091496458287675,-0.1759582109049866,0.9994975243930347,0.04984128599608084
0.9435917752183178,0.0496462017351505,-0.1852522985071954,12.525293140295863,0.3190336889128299,0.2393124547681666,0.9999999999985482,0.05010158900404349
0.9435917752183178,0.0496462017351505,-0.1852522985071954,12.575195183295563,0.255566926708222,0.19315157777131778,0.999999999999024,0.04990204299974721
0.9435917752183178,0.0496462017351505,-0.1852522985071954,12.625242279291518,0.2688977160355323,0.18899779127580077,0.9999999999995397,0.05004709599597845
0.9510645387803786,0.04647274386466791,-0.2325420384172846,12.675191385295005,0.2535154444939121,0.2837658471194597,0.9999999999972754,0.049949106003623456
0.9510645387803786,0.04647274386466791,-0.2325420384172846,12.725368239292239,0.23993403202750763,0.27783714902568823,0.9999999999851003,0.05017685399798211
0.9612337100430732,0.04145440260184067,-0.273976087969212,12.775151098292792,0.21685973514667647,0.36161580844573915,0.9999999999824888,0.049782859001425095
0.9612337100430732,0.04145440260184067,-0.273976087969212,12.825275771290634,0.20198731566697908,0.3511277655443339,0.9999999999927108,0.05012467299820855
0.9612337100430732,0.04145440260184067,-0.273976087969212,12.87525985629305,0.21374056615755854,0.3512080842217684,0.9999999999981843,0.04998408500250662
0.969097501264438,0.03616390794971546,-0.2887965884570833,12.92527417228824,0.19672910290621987,0.3987417185123512,0.999999999999523,0.05001431599521311
0.969097501264438,0.03616390794971546,-0.2887965884570833,12.975193869293133,0.1953518081071439,0.39426438979933964,0.9999999999987869,0.04991969700495247
0.979755938103069,0.03128101784556155,-0.2808332371140314,13.025217457288042,0.18161325506527654,0.4012832485686732,0.9999999999905085,0.05002358799538342
0.979755938103069,0.03128101784556155,-0.2808332371140314,13.075204611288354,0.1921810006883059,0.4009486102601296,0.9999999999776935,0.04998715400142828
0.979755938103069,0.03128101784556155,-0.2808332371140314,13.125307570289273,0.20193877158475393,0.407655592115411,0.9999999999908155,0.05010295900137862
1.0008099877834378,0.02354180821056947,-0.26407767335711946,13.175192162290212,0.16681945006635257,0.4093908827982638,0.9999999999980734,0.049884592001035344
1.0008099877834378,0.02354180821056947,-0.26407767335711946,13.225558919291228,0.18002284318070147,0.40558244265476806,0.9999999999997108,0.05036675700102933
1.0008099877834378,0.02354180821056947,-0.26407767335711946,13.27519026728738,0.18938089893049534,0.4136917068430065,0.9999999999994073,0.04963134799618274
1.0008099877834378,0.02354180821056947,-0.26407767335711946,13.325206794285764,0.19893132697915672,0.4206324398491295,0.9999999999944675,0.05001652699866099
1.0239273857791154,0.01599717476291705,-0.22626961933945303,13.375232870286768,0.16642133173316623,0.39194861633599387,0.9999999999837974,0.050026076001813635
1.048609668026475,0.009101590951218024,-0.17297099103585645,13.42519118728852,0.14976277672427293,0.3363893106728084,0.9999999999917558,0.04995831700216513
1.048609668026475,0.009101590951218024,-0.17297099103585645,13.475179181284625,0.18136456476067736,0.3409410167037486,0.9999999999984237,0.04998799399618292
1.048609668026475,0.009101590951218024,-0.17297099103585645,13.525196821286512,0.19101068049853379,0.3504597556910798,0.9999999999997718,0.050017640001897234
1.0678965416700223,0.006629525821453522,-0.12219430435202869,13.575256697283749,0.17728653177671977,0.28234697999153613,0.9999999999997572,0.05005987599724904
1.0678965416700223,0.006629525821453522,-0.12219430435202869,13.625193461284079,0.2083959453923803,0.28745808261332334,0.9999999999976266,0.04993676400044933
1.0678965416700223,0.006629525821453522,-0.12219430435202869,13.67528128028312,0.2180765876298997,0.2960454244321117,0.9999999999888396,0.05008781899960013
1.0836887955823955,0.0061658182332137105,-0.06930448628102268,13.725191703286555,0.21267355918298228,0.21324781997517006,0.9999999999908145,0.04991042300389381
1.0836887955823955,0.0061658182332137105,-0.06930448628102268,13.77533268428863,0.24279652329095375,0.21339631339425386,0.9999999999977836,0.05014098100218689
1.0938139848783084,0.006923591532756386,-0.004887783488983958,13.825115861285763,0.2520680061482536,0.08934849103188845,0.9999999999995954,0.04978317699715262
1.0938139848783084,0.006923591532756386,-0.004887783488983958,13.875231858286586,0.2738917878757266,0.08944981330191414,0.9999999999998567,0.05011599700083025
1.0938139848783084,0.006923591532756386,-0.004887783488983958,13.925195049285358,0.2840948762651325,0.09017071272154728,0.999999999998966,0.04996319099882385
1.1039830744343753,0.010146912770455445,0.06350434345193279,13.975184853284857,0.28586394888703553,-0.09442347537694476,0.9999999999943843,0.049989803999778815
1.1039830744343753,0.010146912770455445,0.06350434345193279,14.025227376282698,0.27627322664027654,-0.0908255587276923,0.9999999999886345,0.05004252299841028
1.105339200089464,0.013577699913368898,0.11400995735495403,14.075173212281552,0.27692444311130665,-0.23377504051717896,0.9999999999951334,0.049945835999096744
1.105339200089464,0.013577699913368898,0.11400995735495403,14.125199066286577,0.24346256390453613,-0.2291724054388628,0.999999999999073,0.05002585400507087
1.105339200089464,0.013577699913368898,0.11400995735495403,14.175269766282124,0.2553228461171122,-0.22286710525970505,0.9999999999997933,0.05007069999555824
1.1213639169056844,0.01859631578455566,0.1717270444188243,14.225185376287083,0.19382467299268416,-0.38364821517203207,0.999999999999708,0.04991561000497313
1.1213639169056844,0.01859631578455566,0.1717270444188243,14.275241073286928,0.16293809848496485,-0.33157273571656165,0.9999999999956576,0.05005569700006163
1.1213639169056844,0.01859631578455566,0.1717270444188243,14.32530541128618,0.18160230957984444,-0.33192267713123536,0.9999999999834011,0.05006433800008381
1.13442161156234,0.023616425141177955,0.21038416569763807,14.375151853279913,0.1274474391798128,-0.42549903875674433,0.9999999999885201,0.04984644199430477
1.13442161156234,0.023616425141177955,0.21038416569763807,14.42531698628479,0.11092772723607792,-0.384796476723819,0.9999999999962017,0.05016513300506631
1.1387420355777764,0.03006209620840727,0.22089826784556907,14.475169120282526,0.08919522425703147,-0.43942595056138256,0.9999999999992587,0.04985213399777422
1.1387420355777764,0.03006209620840727,0.22089826784556907,14.525188706282936,0.07704792824133436,-0.4091447764178514,0.999999999999857,0.050019586000416894
1.1387420355777764,0.03006209620840727,0.22089826784556907,14.575203133280116,0.09245595273400574,-0.4110250599923278,0.9999999999991416,0.05001442699722247
1.1397671971311893,0.0337297765024253,0.20476282840966314,14.625202314278953,0.08585561047157862,-0.4066172851900781,0.9999999999908671,0.04999918099929346
1.1397671971311893,0.0337297765024253,0.20476282840966314,14.675195112282998,0.08338958408654884,-0.39910654605078083,0.9999999999727911,0.04999279800540535
1.1397671971311893,0.0337297765024253,0.20476282840966314,14.725249329279501,0.08775638702081072,-0.4028633225402121,0.9999999999796336,0.050054216997523326
1.1474076391233103,0.037886622004928525,0.16956871739283302,14.775192220276292,0.057840799987717864,-0.3695732036010065,0.9999999999949234,0.04994289099704474
1.1474076391233103,0.037886622004928525,0.16956871739283302,14.825344669279048,0.0654775784142171,-0.3628799555668665,0.9999999999995166,0.050152449002780486
1.1572244177621533,0.04009417046496773,0.13350451272483144,14.87518842928261,0.042096227639931996,-0.3184576034611263,0.9999999999999003,0.049843760003568605
1.1572244177621533,0.04009417046496773,0.13350451272483144,14.925197208281288,0.056056083507949134,-0.3123006001673392,0.9999999999986384,0.050008778998744674
1.1572244177621533,0.04009417046496773,0.13350451272483144,14.975200792282232,0.0655804289398334,-0.31742114991798587,0.9999999999911304,0.050003584001387935
1.1614712650459988,0.04262846269082148,0.0861804272038083,15.025196794275875,0.05759022537661768,-0.25703692365308956,0.9999999999694897,0.049996001995168626
1.1614712650459988,0.04262846269082148,0.0861804272038083,15.075195467274165,0.08410305152859993,-0.2562609004994168,0.9999999999816294,0.04999867299920879
1.1610624232510451,0.04421368913124169,0.03644104924780412,15.125166612277047,0.1028752353919462,-0.18636649321855506,0.9999999999990817,0.0499711450029281
1.1610624232510451,0.04421368913124169,0.03644104924780412,15.175373130274176,0.150594268750608,-0.1838974165509858,0.9999999999997937,0.0502065179971396
1.1610624232510451,0.04421368913124169,0.03644104924780412,15.2252014542754,0.19075680043327892,-0.17944267023578425,0.99999999999882,0.049828324001282454
1.1627931318957487,0.044461340383099505,-0.0073488370219476585,15.275202306277638,0.23043731719314833,-0.07507783032553278,0.9999999999848499,0.05000085200299509
1.1627931318957487,0.044461340383099505,-0.0073488370219476585,15.325194622271766,0.2997422415284368,-0.053791160177151034,0.9999999999817271,0.04999231599504128
1.1627931318957487,0.044461340383099505,-0.0073488370219476585,15.375211666277716,0.35619091194006236,-0.03599155981654936,0.9999999999913568,0.050017044006381184
1.168653700764775,0.043731649858497215,-0.052055474044370206,15.425220622271365,0.38897615275767694,0.09784919092755154,0.9999999999991681,0.0500089559936896
1.168653700764775,0.043731649858497215,-0.052055474044370206,15.47529967227228,0.45769292227504044,0.11879807749347492,0.9999999999996894,0.0500790500009316
1.1758050880440718,0.04242520947235489,-0.0928727437199458,15.52521624727293,0.4709840649192806,0.250418303318326,0.9999999999993884,0.049916575000679586
1.1758050880440718,0.04242520947235489,-0.0928727437199458,15.575196106275039,0.5109599691057456,0.26456652763808625,0.9999999999895056,0.04997985900263302
1.1758050880440718,0.04242520947235489,-0.0928727437199458,15.625247980274978,0.5355820357128075,0.2794669573218933,0.9999999999802489,0.050051874000928365
1.182719733676003,0.039765536308598214,-0.14020170434589763,15.67529224327395,0.48610227833807496,0.4296107074311621,0.9999999999790805,0.05004426300001796
1.182719733676003,0.039765536308598214,-0.14020170434589763,15.725249045268642,0.4894411883484959,0.42339935743600143,0.9999999999939723,0.04995680199499475
1.1901072134827384,0.03583486183729549,-0.1785098785084286,15.775183941268812,0.4275175320872439,0.5476773279610276,0.999999999999515,0.049934896000195295
1.1901072134827384,0.03583486183729549,-0.1785098785084286,15.825206277268295,0.4249245648571783,0.5400617021056089,0.9999999999990616,0.05002233599952888
1.1901072134827384,0.03583486183729549,-0.1785098785084286,15.8752374412744,0.4303613789224047,0.5512099322549077,0.9999999999978314,0.05003116400621366
1.2079423427409512,0.031583914702657,-0.19473722107404548,15.925181455271103,0.36503959444087875,0.6254184282518248,0.999999999985103,0.049944013997446746
1.2079423427409512,0.031583914702657,-0.19473722107404548,15.975190105265755,0.3656489032154793,0.6260195070506627,0.9999999999727147,0.050008649996016175
1.2079423427409512,0.031583914702657,-0.19473722107404548,16.025229181270234,0.3708721094761994,0.638116944555832,0.9999999999652911,0.0500390760062146
1.2386451361937285,0.02403754048767111,-0.18745093148534883,16.075443819263636,0.2812736215504327,0.6873951234271843,0.999999999969367,0.05021463799494086
1.2386451361937285,0.02403754048767111,-0.18745093148534883,16.125211293266734,0.2798266166381648,0.690399910204729,0.9999999999898976,0.04976747400360182
1.2785409998374997,0.016296380814665386,-0.1534799454625446,16.175188843266035,0.18575473670639048,0.7002512932248902,0.9999999999997895,0.04997754999931203
1.2785409998374997,0.016296380814665386,-0.1534799454625446,16.22520047426533,0.1827928033226538,0.707047858569588,0.999999999995705,0.05001163099950645
1.2785409998374997,0.016296380814665386,-0.1534799454625446,16.275202818260396,0.18681175818191106,0.7185320961341822,0.9999999999751529,0.05000234399631154
1.3099528725100056,0.011364642928554637,-0.1124504231483547,16.325230423254954,0.1184180372479514,0.7111712825268742,0.9999999998781895,0.05002760500065051
1.3099528725100056,0.011364642928554637,-0.1124504231483547,16.375219887252218,0.12003641360738382,0.7191331731834658,0.999999999914176,0.04998946400155546
1.3488865144889732,0.008056994985496248,-0.0488646918944186,16.425201697251865,0.046416850419480474,0.6897143003167577,0.9999999999982023,0.04998180999973556
1.3488865144889732,0.008056994985496248,-0.0488646918944186,16.47543544625524,0.05246160537003296,0.6998481529906216,0.999999999999884,0.0502337490033824
1.3488865144889732,0.008056994985496248,-0.0488646918944186,16.52527438225524,0.05521990903699247,0.7122459792188641,0.9999999999996937,0.049838936000014655
1.374114171168641,0.00948656774644641,0.03166854825136147,16.57527788824895,0.04048691299607009,0.6443655927223183,0.9999999999573324,0.050003505995846353
1.374114171168641,0.00948656774644641,0.03166854825136147,16.625214093249184,0.06069497577903606,0.6710939499685105,0.9999999999410477,0.04993620500317775
1.3902088478962886,0.013254658158671575,0.11069055750287475,16.67524117024793,0.07442032816115851,0.5898837610350048,0.9999999999957433,0.050027076998958364
1.3902088478962886,0.013254658158671575,0.11069055750287475,16.725197236250686,0.10357893957773849,0.6206102173438739,0.9999999999995655,0.04995606600277824
1.3902088478962886,0.013254658158671575,0.11069055750287475,16.77520059725124,0.10529889363497086,0.6366956005428093,0.9999999999997707,0.05000336100056302
1.3990233343154976,0.01715223736485677,0.17596049043988496,16.825194261248306,0.13738261188185313,0.5564559445997871,0.9999999999982425,0.049993663997156546
1.3990233343154976,0.01715223736485677,0.17596049043988496,16.87532334125018,0.1645503654512425,0.5829471688894806,0.9999999999958944,0.05012908000207972
1.3990233343154976,0.01715223736485677,0.17596049043988496,16.925200879246418,0.16924141274306506,0.5940635219267253,0.9999999999946189,0.04987753799650818
1.3988347184879308,0.021030651437675536,0.2430183111779864,16.975153066245923,0.23596900285905503,0.4792146959565577,0.9999999999780962,0.049952187000599224
1.3988347184879308,0.021030651437675536,0.2430183111779864,17.02518959824822,0.26782005464984515,0.5011139965383637,0.9999999999656837,0.05003653200401459
1.3988347184879308,0.021030651437675536,0.2430183111779864,17.07522036624405,0.2777091567968759,0.5156754805014672,0.9999999999631846,0.05003076799766859
1.400222030487624,0.025520638082707228,0.3068515867249246,17.12521779024494,0.3405375893377656,0.38318920974926884,0.9999999999967776,0.049997424001048785
1.400222030487624,0.025520638082707228,0.3068515867249246,17.17517877224117,0.3725013632541415,0.40389336110867174,0.9999999999993434,0.04996098199626431
1.4006842648415512,0.0278917257979382,0.35992071166346884,17.225226030243082,0.4304889259911749,0.29408977942954173,0.9999999999892063,0.05004725800245069
1.4006842648415512,0.0278917257979382,0.35992071166346884,17.275199783240083,0.4599204121997292,0.3118753404246062,0.9999999999965165,0.049973752997175325
1.4006842648415512,0.0278917257979382,0.35992071166346884,17.325235697238657,0.47582815886389923,0.32308386226227365,0.9999999999969144,0.050035913998726755
1.4006842648415512,0.0278917257979382,0.35992071166346884,17.37536682424402,0.486543441867287,0.3297875560965734,0.999999999998336,0.05013112700544298
1.4006842648415512,0.0278917257979382,0.35992071166346884,17.42531082224154,0.4967527638358175,0.33068977670590644,0.999999999998059,0.04994399799761595
1.4072932973261114,0.03404830249187442,0.4564717963146158,17.475179817244957,0.573260666341819,0.10885669913973586,0.9999999999956756,0.049868995003635064
1.4072932973261114,0.03404830249187442,0.4564717963146158,17.52523289823979,0.6167247925002105,0.11394530697829136,0.999999999996931,0.050053080994985066
1.4072932973261114,0.03404830249187442,0.4564717963146158,17.57524642624134,0.6435395870246707,0.12608541222187522,0.9999999999964262,0.050013528001727536
1.411036860696302,0.043556004722952464,0.5168638712832783,17.625203128242564,0.7182684599242691,-0.07049168461240929,0.9999999999943295,0.04995670200150926
1.411036860696302,0.043556004722952464,0.5168638712832783,17.675210672241857,0.7632244435919492,-0.06267521340441788,0.99999999999533,0.050007543999527115
1.411036860696302,0.043556004722952464,0.5168638712832783,17.72520309124243,0.7854584099096545,-0.05536149378162391,0.9999999999959973,0.049992419000773225
1.427089416342048,0.05856769085043949,0.5826907607493873,17.775191397238792,0.8183022281293358,-0.2699362716583881,0.999999999996795,0.049988305996521376
1.427089416342048,0.05856769085043949,0.5826907607493873,17.825210665243148,0.8481369436140763,-0.248618181196088,0.9999999999933444,0.050019268004689366
1.451524472178389,0.07829074988820231,0.6302751905774082,17.875189704238007,0.8275837093846011,-0.40498399252290285,0.9999999999984933,0.049979038994933944
1.451524472178389,0.07829074988820231,0.6302751905774082,17.92520698223913,0.8447664408650297,-0.38308492924366055,0.9999999999988345,0.050017278001178056
1.451524472178389,0.07829074988820231,0.6302751905774082,17.975189845236756,0.8509859545454171,-0.381656000653521,0.999999999989522,0.04998286299814936
1.4780092547420585,0.10419160309276741,0.6819950462643601,18.0252655672365,0.8135047033577678,-0.5797817822270542,0.9999999999999056,0.05007572199974675
1.4780092547420585,0.10419160309276741,0.6819950462643601,18.075221025237994,0.8256825144836022,-0.5452544462226715,0.9999999999912348,0.04995545800193213
1.5005687983836775,0.13049801444552567,0.7090298164503411,18.125337309238972,0.7773798378291317,-0.6849531962745499,0.9999999999999769,0.05011628400097834
1.5005687983836775,0.13049801444552567,0.7090298164503411,18.17520874224119,0.7886538677442568,-0.6499062107820843,0.9999999999961833,0.049871433002408594
1.5005687983836775,0.13049801444552567,0.7090298164503411,18.225223150240602,0.7925900355329222,-0.6499660817065462,0.9999999999943056,0.05001440799969714
1.5196925603103348,0.1519893129142465,0.6978036912165543,18.275116625238937,0.726106784162849,-0.6683692874635596,0.9999999999784656,0.04989347499940777
1.5196925603103348,0.1519893129142465,0.6978036912165543,18.325209703235174,0.7393896935319166,-0.6364546753651503,0.9999999999991834,0.050093077996280044
1.5424799616862115,0.17110542259488998,0.6580656894464264,18.37519284223856,0.6420681217875934,-0.5646387849930186,0.9999999999812001,0.049983139004325494
1.5424799616862115,0.17110542259488998,0.6580656894464264,18.425229148236618,0.6565201856885965,-0.5354574970173065,0.9999999999967639,0.05003630599821918
1.5424799616862115,0.17110542259488998,0.6580656894464264,18.475299783236018,0.6593586478042187,-0.5373797196705564,0.9999999999994362,0.050070634999428876
1.5621421543407985,0.18837435044835044,0.6097698587616338,18.525240612233915,0.5704714413195382,-0.4650652706326424,0.9999999999992534,0.04994082899793284
1.5621421543407985,0.18837435044835044,0.6097698587616338,18.575201865237744,0.5835056437059665,-0.44239474061111317,0.9999999999994336,0.049961253003857564
1.5621421543407985,0.18837435044835044,0.6097698587616338,18.625253212232995,0.5856997418327139,-0.44411186957501464,0.9999999999841962,0.05005134699604241
1.585479050123759,0.20470513029320628,0.5385327184001275,18.675245825231276,0.47310681419855194,-0.33894626475031603,0.9999999999729898,0.04999261299963109
1.585479050123759,0.20470513029320628,0.5385327184001275,18.7253571272312,0.48666164710509924,-0.3259065437722861,0.9999999999984014,0.0501113020000048
1.585479050123759,0.20470513029320628,0.5385327184001275,18.775187257234236,0.4881605988381552,-0.3288525649988326,0.9999999999987089,0.04983013000310166
1.6147321742589233,0.22174250419383032,0.4630383532539072,18.825207067723237,0.359460441391936,-0.23263250324709123,0.9999999897415125,0.050019811002130155
1.6147321742589233,0.22174250419383032,0.4630383532539072,18.875391859535,0.37156329902285723,-0.23102112883897313,0.9999999963491644,0.050184791994979605
1.6412380870245502,0.23486013520187143,0.38857054674171687,18.925209247253363,0.26129242854588824,-0.15981355661647095,0.9999999742539228,0.049817389000963885
1.6412380870245502,0.23486013520187143,0.38857054674171687,18.975451067434136,0.2706845905024507,-0.16139262275256588,0.9999969384213636,0.05024197400052799
1.6412380870245502,0.23486013520187143,0.38857054674171687,19.025216615679724,0.2716225539784764,-0.16412755503931997,0.9998721617624485,0.04977191099897027
1.6654124732435216,0.24475792044828118,0.31943448210170383,19.075184727218712,0.17969568466982516,-0.1098124431709783,0.9999953277530615,0.04996834500343539
1.6654124732435216,0.24475792044828118,0.31943448210170383,19.125260655461314,0.18648348897832456,-0.11385145006863785,0.9999210909467396,0.05007987999852048
1.6654124732435216,0.24475792044828118,0.31943448210170383,19.17524249069442,0.18771046407842637,-0.11662700885496019,0.9996745323609824,0.04999810799927218
1.6902149524065326,0.2512549973678595,0.2466822578142425,19.225211151104364,0.09622131003316715,-0.05762137022726095,0.9998555584596913,0.04997587900288636
1.6902149524065326,0.2512549973678595,0.2466822578142425,19.27520856831247,0.10181968278238109,-0.06434242520303875,0.9995817974895777,0.05001833500136854
1.7123519276998782,0.25563131124479854,0.18007719493376462,19.325125475322192,0.02528313190581824,-0.015351136801940807,0.9997439201245952,0.04992969299928518
1.7123519276998782,0.25563131124479854,0.18007719493376462,19.375126001161703,0.05574862587573866,-0.022673538752219016,0.9998098150226632,0.05001003699726425
1.731684120470644,0.25602946370132756,0.12818026170107907,19.425100673804298,0.02804645872220569,0.018162612601214802,0.9999996125925914,0.04997469200316118
1.731684120470644,0.25602946370132756,0.12818026170107907,19.475126803049474,0.032988845294263484,0.01263671750523054,0.9999661838249034,0.050027820994728245
1.731684120470644,0.25602946370132756,0.12818026170107907,19.525153169223206,0.04259722257965235,0.012285139211297282,0.9998914125168537,0.05003179900086252
1.7429453746764767,0.2558708968538794,0.08999946899095157,19.575145216797225,0.02968242039241692,0.04090812731268594,0.9999907700102,0.04999250900436891
1.7429453746764767,0.2558708968538794,0.08999946899095157,19.625168676257623,0.03527475015782109,0.03787223773583717,0.9998498423477498,0.05003097199369222
1.7429453746764767,0.2558708968538794,0.08999946899095157,19.675138205399726,0.04487520011279896,0.03805006976505717,0.9998322486573232,0.04997791300411336
1.7571477997584737,0.256926466070685,0.061949454890918285,19.725908150880176,0.025343987842702108,0.057702801512761345,0.9999743650482198,0.050771246998920105
1.7571477997584737,0.256926466070685,0.061949454890918285,19.775124730382366,0.03185967749269129,0.05357968710641296,0.9998082619368404,0.04922601800353732
1.7671544637001868,0.2557743695294635,0.07121134312824726,19.825062641271984,0.02134795589633818,0.05321062208717072,0.9998764997957059,0.04994407899357611
1.7671544637001868,0.2557743695294635,0.07121134312824726,19.875065528517624,0.03128206760858311,0.0508684617472527,0.9998334622563353,0.05001121600071201
1.7671544637001868,0.2557743695294635,0.07121134312824726,19.9250531174795,0.040741723508270405,0.051651272909783864,0.9997242267618508,0.05000137800379889
1.7785579343367963,0.25667584026158313,0.09300416468929214,19.975206564805102,0.027691456659917887,0.03835860699695783,0.9998890195115943,0.05015901399747236
1.7785579343367963,0.25667584026158313,0.09300416468929214,20.025040789422686,0.039242507201925764,0.03572302980874421,0.9998828376020108,0.04984006399899954
1.7785579343367963,0.25667584026158313,0.09300416468929214,20.075078261282005,0.04865490336527317,0.03616593222787218,0.9997761751076518,0.05004867399838986
1.7839403879880438,0.25562869057511867,0.0997100308836829,20.125063694335587,0.04748985160600792,0.03611728005529773,0.9997700069433624,0.049996932000794914
1.7839403879880438,0.25562869057511867,0.0997100308836829,20.175100950182394,0.05729085633773529,0.03482068635788738,0.9996946977147116,0.050052537000738084
1.8025432158745478,0.2552714988474418,0.11083085864530783,20.22507321962736,0.029753158757441105,0.03380728870712469,0.9999213513909387,0.04997620000358438
1.8025432158745478,0.2552714988474418,0.11083085864530783,20.274995594851116,0.039901926551156416,0.028973206741565526,0.9999548764247598,0.049924628001463134
1.8025432158745478,0.2552714988474418,0.11083085864530783,20.325032030252,0.04937291683501849,0.02914779310188552,0.9998693403441665,0.05004297399864299
1.8172927124997693,0.25671374678455416,0.1283267428454385,20.374987639159368,0.02928517970110291,0.018405056053724087,0.9999555607381356,0.04995782899641199
1.8172927124997693,0.25671374678455416,0.1283267428454385,20.425051286566074,0.04030695327839286,0.014702782320783855,0.9999344358627508,0.0500669300017762
1.8390269108014048,0.25975628406341716,0.15370916752184688,20.475036586687544,0.005929199363427569,-0.0021844398915493307,0.9999951610608077,0.04998554199846694
1.8390269108014048,0.25975628406341716,0.15370916752184688,20.5252259236013,0.01747139992309795,-0.006760459545516525,0.9999931641051281,0.050189680005132686
1.8390269108014048,0.25975628406341716,0.15370916752184688,20.574988189341703,0.026843812334133195,-0.0072777529595296495,0.9999626386211424,0.04976412499672733
1.8522540096395206,0.2604114876830959,0.1748811624908918,20.62498267335615,0.009686087516406431,-0.017723107809660285,0.9999972200405352,0.049994622997473925
1.8522540096395206,0.2604114876830959,0.1748811624908918,20.67497629281231,0.020540509150763938,-0.020868422450967074,0.9999936882625614,0.0499939350047498
1.8522540096395206,0.2604114876830959,0.1748811624908918,20.724990929949474,0.029793097550353878,-0.021775343225153853,0.9999624752064307,0.050016513996524736
1.8665830106231607,0.2617026383602619,0.19400977534934918,20.775024833992305,0.010205956852174493,-0.03193440378106539,0.9999881490589781,0.050034496998705436
1.8665830106231607,0.2617026383602619,0.19400977534934918,20.82498046832136,0.02073547970107303,-0.03514371484471164,0.9999678190361606,0.04995724200125551
1.8717051310574144,0.26351485480194564,0.18919575924852702,20.87513599781351,0.019117324471734115,-0.03561162148898575,0.9999436083561535,0.05015835800440982
1.8717051310574144,0.26351485480194564,0.18919575924852702,20.92497767558958,0.028038998880625665,-0.03765705997409249,0.9999160166340889,0.049845863999507856
1.8717051310574144,0.26351485480194564,0.18919575924852702,20.974958681332385,0.03715477862626078,-0.03905591637213013,0.9997963190381954,0.049991187996056397
1.8717051310574144,0.26351485480194564,0.18919575924852702,21.024938643620466,0.046283140991167177,-0.04053028797806635,0.9996555062840151,0.049997186004475225
1.8717051310574144,0.26351485480194564,0.18919575924852702,21.074919809321564,0.05540275530893426,-0.04207893801737313,0.9995120884530816,0.05000556399318157
1.8757846030154657,0.26155025786801356,0.1579710466592176,21.12491488178853,0.058411822736160725,-0.01629221565990333,0.9996832984530333,0.05001091099984478
1.8757846030154657,0.26155025786801356,0.1579710466592176,21.1748760112959,0.06519506257050996,-0.01765638791468712,0.9994665598143623,0.04998779500601813
1.8757846030154657,0.26155025786801356,0.1579710466592176,21.224910438124514,0.07442765148864194,-0.0188599279271749,0.9994379998285559,0.05006256199703785
1.8757846030154657,0.26155025786801356,0.1579710466592176,21.275147427908013,0.0836578604277797,-0.020047343907987698,0.9993044189749632,0.05027195800357731
1.8757846030154657,0.26155025786801356,0.1579710466592176,21.324843642528755,0.09291913093662485,-0.02130546043860898,0.9991673833008632,0.049737626999558415
1.8757846030154657,0.26155025786801356,0.1579710466592176,21.37473824737753,0.10207560147415116,-0.02260611386107038,0.999031492433029,0.0499429749979754
1.8757846030154657,0.26155025786801356,0.1579710466592176,21.42465970451435,0.11126132001553216,-0.023976248817397076,0.9988948674382474,0.049976688002061564
1.8757846030154657,0.26155025786801356,0.1579710466592176,21.474758385439486,0.12044507159366297,-0.02540172747701109,0.9987548513607774,0.05016113899910124
1.8757846030154657,0.26155025786801356,0.1579710466592176,21.524580643587218,0.12965476976367363,-0.026889241674812096,0.9986154339281299,0.04989133599883644
1.8757846030154657,0.26155025786801356,0.1579710466592176,21.57467006000843,0.1388177029052645,-0.02843035641624767,0.9985887502301443,0.05016020499897422
1.8757846030154657,0.26155025786801356,0.1579710466592176,21.624403534824626,0.1480127126583726,-0.030025311749908135,0.9984515909674594,0.04981060200225329
1.8880410254684272,0.26541508271739933,0.12118402425943785,21.674325477508937,0.1323542452221889,-0.007318177912647009,0.9986817531329322,0.04998783899645787
1.8880410254684272,0.26541508271739933,0.12118402425943785,21.724279840390604,0.13957203105747917,-0.010257611753935516,0.9984699634948081,0.05003091200342169
1.89065108548089,0.2648886590056838,0.09858873891515355,21.774122221861376,0.1441061233103886,0.009428342009512468,0.9984956665594185,0.04991747399617452
1.89065108548089,0.2648886590056838,0.09858873891515355,21.824082144465397,0.15174976578846155,0.008616354052032765,0.9983136665545587,0.05004431400448084
1.89065108548089,0.2648886590056838,0.09858873891515355,21.87399881450261,0.16106377127820945,0.007810294353826892,0.9982959247901532,0.05000187699624803
1.900252076858233,0.2641297549061539,0.06127436227009013,21.92393436882346,0.15154385339902993,0.044154854016744786,0.9985201093609146,0.050009563005005475
1.900252076858233,0.2641297549061539,0.06127436227009013,21.973839714839276,0.1572220253055498,0.04195325541354786,0.9982731727936264,0.04999167299683904
1.900252076858233,0.2641297549061539,0.06127436227009013,22.023758375043116,0.16662700273465186,0.04172514716532705,0.9981467246615376,0.05001134499616455
1.9126441431811618,0.26395904822114197,0.02558495547954443,22.073654438646418,0.1506750905659805,0.0759404805272966,0.9983745540690458,0.049977299000602216
1.9126441431811618,0.26395904822114197,0.02558495547954443,22.123725944030287,0.1557818698313755,0.07272052747885144,0.998101578649559,0.050166742999863345
1.9298855002758453,0.26261491536084897,0.004214993843825758,22.173501075306948,0.12995088175366085,0.09777469160935714,0.9984779499799249,0.049851007002871484
1.9298855002758453,0.26261491536084897,0.004214993843825758,22.223488855921534,0.13592865179768016,0.0927444383179933,0.9982643052794291,0.050074694998329505
1.9298855002758453,0.26261491536084897,0.004214993843825758,22.27330769520783,0.14550504485585306,0.09359763714286118,0.9981379201894105,0.049911779002286494
1.9480266972737124,0.263279231347282,0.0009701095053119648,22.32328625454737,0.1184792348990569,0.096961914826762,0.9983786036588852,0.05005972599610686
1.9480266972737124,0.263279231347282,0.0009701095053119648,22.37330944112221,0.12735179370136768,0.09211920559371825,0.9982470240975597,0.05011103000288131
1.9480266972737124,0.263279231347282,0.0009701095053119648,22.42305201766253,0.13691796063697828,0.09318296332325375,0.9981194336612834,0.04983629700291203
1.972243249205335,0.26242618531287093,0.012940191099921748,22.47313684210457,0.09805732090365894,0.08880159013779118,0.9984703911279739,0.050161551997007336
1.972243249205335,0.26242618531287093,0.012940191099921748,22.52292223639133,0.1085569944634363,0.08260275044325464,0.9985398445597756,0.04985819500143407
1.998553408125256,0.26192808517950567,0.03588662217835882,22.572834384930704,0.06606608171971529,0.07012068817548409,0.998911322353293,0.04996654600108741
1.998553408125256,0.26192808517950567,0.03588662217835882,22.622843873714057,0.07788559715922112,0.06378730350865819,0.9989242784890087,0.05006334299832815
2.0136635500104623,0.2624556690325304,0.059844944816991125,22.67321163247179,0.057830231775804396,0.04832010830052661,0.999050309751688,0.05041563799750293
2.0136635500104623,0.2624556690325304,0.059844944816991125,22.722744276395545,0.06993047683303816,0.0448751430485601,0.9990437468968205,0.049580055005208123
2.0136635500104623,0.2624556690325304,0.059844944816991125,22.77265275056879,0.0793532474408605,0.04538665678890281,0.9989141139912351,0.04996272800053703
2.0265526897766772,0.26407402721610135,0.09275353659868446,22.822602881030278,0.0635141299383668,0.020168675696719807,0.9990637720540054,0.04999693899299018
2.0265526897766772,0.26407402721610135,0.09275353659868446,22.872683745507434,0.07603000929302943,0.017509421788533625,0.9990571057615288,0.05012813000212191
2.0265526897766772,0.26407402721610135,0.09275353659868446,22.922773198469855,0.08546441611294196,0.01732803405655595,0.9989240052938493,0.050143407002906315
2.0439894428375767,0.2672302572569122,0.1376154951513877,22.97241423558291,0.05994391206213283,-0.019536121990956928,0.9989672277899919,0.04969235799944727
2.0439894428375767,0.2672302572569122,0.1376154951513877,23.02242777775245,0.07223726829215613,-0.02187948220925569,0.9989322342919964,0.05006700199737679
2.0439894428375767,0.2672302572569122,0.1376154951513877,23.072291558667537,0.08151835179660523,-0.022893202632306243,0.9979641736023902,0.04996550200303318
2.057738628552961,0.27166284754020725,0.18202818012958794,23.122224847565022,0.061455939144816736,-0.06284359199793699,0.9978349607022887,0.05004163099511061
2.057738628552961,0.27166284754020725,0.18202818012958794,23.172122645587642,0.07189183646078331,-0.0643483729649502,0.9978209950745854,0.05000676300551277
2.071438239494032,0.2759556329691376,0.22804457755949292,23.221982616384107,0.05050587779464309,-0.10356217502292762,0.9976582389337931,0.0499770050009829
2.071438239494032,0.2759556329691376,0.22804457755949292,23.27305503978072,0.05919150266591328,-0.10418157310850351,0.9974635589636659,0.051202294998802245
2.071438239494032,0.2759556329691376,0.22804457755949292,23.321701634794366,0.06831159305315165,-0.10704778893436159,0.9973127258230345,0.04877767399739241
2.076909000790655,0.2777140298554051,0.2468488636215274,23.37191845273807,0.06422674948191873,-0.12448183211899067,0.997063261025193,0.05036472599749686
2.076909000790655,0.2777140298554051,0.2468488636215274,23.421392699827717,0.07249571574193316,-0.1267612402167801,0.9968785707714358,0.049629161003394984
2.0719773486722244,0.2807534194268762,0.2426612766245136,23.47115882719158,0.08802667422492987,-0.13754363647605902,0.9965913674991874,0.049936342002183665
2.0719773486722244,0.2807534194268762,0.2426612766245136,23.521055915604045,0.09624571303389401,-0.141596643789221,0.9964993952430301,0.05007237199606607
2.0719773486722244,0.2807534194268762,0.2426612766245136,23.57086957459656,0.10491659508521903,-0.14513321082760725,0.9963756470495573,0.049994858003628906
2.0696566906356177,0.2817576362070599,0.22862903295907122,23.620681963052146,0.11808060810504457,-0.14216209791292242,0.9962328854646341,0.0500007469963748
2.0696566906356177,0.2817576362070599,0.22862903295907122,23.670480318579976,0.12737782720432073,-0.1458886573037452,0.996176546615337,0.04998948800493963
2.0696566906356177,0.2817576362070599,0.22862903295907122,23.72041011307299,0.1361074470637797,-0.14945649009977652,0.9960546954769854,0.05012756299402099
2.0646113858775608,0.28251739794320746,0.21485885706201346,23.770094946669133,0.15481484080479443,-0.14667239638483492,0.9959644830140315,0.04988615000183927
2.0646113858775608,0.28251739794320746,0.21485885706201346,23.819905696126067,0.1643027633048975,-0.15088967966805783,0.9959286197413201,0.050014377004117705
2.0571752018281715,0.2819462631556153,0.18967016312357524,23.869675747324013,0.18968139907658313,-0.13479286685653857,0.9958089471295317,0.049979518000327516
2.0571752018281715,0.2819462631556153,0.18967016312357524,23.919479288716794,0.2002809962106626,-0.1386947918694979,0.9958068196048061,0.05001325599732809
2.0571752018281715,0.2819462631556153,0.18967016312357524,23.969258951466784,0.20922906409323613,-0.14194491997218173,0.9957145927882723,0.049993906999588944
2.05033967753053,0.2819219174545732,0.17203727328755983,24.019117534448217,0.2327128640435463,-0.13147684853482458,0.995587122935061,0.05007957800262375
2.05033967753053,0.2819219174545732,0.17203727328755983,24.06913044203668,0.242898560732903,-0.1351180974573837,0.9955601037370613,0.050235949995112605
2.0566879725432914,0.28369531560349565,0.14863251608514422,24.11857467743853,0.24041405593451348,-0.11744868952853937,0.9957962911119,0.04965296199952718
2.0566879725432914,0.28369531560349565,0.14863251608514422,24.16838667689823,0.2507499696492303,-0.11897403952172476,0.9957714388805851,0.05002352700103074
2.0566879725432914,0.28369531560349565,0.14863251608514422,24.218204602931674,0.25990901128913624,-0.12162635761447617,0.9956826314024189,0.05003394099912839
2.064949152136188,0.28485352088731325,0.11131971648460012,24.267961556297898,0.25494821533609663,-0.08592027813497541,0.9959433712864044,0.049959620999288745
2.064949152136188,0.28485352088731325,0.11131971648460012,24.317788503107046,0.2657918107590707,-0.08694172973215628,0.9959674300963051,0.050028691002808046
2.064949152136188,0.28485352088731325,0.11131971648460012,24.36761445074996,0.27508241557686985,-0.08896067657400121,0.9958823251043083,0.050031963000947144
2.0756675139790493,0.28507995817495535,0.07277049893446541,24.417522943178763,0.26519150629819044,-0.047115217255706034,0.9962621858816625,0.050095740996766835
2.0756675139790493,0.28507995817495535,0.07277049893446541,24.467172580435818,0.2752746598528469,-0.04792195331552075,0.9962024095961702,0.04983890500443522
2.0795213046675167,0.2832704058534485,0.03423210348157829,24.517081531793643,0.2785837155322178,-0.0007832411416060225,0.9963301373059182,0.05009278500074288
2.0795213046675167,0.2832704058534485,0.03423210348157829,24.566812803466647,0.28732029177732804,-0.0008011042598652677,0.9962234956240045,0.049919793993467465
2.0795213046675167,0.2832704058534485,0.03423210348157829,24.61691657920085,0.2967621347574512,-0.001321041300078654,0.9962002047881403,0.050294886001211125
2.0798660397653816,0.2805576708498186,-0.015523979418148126,24.66644351789836,0.3060644187875003,0.06332924322609869,0.9965182420996989,0.049699982002493925
2.0798660397653816,0.2805576708498186,-0.015523979418148126,24.716266098073326,0.3118431300287776,0.06483615259661961,0.9963867985130079,0.050003251999442
2.0798660397653816,0.2805576708498186,-0.015523979418148126,24.76607974308819,0.32130420631301815,0.06520157355795887,0.9962802527913897,0.04999963100271998
2.090273206046918,0.2797643318964268,-0.05995799667017737,24.81590634824263,0.3084349837673028,0.12066119263371497,0.99640280993705,0.05000648799614282
2.090273206046918,0.2797643318964268,-0.05995799667017737,24.865777670824105,0.3128336193720814,0.1194024604659491,0.9961344055445712,0.0500648529996397
2.099886366755271,0.27727239184473335,-0.10201250971257976,24.915500653363996,0.29983501952867286,0.17698486608619374,0.9961802333757396,0.0499136409998755
2.099886366755271,0.27727239184473335,-0.10201250971257976,24.965323309340572,0.30210355380206605,0.17540736784354807,0.9959899642359329,0.050023251002130564
2.099886366755271,0.27727239184473335,-0.10201250971257976,25.015184520761853,0.3116452830952191,0.17718087803134494,0.9959557989982535,0.050063679002050776
2.11494411675892,0.273760733634817,-0.13559083450697273,25.064640467507942,0.28721074322531026,0.40586327472075867,0.9906358162795956,0.04992343900084961
2.11494411675892,0.273760733634817,-0.13559083450697273,25.114554158866053,0.26880526780749586,0.17282415046538163,0.996073341854064,0.05011045799619751
2.129771494272327,0.268373364190929,-0.14097901921244993,25.16383208284801,0.26982943078326166,0.46190310848881627,0.9893119291164189,0.0498102999990806
2.129771494272327,0.268373364190929,-0.14097901921244993,25.213786049120813,0.24864818664137198,0.17459370424801718,0.996271871067879,0.050140898005338386
2.129771494272327,0.268373364190929,-0.14097901921244993,25.26323456588568,0.2874309698018966,0.47849236149893926,0.9890609531703546,0.049995418994512875
2.150414267648435,0.2626266323456767,-0.1333271175560469,25.313255649958688,0.2229319450510143,0.1809972190531826,0.9966078227558378,0.05019134200119879
2.150414267648435,0.2626266323456767,-0.1333271175560469,25.362438061261923,0.2608531285869254,0.5027417787430579,0.9885285917126935,0.04975315000046976
2.150414267648435,0.2626266323456767,-0.1333271175560469,25.41227007736979,0.24174686581152594,0.1693010766748747,0.9966847942756528,0.04999776899785502
2.1739836760716384,0.25788814320702125,-0.108567339661204,25.461729926011092,0.23197779479670633,0.5120081455665426,0.9883238875289261,0.05004416999872774
2.1739836760716384,0.25788814320702125,-0.108567339661204,25.51154718860689,0.21821471225758307,0.14683777534072645,0.9970297925970418,0.049965671001700684
2.1909435360945477,0.254262213136913,-0.07998284004431323,25.560972551227387,0.21982332117222167,0.5170425325353871,0.9875111301334925,0.05005043600249337
2.1909435360945477,0.254262213136913,-0.07998284004431323,25.610830432783697,0.21051838846273935,0.12275790877015408,0.9974562296731204,0.049985031997493934
2.1909435360945477,0.254262213136913,-0.07998284004431323,25.66033763432777,0.24533034533893028,0.5467040540796364,0.9879583902937045,0.050110614000004716
2.2023521087010756,0.2527389263272803,-0.039143389601076106,25.710133275640974,0.21770737847002153,0.08650066714287796,0.9975568997381367,0.0499175950026256
2.2023521087010756,0.2527389263272803,-0.039143389601076106,25.759487807277083,0.25250019449720434,0.537540059329317,0.9881142401071705,0.04994820399588207
2.2233805890530856,0.2518001671034041,0.009750464960965873,25.809265944245407,0.21178525842289103,0.04268754632863758,0.9976817354850823,0.04989380400365917
2.2233805890530856,0.2518001671034041,0.009750464960965873,25.858749472439378,0.2419847375355845,0.520316282637362,0.9878755940002943,0.050090849996195175
2.2233805890530856,0.2518001671034041,0.009750464960965873,25.908643368824826,0.2399959723748676,0.0285996238338887,0.9975889460562989,0.05001448400435038
2.2471887388751832,0.2528995305787256,0.06655442206297697,25.95808622433103,0.22053552351559783,0.4746434181529034,0.9893641394375606,0.04997437600104604
2.2471887388751832,0.2528995305787256,0.06655442206297697,26.00798354052762,0.23555129713332384,-0.03504214429161251,0.9977349837882724,0.05001059099595295
2.2471887388751832,0.2528995305787256,0.06655442206297697,26.057414722389865,0.25535531235944114,0.5171252797748187,0.9886472263574771,0.04999880700052017
2.2664177923737157,0.2570362460845703,0.12721708454697211,26.107408059482264,0.23804041333270637,-0.10154305103366712,0.9971142677150177,0.05013802200119244
2.2664177923737157,0.2570362460845703,0.12721708454697211,26.15680950500912,0.2526561858665957,0.47839885150060013,0.9887632451523443,0.049962866003625095
2.2664177923737157,0.2570362460845703,0.12721708454697211,26.206672028220403,0.26482417337754466,-0.11790152601522363,0.9965025093844105,0.05003752899938263
2.277026432072547,0.2597737473189668,0.17514890442697356,26.256076497308083,0.2598795121427033,0.42591243810135626,0.9901357746545094,0.04989666099572787
2.277026432072547,0.2597737473189668,0.17514890442697356,26.30592385358603,0.2799364532909865,-0.18445606702474204,0.9958059717122751,0.05005729800177505
2.293355669125734,0.2666586692933323,0.22749060085949102,26.355488832593494,0.25133457886683797,0.3628121213085105,0.9911026876496609,0.05000993300200207
2.293355669125734,0.2666586692933323,0.22749060085949102,26.405119627895846,0.27492679949754456,-0.25346530247612586,0.9945296397340738,0.049903786995855626
2.293355669125734,0.2666586692933323,0.22749060085949102,26.455000647203775,0.2873986026888329,0.3951722624886226,0.9898056135176877,0.050394762998621445
2.3037711886425694,0.2733297971827046,0.28188569159863947,26.504253711192074,0.29424906064017387,-0.32950177022901095,0.993009506521274,0.04959979100385681
2.3037711886425694,0.2733297971827046,0.28188569159863947,26.553806478608873,0.2901818640166798,0.33802899207573234,0.9903232419238394,0.05003696300263982
2.3120446968758728,0.28231541978600544,0.3122911090071867,26.60335730836565,0.2934780815301273,-0.39749147335173485,0.9913242229834824,0.049984483994194306
2.3120446968758728,0.28231541978600544,0.3122911090071867,26.65288790086033,0.28589583668294244,0.2746975536875511,0.9910959606322083,0.04997557699971367
2.3120446968758728,0.28231541978600544,0.3122911090071867,26.704284806372936,0.29775369140930075,-0.40923088220287474,0.9908335917826939,0.05187238900543889
2.3140287793170464,0.28866591410272974,0.3100664034622146,26.752023994030516,0.2897376756766087,0.247782642766757,0.991431853264665,0.04815175899420865
2.3140287793170464,0.28866591410272974,0.3100664034622146,26.80173973861117,0.30439349288238937,-0.4295310940197904,0.9902974528950428,0.05020284000056563
2.3140287793170464,0.28866591410272974,0.3100664034622146,26.851162305857432,0.3119400306995466,0.258507033788966,0.9907561408964368,0.04988368500198703
2.3248187074766653,0.2973278924269233,0.29677746462385834,26.900641678902044,0.2997439787347318,-0.4391496552770806,0.9900791341016996,0.0499751700044726
2.3248187074766653,0.2973278924269233,0.29677746462385834,26.95016976939523,0.31080595661472027,0.27072186397227727,0.9908112764155642,0.04998741099552717
2.3418506556179537,0.3050813231724263,0.2690780403410775,26.999747415635873,0.28471846001048523,-0.4228621849642529,0.9904478623322713,0.050055785999575164
2.3418506556179537,0.3050813231724263,0.2690780403410775,27.049304469557885,0.30387193119416045,0.31486691891300667,0.9901537564519188,0.050049857003614306
2.3418506556179537,0.3050813231724263,0.2690780403410775,27.10054688314887,0.3243036142235144,-0.42774430376882056,0.9896466398280014,0.05177849499887088
2.3520147283984847,0.3121732386395062,0.23756992330901008,27.148121572448492,0.3247093974089846,0.3485637530589982,0.9900668086287951,0.04805199900147272
2.3520147283984847,0.3121732386395062,0.23756992330901008,27.19765572445346,0.33549121359589323,-0.4278912722696434,0.9898379758556428,0.0500426869984949
2.364356956015897,0.3171432392651975,0.19831116854399009,27.24716016260141,0.3249797421963057,0.42721730126072077,0.9882095047155557,0.05009508399962215
2.364356956015897,0.3171432392651975,0.19831116854399009,27.296544409209023,0.349360899181582,-0.38762988778821506,0.9904569238941161,0.04986006500257645
2.364356956015897,0.3171432392651975,0.19831116854399009,27.346081149233573,0.3464973121732849,0.47909884287119764,0.986710049707265,0.05020394799794303
2.3751086573884583,0.3205931651878428,0.15743976509245672,27.39547673420897,0.34818308785945284,-0.3547395871252037,0.9904484558702534,0.049871939001604915
2.3751086573884583,0.3205931651878428,0.15743976509245672,27.444619333358055,0.3424160957287431,0.5677838447554319,0.9845616152649238,0.04991317799431272
2.388231058264467,0.3228820060653792,0.10565735287441072,27.494355125254792,0.23304085269293331,-0.010111927138894083,0.9944702633550675,0.05001234700466739
2.388231058264467,0.3228820060653792,0.10565735287441072,27.543687433125704,0.21765467693776458,0.48984842487143804,0.9862496456742356,0.050020101996778976
2.388231058264467,0.3228820060653792,0.10565735287441072,27.593435516103508,0.05115367091626333,0.4285047333249595,0.9887758972904115,0.05031279900140362
2.400932679904439,0.32321324870195395,0.05154712780280973,27.642490426755217,0.03751583330147032,0.5041502995275297,0.9878517404244113,0.049658171003102325
2.400932679904439,0.32321324870195395,0.05154712780280973,27.692629489199433,0.016053838576221648,0.4473461796603,0.9885209446669925,0.050721294996037614
2.4118689709483596,0.3198369987734003,-0.004768866618836457,27.741194930816,2.263921689005244e-12,0.5252953876323219,0.9877269079580735,0.04916889600281138
2.4118689709483596,0.3198369987734003,-0.004768866618836457,27.790790311892298,1.1178172505678836e-11,0.48894710611549164,0.9878153790944252,0.050207135995151475
2.4118689709483596,0.3198369987734003,-0.004768866618836457,27.840085148210086,5.163152155478126e-11,0.48755948824187023,0.9878061357429895,0.04990335100592347
2.4186388062166957,0.316416921987964,-0.018392851768832083,27.889588883900988,2.4815175800549802e-12,0.5244028786283359,0.9871393366359306,0.05014868099533487
2.4186388062166957,0.316416921987964,-0.018392851768832083,27.938842782949724,3.3043761876156235e-13,0.5063983009127403,0.9870069478654031,0.04990228200040292
2.4186388062166957,0.316416921987964,-0.018392851768832083,27.988148938813257,2.8338231234431563e-13,0.5102210285542146,0.9869517026528308,0.049958023002545815
2.422996653402256,0.3140381870092297,0.005723241933476603,28.037837530154537,1.6362805448918563e-12,0.5113185857009129,0.9869489892723273,0.0503456529986579
2.422996653402256,0.3140381870092297,0.005723241933476603,28.086909689101578,8.376968785702922e-13,0.5114754486281176,0.9868546556874072,0.049725821998436004
2.415647723366347,0.31236659340794054,0.0380756431499805,28.136251161565834,1.7126676953184276e-11,0.489921496107977,0.9869602412698729,0.04999337399931392
2.415647723366347,0.31236659340794054,0.0380756431499805,28.185635846460524,3.778686092543233e-11,0.5181006419058712,0.9870073131892201,0.05003477100399323
2.415647723366347,0.31236659340794054,0.0380756431499805,28.234885961825206,6.042007806351027e-11,0.5320834298648663,0.9871414032099751,0.04989165200095158
2.415647723366347,0.31236659340794054,0.0380756431499805,28.284327280963122,4.38529236959284e-11,0.5419504562293299,0.9872223242703366,0.050081240995496046
2.415647723366347,0.31236659340794054,0.0380756431499805,28.333609534434487,8.23489332745e-12,0.5515239188758966,0.9872620268138985,0.0499181090053753
2.414958360393273,0.3114193971700343,0.10579048414404149,28.382996679566794,0.012352061583561719,0.5046287275561337,0.9876474564855269,0.05000483199546579
2.414958360393273,0.3114193971700343,0.10579048414404149,28.432431189999168,0.027674231321690057,0.5322806734876693,0.9885519498008071,0.05000699299853295
2.414958360393273,0.3114193971700343,0.10579048414404149,28.482399269513948,0.023922359703023397,0.5475620249535413,0.9888293513463616,0.05053256099927239
2.4157236084677627,0.31163941781346444,0.15852047910386569,28.53127978421315,0.03895547872587087,0.5078268074258695,0.9893065687310488,0.04940886500116903
2.4157236084677627,0.31163941781346444,0.15852047910386569,28.580838247854736,0.04932110202062212,0.5268110175054771,0.9897810257560136,0.050070129000232555
2.4157236084677627,0.31163941781346444,0.15852047910386569,28.630353245075025,0.04835335363813705,0.5384656213572775,0.9900312894171903,0.0500135680049425
2.4143351078920428,0.3130860241325078,0.22411350430560747,28.67989721077884,0.0832887693154244,0.4697460707692084,0.9909052559773287,0.04999869099992793
2.4143351078920428,0.3130860241325078,0.22411350430560747,28.729498159708253,0.10521244022500503,0.49874921141878237,0.9917996917096992,0.050011054998321924
2.4206228686969675,0.315502378603446,0.2860353554077344,28.779070840204565,0.11686013157450177,0.43511215020778965,0.9926444259276197,0.04994001799786929
2.4206228686969675,0.315502378603446,0.2860353554077344,28.828970050796592,0.14359476216184225,0.4586450103717485,0.993576032841076,0.05022183400433278
2.4206228686969675,0.315502378603446,0.2860353554077344,28.878517086098107,0.1355654622050841,0.4731618657468363,0.9940188245636229,0.0498451679959544
2.410126480087196,0.31483118093340345,0.34386469165136563,28.928212683745322,0.20447908003676302,0.37074445927768557,0.9949516973441843,0.04994774900114862
2.410126480087196,0.31483118093340345,0.34386469165136563,28.97801220884594,0.23834410044781715,0.4008205003646046,0.9959127610384014,0.050003903001197614
2.410126480087196,0.31483118093340345,0.34386469165136563,29.027877166859962,0.24385273039583227,0.4137105022729653,0.9963700253398902,0.050046625998220406
2.399003074593175,0.31486831659670383,0.4084579836923054,29.077741318606826,0.32618026771740594,0.2537601122818074,0.9978163677231523,0.04997327500313986
2.399003074593175,0.31486831659670383,0.4084579836923054,29.12769056719642,0.3737717839043728,0.2692339391289841,0.9985678501141173,0.05002088599576382
2.399003074593175,0.31486831659670383,0.4084579836923054,29.17776509020019,0.38694414769185154,0.2770833123789037,0.999065308937286,0.05012137100129621
2.3904939093756705,0.31490258317381953,0.4711616348375781,29.227713682575512,0.44937691221315845,0.07004924351737546,0.9998465532501188,0.049956258000747766
2.3904939093756705,0.31490258317381953,0.4711616348375781,29.27799068449962,0.483451295316511,0.06620817351264399,0.9999999985758767,0.050277001995709725
2.3880643690520906,0.3182750465135304,0.5195208228202806,29.327625322494335,0.5025878267713891,-0.13338564748901624,0.9999999998468136,0.04963463800231693
2.3880643690520906,0.3182750465135304,0.5195208228202806,29.377927620491285,0.5162141666961558,-0.14082798665236743,0.9999999999909593,0.05030229799740482
2.3862620510717205,0.32444988525036533,0.5599065179016679,29.427575392490784,0.5076576274562918,-0.3421473853743362,0.9999999999747607,0.04964777200075332
2.3862620510717205,0.32444988525036533,0.5599065179016679,29.477796726469233,0.5060018703652077,-0.32096364481400874,0.9999999995604346,0.05022133400052553
2.3862620510717205,0.32444988525036533,0.5599065179016679,29.52760380342588,0.5143243432494179,-0.32551020349590926,0.9999999990389027,0.04980707700451603
2.4050639269329,0.33678726165079226,0.616547820418618,29.57781701575384,0.4459690686982399,-0.5075073828529517,0.9999998870961925,0.050213217997225
2.4050639269329,0.33678726165079226,0.616547820418618,29.627642809716583,0.4324774521660661,-0.48606639498327286,0.9999999992918912,0.04982579399802489
2.4050639269329,0.33678726165079226,0.616547820418618,29.677990843708404,0.4409708132476204,-0.49287190461226904,0.9999999997411324,0.050348034004855435
2.4257788247643,0.35338754503187614,0.6663053092975824,29.72802849715432,0.3610783316513412,-0.6413868883921432,0.9997689564271144,0.05004921699583065
2.4257788247643,0.35338754503187614,0.6663053092975824,29.77774688697783,0.33921749969732395,-0.6156449893384849,0.999468062010085,0.049744850999559276
2.450877594213657,0.3793021328237456,0.673910346552199,29.827894896196312,0.25187311581967753,-0.6958879927360347,0.9993719792304081,0.05017952300113393
2.450877594213657,0.3793021328237456,0.673910346552199,29.877731800875086,0.24400412598242407,-0.6728547031522436,0.999282085862387,0.04987270900164731
2.450877594213657,0.3793021328237456,0.673910346552199,29.927573789619505,0.25221605600307395,-0.6820901791706232,0.999311672216685,0.04987632000120357
2.4808629907769837,0.40658638521389895,0.6555224745464253,29.977503808428256,0.16989360275774584,-0.7082905603511769,0.9996561930393651,0.04994719100068323
2.4808629907769837,0.40658638521389895,0.6555224745464253,30.027443332351968,0.17131624232368062,-0.6953560473002142,0.9999997582863089,0.04993953599478118
2.4808629907769837,0.40658638521389895,0.6555224745464253,30.080303790131236,0.17812452380295984,-0.7052691043555818,0.9999644317251976,0.05286233800143236
2.496441698256085,0.4221867273788047,0.6210449351246723,30.127775754384373,0.1453374741588783,-0.6965811637906713,0.9999992470247762,0.04747199999837903
2.496441698256085,0.4221867273788047,0.6210449351246723,30.17812755730201,0.16214181477746306,-0.7032031847200563,0.9999999983278252,0.050351803001831286
2.5228313804869305,0.4406140886298915,0.5631214636059584,30.22746743330187,0.11867379679462431,-0.6614765529889546,0.9999999999792831,0.04933987600088585
2.5228313804869305,0.4406140886298915,0.5631214636059584,30.277553295301182,0.1463943974762151,-0.6710227416857841,0.9999999999895552,0.05008586199983256
2.5228313804869305,0.4406140886298915,0.5631214636059584,30.32772910329755,0.15015720002941904,-0.6857505712457183,0.9999999999467819,0.050175807999039534
2.5424132969156106,0.4521324772161188,0.4965734416417823,30.377422863300563,0.13469480524769956,-0.6212481341254028,0.999999999985738,0.049693760003719945
2.5424132969156106,0.4521324772161188,0.4965734416417823,30.427634691298774,0.17061509126507393,-0.6406175067109982,0.9999999999985817,0.05021182799828239
2.5534090157023748,0.456857112408412,0.4388895546465556,30.47763997029993,0.1740277333411634,-0.5802232298607726,0.9999999999991251,0.05000527900119778
2.5534090157023748,0.456857112408412,0.4388895546465556,30.527559651297697,0.21211370500238128,-0.6000329648972653,0.9999999999984279,0.04991968099784572
2.5534090157023748,0.456857112408412,0.4388895546465556,30.577628873298213,0.2176715548742966,-0.6149955827955802,0.9999999999866365,0.050069222001184244
2.559434809274659,0.45988182736032873,0.39186189600084664,30.627606312295192,0.23422387710548975,-0.5561377998778071,0.9999999999935154,0.04997743899730267
2.559434809274659,0.45988182736032873,0.39186189600084664,30.677743966300255,0.2637792866720913,-0.5774921552464518,0.9999999999995817,0.05013765400508419
2.559434809274659,0.45988182736032873,0.39186189600084664,30.72747580229948,0.2703608282819049,-0.5907144537867441,0.9999999999963077,0.04973183599940967
2.5662458189597404,0.46224528624167593,0.3381543583544268,30.77754213429751,0.2910020753949126,-0.5113226668246736,0.9999999999986828,0.05006633199809585
2.5662458189597404,0.46224528624167593,0.3381543583544268,30.827841169297116,0.3231213779641847,-0.5325129397236005,0.9999999999996276,0.05029903499962529
2.5767194439211245,0.46547917865907185,0.27988655582913974,30.87777682229513,0.3429752957622864,-0.4312590932529484,0.9999999999982203,0.04993565299810143
2.5767194439211245,0.46547917865907185,0.27988655582913974,30.927454258294777,0.3731732290806757,-0.448822355443477,0.9999999999946911,0.04967743599991081
2.5767194439211245,0.46547917865907185,0.27988655582913974,30.977523374299643,0.38109750832548517,-0.45990014381402944,0.9999999999966883,0.05006911600503372
2.589168628230371,0.4675254537955029,0.21733429291866868,31.02749513929389,0.402792407306499,-0.32816505721422934,0.9999999999939087,0.04997176499455236
2.589168628230371,0.4675254537955029,0.21733429291866868,31.0775386782923,0.43002263127006873,-0.33089170487347025,0.9999999999965637,0.050043538998579606
2.5990524375572477,0.4670013535490489,0.1602277650547966,31.127406605294393,0.45905564429252266,-0.16172584143678623,0.9999999999979675,0.049867927002196666
2.5990524375572477,0.4670013535490489,0.1602277650547966,31.17840054929605,0.46351669701235687,-0.16718230028247769,0.9999999999996372,0.05099394400167512
2.5990524375572477,0.4670013535490489,0.1602277650547966,31.227456265297032,0.47145591815769267,-0.17560194833348727,0.9999999999991696,0.04905571600102121
2.610067075683095,0.465518078988805,0.09149946037489057,31.277470753295823,0.4551052823147586,0.07665593435785836,0.9999999999987935,0.05001448799885111
2.610067075683095,0.465518078988805,0.09149946037489057,31.32756111829845,0.4401540014634788,0.053036679310039594,0.999999999998788,0.050090365002688486
2.610067075683095,0.465518078988805,0.09149946037489057,31.37743377529808,0.44635705354026844,0.04178582735105153,0.9999999999849931,0.04987265700037824
2.6228945084291038,0.4642104961972095,0.024491807722247412,31.427427049295797,0.4092609106398597,0.2696680708273007,0.9999999999833308,0.04999327399855247
2.6228945084291038,0.4642104961972095,0.024491807722247412,31.47744391529578,0.38267560060896927,0.22767731689153356,0.9999999999980491,0.05001686600007815
2.6411094588851367,0.46133042720335454,-0.03772505944162078,31.527489718295342,0.3056454586531764,0.4308469173305542,0.9999999999892066,0.05004580300010275
2.6411094588851367,0.46133042720335454,-0.03772505944162078,31.57741797329592,0.2752659572209474,0.3645135925026855,0.9999999999945536,0.049928255000850186
2.6411094588851367,0.46133042720335454,-0.03772505944162078,31.6277698742903,0.27699863841414324,0.34616013272335167,0.9999999999990545,0.050351900994428433
2.661836306533661,0.4582801402228215,-0.08119541714140534,31.67751074029146,0.20080715742556549,0.47223224110913953,0.9999999999985866,0.04974086600122973
2.661836306533661,0.4582801402228215,-0.08119541714140534,31.72751437929176,0.18904709565557273,0.4148903305143373,0.9999999999989978,0.05000363900035154
2.689353647126565,0.45379209553231026,-0.10594527216106701,31.77751026729443,0.09317904854691686,0.4849871467361636,0.9999999999986078,0.049995888002740685
2.689353647126565,0.45379209553231026,-0.10594527216106701,31.827633627295103,0.0927288396141236,0.4231949222451815,0.999999999998903,0.05012336000072537
2.689353647126565,0.45379209553231026,-0.10594527216106701,31.877473191290225,0.10158270682435927,0.401841647079903,0.9999999999985627,0.04983956399519229
2.7194547277957946,0.44882634928960957,-0.09250335507672289,31.927395241296214,0.011053325511651307,0.38053333427613895,0.9999999999999871,0.04992205000598915
2.7194547277957946,0.44882634928960957,-0.09250335507672289,31.97745977029017,0.03025942202585784,0.3326772860848574,0.999999999999718,0.05006452899397118
2.7194547277957946,0.44882634928960957,-0.09250335507672289,32.02750030729407,0.04501741669051357,0.31519935643235203,0.9999999999988887,0.05004053700395161
2.7465159526391383,0.444624354449669,-0.06332634790051013,32.077455887291855,2.2598173332610827e-12,0.2594061736364365,0.9999999999974097,0.049955579997913446
2.7465159526391383,0.444624354449669,-0.06332634790051013,32.12744314928953,0.024417775164601845,0.2229071691239517,0.9999999999841825,0.04998726199846715
2.7658052940784876,0.44304288171674894,-0.027482268986197936,32.17740152428753,5.249848125665757e-11,0.14277079621072516,0.9999999999835048,0.049958374998823274
2.7658052940784876,0.44304288171674894,-0.027482268986197936,32.22744769828803,0.06309731882862694,0.11574745410195518,0.999999999986435,0.0500461740011815
2.7658052940784876,0.44304288171674894,-0.027482268986197936,32.27746864129092,0.13207019995820657,0.11342650391743979,0.9999999999999934,0.05002094300289173
2.7901284611740644,0.44275250242094183,0.01392494369431695,32.327511779289395,0.168748292705893,0.02446671221167941,0.999999999994916,0.050043137998727616
2.7901284611740644,0.44275250242094183,0.01392494369431695,32.377447005290456,0.4047916775907967,-0.006007839561597544,0.9999999999961385,0.049935226001252886
2.7901284611740644,0.44275250242094183,0.01392494369431695,32.42745619028704,0.6642119818950483,-0.021917159062383087,0.9999999999880592,0.050009184997179545
2.805321109903749,0.44386544297096675,0.05363041010542827,32.477522427289784,0.6954749792884979,-0.16453817042896685,0.9999999999909921,0.05006623700319324
2.805321109903749,0.44386544297096675,0.05363041010542827,32.52744176128934,0.7115617949159427,-0.1494438637216257,0.999999999988034,0.04991933400015114
2.81825858815948,0.44460804340637133,0.08381515831781926,32.57748728428869,0.6541482899506988,-0.23003725352399368,0.9999999999983982,0.050045522999425884
2.81825858815948,0.44460804340637133,0.08381515831781926,32.627625088287544,0.6537508593622023,-0.21848611383856684,0.9999999999981326,0.0501378039989504
2.81825858815948,0.44460804340637133,0.08381515831781926,32.67745935428685,0.6567848348137073,-0.22126324173505782,0.9999999999985137,0.04983426599937957
2.830215543412149,0.44427154977070893,0.10618971198781206,32.72744462928674,0.6109417472118991,-0.2710614288254288,0.9999999999990862,0.04998527499992633
2.830215543412149,0.44427154977070893,0.10618971198781206,32.777453027287095,0.6133446871827191,-0.26900795175723213,0.9999999999971954,0.050008398000500165
2.8500354538527484,0.44606299224690565,0.12232459055602662,32.827455826285316,0.5432026083312611,-0.3153355256444774,0.9999999999979996,0.05000279899832094
2.8500354538527484,0.44606299224690565,0.12232459055602662,32.87744496228647,0.5438430508274027,-0.30900800015844,0.9999999999952556,0.049989136001386214
2.8500354538527484,0.44606299224690565,0.12232459055602662,32.92744066628718,0.5464826360663297,-0.3145626666904685,0.9999999999933472,0.04999570400104858
2.8797396989343684,0.44948814960925465,0.12336940559199774,32.977433313287186,0.45590958507254925,-0.3413311887708514,0.9999999999964072,0.04999264700018102
2.8797396989343684,0.44948814960925465,0.12336940559199774,33.02743081328545,0.45494098472680256,-0.3282919716268765,0.9999999999966647,0.049997499998426065
2.8797396989343684,0.44948814960925465,0.12336940559199774,33.08030921428743,0.4582667650561279,-0.3357173632632994,0.9999999999979688,0.05287840100208996
2.9048350144924555,0.4545175140270145,0.11115615366320916,33.12744427928421,0.3779502818218678,-0.3487051190469492,0.9999999999987501,0.04713506499683717
2.9048350144924555,0.4545175140270145,0.11115615366320916,33.17750282228957,0.3745224672333824,-0.3404934401657307,0.9999999999983911,0.05005854300543433
2.9387149455602284,0.45836323511205257,0.07815667246078399,33.227397181288175,0.28835018867286943,-0.3254410116265809,0.999999999989069,0.049894358999154065
2.9387149455602284,0.45836323511205257,0.07815667246078399,33.27756552828658,0.2834952955808919,-0.31384747209727826,0.9999999999827229,0.05016834699927131
2.9387149455602284,0.45836323511205257,0.07815667246078399,33.327430526285966,0.286768854807215,-0.3182916962333106,0.9999999999881923,0.04986499799997546
2.9628431695186825,0.4593119798102197,0.04551858019501461,33.3775454512835,0.23426758703831033,-0.2952257213922106,0.9999999999984291,0.05011492499761516
2.9628431695186825,0.4593119798102197,0.04551858019501461,33.42759512528209,0.23420071999616654,-0.28434853628408274,0.9999999999972095,0.050049673998728395
2.9628431695186825,0.4593119798102197,0.04551858019501461,33.47750633628652,0.23780880434667825,-0.29188867119994766,0.9999999999954594,0.04991121100465534
2.9880021420154854,0.4591561097496475,-0.004011837454295194,33.52749198828261,0.1897753529756755,-0.2500241611242178,0.9999999999939606,0.049985651996394154
2.9880021420154854,0.4591561097496475,-0.004011837454295194,33.57744177628286,0.1902070220405841,-0.23833025139400704,0.9999999999857083,0.049949788000958506
3.0138576547787777,0.45665509158947754,-0.05630156072977143,33.62748724327894,0.14809026891372168,-0.1954029639382214,0.999999999994084,0.05004546699638013
3.0138576547787777,0.45665509158947754,-0.05630156072977143,33.677461028282934,0.14943776813666942,-0.17930758411944178,0.9999999999975383,0.04997378500411287
3.0138576547787777,0.45665509158947754,-0.05630156072977143,33.72743516128127,0.156321363662341,-0.18339651650431396,0.9999999999944285,0.04997413299861364
3.029919540182719,0.45273785817732937,-0.10694463958764104,33.77743614828214,0.14249296593997077,-0.1328231699579691,0.999999999995103,0.05000098700111266
3.029919540182719,0.45273785817732937,-0.10694463958764104,33.82743493327975,0.15237598681823833,-0.1185246615932768,0.9999999999916739,0.04999878499802435
3.039608315618077,0.44867569862917817,-0.14601068058289124,33.87745622728142,0.15561239668869303,-0.08067469398473125,0.9999999999862107,0.05002129400236299
3.039608315618077,0.44867569862917817,-0.14601068058289124,33.927476111282544,0.16479766328515572,-0.06876629143001627,0.9999999999862725,0.0500198840018129
3.039608315618077,0.44867569862917817,-0.14601068058289124,33.980392881282796,0.16993402051757056,-0.07091263319395201,0.9999999999935273,0.052916770000592805
3.0538897257605693,0.44220922017781206,-0.1895510948129374,34.027462930279086,0.16662869776213976,-0.013356174430388758,0.9999999999885166,0.04707004899682943
3.0538897257605693,0.44220922017781206,-0.1895510948129374,34.07744588728186,0.1745066785123525,0.00029982474360394466,0.9999999999850064,0.04998295700352173
3.063899242718392,0.4362574309231692,-0.22937510250096674,34.12734210527998,0.18006746192737605,0.05216149532765972,0.9999999999812743,0.04989621799904853
3.063899242718392,0.4362574309231692,-0.22937510250096674,34.17753945127748,0.18688999639373316,0.0632627503180207,0.9999999999954023,0.050197345997730736
3.063899242718392,0.4362574309231692,-0.22937510250096674,34.227433958276826,0.1906647675925899,0.06577703847474597,0.9999999999986519,0.049894506999407895
3.076469601300844,0.43113950139730256,-0.27246145362244684,34.27755080527683,0.17949869234304097,0.1164748082258497,0.9999999999996058,0.05011684700002661
3.076469601300844,0.43113950139730256,-0.27246145362244684,34.32760836327763,0.18399988616894886,0.12609687050911214,0.9999999999991467,0.05005755800084444
3.076469601300844,0.43113950139730256,-0.27246145362244684,34.37753809827206,0.18715213140708872,0.1301273971344826,0.9999999999662529,0.04992973499611253
3.0815976610961795,0.4265062753294446,-0.30766551394592195,34.4274838078956,0.19837227094650955,0.17931392690226383,0.9999992515214139,0.049945747006859165
3.0815976610961795,0.4265062753294446,-0.30766551394592195,34.47743553767239,0.20251413615028632,0.18630084497794702,0.9999994950908888,0.04995175499789184
3.086837517721778,0.4207188990036215,-0.3244105331086836,34.52744982498619,0.21240583561831183,0.2245086731790133,0.999368645735832,0.05004588399606291
3.086837517721778,0.4207188990036215,-0.3244105331086836,34.577360381678275,0.21560593162761932,0.23028375795543926,0.9990181005785564,0.049959612006205134
3.086837517721778,0.4207188990036215,-0.3244105331086836,34.62727873500244,0.21799202692311725,0.23586502109764518,0.9986209559657068,0.0499872879954637
3.092042028061038,0.4151133092041394,-0.31671636173583684,34.67719723062919,0.21936581284614481,0.25321369831571283,0.9981689611751208,0.0500100659992313
3.092042028061038,0.4151133092041394,-0.31671636173583684,34.72711762569029,0.22254776434375137,0.25799378121258665,0.9978493450768956,0.05002798799978336
3.1000980619871816,0.41046535309755605,-0.294310498748946,34.77699699133081,0.20390886312342646,0.2551457700307303,0.9977191912687532,0.04999339100322686
3.1000980619871816,0.41046535309755605,-0.294310498748946,34.826835273912806,0.2074729286923405,0.2590937856252545,0.9974701848562535,0.04996468399622245
3.1000980619871816,0.41046535309755605,-0.294310498748946,34.87681158298852,0.20934090908893774,0.26449567413397396,0.9971158731508798,0.0501208640052937
3.1112360693801113,0.40644112193313336,-0.2675615384827449,34.926553724593916,0.17550716304339833,0.2524999544290202,0.9971053039921904,0.049886547996720765
3.1112360693801113,0.40644112193313336,-0.2675615384827449,34.97658798488939,0.17887337892472827,0.25756420582033646,0.9967352636095711,0.050198144002933986
3.1112360693801113,0.40644112193313336,-0.2675615384827449,35.02632438234494,0.18054117907657308,0.263045918268242,0.9964113662504002,0.04991552599676652
3.1263668356874925,0.4020031665622785,-0.22608372636856383,35.076038514162036,0.1315746283972536,0.2398710727649359,0.9966457631649738,0.04988144600065425
3.1263668356874925,0.4020031665622785,-0.22608372636856383,35.125876689005175,0.13543094058352292,0.24629700605485774,0.9964406700445515,0.050016198998491745
3.1263668356874925,0.4020031665622785,-0.22608372636856383,35.17567868123769,0.136876269037869,0.25117731644962027,0.9961388807144393,0.049995029003184754
3.1427963613681102,0.39645164797534727,-0.18154027628990294,35.22569822460239,0.11529803461325905,0.23813895484993075,0.9965790323224725,0.05019124599493807
3.1427963613681102,0.39645164797534727,-0.18154027628990294,35.27531958517364,0.1202227711093685,0.24364305104949988,0.9962724644043057,0.04980701800377574
3.1633097208661702,0.39373720516061783,-0.13021099202728023,35.32516605480561,0.09216353633310578,0.21995272524794637,0.99704483056204,0.04999421099637402
3.1633097208661702,0.39373720516061783,-0.13021099202728023,35.375003432935756,0.09693546492709916,0.22608486392545935,0.9967770870691762,0.04999851900356589
3.1817274838937486,0.3916112386637709,-0.07904948829489934,35.42487990330434,0.07108036200599152,0.2055141205607452,0.9975103149775205,0.05000095700233942
3.1817274838937486,0.3916112386637709,-0.07904948829489934,35.47475236578067,0.07519841181746924,0.21115576929083288,0.9972473668693177,0.0500101219950011
3.1817274838937486,0.3916112386637709,-0.07904948829489934,35.52471361748768,0.08128362707557427,0.21566654293062854,0.9970649925461398,0.05010831999970833
3.193558769527497,0.3925491736938443,-0.022140429047321573,35.57449296186266,0.0715781355074068,0.18817529625910007,0.9977593488479136,0.049891132999619
3.193558769527497,0.3925491736938443,-0.022140429047321573,35.624393332048534,0.07572351826940778,0.19319391502568323,0.9975075327453032,0.05002505599986762
3.193558769527497,0.3925491736938443,-0.022140429047321573,35.677868587667085,0.08204660749011139,0.19757712841721767,0.9974011108364236,0.05361459400592139
3.202744108705782,0.3944945887716652,0.036720519238086696,35.72414548812601,0.07836215620831656,0.16840163084002313,0.9980986642436162,0.046365055997739546
3.202744108705782,0.3944945887716652,0.036720519238086696,35.77498491523294,0.07674992811852611,0.17242612585416872,0.9979496478665374,0.05094387999997707
3.2106378502996393,0.3977363986082713,0.08442198348173383,35.8239354478034,0.07156225605724965,0.1459926149359572,0.9985269607273827,0.04902274499909254
3.2106378502996393,0.3977363986082713,0.08442198348173383,35.87486518162236,0.07248546373738199,0.15043314216066364,0.9983492517778239,0.05101394499797607
3.2106378502996393,0.3977363986082713,0.08442198348173383,35.92381502997407,0.07675955283229337,0.15418972493464156,0.998241200546974,0.04903609300527023
3.217570267709212,0.3997372625564624,0.11770770112673605,35.97376696756418,0.07049370298965786,0.13832102848062966,0.9986707217777311,0.050018425994494464
3.217570267709212,0.3997372625564624,0.11770770112673605,36.02379128262309,0.07237291643260846,0.1429321870234433,0.9985120032202823,0.050098862004233524
3.217570267709212,0.3997372625564624,0.11770770112673605,36.07358039027336,0.07661761276161312,0.14652566846735582,0.9984270261834743,0.04986754799756454
3.2248282204842784,0.40390693258190924,0.16061859236875664,36.12377650277768,0.07131740107639906,0.12068572684744014,0.9989756622612099,0.050247582999872975
3.2248282204842784,0.40390693258190924,0.16061859236875664,36.173656442226516,0.07169767799264093,0.12542766726598475,0.9987921857799342,0.04994025800260715
3.2248282204842784,0.40390693258190924,0.16061859236875664,36.22360173018824,0.07606482331983425,0.12885365820342867,0.998696672181402,0.050010467995889485
3.231962395716515,0.40740101584099386,0.19634785339413227,36.27337671921204,0.0693647462946072,0.10894723228173481,0.9991743841519429,0.04981611800030805
3.231962395716515,0.40740101584099386,0.19634785339413227,36.32337529960654,0.07007780583154251,0.11399433336616707,0.9990347330528512,0.050046889002260286
3.2404940573027203,0.4126880005030209,0.23328208297202555,36.373401198726164,0.060406427705773244,0.09053824037384092,0.9995612224506083,0.05004785899654962
3.2404940573027203,0.4126880005030209,0.23328208297202555,36.423247269514,0.06009448493705295,0.09666096393278689,0.999377445774175,0.04987712200090755
3.248824976675284,0.4186247916884704,0.2637515776822412,36.473536268796884,0.04970692676120223,0.07570309446514492,0.9998262999710068,0.05029773600108456
3.248824976675284,0.4186247916884704,0.2637515776822412,36.52322850097872,0.04944960546718839,0.08244731552204133,0.9996700810224876,0.049708632002875675
3.248824976675284,0.4186247916884704,0.2637515776822412,36.57323429097988,0.05429762751125135,0.085279857673847,0.9995835217595856,0.050026625001919456
3.260459233074497,0.4260509986769191,0.2975680793437907,36.62321189373548,0.036348615379087165,0.06241526538214419,0.9999999951620736,0.049977602997387294
3.260459233074497,0.4260509986769191,0.2975680793437907,36.673257988786816,0.03496697481606655,0.07198632209613712,0.9999961646411786,0.050046286996803246
3.260459233074497,0.4260509986769191,0.2975680793437907,36.72325385299568,0.04015647529547764,0.0747456207478804,0.9999601424577877,0.04999785700056236
3.2683236128418174,0.43230616541620864,0.33495371069331703,36.77323215699104,0.029466545538278655,0.05185639762076205,0.9999999999166411,0.04997830399952363
3.2683236128418174,0.43230616541620864,0.33495371069331703,36.82322921992408,0.02705817966976629,0.059219212761411615,0.9999999985723694,0.04999706300441176
3.2778491763499615,0.4386558463872962,0.3656495610734361,36.87322460292068,0.012270437780282322,0.04217556093795329,0.9999999999249874,0.04999538300035056
3.2778491763499615,0.4386558463872962,0.3656495610734361,36.92323972391674,0.010719332065901107,0.05183698342243044,0.9999999999234168,0.050015120999887586
3.2778491763499615,0.4386558463872962,0.3656495610734361,36.973264098912004,0.01624961025408296,0.05431389086015273,0.9999999999186399,0.05002437499933876
3.277388046849121,0.44291166817662736,0.39608711259117785,37.02318446090907,0.02133857800037486,0.033921602876351924,0.9999999999737443,0.049920361998374574
3.277388046849121,0.44291166817662736,0.39608711259117785,37.07324695790687,0.018766915424158016,0.03505822066451392,0.9999999999378287,0.05006249700090848
3.276432730852157,0.44834542925034143,0.4290135125943157,37.12311437489275,0.023578171411735488,0.010298908989829974,0.9999999996923475,0.04986741700122366
3.276432730852157,0.44834542925034143,0.4290135125943157,37.17321580686062,0.01848859138538689,0.011149782731298083,0.9999999994354278,0.05010143199615413
3.276432730852157,0.44834542925034143,0.4290135125943157,37.223211663859466,0.02355940112761115,0.013909440758809554,0.9999999999792838,0.04999585699988529
3.2818446839738233,0.45568980518428776,0.4578050514724306,37.273256940857344,0.01377295562065912,-0.008405559606513685,0.9999999999715935,0.05004527699929895
3.2818446839738233,0.45568980518428776,0.4578050514724306,37.32324523885602,0.00955725224806371,-3.0109183202836967e-05,0.9999999999686014,0.04998829800024396
3.2818446839738233,0.45568980518428776,0.4578050514724306,37.37326661284404,0.015563804228995832,0.002270194970132154,0.999999999730217,0.05002137400151696
3.2932138325667397,0.46526730162609253,0.48390604850458935,37.42326291884197,2.3453692113428737e-11,-0.016238680792309963,0.9999999999740148,0.04999630599922966
3.2932138325667397,0.46526730162609253,0.48390604850458935,37.47320907084186,1.524401478304035e-11,0.0008563378094168864,0.9999999999735733,0.049946152001211885
3.3012111662876187,0.47501719491437666,0.5049738503325572,37.523244282841006,4.102134922690196e-12,-0.016570648842184493,0.9999999999872038,0.050035211999784224
3.3012111662876187,0.47501719491437666,0.5049738503325572,37.57320996084165,3.187026335286927e-12,0.0005934647040803064,0.9999999999894149,0.04996567800117191
3.3012111662876187,0.47501719491437666,0.5049738503325572,37.62326718683984,5.463552984406659e-12,0.0024691167816535686,0.9999999999857825,0.0500572259988985
3.3043329515725435,0.4799251592161887,0.5112750304789246,37.67320100583783,2.7931566128273586e-12,-0.005365485234337197,0.9999999999918974,0.04993381899839733
3.3043329515725435,0.4799251592161887,0.5112750304789246,37.72319774084147,4.327003609672134e-12,0.0018744506017238814,0.9999999999879059,0.04999673500424251
3.3043329515725435,0.4799251592161887,0.5112750304789246,37.774104118836966,1.609374629233576e-11,0.0022524747663135265,0.9999999999643977,0.05090637799730757
3.299510072953721,0.484605168566276,0.5208030021256107,37.823202009834525,9.228814987878749e-11,-0.015293846774536223,0.9999999999090979,0.04909789100202033
3.299510072953721,0.484605168566276,0.5208030021256107,37.87322114683501,1.0341565841194376e-11,-0.019331017449428018,0.9999999999882682,0.05001913700107252
3.299510072953721,0.484605168566276,0.5208030021256107,37.9232087708331,2.9653231249569845e-11,-0.01781890166621281,0.9999999999781287,0.049987623999186326
3.299510072953721,0.484605168566276,0.5208030021256107,37.97320616382711,6.037632068380185e-10,-0.01803987646210577,0.9999999999162474,0.04999739299819339
3.299510072953721,0.484605168566276,0.5208030021256107,38.02323150282499,0.00295216674202935,-0.01777062178853876,0.999999999992947,0.05002533899823902
3.3011523085340615,0.4907508049038138,0.5346932259564933,38.07320955282342,2.617740836462386e-06,-0.034009936868866886,0.9999999999061133,0.04997805000311928
3.3011523085340615,0.4907508049038138,0.5346932259564933,38.123198581821086,2.2962769167103058e-10,-0.028197160695541186,0.9999999999302756,0.04998902900115354
3.299747086825808,0.4962996803785117,0.525424807754435,38.17323861981779,4.7511222267172506e-07,-0.0354027469997182,0.9999999999950181,0.05004003799695056
3.299747086825808,0.4962996803785117,0.525424807754435,38.223271854816005,0.003602306856002032,-0.032489852615569415,0.9999999999961724,0.05003323499840917
3.299747086825808,0.4962996803785117,0.525424807754435,38.27343992081625,0.009576532682606038,-0.03274019115836535,0.9999999999692999,0.05016806600178825
3.303414050930472,0.5044692679639341,0.5104020647328312,38.323246335814844,7.574345822678429e-05,-0.03785043549129847,0.9999999999413463,0.049806415001512505
3.303414050930472,0.5044692679639341,0.5104020647328312,38.37331536181571,0.006614509968798997,-0.027233146651778853,0.9999999999886989,0.05006902600143803
3.303414050930472,0.5044692679639341,0.5104020647328312,38.42331345881178,0.013622809298686558,-0.02809019918350797,0.9999999999609843,0.049998096998024266
3.303905232353865,0.5087040154059406,0.49564209957105737,38.473196494812335,0.013875592734246583,-0.027875995017124743,0.9999999999886139,0.04988303600111976
3.303905232353865,0.5087040154059406,0.49564209957105737,38.52321472781079,0.022121306333503954,-0.02296875876862093,0.9999999999747502,0.05001823299971875
3.303905232353865,0.5087040154059406,0.49564209957105737,38.57320092281011,0.02833716382256847,-0.022919161516344978,0.999999999964187,0.0499861950011109
3.303905232353865,0.5087040154059406,0.49564209957105737,38.623204982803074,0.0338582304480693,-0.020907661932929478,0.9999999999685272,0.050004059994535055
3.303905232353865,0.5087040154059406,0.49564209957105737,38.67321263080313,0.03957800985284508,-0.01910716453568432,0.9999999999597543,0.05000764800206525
3.303905232353865,0.5087040154059406,0.49564209957105737,38.72318283780203,0.04515401892248086,-0.01706013298973805,0.9999999999574302,0.04997020700102439
3.303905232353865,0.5087040154059406,0.49564209957105737,38.77324040379757,0.050707314019786544,-0.014956735185378992,0.9999999999684994,0.050057565997121856
3.303905232353865,0.5087040154059406,0.49564209957105737,38.82323085679615,0.05618382392603959,-0.012377139553156495,0.9999999999586121,0.049990453000646085
3.303905232353865,0.5087040154059406,0.49564209957105737,38.87323723279858,0.06169476878354077,-0.009956561676975534,0.9999999999565184,0.050006376004603226
3.303905232353865,0.5087040154059406,0.49564209957105737,38.9231939477933,0.06706991811270901,-0.007389037281931195,0.9999999999669728,0.049956714996369556
3.3016642681427975,0.5102715299872006,0.43014160579989663,38.97320040078981,0.07409322840914315,0.022464894555413614,0.9999999999543324,0.0500064529987867
3.3016642681427975,0.5102715299872006,0.43014160579989663,39.02321528278777,0.09694375946936754,0.028239018049950007,0.9999999999745961,0.050014881999231875
3.3025484616384597,0.5127430093354495,0.4081288572335338,39.07317353479212,0.09854892819438718,0.03458654216378624,0.9999999999663497,0.049958252006035764
3.3025484616384597,0.5127430093354495,0.4081288572335338,39.12319934479117,0.10874885954017662,0.04152964893180011,0.9999999999793823,0.05002581000007922
3.3025484616384597,0.5127430093354495,0.4081288572335338,39.17320143278833,0.11377940702416849,0.044044440762314695,0.9999999999629556,0.05000208799901884
3.3046592707759523,0.5163336590054997,0.38876537667061845,39.223223854787854,0.11156381316141178,0.0523723441068255,0.9999999999635215,0.05002242200134788
3.3046592707759523,0.5163336590054997,0.38876537667061845,39.273203594783006,0.12024246168252013,0.060357732370389564,0.9999999999616193,0.04997973999707028
3.3046592707759523,0.5163336590054997,0.38876537667061845,39.323244767783976,0.12491315718430838,0.06350776055225593,0.9999999999657793,0.050041173002682626
3.310499297486045,0.518655770161392,0.36752749489933695,39.373193980778154,0.11512935435707623,0.08048620979522203,0.9999999999519201,0.04994921299658017
3.310499297486045,0.518655770161392,0.36752749489933695,39.42319465577703,0.12449576156979089,0.09091721761225625,0.9999999999620406,0.05000067500077421
3.3199384239732845,0.5214773400542424,0.3651020556025924,39.47308990377396,0.10828846124361438,0.09891557676370158,0.9999999999889173,0.04989524799748324
3.3199384239732845,0.5214773400542424,0.3651020556025924,39.523193308775184,0.11310143577082246,0.11038233623923455,0.9999999999640119,0.050103405003028456
3.3199384239732845,0.5214773400542424,0.3651020556025924,39.573265884773626,0.1170831260675333,0.11473991968997585,0.9999999999815169,0.050072575999365654
3.33438992932453,0.5284513958622825,0.3695617676940255,39.62326217677062,0.08941281325731164,0.11546364981335326,0.9999999999341775,0.04999629200028721
3.33438992932453,0.5284513958622825,0.3695617676940255,39.67325434076819,0.09211581346460161,0.12973704940851477,0.9999999999455961,0.04999216400028672
3.33438992932453,0.5284513958622825,0.3695617676940255,39.723277506762784,0.09599557307211223,0.13394491901748476,0.9999999999496083,0.05002316599711776
3.346062429306149,0.5339629583773995,0.38412662127228525,39.7732369527645,0.07478483086391287,0.13107496893569914,0.9999999999295973,0.049959446005232166
3.346062429306149,0.5339629583773995,0.38412662127228525,39.82321372775537,0.07536636214270581,0.142375513437932,0.9999999999492425,0.0499767749934108
3.358958908709972,0.5410754736872297,0.41156048431292314,39.873072936753374,0.05236304923597981,0.13196132970494315,0.9999999999455494,0.049859209000715055
3.358958908709972,0.5410754736872297,0.41156048431292314,39.92323581975352,0.05024234143029486,0.14383972251960098,0.9999999999533368,0.050162883002485614
3.358958908709972,0.5410754736872297,0.41156048431292314,39.97320118975299,0.053905405092782785,0.148234070984786,0.999999999937214,0.04996537000261014
3.3740854330184797,0.5486468348421811,0.44430731396850126,40.02322023575188,0.02564656185104582,0.13784654497104037,0.9999999999643214,0.05001904600067064
3.3740854330184797,0.5486468348421811,0.44430731396850126,40.07319684374401,0.022917104202437803,0.150487359638987,0.9999999999298935,0.04997660799563164
3.3740854330184797,0.5486468348421811,0.44430731396850126,40.12326700073959,0.026553058089404797,0.1546047005310517,0.9999999999493273,0.050070156998117454
3.3823975364426477,0.5542869690370344,0.48070774395297916,40.17320701874248,0.012905617163450614,0.1413976229173722,0.9999999999549636,0.04994001800514525
3.3823975364426477,0.5542869690370344,0.48070774395297916,40.22319960373391,0.009742757416297874,0.1489791795672378,0.9999999999391292,0.049992584994470235
3.389971473822258,0.5601391141579893,0.5210854457157327,40.27322274673537,2.1226278547337163e-10,0.1345731920407658,0.9999999999274373,0.0500231430050917
3.389971473822258,0.5601391141579893,0.5210854457157327,40.323196684727804,5.356140402634547e-11,0.14184744407841768,0.9999999999351601,0.04997393799567362
3.389971473822258,0.5601391141579893,0.5210854457157327,40.373207084728286,8.285218912848427e-11,0.14587681733214156,0.9999999999682495,0.05001040000206558
3.3927075130637117,0.5645745132143258,0.5541615531445696,40.42323260172318,7.54367125476948e-11,0.13145297025974256,0.9999999999525926,0.050025516997266095
3.3927075130637117,0.5645745132143258,0.5541615531445696,40.473227224724404,6.557574662054315e-11,0.13582623511120032,0.9999999999294762,0.04999462300474988
3.399686383846793,0.5709728999011384,0.5883190357218544,40.523184522719774,1.4183770142585143e-11,0.12348153835072634,0.9999999999668111,0.04995729799702531
3.399686383846793,0.5709728999011384,0.5883190357218544,40.57337027372029,1.3186506412688713e-11,0.13072642847541313,0.9999999999590619,0.05018575100257294
3.399686383846793,0.5709728999011384,0.5883190357218544,40.62320188471972,1.9034819183712388e-11,0.13391618581421746,0.9999999999393585,0.04983161100244615
3.402597971093817,0.5787869252073746,0.6265603657461557,40.67321492871745,1.4332026921860569e-13,0.11290555143593542,0.9999999999996089,0.05001304399775108
3.402597971093817,0.5787869252073746,0.6265603657461557,40.723324828713075,7.02435948120407e-13,0.11819544203035226,0.9999999999978244,0.05010989999573212
3.4085845188670607,0.586575630631914,0.6603188224286476,40.77313824171575,1.580497195457013e-12,0.10352925055807072,0.9999999999935334,0.04981341300299391
3.4085845188670607,0.586575630631914,0.6603188224286476,40.823331814714564,6.768610743150971e-13,0.1094123187857585,0.9999999999967145,0.0501935729989782
3.4085845188670607,0.586575630631914,0.6603188224286476,40.87319349271639,2.270981037627302e-12,0.11198703470741843,0.9999999999896515,0.04986167800234398
3.4113247092433046,0.5931317165356601,0.6920897901938381,40.923279491714986,1.081582461538916e-12,0.09551915267920294,0.9999999999951736,0.05008599899883848
3.4113247092433046,0.5931317165356601,0.6920897901938381,40.97319766971798,1.0929906089049359e-12,0.09987436181134689,0.9999999999942978,0.049918178003281355
3.4113247092433046,0.5931317165356601,0.6920897901938381,41.023235459712204,5.1896771451800635e-12,0.10238701761367058,0.9999999999792908,0.05003778999525821
3.4145233498689853,0.6001049757623809,0.7304319379996851,41.073276034710915,1.4758211093142014e-12,0.08252930824193658,0.9999999999941162,0.050040574999002274
3.4145233498689853,0.6001049757623809,0.7304319379996851,41.12323199271622,1.8419544940758464e-12,0.08695665859131949,0.9999999999912695,0.049955958005739376
3.4145233498689853,0.6001049757623809,0.7304319379996851,41.17320149671401,9.73383350069917e-13,0.08929747031731815,0.9999999999957216,0.04996950399799971
3.4213284625783644,0.609710262759674,0.7615777576301461,41.22319860570943,1.181892396433213e-12,0.07408474976733773,0.999999999993653,0.049997108995739836
3.4213284625783644,0.609710262759674,0.7615777576301461,41.273288350712576,2.1445406359743716e-12,0.08080727869804175,0.9999999999871714,0.050089745003788266
3.4235952180993836,0.6152376213896613,0.7934985951080857,41.32319545071337,2.1923027683087452e-12,0.06476410978096869,0.9999999999900664,0.04990710000129184
3.4235952180993836,0.6152376213896613,0.7934985951080857,41.37322069970741,2.412267397753001e-12,0.06832347544561812,0.9999999999879184,0.050025248994643334
3.4235952180993836,0.6152376213896613,0.7934985951080857,41.42320217470735,6.649120542320356e-13,0.0703903216096167,0.9999999999969127,0.04998147500009509
3.421347808372689,0.6189376884577886,0.8177579316955886,41.4732022247099,4.144094579642094e-12,0.05235852498701696,0.9999999999852769,0.05000005000329111
3.421347808372689,0.6189376884577886,0.8177579316955886,41.52321860870605,4.312448923748328e-12,0.05398550069021115,0.9999999999832051,0.050016383996990044
3.4240373731046203,0.6253382593773613,0.8452103450728154,41.573195575711495,2.5530250062263266e-12,0.03800919821438532,0.9999999999901991,0.04997696700593224
3.4240373731046203,0.6253382593773613,0.8452103450728154,41.6233061797059,5.434120669929438e-12,0.04280171438654257,0.9999999999768505,0.050110603995563
3.4240373731046203,0.6253382593773613,0.8452103450728154,41.67322304670432,6.864268805853536e-12,0.044160688731636415,0.9999999999801967,0.04991686699941056
3.42677685724195,0.632303641909969,0.872494373629155,41.723390506705265,6.307152471417868e-12,0.026221562837376446,0.9999999999822753,0.05016746000183048
3.42677685724195,0.632303641909969,0.872494373629155,41.77322330870049,9.825860974238586e-12,0.031528833307944135,0.9999999999708716,0.04983280199667206
3.4299882787733957,0.6406495244985616,0.8984754135767158,41.823232538704694,1.365107798759078e-11,0.013899465222956355,0.9999999999590731,0.05000923000625335
3.4299882787733957,0.6406495244985616,0.8984754135767158,41.87320553169841,3.674087219792032e-12,0.020583036061835067,0.9999999999883867,0.04997299299429869
3.4299882787733957,0.6406495244985616,0.8984754135767158,41.92320832470042,6.811251798252784e-12,0.021726544092859193,0.9999999999814981,0.05000279300293187
3.431487586927746,0.647274163990846,0.9229834904669801,41.97320759969746,2.630085453062217e-12,0.002951999204923776,0.9999999999930985,0.049999274997389875
3.431487586927746,0.647274163990846,0.9229834904669801,42.023279727696824,3.4739152125053736e-11,0.007743617703520869,0.9999999999053364,0.05007212800410343
3.431487586927746,0.647274163990846,0.9229834904669801,42.073254079694046,4.0550647439861055e-12,0.008911778599864514,0.9999999999912401,0.04997435199766187
3.4358023293405116,0.6582798901995651,0.9530646755094219,42.123192251690824,2.5543349487660728e-11,-0.01392996826521661,0.9999999999332364,0.04993817200011108
3.4358023293405116,0.6582798901995651,0.9530646755094219,42.173248552685926,2.8084143374879257e-11,-0.004255016680762723,0.9999999999195427,0.050056300999131054
3.4382151093080955,0.6694579778526725,0.9790226125861214,42.223225973689516,1.7954742979220782e-12,-0.027011561049492427,0.9999999999945484,0.04997742100385949
3.4382151093080955,0.6694579778526725,0.9790226125861214,42.2732050836875,1.8272089453250307e-11,-0.01744384117797802,0.9999999999395731,0.0499791100010043
3.4382151093080955,0.6694579778526725,0.9790226125861214,42.323297397685785,4.347728820184775e-12,-0.01678087854800612,0.9999999999876843,0.05009231399890268
3.443118623088959,0.6797755434365809,0.999148051705696,42.373183546680806,1.6615606035372434e-11,-0.031186863793381852,0.9999999999452155,0.04988614899775712
3.443118623088959,0.6797755434365809,0.999148051705696,42.42327972467577,1.836941749416824e-11,-0.020515007677757068,0.999999999938302,0.0500961779980571
3.443543645178459,0.685403851179422,1.0014412664734047,42.473124388677775,1.8338903763129405e-11,-0.027697732202751856,0.9999999999414722,0.04984466400492238
3.443543645178459,0.685403851179422,1.0014412664734047,42.5232158266702,2.1365625533991583e-11,-0.023154536839659692,0.9999999999400003,0.05009143799543381
3.443543645178459,0.685403851179422,1.0014412664734047,42.573257153665224,3.0133114999888245e-11,-0.02375914404144055,0.9999999999340394,0.05004132699832553
3.443543645178459,0.685403851179422,1.0014412664734047,42.62320103766691,4.523010604170973e-11,-0.02424449954161833,0.9999999999298796,0.04994388400518801
3.443543645178459,0.685403851179422,1.0014412664734047,42.673246109662415,1.0544495445506383e-10,-0.02422818603510945,0.9999999999263504,0.05004507199919317
3.443543645178459,0.685403851179422,1.0014412664734047,42.72325416565964,0.002877055273067069,-0.02419812463357269,0.9999999999167096,0.05000805600138847
3.443868874508478,0.6904470779103197,0.9699884273992363,42.77323519165599,0.003558129739336401,-0.013085184695439601,0.9999999999119535,0.04998102600075072
3.443868874508478,0.6904470779103197,0.9699884273992363,42.82323532465259,0.019543605528010356,-0.007928498237943265,0.9999999999292192,0.05000013300013961
3.443868874508478,0.6904470779103197,0.9699884273992363,42.873287482645146,0.02950612573229757,-0.007921503680982801,0.9999999999290482,0.05005215799610596
3.443868874508478,0.6904470779103197,0.9699884273992363,42.92319815064138,0.03841985507847996,-0.006323940383938141,0.999999999925796,0.049910667999938596
3.443868874508478,0.6904470779103197,0.9699884273992363,42.97322239563723,0.04744471036793266,-0.004455300221268852,0.9999999999208447,0.05002424499980407
3.4431315831379936,0.6929262382421568,0.9598272596637049,43.02321544763486,0.05322492036580721,-0.001997527575709388,0.999999999916489,0.0499930520018097
3.4431315831379936,0.6929262382421568,0.9598272596637049,43.07322273962747,0.06370512488161445,0.001566473319530208,0.9999999999174187,0.05000729199673515
3.4431315831379936,0.6929262382421568,0.9598272596637049,43.12321847662785,0.07272407294674049,0.00343524671056928,0.9999999999117141,0.04999573700479232
3.444716565960888,0.6955670449100048,0.9521128100452128,43.173217183623365,0.07531178537372801,0.010125523135081464,0.9999999999151047,0.049998706999758724
3.444716565960888,0.6955670449100048,0.9521128100452128,43.223261170620226,0.08576076117857313,0.014859035082286835,0.9999999999149249,0.050043987001117785
3.446651120737371,0.6992182416671222,0.9385758482101522,43.273206628612954,0.0834415171080434,0.02443075668887149,0.9999999998834528,0.04994545799854677
3.446651120737371,0.6992182416671222,0.9385758482101522,43.323432808606675,0.09339526369963512,0.030097803647190315,0.9999999998889096,0.05022617999929935
3.446651120737371,0.6992182416671222,0.9385758482101522,43.37320132460198,0.10072585743527726,0.032760513720599106,0.9999999998901616,0.049768516000767704
3.447891272800073,0.7013043436927798,0.9244501108161383,43.42320397559248,0.10249692824632796,0.04456935725728916,0.9999999998486554,0.05000265099806711
3.447891272800073,0.7013043436927798,0.9244501108161383,43.47327261858666,0.1121566887086133,0.049606332492187453,0.9999999998377606,0.05006864300230518
3.4525707613499135,0.7086372225520716,0.9249730800761142,43.52319929657424,0.10197070824317962,0.05099732728222028,0.999999999846406,0.04992667799524497
3.4525707613499135,0.7086372225520716,0.9249730800761142,43.573221269567846,0.1086855853190249,0.0586112995895145,0.9999999998320909,0.050021973002003506
3.4525707613499135,0.7086372225520716,0.9249730800761142,43.623200345554864,0.1155970339527643,0.062208070988124683,0.9999999997311033,0.04997907600045437
3.4585052451940435,0.7166346402543731,0.9242487399533141,43.67322289753785,0.10229703191248134,0.06697795960565113,0.9999999996422123,0.05002255200088257
3.4585052451940435,0.7166346402543731,0.9242487399533141,43.72322427047208,0.10921821003961535,0.0749222852149157,0.9999999987258524,0.05000137299794005
3.4585052451940435,0.7166346402543731,0.9242487399533141,43.77322043241492,0.11591232521830173,0.07862874316333242,0.9999999789039014,0.04999616299755871
3.4690577447788997,0.7309850462138303,0.9263229933645174,43.82335684428288,0.08680465052475553,0.08209078281653634,0.9999999972388579,0.0501364120063954
3.4690577447788997,0.7309850462138303,0.9263229933645174,43.8732113160022,0.09317448884790795,0.09252913666202597,0.9999999743143019,0.04985447299986845
3.477634607041057,0.7425915061972125,0.9444821425951794,43.92320001897838,0.07177955312315261,0.08627538537566565,0.9999999996316351,0.04998870299459668
3.477634607041057,0.7425915061972125,0.9444821425951794,43.973217741588606,0.0756412022648424,0.09515640686483626,0.9999999920870029,0.0500177230060217
3.477634607041057,0.7425915061972125,0.9444821425951794,44.02325661423574,0.08212559223167264,0.09892018379694377,0.9999998331525032,0.050038880995998625
3.482358508393646,0.7516762636347092,0.9688072771937247,44.073201470221,0.07021600367738308,0.08530553202373034,0.9999999996975905,0.04994485600036569
3.482358508393646,0.7516762636347092,0.9688072771937247,44.12374446489998,0.07296937669722345,0.0920844182822259,0.9999999936687503,0.05054299499897752
3.485219479586056,0.7567077089577159,0.9972667999632059,44.173262764890296,0.06972820232759235,0.07862147244830588,0.9999999997622742,0.049518300002091564
3.485219479586056,0.7567077089577159,0.9972667999632059,44.22321303273733,0.07200618016572875,0.08334583002242046,0.9999999970200151,0.049950267995882314
3.485219479586056,0.7567077089577159,0.9972667999632059,44.27323908101609,0.07849338393119791,0.08706539723159411,0.9999999654968574,0.05002605000481708
3.485219479586056,0.7567077089577159,0.9972667999632059,44.32319598717363,0.08493538174272139,0.09050205767332203,0.9999995227212733,0.049956930000917055
3.488268348140979,0.7627153001590592,1.0285269836990825,44.37320552811811,0.07994333206682773,0.07397690276391343,0.9999999989852437,0.05000954099523369
3.488268348140979,0.7627153001590592,1.0285269836990825,44.423199577842624,0.08200249398506548,0.07900687028495697,0.9999999345033768,0.04999405299895443
3.491357110827,0.7712489157580837,1.0660808694402188,44.47323732784084,0.07325721769008839,0.0560141710079797,0.9999999998326161,0.05003775000659516
3.491357110827,0.7712489157580837,1.0660808694402188,44.523205365799825,0.0739735261003591,0.061883373400082334,0.9999999992911147,0.04996803799440386
3.4955870028052685,0.7832101762094275,1.1015584125448972,44.57348420879562,0.057758029581913124,0.039494096819754146,0.9999999998733186,0.05027884300216101
3.4955870028052685,0.7832101762094275,1.1015584125448972,44.62318860678558,0.058465757883288026,0.04739486807851144,0.9999999998091039,0.0497043979994487
3.4955870028052685,0.7832101762094275,1.1015584125448972,44.67323807977456,0.06543247741932467,0.05028315814095447,0.9999999997719069,0.0500494730003993
3.4996617417711278,0.7965882671400297,1.128456009106924,44.72325056476882,0.046181946909757826,0.031576497283287576,0.9999999998754776,0.0500124850004795
3.4996617417711278,0.7965882671400297,1.128456009106924,44.77320341975996,0.04810722161460552,0.040115367362354125,0.9999999998427566,0.049952854998991825
3.4996617417711278,0.7965882671400297,1.128456009106924,44.823279774751626,0.0552136334531321,0.0426114601901682,0.9999999998179069,0.050076355000783224
3.5040746870220647,0.8112544086598482,1.1551783938608762,44.87321212874454,0.03304089633745807,0.024614502957997816,0.9999999998804677,0.04993235399888363
3.5040746870220647,0.8112544086598482,1.1551783938608762,44.923835332735926,0.034935149418952,0.03397416343108117,0.9999999998528262,0.05062320399883902
3.504731089724728,0.8198451522506003,1.1863109666692373,44.973199124731494,0.02725614874248113,0.012660310601504417,0.9999999998938578,0.049363792000804096
3.504731089724728,0.8198451522506003,1.1863109666692373,45.02335621072474,0.027781336091579255,0.01823103671390615,0.9999999998718743,0.050157085999671835
3.505249936858575,0.8282340932604034,1.2175188087668796,45.07314705472119,0.01992852621099642,-0.0027284193404699987,0.9999999999063213,0.04979084400110878
3.505249936858575,0.8282340932604034,1.2175188087668796,45.12320568371535,0.020179567845195874,0.0028302070097117552,0.9999999998837652,0.05005862899997737
3.505249936858575,0.8282340932604034,1.2175188087668796,45.17321075471284,0.02756950011597274,0.004718996743071089,0.9999999998819356,0.05000507100339746
3.505249936858575,0.8282340932604034,1.2175188087668796,45.223198900704965,0.03469109408522031,0.006047784452962245,0.9999999998782169,0.04998814599821344
3.5063291428311714,0.8372544296417663,1.2435594048728122,45.273257367701405,0.024616218948396412,-0.012121169656191866,0.999999999913209,0.05005846700078109
3.5063291428311714,0.8372544296417663,1.2435594048728122,45.32319439769126,0.02605334630947149,-0.006037144233404449,0.99999999989878,0.04993702999490779
3.5084355945908534,0.8498734169406925,1.262408451071624,45.37335476868722,0.008410284619874368,-0.01975756092811672,0.999999999920524,0.05016037099994719
3.5084355945908534,0.8498734169406925,1.262408451071624,45.42320696968506,0.011138008885987375,-0.011109481293709813,0.9999999999151387,0.049852201002067886
3.5084355945908534,0.8498734169406925,1.262408451071624,45.47325390468139,0.018775287517776712,-0.0100101725659622,0.9999999999093988,0.05004693500086432
3.510671456467635,0.8674272784721297,1.2706285404252453,45.523534966681595,3.362135223006213e-11,-0.021006250407349533,0.9999999999665421,0.05028106200188631
3.510671456467635,0.8674272784721297,1.2706285404252453,45.57320861267588,1.177856990329772e-10,-0.009025467021876859,0.9999999999403364,0.04967364599724533
3.512988306160999,0.8796028431883619,1.2803835075886276,45.62329244967239,2.2925776051505625e-11,-0.016785600737181085,0.9999999999510467,0.050083836998965126
3.512988306160999,0.8796028431883619,1.2803835075886276,45.673200234673494,2.8116658630451548e-11,-0.0074571660786306865,0.9999999999499825,0.04990778500359738
3.512988306160999,0.8796028431883619,1.2803835075886276,45.72325536467011,5.264370656711197e-11,-0.007221600108591045,0.9999999999475514,0.05005512999923667
3.513492659746853,0.888693994515413,1.2680564124492095,45.77321045766407,2.2184683305706842e-11,-0.005459795910823854,0.9999999999543941,0.049955092996242456
3.513492659746853,0.888693994515413,1.2680564124492095,45.823198323667846,1.9851816463012127e-11,0.0010141088128907743,0.9999999999792994,0.04998786600481253
3.5129863222713142,0.8898716652029469,1.2529464526920917,45.87319137966235,7.351755585501983e-11,0.006392056701718976,0.9999999999639596,0.04999305599631043
3.5129863222713142,0.8898716652029469,1.2529464526920917,45.92320994366486,0.005556369272214134,0.007860026454117215,0.9999999999530356,0.05001856400485849
3.5129863222713142,0.8898716652029469,1.2529464526920917,45.97320984266004,0.012686121349696728,0.008215625807331407,0.9999999999422964,0.04999989899806678
3.5129863222713142,0.8898716652029469,1.2529464526920917,46.02320378966035,0.019760950741713055,0.009272942858631731,0.9999999999501052,0.04999394700280391
3.5129863222713142,0.8898716652029469,1.2529464526920917,46.073249974653365,0.026855283033617644,0.010422830777131926,0.999999999957283,0.05004618499515345
3.5129863222713142,0.8898716652029469,1.2529464526920917,46.12320480665297,0.03396755308734048,0.011779464294266332,0.9999999999848257,0.04995483200036688
3.510051725515979,0.8868178681189015,1.2407568460318679,46.17325271265092,0.04871178897039802,0.015581052082334592,0.9999999999743399,0.05004790599923581
3.510051725515979,0.8868178681189015,1.2407568460318679,46.22319620265315,0.05756089813976304,0.01579299635539903,0.9999999999483058,0.049943490004807245
3.510051725515979,0.8868178681189015,1.2407568460318679,46.27318263364575,0.06455300782411587,0.017303811556288046,0.9999999999160915,0.049986430996796116
3.510051725515979,0.8868178681189015,1.2407568460318679,46.32333627764131,0.07154583792330471,0.019169732174214745,0.999999999935712,0.05015364399878308
3.510051725515979,0.8868178681189015,1.2407568460318679,46.373189959640754,0.07853804708192105,0.021160612323139563,0.9999999999605231,0.04985368200141238
3.510051725515979,0.8868178681189015,1.2407568460318679,46.42322979363926,0.08546804026856919,0.023228406607928805,0.9999999999515553,0.05003983400092693
3.510051725515979,0.8868178681189015,1.2407568460318679,46.473200465638214,0.09253365718816085,0.025578923257714707,0.9999999999751296,0.049970672000199556
3.5111724223697007,0.8950877284802792,1.2781708973319528,46.52323526963642,0.08427208782633404,-0.0014344983177587804,0.9999999999550151,0.05003480400046101
3.5111724223697007,0.8950877284802792,1.2781708973319528,46.57320052063249,0.08456711976093088,0.003476597176167647,0.999999999980392,0.049965250997047406
3.5111724223697007,0.8950877284802792,1.2781708973319528,46.62322175463589,0.09179618901129515,0.005765500640107716,0.9999999999716949,0.050021234004816506
3.508906917200521,0.8963441154768609,1.292556962267529,46.67321642363049,0.09824475731497764,-0.009043144968634096,0.9999999999704524,0.04999466899607796
3.508906917200521,0.8963441154768609,1.292556962267529,46.723197240627876,0.10236297085197697,-0.007409239379600224,0.9999999999702889,0.04998081699886825
3.507181017264181,0.8999817468133983,1.3126363022695917,46.77310907563008,0.10414412934823847,-0.027001742699222852,0.9999999999373649,0.04991183500533225
3.507181017264181,0.8999817468133983,1.3126363022695917,46.823221740625684,0.1071996443536503,-0.024625647651716025,0.99999999995474,0.050112664997868706
3.507181017264181,0.8999817468133983,1.3126363022695917,46.87333001662566,0.11477141315116313,-0.022855836156574213,0.9999999999597534,0.050108276001992635
3.505900100910996,0.9038862200925966,1.335111737530766,46.923211938615516,0.11546065585033999,-0.04446598743033045,0.9999999999209416,0.04988192199380137
3.505900100910996,0.9038862200925966,1.335111737530766,46.973253203611954,0.11801182308875,-0.04195990785410488,0.9999999999309451,0.0500412649998907
3.505900100910996,0.9038862200925966,1.335111737530766,47.02320904761505,0.1256759477437191,-0.04032523528275529,0.9999999999411362,0.04995584400603548
3.505487319904343,0.9138366620479099,1.359490398128011,47.0732020196068,0.11445970393732864,-0.06609155572002445,0.9999999999275838,0.049992971995379776
3.505487319904343,0.9138366620479099,1.359490398128011,47.123494517605074,0.1167511300607338,-0.06064390932051911,0.9999999999095716,0.05029249800281832
3.505487319904343,0.9138366620479099,1.359490398128011,47.17507074759886,0.12522601190529134,-0.05940799723631485,0.9999999999120475,0.05157622999831801
3.506502210632519,0.928585338341792,1.365585204242894,47.22332101759818,0.10414662322085397,-0.06995948834838818,0.9999999999168145,0.04825027000333648
3.506502210632519,0.928585338341792,1.365585204242894,47.27324566259187,0.11017735917719183,-0.06234517405630475,0.9999999999116381,0.04992464499810012
3.506748453276994,0.9465179663908292,1.3542126667885062,47.32366770158749,0.0833124602804792,-0.0633563244019771,0.9999999999253076,0.05042203899938613
3.506748453276994,0.9465179663908292,1.3542126667885062,47.37322351258172,0.09301953391996501,-0.054305304796234424,0.9999999999270496,0.049555810997844674
3.5067306392321234,0.9560679579645049,1.3361292846662138,47.423114092584,0.08532368668031566,-0.04674124636262058,0.999999999945352,0.04989058000501245
3.5067306392321234,0.9560679579645049,1.3361292846662138,47.47320029257834,0.09800871990205985,-0.0413588945437683,0.9999999999435333,0.05008619999716757
3.5067306392321234,0.9560679579645049,1.3361292846662138,47.52329782157388,0.10767819018860342,-0.04070977132219594,0.9999999999534945,0.0500975289978669
3.507143268267807,0.9655409893037259,1.311808556676825,47.57318468657408,0.09870675431986548,-0.026347577239092514,0.9999999999456013,0.04988686500291806
3.507143268267807,0.9655409893037259,1.311808556676825,47.623310916573864,0.11236560682632359,-0.021014603473601567,0.9999999999515925,0.050126230002206285
3.507143268267807,0.9655409893037259,1.311808556676825,47.673219231568616,0.12184942699211433,-0.019819580975837185,0.9999999999167944,0.049908314998901915
3.507567303024463,0.9700457200686929,1.282320967559166,47.723238700561765,0.12218003669152847,0.0027509667661941017,0.9999999999481706,0.0500194689957425
3.507567303024463,0.9700457200686929,1.282320967559166,47.77321371255909,0.13618179843116668,0.00688055390669635,0.9999999999508922,0.04997501199977705
3.5073738621865442,0.973866884843323,1.2484426416930678,47.82323795954644,0.13765053114738232,0.03224883774216384,0.9999999997332534,0.05002424700069241
3.5073738621865442,0.973866884843323,1.2484426416930678,47.87322263451912,0.1513556267226714,0.036724019853495694,0.9999999994007449,0.049984675002633594
3.5073738621865442,0.973866884843323,1.2484426416930678,47.923415018981785,0.16025630495634402,0.03950422494115083,0.9999999295217484,0.050192388000141364
3.5078095697423795,0.9780218868690009,1.2167333328957914,47.97323438015675,0.15996755207746968,0.06659158412649104,0.9999176728337164,0.049823462999484036
3.5078095697423795,0.9780218868690009,1.2167333328957914,48.02325528348615,0.17210420633151952,0.07146446757351223,0.9998249105020135,0.050029662997985724
3.5078095697423795,0.9780218868690009,1.2167333328957914,48.07603876937929,0.18066391928365805,0.07511166687313739,0.9996244344941763,0.052803316997596994
3.5099847119032805,0.9818263964046571,1.182815349887434,48.12403308545741,0.178866905708344,0.11104782697193585,0.9990428884144252,0.048040296002000105
3.5099847119032805,0.9818263964046571,1.182815349887434,48.17317160010948,0.18914311123077107,0.11590702422713581,0.9988882540389787,0.04919320499902824
3.513526079390551,0.9887661258004571,1.1758787656382519,48.222987086771575,0.18076560341164088,0.12925137837252407,0.9986740540249193,0.04988162700465182
3.513526079390551,0.9887661258004571,1.1758787656382519,48.27293255019743,0.1890856986105047,0.13403026792270376,0.9984729957868718,0.05002184699696954
3.513526079390551,0.9887661258004571,1.1758787656382519,48.32282276675338,0.19713299297626544,0.1387857186027353,0.9982699841195534,0.04997667700081365
3.516802128194631,0.9970908976418091,1.1822677515304263,48.372808023084,0.18774036028795743,0.13869428301638204,0.9983023321458391,0.05007025899976725
3.516802128194631,0.9970908976418091,1.1822677515304263,48.42265555258256,0.1955294955815796,0.14328738452428275,0.9981004416043399,0.04994239799998468
3.5184767790369156,1.0028193644067807,1.1963658112918172,48.472633293274775,0.19310174738951766,0.13465330852896734,0.9982158669577157,0.05006706700078212
3.5184767790369156,1.0028193644067807,1.1963658112918172,48.52247030270384,0.20083280294883452,0.13910050585778588,0.9980232872100797,0.04993571800150676
3.5184767790369156,1.0028193644067807,1.1963658112918172,48.572533244456224,0.20896401705043435,0.14381412415031983,0.9978363561191215,0.050171495000540745
3.523735977166011,1.014615610359,1.2175744247870306,48.622281325315086,0.19278855090623853,0.13291027566113495,0.9980677238189396,0.049844393994135316
3.523735977166011,1.014615610359,1.2175744247870306,48.67224181805654,0.20037681883110714,0.13709539062943923,0.9978856207008927,0.05006635199970333
3.523735977166011,1.014615610359,1.2175744247870306,48.722062645491754,0.20865019293297551,0.14162909875419982,0.9977099997856181,0.049935179005842656
3.529250261799243,1.0289890184150914,1.240628531711178,48.77195134474905,0.18780759024693458,0.1278810263684202,0.9980325554780148,0.049987045997113455
3.529250261799243,1.0289890184150914,1.240628531711178,48.82190862502736,0.19565631475148013,0.13177320839596257,0.9978605408413361,0.05006439099815907
3.5348095447557086,1.0481042328007484,1.2741267711702704,48.871767136810284,0.16707227026649496,0.10580809442701394,0.9984322139841303,0.04993680200277595
3.5348095447557086,1.0481042328007484,1.2741267711702704,48.92171293192709,0.17473441438511525,0.10995849844940128,0.9982522043363714,0.050033243001962546
3.5348095447557086,1.0481042328007484,1.2741267711702704,48.971583745112106,0.18334534641816128,0.11368850381458287,0.9980973654161607,0.049965879996307194
3.5377377099615703,1.0627392124301178,1.3106302857808392,49.0215048159795,0.16513312563778698,0.08260433944330278,0.9986216410001447,0.04998997499933466
3.5377377099615703,1.0627392124301178,1.3106302857808392,49.07188706357173,0.1727198590536135,0.08639209490378291,0.9984468994887653,0.0504606180038536
3.5377377099615703,1.0627392124301178,1.3106302857808392,49.121445562186004,0.18164357490771033,0.08961168521627778,0.9983015389902343,0.04964281499997014
3.5410692086134428,1.0819574508040182,1.3578467864025408,49.171435188524974,0.1546107800068815,0.047768071700995535,0.9989855662900857,0.050040388996421825
3.5410692086134428,1.0819574508040182,1.3578467864025408,49.22123690604425,0.1612158285064459,0.052459855284944165,0.9987741677331542,0.04986284099868499
3.5430111089415086,1.097284838568595,1.4017357316505052,49.27152618504753,0.14133887704569847,0.014460043011961715,0.9992846338621312,0.050325280004472006
3.5430111089415086,1.097284838568595,1.4017357316505052,49.32115397882821,0.14745897787000745,0.018635793411682932,0.9990560137588316,0.04967468600079883
3.5430111089415086,1.097284838568595,1.4017357316505052,49.372571201369276,0.15673364064127837,0.020281691747450783,0.998933879516597,0.051472097999067046
3.541161428260707,1.1064164674081232,1.4449388783685169,49.42106168850877,0.1500908976028537,-0.024425256715131353,0.99933287399163,0.04852285800006939
3.541161428260707,1.1064164674081232,1.4449388783685169,49.47103068309486,0.15458524574410973,-0.021968754946527145,0.9990829643299233,0.05001485999673605
3.5395027569057658,1.11040724741309,1.4722213070676042,49.521339662035466,0.15650093964075568,-0.05064170013718025,0.9992223731197069,0.05034813100064639
3.5395027569057658,1.11040724741309,1.4722213070676042,49.5709495153051,0.1624781460538588,-0.04958553131585994,0.9990027918391036,0.049659374002658296
3.5395027569057658,1.11040724741309,1.4722213070676042,49.62091137464348,0.17197180004980556,-0.049125143677988266,0.9988939069074327,0.05001718299899949
3.537812300618356,1.1183398115780547,1.5095184282564134,49.67088263035983,0.1652626945869067,-0.08965432173506649,0.9991413382300072,0.05001420099870302
3.537812300618356,1.1183398115780547,1.5095184282564134,49.721162024136106,0.1688268386174515,-0.08736669900957217,0.9988473142357273,0.050337417000264395
3.537812300618356,1.1183398115780547,1.5095184282564134,49.77075685265551,0.1785773674921588,-0.08739848033742086,0.9987387900385264,0.04965745699882973
3.5336635228008433,1.1249028787469222,1.5443333559445034,49.820658077278026,0.17349695006803428,-0.13376699768019867,0.9989429605705569,0.04995402799977455
3.5336635228008433,1.1249028787469222,1.5443333559445034,49.870615791070044,0.17542951729095205,-0.1319428162289642,0.9986375407156811,0.050025872005790006
3.529905780807445,1.137148326209202,1.5526092147523731,49.92057142520649,0.15931846662629134,-0.15400106061566843,0.9988437541515585,0.05001346199424006
3.529905780807445,1.137148326209202,1.5526092147523731,49.97051089014617,0.1656662198957841,-0.14961902397643856,0.9987239222232648,0.05000327300513163
3.529905780807445,1.137148326209202,1.5526092147523731,50.02049753426755,0.1755396844542026,-0.150904168008862,0.9986143146526124,0.05005600599542959
3.526393625823628,1.1487169493740912,1.5389138909273428,50.07044057583504,0.16189962666204996,-0.1526221230379777,0.9987637714102734,0.05000485900382046
3.526393625823628,1.1487169493740912,1.5389138909273428,50.12029431296972,0.17295721428770017,-0.14888609049386672,0.9988136774076457,0.04991294999490492
3.5251345104092,1.1645437296531942,1.517190086711186,50.17095472825275,0.15199214221609497,-0.13812513481332775,0.9989979001603199,0.05071123300149338
3.5251345104092,1.1645437296531942,1.517190086711186,50.220238660619074,0.1652734345800395,-0.13261265165332464,0.9990905587906176,0.049328794004395604
3.5251345104092,1.1645437296531942,1.517190086711186,50.27022583453952,0.17500746350636942,-0.13402910307207633,0.9989773227625244,0.050038346998917405
3.524025109095008,1.1837341116847167,1.4813314518559044,50.320202216204706,0.1479213298350759,-0.11092723408976234,0.9991926439455409,0.050016763001622166
3.524025109095008,1.1837341116847167,1.4813314518559044,50.37011773474295,0.16348061009758652,-0.10469231230425954,0.9993727840519832,0.04994684599660104
3.524025109095008,1.1837341116847167,1.4813314518559044,50.42103426748286,0.1732711017447493,-0.10565401100704541,0.9992520552036687,0.05095464400073979
3.523542031009151,1.2023411256028254,1.4458780604990757,50.47036035911562,0.14723561906986748,-0.08212724787565642,0.9994247863990185,0.04935448100150097
3.523542031009151,1.2023411256028254,1.4458780604990757,50.52024853524689,0.162239934730887,-0.07614804356792974,0.999570446236159,0.04990961499424884
3.5245219331207465,1.2168746257113208,1.4087135783413758,50.57015682366459,0.14377278857277045,-0.047339840569352795,0.9995800341194926,0.049929257002077065
3.5245219331207465,1.2168746257113208,1.4087135783413758,50.62023455248564,0.15878321078162963,-0.04240912990457603,0.9996760850130596,0.05009395500383107
3.5245219331207465,1.2168746257113208,1.4087135783413758,50.669918237485284,0.16837357093579206,-0.041863717556739725,0.999543539484423,0.049706373996741604
3.5242400218907313,1.218261710185016,1.3705391986318216,50.71993618772483,0.17553095660873722,-0.008970335186237154,0.9992324101775335,0.050056373002007604
3.5242400218907313,1.218261710185016,1.3705391986318216,50.76997565365006,0.18960071261738676,-0.006219713599212908,0.9992451649342301,0.05007726600160822
3.525073735316022,1.2261756362952134,1.3265596730739502,50.81967126823576,0.18272181754179284,0.033011608133087254,0.9989773265442492,0.04974648899951717
3.525073735316022,1.2261756362952134,1.3265596730739502,50.870019319762456,0.19588570276059936,0.036921804057818385,0.9989510019640337,0.050400921994878445
3.525073735316022,1.2261756362952134,1.3265596730739502,50.92006363106533,0.2050430044914062,0.03946501676839626,0.9988014875914369,0.05010436200245749
3.527046998956444,1.229626961422019,1.280236914449247,50.9697332588641,0.2046552914566119,0.08881282159062562,0.9982791322898297,0.04975525000190828
3.527046998956444,1.229626961422019,1.280236914449247,51.019497462303846,0.21543629535944717,0.0928793449682771,0.998152179333996,0.04985632899479242
3.527046998956444,1.229626961422019,1.280236914449247,51.06951278903738,0.22412542172676314,0.09645213202707767,0.9979977665430021,0.05011567000474315
3.530569347546366,1.23694463744928,1.23255811220554,51.11945753328348,0.2132330817850382,0.15064253343950343,0.9974484251484035,0.05007250799826579
3.530569347546366,1.23694463744928,1.23255811220554,51.16930578385698,0.22110806185766815,0.15389810430592524,0.9972328881706343,0.049986568999884184
3.5326914364448156,1.2404728103970886,1.212697546713972,51.21907625942979,0.21910796114555303,0.1803097472696113,0.9968744383888984,0.04992652399960207
3.5326914364448156,1.2404728103970886,1.212697546713972,51.26953972228809,0.22633395775835133,0.1844283180631999,0.9966693433258383,0.05063210100342985
3.5326914364448156,1.2404728103970886,1.212697546713972,51.318747126928365,0.2345650493137804,0.18936656471991514,0.9965060837004899,0.04937993399653351
3.5386242211510455,1.2493574029165555,1.2052530057722284,51.368668233410006,0.219559838557684,0.21104191888516735,0.9962788548856096,0.050107563998608384
3.5386242211510455,1.2493574029165555,1.2052530057722284,51.41828146330828,0.2262656688877248,0.2135337580570627,0.9961029611757609,0.049807331000920385
3.5386242211510455,1.2493574029165555,1.2052530057722284,51.46816047882224,0.23431735680772237,0.21868545410098145,0.9959470964318471,0.05008199300209526
3.5437909473058116,1.2586131741575368,1.2242809209168948,51.5178865407176,0.22261011002719366,0.21232019692025936,0.9960719426321977,0.04992215899983421
3.5437909473058116,1.2586131741575368,1.2242809209168948,51.567777064680016,0.231448314324196,0.21514950978494674,0.9959855349993403,0.05009161499765469
3.549203891273891,1.265506050202087,1.2489690572362677,51.617787004379394,0.2244400580946782,0.20657463411345287,0.9960652824263271,0.05020749200048158
3.549203891273891,1.265506050202087,1.2489690572362677,51.66726671714159,0.23390418831455168,0.20959779163327608,0.9960230861578695,0.049677275004796684
3.549203891273891,1.265506050202087,1.2489690572362677,51.71739306496306,0.24213734203961546,0.2145367587603003,0.9958858715916232,0.05033342599926982
3.551867636933317,1.2650509938918422,1.273022468493483,51.766972290677046,0.2513382173854198,0.20386149302579284,0.9958485186208147,0.04978591099643381
3.551867636933317,1.2650509938918422,1.273022468493483,51.816668053137455,0.26139353477425087,0.2081504010932032,0.9958333836193916,0.049903692000953015
3.553048938017185,1.2693972423194277,1.3180598917713555,51.86635820844369,0.2660944019096066,0.16665826214028082,0.9961995437820121,0.049879721002071165
3.553048938017185,1.2693972423194277,1.3180598917713555,51.91633518957678,0.2780336978707421,0.16956661660402664,0.9962097915348811,0.05016712499491405
3.553048938017185,1.2693972423194277,1.3180598917713555,51.96616947005721,0.2868075666141383,0.17367852706385675,0.9962297148642923,0.05002288100513397
3.5546583017367444,1.2727971098209652,1.3603759274266432,52.01598965648614,0.29217980158527124,0.1344650898902147,0.9964908019177114,0.04999563100136584
3.5546583017367444,1.2727971098209652,1.3603759274266432,52.066013749189764,0.3034259940786659,0.13675669873450433,0.9964715543040319,0.050201224999909755
3.554768553496022,1.2763857302294768,1.4032757368998565,52.11570403565419,0.30910165771617737,0.09017482165701934,0.9967439310844671,0.049852609998197295
3.554768553496022,1.2763857302294768,1.4032757368998565,52.16551108226068,0.3194798088453518,0.09172768849014694,0.9966815721258159,0.0499728779977886
3.554768553496022,1.2763857302294768,1.4032757368998565,52.21552256639726,0.32865674191045313,0.09428246256516377,0.9965707730634862,0.05018357500375714
3.554223649512703,1.2842817894228726,1.447262443710583,52.26513202521482,0.32547605169372806,0.039333968856881625,0.9969467258573897,0.04976139399514068
3.554223649512703,1.2842817894228726,1.447262443710583,52.315082014566265,0.33442263042100856,0.04058222040116782,0.996832871653158,0.05010869000398088
3.554223649512703,1.2842817894228726,1.447262443710583,52.36476533300468,0.34377903636664264,0.04230613860126617,0.9967262986693448,0.04984650099504506
3.553215751499035,1.2959388092742965,1.4969808121907344,52.41462334034622,0.33204838590509794,-0.024226654309162224,0.9971318282744316,0.05000142000062624
3.553215751499035,1.2959388092742965,1.4969808121907344,52.46451102750792,0.3386065612297485,-0.02252036110234311,0.9969461371030398,0.050040504000207875
3.550648070247128,1.3105934158996537,1.5466163116006555,52.51423005422596,0.31902025615318197,-0.09462021084849666,0.9973465031298352,0.04985130700515583
3.550648070247128,1.3105934158996537,1.5466163116006555,52.564222810041514,0.32237202176305335,-0.09144213908886482,0.9971052596537826,0.05013789199438179
3.550648070247128,1.3105934158996537,1.5466163116006555,52.61403582696355,0.332024801195671,-0.09153276876940238,0.997001209935995,0.04996284500521142
3.547248825066318,1.325629861360806,1.5936574641795656,52.66388558111752,0.30912318019406476,-0.16255736801528076,0.9973209877099578,0.04998366099607665
3.547248825066318,1.325629861360806,1.5936574641795656,52.71375097923661,0.30974878302556447,-0.15803348809869616,0.996999510640043,0.050015469001664314
3.5422263353865406,1.336663158890127,1.62847892037909,52.76364533253128,0.2932638190728813,-0.21729302056237204,0.9971449108523391,0.05003721400134964
3.5422263353865406,1.336663158890127,1.62847892037909,52.813491361504845,0.2934933863521234,-0.21359763750681873,0.9968513980957601,0.05000346999440808
3.5422263353865406,1.336663158890127,1.62847892037909,52.863282581682846,0.3033073046180602,-0.21506711058743125,0.9967453962988734,0.049953800000366755
3.537699163662459,1.3537377056210118,1.6427918604298044,52.91323167238375,0.2750375411258563,-0.24890934965145267,0.9969993605196015,0.05009942100150511
3.537699163662459,1.3537377056210118,1.6427918604298044,52.96296666488957,0.2790816778670221,-0.242473124787091,0.9968365093753614,0.049892827999428846
3.537699163662459,1.3537377056210118,1.6427918604298044,53.01281739191306,0.28895921951867937,-0.24461890802493877,0.9967240153404364,0.05001457400067011
3.532519636338235,1.3749167695422353,1.6347515276202487,53.06265131926181,0.25438021991084014,-0.25461050912759225,0.9970458785650523,0.049981579002633225
3.532519636338235,1.3749167695422353,1.6347515276202487,53.112521922215066,0.2633968371796739,-0.24691360623563569,0.9970708813009159,0.05001710900251055
3.5260387632465098,1.395991064995415,1.615182774047071,53.16241533575279,0.23012274909422822,-0.24970279958533778,0.9973704233341295,0.05002495799999451
3.5260387632465098,1.395991064995415,1.615182774047071,53.2122624727403,0.24159859565014594,-0.24187788949191524,0.9975373319204065,0.04997019699658267
3.5260387632465098,1.395991064995415,1.615182774047071,53.26212192721413,0.25151138938531703,-0.24482083750326272,0.9974184956777212,0.0499885000026552
3.5223364789562215,1.4136248307074584,1.5862329806602922,53.312045328633204,0.22726037454977527,-0.22917558186164286,0.9976676197166434,0.05004011399432784
3.5223364789562215,1.4136248307074584,1.5862329806602922,53.36190511233365,0.24230960925357836,-0.22341021037501524,0.9978704140287504,0.049966190999839455
3.5223364789562215,1.4136248307074584,1.5862329806602922,53.41179688981659,0.2521559428938292,-0.22610377497153553,0.9977541727779281,0.05000407800253015
3.5198206550244993,1.4302647190901854,1.543859542247647,53.4616776726743,0.2318225449086758,-0.19308332465443015,0.9979416646984886,0.04998366600193549
3.5198206550244993,1.4302647190901854,1.543859542247647,53.511611747860435,0.2501937890270812,-0.1880662571117223,0.998232478804063,0.05002249099925393
3.5181179215245266,1.4424579416042775,1.4968471673787782,53.56154280393267,0.23904877583402928,-0.14893626747478028,0.998255380607591,0.05001831900153775
3.5181179215245266,1.4424579416042775,1.4968471673787782,53.61143986044591,0.258001889395354,-0.14504326220192532,0.9985077035134748,0.04997162899962859
3.5181179215245266,1.4424579416042775,1.4968471673787782,53.661379233920876,0.2677786113560153,-0.1461968541535781,0.998386776961686,0.05002006699942285
3.5179695217883986,1.4520956709046504,1.4370941729824553,53.71134699670678,0.26190041273807346,-0.08543244767042624,0.9982241080625289,0.05005665800126735
3.5179695217883986,1.4520956709046504,1.4370941729824553,53.761176968138756,0.2814802459156526,-0.08165567987804798,0.9984269494117762,0.04990847999579273
3.5187639311515806,1.463547989699704,1.3795842056509449,53.81108821939326,0.269740458880727,-0.0212070335264304,0.9981915258063155,0.05000167799880728
3.5187639311515806,1.463547989699704,1.3795842056509449,53.8610088063176,0.28620364584464625,-0.01690653673981696,0.9982843972193446,0.05000637800549157
3.5187639311515806,1.463547989699704,1.3795842056509449,53.91091181015706,0.29556621465186755,-0.015128961997080694,0.9981448193196223,0.0499957549982355
3.522206993315018,1.4704559489923945,1.3312628497324632,53.96079930903236,0.28950284619121497,0.04805567886527777,0.9976861455192095,0.05000319900136674
3.522206993315018,1.4704559489923945,1.3312628497324632,54.01068044326727,0.30171904873592204,0.05202075536042316,0.9976097357936481,0.050000648996501695
3.522206993315018,1.4704559489923945,1.3312628497324632,54.06061766330132,0.310752181895054,0.055063158047991424,0.9974641354962129,0.05006417600088753
3.5268838182910205,1.4781229903565085,1.2781990399420593,54.11038803629469,0.2996326323989574,0.1283913317987637,0.9968635784430836,0.04992696500266902
3.5268838182910205,1.4781229903565085,1.2781990399420593,54.16024472734648,0.3078421838016447,0.1316546844793381,0.9966932428055597,0.05002210199745605
3.5330924535188992,1.4884827354080257,1.2310694326616252,54.210033899547476,0.2878838347974503,0.20011769069924565,0.9961040500001225,0.049983907003479544
3.5330924535188992,1.4884827354080257,1.2310694326616252,54.260048919988016,0.2925414134219436,0.20153247711069305,0.9958420440263848,0.050223848993482534
3.5330924535188992,1.4884827354080257,1.2310694326616252,54.3096588128283,0.3009822277841703,0.20636397281721933,0.9956866830961846,0.04982480300532188
3.540754893831738,1.5003776655439587,1.1998436198679452,54.35937033345774,0.275972136807419,0.25926004075458764,0.9952258972766059,0.049949986998399254
3.540754893831738,1.5003776655439587,1.1998436198679452,54.409268475096596,0.2791332059396678,0.25910180413521394,0.9949615312829276,0.05015082500176504
3.5492864557310466,1.515138607012926,1.1908140022119902,54.458809078583926,0.25037733147762814,0.2863912326408368,0.9948205999653433,0.04979852999531431
3.5492864557310466,1.515138607012926,1.1908140022119902,54.50859666584533,0.2552353746825271,0.2852932928348347,0.9946306769925832,0.05005635600537062
3.5492864557310466,1.515138607012926,1.1908140022119902,54.55832209304447,0.26339531930551874,0.2909308959944738,0.9944736379526434,0.05000175500026671
3.5593299547061346,1.5353085285924766,1.2027062370484252,54.608072192914,0.2259513684895582,0.2961211393121764,0.9946816701965705,0.05001610199542483
3.5593299547061346,1.5353085285924766,1.2027062370484252,54.657780818937674,0.23357347552314908,0.29349192748889236,0.9945864075590682,0.049979193005128764
3.5593299547061346,1.5353085285924766,1.2027062370484252,54.7075977329461,0.24175789234648706,0.2993353314493482,0.994431021268837,0.050095896993298084
3.5705934852697108,1.559009319763282,1.22564306508413,54.757245226003846,0.19833885764889747,0.29514376462011727,0.9948026212583926,0.04990687800454907
3.5705934852697108,1.559009319763282,1.22564306508413,54.80697889901002,0.20756151872212317,0.2909881229664129,0.9947991033383721,0.04999368499557022
3.57816411227715,1.5753835051830187,1.2641486556365351,54.85674506696544,0.18385739878664048,0.26978908317355754,0.9951872373405033,0.05000683900289005
3.57816411227715,1.5753835051830187,1.2641486556365351,54.90650261939411,0.19657972165596135,0.2691067250727857,0.9952924397759485,0.049992897002084646
3.57816411227715,1.5753835051830187,1.2641486556365351,54.956307583019196,0.2049275404774682,0.2748150321662006,0.9951551886656249,0.05004743400058942
3.583024563500997,1.587829072821899,1.3125982565836645,55.006051189004,0.19224256762934097,0.23991079924355233,0.9955888640354574,0.04996400399977574
3.583024563500997,1.587829072821899,1.3125982565836645,55.05588601827782,0.20729137790139504,0.24093141221589348,0.9957578049949335,0.05004713899688795
3.5859716833712088,1.5961133145934174,1.3687218094068476,55.10551626265652,0.20472536279251213,0.19679465718800546,0.9961448276022474,0.049822318003862165
3.5859716833712088,1.5961133145934174,1.3687218094068476,55.155453716178606,0.2207434838347,0.19847551711577993,0.9963342750927747,0.05012118399463361
3.5859716833712088,1.5961133145934174,1.3687218094068476,55.205266249135974,0.22965315141077447,0.20272736980117034,0.9962181824483034,0.0500016299993149
3.58676517893473,1.6082809673335845,1.4255727908656244,55.255110201397514,0.2208943451086402,0.146769020524963,0.9966814431599957,0.05000991300039459
3.58676517893473,1.6082809673335845,1.4255727908656244,55.30497900426797,0.23613422443171034,0.14728660223090145,0.9967864183026189,0.05002957700344268
3.58676517893473,1.6082809673335845,1.4255727908656244,55.354776498100044,0.24531937548604232,0.15030934483718603,0.9966749178563445,0.04996362699603196
3.585512049136753,1.6183556607051348,1.4821798435025428,55.404629983088135,0.24020811879686793,0.08760391292682614,0.9970483030467258,0.05000107300293166
3.585512049136753,1.6183556607051348,1.4821798435025428,55.454484981078934,0.25352360546053604,0.08785738788614807,0.9970672560801311,0.05000163999648066
3.5817426288720116,1.6218301384852052,1.525658503961184,55.504323530285134,0.25946610133952847,0.03128807414142379,0.9971799275918688,0.0499794950010255
3.5817426288720116,1.6218301384852052,1.525658503961184,55.55421295579007,0.2699404010452787,0.03115434165055255,0.9971015070946222,0.050034450003295206
3.5817426288720116,1.6218301384852052,1.525658503961184,55.6040453352877,0.27939569712072765,0.03185894391704082,0.996995720905545,0.04998254100064514
3.578046178242779,1.6307978552429627,1.571764868793846,55.65390605184059,0.2723964671496851,-0.031224573620862672,0.9971543622718789,0.05000300699612126
3.578046178242779,1.6307978552429627,1.571764868793846,55.703761783310796,0.2802467897445822,-0.0310917848267032,0.997000413025899,0.05000572800054215
3.578046178242779,1.6307978552429627,1.571764868793846,55.75366260935204,0.2897224988362386,-0.03134810204793594,0.9969121614407859,0.05005538900149986
3.5739785853190473,1.6400062961980875,1.6123369292262537,55.80345054644984,0.27991752784705765,-0.09074523745680335,0.9968243471158713,0.04994655000336934
3.5739785853190473,1.6400062961980875,1.6123369292262537,55.853266925593566,0.28550090490871133,-0.09020629656819482,0.996621586247695,0.04998524999973597
3.568830953508752,1.64914314058581,1.6489551100417832,55.90311612665583,0.2737744677227644,-0.14857229355605436,0.9966493863562474,0.05001678799453657
3.568830953508752,1.64914314058581,1.6489551100417832,55.952918664838364,0.27724253756230294,-0.1474468200921051,0.9964106471813506,0.049981941003352404
3.568830953508752,1.64914314058581,1.6489551100417832,56.002747970583904,0.28673220391651677,-0.14913154509831392,0.996309379986309,0.05001388800155837
3.5633155727031625,1.6582609050332557,1.672004096869228,56.05255028390401,0.27389692235394725,-0.19402770966705768,0.9963296425141928,0.04998577899823431
3.5633155727031625,1.6582609050332557,1.672004096869228,56.102417678721345,0.2777389186122996,-0.19253446460864201,0.9961202777037775,0.05006162000063341
3.5572091589250774,1.6757189800556698,1.6859735613293867,56.15215125768731,0.24813403691516772,-0.22757610499611491,0.9962884558136346,0.049918855002033524
3.5572091589250774,1.6757189800556698,1.6859735613293867,56.201977518485506,0.25247490996047417,-0.2221536384072998,0.9961395705518763,0.050019356996926945
3.5572091589250774,1.6757189800556698,1.6859735613293867,56.25182672104572,0.26212803623636854,-0.2248278823992075,0.9960332180154323,0.05004773099790327
3.55052408402064,1.6954291635343195,1.6790219983559311,56.30159697001432,0.22924302324220425,-0.23852190615634147,0.9962932744635491,0.04995541999960551
3.55052408402064,1.6954291635343195,1.6790219983559311,56.351423158634574,0.23755485315663652,-0.23249644232066394,0.9963163592170844,0.05001040900242515
3.544636733158511,1.7184637587243734,1.6580587659348032,56.40116669604771,0.20050952294253166,-0.22961670984435653,0.9966658830174953,0.049909943001694046
3.544636733158511,1.7184637587243734,1.6580587659348032,56.45109560746785,0.2120559721172826,-0.22236821876774546,0.9967844350972267,0.05008997899858514
3.544636733158511,1.7184637587243734,1.6580587659348032,56.50097664528768,0.22176503674378664,-0.22564201998060002,0.9966763258113122,0.050047379001625814
3.5396291665794513,1.730457983783514,1.6297318518680233,56.5510026840735,0.20759256497435166,-0.21465640065153707,0.9968347003372683,0.05018488899804652
3.5396291665794513,1.730457983783514,1.6297318518680233,56.60060140379659,0.22153225360457737,-0.21211124852907795,0.9970173881011626,0.04974709600355709
3.5396291665794513,1.730457983783514,1.6297318518680233,56.650569866916456,0.2310791262824923,-0.2151627012752209,0.996920466837675,0.050122818000090774
3.537140282364746,1.7490227114681296,1.5799087199241415,56.70041138088427,0.20748497854002373,-0.1744262099510501,0.9972263577824754,0.04998014099692227
3.537140282364746,1.7490227114681296,1.5799087199241415,56.75019617518435,0.22604588288212543,-0.17012499264450615,0.9975210102670878,0.04990851700131316
3.537140282364746,1.7490227114681296,1.5799087199241415,56.80013405779218,0.2356861369299763,-0.1725674920091976,0.9974205500311258,0.050067028001649305
3.5365215967232793,1.7621682377646848,1.5189149353154299,56.8499343405114,0.22369955920880666,-0.11494989049738258,0.9975195899555346,0.04992411499551963
3.5365215967232793,1.7621682377646848,1.5189149353154299,56.899895297381754,0.2431289960166594,-0.11197722274083564,0.9977759542254611,0.050072320002072956
3.5375725675155847,1.7665446705581593,1.459019551028763,56.949773461472915,0.24705673694434116,-0.04893290620606852,0.9975652769108767,0.049999900002148934
3.5375725675155847,1.7665446705581593,1.459019551028763,56.99957456468809,0.26386008620933227,-0.04641130319611985,0.9976908019272974,0.049916370000573806
3.5384572159013925,1.7731040882073148,1.416451258621248,57.049769346924144,0.2607310402878235,-0.00036665564880443424,0.9975145046426175,0.05031985199457267
3.5384572159013925,1.7731040882073148,1.416451258621248,57.099371883976396,0.27362263270634457,0.0025679013207497666,0.9974968744353576,0.04972701000224333
3.5384572159013925,1.7731040882073148,1.416451258621248,57.1492721136454,0.28293094233423133,0.004201335457931121,0.9973843599392399,0.0500310930001433
3.541926969608034,1.7824868128832247,1.3635692641318824,57.19908909511495,0.2717668961126087,0.07061602593155407,0.9970766086239873,0.04996304299857002
3.541926969608034,1.7824868128832247,1.3635692641318824,57.24899347729405,0.28200185535437583,0.07331890652366868,0.9969677894766893,0.05005616300331894
3.541926969608034,1.7824868128832247,1.3635692641318824,57.298783466616655,0.29109593289999125,0.07612330330091518,0.9968629607322622,0.049946674000239
3.547138084497478,1.795766770663216,1.3128104374551186,57.34859210169953,0.2687477277545854,0.14398225289347477,0.9965489586876467,0.04998112199973548
3.547138084497478,1.795766770663216,1.3128104374551186,57.39841001777909,0.27521228449911145,0.14484305824677055,0.9963405669048451,0.05000089099485194
3.547138084497478,1.795766770663216,1.3128104374551186,57.4482966794047,0.28406299976666516,0.1485665902189843,0.9962161347850963,0.05007614300120622
3.555162649398148,1.8115370464878722,1.2762880162761416,57.49801276738451,0.25341370353564224,0.2068225229779991,0.9959221068127762,0.04991965500084916
3.555162649398148,1.8115370464878722,1.2762880162761416,57.54784102654786,0.25731633386584235,0.2054137286412763,0.9956831672504899,0.050044292001985013
3.5654098051802956,1.8344763380823144,1.2615324191343649,57.59760137276211,0.21249780858124795,0.23991667232054062,0.9961108949346802,0.049954624999372754
3.5654098051802956,1.8344763380823144,1.2615324191343649,57.64750804591801,0.21713982763060785,0.23545157821356755,0.9959135917164815,0.05011144899617648
3.5654098051802956,1.8344763380823144,1.2615324191343649,57.6972085545515,0.22588319849322663,0.2401759953933133,0.9957642911322524,0.04991192099987529
3.5740740499863977,1.8575670805538687,1.2666416925068769,57.74705815633248,0.18396845553739394,0.24923279712264867,0.9960020293989019,0.050049699006194714
3.5740740499863977,1.8575670805538687,1.2666416925068769,57.79677176334404,0.1913491028149695,0.24506990703156195,0.9958666423370107,0.04991994399460964
3.583599853955353,1.886391420931531,1.2913885334491715,57.84654882154969,0.14095886450829884,0.23542226386204695,0.9963762668269339,0.04995809300453402
3.583599853955353,1.886391420931531,1.2913885334491715,57.896433096683104,0.1509457492931329,0.22981550385366795,0.9964765773597435,0.05006065999623388
3.583599853955353,1.886391420931531,1.2913885334491715,57.9462394898273,0.1596995982902556,0.23474885267836335,0.9963359376880603,0.04998955799965188
3.583599853955353,1.886391420931531,1.2913885334491715,57.99605777502553,0.16807898887414446,0.2392630017495623,0.9962120880505849,0.05000771000050008
3.5888999869739227,1.9037643926416372,1.3223307617991338,58.045933875055944,0.14303984077251103,0.22152303793190026,0.996579754336677,0.05004727400228148
3.5931637351687624,1.916699809411579,1.359230375766019,58.09561172532699,0.13089276182791032,0.19448383127908428,0.9970304801273262,0.04982580900104949
3.5931637351687624,1.916699809411579,1.359230375766019,58.145603255395415,0.14389714250808924,0.19463663670501444,0.9971107027394475,0.05013638899981743
3.5931637351687624,1.916699809411579,1.359230375766019,58.19544526692218,0.15281939908597386,0.1988421501039206,0.9970998354924827,0.04998698199779028
3.5945879102361227,1.929333208094796,1.4005516395287259,58.24531523942825,0.14065968535647427,0.16591384481173677,0.9974651630809552,0.04999670600227546
3.5945879102361227,1.929333208094796,1.4005516395287259,58.29520831766368,0.15457172247152456,0.16595748035976912,0.9975580078469514,0.050015214997984
3.5945879102361227,1.929333208094796,1.4005516395287259,58.34505942560768,0.16364812246295812,0.16954008700968584,0.9974309260228056,0.04997950899996795
3.5963232655501667,1.9395267870588753,1.4522897382174882,58.394963809512625,0.1562743302575823,0.129047398271937,0.9977109224248826,0.050018881003779825
3.5963232655501667,1.9395267870588753,1.4522897382174882,58.444840457936365,0.1707240688206528,0.12933965222428281,0.9978152304533578,0.04998585599969374
3.5963232655501667,1.9395267870588753,1.4522897382174882,58.494738314852746,0.17999151529438132,0.1320472605601524,0.9976940664668241,0.05001318399445154
3.5969293988561812,1.951999121479087,1.500329002619319,58.5446191126296,0.16772988501277547,0.08984519411709738,0.9980776063418686,0.04997687300055986
3.5969293988561812,1.951999121479087,1.500329002619319,58.59458902951234,0.1809987341920761,0.0895149561845055,0.9981251491210987,0.050063779002812225
3.594725780846275,1.9641118747884596,1.5433036320719498,58.644464604398394,0.1690763722198894,0.0439776387231178,0.9983440966841945,0.04995830100233434
3.594725780846275,1.9641118747884596,1.5433036320719498,58.694358300047575,0.1807428330604493,0.043640563963243145,0.9982969114863336,0.04997881399322068
3.5926752335602226,1.9690750211883694,1.5800383564399618,58.74416294721256,0.18139838254564952,0.004709211500573282,0.9982950623632794,0.04988970600243192
3.5926752335602226,1.9690750211883694,1.5800383564399618,58.79426937337907,0.19150431547248212,0.004174106531412404,0.9981938228652234,0.05019709100452019
3.5926752335602226,1.9690750211883694,1.5800383564399618,58.844152309107606,0.20102805814927519,0.004074318195546509,0.9981857767391543,0.04997359899425646
3.5897219876632405,1.9779516601475524,1.6276302996179226,58.894002839354194,0.19274670185677217,-0.04970440009371419,0.9982210276822997,0.04993937100516632
3.5897219876632405,1.9779516601475524,1.6276302996179226,58.94391557550132,0.20074325704365414,-0.0500033009141432,0.9980560698717911,0.0500099519995274
3.5897219876632405,1.9779516601475524,1.6276302996179226,58.99381707559442,0.21017596628662488,-0.05106664168130695,0.9979348986970497,0.05000476499844808
3.585357755739997,1.983837455781061,1.67269029512662,59.04369583924552,0.2055788333190257,-0.10826565818696296,0.9978101376529844,0.04998823099595029
3.585357755739997,1.983837455781061,1.67269029512662,59.09359240741037,0.21084033380528666,-0.10895484095549841,0.9975589544581976,0.05001866600650828
3.585357755739997,1.983837455781061,1.67269029512662,59.143457095721985,0.22019623783554007,-0.1108554345256766,0.9975464048539849,0.049987336999038234
3.581070621605446,1.9834937103567558,1.7128681364531084,59.19332115813946,0.22587110375810318,-0.1658015098385434,0.9972494959856223,0.05000159199698828
3.581070621605446,1.9834937103567558,1.7128681364531084,59.243163967460745,0.22903932026805532,-0.16849012506644492,0.9969650748749358,0.04999453900381923
3.5748284133444366,1.9903797982897449,1.7429242457447904,59.293127976054976,0.21826847176832073,-0.2187120292875051,0.9967596658166366,0.05012643499503611
3.5748284133444366,1.9903797982897449,1.7429242457447904,59.34283252596661,0.22041702581017925,-0.2181512563389314,0.9964839747818569,0.04987992899987148
3.5748284133444366,1.9903797982897449,1.7429242457447904,59.39271215749742,0.229639843862526,-0.2212914695805523,0.9963577647454681,0.05006196899921633
3.567573592927177,1.9965806451701689,1.7503767018070862,59.44245261434503,0.22028693360014753,-0.25286913555247725,0.9961879406503659,0.04993079600535566
3.567573592927177,1.9965806451701689,1.7503767018070862,59.49226477601584,0.22533672085107867,-0.2527430487134769,0.9961790596291035,0.050003220996586606
3.561490988504879,2.003680008110816,1.7333056078919833,59.54295769372789,0.21810039280812282,-0.2558563211124929,0.9961744056034728,0.05088759300269885
3.561490988504879,2.003680008110816,1.7333056078919833,59.59188532509892,0.22883572051663612,-0.25610632332829186,0.9962452658726813,0.049112034001154825
3.561490988504879,2.003680008110816,1.7333056078919833,59.641733730107454,0.2378280719384929,-0.2602265312088987,0.9961249999905785,0.05004231899511069
3.557021575739129,2.0074196972133405,1.7107557529519315,59.691493001098294,0.23911598296287886,-0.2535581802326014,0.9960950538177643,0.04995434000011301
3.557021575739129,2.0074196972133405,1.7107557529519315,59.74131788128587,0.2517594326521173,-0.2552969594182026,0.996194541378844,0.05001521100348327
3.557021575739129,2.0074196972133405,1.7107557529519315,59.791113656631204,0.2609589848862424,-0.25920110591968926,0.9961856725176776,0.049986439997155685
3.554133223950999,2.0051479999348825,1.6822277756901338,59.84091551512849,0.2762756567717534,-0.24156903891146125,0.9960828503168738,0.04999770699942019
3.554133223950999,2.0051479999348825,1.6822277756901338,59.89075195005693,0.2910128079013322,-0.24529509211581593,0.9962233741285077,0.050025362004817
3.550268804800063,2.0030203264921065,1.6367411380826928,59.9405377298304,0.30778459183110524,-0.21029614427545898,0.9961255410115061,0.04997942299814895
3.550268804800063,2.0030203264921065,1.6367411380826928,59.99037474477935,0.32565256068807047,-0.2126080869143486,0.9963425989010063,0.050019957998301834
3.550268804800063,2.0030203264921065,1.6367411380826928,60.04016699490138,0.33509066769726126,-0.21544774658136043,0.9962223315671217,0.04998106200218899
3.5484320967304717,2.009292329370936,1.585415694479272,60.0900197207117,0.3368705267836229,-0.1611713488821831,0.9963708862629811,0.050034305997542106
3.5484320967304717,2.009292329370936,1.585415694479272,60.13981925369444,0.3548240346623833,-0.16030465615278444,0.9965374996472067,0.04997256299975561
3.5484320967304717,2.009292329370936,1.585415694479272,60.189773371345616,0.3643796252530796,-0.16193356045194923,0.9964231189483449,0.050133438999182545
3.547533025995647,2.01597964675851,1.530133387747997,60.23952042849251,0.36477504917358144,-0.09663976121675598,0.9963853037452789,0.049927530002605636
3.547533025995647,2.01597964675851,1.530133387747997,60.289320144984195,0.381151706539449,-0.09470452712403622,0.9964567256129142,0.049976797999988776
3.549014627128282,2.0256934106831244,1.4740287351201977,60.339138585577565,0.3736986192460239,-0.019222653021164493,0.996362773996399,0.05000030299561331
3.549014627128282,2.0256934106831244,1.4740287351201977,60.38892337967766,0.38698503157622205,-0.016762123722697374,0.9963207742492205,0.049968640007136855
3.5501333019249843,2.0312608146301443,1.4243958604917848,60.43865998994037,0.38507851649880676,0.05087466890713084,0.9961904288903847,0.04992680999566801
3.5501333019249843,2.0312608146301443,1.4243958604917848,60.4886374325438,0.39495245623531616,0.05362430848574952,0.9960654121098547,0.05017485999997007
3.5501333019249843,2.0312608146301443,1.4243958604917848,60.538523236182506,0.40425410308872073,0.05568645579322731,0.9959388597665436,0.050089222997485194
3.5541701467980644,2.0477485628500554,1.3679018340085634,60.5881531715512,0.37716901051594953,0.13968630646656216,0.9957673585237883,0.04984089400386438
3.5541701467980644,2.0477485628500554,1.3679018340085634,60.63787804150978,0.3826860246711928,0.13944739013691004,0.9955202165701341,0.04994862899911823
3.5541701467980644,2.0477485628500554,1.3679018340085634,60.68773286873492,0.3918171431630872,0.14248861946446328,0.9953768716558575,0.05008638300205348
3.5604043462124966,2.0621671020845973,1.314482588011359,60.737400565761035,0.3643977669338393,0.2286668871447463,0.9951611133704892,0.049909201996342745
3.5604043462124966,2.0621671020845973,1.314482588011359,60.78722704464372,0.3652305251577464,0.2266761795894582,0.994835889459566,0.05008512399945175
3.5661125383283903,2.075210423556818,1.2783251970229754,60.836914601864535,0.34027301314817054,0.28622657932581963,0.994572203541254,0.0499587230006
3.5661125383283903,2.075210423556818,1.2783251970229754,60.886635727191496,0.3412166761102715,0.2839991068514496,0.9942470418105446,0.05000882400054252
3.5661125383283903,2.075210423556818,1.2783251970229754,60.93629094286051,0.3501299578835622,0.28828766413490964,0.9940962424600294,0.04995010900165653
3.572252237798282,2.0867872036484316,1.2647888874945732,60.98598368083617,0.32898213119514097,0.32148370080412764,0.9939514908219701,0.049995134002529085
3.572252237798282,2.0867872036484316,1.2647888874945732,61.03569129518576,0.3329748873598706,0.3201755632441915,0.9938604300468367,0.05001468299451517
3.572252237798282,2.0867872036484316,1.2647888874945732,61.08537358780368,0.34171490116155306,0.32496804077858776,0.9937247341401746,0.049996031004411634
3.579197061039234,2.102039667375044,1.2758574414959778,61.13506677438386,0.31683840075456493,0.3283023723115515,0.9938861337824676,0.04999887300073169
3.579197061039234,2.102039667375044,1.2758574414959778,61.18476589267571,0.3257143013666744,0.32648822114919224,0.9938297930882993,0.05000767599995015
3.585097972784043,2.118285804513316,1.2995358551908955,61.23447359736228,0.3026079668436003,0.31194752024044664,0.9941195978080092,0.05000173499865923
3.585097972784043,2.118285804513316,1.2995358551908955,61.28416622758499,0.31456548447784977,0.3103304533402522,0.9941391153877889,0.04998558999795932
3.585097972784043,2.118285804513316,1.2995358551908955,61.333918792137965,0.32331292324879285,0.3154479351938526,0.9939916561507545,0.0500533020021976
3.5907440876694383,2.1356582440729484,1.3280304839059875,61.3835933250901,0.2988864448938395,0.29432794522247296,0.9944692964361233,0.04995079599757446
3.5907440876694383,2.1356582440729484,1.3280304839059875,61.433557939611575,0.3120202747720888,0.2924555047073454,0.9945361400681783,0.050239114003488794
3.594667632678768,2.154025322355924,1.3606366409317034,61.48340075083614,0.2878950186241749,0.2625735221489848,0.994955044587648,0.05009554099524394
3.594667632678768,2.154025322355924,1.3606366409317034,61.53305967340655,0.3021758675446524,0.26050905337364466,0.9950148307944591,0.04990772100427421
3.594667632678768,2.154025322355924,1.3606366409317034,61.58263590628904,0.31118234165910236,0.2648607503452233,0.9948736211166247,0.049831689000711776
3.5981786746832842,2.1733623873087615,1.4091642658020633,61.632344594349334,0.28714726043246236,0.21517060214986947,0.9953714519811161,0.04993983699387172
3.5981786746832842,2.1733623873087615,1.4091642658020633,61.682136837680495,0.3037446831347597,0.21349530175834533,0.9956205732164298,0.05001126400020439
3.5981786746832842,2.1733623873087615,1.4091642658020633,61.731920404899775,0.3129156611465043,0.21714988932961363,0.9954975901415875,0.05000872700475156
3.600165225950759,2.1940339518995784,1.4652282231399756,61.78167923676292,0.2871012297646077,0.15456503807133237,0.9960174752696381,0.04995778999727918
3.600165225950759,2.1940339518995784,1.4652282231399756,61.83150425037745,0.303564410813807,0.15298463917076968,0.9961149750124356,0.05001934000028996
3.6009848405571376,2.2129908784182386,1.5212336409346923,61.88130680602019,0.2796781452198383,0.09018649830978512,0.9964904057125495,0.04997795799863525
3.6009848405571376,2.2129908784182386,1.5212336409346923,61.93115052575837,0.29411500321723,0.08907570616191163,0.9965143938890568,0.05001806300424505
3.6009848405571376,2.2129908784182386,1.5212336409346923,61.981015018955155,0.3035640206255372,0.09029580454360658,0.9965087206714579,0.05003919400041923
3.600065527865583,2.227360601267493,1.5725359709879667,62.03081218446297,0.2870036816165863,0.02840416437820028,0.9967125928618985,0.04996140900038881
3.600065527865583,2.227360601267493,1.5725359709879667,62.08062102297561,0.298848533946391,0.027643885404251334,0.9966596319681088,0.049975775997154415
3.5982126877401863,2.244213731617165,1.6283337573279493,62.1305504916333,0.2753385170687552,-0.041137692858285085,0.9968088730770931,0.050089310003386345
3.5982126877401863,2.244213731617165,1.6283337573279493,62.18030915206677,0.28432459977316005,-0.04088546120688325,0.9966466312027951,0.04992608099564677
3.5982126877401863,2.244213731617165,1.6283337573279493,62.23021509691638,0.2937340473619507,-0.04198685925684037,0.9965122004807446,0.050080615998012945
3.5937919649252574,2.2614227004935836,1.683376825354338,62.27996596352384,0.26648474998303084,-0.11697119913320127,0.9965459139235288,0.04992330600362038
3.5937919649252574,2.2614227004935836,1.683376825354338,62.32978123459845,0.2714498989235173,-0.11503655502237206,0.996405002229766,0.04999500299891224
3.5893042446354846,2.2763699345443964,1.7287404355309,62.379581257504434,0.24639294550673924,-0.17676220787478783,0.9963479045619931,0.04998256399994716
3.5893042446354846,2.2763699345443964,1.7287404355309,62.42940657020249,0.2493119687242178,-0.17417495382784612,0.996038494315019,0.050023481002426706
3.5893042446354846,2.2763699345443964,1.7287404355309,62.47922787580306,0.2586300577734081,-0.1770233760987312,0.9958950410821792,0.05002666299697012
3.5842976543545624,2.2868416150349224,1.7634345826615228,62.528982698409884,0.24070145491021852,-0.22910609192653159,0.9957128580910529,0.04996904700237792
3.5842976543545624,2.2868416150349224,1.7634345826615228,62.578759375345115,0.2427267419701515,-0.22740990032708364,0.9953908793041204,0.05000716599897714
3.5842976543545624,2.2868416150349224,1.7634345826615228,62.62854610557836,0.2519220216307949,-0.23083032001096068,0.9953752144938321,0.05001805299980333
3.5793288978424687,2.295929034021088,1.774813067934732,62.678274199147516,0.23796342702499623,-0.2585689664203542,0.9952754839221857,0.04996414999914123
3.5793288978424687,2.295929034021088,1.774813067934732,62.72806289592284,0.2431354945720057,-0.2578566878897813,0.9951003520752664,0.05003384500014363
3.5793288978424687,2.295929034021088,1.774813067934732,62.777792333065136,0.2521863050043775,-0.2618115632098658,0.9949582305506757,0.04998143199918559
3.5743245519241023,2.308559913697578,1.75916702471022,62.8275427102418,0.234697393189523,-0.2601463301687852,0.9950809406657589,0.049996312001894694
3.5743245519241023,2.308559913697578,1.75916702471022,62.87733699710605,0.24509084101152484,-0.258907057996129,0.9950719873105591,0.05004088900022907
3.5700114519774866,2.3178603428590527,1.72774828976187,62.92711774677496,0.23693727352971367,-0.24087072771216358,0.9953275029773145,0.05001444200024707
3.5700114519774866,2.3178603428590527,1.72774828976187,62.97683253241836,0.2507027459239779,-0.2411429663214202,0.9954461898178774,0.04994221300148638
3.5700114519774866,2.3178603428590527,1.72774828976187,63.02661407259236,0.2597722023787776,-0.24528383108344212,0.9953121245606471,0.05001600899413461
3.565590021046778,2.3318149140306486,1.6928882272955597,63.07646081350719,0.24289567173655488,-0.22194169362040805,0.9955624155820073,0.050068926000676583
3.565590021046778,2.3318149140306486,1.6928882272955597,63.12616869251815,0.2572666897247729,-0.22054291669083223,0.9956767638072878,0.04992371100524906
3.5634704048715946,2.349798631194645,1.65116372295187,63.176009072120735,0.23459685193831795,-0.18332401230196457,0.9960137293810424,0.05003985199437011
3.5634704048715946,2.349798631194645,1.65116372295187,63.22578328136396,0.2501846812083382,-0.18089020650671545,0.9961243739712788,0.049967866005317774
3.5634704048715946,2.349798631194645,1.65116372295187,63.275661621298596,0.25957653205588893,-0.18381929724414012,0.9961173682645051,0.05007275399839273
3.560985889604665,2.374997463858816,1.5959609347309955,63.32540066872269,0.2229225324787386,-0.13323639454131578,0.9965954298360541,0.04990896600065753
3.560985889604665,2.374997463858816,1.5959609347309955,63.37562738688528,0.2392470230893147,-0.13002439456355588,0.9967471565443582,0.050390630996844266
3.560985889604665,2.374997463858816,1.5959609347309955,63.425079486404265,0.24877700457384735,-0.1319944621040251,0.9966117348044292,0.04962022600375349
3.561178468762075,2.390476756491639,1.5389217680342357,63.47495082983078,0.2310131617123831,-0.07412218176347776,0.9968085084301653,0.05003101699549006
3.561178468762075,2.390476756491639,1.5389217680342357,63.52476627452982,0.24614397074992528,-0.0723865467921971,0.9968660424184401,0.049972054999670945
3.5638800236865276,2.4060977186632244,1.4781998700749768,63.574617462405115,0.2265479808459088,-0.004341389887915492,0.9970767819654633,0.04999734100420028
3.5638800236865276,2.4060977186632244,1.4781998700749768,63.62446901212844,0.23898933269273978,-0.0031005522259555437,0.9970371960502871,0.04999968899937812
3.5638800236865276,2.4060977186632244,1.4781998700749768,63.67430638458332,0.2484127353563313,-0.0023784115440829614,0.99691846044613,0.04999142300221138
3.5676641742251887,2.4185797345355873,1.4269908504471263,63.724208526146896,0.23200442707684535,0.05967597926371404,0.9968427722081159,0.05006019299617037
3.5676641742251887,2.4185797345355873,1.4269908504471263,63.77394251856095,0.24086157152841364,0.06049120054316394,0.995766448524674,0.04994543900102144
3.5738256741277596,2.4318039075168962,1.3707721064616691,63.82371696867574,0.21938565754385833,0.13357007306333024,0.9955417062287959,0.049997353002254386
3.5738256741277596,2.4318039075168962,1.3707721064616691,63.87349359985211,0.2240221679612318,0.1326980008462739,0.9952582309161772,0.05001378499582643
3.5738256741277596,2.4318039075168962,1.3707721064616691,63.92324870784197,0.2331908214379664,0.1355031838316928,0.9952440219059058,0.04999287299870048
3.58173306112649,2.4551275513253907,1.3265633435723139,63.97309220888626,0.18871194180609221,0.1955066351490834,0.9952395596662135,0.05008191300294129
3.58173306112649,2.4551275513253907,1.3265633435723139,64.02274792700638,0.1911783069370725,0.18925161225469989,0.9949404163689344,0.0499082329988596
3.592423584624087,2.478578475694071,1.2931362172584713,64.07248586231971,0.14383502657218675,0.24202129060518357,0.9948699923563888,0.04999440700339619
3.592423584624087,2.478578475694071,1.2931362172584713,64.12221790508568,0.1446191844423465,0.2329769324633029,0.9944618124232417,0.05000900199956959
3.592423584624087,2.478578475694071,1.2931362172584713,64.17192875207039,0.1539183186359313,0.23702532779708013,0.9943246647978744,0.04999458300153492
3.600846784342,2.4968951207416534,1.280831740917538,64.2216791611427,0.11865203702185194,0.26487697736124677,0.9944646866697421,0.05002732599677984
3.600846784342,2.4968951207416534,1.280831740917538,64.27136866739063,0.1225930299589302,0.25853435483064857,0.9942950279118191,0.04997461000311887
3.600846784342,2.4968951207416534,1.280831740917538,64.32107559984557,0.13160996680652565,0.2631549075111675,0.9941908043809681,0.0499973769983626
3.6110028702706285,2.5161548889650147,1.2916392914517918,64.37078984234459,0.09512303958946491,0.2754340882621382,0.9943339701343445,0.04999752999719931
3.6110028702706285,2.5161548889650147,1.2916392914517918,64.42053946925324,0.1025971511738193,0.26881500387538015,0.9943458752835912,0.050032516999635845
3.6110028702706285,2.5161548889650147,1.2916392914517918,64.47026930587562,0.11157822741086745,0.27408321893500587,0.9942334594031899,0.05001826900115702
3.6162471168222234,2.5278280661161214,1.321701862633952,64.52002148823487,0.09667331529896865,0.26265968934390665,0.9945622393009113,0.05002420199889457
3.6162471168222234,2.5278280661161214,1.321701862633952,64.56968809962277,0.10992048038044488,0.2616472570872049,0.9947801700695529,0.04992722300085006
3.6202954959798563,2.5362102328392773,1.3550747310920213,64.61944436394239,0.10299051686791313,0.24757409326152438,0.994959386886814,0.05000833699887153
3.6202954959798563,2.5362102328392773,1.3550747310920213,64.66921149680708,0.11750305137598832,0.24803399224346345,0.9952085428844656,0.050006738005322404
3.6202954959798563,2.5362102328392773,1.3550747310920213,64.71899675813557,0.1263748380464451,0.253300331393336,0.9951263218471958,0.0500290869968012
3.621818207777765,2.5385668162201753,1.3874834918216616,64.76873287962492,0.133183214451439,0.233972639603848,0.9952301165237901,0.049974494002526626
3.621818207777765,2.5385668162201753,1.3874834918216616,64.81849351970867,0.14852303204580572,0.2372566638340055,0.9954588392834579,0.04998764199990546
3.622662268391324,2.544443223674646,1.4338612443268355,64.86845260986243,0.1508105316789679,0.20226157373261996,0.9957546744958417,0.05017208699428011
3.622662268391324,2.544443223674646,1.4338612443268355,64.91808175758607,0.16891740280639683,0.20358813935533138,0.9960588611921312,0.04982551700231852
3.622662268391324,2.544443223674646,1.4338612443268355,64.96788181868662,0.17812294502228493,0.20761508270155477,0.9960049469994209,0.04999981300352374
3.6228728013742497,2.5525429599893887,1.4797573037684533,65.01769940139269,0.1761147189624762,0.16731106758732417,0.9961973233384017,0.0500077459946624
3.6228728013742497,2.5525429599893887,1.4797573037684533,65.0675766205825,0.19345767051005658,0.16715220653241422,0.9964710050423284,0.05005385900585679
3.6227253963790393,2.5675892232106383,1.5342984719639872,65.11742315415046,0.17770602005288466,0.11634512081511308,0.9967458747753888,0.050009269994916394
3.6227253963790393,2.5675892232106383,1.5342984719639872,65.16719887684502,0.19490067467502498,0.11420027306599782,0.9970402245578676,0.04992348499945365
3.6227253963790393,2.5675892232106383,1.5342984719639872,65.21705821593446,0.20443307710588224,0.11596670391718285,0.9969691433924917,0.05001091500162147
3.6211929745526734,2.574758055249854,1.5737513657570144,65.26689856559925,0.20229273085079844,0.07456418316975917,0.9970227689175634,0.049989179002295714
3.6211929745526734,2.574758055249854,1.5737513657570144,65.31701514303883,0.21633534050880676,0.07338173947129437,0.9970799684981314,0.05026334799913457
3.6211929745526734,2.574758055249854,1.5737513657570144,65.36665228030137,0.22594491064705255,0.0739831689086343,0.9970501014601053,0.0497839949966874
3.61841324360682,2.587600754322783,1.6212241179763416,65.41646169614229,0.21166107961669442,0.01932532334594788,0.9971169916149131,0.0499534320042585
3.61841324360682,2.587600754322783,1.6212241179763416,65.46646394931325,0.22438264488304696,0.017633911793697266,0.9972066940185277,0.0501423160021659
3.61841324360682,2.587600754322783,1.6212241179763416,65.51624247061879,0.23388148782291882,0.01714468877667249,0.9971234458920354,0.04992212499928428
3.61841324360682,2.587600754322783,1.6212241179763416,65.5660335948657,0.2433395416432243,0.016530619522764488,0.9970477968903472,0.04993855299835559
3.61841324360682,2.587600754322783,1.6212241179763416,65.61588228258348,0.2527957762796277,0.015897052713538088,0.9969518613755463,0.05000109799584607
3.61841324360682,2.587600754322783,1.6212241179763416,65.66575815165687,0.26226738457894494,0.015232151478973601,0.9969171575646283,0.05003010400105268
3.61841324360682,2.587600754322783,1.6212241179763416,65.715565938544,0.2717361579486792,0.014551903136728763,0.9968176245502358,0.04996680000476772
3.609302214340748,2.627985518347805,1.7520398983942933,65.76579117916877,0.1999102782291797,-0.14998877266433064,0.9971167755589554,0.05037046999495942
3.609302214340748,2.627985518347805,1.7520398983942933,65.81575410662383,0.20006187094766417,-0.13535732690858115,0.9966963417406363,0.050128535003750585
3.609302214340748,2.627985518347805,1.7520398983942933,65.86516692079968,0.2099273077736911,-0.13831528290866582,0.9965831946366199,0.04958222699497128
3.603174032110315,2.628358563989571,1.7868093638538063,65.91491628890886,0.21123843376698498,-0.1931634462639885,0.9960694521246144,0.04994568200345384
3.603174032110315,2.628358563989571,1.7868093638538063,65.96479064309082,0.21446691339397467,-0.19600910610038588,0.995814632920033,0.05008397399797104
3.603174032110315,2.628358563989571,1.7868093638538063,66.01451020960522,0.22327273023047228,-0.199619280209902,0.9957602018566228,0.049931264999031555
3.5954211241331513,2.6344828140796284,1.810271539431995,66.06449402917856,0.2113748544721435,-0.24736819685002945,0.9953720642061595,0.050216217001434416
3.5954211241331513,2.6344828140796284,1.810271539431995,66.11402271603473,0.2138338514922973,-0.24753311320741328,0.9952436592087942,0.04976538800110575
3.586242986016468,2.6427840173798205,1.8225108020642462,66.16374977100887,0.19685257441313306,-0.2869307269763853,0.9949345761704087,0.04998022600193508
3.586242986016468,2.6427840173798205,1.8225108020642462,66.21377816687958,0.19957005808479927,-0.28555418526183113,0.9948055263079081,0.05028962399956072
3.586242986016468,2.6427840173798205,1.8225108020642462,66.26643432872858,0.20844578443130782,-0.29018502551189956,0.9946820085742667,0.0529376839986071
3.5797532627294677,2.647181590106679,1.8120916810584853,66.31295514823628,0.20396532809883122,-0.3021298174498268,0.994572715419047,0.04677467900182819
3.5797532627294677,2.647181590106679,1.8120916810584853,66.36283378093337,0.21177957065276581,-0.3039604554773619,0.9946250825862983,0.05014817499613855
3.5797532627294677,2.647181590106679,1.8120916810584853,66.41244933957488,0.22039984626230952,-0.30898132866030437,0.9945953804923447,0.049885168999026064
3.5706418015078794,2.654869103610651,1.7961255085323435,66.4621651333603,0.20771443956460744,-0.32170221774666424,0.9944860918084166,0.049991442007012665
3.5706418015078794,2.654869103610651,1.7961255085323435,66.5119112573063,0.21660478841766004,-0.3214572285140967,0.9946217252225288,0.05001511899899924
3.5641001843363154,2.660728217274632,1.7664200372421335,66.56170312948709,0.21254632260086162,-0.3144390445872634,0.9946167306705517,0.0500613659969531
3.5641001843363154,2.660728217274632,1.7664200372421335,66.61142330818373,0.2262082058129939,-0.3158501138503079,0.994920952780341,0.04997399899730226
3.5641001843363154,2.660728217274632,1.7664200372421335,66.66117281572784,0.2349943331504296,-0.32137294124090027,0.9948109455303802,0.05000900700542843
3.5588453602828247,2.6695111292884945,1.7203096845101853,66.71084937621215,0.22944690257525388,-0.2911735273561915,0.9950758062344879,0.0499223879960482
3.5588453602828247,2.6695111292884945,1.7203096845101853,66.76061275559947,0.24800128733597626,-0.29166716716403374,0.9954325707393692,0.049991713000054006
3.5545425127309636,2.678787154271427,1.6728971455852868,66.8104036580963,0.24241788106557163,-0.25809815814311826,0.9956058265939343,0.05001065800024662
3.5545425127309636,2.678787154271427,1.6728971455852868,66.8601981672855,0.26144319436977154,-0.25768305361633237,0.9959401799558572,0.0499974900012603
3.5545425127309636,2.678787154271427,1.6728971455852868,66.9108578462201,0.2707045707355094,-0.26205730388350923,0.9958296750409339,0.050871831001131795
3.554443837123037,2.681895408962354,1.618928615703932,66.95981046063567,0.2809483485470954,-0.20525575852614555,0.9959408152540955,0.049152132000017446
3.554443837123037,2.681895408962354,1.618928615703932,67.00964491225908,0.30160824941946673,-0.20611176667357947,0.9962226806698481,0.05002340600185562
3.554443837123037,2.681895408962354,1.618928615703932,67.0594441570005,0.3110847588020282,-0.20904596683498453,0.9962008513626847,0.04998916099430062
3.5553688569838666,2.695110174287841,1.5538774672740514,67.10924395873334,0.301194867595716,-0.1314884718980969,0.9963742981063987,0.0499810180044733
3.5553688569838666,2.695110174287841,1.5538774672740514,67.15909911616279,0.32124052194206276,-0.12876080234358137,0.9966045473369716,0.05002501499984646
3.557595268346468,2.7047372237960006,1.4874521343993052,67.20879278896443,0.3157737647945594,-0.044936480852859756,0.9965515488464513,0.04986563199781813
3.557595268346468,2.7047372237960006,1.4874521343993052,67.25871308480737,0.33201467238959137,-0.04202728535464251,0.9966822743898707,0.05008646900387248
3.557595268346468,2.7047372237960006,1.4874521343993052,67.30854070523074,0.34155764764813556,-0.041491149521197444,0.9965565940659253,0.049999789996945765
3.561214350988445,2.712572287942969,1.4234462456681893,67.3587794852592,0.3355421999015546,0.047753095932939714,0.9963923143987509,0.0504206819969113
3.561214350988445,2.712572287942969,1.4234462456681893,67.40816928862753,0.34658089907483086,0.05072572851575549,0.9962986393101669,0.04957329200260574
3.5662601716581888,2.7199748217204753,1.364930146618927,67.45801231628622,0.336687314116648,0.13867482328310873,0.9959248220125407,0.05004697800177382
3.5662601716581888,2.7199748217204753,1.364930146618927,67.50809988621758,0.34245117406357056,0.14087581913223607,0.9956845532265296,0.050304657001106534
3.5662601716581888,2.7199748217204753,1.364930146618927,67.55752820820811,0.3515879171143385,0.14421139329081437,0.995613431516329,0.04964609799935715
3.571863795864549,2.727386808087315,1.3092720742521535,67.60733268500101,0.3373578595644094,0.23096014408037369,0.9951149402910131,0.05004896899481537
3.571863795864549,2.727386808087315,1.3092720742521535,67.65705305833252,0.3384002608305573,0.23177958553415381,0.994845616450438,0.04997797900432488
3.571863795864549,2.727386808087315,1.3092720742521535,67.70689249358665,0.34729840772487824,0.23594807599764397,0.9947170476964221,0.05010413299896754
3.5806507361638964,2.747999294385802,1.2590385717474226,67.75650403189428,0.30263718717051097,0.3174264120881291,0.9944405323825775,0.04988889399828622
3.5806507361638964,2.747999294385802,1.2590385717474226,67.80622772856235,0.2999990984687882,0.31024333082924616,0.9940135260783508,0.05002315900492249
3.5893340304810755,2.7666807399454156,1.2399615211150727,67.8560183239474,0.2625759999753495,0.350713104057443,0.993909882298832,0.050095683996914886
3.5893340304810755,2.7666807399454156,1.2399615211150727,67.90594750593449,0.26439829267473297,0.34524060516474087,0.9936957497204075,0.05024594499991508
3.5893340304810755,2.7666807399454156,1.2399615211150727,67.95524586849827,0.27323753449470906,0.3507623492601278,0.9935310428580592,0.04961934799939627
3.5976774945585603,2.782556499641693,1.242346457144859,68.00496725005613,0.2434475425906635,0.3681242576290104,0.9936624116622145,0.050038505003612954
3.5976774945585603,2.782556499641693,1.242346457144859,68.05460983049643,0.2496708547217426,0.3651403863408217,0.9935448845486335,0.04996511100034695
3.6076645284200293,2.8070951807066065,1.2580865216236647,68.10432358004128,0.20536556915186446,0.368121249088432,0.9939035890047088,0.05001868399995146
3.6076645284200293,2.8070951807066065,1.2580865216236647,68.15454646663775,0.21408812798170845,0.3613129818715484,0.9938613217475869,0.05053309299546527
3.6076645284200293,2.8070951807066065,1.2580865216236647,68.20369500299707,0.22285353966727964,0.3676835712198388,0.9937536499121972,0.04945746500015957
3.6159631996008197,2.8294964171501693,1.2888197456686228,68.25340480347302,0.18639390793171629,0.3534419702505063,0.9942262538746893,0.049998479000350926
3.6159631996008197,2.8294964171501693,1.2888197456686228,68.30316300448952,0.19930352596791442,0.34912086943366816,0.9943944584448958,0.05003869500069413
3.6159631996008197,2.8294964171501693,1.2888197456686228,68.35286387937235,0.20786800886736567,0.3556676220457305,0.9942346185643556,0.04998908100242261
3.6217012516909226,2.843789821985041,1.3306420115397808,68.40272418549966,0.19093397265976098,0.3296557150961177,0.9946466977148127,0.05012865999742644
3.6217012516909226,2.843789821985041,1.3306420115397808,68.45230242930622,0.207416946293956,0.32998699407086307,0.9948554800191514,0.04983461899973918
3.625123210350702,2.8514209672223205,1.3760941106633473,68.50221942225737,0.20570600140193468,0.2987776343825222,0.9951885348486661,0.05015832799836062
3.625123210350702,2.8514209672223205,1.3760941106633473,68.55186514722017,0.22372091556827176,0.3016864901209957,0.9954267573150042,0.04987380999955349
3.625123210350702,2.8514209672223205,1.3760941106633473,68.60174392006424,0.2323996646286892,0.3076096737817791,0.9953601236192547,0.05011128300247947
3.62826421447386,2.862949913527432,1.429647597213834,68.65138997292641,0.22495032788908742,0.26331671802760537,0.995760288434293,0.049857434001751244
3.62826421447386,2.862949913527432,1.429647597213834,68.70127098130959,0.24408401699857832,0.264716413060289,0.9960209365600224,0.05008028099837247
3.62826421447386,2.862949913527432,1.429647597213834,68.75099651377255,0.2530745216379858,0.2697864436905167,0.9958761748088082,0.049931440997170284
3.6290310674381043,2.8767021223724267,1.483345539442204,68.80088261569166,0.24253342638320793,0.21619572243852905,0.9962866084709586,0.0500720390045899
3.6290310674381043,2.8767021223724267,1.483345539442204,68.8507754367133,0.2609541857733347,0.21657937588937476,0.9965181165161768,0.05006714900082443
3.6275501892015214,2.889033997301635,1.5360467151081008,68.90056720528847,0.25296006907180685,0.157614777926175,0.9968272146784011,0.049950249995163176
3.6275501892015214,2.889033997301635,1.5360467151081008,68.95041464304708,0.2695968889462337,0.15783776642601352,0.9969843076247649,0.0499982170003932
3.6275501892015214,2.889033997301635,1.5360467151081008,69.00018945944255,0.2789599398102165,0.1605355575544142,0.9968543424763157,0.04993188500520773
3.6272738561903908,2.901433932878536,1.5868845879819917,69.05088823129293,0.26832851730601104,0.10585219724643044,0.997116647516644,0.050845376994402613
3.6272738561903908,2.901433932878536,1.5868845879819917,69.09991044474324,0.2827400120471253,0.10588180478631161,0.9971183411424536,0.04916388700075913
3.6247940876934925,2.911686534524013,1.629137801163733,69.14973583273633,0.2745632472342163,0.05328087521192978,0.9973003742296075,0.0499602620038786
3.6247940876934925,2.911686534524013,1.629137801163733,69.1996544947027,0.2861945223320849,0.05322025086697603,0.9972168666665228,0.0500579799991101
3.6247940876934925,2.911686534524013,1.629137801163733,69.24952455323961,0.2956609007080956,0.05397067623011182,0.9971649822586713,0.050011842999083456
3.6216453653228604,2.9182392518916243,1.6838478915109008,69.2993479454519,0.29388165352126966,-0.017311525150872954,0.9971712887354972,0.0499647280012141
3.6216453653228604,2.9182392518916243,1.6838478915109008,69.34921119874342,0.30249027690618546,-0.017945079799073275,0.9970179849308023,0.050012390995107125
3.6216453653228604,2.9182392518916243,1.6838478915109008,69.3990124275661,0.3118567553953619,-0.01820712673079837,0.9968886595763073,0.0499566610014881
3.6168048171640828,2.9258863261243975,1.7351424515607936,69.44886022636432,0.3046089614830729,-0.09319963817778242,0.9968703646598931,0.05000429400388384
3.6168048171640828,2.9258863261243975,1.7351424515607936,69.49873222273628,0.30894359434709423,-0.09320603734616903,0.9966020442202776,0.05004203700082144
3.611739392605775,2.9343701318965953,1.7797452020514988,69.54850851588346,0.2971784070431857,-0.1603872039064984,0.9965591752930673,0.04994815599638969
3.611739392605775,2.9343701318965953,1.7797452020514988,69.59831798923626,0.2987180856436848,-0.15921245849526752,0.996288916584323,0.04999500900157727
3.611739392605775,2.9343701318965953,1.7797452020514988,69.64813842304632,0.30797372797361744,-0.16077310830499478,0.9961906100687019,0.05001094500039471
3.604987808525118,2.94622952332904,1.8114051789166776,69.69793800847036,0.28699939369740307,-0.21676012010425916,0.9961150075845275,0.04999381100060418
3.604987808525118,2.94622952332904,1.8114051789166776,69.74807205544582,0.2877452606048405,-0.21289070114334457,0.9958352889071445,0.05034371399960946
3.604987808525118,2.94622952332904,1.8114051789166776,69.79752600464944,0.2971906537670499,-0.21498418202984362,0.9957684369050074,0.049664106001728214
3.595995433284057,2.9603064564749992,1.8247926546447553,69.84796113833953,0.270508828278388,-0.25522483318988265,0.9957411314129722,0.05065084899979411
3.595995433284057,2.9603064564749992,1.8247926546447553,69.89709534520495,0.2730292020488935,-0.24938135232835926,0.9956694189542447,0.049347911997756455
3.5872726209799066,2.9812173133562943,1.8144153989670628,69.94688053772461,0.23656052401795946,-0.25665902511461086,0.9959990445536071,0.049985181001829915
3.5872726209799066,2.9812173133562943,1.8144153989670628,69.99670295299974,0.24462116625255503,-0.24739201794968585,0.9960530915565329,0.050019839000015054
3.5815907079422336,2.995078677286094,1.7876197467807577,70.0464122923019,0.2264079742989201,-0.23276216679689082,0.9961810209040408,0.04989990600006422
3.5815907079422336,2.995078677286094,1.7876197467807577,70.09649895774163,0.2396679077837404,-0.2276694708105048,0.9963918117966262,0.050268041995877866
3.5815907079422336,2.995078677286094,1.7876197467807577,70.14613676279457,0.24906858708296353,-0.23071112015805587,0.9962857420961592,0.04982286000449676
3.5784277874535175,3.001847778112841,1.751538989037652,70.19640620721543,0.24674998331472225,-0.20149747645677912,0.9964006176339192,0.05045103699376341
3.5784277874535175,3.001847778112841,1.751538989037652,70.24581588672615,0.2626838256185219,-0.19964063164565896,0.9967707425294208,0.04956975300592603
3.5784277874535175,3.001847778112841,1.751538989037652,70.29578561886001,0.27158091292565517,-0.20183760229421768,0.996721038170041,0.0501341199997114
3.576722656927265,3.002760808573798,1.7036930347366888,70.34548490096243,0.28219158429626096,-0.15593223556326968,0.9965836958645619,0.04986965200077975
3.576722656927265,3.002760808573798,1.7036930347366888,70.39552287320795,0.30050956122107303,-0.15509355000231242,0.9968717448409479,0.0501949949975824
3.5766788144328485,3.009440955705532,1.6462622314291038,70.44505106857113,0.3004754532971973,-0.08852156824460333,0.9967522034991817,0.04968957699747989
3.5766788144328485,3.009440955705532,1.6462622314291038,70.49498902965598,0.31881366643348574,-0.0848695957904568,0.9970108634527949,0.05008767999970587
3.5766788144328485,3.009440955705532,1.6462622314291038,70.54517794848294,0.3268227439793439,-0.08464649433761232,0.9972048817219682,0.05032959600066533
3.576507481453019,3.020815131558282,1.5862598459219117,70.59469582959552,0.3138021726680878,-0.011151902201159941,0.997039642256231,0.049664907004626
3.576507481453019,3.020815131558282,1.5862598459219117,70.64463043404776,0.327989412110277,-0.006632830237278114,0.9971179191638508,0.050078935993951745
3.576507481453019,3.020815131558282,1.5862598459219117,70.6947494672489,0.33587875704382725,-0.004860585096013794,0.9970238343525002,0.05026864100364037
3.578054720306573,3.0344180012329094,1.526609014537656,70.74461431147819,0.31514869385070765,0.07427574149737004,0.9967828436755735,0.050025784999888856
3.578054720306573,3.0344180012329094,1.526609014537656,70.79434075461425,0.32522566713672246,0.0778284035565467,0.996734396676387,0.04988936200243188
3.5803433120451147,3.0545478905342307,1.4772190899819,70.84455204780022,0.28844316210952364,0.14422977873240292,0.9965861539739556,0.0503832939939457
3.5803433120451147,3.0545478905342307,1.4772190899819,70.89415157894018,0.29503101744034715,0.1454266912416308,0.9964481137630816,0.04977633100497769
3.5803433120451147,3.0545478905342307,1.4772190899819,70.94384443779133,0.30228578893889224,0.14941550900847414,0.9963384783941587,0.049875478995090816
3.5844198312197673,3.0794798728272146,1.4282032514162044,70.9935891917474,0.2526968114462207,0.21640685645030697,0.9960634216518426,0.049941352001042105
3.5844198312197673,3.0794798728272146,1.4282032514162044,71.04328224157874,0.25582471551049973,0.21332988368107017,0.995929482347721,0.049896153002919164
3.5844198312197673,3.0794798728272146,1.4282032514162044,71.09297965579712,0.26293471898559395,0.21797647243131876,0.9957925718384102,0.0499073960017995
3.5909417937587045,3.101675827541865,1.3852110698245343,71.14271557105818,0.2154714743123333,0.28101085083495647,0.9954765398638133,0.049961915996391326
3.5909417937587045,3.101675827541865,1.3852110698245343,71.19287112130299,0.21560309319518134,0.27544202055153877,0.9951993294722588,0.050397491999319755
3.5980951761730497,3.125348865522767,1.3635525865371723,71.24223475689305,0.16698739032101043,0.31438017497260073,0.994999720354159,0.049611708003794774
3.5980951761730497,3.125348865522767,1.3635525865371723,71.29199925511654,0.16806270663634995,0.30743286839163525,0.9947564765911537,0.050026814999000635
3.5980951761730497,3.125348865522767,1.3635525865371723,71.34230790563649,0.17495117770870897,0.3129091268123725,0.9946726647704908,0.05057809699792415
3.6018654882451897,3.139350598749193,1.3683436316426427,71.39155188809886,0.1512644516749634,0.32091569899734695,0.9946972514926433,0.04950650299724657
3.6018654882451897,3.139350598749193,1.3683436316426427,71.44117669967645,0.1568250606295287,0.32020400776014823,0.9946336793620096,0.049892551003722474
3.6077347049379678,3.1610430940090715,1.38887543636534,71.49096658653094,0.11884953619832139,0.3196666692689861,0.9948702594199589,0.05004661299608415
3.6077347049379678,3.1610430940090715,1.38887543636534,71.54072827492615,0.12605315950297385,0.31593648180050404,0.994794585854072,0.050022074006847106
3.6077347049379678,3.1610430940090715,1.38887543636534,71.59087688010187,0.13253010711996688,0.3220658842272246,0.9946308705022541,0.05041931299638236
3.610770449284288,3.181494117846171,1.4199978730340543,71.64042795870972,0.10101839103392707,0.307889293301917,0.995055227578672,0.049797314997704234
3.610770449284288,3.181494117846171,1.4199978730340543,71.69006548882709,0.11061736444314627,0.3056264619473598,0.9951032053489633,0.04988179100473644
3.6139555300486483,3.2015745975379786,1.4549257310205985,71.73962333867277,0.07980042120972401,0.2918452815192716,0.9954918262999805,0.049782276997575536
3.6139555300486483,3.2015745975379786,1.4549257310205985,71.78967750885421,0.08990650116766798,0.28957976751653147,0.9955792046705623,0.05027643199719023
3.6139555300486483,3.2015745975379786,1.4549257310205985,71.83922142461977,0.09646246761987673,0.29562237877941705,0.995418038668804,0.04977196900290437
3.6159072466924913,3.2149070842404757,1.4905725760009165,71.88907030529558,0.07941978515759325,0.2802071945002234,0.9957223860021097,0.0500630309979897
3.6159072466924913,3.2149070842404757,1.4905725760009165,71.938801795324,0.0903909382657397,0.28096385462778833,0.9957692791884326,0.049942784004088026
3.6159072466924913,3.2149070842404757,1.4905725760009165,71.98896462880317,0.09690173286615698,0.2868984886584043,0.9956972168255136,0.05037960600020597
3.6179106078841783,3.2355284028193014,1.5287718691846304,72.03846678257099,0.06543124920486254,0.27086611123804033,0.9961131499328817,0.04969531199458288
3.6179106078841783,3.2355284028193014,1.5287718691846304,72.0885135771383,0.07639164147272864,0.2684946831036538,0.9962354730149681,0.05023590900236741
3.617570190761589,3.2502847469626195,1.5757814881828327,72.13879514864355,0.059220956762988705,0.24314807744809702,0.9966586912418808,0.05045014100323897
3.617570190761589,3.2502847469626195,1.5757814881828327,72.18818889524191,0.07233031228634494,0.2436438962121036,0.9967535542406154,0.049554622994037345
3.617570190761589,3.2502847469626195,1.5757814881828327,72.2377187314712,0.0790504140573306,0.2491911155939396,0.9966142013031448,0.04969810400507413
3.615615695603871,3.2678575867192117,1.6230379124439824,72.28755056476184,0.0563543243108149,0.22044935058090157,0.9971916827543936,0.04997217100026319
3.615615695603871,3.2678575867192117,1.6230379124439824,72.33742678384493,0.06928574129766579,0.22004854375609414,0.9972637169125251,0.050013068997941446
3.6130799470811934,3.278048141084253,1.6630536497135548,72.38818739100043,0.06051301246254196,0.19510695295037933,0.9976537366513437,0.050879984999482986
3.6130799470811934,3.278048141084253,1.6630536497135548,72.43721385462864,0.07275785280862432,0.1966934078108349,0.997687441293045,0.049140103001263924
3.6130799470811934,3.278048141084253,1.6630536497135548,72.48718072080027,0.0797403190449201,0.20120924898645023,0.9975592738022973,0.05008911999902921
3.6086239394318413,3.292166208795861,1.7110027028875838,72.53701452139076,0.06375556482246925,0.16663994716083078,0.9980137494305844,0.04993298000044888
3.6086239394318413,3.292166208795861,1.7110027028875838,72.58687899958854,0.07614503156886737,0.16755051958946088,0.9980435658465598,0.049962226003117394
3.6086239394318413,3.292166208795861,1.7110027028875838,72.63677203461353,0.08343320466730653,0.1715120529116184,0.9979920563373537,0.0499934189938358
3.604966013216556,3.3059566138868983,1.7496244010356767,72.68668438156901,0.06610006038616059,0.14586526752608575,0.9983318371285737,0.04999574800604023
3.604966013216556,3.3059566138868983,1.7496244010356767,72.7365968215758,0.0769521170535712,0.14673429214493083,0.9983946057367645,0.04999269799736794
3.5986632967274828,3.320235773640335,1.78684092950806,72.78656168650147,0.057991888286593574,0.11682908843235638,0.9987513609916683,0.050027331002638675
3.5986632967274828,3.320235773640335,1.78684092950806,72.836471728543,0.06820649134146409,0.11790252225563354,0.9987102230521518,0.049974497997027356
3.5986632967274828,3.320235773640335,1.78684092950806,72.88649654118949,0.0757235074925539,0.12083637492960214,0.9985965428988502,0.05009511899697827
3.5935365737553737,3.3266029855980683,1.816825637223844,72.93652176116895,0.07171252950149169,0.0940565360275395,0.9988572439221955,0.05008245200588135
3.5935365737553737,3.3266029855980683,1.816825637223844,72.98634949909498,0.08088368397888156,0.09580551345228147,0.9987709713841665,0.049889052999787964
3.5935365737553737,3.3266029855980683,1.816825637223844,73.03628298870089,0.08848144289061749,0.09821490156306975,0.9987405030481189,0.049996459994872566
3.5897011543524306,3.3313785807919594,1.8485983801341168,73.08619097512685,0.08737899598506339,0.07134940565843251,0.9988886974587025,0.04996351100271568
3.5897011543524306,3.3313785807919594,1.8485983801341168,73.13611300831317,0.09591428944925053,0.07307126337502753,0.9988020901948242,0.04998190700280247
3.5862051747839563,3.3321242319249995,1.885215422414208,73.18604081771096,0.10255468090121307,0.03941318879523271,0.9989014883281874,0.04998271599470172
3.5862051747839563,3.3321242319249995,1.885215422414208,73.23600283656728,0.11004805097101926,0.04027830325533274,0.9988293787595848,0.050020574002701323
3.5862051747839563,3.3321242319249995,1.885215422414208,73.28598948384698,0.11782249332652528,0.04170722263832802,0.9987257306696783,0.05005042500124546
3.58223537416021,3.3309612193695055,1.9185721552355048,73.33585102321888,0.12694953473334422,0.004705884206077572,0.9988421796158498,0.049919336997845676
3.58223537416021,3.3309612193695055,1.9185721552355048,73.38597697115011,0.13287635551294938,0.004691892767958811,0.9986655078804523,0.05019293000077596
3.5769399928804204,3.3324023539391905,1.9475466768576475,73.4356235575951,0.13500909855256993,-0.03184770732081842,0.9987343555385908,0.04970950099959737
3.5769399928804204,3.3324023539391905,1.9475466768576475,73.48569727518357,0.13965471411237676,-0.031481056767362806,0.9985351834477544,0.05014717399899382
3.5769399928804204,3.3324023539391905,1.9475466768576475,73.53560201205632,0.14758944944948793,-0.03108923333063858,0.9984424550392934,0.04998258699924918
3.5769399928804204,3.3324023539391905,1.9475466768576475,73.58560091623215,0.15550962857082418,-0.03084439978473015,0.9984160615501103,0.0500782250019256
3.5705321702109143,3.3390762150947193,1.9844217806685662,73.6354776491912,0.14599333253606595,-0.07441062695213913,0.9985794129156043,0.049947687999519985
3.5705321702109143,3.3390762150947193,1.9844217806685662,73.68536838780963,0.14839793628235776,-0.07224044891254847,0.9983707650390461,0.049972155000432394
3.559902259394195,3.3534458594379295,2.018136547815873,73.7354391134341,0.12005066020308436,-0.11568128989660334,0.9986267660234257,0.050139578997914214
3.559902259394195,3.3534458594379295,2.018136547815873,73.78525020224835,0.12100767044670128,-0.10847482511332088,0.9983237269565399,0.049894725998456124
3.559902259394195,3.3534458594379295,2.018136547815873,73.83518196098792,0.1295482609246298,-0.10926792519337379,0.998225722433461,0.050020509006571956
3.544336234505573,3.3729299351764457,2.0418398767898513,73.88505635410507,0.08630292357269563,-0.15111764557902327,0.9986073212411685,0.04994394899404142
3.544336234505573,3.3729299351764457,2.0418398767898513,73.93497396954241,0.08600650654525682,-0.13862511808116892,0.9983580591701576,0.0499997120059561
3.5281726790791033,3.3884316117778157,2.043469443160141,73.98490031055306,0.04998994565142419,-0.16667791373630836,0.9985531820433399,0.04999867999868002
3.5281726790791033,3.3884316117778157,2.043469443160141,74.03493387020657,0.05205978903118691,-0.1548302965732795,0.9985022664022505,0.050108609000744764
3.5281726790791033,3.3884316117778157,2.043469443160141,74.08482825510283,0.06170775775496483,-0.1571834737096776,0.998343261986114,0.049977183996816166
3.5158511222438555,3.401342902659781,2.0321475941470877,74.13475896710496,0.034165590530851955,-0.16864091803348646,0.9985002912280966,0.050005705998046324
3.5158511222438555,3.401342902659781,2.0321475941470877,74.18477173644872,0.041231398026629354,-0.15941499529869188,0.9986438352908773,0.0500806870040833
3.505373907864419,3.4130805080953133,2.0006049309891165,74.23472019204871,0.02049314737988453,-0.15391261066643816,0.9986835683762775,0.050014296000881586
3.505373907864419,3.4130805080953133,2.0006049309891165,74.28452333507694,0.03327411475084933,-0.1459226729425799,0.9990402604112403,0.049850986993988045
3.505373907864419,3.4130805080953133,2.0006049309891165,74.3345132250295,0.04242452282695432,-0.14957786003006418,0.998957136581731,0.0500420770040364
3.499293315731889,3.4180126126391395,1.9699409789711526,74.38443721431828,0.038805693821453824,-0.14034491254742198,0.9988943269672823,0.049979249997704756
3.499293315731889,3.4180126126391395,1.9699409789711526,74.43437612321944,0.05393897014791613,-0.13729017973029192,0.9992038587712789,0.04997869900398655
3.494529421119357,3.4205607096728046,1.9362487361147984,74.48432386823274,0.05654010784151012,-0.12600142072068996,0.999129108388706,0.04999128200142877
3.494529421119357,3.4205607096728046,1.9362487361147984,74.53431330065797,0.07300452531451557,-0.12386729297315618,0.9994651216539009,0.050016184999549296
3.494529421119357,3.4205607096728046,1.9362487361147984,74.58423502272835,0.08321117240492076,-0.12632152485214315,0.9993817554318521,0.0499526049970882
3.4914053759186454,3.4257986780580723,1.9024704073750829,74.63418550418552,0.08262465791952256,-0.10410765810773528,0.9992361759145877,0.049988664002739824
3.4914053759186454,3.4257986780580723,1.9024704073750829,74.68417347551218,0.10040987572912174,-0.09984366239705394,0.9995344913936324,0.05001125199487433
3.4914053759186454,3.4257986780580723,1.9024704073750829,74.73414785788869,0.11079326945727265,-0.10106608651618997,0.9994446113966402,0.050002153002424166
3.487613724109168,3.4355861836720205,1.8633593398700903,74.7841942271899,0.10130533199249442,-0.06969952690540447,0.9992903486158202,0.0500819099979708
3.487613724109168,3.4355861836720205,1.8633593398700903,74.83409321604036,0.12025724787913833,-0.06210173640579299,0.9996443847417648,0.04991674000484636
3.4852097458959337,3.440388260929143,1.8264504846882392,74.88409700008441,0.1205387929354622,-0.034207759095433596,0.9993388684234537,0.05003686499549076
3.4852097458959337,3.440388260929143,1.8264504846882392,74.93404191605985,0.1379527278154486,-0.028676984000301442,0.9995355833632456,0.04996812200261047
3.4852097458959337,3.440388260929143,1.8264504846882392,74.9841905307334,0.1480398835736309,-0.027238404486180704,0.9994164099403191,0.050177897996036336
3.48443125900654,3.447297339194153,1.7901297140461605,75.03399625722095,0.1436282266603915,0.010908812364677386,0.998998939400543,0.049855634999403264
3.48443125900654,3.447297339194153,1.7901297140461605,75.08390106460361,0.16016788794053297,0.01785964461696201,0.9991218660968508,0.04994866900233319
3.4830228328616295,3.455421618667836,1.7584621784221843,75.13384388130088,0.15192203338432467,0.05035780046063089,0.9987702398763407,0.050004310003714636
3.4830228328616295,3.455421618667836,1.7584621784221843,75.18380673255483,0.1661593780498146,0.05777807011062741,0.9987999143352245,0.050022882998746354
3.4830228328616295,3.455421618667836,1.7584621784221843,75.23372184071609,0.17532124865568693,0.061139807834325724,0.99864268038933,0.0499829510008567
3.482196138111449,3.467386671268271,1.7169555979119808,75.28361720371105,0.1567554510531698,0.10799989498000556,0.9980812854688533,0.049991281994152814
3.482196138111449,3.467386671268271,1.7169555979119808,75.33355572560126,0.169960955684619,0.11501920535115315,0.9980778714370678,0.05003469500661595
3.482196138111449,3.467386671268271,1.7169555979119808,75.38346127696701,0.17849828924845335,0.11955772080226575,0.9978909724706176,0.050011025996354874
3.480615608888076,3.487148896458919,1.6778932145910685,75.43328197554385,0.14187250368995638,0.16489419953208234,0.9973903968260013,0.049951050998060964
3.480615608888076,3.487148896458919,1.6778932145910685,75.48317791428819,0.15236491067744112,0.17019018470611966,0.9973415733660228,0.05002893700293498
3.479284496079938,3.509646808833759,1.660919764119684,75.53301303752603,0.11125368006046903,0.19609884412715203,0.9971315504168096,0.04997848399943905
3.479284496079938,3.509646808833759,1.660919764119684,75.58288723153181,0.1187330197957763,0.19955461124778862,0.9971030865074575,0.050019094996969216
3.479284496079938,3.509646808833759,1.660919764119684,75.63275117035876,0.12599691111213357,0.20449375793046673,0.9969048175472254,0.05001875600282801
3.479627831498695,3.5281498388292607,1.6618460927754508,75.68260802337534,0.09368496570222619,0.2190623822457012,0.9967972919609225,0.05001704300229903
3.479627831498695,3.5281498388292607,1.6618460927754508,75.7323841556388,0.10031283375516263,0.22209754288625236,0.9965953606653131,0.04994618099590298
3.479627831498695,3.5281498388292607,1.6618460927754508,75.782316240861,0.10734655554238666,0.22706733327470344,0.9964252361394802,0.05011122100404464
3.478393728151698,3.5527341442063474,1.6804902884575281,75.8320557637318,0.06494225566520992,0.22933197050150694,0.9966646453975553,0.049905977000889834
3.478393728151698,3.5527341442063474,1.6804902884575281,75.88187681473127,0.06959928580771474,0.23065152699306105,0.9966388055874787,0.049989073995675426
3.476829208090499,3.5762834390119136,1.707698337859214,75.93170429322377,0.02903738199372701,0.22856755680520682,0.996922378949786,0.049981301999650896
3.476829208090499,3.5762834390119136,1.707698337859214,75.98157849875314,0.03440756874946176,0.22941741669590826,0.9967326339604673,0.05003769700124394
3.476829208090499,3.5762834390119136,1.707698337859214,76.03140508907904,0.04047875331689946,0.23350962146756718,0.996571808855451,0.04999799300276209
3.474819855471585,3.5936222556245103,1.7361568297756909,76.08122100377099,0.01281970353742613,0.22908006135424155,0.9968502530723906,0.0499733179967734
3.474819855471585,3.5936222556245103,1.7361568297756909,76.13123711861401,0.01869886823665472,0.22992582225131097,0.996680863487482,0.05018267800187459
3.473113632808221,3.605681589530254,1.7614408771036563,76.18091540108647,4.4697496398571346e-09,0.2262275209843147,0.9969046620588391,0.04983253099635476
3.473113632808221,3.605681589530254,1.7614408771036563,76.23073781591788,0.0016297761485707773,0.22725995968150114,0.9968067682460569,0.04998201900161803
3.473113632808221,3.605681589530254,1.7614408771036563,76.2809562299549,0.005043618328380615,0.23114131421246914,0.9967096632616482,0.050384195004880894
3.472551974825622,3.6095851893164257,1.785266968526985,76.3304146529714,0.0021452749992808147,0.22672998556505483,0.9968866760797307,0.04961288399499608
3.472551974825622,3.6095851893164257,1.785266968526985,76.3803118775289,0.00607789186008343,0.22977500398722592,0.9968213725159807,0.050056334999680985
3.472551974825622,3.6095851893164257,1.785266968526985,76.43010247106989,0.009351661553386147,0.23368434605069136,0.9967597693963556,0.0499524510014453
3.4714955976648887,3.6118648643399696,1.8151166132861005,76.47994819109732,0.010910373708458562,0.2249381331546393,0.9969311090787035,0.04999916200176813
3.4714955976648887,3.6118648643399696,1.8151166132861005,76.52979581307842,0.015271147976595251,0.22852639627820606,0.996869141316032,0.05000417799601564
3.470146691149964,3.615915037785523,1.846418200949659,76.57987632568798,0.013049229675446444,0.2196903220590111,0.9970458361373179,0.05022889700194355
3.470146691149964,3.615915037785523,1.846418200949659,76.62950230131152,0.017396911071022675,0.2228194870670778,0.9970007716484847,0.049775263003539294
3.470146691149964,3.615915037785523,1.846418200949659,76.67937939322535,0.020705494927760828,0.22655857730240275,0.996911032881853,0.050031637998472434
3.4664286459193283,3.625926236227976,1.8793878472451495,76.72963687294495,0.005941211342873938,0.216663564806143,0.9972036167546003,0.050398412997310515
3.4664286459193283,3.625926236227976,1.8793878472451495,76.77907318308365,0.010092902969759695,0.21830385142912656,0.9971286468356464,0.04957866800396005
3.4625114278004547,3.6297562945798005,1.9072403661662256,76.82895569565164,0.008513787851239287,0.20617649958296472,0.9974120494348597,0.05001194099895656
3.4625114278004547,3.6297562945798005,1.9072403661662256,76.8788456300515,0.012791034636293028,0.20896154456232888,0.99732545703443,0.0500237250016653
3.4625114278004547,3.6297562945798005,1.9072403661662256,76.92873187227046,0.016194045247973056,0.2125044804561519,0.9972478208637899,0.05002391699963482
3.4581754398282287,3.6383918982236785,1.9396637474560439,76.9785306195565,0.0038563569181520527,0.20174595431221481,0.9975094944838881,0.049923080994631164
3.4581754398282287,3.6383918982236785,1.9396637474560439,77.02840023400199,0.007856010474844535,0.20373720992445224,0.9974703908556452,0.04999608499929309
3.4581754398282287,3.6383918982236785,1.9396637474560439,77.07833269493639,0.0112921423342998,0.20721925022558058,0.9973870651804034,0.050063273003615905
3.4554573753318083,3.6380733260120133,1.9737700310870196,77.128187092355,0.018792581476091627,0.1916212566681468,0.9976876983516894,0.04996994300017832
3.4554573753318083,3.6380733260120133,1.9737700310870196,77.17807738038191,0.023161478213378564,0.19503577997170304,0.9976137797726731,0.05000962199846981
3.4554573753318083,3.6380733260120133,1.9737700310870196,77.22792160008446,0.026611542690068855,0.19843795786403332,0.9975301551074524,0.049967632003244944
3.4554573753318083,3.6380733260120133,1.9737700310870196,77.27779313704345,0.030031205192918898,0.20182319778834476,0.9974559349459065,0.04999873699853197
3.4554573753318083,3.6380733260120133,1.9737700310870196,77.32769599090744,0.033404624859248944,0.20532688247444775,0.9974075654625196,0.050032560000545345
3.4545568211166007,3.63009483780869,2.0410025562980403,77.37756394697561,0.061284961736250566,0.16994833060156161,0.9979958826717046,0.0499680979992263
3.4545568211166007,3.63009483780869,2.0410025562980403,77.42747029430095,0.0657741465716635,0.17241946348691323,0.9979387552878135,0.05000942899641814
3.4545568211166007,3.63009483780869,2.0410025562980403,77.4773491428117,0.06941234062436774,0.17578511073531225,0.9978570686780954,0.04998596500081476
3.4545568211166007,3.63009483780869,2.0410025562980403,77.52726774003158,0.07300133106236606,0.17910589465654697,0.9977817764628167,0.05002957399847219
3.4545568211166007,3.63009483780869,2.0410025562980403,77.57714463791235,0.07656330984952736,0.1824619958927355,0.9977134753068984,0.04999120400316315
3.4579763820287397,3.6151043490269226,2.1074821519064937,77.62707777851682,0.12055300969620808,0.14036046709372063,0.99826091220724,0.05002013000193983
3.4579763820287397,3.6151043490269226,2.1074821519064937,77.67697483244125,0.12336048620122804,0.13944991055219508,0.9982276297554663,0.04998564699781127
3.456369335410228,3.608873348084874,2.1429752583113375,77.72681563156317,0.1428870418410033,0.10716808039400885,0.9986448006363585,0.049908435001270846
3.456369335410228,3.608873348084874,2.1429752583113375,77.77682423726299,0.1444322694908853,0.1081416117539736,0.9985192252490235,0.050082766996638384
3.456369335410228,3.608873348084874,2.1429752583113375,77.82672779537631,0.1484048160159259,0.11133683696115934,0.9984538895558995,0.049980834002781194
3.4537395469692025,3.6044514730418165,2.1718994529617395,77.87666505283457,0.16223901164337606,0.08046648274478821,0.9988553228739883,0.049994485001661815
3.4537395469692025,3.6044514730418165,2.1718994529617395,77.92671746151653,0.16306539739696516,0.0816882823412905,0.9987300811757821,0.050116051999793854
3.4537395469692025,3.6044514730418165,2.1718994529617395,77.97658494641169,0.16713873662882756,0.08501763005023481,0.9987392437841637,0.049930435001442675
3.44678350634073,3.6064873503281687,2.2085700397154144,78.0265055839667,0.16503217285214514,0.04779864688659134,0.9992837267973496,0.049956419999944046
3.44678350634073,3.6064873503281687,2.2085700397154144,78.07653403193854,0.1637555364541372,0.05181491855745218,0.9991271191330046,0.05007215499790618
3.44678350634073,3.6064873503281687,2.2085700397154144,78.12641333659774,0.16809511788142886,0.054926418910947204,0.9990627879360807,0.04992609599867137
3.440658634719871,3.6075237077877786,2.2391937329614526,78.17651492332173,0.16690741387038574,0.02193619452812507,0.9995299310805059,0.05012514899863163
3.440658634719871,3.6075237077877786,2.2391937329614526,78.22637058200047,0.16534202510017862,0.025714333996162072,0.999389683333617,0.049886105000041425
3.4312985154395834,3.6073983500247015,2.2794554267529636,78.2763465513308,0.1623727504107711,-0.024897636254667867,0.9999981457089242,0.04997606200049631
3.4312985154395834,3.6073983500247015,2.2794554267529636,78.3263688043056,0.15538192690565497,-0.020307695381196957,0.9999662555930348,0.05002394100301899
3.4312985154395834,3.6073983500247015,2.2794554267529636,78.37636001192034,0.16027940076282465,-0.017233653195501533,0.9999281248911619,0.049994800996501
3.421995599508285,3.6074353090520748,2.3202567101237026,78.42636309590146,0.1543722586503977,-0.0682451941794752,0.999999999525295,0.050003084004856646
3.421995599508285,3.6074353090520748,2.3202567101237026,78.4763749151436,0.14477004364390458,-0.06277599121284172,0.9999999848504648,0.05001181999978144
3.41210040336982,3.6073916785701665,2.3583494228405097,78.52632399313508,0.13621401558071944,-0.11207227224228007,0.9999999998602248,0.0499490779984626
3.41210040336982,3.6073916785701665,2.3583494228405097,78.57635672212642,0.12382469677684324,-0.10491626249256536,0.9999999998425316,0.05003272899921285
3.41210040336982,3.6073916785701665,2.3583494228405097,78.62635094611744,0.1297771353552326,-0.10152183075128912,0.9999999998501886,0.04999422399851028
3.399375938350261,3.6084777745462446,2.392099059014172,78.67636034511135,0.11209389495453558,-0.15178430941286075,0.9999999999251284,0.050009398997644894
3.399375938350261,3.6084777745462446,2.392099059014172,78.72637023310797,0.09853626948745449,-0.13983632737649251,0.9999999999284581,0.05000988800020423
3.399375938350261,3.6084777745462446,2.392099059014172,78.77640602710761,0.10536184052831163,-0.13705793788649728,0.9999999999201545,0.05003579400363378
3.38441842360955,3.612362649362782,2.4013365875419597,78.82635667410578,0.07938775568080716,-0.16720238993163475,0.9999999999530268,0.049950647000514437
3.38441842360955,3.612362649362782,2.4013365875419597,78.87641101710638,0.07431795901044967,-0.14973723976142944,0.999999999960847,0.05005434300255729
3.365096066495247,3.6176571436088882,2.3963371258293034,78.92635805810552,0.042609021324008706,-0.176718372416526,0.9999999999920065,0.04994704099954106
3.365096066495247,3.6176571436088882,2.3963371258293034,78.97644422410178,0.03912738671713178,-0.15104104570155613,0.9999999999929645,0.05008616599661764
3.365096066495247,3.6176571436088882,2.3963371258293034,79.02641219410039,0.04865212093227778,-0.15261362064693204,0.9999999999606034,0.04996797000057995
3.3499861757029508,3.6257086324994297,2.385599525045606,79.07635716509549,0.018022773314167784,-0.15832323974032664,0.9999999999643062,0.04994497099687578
3.3499861757029508,3.6257086324994297,2.385599525045606,79.12636173909866,0.023617400654829996,-0.13517681973269163,0.9999999999720595,0.05000457400456071
3.3499861757029508,3.6257086324994297,2.385599525045606,79.17636847409861,0.03232043087522721,-0.13641872597267451,0.9999999999920373,0.05000673500035191
3.3351252579583295,3.6318012398763173,2.363611918886338,79.22636668309538,0.006156232729440599,-0.13945052389353865,0.9999999999984485,0.04999820899683982
3.3351252579583295,3.6318012398763173,2.363611918886338,79.27636518609907,0.01530950017749434,-0.11775291189685758,0.9999999999990327,0.049998503003735095
3.326292392630803,3.6315340090350405,2.3363592062920104,79.3264680440956,0.01054886359686195,-0.12458892345989687,0.9999999999999437,0.05010285799653502
3.326292392630803,3.6315340090350405,2.3363592062920104,79.37636942609643,0.020875930566286203,-0.11277890810455982,0.9999999999999886,0.049901382000825834
3.326292392630803,3.6315340090350405,2.3363592062920104,79.42636236609943,0.028878668289242595,-0.11679716677254222,0.9999999999999765,0.049992940002994146
3.3216793370778084,3.6291104559504395,2.3047017196977007,79.47640155109937,0.030808498527037643,-0.11178319651346547,0.9999999999976404,0.05003918500005966
3.3216793370778084,3.6291104559504395,2.3047017196977007,79.52636963109715,0.04611187335479984,-0.10840454186482283,0.9999999999855759,0.049968079998507164
3.313699283685235,3.6316618429140215,2.2705836254639684,79.5763607990984,0.03807526619348084,-0.10469537859264329,0.9999999999903799,0.04999116800172487
3.313699283685235,3.6316618429140215,2.2705836254639684,79.62636913809808,0.054696098682854376,-0.09169968022413875,0.9999999999985133,0.05000833899975987
3.313699283685235,3.6316618429140215,2.2705836254639684,79.67657060009776,0.06247462002676364,-0.09489547095811453,0.9999999999999781,0.05020146199967712
3.309747320719165,3.630563762781871,2.2345518101504487,79.72636753809172,0.06517396893955692,-0.08233763462195576,0.9999999999999939,0.049796937993960455
3.309747320719165,3.630563762781871,2.2345518101504487,79.77658253809466,0.08334783239678885,-0.07646470102778434,0.9999999999999941,0.050215000002935994
3.309747320719165,3.630563762781871,2.2345518101504487,79.8264160440984,0.08996402015025519,-0.0780043222293444,0.9999999999992836,0.049833506003778894
3.3073822327072153,3.632438671787475,2.1977629483268726,79.87636141109654,0.09032666576131056,-0.055049143380950225,0.9999999999999939,0.04994536699814489
3.3073822327072153,3.632438671787475,2.1977629483268726,79.92641978409195,0.11005608385804547,-0.04611438357577442,0.9999999999999941,0.05005837299540872
3.303900462993107,3.6367728864886577,2.165269655628263,79.97635260909267,0.10503011103462948,-0.02756855376694409,0.9999999999998721,0.049932825000723824
3.303900462993107,3.6367728864886577,2.165269655628263,80.02637323409245,0.12236018006275787,-0.01506033833975502,0.9999999999976287,0.05002062499988824
3.303900462993107,3.6367728864886577,2.165269655628263,80.07640438309564,0.1283971566350153,-0.013907183195696603,0.9999999999999932,0.05003114900318906
3.3022526058366046,3.6367458569805713,2.1345310034444793,80.12660173809363,0.13105974753432068,0.004831521214714802,0.999999999998087,0.050197354998090304
3.3022526058366046,3.6367458569805713,2.1345310034444793,80.17635801709784,0.14541693493978539,0.012601957426295144,0.9999999999999933,0.049756279004213866
3.3009476635995876,3.638229264556233,2.10309623685551,80.2263442470963,0.14504933523517935,0.033127207189259815,0.9999999999999785,0.049986229998467024
3.3009476635995876,3.638229264556233,2.10309623685551,80.27638148109199,0.15898112016902793,0.042187142755897536,0.9999999999999816,0.05003723399568116
3.3009476635995876,3.638229264556233,2.10309623685551,80.32635998209528,0.16330587229015378,0.04532911908470145,0.9999999999987406,0.049978501003351994
3.299070753701688,3.641080896850018,2.0694494843367077,80.37636349509782,0.1582546784640837,0.07072336466635705,0.9999999999989589,0.050003513002593536
3.299070753701688,3.641080896850018,2.0694494843367077,80.42636411409555,0.17118773697733922,0.08066039081184918,0.9999999999998889,0.05000061899772845
3.299070753701688,3.641080896850018,2.0694494843367077,80.47637423709463,0.17473367682054083,0.08476176140140747,0.999999999999896,0.05001012299908325
3.2950147761697424,3.6490720003706336,2.0396841373681602,80.52647554109213,0.15723140687096077,0.11010939773845681,0.9999999999995981,0.050101303997507785
3.2950147761697424,3.6490720003706336,2.0396841373681602,80.57637991609447,0.1677168806434819,0.1227464853933536,0.9999999999994885,0.049904375002370216
3.2950147761697424,3.6490720003706336,2.0396841373681602,80.62644625509202,0.1706691877582058,0.12718392710872672,0.9999999999997171,0.05006633899756707
3.291061860905601,3.662357477423448,2.028790513608294,80.67635548509351,0.1428234637467036,0.14738724041876028,0.999999999999754,0.0499092300015036
3.291061860905601,3.662357477423448,2.028790513608294,80.72636432409705,0.14826662444425942,0.1598939794839857,0.999999999999492,0.05000883900356712
3.288877691910533,3.6709982934959497,2.0324273257549144,80.77635372809377,0.13184024121164967,0.16860661088995035,0.999999999999596,0.04998940399673302
3.288877691910533,3.6709982934959497,2.0324273257549144,80.82637454309788,0.13356131089715922,0.17805536372133862,0.9999999999974888,0.05002081500424538
3.288877691910533,3.6709982934959497,2.0324273257549144,80.87636219809258,0.13562927665342575,0.1835433345232463,0.999999999998656,0.04998765499476576
3.284328806401659,3.6830669619817256,2.048798721783031,80.92658064709572,0.11188502440128344,0.18535639066353277,0.9999999999970257,0.05021844900329597
3.284328806401659,3.6830669619817256,2.048798721783031,80.97636091809694,0.11143010022690526,0.19453288083102369,0.9999999999943427,0.04978027100150939
3.2788903926935924,3.6963314662528814,2.0693454530667763,81.02641620309373,0.08500211199772678,0.19458554214730375,0.9999999999565055,0.050055284998961724
3.2788903926935924,3.6963314662528814,2.0693454530667763,81.07641084957308,0.08403915493213822,0.20320095612959502,0.9999983493949184,0.049994729000900406
3.277631750575871,3.7005373488724693,2.0914226986253888,81.12629002457014,0.07825430512299647,0.20093038632235255,0.9999999999477608,0.04987917499965988
3.277631750575871,3.7005373488724693,2.0914226986253888,81.17636712378736,0.0772126172585265,0.20627808561515565,0.9999952516806702,0.05007733700040262
3.277631750575871,3.7005373488724693,2.0914226986253888,81.22635000203516,0.0791445923993979,0.21159092900682772,0.9997761785077206,0.04999406799470307
3.2766896337216433,3.701338962844671,2.116591602883502,81.27640119063403,0.08127794136589461,0.20401682440905952,0.999879649608834,0.050057213004038204
3.2766896337216433,3.701338962844671,2.116591602883502,81.3263224693191,0.08013598345789678,0.20843793388398515,0.9996262048434464,0.04993994599499274
3.2766896337216433,3.701338962844671,2.116591602883502,81.3763343003515,0.08215219613489919,0.21392866943248529,0.9999979610811938,0.05001193300267914
3.2775371104351305,3.700383331872708,2.1432248740932174,81.42633344234451,0.08904575609438024,0.2064058291158653,0.9999999998571298,0.049999142000160646
3.2775371104351305,3.700383331872708,2.1432248740932174,81.47632395799829,0.08815260166024107,0.21067704441888954,0.9999982927364918,0.049990601000899915
3.2775371104351305,3.700383331872708,2.1432248740932174,81.52631792767359,0.09028551363511567,0.2163202077479801,0.9998343809163307,0.05000225100229727
3.273721995605451,3.704382261642684,2.1749029114011855,81.57634284644881,0.08512492215907588,0.20362051892984198,0.9999999954895678,0.0500249190008617
3.273721995605451,3.704382261642684,2.1749029114011855,81.62632670918653,0.08394182008728095,0.20877775755127173,0.9992591049090027,0.05002092299400829
3.2689044443630824,3.7096270059041982,2.214733429151789,81.67612576973067,0.07636128697536634,0.1913724802069974,0.9969371340019083,0.04995205700106453
3.2689044443630824,3.7096270059041982,2.214733429151789,81.72594203375701,0.07444450032787164,0.19602610561753323,0.9940331989318255,0.05011529200419318
3.2689044443630824,3.7096270059041982,2.214733429151789,81.77542327098028,0.07736284986884281,0.20134852470320247,0.9914956968947375,0.04990564999752678
3.2662888552829465,3.710163673012463,2.2514145932695198,81.82485453960395,0.08058734334277769,0.1823219597619736,0.9892139350053613,0.049970250998740084
3.2662888552829465,3.710163673012463,2.2514145932695198,81.87419639054795,0.07964863808477637,0.1861922102292723,0.9863077660928714,0.050026830002025235
3.258212925503043,3.7154939480315328,2.2905886252407717,81.9233298399328,0.06920986289445766,0.16349255453760186,0.984212686005719,0.04992157699598465
3.258212925503043,3.7154939480315328,2.2905886252407717,81.97245668744965,0.06781974508216228,0.1685561911763061,0.9813044122715051,0.050062801004969515
3.258212925503043,3.7154939480315328,2.2905886252407717,82.02138263532267,0.0710600118320135,0.17307730718111097,0.9784629307189537,0.050002862997644115
3.2524675389797744,3.717417727493492,2.3293982837100757,82.0702570973134,0.06965872346132987,0.14899511622479367,0.9768388214878742,0.05003329199826112
3.2524675389797744,3.717417727493492,2.3293982837100757,82.11892085288395,0.06934491087212356,0.15311402455261772,0.9739043704700827,0.049967694001679774
3.2524675389797744,3.717417727493492,2.3293982837100757,82.16811808640006,0.07366381516680898,0.15751968584023154,0.971058491021245,0.050663512003666256
3.244305513540539,3.721387672787538,2.3684243022807476,82.21593018127965,0.0656592335924587,0.1318170065294425,0.9689997876477299,0.04934169799525989
3.244305513540539,3.721387672787538,2.3684243022807476,82.26422753335072,0.06532178171614822,0.13656657636998448,0.9661325967538467,0.049990397004876286
3.2313355706776243,3.728608562601885,2.4001571562218333,82.31247968942746,0.04509618603485031,0.11372598409363849,0.9641481606895758,0.05004641199775506
3.2313355706776243,3.728608562601885,2.4001571562218333,82.36050636683507,0.04553075363564313,0.12016127855208784,0.9612666871056506,0.0499618659960106
3.2313355706776243,3.728608562601885,2.4001571562218333,82.40858656557965,0.05428868604603329,0.12397155717940353,0.9589878942722856,0.050136398000176996
3.219320570148285,3.73457669358946,2.4267263105075108,82.45628891259346,0.038803141442410205,0.1040170107778618,0.9569671062214471,0.04984742600208847
3.219320570148285,3.73457669358946,2.4267263105075108,82.50408732657304,0.04243415556891613,0.1100086291471345,0.9540764413663032,0.05009914500260493
3.2025776354373168,3.7447912318401313,2.46202659945075,82.55150866512633,0.014159756481159552,0.0867817736111769,0.9521911445075256,0.049802330999227706
3.2025776354373168,3.7447912318401313,2.46202659945075,82.59908294465961,0.016548742841118378,0.09485250318882754,0.9492721727391553,0.05011658500006888
3.2025776354373168,3.7447912318401313,2.46202659945075,82.64640147411366,0.02415540962349441,0.09773320503190801,0.9464891652429483,0.049993736000033095
3.1925712881368775,3.7484918023652343,2.497954276879262,82.6936104091894,0.014354309899851238,0.07317032080482042,0.9444885126813947,0.04998359899764182
3.1925712881368775,3.7484918023652343,2.497954276879262,82.74070577940726,0.01675619913107004,0.07804424233370111,0.9416035112387987,0.050016137000056915
3.1925712881368775,3.7484918023652343,2.497954276879262,82.78767609464367,0.024529848906096358,0.08060951555710928,0.938868408220724,0.0500286460010102
3.1845484141965295,3.750104121554102,2.530340520650231,82.83448640105797,0.019889608905669313,0.056743766293290504,0.9368125645306724,0.04996763300005114
3.1845484141965295,3.750104121554102,2.530340520650231,82.88119626667768,0.022710917584072527,0.06061860868679762,0.9339725238822948,0.050012034000246786
3.181742162654496,3.748577934695868,2.5552949959654248,82.92820972646774,0.029355790958719492,0.041830762381168105,0.9317053330398901,0.05045958000118844
3.181742162654496,3.748577934695868,2.5552949959654248,82.97421955106671,0.03325228736066043,0.04347953814214116,0.9288894294002609,0.049532078999618534
3.181742162654496,3.748577934695868,2.5552949959654248,83.02063230335965,0.04120531064942816,0.0454495683641202,0.9262461662034316,0.050108441995689645
3.176792723648696,3.7473117432089875,2.5816412538486877,83.06668723570327,0.04391364366101768,0.021952344398615025,0.9241115461155656,0.04983698400610592
3.176792723648696,3.7473117432089875,2.5816412538486877,83.11284142366414,0.04711355237540395,0.024216865705379752,0.9213473143530532,0.050094234000425786
3.176792723648696,3.7473117432089875,2.5816412538486877,83.15885859762348,0.055275257486464516,0.026039066643620296,0.9187049322125351,0.05008917699888116
3.1719283132859304,3.745934200599717,2.605278179945816,83.20455943948194,0.05767076031693104,0.002944898125221772,0.916558747966451,0.04986133399506798
3.1719283132859304,3.745934200599717,2.605278179945816,83.25026881461008,0.06102774997315725,0.005163893414698202,0.9138297198915775,0.05001957600325113
3.1630032617823467,3.747019392702122,2.6293231990267016,83.2958546406845,0.05343610063732719,-0.018447965561275002,0.9117723766754166,0.049996936999377795
3.1630032617823467,3.747019392702122,2.6293231990267016,83.34129743801383,0.056321438721413805,-0.0138955892719456,0.9090407363976449,0.0499898359994404
3.1630032617823467,3.747019392702122,2.6293231990267016,83.38672047531523,0.06474193576433401,-0.012653838873097175,0.9064512343390227,0.05011084499710705
3.157865587994839,3.747420970169186,2.649548932246675,83.43183219801962,0.06381595778911067,-0.030883273821212278,0.9042225863481167,0.04989006400137441
3.157865587994839,3.747420970169186,2.649548932246675,83.4770346933507,0.0676454671949186,-0.028168402399641124,0.9015362252277312,0.05013941100332886
3.150312357204993,3.7454754845579434,2.6809755754800446,83.52181431284929,0.06441122381441691,-0.06276230172643847,0.8995686634424438,0.04977898999641184
3.150312357204993,3.7454754845579434,2.6809755754800446,83.56672570532395,0.06408449373135865,-0.059555949304382315,0.8968112643181085,0.0500789790021372
3.150312357204993,3.7454754845579434,2.6809755754800446,83.61143932552451,0.07266281421529565,-0.05870666339416772,0.894267181461781,0.050000292001641355
3.142099259341832,3.744737703350611,2.695063607247784,83.65612965839242,0.06622039779927409,-0.08049313471566577,0.8921759560045626,0.05009138899913523
3.142099259341832,3.744737703350611,2.695063607247784,83.70057133960377,0.06972320932647229,-0.07636084949954462,0.889571986714553,0.04995849900296889
3.142099259341832,3.744737703350611,2.695063607247784,83.74487773477121,0.07833968084540718,-0.07615073981482642,0.8870572378507118,0.04994761699344963
3.1375516714443727,3.7435216847232136,2.6899811668996403,83.78912028980163,0.07917251343232762,-0.08140133830611984,0.8847447364867003,0.05000601100618951
3.1375516714443727,3.7435216847232136,2.6899811668996403,83.833225179484,0.08760534718757189,-0.07925191360427379,0.8823274458428308,0.04998698599956697
3.1314731035440238,3.7442449090395935,2.6851448867062526,83.87725953522397,0.08430071795051217,-0.08203177759140064,0.8800172456937005,0.05003805999876931
3.1314731035440238,3.7442449090395935,2.6851448867062526,83.92110844815505,0.09296526092468273,-0.07847392611963482,0.87760688849732,0.04996418499649735
3.1314731035440238,3.7442449090395935,2.6851448867062526,83.96488742267826,0.1014204816098192,-0.07850214241419258,0.8751263500535246,0.050025889999233186
3.1278374140440075,3.744025830628759,2.6713299124138317,84.00851307733286,0.10345985389656738,-0.07340640177280981,0.8727175533223956,0.04998828600218985
3.1278374140440075,3.744025830628759,2.6713299124138317,84.05241772131848,0.11424984815999187,-0.07109465467254691,0.8703916371062457,0.05044240099960007
3.1237941272251533,3.7455848509863636,2.6508614590295196,84.09541692486138,0.11437231404422699,-0.056880880426593304,0.8678690254297781,0.04954572900169296
3.1237941272251533,3.7455848509863636,2.6508614590295196,84.13870009791815,0.1266961787366982,-0.053670082442296874,0.8656056906603162,0.05000333699717885
3.1237941272251533,3.7455848509863636,2.6508614590295196,84.18185676554124,0.13484853635130742,-0.053161256314770255,0.8631506845139787,0.04999899600079516
3.115798918646559,3.7489559657130838,2.624863791964345,84.22487765839603,0.12586668790430872,-0.03422532258827293,0.8607100853745534,0.049983024000539444
3.115798918646559,3.7489559657130838,2.624863791964345,84.26781020052731,0.1387042206329884,-0.028974411783518717,0.858464933408366,0.05001082800299628
3.110484277513317,3.750884898274504,2.5996548670267856,84.31060471712786,0.13549363333711326,-0.011058778141407096,0.8559614966335956,0.04999584300094284
3.110484277513317,3.750884898274504,2.5996548670267856,84.3535547670117,0.14759215601579256,-0.006741143509809057,0.8536849139802946,0.05031136099569267
3.110484277513317,3.750884898274504,2.5996548670267856,84.39589628518117,0.15533502117158643,-0.005167753420365025,0.8512303047149212,0.049741554001229815
3.107699032998472,3.751400696331656,2.5777933719966475,84.43828978033171,0.15733993266497448,0.01149860941917711,0.848717160337933,0.04995008600235451
3.107699032998472,3.751400696331656,2.5777933719966475,84.48069955957969,0.16813405015194405,0.01512667131823437,0.846405758487231,0.050105730995710474
3.107699032998472,3.751400696331656,2.5777933719966475,84.52281250513583,0.1755901124366571,0.017325483977382636,0.8439771472893072,0.0498982060016715
3.1053452996970323,3.753464339675722,2.5484389221204204,84.56493925028226,0.17580655177775364,0.046236007448115436,0.8412809735894956,0.05007452500285581
3.1053452996970323,3.753464339675722,2.5484389221204204,84.60682605782911,0.18673260810344164,0.05039361176041685,0.838962748060306,0.04992689799837535
3.1000846179523425,3.7565664322114767,2.511415724516409,84.65017836366738,0.17988017278214327,0.084098403026547,0.8362618947473641,0.051840585001627915
3.1000846179523425,3.7565664322114767,2.511415724516409,84.69033412307871,0.19050658358772335,0.08887394266479896,0.8338481112506025,0.04815716300072381
3.1000846179523425,3.7565664322114767,2.511415724516409,84.73195964105446,0.19697710341136887,0.09215906465538344,0.8315303345766365,0.05005892899498576
3.091858314630748,3.7631396679468345,2.480685145602683,84.77340335632795,0.18014702774324884,0.1249323016332618,0.8288763941529003,0.04999987400515238
3.091858314630748,3.7631396679468345,2.480685145602683,84.814678473165,0.18835497367797718,0.12902746853232913,0.8265107791697959,0.049938993994146585
3.0856940367530266,3.769686290205741,2.466141518546912,84.85577864994242,0.17485240229050958,0.15071338488375946,0.8239515381905334,0.0498817890038481
3.0856940367530266,3.769686290205741,2.466141518546912,84.89695580603568,0.18128627628266153,0.1544488028785688,0.8215686131928427,0.05012016699765809
3.0856940367530266,3.769686290205741,2.466141518546912,84.9379333424331,0.18743231726051365,0.1587046230249606,0.8191832750328546,0.05002242800401291
3.071043837807285,3.7821133809001197,2.4696527009316176,84.9787239088201,0.15468535831575636,0.164891355907761,0.8170807117186571,0.04992232199583668
3.071043837807285,3.7821133809001197,2.4696527009316176,85.019548212483,0.1603020636018725,0.16761100653851005,0.814706217150572,0.05010923300142167
3.071043837807285,3.7821133809001197,2.4696527009316176,85.0601966890115,0.16635587222967801,0.17187161107328472,0.8123437009932393,0.0500385199993616
3.061145468081818,3.792023604630874,2.4859817310111225,85.10073363520067,0.1449377809862697,0.1703827867462415,0.8102540514980483,0.05002992100344272
3.061145468081818,3.792023604630874,2.4859817310111225,85.14338630224776,0.15045581313105955,0.1731633979376897,0.8079204027704607,0.05279315499501536
3.061145468081818,3.792023604630874,2.4859817310111225,85.1815311199661,0.15681774999916043,0.17756137391453275,0.8054599000738286,0.04735781100316672
3.0489174907282512,3.8026303469753877,2.5124362806710074,85.22153604816751,0.13187062006980693,0.16664816446085345,0.8037208536169801,0.04977465499541722
3.0489174907282512,3.8026303469753877,2.5124362806710074,85.26156953673792,0.13766011689967145,0.1690293066892066,0.8014371795447728,0.04995212300127605
3.039478209885025,3.808759355987585,2.5429007131024033,85.30162920275426,0.12423400920182723,0.15040230079064174,0.7996693743739144,0.05009528600203339
3.039478209885025,3.808759355987585,2.5429007131024033,85.34146843661708,0.1304960328561122,0.15313971237123195,0.7974044199563541,0.04996114000095986
3.039478209885025,3.808759355987585,2.5429007131024033,85.38121323488824,0.13670682467673476,0.15682229645488097,0.7951248660048567,0.04998560599779012
3.0274273442155244,3.8150493878627576,2.5811773931795723,85.42086108650244,0.11984015413610938,0.1292457973319233,0.7935518787288979,0.04996252000273671
3.0274273442155244,3.8150493878627576,2.5811773931795723,85.46042449113837,0.12609975393971076,0.13196668115547108,0.7913100479696811,0.0499973490004777
3.0175401453160577,3.8203536274405163,2.6259355605627857,85.49991389297011,0.11371425884811771,0.10171617909186696,0.789686672431161,0.050006418001430575
3.0175401453160577,3.8203536274405163,2.6259355605627857,85.53933672822384,0.11958614674584311,0.10447455804736995,0.7874511615425314,0.05006384799344232
3.0175401453160577,3.8203536274405163,2.6259355605627857,85.57854133054158,0.12618358645464192,0.10722074333759546,0.7852177815763409,0.049928317006560974
3.0082999076619292,3.8230818258396684,2.672029429116993,85.61778682758286,0.11767838963258678,0.07054032473867822,0.7836508334003643,0.05008033599733608
3.0082999076619292,3.8230818258396684,2.672029429116993,85.65688317818201,0.12297466749251436,0.07311112962395318,0.7814082038813145,0.05003319699608255
2.9968038902950913,3.8247196863108877,2.717139474048513,85.69580379334266,0.11086195783488424,0.03174901853226199,0.7799003374450194,0.04990460100088967
2.9968038902950913,3.8247196863108877,2.717139474048513,85.73467828256803,0.1148012322975857,0.034779386053542825,0.7776295089822448,0.049991015999694355
2.9968038902950913,3.8247196863108877,2.717139474048513,85.7735124471761,0.1217621925477966,0.03631280122394553,0.775446362134789,0.05007975600165082
2.9887652681528323,3.825156931789524,2.746065640972513,85.81226703234347,0.11496494970257212,0.007984732445033962,0.7737001571709486,0.05008992800139822
2.9887652681528323,3.825156931789524,2.746065640972513,85.85081354632257,0.11937073094266865,0.010373090671917815,0.7714564900641245,0.049965894999331795
2.9887652681528323,3.825156931789524,2.746065640972513,85.88919622521759,0.12638145918626534,0.011515290444560974,0.7692969808943116,0.04989318799925968
2.9768613077856174,3.826948509290595,2.780884559170006,85.92768450456784,0.1107813879217573,-0.02228810487384076,0.7676630347285421,0.05013694499939447
2.9768613077856174,3.826948509290595,2.780884559170006,85.96582373904512,0.1137749087597728,-0.018425783023859225,0.7653864370178297,0.049830037001811434
2.9737060283970047,3.825461315140613,2.8099862697896354,86.00398784926692,0.11596006045114102,-0.04663139221982068,0.7635048729728943,0.04998541800159728
2.9737060283970047,3.825461315140613,2.8099862697896354,86.0420626727335,0.11884727200531299,-0.04595440888607614,0.7612464608414206,0.05001642099523451
2.9737060283970047,3.825461315140613,2.8099862697896354,86.08007379040068,0.12592093621403214,-0.04560914775002452,0.7591239010459666,0.0500723500008462
2.9660970810112186,3.823875436628115,2.844482090159078,86.11789282111582,0.11870690964172426,-0.08422789840174921,0.7573699515003397,0.049934686001506634
2.9660970810112186,3.823875436628115,2.844482090159078,86.15565426280634,0.11918663311580648,-0.08169331786021644,0.7550710239295724,0.050010450002446305
2.957408771300396,3.820746736059008,2.8698591128788613,86.19334467067523,0.10960792731997042,-0.11845510312514274,0.7532950579864106,0.05003405699972063
2.957408771300396,3.820746736059008,2.8698591128788613,86.23086572541305,0.10964526060121016,-0.11517116721652268,0.7510415001531151,0.04995869699632749
2.957408771300396,3.820746736059008,2.8698591128788613,86.26832674205379,0.11690846811852847,-0.11568147516811027,0.7489497821927775,0.0500180620001629
2.9382312135305604,3.8216705149209496,2.8863032837375537,86.3056444666378,0.08412241532494762,-0.144031245104703,0.7473471180898394,0.04993359000218334
2.9382312135305604,3.8216705149209496,2.8863032837375537,86.34327968057069,0.08526021858840219,-0.1335598929081337,0.7451747940734841,0.05050521600060165
2.9382312135305604,3.8216705149209496,2.8863032837375537,86.38011396582561,0.09299939688854028,-0.13458226476144763,0.7430612298747061,0.04957099600142101
2.9382312135305604,3.8216705149209496,2.8863032837375537,86.41960312008423,0.09978459999412975,-0.13573239700357517,0.7410212211986982,0.053290179996110965
2.920481099093604,3.8214907327336434,2.880569109475715,86.45409820996392,0.07139813840118456,-0.14881251520520866,0.7392208693971148,0.04666411800280912
2.920481099093604,3.8214907327336434,2.880569109475715,86.49101563953161,0.07641331122889217,-0.13981131645387046,0.7374231106411425,0.05006275099731283
2.8982869491118417,3.823754888268996,2.861907338663854,86.52793250647977,0.03933154203845644,-0.14144816101573404,0.7358037752715704,0.050172162998933345
2.8982869491118417,3.823754888268996,2.861907338663854,86.56447309111117,0.04794111447502886,-0.1289115156445149,0.7340109085103507,0.04978207300155191
2.8775266636026324,3.8259946824073454,2.833171957197111,86.60109122080792,0.01440237489857453,-0.12495115037090355,0.7323630332922149,0.04999997000413714
2.8775266636026324,3.8259946824073454,2.833171957197111,86.63763212991947,0.02546077606983098,-0.11297597913974486,0.730707407080206,0.05000757999368943
2.8775266636026324,3.8259946824073454,2.833171957197111,86.67408739475438,0.03303613626332289,-0.11552308401444604,0.7286430164314897,0.05003172199940309
2.866431053808171,3.8269760895820557,2.8028146409842525,86.71042609588513,0.018665701087091882,-0.10571812194513389,0.7268159744095741,0.049997114001598675
2.866431053808171,3.8269760895820557,2.8028146409842525,86.7466435663279,0.031126503927337183,-0.10008011684782248,0.7251561450473404,0.04994437500135973
2.852677061678367,3.8289250436960294,2.7696674224003854,86.78281455147714,0.011512767218623654,-0.09095783948206013,0.7233699206710719,0.050003440999716986
2.852677061678367,3.8289250436960294,2.7696674224003854,86.81894032564328,0.024405858163449333,-0.08317617256345752,0.7217536578816885,0.050052776001393795
2.852677061678367,3.8289250436960294,2.7696674224003854,86.85489407782694,0.03166252514135543,-0.08524997864741843,0.7197119167591027,0.04995575499924598
2.845538144511008,3.829062211981632,2.742752598847067,86.89078139200572,0.02534463672911237,-0.07703228195215064,0.7178231193956988,0.04999464799766429
2.845538144511008,3.829062211981632,2.742752598847067,86.92680799842772,0.03708747576587441,-0.07335361367873314,0.7161174219935716,0.0503082390059717
2.845538144511008,3.829062211981632,2.742752598847067,86.96262272924344,0.04411467206726185,-0.07475283204319579,0.714081833872679,0.05015493899554713
2.839611553202052,3.828560155537777,2.715366523553745,86.99791813963998,0.04057300185843324,-0.06644975729050041,0.7121678930757114,0.04956051900080638
2.839611553202052,3.828560155537777,2.715366523553745,87.03343573401038,0.052190374678627194,-0.0633602272598953,0.7104767608114669,0.049991211999440566
2.8386588785765725,3.8282344350169812,2.685375804111046,87.06884380020192,0.0581509914786925,-0.04786248979352639,0.7083374873857085,0.04998756499844603
2.8386588785765725,3.8282344350169812,2.685375804111046,87.10430669913046,0.07089879446068144,-0.04673586062978367,0.7065985394644345,0.050188186003651936
2.8386588785765725,3.8282344350169812,2.685375804111046,87.1394351148423,0.07758406630999101,-0.047112987975059265,0.7045863057533157,0.04985679600213189
2.8357486265288774,3.828392646716891,2.6563999139056844,87.17452010648206,0.07907113906213266,-0.03116820643372113,0.7025050019284867,0.04994269299641019
2.8357486265288774,3.828392646716891,2.6563999139056844,87.20956827218868,0.09091160497812605,-0.028628445543173404,0.70073944194049,0.050015973996778484
2.837590410927973,3.8280111546024256,2.6287293912490983,87.24447057761509,0.10109910930822559,-0.008226749154583712,0.698438309485342,0.049971923006523866
2.837590410927973,3.8280111546024256,2.6287293912490983,87.27931358558331,0.11244457359190914,-0.0069761520683442125,0.6966050904404522,0.050018308000289835
2.837590410927973,3.8280111546024256,2.6287293912490983,87.31404473011976,0.11872511352538402,-0.005933834837602046,0.6946067897786651,0.050001158997474704
2.838834525443966,3.827851038338485,2.6002845352700295,87.34866265757871,0.1268727622640054,0.017331957612184156,0.6922878527329962,0.050005106000753585
2.838834525443966,3.827851038338485,2.6002845352700295,87.38318961441921,0.13729942304747605,0.01958159043198805,0.6904252856573811,0.050008245001663454
2.8453612492379277,3.8268784541291625,2.5737790021516833,87.41761441915106,0.15433719327871867,0.04880257597810466,0.68784639620755,0.050047226999595296
2.8453612492379277,3.8268784541291625,2.5737790021516833,87.45389267507927,0.16345364160034076,0.05074627058971058,0.6859166271085163,0.052890182996634394
2.8453612492379277,3.8268784541291625,2.5737790021516833,87.48643044904576,0.16954038674181743,0.05339590800880357,0.683818672851985,0.04758245900302427
2.8479996496787456,3.8286498902941717,2.540933688289946,87.52015844919798,0.17507519435718802,0.09153439900167737,0.6812884899999546,0.049506193994602654
2.8479996496787456,3.8286498902941717,2.540933688289946,87.55410213697787,0.18284236276888058,0.09497210451736245,0.6793670711552396,0.04996369300351944
2.8479996496787456,3.8286498902941717,2.540933688289946,87.58797111403672,0.18824662104492537,0.09807767448313928,0.6773965574055326,0.04999874399800319
2.853442071736941,3.830167892876066,2.508145904537567,87.62172044601843,0.19671208111721283,0.14231970226325827,0.6745812701980715,0.050030046004394535
2.853442071736941,3.830167892876066,2.508145904537567,87.65536310515924,0.2020375678241089,0.14629346030187293,0.6725993841973965,0.05001886699756142
2.853442071736941,3.830167892876066,2.508145904537567,87.68889221492567,0.20706882792245815,0.14997283683572946,0.6706462823147138,0.04999522199796047
2.85273511998279,3.8354193246485253,2.49915216274542,87.72227216547454,0.201717800845231,0.17475859641496322,0.6682948930763001,0.049947936000535265
2.85273511998279,3.8354193246485253,2.49915216274542,87.75562687854851,0.2057574454883766,0.17778518873722193,0.6663512798274431,0.05005574999813689
2.846063086542528,3.843592573791151,2.5108223883268805,87.78909453209464,0.18975963776715307,0.1820554022571209,0.6645024158880191,0.05036498400295386
2.846063086542528,3.843592573791151,2.5108223883268805,87.822040428644,0.1942302117147717,0.18431794394922693,0.6625832487716646,0.04972340699896449
2.846063086542528,3.843592573791151,2.5108223883268805,87.85498495887067,0.19907091203195,0.18822250634654653,0.6606777775455018,0.04986474700126564
2.8353147081636307,3.8547387748154507,2.5259932604472244,87.8880736827413,0.17306940739559398,0.1909965291916882,0.6589623818465402,0.050213372996950056
2.8353147081636307,3.8547387748154507,2.5259932604472244,87.92079812936305,0.1775322774600155,0.19192715515867462,0.6570753649965804,0.04980318600428291
2.8125085742757654,3.8746169502152403,2.5462622215621185,87.95363188331798,0.1216233239437244,0.19507190130953103,0.6556051053503529,0.05008160199940903
2.8125085742757654,3.8746169502152403,2.5462622215621185,87.98625819978717,0.12567567209451486,0.19197310325942707,0.6537237421339417,0.04990841599646956
2.8125085742757654,3.8746169502152403,2.5462622215621185,88.01884251749264,0.13069950657912183,0.1956392567826948,0.651843539673786,0.049987942998996004
2.7899708481903915,3.8915184579873827,2.575850596531938,88.05139774156756,0.0804772593545661,0.18736447656997757,0.6505762525961941,0.0500405970014981
2.7899708481903915,3.8915184579873827,2.575850596531938,88.08381958423635,0.08566312342802995,0.18404430255264437,0.6487569759935448,0.049975328001892194
2.768543519275338,3.9053684193781084,2.616890317678472,88.11619284644038,0.042607461584346314,0.16637196836791962,0.6476153224974587,0.04998841299675405
2.768543519275338,3.9053684193781084,2.616890317678472,88.1484906524024,0.04893463714993357,0.16382844410120923,0.6458644968180324,0.05000709300657036
2.768543519275338,3.9053684193781084,2.616890317678472,88.18077099771752,0.05407566168149286,0.1670374566927679,0.644017201425295,0.05012342099507805
2.7557064943918483,3.9118683498261766,2.6553018336617042,88.21283865854436,0.0335949858322097,0.1477441598699798,0.6427419634004656,0.04989196699898457
2.7557064943918483,3.9118683498261766,2.6553018336617042,88.24508450772375,0.04062633560179929,0.14745078412803964,0.6410463967186675,0.05030189600074664
2.7557064943918483,3.9118683498261766,2.6553018336617042,88.27685672253861,0.04586616100275528,0.1503617452056819,0.6392153858172696,0.04970502200012561
2.7432631548336968,3.9160887292357254,2.7001525960719395,88.30876076678675,0.029237119595700294,0.1239063576413344,0.6380499522661471,0.050002424002741463
2.7432631548336968,3.9160887292357254,2.7001525960719395,88.34059344592383,0.03673005811903066,0.12417192148363841,0.6363774203974446,0.05002169799990952
2.7354552399872354,3.9178418800340444,2.7395431473064664,88.37230093177516,0.029624177395227207,0.10128385171341284,0.6350249083843928,0.04993108999769902
2.7354552399872354,3.9178418800340444,2.7395431473064664,88.40398711904787,0.03664766589732893,0.10221187948831853,0.6333431442099645,0.05003004700120073
2.7354552399872354,3.9178418800340444,2.7395431473064664,88.43556148587082,0.04211566050734532,0.10425254669397863,0.6315615954708563,0.04999412100005429
2.7354552399872354,3.9178418800340444,2.7395431473064664,88.46725559553582,0.04755215979299371,0.10621095383625809,0.6297884925341811,0.050325005999184214
2.7277503610570832,3.91911985105461,2.776401880517555,88.49846773338726,0.04055105150766695,0.08299156633007065,0.6284123230680165,0.04966824599978281
2.721027603974348,3.916917842521298,2.8156825841812028,88.52981056323658,0.03940534765656697,0.05041361002235398,0.6271696047886002,0.049975046000326984
2.721027603974348,3.916917842521298,2.8156825841812028,88.56109983740726,0.04521935818069098,0.05130768546780652,0.6254409405204711,0.05002754399902187
2.721027603974348,3.916917842521298,2.8156825841812028,88.59227671299276,0.0508743316289984,0.05239797147441715,0.6236942335595579,0.04998743600299349
2.7158264004848323,3.915413572785722,2.849194976227143,88.62339891748772,0.0493006078847471,0.02587026496198316,0.6222480941653566,0.05001574900234118
2.7158264004848323,3.915413572785722,2.849194976227143,88.65443557650207,0.05424827843877117,0.026706615229924086,0.620494922652597,0.05001919899950735
2.7158264004848323,3.915413572785722,2.849194976227143,88.68536497651213,0.059932946718910036,0.027391286806010873,0.6187662543762754,0.049985596000624355
2.7093693108546923,3.9140857706055927,2.871543212852876,88.71621764345217,0.05479552245669379,0.006049299711912547,0.6172907858931924,0.049980766998487525
2.7093693108546923,3.9140857706055927,2.871543212852876,88.74737147326988,0.05937243141650797,0.007124240703429326,0.6155420417298422,0.05061202599608805
2.711287206888709,3.9099595130578084,2.8967285380373493,88.77770429003189,0.07137745458135612,-0.017362023189042536,0.6138774990120565,0.04941184000199428
2.711287206888709,3.9099595130578084,2.8967285380373493,88.80836737444416,0.07493280244587608,-0.018376005224939783,0.6121267929309714,0.05009270099981222
2.711287206888709,3.9099595130578084,2.8967285380373493,88.83882196677499,0.0805848645240362,-0.018283828612568012,0.6104244030731338,0.0498908500012476
2.70960322719806,3.906659314969107,2.9184533258816456,88.86936670350089,0.08428388545919684,-0.042954264481217204,0.6088397906289521,0.05016875900037121
2.70960322719806,3.906659314969107,2.9184533258816456,88.89963331331707,0.08729184362863443,-0.04315825474201949,0.6070663663882716,0.04985716800001683
2.70960322719806,3.906659314969107,2.9184533258816456,88.92989109834372,0.09290993987595803,-0.04335751087084321,0.6053871764344033,0.04998088199499762
2.7026001639711574,3.9045938111665257,2.9428093985446013,88.96012624595957,0.08484344769850169,-0.07106897853058292,0.6039037219779761,0.05006617199978791
2.7026001639711574,3.9045938111665257,2.9428093985446013,88.99019768960285,0.08661752324168091,-0.06913437596928204,0.6021115107386914,0.049943313002586365
2.69654208517793,3.900941493927097,2.96229098272959,89.02053541710342,0.08015417871184413,-0.09736272784650084,0.6005828049214009,0.05051381300290814
2.69654208517793,3.900941493927097,2.96229098272959,89.05016285409351,0.08116621298253733,-0.09562487758086691,0.5987948285574174,0.049478444998385385
2.69654208517793,3.900941493927097,2.96229098272959,89.08001692772339,0.08680354380307478,-0.09641697424408723,0.5971513153807498,0.049994152002909686
2.69654208517793,3.900941493927097,2.96229098272959,89.10978972068403,0.09227147821638351,-0.09739039811101095,0.5955000096182438,0.049996292997093406
2.6853936052614373,3.8990190506917113,2.960425475719429,89.13950249976975,0.07529843363398746,-0.11016004588004982,0.5940633547308297,0.050016178996884264
2.6723851643787024,3.8992229092067188,2.946878392834487,89.1691490801543,0.053426628507908275,-0.1048953697096603,0.5927087847167078,0.05001879700284917
2.6723851643787024,3.8992229092067188,2.946878392834487,89.1987019182097,0.06020356169385663,-0.09952503300189887,0.5911924042868797,0.0499885280005401
2.6723851643787024,3.8992229092067188,2.946878392834487,89.22827303655374,0.06596748967784172,-0.1008297125307005,0.5895473351889772,0.050159022997831926
2.663632826878368,3.8977359160110847,2.9318076666778916,89.25771736374136,0.05441755954988382,-0.10258354791116056,0.5880768090146256,0.050068846001522616
2.663632826878368,3.8977359160110847,2.9318076666778916,89.28701649532474,0.06096056642797168,-0.09925270157045393,0.5866050783095796,0.0499469450005563
2.663632826878368,3.8977359160110847,2.9318076666778916,89.31616101059213,0.0666362526134878,-0.10063791486414021,0.5849769297394883,0.049821649001387414
2.652110094548717,3.896761287023498,2.9104530721762605,89.3456422762437,0.049681870001076676,-0.0993143718150732,0.5835865693224382,0.05051738199836109
2.652110094548717,3.896761287023498,2.9104530721762605,89.37473583583706,0.05728170995283391,-0.09437273378218065,0.5821777200559014,0.04997367400210351
2.652110094548717,3.896761287023498,2.9104530721762605,89.40364974676652,0.06300787456296984,-0.09582736487838185,0.5805574872871582,0.049803699999756645
2.652110094548717,3.896761287023498,2.9104530721762605,89.43247042209453,0.06840705425389838,-0.09659250979585132,0.5789597716978014,0.049780099994677585
2.642180315631159,3.8970955531352263,2.8900640137587845,89.46135798879742,0.05455726371812677,-0.09145277848008929,0.5775435454354402,0.050017989000480156
2.6330823113098183,3.8981070926565895,2.869169445330879,89.49013847954313,0.044837974663993134,-0.07908826064762141,0.5762962067520753,0.04994044799968833
2.6330823113098183,3.8981070926565895,2.869169445330879,89.51885946026601,0.053414922159946934,-0.07532230223470404,0.5748907718688111,0.04995902200607816
2.6227118393420006,3.900513637355426,2.851099735384598,89.54762826900028,0.03820317276575164,-0.06775005275352615,0.5734547343438207,0.05016753199743107
2.6227118393420006,3.900513637355426,2.851099735384598,89.57613412882473,0.04631073409909994,-0.0625664753638307,0.5720264377135361,0.04983311599789886
2.6227118393420006,3.900513637355426,2.851099735384598,89.60496607859972,0.05193230840205062,-0.06336990040364526,0.5704331280187853,0.050543960998766124
2.616849207241348,3.901655151359264,2.8204717648520026,89.63309871690213,0.046146883248264596,-0.047997279091410036,0.568852772036155,0.049455043001216836
2.616849207241348,3.901655151359264,2.8204717648520026,89.66169667239146,0.05602442538301487,-0.04531177084900427,0.5675265233159806,0.05039051800122252
2.616849207241348,3.901655151359264,2.8204717648520026,89.6898005322799,0.06149447168174659,-0.045877696614016916,0.565927610754069,0.0496598140016431
2.6061337237494238,3.904635597828914,2.7877569574105343,89.71806290430162,0.04492703066205039,-0.028711770854594924,0.564446817829763,0.050070920995494816
2.6061337237494238,3.904635597828914,2.7877569574105343,89.7463103139784,0.054689048385291456,-0.02396240609638507,0.5631054870715362,0.05016362000606023
2.6012914265391993,3.907287645128807,2.7541936472082997,89.77421367610664,0.04931687541206071,-0.0028978642883898814,0.5614002647659921,0.04970315099490108
2.6012914265391993,3.907287645128807,2.7541936472082997,89.80224732540097,0.05882983914113996,-0.00018516506172340302,0.5600169483851581,0.050058573004207574
2.6012914265391993,3.907287645128807,2.7541936472082997,89.8301402095563,0.06394614591735234,0.00016420061850570914,0.5584364578685198,0.049948178995691705
2.6012914265391993,3.907287645128807,2.7541936472082997,89.85800634547574,0.06897777744913251,0.000899841490001888,0.5568650087043063,0.050041097005305346
2.6012914265391993,3.907287645128807,2.7541936472082997,89.88575321197769,0.07398925699340388,0.0016668745267259656,0.5552944732916124,0.04996784199465765
2.6012914265391993,3.907287645128807,2.7541936472082997,89.91350660275765,0.07897350728104363,0.0024719451070886406,0.5537304789143644,0.05012075700506102
2.597176029489388,3.910826825554137,2.7018886276705403,89.94117638780504,0.07295973256876515,0.04008202113302795,0.5518069714262275,0.05014395699981833
2.597176029489388,3.910826825554137,2.7018886276705403,89.96854685629215,0.08253624122348643,0.04253403293614664,0.550389154671784,0.04972930199437542
2.6010141695822067,3.9102502690627636,2.6781437767686316,89.99598023484738,0.09364146875071822,0.06105273916473021,0.5484957273778679,0.050015665001410525
2.6010141695822067,3.9102502690627636,2.6781437767686316,90.0233194044173,0.09984201773556671,0.06279660290966521,0.5469600485499203,0.04998385100043379
2.6010141695822067,3.9102502690627636,2.6781437767686316,90.05060677184099,0.10441798400826847,0.06453070267328832,0.5453985333445194,0.050031978003971744
2.600203423839426,3.9129664427774213,2.6685110314647305,90.07778325060976,0.10393000801050334,0.07908143712053063,0.5436247641159596,0.049991244995908346
2.600203423839426,3.9129664427774213,2.6685110314647305,90.10504729435638,0.10877306626623225,0.08115368468681732,0.5420734264670317,0.050295850000111386
2.6051244110845904,3.913140382596966,2.6683625027205466,90.13188469212197,0.12093029940257012,0.09040026786796027,0.5402535742878742,0.049675558002491016
2.6051244110845904,3.913140382596966,2.6683625027205466,90.15884698248706,0.1251683184043399,0.09245015785328041,0.5387192953808283,0.05004886700044153
2.6051244110845904,3.913140382596966,2.6683625027205466,90.1857506239923,0.12953569756521613,0.09462192383374082,0.5371793182609709,0.05008316699968418
2.6113368088003983,3.9146689166679236,2.6708200781996614,90.21245927395654,0.14197759774773935,0.10823968798915097,0.5352643712692964,0.04989805299555883
2.6113368088003983,3.9146689166679236,2.6708200781996614,90.23930352001156,0.14582625979138786,0.11067432131404659,0.5337501742710996,0.05029365300288191
2.6113368088003983,3.9146689166679236,2.6708200781996614,90.26574170380556,0.15011558642255574,0.11303486032200316,0.532220426286189,0.049675251997541636
2.614108566091793,3.916324055703781,2.6823394122532758,90.29235742961751,0.15741397823884767,0.11589496459028177,0.5306012366295715,0.050161447004938964
2.614108566091793,3.916324055703781,2.6823394122532758,90.31876348581665,0.16147987901409214,0.11824590571999637,0.5291126387708732,0.04990630399697693
2.6154948135738123,3.9186903531430173,2.704078976361447,90.34512149903377,0.16658990548268657,0.11343603396526644,0.5276336889330808,0.04995513700123411
2.6154948135738123,3.9186903531430173,2.704078976361447,90.37144353525143,0.17091005079621735,0.11551414905528572,0.5261839676388262,0.05002439799864078
2.6154948135738123,3.9186903531430173,2.704078976361447,90.39767978161584,0.17517696171849179,0.11784104685860779,0.5246922389569884,0.05000311500043608
2.612474219679773,3.9206174202753497,2.7283326422568956,90.42382247934066,0.1740633353407424,0.10299997778454323,0.5234686322851437,0.04994128800171893
2.612474219679773,3.9206174202753497,2.7283326422568956,90.44997758475702,0.17865278999679632,0.10478116458171836,0.5220252537634426,0.050103141998988576
2.612516058867285,3.921560504834504,2.761033077394089,90.47593771926628,0.18440626652878475,0.08378878850815387,0.5207978628056893,0.04984685299859848
2.612516058867285,3.921560504834504,2.761033077394089,90.50204307365752,0.18890386522535146,0.08527848286779793,0.5193714855038987,0.050263356999494135
2.612516058867285,3.921560504834504,2.761033077394089,90.52787553424629,0.19332564049806744,0.08718162363573528,0.5179020271174912,0.049879049001901876
2.612516058867285,3.921560504834504,2.761033077394089,90.55369774152726,0.19768717585360465,0.08905743765789904,0.516448339208764,0.049999593997199554
2.6087862845238052,3.923960204339198,2.796341602946647,90.57944107953905,0.19539712215326951,0.06438522419886854,0.5153262973068545,0.049955413000134286
2.6052131147767246,3.925486195477182,2.8341890144900406,90.6051686054006,0.19372651499092822,0.034732528402970364,0.5142351984528339,0.05003065900382353
2.6052131147767246,3.925486195477182,2.8341890144900406,90.63077232309683,0.19723575255482123,0.03590193037498249,0.512773479519882,0.049931829002161976
2.6052131147767246,3.925486195477182,2.8341890144900406,90.65677497157287,0.20176204371790474,0.03711539380563123,0.5113431090095534,0.05085166499338811
2.605856366255584,3.9243433767377556,2.874844913050688,90.68191834950679,0.20984179871134515,-0.0004954301487227614,0.5101672355143201,0.0492845800035866
2.605856366255584,3.9243433767377556,2.874844913050688,90.70730769951221,0.21201124187791248,-0.000686973398535282,0.5086975381490096,0.04991050300304778
2.605856366255584,3.9243433767377556,2.874844913050688,90.73283350000526,0.21656987417530416,0.00015830409200134985,0.5072844658055442,0.05031851399689913
2.5996461806947777,3.925302770299972,2.917618130419466,90.75800211335736,0.20919559608633354,-0.04079211832930039,0.5062300062933134,0.0497177430006559
2.5996461806947777,3.925302770299972,2.917618130419466,90.78323851545849,0.20983608648929047,-0.03902785239538761,0.5046964985156327,0.050003124997601844
2.579455386189769,3.9275527765379215,2.9619146741349676,90.80839839053455,0.17327749835312187,-0.08811249987979579,0.5039054281609054,0.04992975600180216
2.579455386189769,3.9275527765379215,2.9619146741349676,90.8335360349503,0.17129448072645298,-0.0793164164241526,0.5023007272797505,0.05004500899667619
2.579455386189769,3.9275527765379215,2.9619146741349676,90.85857779921281,0.17633305429308438,-0.07928610019963186,0.5008969857470924,0.049993840999377426
2.552452347520809,3.9301510784082216,2.9975030482607843,90.8835853767107,0.12471689088965024,-0.11959177150125545,0.5001500394960221,0.05000015100085875
2.552452347520809,3.9301510784082216,2.9975030482607843,90.90850596627061,0.12229323037452457,-0.10512067058763819,0.49855165483596514,0.049985973004368134
2.5256503169926594,3.9310001208133776,3.020140598658032,90.93333217308572,0.07189252924039069,-0.13468391394241244,0.497706577617294,0.04988121100177523
2.5256503169926594,3.9310001208133776,3.020140598658032,90.9581907436335,0.07012895630631098,-0.11830971170214369,0.4961807167040385,0.05009983199852286
2.5256503169926594,3.9310001208133776,3.020140598658032,90.98291675590221,0.0758684122704641,-0.11909526284979254,0.49477447042495654,0.04997430899675237
2.50423502206242,3.9315770251254287,3.0266515665903357,91.00761038705565,0.03593104552174336,-0.1327010743515087,0.4938276353736944,0.05000455499975942
2.50423502206242,3.9315770251254287,3.0266515665903357,91.03223758287271,0.037436423853005656,-0.11953084595418949,0.4924311594671573,0.05001144899870269
2.50423502206242,3.9315770251254287,3.0266515665903357,91.05678910181933,0.042892102063418494,-0.1207573905222934,0.4910432540246689,0.049998689006315544
2.481200990763339,3.932431862805251,3.0191043891907814,91.08129414551468,0.00042940047586550317,-0.1253558957908695,0.4901333501674104,0.04999668699747417
2.481200990763339,3.932431862805251,3.0191043891907814,91.1057393843074,0.004382170694368647,-0.11090981714149287,0.4888869217133736,0.05000182599906111
2.481200990763339,3.932431862805251,3.0191043891907814,91.13011037020784,0.00987767747361109,-0.11258195798457038,0.4875043292859531,0.04999132199736778
2.4692319669900935,3.931328412018739,2.9984821743105714,91.15443683243137,2.1804256664093025e-10,-0.1118992894216804,0.4865320857771432,0.04999970800417941
2.4692319669900935,3.931328412018739,2.9984821743105714,91.17870175281317,5.824589155073135e-10,-0.10425581991541129,0.4853563106609805,0.04999403499823529
2.4602951136853815,3.9305637645322,2.9723431254216743,91.20291765558414,1.351368303196027e-10,-0.10116805386844667,0.48434278595879643,0.0499974470003508
2.4602951136853815,3.9305637645322,2.9723431254216743,91.2270798117393,2.630411990965055e-10,-0.09506409580361315,0.48322077900657223,0.05000231199664995
2.4602951136853815,3.9305637645322,2.9723431254216743,91.25120402753737,7.614704828901266e-10,-0.09783036947206279,0.4817939052681501,0.05007165000279201
2.459022071418848,3.9290839197164753,2.949552969279359,91.27519265814612,1.3095160719124789e-05,-0.09311885197345948,0.48045641695157987,0.04992883800150594
2.459022071418848,3.9290839197164753,2.949552969279359,91.29916974952783,0.007598995967245594,-0.09409209320376605,0.4793932444962966,0.050015496999549214
2.4536633471728013,3.9292334858303763,2.9251324299933428,91.32307389976786,0.00198417078217242,-0.08709077969413957,0.47815183954024704,0.04999280199990608
2.4536633471728013,3.9292334858303763,2.9251324299933428,91.34692816481741,0.010431141461682968,-0.08471924025107563,0.4771052535153569,0.04999790900183143
2.4536633471728013,3.9292334858303763,2.9251324299933428,91.37072380010983,0.015028151716521347,-0.08646259409043054,0.4757792307983983,0.050014026994176675
2.452979634748838,3.9285058506233748,2.899345598280643,91.39442759806593,0.019118883617735543,-0.0770984120944666,0.4744387244573597,0.04996176900021965
2.452979634748838,3.9285058506233748,2.899345598280643,91.41810796968608,0.027949991615410723,-0.07765297009340735,0.47338907690115833,0.05002306300593773
2.452979634748838,3.9285058506233748,2.899345598280643,91.44172881846227,0.032357591885664,-0.07908191849200001,0.47207766502993853,0.05003593799483497
2.44838225158648,3.929064411114637,2.874280692207784,91.46527044586401,0.02828138742553836,-0.06872153043765439,0.47080065595276244,0.05000338700483553
2.44838225158648,3.929064411114637,2.874280692207784,91.48873937293367,0.036878502662752624,-0.06654381684753034,0.4697362643868034,0.04996192299586255
2.4438448511309665,3.930177618052847,2.8529643944642107,91.51215873327943,0.03263655147519218,-0.05719345660468931,0.4684375826486034,0.04999462300474988
2.4438448511309665,3.930177618052847,2.8529643944642107,91.53552653912784,0.04059720528031245,-0.05477408329235826,0.46732528289398934,0.05000329899485223
2.4438448511309665,3.930177618052847,2.8529643944642107,91.5588234171727,0.045081360814462686,-0.055504118205643084,0.46601407103511444,0.04999179100559559
2.441199906798138,3.930852853532407,2.8366681184898948,91.58205945071158,0.04432953296317195,-0.04749515228457593,0.464694824473641,0.0500027809976018
2.441199906798138,3.930852853532407,2.8366681184898948,91.60524618435724,0.05127790718611522,-0.04605368889377961,0.463527763430645,0.05002231899561593
2.441199906798138,3.930852853532407,2.8366681184898948,91.62837092061673,0.055647302554686695,-0.04639748346764784,0.4622267353342805,0.05002898900420405
2.4382654450871324,3.9323233194726446,2.8150797046643437,91.65140501642291,0.05392942441317272,-0.03316391336269267,0.4608470929463829,0.049982078999164514
2.4382654450871324,3.9323233194726446,2.8150797046643437,91.67437690895562,0.061612297907370224,-0.03134908064662984,0.45970256579656965,0.04997120799816912
2.4382654450871324,3.9323233194726446,2.8150797046643437,91.69729757254198,0.06589578080653843,-0.03143302761449581,0.4584079450024781,0.05000058100267779
2.4382654450871324,3.9323233194726446,2.8150797046643437,91.72018165555622,0.0701091672155975,-0.031131872102481726,0.45711549532410783,0.05006192799919518
2.435444408088073,3.934477665623238,2.7624649657140723,91.74292058748156,0.06814061213949357,0.0024185323298553767,0.4554933713508192,0.04992154300271068
2.435444408088073,3.934477665623238,2.7624649657140723,91.7656466840341,0.07885721892899791,0.004532145108108769,0.45445297235277154,0.050007587000436615
2.435444408088073,3.934477665623238,2.7624649657140723,91.78832966583279,0.08292165533092263,0.004904718686014953,0.45315791766606,0.05005535799864447
2.435444408088073,3.934477665623238,2.7624649657140723,91.81091701807213,0.08694006189410847,0.00578902194618196,0.45186686180107577,0.04998674200032838
2.435444408088073,3.934477665623238,2.7624649657140723,91.83343842965594,0.09092541703150901,0.0066909229771808095,0.450579076536593,0.04998326100030681
2.435444408088073,3.934477665623238,2.7624649657140723,91.85589844526214,0.09489317656302841,0.007624789205705472,0.44929504150063904,0.04998945799889043
2.4274315620796383,3.9383959218243354,2.712979763970307,91.87829407605506,0.080238270506446,0.04073497256896217,0.4477235422130931,0.05002111499925377
2.4274315620796383,3.9383959218243354,2.712979763970307,91.90063146641928,0.0883638569838783,0.04314971952593834,0.446583098528286,0.050018440997519065
2.4274315620796383,3.9383959218243354,2.712979763970307,91.92287411965066,0.09210069781996462,0.04430215926157341,0.44529700790958215,0.04995015200256603
2.4219694404262837,3.942742492799214,2.6984325312869086,91.94508802731463,0.08123873597566908,0.05988629526463404,0.44384374563025436,0.05004893700242974
2.4219694404262837,3.942742492799214,2.6984325312869086,91.9672170171593,0.08581533511166356,0.061973519608356904,0.44258131055641087,0.04999982899607858
2.412982307716602,3.9484141918100493,2.7022346842735003,91.98926664159839,0.06794505907877563,0.06601268005953805,0.44138827279008447,0.04995516600320116
2.412982307716602,3.9484141918100493,2.7022346842735003,92.01129395769476,0.07128778705669148,0.0682389149205708,0.440105529865744,0.05005007799627492
2.412982307716602,3.9484141918100493,2.7022346842735003,92.03321731365463,0.074844577194101,0.06976346709768569,0.4388348364452118,0.04995810300169978
2.406893918266204,3.9532462081377684,2.7138447447693386,92.05511890980344,0.06301323512307141,0.07098631761158537,0.43762246587444215,0.05004678200202761
2.406893918266204,3.9532462081377684,2.7138447447693386,92.07692390044316,0.06598514002479007,0.07271921735925074,0.436347876584318,0.04997157499747118
2.3980035606894923,3.9594934837349673,2.7277663568054598,92.09867013131856,0.047869115418273614,0.07366769368227101,0.4351939503159937,0.04996905600273749
2.3980035606894923,3.9594934837349673,2.7277663568054598,92.12036588750146,0.05077252279924799,0.07514349227028892,0.433932402887207,0.04999800899531692
2.3980035606894923,3.9594934837349673,2.7277663568054598,92.14202290938947,0.0542817287950059,0.0765955014161141,0.4326877079504605,0.05005231600080151
2.380905452563978,3.967975648764019,2.7451587454854858,92.16361163685428,0.01986940363369457,0.07335196794832591,0.4318047842562294,0.049996499001281336
2.380905452563978,3.967975648764019,2.7451587454854858,92.18512828095697,0.02274604163570444,0.07439221369733445,0.4305498877790489,0.049974799003393855
2.366308059895656,3.9751827342962143,2.761691852987747,92.20657465043541,3.349308920486127e-10,0.07234744795650025,0.4296775636369774,0.049912704998860136
2.366308059895656,3.9751827342962143,2.761691852987747,92.22802498609622,6.417616974305638e-10,0.07249447371589973,0.42840518098127317,0.05007020599441603
2.366308059895656,3.9751827342962143,2.761691852987747,92.24940296127988,0.0003280704131034746,0.07367634640336336,0.4271393779172619,0.050049179000779986
2.357933167336128,3.978330356164883,2.7812665342570995,92.27070300944112,1.6393688912885035e-10,0.06755483876769625,0.4263576454798751,0.049958171002799645
2.357933167336128,3.978330356164883,2.7812665342570995,92.29198079500331,2.136925437088188e-10,0.0676367491841728,0.425112471983567,0.050052131999109406
2.357933167336128,3.978330356164883,2.7812665342570995,92.31314130586738,3.1130427862386944e-10,0.06873028684425989,0.42385528260111566,0.04992390500410693
2.345927102683461,3.9828761421507477,2.8038694733051894,92.33431397592166,7.779756462253504e-11,0.06251678832926091,0.4233205969494556,0.0500156859998242
2.345927102683461,3.9828761421507477,2.8038694733051894,92.35541741247982,6.505519366506944e-11,0.061886503903465,0.422041568577165,0.05000321799889207
2.3377514988634296,3.9855018346639803,2.8264730448916353,92.37649413235472,8.002501985340636e-12,0.05523389738233566,0.4214427927014312,0.05001086799893528
2.3377514988634296,3.9855018346639803,2.8264730448916353,92.3974991611138,9.15011799538329e-12,0.054971980078316905,0.4201777450071601,0.04999081700225361
2.3377514988634296,3.9855018346639803,2.8264730448916353,92.41846070746533,6.972562692234694e-11,0.05577781716613428,0.41889510723815004,0.050040083995554596
2.3377514988634296,3.9855018346639803,2.8264730448916353,92.4393269377682,7.942766507050086e-11,0.05657663790873266,0.41761704654136916,0.04996498700347729
2.3377514988634296,3.9855018346639803,2.8264730448916353,92.46013702467266,7.010136709003247e-11,0.05739011056643522,0.416344952428265,0.04998280099971453
2.3246706727605964,3.988992235261812,2.865316009749504,92.48092886490892,3.5883947744030524e-12,0.04412852742432271,0.41619137483513735,0.04995740299636964
2.3246706727605964,3.988992235261812,2.865316009749504,92.50170084539816,6.9974954787807625e-12,0.04365808197283978,0.41495290319346134,0.05005864600389032
2.3246706727605964,3.988992235261812,2.865316009749504,92.5224049478403,7.778343290146975e-12,0.04431151044788975,0.41368698605623105,0.05004774899862241
2.3246706727605964,3.988992235261812,2.865316009749504,92.54301516544702,8.831633673919977e-12,0.04494571510924504,0.412427640466587,0.04997292999905767
2.3246706727605964,3.988992235261812,2.865316009749504,92.56358617739936,9.722694996550422e-12,0.045594217000031884,0.4111748580871101,0.05002983900340041
2.3246706727605964,3.988992235261812,2.865316009749504,92.58409932739201,7.66017700149446e-11,0.04625336351709974,0.409924910193792,0.050041237998811994
2.312082868362092,3.992499777270207,2.9048120246820073,92.60454477226088,3.9972297360307034e-11,0.034081216136060605,0.4097662184691075,0.049895388998265844
2.312082868362092,3.992499777270207,2.9048120246820073,92.62497019533942,5.4167689683181376e-12,0.03358747834576587,0.4085054876732776,0.05000036399724195
2.312082868362092,3.992499777270207,2.9048120246820073,92.6453346519143,6.914017465344823e-12,0.034081767463853045,0.40726038703974193,0.05000352900242433
2.312082868362092,3.992499777270207,2.9048120246820073,92.66563484999003,7.729904246847948e-12,0.03457498328791754,0.4060241734005545,0.04999751099967398
2.312082868362092,3.992499777270207,2.9048120246820073,92.68589494032805,8.58650145517209e-12,0.0350799093734015,0.4047918659684181,0.05005063599674031
2.300031090661332,3.9940442756995265,2.9461056493419315,92.70612469922857,5.709537807012989e-12,0.019502123119032252,0.40470142022088507,0.04998687400075141
2.300031090661332,3.9940442756995265,2.9461056493419315,92.7262806138732,5.322069944801895e-12,0.019405210377550112,0.4034434844727882,0.049959698000748176
2.300031090661332,3.9940442756995265,2.9461056493419315,92.74638691258048,3.526648317644029e-11,0.01967586276890993,0.40217069552800844,0.04999443999986397
2.2970643457603925,3.9926055586526648,2.969050715858675,92.7664548498399,5.259652094445772e-12,0.008504325434186832,0.40124201583889507,0.05001454600278521
2.2970643457603925,3.9926055586526648,2.969050715858675,92.78648749837214,3.5640139544882922e-12,0.008578083232371103,0.3999814977334175,0.05008393799653277
2.289487930754558,3.9923100657595887,2.9954108185314903,92.80643035832045,5.568091616566318e-12,-0.0030810841324904158,0.39952926309411063,0.049915893003344536
2.289487930754558,3.9923100657595887,2.9954108185314903,92.82639016430495,5.683453835521711e-12,-0.0026858861915284465,0.39826539735215327,0.05011684700002661
2.289487930754558,3.9923100657595887,2.9954108185314903,92.84621171863385,5.392095387318295e-12,-0.0027154838958691166,0.39701664642856804,0.049926255000173114
2.2811091137980353,3.99222435872373,3.0179692998267695,92.86603426316844,4.529839032389905e-12,-0.01273923365636482,0.3966499455223228,0.049974907997238915
2.2811091137980353,3.99222435872373,3.0179692998267695,92.8858024471021,4.8077802622948124e-12,-0.012018986590735786,0.39538455496398917,0.04999736000172561
2.266639243239914,3.9920861468189357,3.0411234481002,92.90555769277252,3.1941806116649725e-12,-0.02362526672652627,0.3958687818310615,0.049903519997315016
2.266639243239914,3.9920861468189357,3.0411234481002,92.92531284315284,3.364555028884699e-12,-0.021692248004568853,0.39456161382671207,0.050068607000866905
2.266639243239914,3.9920861468189357,3.0411234481002,92.94499615011155,3.917456400892156e-12,-0.021941432135786094,0.39326313099071786,0.050051238999003544
2.2600109273273015,3.9906416818372303,3.0435768072411054,92.96462023798574,2.8701382760591324e-12,-0.027207435222304375,0.3928597828624165,0.04995188800239703
2.2600109273273015,3.9906416818372303,3.0435768072411054,92.9842035070222,3.1413652492273096e-12,-0.026471369829764866,0.3915838999211956,0.05001040400384227
2.2600109273273015,3.9906416818372303,3.0435768072411054,93.00372871650248,3.484217376630544e-12,-0.02680660704298889,0.39029523339726474,0.05002676899312064
2.2540423386600446,3.9893477096143752,3.0287880841384696,93.02321486478895,2.7865840412617884e-12,-0.02681219123627991,0.38979599010584093,0.0499906330005615
2.2540423386600446,3.9893477096143752,3.0287880841384696,93.04263407282227,3.0764332171246613e-12,-0.02614161751464095,0.38855818028274003,0.04997760700643994
2.2540423386600446,3.9893477096143752,3.0287880841384696,93.06203562638866,3.3283728557013803e-12,-0.026519732589469606,0.3872797563825499,0.05009699899528641
2.2540423386600446,3.9893477096143752,3.0287880841384696,93.08131184207319,3.9364809418513314e-12,-0.026842419608090674,0.3860061033388679,0.04993759300123202
2.2540423386600446,3.9893477096143752,3.0287880841384696,93.10055970252577,4.1072985754379e-12,-0.027162581069177832,0.384740477055262,0.05002816599881044
2.250534871172323,3.988137550059359,3.0127147963336083,93.11975218516508,3.977570498501929e-12,-0.026103950700784768,0.3839387880279647,0.049988391998340376
2.250534871172323,3.988137550059359,3.0127147963336083,93.13885959585322,4.117411901849401e-12,-0.025808731199382866,0.382720503374895,0.049925234001420904
2.250534871172323,3.988137550059359,3.0127147963336083,93.15795848778362,3.9179809738991e-12,-0.026153005330205287,0.38146303132073467,0.05006747800507583
2.250534871172323,3.988137550059359,3.0127147963336083,93.1769588519801,9.186137219517051e-12,-0.026438328722706007,0.3802091978301664,0.0499734469995019
2.250534871172323,3.988137550059359,3.0127147963336083,93.19592287454284,4.250134417461002e-12,-0.026743540659478114,0.3790054828122537,0.05003627499536378
2.237188667563801,3.9893463601875068,2.988963502728493,93.21488035547529,2.9137572943874733e-12,-0.02204534043387882,0.3794925128794396,0.049954822003201116
2.237188667563801,3.9893463601875068,2.988963502728493,93.23379284473943,3.272472142246661e-12,-0.020055462767107696,0.3782963157316669,0.049993849999736995
2.237188667563801,3.9893463601875068,2.988963502728493,93.25265090542595,3.647885329450973e-12,-0.0203789264433407,0.37704552865363,0.05001534099574201
2.229598238989085,3.990536288509946,2.9720092284323187,93.27149030038368,3.1088915283666495e-12,-0.016257352161215745,0.37683717436813813,0.04999346200202126
2.229598238989085,3.990536288509946,2.9720092284323187,93.29026924868597,2.9018651636638735e-12,-0.015266562389034665,0.3756079554503697,0.049996141002338845
2.2253762297302786,3.9908999593085968,2.950255504872856,93.30901202298986,3.240241184295398e-12,-0.01040051917566851,0.3749673913751995,0.04998507799609797
2.2253762297302786,3.9908999593085968,2.950255504872856,93.32770131988,2.859446792018451e-12,-0.010010587788083523,0.37373120858394376,0.05000732200278435
2.2253762297302786,3.9908999593085968,2.950255504872856,93.34632748437897,3.0446606744919847e-12,-0.010151192170012088,0.37249886898014634,0.050003277996438555
2.2253762297302786,3.9908999593085968,2.950255504872856,93.36489891427723,3.382910746366794e-12,-0.010303592103896869,0.3712722923067865,0.0500210500031244
2.2253762297302786,3.9908999593085968,2.950255504872856,93.3834122809045,3.82835509262652e-12,-0.010448112902251906,0.3700493068800919,0.050029459001962095
2.2253762297302786,3.9908999593085968,2.950255504872856,93.40184511849256,4.451615236034553e-12,-0.010583293855988342,0.36883013145298316,0.049976495996816084
2.210424508146251,3.994279709781357,2.9110943050803217,93.42034667299116,2.5876559843747537e-12,0.0007867854665034035,0.3697763067003642,0.0500344510001014
2.210424508146251,3.994279709781357,2.9110943050803217,93.43876346218646,3.1242266810833924e-12,0.0015651060051296056,0.36854503641473824,0.049971610998909455
2.210424508146251,3.994279709781357,2.9110943050803217,93.45712043355812,3.4041816659968534e-12,0.0015524750729726353,0.3672887155910043,0.04997967700182926
2.210424508146251,3.994279709781357,2.9110943050803217,93.47541342580455,3.522741640077835e-12,0.0015722300296055643,0.3660375048961309,0.04997573199943872
2.210424508146251,3.994279709781357,2.9110943050803217,93.49365710335809,6.8969044280560405e-12,0.001597596274691552,0.36479061958104175,0.05001136699866038
2.2014557377385913,3.997138062959422,2.869283035656732,93.51190957176773,2.4448575835494e-12,0.014159536147991106,0.36495709243351826,0.0500126420010929
2.2014557377385913,3.997138062959422,2.869283035656732,93.53009742443511,2.6721087406413687e-12,0.014081497633170374,0.3637174445022465,0.050005445002170745
2.2014557377385913,3.997138062959422,2.869283035656732,93.54821697585818,3.2270964097574376e-12,0.014214301384985433,0.36247650766610734,0.04998820900073042
2.2014557377385913,3.997138062959422,2.869283035656732,93.56627363203627,3.5442781581194636e-12,0.014361157474111798,0.3612399928328858,0.04998520799563266
2.2014557377385913,3.997138062959422,2.869283035656732,93.58427909122705,3.7552409817462155e-12,0.014511965789731582,0.36000898611840143,0.05001391599944327
2.194913187361315,3.9994716461409094,2.8843842749041118,93.60226766672757,2.6274261653013457e-12,0.011946573399815032,0.35984283083718155,0.04999009000312071
2.194913187361315,3.9994716461409094,2.8843842749041118,93.62020029893203,2.887773300494263e-12,0.012121149059231095,0.35861346916255704,0.05000546199880773
2.194913187361315,3.9994716461409094,2.8843842749041118,93.63807407766716,3.3942092966480743e-12,0.01225005891586245,0.35739080875828433,0.05001185899891425
2.194913187361315,3.9994716461409094,2.8843842749041118,93.65587426068926,3.6350774092859183e-12,0.012380909934319794,0.3561723294134702,0.0499763219995657
2.194913187361315,3.9994716461409094,2.8843842749041118,93.67362848895097,3.8930971445210674e-12,0.01251648351306489,0.3549589594568638,0.050017692999972496
2.1874900418534824,4.001668290156817,2.906226920832707,93.69140189886322,2.5997067411265264e-12,0.007707791903872083,0.3549589031653583,0.0500717400063877
2.1874900418534824,4.001668290156817,2.906226920832707,93.70907512859705,2.740719949839348e-12,0.007872356461759114,0.353745978405485,0.04996022799605271
2.1874900418534824,4.001668290156817,2.906226920832707,93.72670374630128,3.3209757436463714e-12,0.007960876725475846,0.352543050700591,0.050004156000795774
2.182422333130788,4.00287521735383,2.918906698663765,93.74429983832381,2.441933759958479e-12,0.00494478370969029,0.35216480601715383,0.049965503996645566
2.182422333130788,4.00287521735383,2.918906698663765,93.76185952513468,2.6599952542357327e-12,0.0050144794169562435,0.3509661065904551,0.05003242900420446
2.182422333130788,4.00287521735383,2.918906698663765,93.77934603606816,3.061674943468339e-12,0.005073115544499671,0.34977054721537376,0.04999423499975819
2.182422333130788,4.00287521735383,2.918906698663765,93.79677851527141,3.5241135691890094e-12,0.005133833186617127,0.3485800563013274,0.05000997299794108
2.182422333130788,4.00287521735383,2.918906698663765,93.81413422703145,3.755922246275902e-12,0.005198143651698837,0.34739328925552865,0.049959836003836244
2.182422333130788,4.00287521735383,2.918906698663765,93.83144581077026,3.474311864986215e-12,0.005265752391390863,0.34621180223893394,0.05000286999711534
2.155454708065401,4.008185252226153,2.9451265426369297,93.84898176515438,1.7320584490530213e-12,-0.0023597039532335592,0.3499484312350806,0.05011011000169674
2.155454708065401,4.008185252226153,2.9451265426369297,93.8663759280518,1.966285729832027e-12,-0.0018527117383307918,0.34867964927508466,0.049885798995092046
2.14242621546563,4.010477563899327,2.959782666756659,93.88388379679945,1.350076108939576e-12,-0.005610681520027985,0.3503268700931708,0.04997580900089815
2.14242621546563,4.010477563899327,2.959782666756659,93.90135803914944,1.5662023362291061e-12,-0.005630323357559963,0.34902943339131676,0.05006524000054924
2.1225479011734176,4.013470017101216,2.974042262581927,93.91900261473063,1.3107644168743262e-12,-0.010026992488238646,0.3527769296873851,0.0500162399985129
2.1225479011734176,4.013470017101216,2.974042262581927,93.9365471873272,1.4093471804042167e-12,-0.009974242432813835,0.3514085495916191,0.04992642500292277
2.1225479011734176,4.013470017101216,2.974042262581927,93.95407355540543,3.0387118149911198e-12,-0.010018432865729609,0.35004710395770217,0.05006859899731353
2.107615413463686,4.016237140031036,2.9750540164289316,93.97170011285957,9.045798402079971e-13,-0.010651222126821187,0.3529827340169093,0.04993603299953975
2.107615413463686,4.016237140031036,2.9750540164289316,93.98928568752416,1.0065060127071583e-12,-0.010790594002400664,0.35157269236947336,0.050019740003335755
2.09688478377848,4.018070972630115,2.9572800069967786,94.00694999877706,8.59739853430041e-13,-0.008357952147042836,0.3534817923856786,0.049972337001236156
2.09688478377848,4.018070972630115,2.9572800069967786,94.02457649232427,9.668309498546024e-13,-0.0086530237751148,0.35206932907297617,0.050065404997440055
2.09688478377848,4.018070972630115,2.9572800069967786,94.04209614415252,1.1170863609040317e-12,-0.008682004385943813,0.3506592570691259,0.049962040000536945
2.09688478377848,4.018070972630115,2.9572800069967786,94.05955452738237,2.5056087277595326e-12,-0.00871142549157527,0.3492587861865734,0.04998695500398753
2.09688478377848,4.018070972630115,2.9572800069967786,94.07695081256226,1.1004127312744114e-12,-0.008744315739150603,0.347882830539606,0.05000616199686192
2.09688478377848,4.018070972630115,2.9572800069967786,94.09427064147455,9.72248797389933e-13,-0.008778797102530751,0.3464574577479517,0.04999121400032891
2.0889548544565137,4.019841339795174,2.934417081610179,94.11165037525657,7.931153668656233e-13,-0.005033873830886,0.3475687817509697,0.05000372500217054
2.0889548544565137,4.019841339795174,2.934417081610179,94.12897392962705,8.52997099479348e-13,-0.005353352624487594,0.34618406622117626,0.05004145499697188
2.0889548544565137,4.019841339795174,2.934417081610179,94.14621641005911,9.709137982318616e-13,-0.005364438378134772,0.3448048116022596,0.0500064959996962
2.0889548544565137,4.019841339795174,2.934417081610179,94.16337148880929,1.1426424634773004e-12,-0.005375889945806049,0.3434324721913606,0.049951824999880046
2.0889548544565137,4.019841339795174,2.934417081610179,94.18048785429863,7.666838088948059e-13,-0.005387300065930735,0.34206715401785803,0.05003802700230153
2.0714577562190764,4.024211789473857,2.9131426556252786,94.19779378549372,8.336191364751064e-13,-0.001637309572359497,0.3464476383116557,0.049952515997574665
2.0714577562190764,4.024211789473857,2.9131426556252786,94.2150409340188,8.433396343609204e-13,-0.0025774419598386593,0.34492740737117594,0.05000225600088015
2.0714577562190764,4.024211789473857,2.9131426556252786,94.23222498675524,7.839978659930067e-13,-0.002570208722759776,0.343539784294693,0.05002056100056507
2.055102577873532,4.02857501179731,2.899639155851522,94.2496174287673,5.854766638308623e-13,-0.0001868883950543413,0.3479597419922106,0.049984063996816985
2.055102577873532,4.02857501179731,2.899639155851522,94.26694413165555,6.34353650833284e-13,-0.0011780314982583568,0.34653023206638767,0.05000055200071074
2.0370901963981134,4.033448911629314,2.881226310431271,94.28454281069274,5.423065285557295e-13,0.0016651688948093064,0.35204145434076606,0.04999035999935586
2.0370901963981134,4.033448911629314,2.881226310431271,94.30208013418863,5.743619188484087e-13,0.00039410202449629097,0.35056418355099317,0.050025999000354204
2.0370901963981134,4.033448911629314,2.881226310431271,94.31953030366823,6.558287483403176e-13,0.00041470456067787447,0.3488588364364013,0.050020718001178466
2.0251654287007614,4.037181191555924,2.858395115258682,94.33713552115024,4.3630016519665864e-13,0.0038956725644338987,0.35227790989127844,0.04997536600421881
2.0251654287007614,4.037181191555924,2.858395115258682,94.35467261633359,4.764705151299878e-13,0.002961277898847115,0.35079054430072715,0.049993066997558344
2.021375352799965,4.0398435958457615,2.8365566619891838,94.37281912908455,4.83406262842377e-13,0.007143680735001898,0.35097352754564115,0.05170336599985603
2.021375352799965,4.0398435958457615,2.8365566619891838,94.38969576047779,4.599587758608378e-13,0.006783491463731929,0.34944332677938006,0.048295761000190396
2.021375352799965,4.0398435958457615,2.8365566619891838,94.40709311121422,4.2823939496332094e-13,0.00683285070571369,0.3480135549308083,0.04999043999850983
2.013809041686578,4.042514360519521,2.831906706377195,94.42457313158184,4.4583832598499065e-13,0.007973789497437263,0.34948155564283595,0.05001700400316622
2.013809041686578,4.042514360519521,2.831906706377195,94.44197200720494,4.851256776463009e-13,0.007256994443977993,0.34800540165113475,0.04999599299480906
2.013809041686578,4.042514360519521,2.831906706377195,94.4593128987397,5.49688358165104e-13,0.007301528451916189,0.3465226557698461,0.05004259099951014
2.013809041686578,4.042514360519521,2.831906706377195,94.47655159009653,3.352205060614456e-13,0.0073376403576756455,0.34505077178498644,0.049959869000304025
2.013809041686578,4.042514360519521,2.831906706377195,94.49374393249363,5.1785133520863e-13,0.007378249990446594,0.3435973138227615,0.05003631200088421
2.000802827843099,4.047052948320434,2.8593771397710084,94.51112092114029,3.9265436321709253e-13,0.0049582620246539045,0.34782290073370215,0.04995930000586668
2.000802827843099,4.047052948320434,2.8593771397710084,94.52841893549036,4.2700954840459393e-13,0.0038514203523412546,0.34601567720188275,0.04999199599842541
2.000802827843099,4.047052948320434,2.8593771397710084,94.5456479486758,4.803434285236572e-13,0.0038958031241111443,0.34453420640446847,0.050006683995889034
2.000802827843099,4.047052948320434,2.8593771397710084,94.5628000439861,3.8669366109797726e-13,0.003917235536613588,0.34306771174386935,0.04999623900221195
2.000802827843099,4.047052948320434,2.8593771397710084,94.57988120299646,2.89368896601565e-13,0.003945674852653554,0.3416115790750527,0.05000169800041476
1.9869938332893065,4.0509662890332345,2.8702213999857995,94.59722619020818,3.3684488803703853e-13,0.002892703460798043,0.34632221733189117,0.05008337999606738
1.9869938332893065,4.0509662890332345,2.8702213999857995,94.61444543436811,3.3374734775464807e-13,0.001694620323440758,0.34485244789482206,0.0499322080067941
1.9869938332893065,4.0509662890332345,2.8702213999857995,94.63164047806761,3.682958071019049e-13,0.00172817833388735,0.34296336310327014,0.050136677993577905
1.9746108774076725,4.0548316772702595,2.8827510470031887,94.64895962396862,3.5295648656550334e-13,0.000757392315084775,0.3472175317222078,0.04987981400336139
1.9746108774076725,4.0548316772702595,2.8827510470031887,94.66628219641758,3.2631903090810724e-13,-0.0002412920452993752,0.34574934959818016,0.05010153300099773
1.9746108774076725,4.0548316772702595,2.8827510470031887,94.68346110123346,3.0094279558902357e-13,-0.00021231619567921902,0.3442531906111835,0.04990194799756864
1.9602464998892037,4.059721825585154,2.894317104658865,94.70093506486302,3.214368839023194e-13,-0.0006791174059642673,0.34969762376062796,0.04996878000383731
1.9602464998892037,4.059721825585154,2.894317104658865,94.71834229575472,3.4409632571267104e-13,-0.0017863759427765972,0.3482023915770254,0.04999170399969444
1.9486978236333106,4.062883827963459,2.9107810904505804,94.735927798663,2.2789101670539485e-13,-0.0034467737645940367,0.35186210484757563,0.04997839399584336
1.9486978236333106,4.062883827963459,2.9107810904505804,94.75345698422068,2.452082984665553e-13,-0.004208405133265896,0.35034787795535055,0.05003365700395079
1.9486978236333106,4.062883827963459,2.9107810904505804,94.77096982057452,2.69570937256865e-13,-0.004198704525685223,0.3488176310953288,0.05020628200145438
1.9363849715989159,4.06595108105433,2.9218111822870303,94.7885720514577,2.46420806416115e-13,-0.005551610111599772,0.353481796893411,0.04979671099863481
1.9363849715989159,4.06595108105433,2.9218111822870303,94.80616971408354,2.327354434843951e-13,-0.006252414375611362,0.351954871541759,0.049999769995338283
1.9363849715989159,4.06595108105433,2.9218111822870303,94.82368550846823,2.1160340898772668e-13,-0.00625024757475014,0.35041166919004935,0.04998633300419897
1.9285128342417068,4.067603206764743,2.9104609445236798,94.84130613926244,1.9608563618088576e-13,-0.005616394794745397,0.35228083465850707,0.050018704001558945
1.9285128342417068,4.067603206764743,2.9104609445236798,94.85883958832561,2.1243140135882281e-13,-0.006045891280274048,0.3507447982789395,0.04998919199715601
1.9187978432833617,4.070536247799097,2.8935089289928104,94.8765551934302,1.7919724922456979e-13,-0.004478128355954766,0.3543180900515355,0.0499991550022969
1.9187978432833617,4.070536247799097,2.8935089289928104,94.89419335785556,1.771480831307773e-13,-0.004979221163053231,0.3527715010613997,0.049998835995211266
1.9187978432833617,4.070536247799097,2.8935089289928104,94.91177757175971,1.962827153768437e-13,-0.00498114091631417,0.35122188040777824,0.05006582700298168
1.9133844907466642,4.072086340354515,2.8893808231484064,94.92940346809986,1.4722584921279002e-13,-0.004694629916617423,0.35254861967729023,0.04999564700119663
1.9133844907466642,4.072086340354515,2.8893808231484064,94.94689998176977,2.276719481195096e-13,-0.004940683501930704,0.35032593854301797,0.0499435289966641
1.9133844907466642,4.072086340354515,2.8893808231484064,94.96433527821331,2.1090169462094243e-13,-0.004939806550881895,0.34879993043698815,0.04998652500216849
1.9031646309281094,4.074908438951461,2.8842076143273405,94.98197487545912,2.3272782022872864e-13,-0.004739251981518278,0.3527316137279562,0.05000855199614307
1.9031646309281094,4.074908438951461,2.8842076143273405,94.99953230771048,1.5455427544890263e-13,-0.00515658092951583,0.35119509408017024,0.049993387001450174
1.8962294780271347,4.077686253236246,2.87059145563374,95.01722518650462,1.808351849795711e-13,-0.0036426871237311056,0.353522450746214,0.050047397999151144
1.8962294780271347,4.077686253236246,2.87059145563374,95.03482375097006,1.6848851429744062e-13,-0.0039185822829229805,0.3519776319511152,0.049999098999251146
1.8962294780271347,4.077686253236246,2.87059145563374,95.05235677207398,1.6868334225706497e-13,-0.003917373767669528,0.3496697935277665,0.050141652005549986
1.886559957163295,4.080954119318418,2.8498595009181282,95.06996880647137,1.7430315632025328e-13,-0.002101488926548394,0.3535019830385957,0.04982159999781288
1.886559957163295,4.080954119318418,2.8498595009181282,95.08756153478316,1.5728691340528008e-13,-0.0025107491553348926,0.3519712095018738,0.049983429998974316
1.8779281372693681,4.084720038299274,2.8255376052067604,95.10533773734801,1.6093667105913275e-13,3.395623888043098e-05,0.35540118910134627,0.05001728500064928
1.8779281372693681,4.084720038299274,2.8255376052067604,95.12302372683158,1.4710783764766813e-13,-0.0003442251320921278,0.35385475696901747,0.049980928997683804
1.8779281372693681,4.084720038299274,2.8255376052067604,95.14198008365518,1.4019728871856316e-13,-0.0003385991177404714,0.35230267677736915,0.05380701900139684
1.8779281372693681,4.084720038299274,2.8255376052067604,95.15818654152379,1.3524321023388224e-13,-0.0003340456002076347,0.35064039756841686,0.04621959700307343
1.8779281372693681,4.084720038299274,2.8255376052067604,95.17565474759586,1.3472091120567386e-13,-0.0003251318728521575,0.34922110844417364,0.05002047599555226
1.8579117443884856,4.093089356736469,2.777078398366346,95.19358932049533,1.0882249867448049e-13,0.004566877926384411,0.3594566261216871,0.04989356599980965
1.8579117443884856,4.093089356736469,2.777078398366346,95.21153356031046,1.1666869977484118e-13,0.0035482684777825737,0.35790803661492954,0.05013645400322275
1.8579117443884856,4.093089356736469,2.777078398366346,95.22932563534843,1.2646980388673313e-13,0.0035526650060455143,0.3563206308817742,0.049932766996789724
1.8579117443884856,4.093089356736469,2.777078398366346,95.24706371105421,1.399355748023608e-13,0.0035577093172442847,0.35475082900337035,0.05000150600244524
1.8496945321512697,4.097676349041729,2.7497500315766805,95.26497457286364,1.0549435635246975e-13,0.00671983486443996,0.3582915673747262,0.049989626997557934
1.8496945321512697,4.097676349041729,2.7497500315766805,95.28281688796675,1.2030551845540224e-13,0.006300888478482136,0.3567286529495486,0.050016490000416525
1.8404291997673021,4.102840055339114,2.7314454164120643,95.30086285474934,1.2573706049265166e-13,0.00892895967423928,0.36098977918329594,0.049990243001957424
1.8404291997673021,4.102840055339114,2.7314454164120643,95.31883628189658,1.2919098228065603e-13,0.008430985505885648,0.35942043090064485,0.05000669300352456
1.8404291997673021,4.102840055339114,2.7314454164120643,95.33678399887789,1.226167531556238e-13,0.008448791295203945,0.3578303444346063,0.050157056997704785
1.8404291997673021,4.102840055339114,2.7314454164120643,95.35454275405552,1.0934433853998428e-13,0.008460965734300906,0.3562434277492895,0.049850056995637715
1.8404291997673021,4.102840055339114,2.7314454164120643,95.37243807829154,1.103233863242744e-13,0.008476234453189688,0.35467336038311786,0.050455789001716767
1.8366506873830897,4.106025694990786,2.7527267206450348,95.39006679219251,1.424853172282903e-13,0.008235021633030158,0.3556478579069029,0.04956789000425488
1.8366506873830897,4.106025694990786,2.7527267206450348,95.40783333354061,1.3513627099945132e-13,0.008084628075640563,0.35411279933746015,0.05017198299901793
1.8366506873830897,4.106025694990786,2.7527267206450348,95.42539108523358,1.3538245013319993e-13,0.008116024856293829,0.3525417639381411,0.04980332400009502
1.8366506873830897,4.106025694990786,2.7527267206450348,95.44294860891281,1.3744391186484884e-13,0.008131283308446481,0.3509910253810199,0.05002271400007885
1.8366506873830897,4.106025694990786,2.7527267206450348,95.46042581280656,1.4531118086652872e-13,0.008147991906706899,0.34944009148185184,0.05001487900153734
1.8326176322621333,4.107948833580161,2.7733720608427923,95.47793465981526,1.144935910340027e-13,0.007161196412429281,0.35041893247917477,0.049965471000177786
1.8326176322621333,4.107948833580161,2.7733720608427923,95.49538594709192,3.454563172810696e-13,0.006981708773042921,0.348885200618931,0.05002014199999394
1.8326176322621333,4.107948833580161,2.7733720608427923,95.512739599798,8.903114306835065e-14,0.006998390425734489,0.34734237649457467,0.04996123099408578
1.8326176322621333,4.107948833580161,2.7733720608427923,95.53006098259488,1.597669220354258e-13,0.007012543322422458,0.3458102186947242,0.05008927400194807
1.8326176322621333,4.107948833580161,2.7733720608427923,95.5472490370174,1.5238043608187972e-13,0.007029163952748541,0.34428564206084333,0.04992381999909412
1.8148047785996055,4.115271318065251,2.793468872365477,95.5649449284312,1.3426099994376812e-13,0.006970251919599203,0.353908669099511,0.050001294002868235
1.8148047785996055,4.115271318065251,2.793468872365477,95.58256109113958,7.474976184910854e-14,0.00612041977335846,0.3523936553665248,0.04999001100077294
1.8148047785996055,4.115271318065251,2.793468872365477,95.60011679040922,1.4026188424745124e-13,0.0061354288932238465,0.3508263498880103,0.0500409939995734
1.8068095226592742,4.11862798480193,2.8110155561906938,95.61780234134605,9.347803278690561e-14,0.005754457692506226,0.35436688095206786,0.04990746000112267
1.8068095226592742,4.11862798480193,2.8110155561906938,95.63551833201272,2.899964422812842e-13,0.005383038440664551,0.352851864900721,0.05020801199862035
