x,y,theta,s0,v,omega,w,time_elapsed
-0.12430285023060181,-0.044783495637003165,-0.11038962194732943,0.1833863441331667,0.1869219080590842,4.985827225799782e-15,0.9466804484907295,0.193715148998308
-0.12430285023060181,-0.044783495637003165,-0.11038962194732943,2.636300399335022,0.22623772416426322,0.20950614867928577,0.9957731166106938,2.4633262480019766
-0.12430285023060181,-0.044783495637003165,-0.11038962194732943,2.6788051635121244,0.6585079624922645,0.2916085170460212,0.9897461031078837,0.0429451189993415
-0.12430285023060181,-0.044783495637003165,-0.11038962194732943,2.728399489906959,0.6661673580874632,0.38666978382597134,0.9914444428293974,0.05002229499950772
-0.12430285023060181,-0.044783495637003165,-0.11038962194732943,2.777961635804395,0.6713485880268703,0.38890061776438606,0.9914720669805839,0.049988443999609444
-0.12430285023060181,-0.044783495637003165,-0.11038962194732943,2.827568774549848,0.680566655897043,0.3932301347882811,0.9913588479781229,0.05003953800041927
-0.12430285023060181,-0.044783495637003165,-0.11038962194732943,2.877172444521553,0.6894938786029207,0.39698920069502686,0.9912471552606658,0.0500416770009906
-0.12430285023060181,-0.044783495637003165,-0.11038962194732943,2.926649348859675,0.6984847718704512,0.40077480148398054,0.9911342490296399,0.04991947799862828
-0.12430285023060181,-0.044783495637003165,-0.11038962194732943,2.976176556149019,0.7074423920629855,0.4045619150207473,0.9910216794780636,0.04997590700077126
-0.12430285023060181,-0.044783495637003165,-0.11038962194732943,3.025759915033831,0.7162657225322445,0.4082846213471511,0.9910010069654619,0.05003361100170878
-0.12430285023060181,-0.044783495637003165,-0.11038962194732943,3.075270673352646,0.7251617359673848,0.41198426574825947,0.9908879396528942,0.049966051999945194
-0.12430285023060181,-0.044783495637003165,-0.11038962194732943,3.1248595238257693,0.7340358047157521,0.4157357501609907,0.9907750981193532,0.050050561996613396
-0.12430285023060181,-0.044783495637003165,-0.11038962194732943,3.174350250415889,0.7429184450881415,0.4195056210519784,0.9906622414789226,0.0499572150001768
-0.1534056098219571,-0.034269456472595106,-0.06636988376973182,3.2238922817275135,0.8256842983533097,0.2993972277560718,0.9904429633237584,0.05002007500297623
-0.1534056098219571,-0.034269456472595106,-0.06636988376973182,3.273709162686427,0.8450298970856956,0.30609340705767385,0.9904521740967179,0.050297108999075135
-0.155682532777012,-0.028053626416700186,-0.0485134124602628,3.322995396930099,0.8636621299838378,0.24815261166704922,0.9906996018402282,0.0497489189983753
-0.155682532777012,-0.028053626416700186,-0.0485134124602628,3.372452032501625,0.8756478677191101,0.2514247152728902,0.9906143733436209,0.049925215000257595
-0.155682532777012,-0.028053626416700186,-0.0485134124602628,3.4219956262129543,0.8844140514339277,0.2544518059800235,0.9905129321499354,0.05001811900001485
-0.155682532777012,-0.028053626416700186,-0.0485134124602628,3.4715081845652875,0.8932125173992023,0.257436277620644,0.9904121287774211,0.04999187400244409
-0.155682532777012,-0.028053626416700186,-0.0485134124602628,3.5210203466880174,0.9019924967463977,0.2604481209362338,0.9903115541671434,0.049996550998912426
-0.155682532777012,-0.028053626416700186,-0.0485134124602628,3.570525372422043,0.9107660798260259,0.2634866991351915,0.9902108241849388,0.04999442999906023
-0.09053649778004645,-0.026577967401577956,0.03220003226835591,3.6201605881368106,0.8010909821025864,0.08886576004963215,0.9923689332958234,0.05001689799973974
-0.09053649778004645,-0.026577967401577956,0.03220003226835591,3.6697784529913298,0.8118781402806964,0.09450370081614662,0.9922740055941379,0.05000419700081693
-0.0647018018515689,-0.03303992726619109,0.09800682200718203,3.7194101321126136,0.7728364870824633,-0.007884094716348072,0.9929595710786905,0.04998358499869937
-0.0647018018515689,-0.03303992726619109,0.09800682200718203,3.7690455545983848,0.7795890907290841,-0.005245753522407012,0.9928124765955618,0.049994761000561994
-0.03005976735669525,-0.02548750823819658,0.16987772419934166,3.8187508920674373,0.7190663759482796,-0.1654715393622072,0.993693372913658,0.05002080000122078
-0.03005976735669525,-0.02548750823819658,0.16987772419934166,3.868409223330636,0.7160561767868573,-0.15717197673930844,0.9934613057537461,0.04998516900013783
-0.03005976735669525,-0.02548750823819658,0.16987772419934166,3.9181031204915633,0.7249867971917597,-0.156501273492907,0.9933863560645624,0.05002474299908499
0.0029590463900138215,-0.0379133655169626,0.23051867649242555,3.9677806956362773,0.6703142737211117,-0.20771261138133218,0.9940247978520873,0.04997619300047518
0.0029590463900138215,-0.0379133655169626,0.23051867649242555,4.0174909884377215,0.6719656717394086,-0.1988587228442023,0.9936652226386758,0.05002720400079852
0.0029590463900138215,-0.0379133655169626,0.23051867649242555,4.067138724430102,0.6809490902239489,-0.1989056580729433,0.9935897230890446,0.04996804499751306
0.05055035832597,-0.0250912853756059,0.28013641322220867,4.1169031821922335,0.5856511499721405,-0.307307792930236,0.9944564769202087,0.05004186600126559
0.05055035832597,-0.0250912853756059,0.28013641322220867,4.166561451728845,0.5794175806572929,-0.2878500363705223,0.9942145455877838,0.04994723699928727
0.09331297692274397,-0.028031926537833356,0.3112436812099173,4.216323682929277,0.5069943266480845,-0.29652151282940525,0.9949280776873471,0.050015908000204945
0.09331297692274397,-0.028031926537833356,0.3112436812099173,4.266054852846257,0.510574398537455,-0.2801346734908728,0.9946352742912618,0.0499994029996742
0.09331297692274397,-0.028031926537833356,0.3112436812099173,4.315805309430954,0.5199704172054802,-0.2813223404898479,0.9945456534785515,0.05002330100251129
0.13332347151935212,-0.026996492739183153,0.30675462016704796,4.365530245597077,0.45461972422029273,-0.2439554957292662,0.995251392205843,0.049962186996708624
0.13332347151935212,-0.026996492739183153,0.30675462016704796,4.415336702528784,0.46556476059716145,-0.23249580627687125,0.9951544842817936,0.0500489700025355
0.16384968622290078,-0.023125334118957792,0.28840765494084936,4.465194322947399,0.41709284927749174,-0.19346823673845992,0.9956679073785842,0.05007454799851985
0.16384968622290078,-0.023125334118957792,0.28840765494084936,4.5149368901909614,0.42929469049456487,-0.1863374023302718,0.995666397345629,0.04995907000193256
0.16384968622290078,-0.023125334118957792,0.28840765494084936,4.5647218262604285,0.4379818399546976,-0.1876942905111994,0.9955976085115462,0.05000507799923071
0.18328945432899044,-0.028479770776267115,0.256201773352804,4.6145008782214525,0.41767053550483574,-0.10696640125687144,0.9959159458400187,0.049983185999735724
0.18328945432899044,-0.028479770776267115,0.256201773352804,4.664260403150839,0.4312630534376175,-0.10420521563901328,0.9958960710524051,0.04996457599918358
0.18328945432899044,-0.028479770776267115,0.256201773352804,4.714079070450406,0.4398063057167873,-0.10473126615439937,0.995826856135668,0.05002743899967754
0.20954017069987363,-0.02877591655111595,0.20369876026655764,4.7638366997831705,0.40118163408841206,-0.007987484893385743,0.9961889219814292,0.04994798500047182
0.20954017069987363,-0.02877591655111595,0.20369876026655764,4.813670742349331,0.4118529136851053,-0.006969150679032223,0.9961523924559291,0.050026525001158006
0.2375073927605045,-0.03068006412508464,0.1451443833515263,4.863410804954757,0.36602976023475997,0.1000090711160003,0.9964088581927415,0.04991932999837445
0.2375073927605045,-0.03068006412508464,0.1451443833515263,4.913311990592634,0.3706671996862355,0.09699466902832851,0.9962613463748936,0.05008844899930409
0.2375073927605045,-0.03068006412508464,0.1451443833515263,4.963084106748897,0.3791776002216824,0.0987486301067616,0.9961757475351221,0.04996318800112931
0.26648952929560693,-0.03649221665295834,0.08703567590935214,5.012920167241073,0.32629585581018583,0.21316977998252884,0.996262450919498,0.05002302399952896
0.26648952929560693,-0.03649221665295834,0.08703567590935214,5.062697058812075,0.32305096128999855,0.20422249719090785,0.9960005135026002,0.04997677299979841
0.29559688921209765,-0.04088050412879813,0.04107254198910154,5.112423058767445,0.26618200463656555,0.28953162883029104,0.9960458217660156,0.04992340600074385
0.29559688921209765,-0.04088050412879813,0.04107254198910154,5.162280572958005,0.2608152732154644,0.27600705165918904,0.9957341109233705,0.050071112000296125
0.29559688921209765,-0.04088050412879813,0.04107254198910154,5.212088115243031,0.26994489258257554,0.2791707807092033,0.9956073834479794,0.050027293000312056
0.3167335036013947,-0.04339535915354044,0.014448392575568417,5.261864929779033,0.22915918133919075,0.32755545006191805,0.9956344403629375,0.0499950710000121
0.3167335036013947,-0.04339535915354044,0.014448392575568417,5.311699958696478,0.22784997564907833,0.3177986818768304,0.9953761308943981,0.0500665299987304
0.3167335036013947,-0.04339535915354044,0.014448392575568417,5.361389584800717,0.23664417779496483,0.32158160701431493,0.9952540327093973,0.04992657600087114
0.3473200691544528,-0.04880983014280437,0.014710035689673237,5.411181760432175,0.17816511538538543,0.3523601069690019,0.9954732363689133,0.05001859800177044
0.3473200691544528,-0.04880983014280437,0.014710035689673237,5.460932071064387,0.1806251781247427,0.33731339834747404,0.995451577710651,0.049977629998466
0.3473200691544528,-0.04880983014280437,0.014710035689673237,5.510704293881194,0.18957356595258062,0.3420706735363049,0.9953127565834944,0.05000661599842715
0.37652191130649637,-0.046247222029632495,0.03146351319370567,5.560494840081333,0.1406910574308343,0.33311331329625893,0.9958051881676027,0.05000028799986467
0.37652191130649637,-0.046247222029632495,0.03146351319370567,5.610366425725036,0.15068508517448412,0.320323202546832,0.9958309543912213,0.050080373002856504
0.4037322264849183,-0.04664899895651129,0.06047923596559632,5.66009047627188,0.10684990247483692,0.3111812784200937,0.996209134918972,0.04991326500021387
0.4037322264849183,-0.04664899895651129,0.06047923596559632,5.709927861618892,0.11885502412719544,0.2995740812261005,0.9964103024866915,0.0500169309998455
0.4037322264849183,-0.04664899895651129,0.06047923596559632,5.759728552768677,0.12748920492077437,0.3051404763982051,0.9962806468892859,0.04998660899946117
0.4222620350175497,-0.05010147732015122,0.09794030221655592,5.809562932034933,0.10011250041666446,0.29536487471369155,0.9965070581268499,0.05000905799897737
0.4222620350175497,-0.05010147732015122,0.09794030221655592,5.859390600333143,0.11445624811369703,0.28970596192051695,0.9968536382202506,0.04998493899984169
0.4421245309249627,-0.04898419198521492,0.14408518716566457,5.909213734945531,0.08753912599446027,0.2651797014401921,0.9971771098030828,0.049964178000664106
0.4421245309249627,-0.04898419198521492,0.14408518716566457,5.959125456249568,0.105509395607549,0.25854170356282224,0.9975854169336988,0.05003252900132793
0.4421245309249627,-0.04898419198521492,0.14408518716566457,6.009022063533352,0.11405020034013953,0.26417356694412764,0.9974737267455976,0.050022978997731116
0.45436894465388145,-0.04838744090818567,0.1951363281774308,6.058973671904494,0.10287766889648899,0.2322137289125835,0.9976651466480417,0.05006851100188214
0.45436894465388145,-0.04838744090818567,0.1951363281774308,6.108809765298051,0.12275223139864647,0.23006113351597665,0.998101203853363,0.049930901997868204
0.45436894465388145,-0.04838744090818567,0.1951363281774308,6.158695235934647,0.13129318431603193,0.2349874953307283,0.9979910657745082,0.0499858889997995
0.4639524363455804,-0.04397462767523007,0.24171607256914163,6.2086076584575345,0.12520188228005621,0.1939576959997275,0.9981261599867477,0.0500061260026996
0.4639524363455804,-0.04397462767523007,0.24171607256914163,6.258524977055264,0.1447179899472215,0.19210840281822883,0.9984320973595613,0.04999570699874312
0.4680158965252598,-0.04071289797207712,0.28611716711416435,6.3084397153510485,0.14870622963449917,0.15214622975726194,0.9983914900555514,0.04999515600138693
0.4680158965252598,-0.04071289797207712,0.28611716711416435,6.3583638355822485,0.16689626102516436,0.15176826031483237,0.9986190756803144,0.04999315699751605
0.4680158965252598,-0.04071289797207712,0.28611716711416435,6.408385801682589,0.17566412201837261,0.1540974378419236,0.9985267637755114,0.05009576900192769
0.46915702622925953,-0.03949323841916481,0.32298110667497965,6.458206935417393,0.18441596024705825,0.11978021130764732,0.998392863227769,0.04990133200044511
0.46915702622925953,-0.03949323841916481,0.32298110667497965,6.508280415617778,0.2000140920124316,0.11971190477590535,0.9985181242757929,0.05014779299744987
0.46915702622925953,-0.03949323841916481,0.32298110667497965,6.558054343506504,0.20890799645042407,0.12093876683564458,0.9984253502697397,0.04985242800103151
0.47598381724042044,-0.03686298511474786,0.3664208901924359,6.607997495196558,0.2054761573382955,0.07953516191947413,0.9983447131773584,0.05002595900077722
0.47598381724042044,-0.03686298511474786,0.3664208901924359,6.657895430535052,0.22064520570526322,0.07713223108233429,0.9984623311978441,0.04997477999859257
0.4850298058397248,-0.03223544632951389,0.4125986343156819,6.707828253589938,0.21078200669461772,0.02930971159752907,0.9983458557293012,0.05001555600028951
0.4850298058397248,-0.03223544632951389,0.4125986343156819,6.7577409458893065,0.22464859049274627,0.02617176120866535,0.9984003712344889,0.049992661999567645
0.4850298058397248,-0.03223544632951389,0.4125986343156819,6.807758922048023,0.23368379816648246,0.025234660091567718,0.9982756028598947,0.05010437600139994
0.49838466101885426,-0.02609787460530057,0.45571178473972984,6.857971758951905,0.21330426185655368,-0.019610005310940648,0.9982102392844173,0.05030286699911812
0.49838466101885426,-0.02609787460530057,0.45571178473972984,6.9076661754855575,0.22526381003213541,-0.0228425819787633,0.9981929980691865,0.04978437699901406
0.5079452636012148,-0.020980461131918975,0.49654093886595607,6.957385692533113,0.21125913070039953,-0.06615617737512032,0.9980059167963651,0.04981885999950464
0.5079452636012148,-0.020980461131918975,0.49654093886595607,7.007350381359262,0.22130310161373754,-0.06904313950383745,0.9979184652445346,0.05006890900040162
0.5079452636012148,-0.020980461131918975,0.49654093886595607,7.0571632095618755,0.22988102185192985,-0.07181632176355009,0.9977999010356784,0.049922663001780165
0.5230377554941188,-0.010495209109148354,0.5424301429807041,7.107227403522815,0.19963199193242773,-0.12762193726834276,0.9975270725852251,0.05018830599874491
0.5230377554941188,-0.010495209109148354,0.5424301429807041,7.157177742977778,0.2076181519802059,-0.12839454234810999,0.9973495531489178,0.05008308200194733
0.5230377554941188,-0.010495209109148354,0.5424301429807041,7.206889485976912,0.216487531819594,-0.1320925358069605,0.9972152571877761,0.049850563998916186
0.5333899981457793,-0.00022656785684571507,0.5837627153727432,7.256597625429854,0.19219902635231645,-0.1877341996907137,0.9968306668147942,0.04986618199836812
0.5333899981457793,-0.00022656785684571507,0.5837627153727432,7.306495185854739,0.19711915068966673,-0.18775795793443736,0.9965802528543578,0.05006878300264361
0.54394430487455,0.010289976601821932,0.6014181942904593,7.356216528470101,0.1729888126165263,-0.21976029496899036,0.996375144345414,0.04990223099957802
0.54394430487455,0.010289976601821932,0.6014181942904593,7.406088368599907,0.17840689658838027,-0.2195420661006642,0.9961704706912571,0.05006356000012602
0.54394430487455,0.010289976601821932,0.6014181942904593,7.45587146630151,0.18687721062031354,-0.22436380863762612,0.9960282135269605,0.04998161399998935
0.5540498220540099,0.02117269334401048,0.5961357191260047,7.505674482341256,0.16456401248631564,-0.23718909365319685,0.9960055006666441,0.05000275199927273
0.5540498220540099,0.02117269334401048,0.5961357191260047,7.555738002776737,0.1719170582327513,-0.23729580217318666,0.9959058820036868,0.05026932900000247
0.5593500799284125,0.02536286125370096,0.5757336063723982,7.605288481183386,0.16887975205266453,-0.22749418923430725,0.9960294169353971,0.04974800700074411
0.5593500799284125,0.02536286125370096,0.5757336063723982,7.655283496885893,0.17914588150520433,-0.23042969948946873,0.9960048593947042,0.05019555399849196
0.5593500799284125,0.02536286125370096,0.5757336063723982,7.7048520098981506,0.18755549424648912,-0.23549591087553523,0.9958734805983931,0.04977390600106446
0.5685769372013401,0.03237064770338042,0.5439681832626281,7.754659412145926,0.17581787387752926,-0.21667077123012377,0.9961641628897184,0.0499991910000972
0.5685769372013401,0.03237064770338042,0.5439681832626281,7.804510532537665,0.18743422532587473,-0.21833946713244784,0.9961942914821649,0.0500415639980929
0.5685769372013401,0.03237064770338042,0.5439681832626281,7.8542778371028925,0.19601453609940706,-0.22316744874196912,0.9960693771244107,0.04996369299988146
0.5806517761092239,0.03852357805313096,0.5085790553483411,7.904138297498485,0.1817264391165103,-0.19485551976243892,0.9964937651976838,0.05003589800253394
0.5806517761092239,0.03852357805313096,0.5085790553483411,7.9539178511110284,0.19408734084215942,-0.19598483547098422,0.9965186517809625,0.04995345899806125
0.5877813398011501,0.0442737518470254,0.46412480732358213,8.003737712964792,0.18860698037056225,-0.16576681476317556,0.9968024771532852,0.04997967300005257
0.5877813398011501,0.0442737518470254,0.46412480732358213,8.05379380584935,0.20148758210337112,-0.16752465434942723,0.9968757253369691,0.050212972000736045
0.5877813398011501,0.0442737518470254,0.46412480732358213,8.103594908610908,0.21050296105418181,-0.1712648214645741,0.9967644054680961,0.04996276200108696
0.6028763537236644,0.05097413941441091,0.4143632354784534,8.153471436284851,0.19111728146479948,-0.12757640142331203,0.9972667565052659,0.050013225998554844
0.6028763537236644,0.05097413941441091,0.4143632354784534,8.203259084639082,0.2039680183871999,-0.12829956202523468,0.997302036468498,0.04992233699886128
0.6104381433929157,0.05464008873076139,0.37179830336776243,8.253032350534168,0.19920251721746615,-0.09308763053465527,0.9975367228308301,0.04989617400133284
0.6104381433929157,0.05464008873076139,0.37179830336776243,8.30296573098165,0.21087332518581559,-0.09403484617025251,0.997530543806405,0.050056994001351995
0.6104381433929157,0.05464008873076139,0.37179830336776243,8.352798372272472,0.22020879400102242,-0.09610585013565279,0.9974297837556587,0.049961051998252515
0.6197986177532171,0.05823900510393974,0.32106919169112985,8.402689408509287,0.212207799556888,-0.049527063994447035,0.9976955937226075,0.05000627100162092
0.6197986177532171,0.05823900510393974,0.32106919169112985,8.452570705939062,0.22313244117911057,-0.050143154216146964,0.9976476574112295,0.049998911999864504
0.6197986177532171,0.05823900510393974,0.32106919169112985,8.50244525427617,0.23254133295477797,-0.05128906442962662,0.9975530943777549,0.0499968859985529
0.6356879737254251,0.06368227385385025,0.2733489136858147,8.552325568127852,0.20980299806157274,-0.006187058585783292,0.9978839282403261,0.049986088000878226
0.6356879737254251,0.06368227385385025,0.2733489136858147,8.602240684825949,0.21926213703960365,-0.007505621980955831,0.9977784004982041,0.05002625500128488
0.6500757342757998,0.06432605514791698,0.2311502457177315,8.652120156078748,0.20103283764509766,0.04362351249057886,0.9979902378917603,0.04997991900017951
0.6500757342757998,0.06432605514791698,0.2311502457177315,8.702046564658737,0.2083999033579621,0.04214888461795155,0.9978290726064183,0.050035030999424635
0.6500757342757998,0.06432605514791698,0.2311502457177315,8.751896624518245,0.2178763235899809,0.042665089016606955,0.997734871564797,0.049963232999289175
0.6584445069045884,0.06470323780166615,0.19514598179807838,8.801793384175244,0.2099710419261102,0.08343567612836299,0.9977861039434485,0.05000747099984437
0.6584445069045884,0.06470323780166615,0.19514598179807838,8.85191761360139,0.2163349165108305,0.08299180899356,0.9975961876580381,0.05024500899889972
0.6695886919284538,0.06424717221642556,0.15900867506936653,8.90145933315579,0.20210114094480702,0.1283110688282113,0.9976458781861062,0.04965862199969706
0.6695886919284538,0.06424717221642556,0.15900867506936653,8.95142477080756,0.20654790513601032,0.12666112388015502,0.9974109393180652,0.05009513700133539
0.6695886919284538,0.06424717221642556,0.15900867506936653,9.001328190067449,0.2159570271066758,0.12835863573141135,0.9973174450282895,0.05003764800130739
0.6883282417008485,0.06560603838431692,0.1341033064450311,9.051137671802907,0.18553882008591313,0.16184486131474984,0.9975170905546202,0.04993346199989901
0.6883282417008485,0.06560603838431692,0.1341033064450311,9.101068720037345,0.19037265513577337,0.15681797983261717,0.9973059370789854,0.05006592899735551
0.6883282417008485,0.06560603838431692,0.1341033064450311,9.150889316978674,0.19975936045664774,0.15901157803446272,0.997223519172644,0.0499593080021441
0.7124518780707552,0.06604991518722957,0.13026642688455647,9.200778412994035,0.15931355842470246,0.17714474928458385,0.9975307819788017,0.05001258799893549
0.7124518780707552,0.06604991518722957,0.13026642688455647,9.250649466581798,0.16616657784021585,0.17001823836886712,0.9974465665065377,0.049998721999145346
0.7380697858929137,0.0662259989430333,0.14691076729151137,9.300538800911552,0.12459025503733714,0.17121184989232802,0.9977992987319333,0.04999936800231808
0.7380697858929137,0.0662259989430333,0.14691076729151137,9.350424133396372,0.13455042982861126,0.16367995214496797,0.9978602404047401,0.049992303996987175
0.7380697858929137,0.0662259989430333,0.14691076729151137,9.400384570980211,0.14403930631477507,0.16652444894601992,0.9977637104468414,0.050072414000169374
0.7575064435966176,0.06615251376409764,0.17571721777481594,9.450210279529557,0.11563928465016823,0.15586937539782006,0.998044052747235,0.04992335600036313
0.7575064435966176,0.06615251376409764,0.17571721777481594,9.500121789079463,0.12822664620312507,0.15085586894621736,0.9981990072241278,0.05000156200185302
0.7575064435966176,0.06615251376409764,0.17571721777481594,9.550262723415846,0.13768536193194508,0.1535510386743263,0.9981084930204315,0.05023595599777764
0.7750552489564642,0.06759985890259822,0.2095904121836356,9.600017182004173,0.11354947370686025,0.1344078687669359,0.998365527883873,0.0498359140001412
0.7750552489564642,0.06759985890259822,0.2095904121836356,9.64987453170193,0.12752459115684925,0.12992255163726485,0.9985386772350716,0.04993031400226755
0.7877377677634367,0.07016192770904246,0.25548755822074787,9.699856432258589,0.11369297881067544,0.09650640750685635,0.9986709780475441,0.05004841600020882
0.7877377677634367,0.07016192770904246,0.25548755822074787,9.749753660655442,0.12964512830926114,0.09348567215060063,0.9988709808184703,0.04995362699992256
0.7877377677634367,0.07016192770904246,0.25548755822074787,9.799729449678122,0.1391525045872787,0.09490656363191956,0.9987820751936343,0.050036729997373186
0.8016392930827645,0.07474004777096648,0.3060980696414679,9.849635434638678,0.12158270561785,0.05207564618426692,0.9988803065838531,0.04996192700127722
0.8016392930827645,0.07474004777096648,0.3060980696414679,9.899696364292769,0.13711072776944447,0.04876260533458037,0.9990249341026746,0.05010979000144289
0.8063229957576704,0.07884898831785572,0.34992454617809154,9.949468141501379,0.13614022641856843,0.00590242631291351,0.9988541023788485,0.04982887599908281
0.8063229957576704,0.07884898831785572,0.34992454617809154,9.99956455461942,0.14941327201546287,0.0036268996840916963,0.9988774907554092,0.050152709998656064
0.8063229957576704,0.07884898831785572,0.34992454617809154,10.049414412030263,0.15878383525278186,0.0026824115110698635,0.9987747674943529,0.04991101000268827
0.8205349983643689,0.08668951105344444,0.400832681584774,10.099359593092545,0.13555613831676835,-0.049414741585225144,0.9986930368299353,0.05001054300009855
0.8205349983643689,0.08668951105344444,0.400832681584774,10.14927718250514,0.14686980391917395,-0.0515149859291559,0.9986401156795185,0.04998556399732479
0.8205349983643689,0.08668951105344444,0.400832681584774,10.199227127449538,0.155971065706926,-0.05359759136187347,0.9985278533142149,0.05002358700221521
0.8350629941952559,0.09612928954874383,0.4479721613029674,10.249127182483479,0.1286830480206005,-0.10530281051166807,0.9983637064067611,0.049981839998508804
0.8350629941952559,0.09612928954874383,0.4479721613029674,10.29908121867433,0.13708403677812572,-0.10594171299097246,0.9982102245778114,0.05004360300154076
0.8425185246106509,0.10347016453422091,0.4914306229620419,10.348916522684949,0.12241266161871456,-0.154491168920773,0.9978378678604131,0.049943287998758024
0.8425185246106509,0.10347016453422091,0.4914306229620419,10.398831445796404,0.12834041234488386,-0.15556726236583895,0.9976023353465951,0.05003488999864203
0.8425185246106509,0.10347016453422091,0.4914306229620419,10.448702440028892,0.1369393070753033,-0.15935949980937564,0.997470316738208,0.049997472000541165
0.8482170377617629,0.1099999762864151,0.5206230041067987,10.498612743536148,0.1252381125686755,-0.1964907901289175,0.9971146085468496,0.05005473100027302
0.8482170377617629,0.1099999762864151,0.5206230041067987,10.548564789428772,0.13023428153740887,-0.19781607757708458,0.9968732568214976,0.05010872300044866
0.8482170377617629,0.1099999762864151,0.5206230041067987,10.598235284187066,0.13861936463985572,-0.20218944357946475,0.9967396234523462,0.04983296900172718
0.8548187097859825,0.1162400811136198,0.5364090107526477,10.648040658454683,0.12610615697449024,-0.22699949164792366,0.9965178514105287,0.04997940999965067
0.8548187097859825,0.1162400811136198,0.5364090107526477,10.697853928223077,0.1315521447333134,-0.2280878857059895,0.9963107873111501,0.04999772199880681
0.8613368394015557,0.12401913240245241,0.523983894599465,10.747657008402125,0.1198459759840516,-0.23414692305964055,0.9962487788118183,0.049990605999482796
0.8613368394015557,0.12401913240245241,0.523983894599465,10.7975136571724,0.12806393880466915,-0.23557264489939006,0.9962074388941581,0.05004645300141419
0.8613368394015557,0.12401913240245241,0.523983894599465,10.847589316996313,0.13626869348910275,-0.24070977711699204,0.9960769075281664,0.050272885000595124
0.8665594753429994,0.12881103104006394,0.49569136974884814,10.897202502897816,0.1327604822287194,-0.22850795044793024,0.9962044638537235,0.04980221199730295
0.8665594753429994,0.12881103104006394,0.49569136974884814,10.947325582823208,0.14393792875702802,-0.2312294174152338,0.9962607520436907,0.05031120599960559
0.8700732925685704,0.12909550551264085,0.4576575576921086,10.996756427586051,0.15084746360793666,-0.20159582206296847,0.9965253402767211,0.04960319900055765
0.8700732925685704,0.12909550551264085,0.4576575576921086,11.046563729498429,0.16401607448347366,-0.20514993272178175,0.9966057126599188,0.04997693800032721
0.8700732925685704,0.12909550551264085,0.4576575576921086,11.096627071209147,0.17249332677182339,-0.2097533866304034,0.9964864296951599,0.050239863001479534
0.8663600490129711,0.1282683023189719,0.4213417755921068,11.146257062796613,0.1921090647920096,-0.18405919614942848,0.9965174007590875,0.049803436999354744
0.8663600490129711,0.1282683023189719,0.4213417755921068,11.19639587637255,0.20493315144402902,-0.18859331431064777,0.9966012702813636,0.05030980299852672
0.8663600490129711,0.1282683023189719,0.4213417755921068,11.245885097059782,0.21366982405692875,-0.1926710673920284,0.9964937663837256,0.049663352001516614
0.8641086680277696,0.1278041272161983,0.37739364894342553,11.296012881388332,0.23125550271108533,-0.1555213143365711,0.9966003814081811,0.05029878099958296
0.8641086680277696,0.1278041272161983,0.37739364894342553,11.345537310357498,0.24464406373001063,-0.15852266978566013,0.9966757430365402,0.04968961000122363
0.8641086680277696,0.1278041272161983,0.37739364894342553,11.395688699017915,0.2535318129496289,-0.1618660149475388,0.9965710294006257,0.050323947998549556
0.8657955583355916,0.12770339294042785,0.32258900826628345,11.44520238886251,0.2646581682186512,-0.1062137068963308,0.9968001865847332,0.049672633002046496
0.8657955583355916,0.12770339294042785,0.32258900826628345,11.495140819837337,0.27751922220916747,-0.10727131993775789,0.9968338248840174,0.05009704699841677
0.8688735008149507,0.12769446740771656,0.26432273363713227,11.544876156902665,0.28473938536189797,-0.04353109887918229,0.9970314597431756,0.049883417999808444
0.8688735008149507,0.12769446740771656,0.26432273363713227,11.594831847265404,0.29530868662425214,-0.043392925145230125,0.996974758063058,0.05010727699846029
0.8738759314920019,0.126815869447301,0.2081803897012164,11.64459313866485,0.29720575923334674,0.02544802404484712,0.997116820112261,0.0499051770020742
0.8738759314920019,0.126815869447301,0.2081803897012164,11.694544365500038,0.30458691935367843,0.025966398827294773,0.9970186150210157,0.0501005959995382
0.8738759314920019,0.126815869447301,0.2081803897012164,11.74430354464837,0.3139614162574418,0.02592836185663071,0.9969239130483463,0.049912714999663876
0.8836442007417475,0.12568629039566592,0.16041057252845317,11.794183221112624,0.3040651551215878,0.09225287114535634,0.9970571723688665,0.05002689699904295
0.8836442007417475,0.12568629039566592,0.16041057252845317,11.844015070617624,0.3087341984063764,0.09147426672999776,0.9968351808653937,0.04999005900026532
0.8836442007417475,0.12568629039566592,0.16041057252845317,11.89385326908785,0.3181160415736862,0.09227064616266262,0.9967436158667574,0.05000102100166259
0.9034404280395081,0.12484728614481859,0.11426930600193128,11.943822092342673,0.28582774784842074,0.16265017021600148,0.9969952019201164,0.05011942199780606
0.9034404280395081,0.12484728614481859,0.11426930600193128,11.993536270619737,0.287218346126579,0.15723465367190545,0.9967115349069794,0.04987820099995588
0.926197824002752,0.12431525529690035,0.08154679198985058,12.04334094347423,0.24801048481973617,0.2091164996066609,0.9969652033990097,0.04995628000324359
0.926197824002752,0.12431525529690035,0.08154679198985058,12.093625683630249,0.24950113590385647,0.20110739254544982,0.9966994510982108,0.05045125699689379
0.926197824002752,0.12431525529690035,0.08154679198985058,12.143163135817995,0.2593227557942336,0.20331447797680094,0.9965920630043261,0.04970685000080266
0.9531334880077882,0.12355257063899883,0.08094738050494467,12.192911960916883,0.21314751399415874,0.22112795386856057,0.9969713619240929,0.0498999539995566
0.9531334880077882,0.12355257063899883,0.08094738050494467,12.242723688889983,0.2200094042428348,0.2120785308955028,0.9969133577569973,0.04996595500051626
0.9716086522792349,0.12240058745470728,0.09490959276722666,12.29253823784918,0.19304492819356364,0.21279946813505768,0.9971410418798347,0.04995737500212272
0.9716086522792349,0.12240058745470728,0.09490959276722666,12.342427503985343,0.20341234032539118,0.20747940748709598,0.9971813499764561,0.050030283997330116
0.9716086522792349,0.12240058745470728,0.09490959276722666,12.392362462311366,0.21304716054686285,0.21049117241799595,0.9970789928962964,0.050081246001354884
0.9918742544460157,0.1225632907131068,0.12278724594382884,12.442196391386078,0.18370631733221096,0.19482149344380187,0.9973985236719587,0.04996390900123515
0.9918742544460157,0.1225632907131068,0.12278724594382884,12.492074068275754,0.19728083200619093,0.189273000070329,0.9975467345658664,0.05000034099793993
0.9918742544460157,0.1225632907131068,0.12278724594382884,12.541920123245502,0.20693466916430478,0.19214849884865406,0.9974438996327318,0.04997379300039029
1.0132735495362304,0.12367476363481789,0.15797050209566144,12.591890777539083,0.17592336485656232,0.16836397595193184,0.9977799595702929,0.050081837998732226
1.0132735495362304,0.12367476363481789,0.15797050209566144,12.641704779583492,0.19099625224525113,0.16249228457040604,0.9979739219672193,0.049915134000912076
1.0132735495362304,0.12367476363481789,0.15797050209566144,12.69163311982365,0.20069361914791622,0.16489760805627066,0.9978721062193259,0.05003480899904389
1.0357813113948013,0.12720776168705566,0.2024397298851848,12.74153002496032,0.16779696633106875,0.1271819156504773,0.9982024466932957,0.04998675900060334
1.0357813113948013,0.12720776168705566,0.2024397298851848,12.791625260618874,0.18441825264553102,0.12132046922369878,0.9984103766593532,0.05017499500172562
1.0525292516142175,0.1310295095353666,0.24967240097208995,12.841378131712167,0.162359523297277,0.07984276442142019,0.9985512528276409,0.04982505500083789
1.0525292516142175,0.1310295095353666,0.24967240097208995,12.891675959351335,0.17859134602652668,0.07558221448752969,0.9987138797461798,0.050362599999061786
1.0525292516142175,0.1310295095353666,0.24967240097208995,12.94126494952755,0.18832503267147174,0.0760980532887397,0.9986076837120315,0.04965812999944319
1.0611955554713837,0.1343797541323482,0.2929294109497944,12.991168279878035,0.18083708384302052,0.03323188152895516,0.998529305517416,0.049976831000094535
1.0611955554713837,0.1343797541323482,0.2929294109497944,13.041253404744065,0.19527064072928357,0.030329183002195136,0.9985880210785717,0.0501559440017445
1.0712207864919099,0.13992950143438093,0.3446272528380372,13.09102086499913,0.18276662601487934,-0.025804411138680705,0.9984017586330415,0.049847127997054486
1.0712207864919099,0.13992950143438093,0.3446272528380372,13.141121246142434,0.1955866456112887,-0.028730538424982226,0.9983843064590893,0.05018145900248783
1.0712207864919099,0.13992950143438093,0.3446272528380372,13.190834881043646,0.2049436942018288,-0.03061647945668615,0.998264879099433,0.04980004399840254
1.0794279046024053,0.14596951684008466,0.3932623445852534,13.240749527910234,0.19298320027264523,-0.0878584907996218,0.9979467296794382,0.05001734599863994
1.0794279046024053,0.14596951684008466,0.3932623445852534,13.290652396721343,0.20257882980255015,-0.0903420862785559,0.9978191568603609,0.05001193700081785
1.0896455596233254,0.1529831051136495,0.4379055976875402,13.340491271895823,0.18403209002086704,-0.14384266004369964,0.9974927256771681,0.049964149002335034
1.0896455596233254,0.1529831051136495,0.4379055976875402,13.390373201656557,0.19098002752396498,-0.14515583548381122,0.9972824457153794,0.05001785599961295
1.0896455596233254,0.1529831051136495,0.4379055976875402,13.440234898844452,0.19979181084149572,-0.1489682142325698,0.9971475110151614,0.05000433399982285
1.0959727668861592,0.16006104940193758,0.46988019770432576,13.49007132793757,0.18670468083745215,-0.19491409061061082,0.9967388482781755,0.049999484999716515
1.0959727668861592,0.16006104940193758,0.46988019770432576,13.540082352795258,0.19179279473281832,-0.1964361360881569,0.9965032212496,0.05018651600039448
1.0959727668861592,0.16006104940193758,0.46988019770432576,13.589960380010709,0.20040167765774863,-0.20086871015953056,0.996367493907259,0.050059869998221984
1.1042352199213556,0.16822092306770442,0.48414705640499955,13.639576041854363,0.18315454713898233,-0.2313594514972314,0.9961208690495571,0.049808877000032226
1.1042352199213556,0.16822092306770442,0.48414705640499955,13.689652085138558,0.18856370379950388,-0.23203606427119317,0.995933578677014,0.050280505001865095
1.1042352199213556,0.16822092306770442,0.48414705640499955,13.739355782897688,0.19708318840262018,-0.23691311500142706,0.9957936510362809,0.04991365199748543
1.1126220273761573,0.1787255378192598,0.4720396992382345,13.78895662297953,0.1789823887818806,-0.24958369028090843,0.9957053922541993,0.04981477500041365
1.1126220273761573,0.1787255378192598,0.4720396992382345,13.838874620468191,0.18681058407452134,-0.2502145814325572,0.9956796796497345,0.05013459499969031
1.1179375298191112,0.18515541326333512,0.4453737711287439,13.888490750816286,0.18136827390909538,-0.24280845127157483,0.9957408658466553,0.04982835600094404
1.1179375298191112,0.18515541326333512,0.4453737711287439,13.93841003925755,0.1923090930600504,-0.24528750073887637,0.9957960816424385,0.05013003099884372
1.1179375298191112,0.18515541326333512,0.4453737711287439,13.988048144217384,0.20080432894886502,-0.2504390405314056,0.9956695538170687,0.049853995002195006
1.1179375298191112,0.18515541326333512,0.4453737711287439,14.03785911149039,0.20921114705962063,-0.25521796598860347,0.9955494999161514,0.05003364200092619
1.114625303287256,0.18709934606627354,0.4101406388357172,14.087567641527556,0.22516495528544272,-0.23575164837328136,0.9955377728188779,0.04993133499738178
1.114625303287256,0.18709934606627354,0.4101406388357172,14.137375854951102,0.23843945483608153,-0.24097544417337952,0.9956722470388993,0.05002470800172887
1.114625303287256,0.18709934606627354,0.4101406388357172,14.187157192778946,0.24700226971533087,-0.24585022666031373,0.9955568286748507,0.050003511998511385
1.114625303287256,0.18709934606627354,0.4101406388357172,14.236912819911746,0.2556351902899695,-0.2502705172001579,0.995445977241589,0.04998325199994724
1.1239864341437422,0.19247469788040378,0.3316913594749293,14.286849610815072,0.2524688725437749,-0.17955847808480832,0.9960428171055394,0.050135184999817284
1.1239864341437422,0.19247469788040378,0.3316913594749293,14.336540524940801,0.2705307281999171,-0.18110431751881534,0.9962629124344293,0.04987731000073836
1.1239864341437422,0.19247469788040378,0.3316913594749293,14.386371583461496,0.2795020562369558,-0.1849612827528995,0.9961524009788145,0.05002352900191909
1.1244006292325888,0.1945734699831294,0.28416769090958,14.436138447276264,0.29056665508258733,-0.142891302340161,0.9962970890067224,0.0499518309989071
1.1244006292325888,0.1945734699831294,0.28416769090958,14.486000588857916,0.30418042580814103,-0.14454633009791648,0.9963629634492475,0.050044153998896945
1.1307222919035993,0.19603130248843692,0.2356812760813039,14.535708761887564,0.3044197611408539,-0.09190887168967496,0.9965868608540907,0.04987841500042123
1.1307222919035993,0.19603130248843692,0.2356812760813039,14.585647989230194,0.31672838264051567,-0.09240538016027816,0.9965819612014174,0.05011050699977204
1.1307222919035993,0.19603130248843692,0.2356812760813039,14.635446192385237,0.3259868255695615,-0.09415561686230345,0.9964813963457002,0.04997404200184974
1.1403159676157357,0.19863331431531048,0.17295041964096042,14.685295064547574,0.31876217103283383,-0.02385380127514712,0.9967485499335156,0.05001148199880845
1.1403159676157357,0.19863331431531048,0.17295041964096042,14.735413585986278,0.32908550258012237,-0.023895835431953664,0.9966677351821394,0.050286088000575546
1.1456916170501616,0.19719922928120817,0.1203138348142058,14.784966549002391,0.3293340145120969,0.04599380090844813,0.9967263072312991,0.049715716999344295
1.1456916170501616,0.19719922928120817,0.1203138348142058,14.834781400095492,0.3362279456002366,0.046742351812404284,0.9965566049511508,0.04998697599876323
1.1456916170501616,0.19719922928120817,0.1203138348142058,14.884606719504223,0.34552244727793097,0.047147319703282904,0.9964652939055914,0.050002062002022285
1.163281668016406,0.19608277045298841,0.06504760646672175,14.934455402379307,0.3186638312496782,0.12711387723109321,0.996677205864879,0.050014871998428134
1.163281668016406,0.19608277045298841,0.06504760646672175,14.984288401910034,0.3213316611097298,0.12369070290050403,0.9964082380944987,0.05001263300073333
1.163281668016406,0.19608277045298841,0.06504760646672175,15.034078938722416,0.33074603991222956,0.12499029624295913,0.9963121602715169,0.049974835998000344
1.1878013071218192,0.19400322404130943,0.019962195675823913,15.083978251492075,0.2874189904987783,0.19594647053273612,0.9965753438464389,0.050070788001903566
1.1878013071218192,0.19400322404130943,0.019962195675823913,15.133729276518787,0.28765700992975335,0.18788149486124567,0.9962151218347474,0.04994004200125346
1.2140264222150048,0.1918488489099893,-0.010701486047953313,15.183658887513225,0.24063628102398793,0.23767327102658464,0.996484416220773,0.05010576199856587
1.2140264222150048,0.1918488489099893,-0.010701486047953313,15.233342285065662,0.24152808578844365,0.22720988372734427,0.9962221250828079,0.04987180700118188
1.2140264222150048,0.1918488489099893,-0.010701486047953313,15.28323463519453,0.2512538820609695,0.22981969632650792,0.9961140629374052,0.05008698500023456
1.2416728992807562,0.18879580789814532,-0.017391457658660806,15.33298252553644,0.2021349512564414,0.25446817266354277,0.9964669959579919,0.04992427300021518
1.2416728992807562,0.18879580789814532,-0.017391457658660806,15.38277702509169,0.20704501917228413,0.2434739514306167,0.9963687662686196,0.04997597399778897
1.2612863764057967,0.18582700823643394,-0.010588099719176389,15.432594632676413,0.17639075468201906,0.2524741313164792,0.9965779961735886,0.049988669001322705
1.2612863764057967,0.18582700823643394,-0.010588099719176389,15.482440515392165,0.18459498175344485,0.24538706910767977,0.9965961723189665,0.05001612900014152
1.2612863764057967,0.18582700823643394,-0.010588099719176389,15.532294294758085,0.19410624949239022,0.2489870243171801,0.9964978179359459,0.050028989997372264
1.2739697068061324,0.18379794215320916,0.015604546238783781,15.582119885307394,0.17949470850030025,0.23571314346563782,0.9966817850461291,0.0499914730025921
1.2739697068061324,0.18379794215320916,0.015604546238783781,15.632036400026125,0.1931541172189666,0.23306799461375424,0.9968593287617312,0.0500737799993658
1.2739697068061324,0.18379794215320916,0.015604546238783781,15.681813096043545,0.20247550952904336,0.23678511410194944,0.996774605675519,0.04993776500123204
1.2857050761740099,0.18291305006176314,0.05553711480210965,15.731671678535177,0.1919250584953242,0.20662177267569035,0.9969635835442958,0.050010434999421705
1.2857050761740099,0.18291305006176314,0.05553711480210965,15.781530478491227,0.20898622657593338,0.20450705218427795,0.9972270372469187,0.04999744099768577
1.2945342687273405,0.1830248641740185,0.11071217554108152,15.831381423201002,0.20582992283637547,0.15648522829814027,0.9973225589642241,0.049984776000201236
1.2945342687273405,0.1830248641740185,0.11071217554108152,15.881377946260068,0.22547505499541134,0.15486648638427108,0.9976308422422603,0.05011525400186656
1.2945342687273405,0.1830248641740185,0.11071217554108152,15.931133725022992,0.2349844868953673,0.15710235455760282,0.9975462363227415,0.04987816799985012
1.2981048485081947,0.1853102529829142,0.15941093450260638,15.981107170573003,0.24087616080371374,0.10297882507245176,0.9974624355288626,0.050100578999263234
1.2981048485081947,0.1853102529829142,0.15941093450260638,16.030899560163657,0.2581683379475478,0.10165499421319538,0.9976157664646889,0.04991139000048861
1.2981048485081947,0.1853102529829142,0.15941093450260638,16.080903231519187,0.26765626716413726,0.10231385780830808,0.9975284527574498,0.05012756399810314
1.3038511330329257,0.18638167263832237,0.21573856335887306,16.130649565396308,0.2679507959599915,0.041873451823166694,0.9973866719225722,0.04987667800014606
1.3038511330329257,0.18638167263832237,0.21573856335887306,16.180519466168896,0.28345806398625023,0.0391888834056709,0.9974774545108448,0.04999601800227538
1.3112924760415017,0.18958288108777174,0.270415998346644,16.230341314244942,0.2774627971704767,-0.026564457441647198,0.9972461070958393,0.04995943099856959
1.3112924760415017,0.18958288108777174,0.270415998346644,16.280254310995275,0.2897520785413737,-0.02958807679187206,0.9972156308744099,0.050052360998961376
1.3112924760415017,0.18958288108777174,0.270415998346644,16.330071712100253,0.29893889086569875,-0.031636224339868575,0.9971098139360963,0.04996180000307504
1.319691890388485,0.19349754389144638,0.3260269308625913,16.379949520436124,0.28791135440448606,-0.1016114196197028,0.9967825239390917,0.05003880699950969
1.319691890388485,0.19349754389144638,0.3260269308625913,16.430125613584508,0.2965113159434201,-0.10418728115062545,0.9966370939414363,0.05034539999905974
1.3309339058525584,0.20128483072141293,0.3768068840182411,16.479569492513566,0.27458822376629,-0.17776303164077184,0.9962311994296438,0.04963092799880542
1.3309339058525584,0.20128483072141293,0.3768068840182411,16.52938130531312,0.27897394195322817,-0.17812021331791292,0.9959933929361974,0.050012192001304356
1.3309339058525584,0.20128483072141293,0.3768068840182411,16.579151059304056,0.28767670847312543,-0.18216111084772948,0.9958729793223632,0.049976006001088535
1.3424096642318624,0.20990541204370702,0.4055327689184796,16.628924459778773,0.26363215633212356,-0.23248590468668634,0.9955798131618906,0.04999438499726239
1.3424096642318624,0.20990541204370702,0.4055327689184796,16.67870105363082,0.2673946633900823,-0.2320241015326886,0.9953570127017645,0.050008784000965534
1.3424096642318624,0.20990541204370702,0.4055327689184796,16.728468962172318,0.27594398522010344,-0.23662926189411748,0.99522938816577,0.050006469999061665
1.3578735635834447,0.2202908918447429,0.4166519747473683,16.778416136747154,0.24388137510275854,-0.26842250994958017,0.9951585056193407,0.050190170000860235
1.3578735635834447,0.2202908918447429,0.4166519747473683,16.827998344311297,0.2486516933209799,-0.26616656979818354,0.9949921605682096,0.04983175700181164
1.3781975633389314,0.2324991544449256,0.4074144251655938,16.877834121511288,0.20887854227371136,-0.2767030026656282,0.9951933361361905,0.05007647799720871
1.3781975633389314,0.2324991544449256,0.4074144251655938,16.927733280606887,0.21624516922390163,-0.2728402423085082,0.9951269684600058,0.0501435100013623
1.3781975633389314,0.2324991544449256,0.4074144251655938,16.977316719732297,0.22478705133566032,-0.2781002020563837,0.9949964885531557,0.04983277800056385
1.396508912356332,0.2429830148366003,0.3723439880516306,17.027025718410755,0.1938124612645427,-0.2613456056478772,0.995403523583192,0.04993853999985731
1.396508912356332,0.2429830148366003,0.3723439880516306,17.076810178621916,0.20590802776356754,-0.2596874222111533,0.9955022488824593,0.050009390000923304
1.411439200456806,0.25051628336023485,0.33636332197737456,17.12653576456124,0.1844661761919672,-0.23957280095804348,0.9962379800495288,0.04991336099919863
1.411439200456806,0.25051628336023485,0.33636332197737456,17.176436521679214,0.19738474003089335,-0.23896801615914076,0.9963332123235693,0.05008440600067843
1.411439200456806,0.25051628336023485,0.33636332197737456,17.226249485788205,0.20604514926994683,-0.24386813763570012,0.9961993906861341,0.050003005999315064
1.4172759346522008,0.2548374945205556,0.29719141649679787,17.276072877139086,0.20441325249935505,-0.2189603099909508,0.9963726335734157,0.050004777000140166
1.4172759346522008,0.2548374945205556,0.29719141649679787,17.325867501829133,0.21850752427430387,-0.2210891986436937,0.9964902684019807,0.04997000599905732
1.4172759346522008,0.2548374945205556,0.29719141649679787,17.37577739413065,0.2273088568392576,-0.22550351984612688,0.996368891320925,0.050091781002265634
1.4232561614779033,0.2566289060356479,0.2469024881852783,17.425532299046473,0.22947896871869325,-0.18054493299259378,0.9966366461868722,0.04992281299928436
1.4232561614779033,0.2566289060356479,0.2469024881852783,17.475357397948056,0.2452095617064461,-0.18224159332002224,0.9968873946637697,0.04998066899861442
1.4232561614779033,0.2566289060356479,0.2469024881852783,17.525195863324697,0.2542602147594553,-0.18579522155600545,0.996770104954986,0.04999995999969542
1.4261654268488622,0.2575284263381959,0.19596484344881476,17.57519696894456,0.2622573028304098,-0.13665545390718745,0.996925800430948,0.05015529299998889
1.4261654268488622,0.2575284263381959,0.19596484344881476,17.624900657075855,0.27703668109375273,-0.13783296936809095,0.9970059571446819,0.04985295000005863
1.4336625873905833,0.2581800364996099,0.14568884338928828,17.674847042956053,0.2754270478901495,-0.08381937028922133,0.997173888121362,0.050087940002413234
1.4336625873905833,0.2581800364996099,0.14568884338928828,17.724866258555842,0.288486544218744,-0.08388342373275962,0.9971735925420653,0.05016099099884741
1.437732116206669,0.25700693510265016,0.10085330174007556,17.774392838754473,0.29263752574577795,-0.029857363053738498,0.997319279199741,0.04965970400007791
1.437732116206669,0.25700693510265016,0.10085330174007556,17.82436481186293,0.3033866283678898,-0.02937902386702872,0.9972404472466048,0.050110255000618054
1.437732116206669,0.25700693510265016,0.10085330174007556,17.874421597617314,0.312874091287437,-0.029806158481758,0.9971270450098053,0.050201010999444406
1.4437093837831039,0.2561688107281385,0.05530010418308783,17.924048415860042,0.311544882137811,0.02733252130271225,0.9971459712351105,0.049768860000767745
1.4437093837831039,0.2561688107281385,0.05530010418308783,17.973929643691424,0.32012623296201376,0.028060213405449487,0.9969996173768705,0.0500313409975206
1.4437093837831039,0.2561688107281385,0.05530010418308783,18.02393798854177,0.3295755244525988,0.028510011588565153,0.9968886684450421,0.0501644230025704
1.4524073233112718,0.2537122845981693,0.001955553983755182,18.073625448365437,0.3210496151031552,0.10302317767459042,0.9969782094945665,0.04983806000018376
1.4524073233112718,0.2537122845981693,0.001955553983755182,18.12341565817486,0.3257557106092001,0.10310392666952,0.9967283827198228,0.04995363899797667
1.4524073233112718,0.2537122845981693,0.001955553983755182,18.173496851911214,0.3351562296666392,0.10446024015368005,0.9966166137275705,0.05025121300059254
1.465869076052563,0.25059356002943695,-0.04880891533550464,18.22312278090041,0.31416933431960603,0.17942225103097137,0.996612484481046,0.04979460899994592
1.465869076052563,0.25059356002943695,-0.04880891533550464,18.272931161813126,0.3152869765882878,0.17679960480673837,0.9962858773750659,0.049994065000646515
1.4877199619191717,0.24616595753638887,-0.08046368770476346,18.322743730749522,0.2763861708044755,0.23106906464244825,0.996414172917395,0.049991830997896614
1.4877199619191717,0.24616595753638887,-0.08046368770476346,18.3728520311585,0.2777957055745357,0.22392822819377078,0.9961389293100433,0.05030252200231189
1.4877199619191717,0.24616595753638887,-0.08046368770476346,18.422537941505922,0.2874915883514565,0.22668593215759694,0.9961093675154865,0.04987997499847552
1.5100748946272764,0.24091549993761968,-0.08769072439381782,18.472487391539055,0.24829947039308664,0.25404671220997654,0.9963178923014396,0.050134049000917
1.5100748946272764,0.24091549993761968,-0.08769072439381782,18.522036633200365,0.2534564924343577,0.24674911261230364,0.9961934906450278,0.049738572000933345
1.5354360707636918,0.23650444386813935,-0.07782683945218469,18.571866520372897,0.21115379414691057,0.2523718727755684,0.9965239608319216,0.05000370199923054
1.5354360707636918,0.23650444386813935,-0.07782683945218469,18.621631203127965,0.21994002233906323,0.2438849963335529,0.9965177376231217,0.04993858200032264
1.5354360707636918,0.23650444386813935,-0.07782683945218469,18.671552234319606,0.2295264880108162,0.2475203004195009,0.9963919101753329,0.05010180299723288
1.5521608352807907,0.2340244618499427,-0.04814563542993918,18.721302111729564,0.20744826929707855,0.22788318149351183,0.9967600591837975,0.049911588001123164
1.5521608352807907,0.2340244618499427,-0.04814563542993918,18.7711581393757,0.2215554090036369,0.22422461234215663,0.9969021715268516,0.05001095300031011
1.5631360127028937,0.23253493072121167,-0.007584884633841635,18.821129129850917,0.2127002936499099,0.19230141544438065,0.9970632704041762,0.05011817400009022
1.5631360127028937,0.23253493072121167,-0.007584884633841635,18.87086107261495,0.22927526909903234,0.19070037800365486,0.9972659129440846,0.0498682870020275
1.5631360127028937,0.23253493072121167,-0.007584884633841635,18.92095184469728,0.23871360698098115,0.19370117819627322,0.9971591670499862,0.05023347699898295
1.574131055625488,0.2340406251762526,0.03718787405272995,18.97066051296358,0.23079296766511292,0.14628476599927173,0.9973158277481983,0.04984245399828069
1.574131055625488,0.2340406251762526,0.03718787405272995,19.0206424098406,0.24785626456004436,0.1443808928127943,0.9975655748111917,0.05010387100264779
1.574131055625488,0.2340406251762526,0.03718787405272995,19.070322744571193,0.25744651223012405,0.14625092262126263,0.9974550958330177,0.04980708899893216
1.595462980939083,0.23587167922133684,0.08775687795425902,19.120314573354154,0.2277423527510644,0.09306739408677206,0.9977449231954316,0.05010481899807928
1.595462980939083,0.23587167922133684,0.08775687795425902,19.17010539711531,0.24385656433348302,0.0891461934014959,0.9978654721808159,0.04989733100228477
1.595462980939083,0.23587167922133684,0.08775687795425902,19.220083965264458,0.25341306310244477,0.08985626245176714,0.9977515838275666,0.050091193999833195
1.6145101178610153,0.24032158169128212,0.14102387310275438,19.270300293577666,0.22666495848177284,0.026547210044312958,0.9978877157397289,0.05032262399981846
1.6145101178610153,0.24032158169128212,0.14102387310275438,19.319981856614724,0.2409130971479758,0.023704067317440805,0.9979102199651464,0.04978560399831622
1.6291049823896395,0.2439477726806159,0.19862567770709216,19.369684332978313,0.2206374418633027,-0.04027233314014837,0.9979440037177644,0.04980487500142772
1.6291049823896395,0.2439477726806159,0.19862567770709216,19.419982002163966,0.23196668957480834,-0.04213657491740881,0.9978752047176609,0.050404769001033856
1.6449250603852164,0.24985334191670036,0.2516671972185822,19.46939418916072,0.20584193603851814,-0.10604234490986537,0.997718010342985,0.04952520299775642
1.6449250603852164,0.24985334191670036,0.2516671972185822,19.5193540504756,0.2136918195369063,-0.10642300991601865,0.9975345556572227,0.0500833389996842
1.6449250603852164,0.24985334191670036,0.2516671972185822,19.569416887185778,0.2227861856243748,-0.10939075494537152,0.9973947618144601,0.05019360300138942
1.6590591160194412,0.2556469806371847,0.29687248840386765,19.619161631890798,0.19777634372677827,-0.16438845399427854,0.9971675985811697,0.04988604200116242
1.6590591160194412,0.2556469806371847,0.29687248840386765,19.669251668845583,0.20318240007382643,-0.16387785978916564,0.9970015723880593,0.05024067999693216
1.6590591160194412,0.2556469806371847,0.29687248840386765,19.7188231211248,0.2121121661099044,-0.16764472020996984,0.9968536239416937,0.0497279150004033
1.670403876078282,0.26231656681171706,0.332222609132308,19.768571129831845,0.1900936692515789,-0.2163637241120719,0.9965610697627544,0.04991967900059535
1.670403876078282,0.26231656681171706,0.332222609132308,19.81843730706444,0.19365867086397281,-0.21555782337729507,0.9962718601513438,0.050052780999976676
1.670403876078282,0.26231656681171706,0.332222609132308,19.868557907993132,0.20226548242783776,-0.21989628630796187,0.9961209965083918,0.05031577599947923
1.6863400848591574,0.27146156010305506,0.3429157310523144,19.918031899658864,0.17094454018520222,-0.24849469497862287,0.9960318503018039,0.04967109400240588
1.6863400848591574,0.27146156010305506,0.3429157310523144,19.967881975794512,0.17587063896470118,-0.24576938734287399,0.9959379406615392,0.050053396000294015
1.7007552460825617,0.27954978583065676,0.3288524641327294,20.0178374682001,0.15145202991538342,-0.2498488376840106,0.9960305201596003,0.05015457999979844
1.7007552460825617,0.27954978583065676,0.3288524641327294,20.06765591203202,0.16001761834673608,-0.2485601644364561,0.9959734154548487,0.050019852998957504
1.7007552460825617,0.27954978583065676,0.3288524641327294,20.11721320266278,0.16845602211220498,-0.25364999563576185,0.9958183917054946,0.04976538999835611
1.71794443270968,0.2873578379653582,0.29911557291269464,20.1673147018038,0.14100932389027765,-0.24208398372232742,0.9961265582867377,0.05029631900106324
1.71794443270968,0.2873578379653582,0.29911557291269464,20.21684863817745,0.15230774329112134,-0.24039410280385773,0.9961631635201099,0.049724722000974
1.7269737882224308,0.2906949094601356,0.2674957278574263,20.266630650326956,0.1446934067595114,-0.22222034251463257,0.9963597542675764,0.04996389299776638
1.7269737882224308,0.2906949094601356,0.2674957278574263,20.31646534226808,0.15724926275757808,-0.2235082929957994,0.9965194678465593,0.05000874899997143
1.7269737882224308,0.2906949094601356,0.2674957278574263,20.366586818266295,0.16582008034096624,-0.22822818748490967,0.9963780180420883,0.050303675001487136
1.7431399558322962,0.2962549021734705,0.22772660908648296,20.41613444780121,0.14373549040249753,-0.2044371298712734,0.996735991774408,0.04970988300192403
1.7431399558322962,0.2962549021734705,0.22772660908648296,20.465978044311253,0.15703873003917726,-0.20343540234044988,0.9968337913861178,0.050001912997686304
1.7431399558322962,0.2962549021734705,0.22772660908648296,20.515785550746713,0.16582146228858846,-0.20774192745440156,0.9966921099293867,0.04997281100077089
1.7565609389969947,0.2990526724109019,0.18288100627827533,20.565645217088008,0.15159245806544963,-0.17394164501543366,0.9970383671529951,0.05000777099849074
1.7565609389969947,0.2990526724109019,0.18288100627827533,20.615503820506408,0.16596630133173967,-0.17383839990286717,0.9972420348330336,0.04999649200181011
1.7717659483796082,0.3023938805333307,0.14441890051239836,20.66536927888512,0.14670104278954205,-0.14786060229986175,0.9975357478302285,0.04998864300068817
1.7717659483796082,0.3023938805333307,0.14441890051239836,20.715565219898203,0.15979900349439052,-0.14692561117989333,0.9975904060112896,0.05031718499958515
1.7717659483796082,0.3023938805333307,0.14441890051239836,20.765170047711937,0.1689476664747154,-0.14989776328069332,0.9974576517808864,0.049731261999113485
1.7780309277640218,0.3021283913677354,0.10175643321838596,20.815005044801115,0.16920626783922615,-0.11234290189465983,0.997595323517069,0.04995512299865368
1.7780309277640218,0.3021283913677354,0.10175643321838596,20.8650780337659,0.18265472165589386,-0.11293323259106519,0.9976284868469494,0.05019202000039513
1.7780309277640218,0.3021283913677354,0.10175643321838596,20.914783620049686,0.19189180481365795,-0.1150725344875064,0.9976068612643153,0.04982482400009758
1.7874670097445011,0.30206022370022245,0.05747598615208572,20.964669294870202,0.18512007665331154,-0.07404344145465985,0.9977631451020275,0.04999751200011815
1.7874670097445011,0.30206022370022245,0.05747598615208572,21.014557583880006,0.19757150870974508,-0.07389249308633443,0.997750554525737,0.05000076299984357
1.7931972817825572,0.3009122182274299,0.012924381430488931,21.064459186930797,0.19746006992784793,-0.029501721432566325,0.997779722475646,0.050012645002425415
1.7931972817825572,0.3009122182274299,0.012924381430488931,21.114321910712174,0.20851686849328896,-0.02908227207445817,0.997709810448388,0.04997718099912163
1.7931972817825572,0.3009122182274299,0.012924381430488931,21.164209189013,0.2177929079391754,-0.02940473285126895,0.997585274036799,0.05000803399889264
1.8014528291502572,0.29866542791658474,-0.036676872857206326,21.21407564368088,0.21149672619444193,0.02557368872280028,0.9976011990827677,0.04998636199889006
1.8014528291502572,0.29866542791658474,-0.036676872857206326,21.26395503336842,0.22039711878316473,0.026053094724299983,0.9975630741325207,0.05000123900026665
1.814294429481559,0.29635010416935664,-0.08055130732619303,21.313840513498054,0.20303498954756585,0.07555238389043714,0.9976087044320447,0.05000505700081703
1.814294429481559,0.29635010416935664,-0.08055130732619303,21.363773976610787,0.20998099432852593,0.07484360604859312,0.997400887496605,0.05006358399987221
1.814294429481559,0.29635010416935664,-0.08055130732619303,21.41356886878352,0.21918862077659407,0.076311481835779,0.9972767980452217,0.049930863999179564
1.8206021568586332,0.29405195413868956,-0.11557706694352572,21.463537548958406,0.21358556214415977,0.11791872241344298,0.9971587543436264,0.05011105800076621
1.8206021568586332,0.29405195413868956,-0.11557706694352572,21.513287837772697,0.21943408714815646,0.11857254190298439,0.9969227790331223,0.049903854000149295
1.834822584182466,0.29005222431665884,-0.15151549899004435,21.563016362180488,0.19633520878067737,0.1645502613738707,0.9970152293317506,0.049877396999363555
1.834822584182466,0.29005222431665884,-0.15151549899004435,21.612967816077376,0.20014356645112508,0.16189453814621727,0.9967374787997298,0.050114955000026384
1.834822584182466,0.29005222431665884,-0.15151549899004435,21.66281136539813,0.20929524440854094,0.16453081718577225,0.9966075032691498,0.0500132190027216
1.8512665996436086,0.28369222595402493,-0.1652080137508911,21.712553211055134,0.18095119361834255,0.19496732434697206,0.9966464443522768,0.04990921900025569
1.8512665996436086,0.28369222595402493,-0.1652080137508911,21.76246621390451,0.18607092788788934,0.19113918377193845,0.9964712516206868,0.05008975699820439
1.8676334511015174,0.27763080706509197,-0.1553604365940442,21.812228676413472,0.1601860439549228,0.19818549023979304,0.9966004210811795,0.04993221100085066
1.8676334511015174,0.27763080706509197,-0.1553604365940442,21.862324356959792,0.16890483936014766,0.19477251370512713,0.9966777438378206,0.05026266599816154
1.8676334511015174,0.27763080706509197,-0.1553604365940442,21.91195257663365,0.17805422304985943,0.19822505857051975,0.996550435760117,0.04980000800060225
1.8676334511015174,0.27763080706509197,-0.1553604365940442,21.961823640998468,0.18686007624103937,0.20141299005547725,0.9964363299037727,0.05004942400046275
1.880866107621466,0.2749356302130646,-0.12972787204054656,22.011703568169107,0.1707677977206568,0.18533653462198174,0.9966362910852056,0.05004827499942621
1.880866107621466,0.2749356302130646,-0.12972787204054656,22.061414381544296,0.18318685885243777,0.18375701449032003,0.9966865551002732,0.0498760750015208
1.8940955479007329,0.2711828487018752,-0.09061057434655823,22.11131803451008,0.16761987955834123,0.15956658451298053,0.9968845137756603,0.050059613000485115
1.8940955479007329,0.2711828487018752,-0.09061057434655823,22.16120561708432,0.18181549713900014,0.15797331698080233,0.9970138014792052,0.05003700299857883
1.8940955479007329,0.2711828487018752,-0.09061057434655823,22.210975637731917,0.1910478566144908,0.16082439799719989,0.9970063908154189,0.04991946000154712
1.9007428635164512,0.27034064543683284,-0.043579273673726146,22.260829808172133,0.19038071163939332,0.12104317155456154,0.997093180319362,0.04999950999990688
1.9007428635164512,0.27034064543683284,-0.043579273673726146,22.310678501181176,0.20576845374055597,0.12075276684297381,0.9972103785457942,0.04998814099963056
1.9069270824347655,0.27072510780809267,0.01064698809418309,22.360472057498153,0.20609881177051584,0.06948945392006065,0.9972275153534578,0.04993199199816445
1.9069270824347655,0.27072510780809267,0.01064698809418309,22.410433824671248,0.22085901689014467,0.06846790606228405,0.9972938516763756,0.05009733800034155
1.9069270824347655,0.27072510780809267,0.01064698809418309,22.460271626373977,0.2302596514265407,0.06914785309630754,0.9971713758695621,0.049979174000327475
1.9201915981716187,0.2724797178517178,0.06604660237164897,22.510142601569676,0.21498507207412018,0.009876798629208906,0.9973448626482114,0.05000374199880753
1.9201915981716187,0.2724797178517178,0.06604660237164897,22.560167749632264,0.22737636769468828,0.00843306698197421,0.9973103712900926,0.05016006000005291
1.9201915981716187,0.2724797178517178,0.06604660237164897,22.60985392776439,0.23671301835627787,0.007828339698304296,0.9971853514115786,0.04982642200047849
1.9323403983241383,0.2749120085055187,0.1110682795955586,22.659732357282124,0.22140418524506503,-0.04338161041561976,0.9971447240923643,0.05002125399914803
1.9323403983241383,0.2749120085055187,0.1110682795955586,22.709575971596305,0.23115172653905783,-0.044552413477827305,0.9970180503008035,0.04999269000109052
1.9469002700723732,0.27878367241698576,0.16640554500866805,22.759481653820487,0.2086374159635885,-0.1088894511644791,0.9969065501160087,0.05006054200202925
1.9469002700723732,0.27878367241698576,0.16640554500866805,22.809279119704378,0.21526273457372305,-0.10850572008670863,0.9967804332218754,0.04995830999905593
1.9469002700723732,0.27878367241698576,0.16640554500866805,22.85910895410453,0.22435212476741453,-0.11109732997139905,0.9966462811196362,0.04999751200011815
1.9671641637676018,0.2856011683018555,0.21657903147932125,22.908941133914663,0.18681836127681256,-0.17572404166473193,0.9965378037588459,0.05000530799952685
1.9671641637676018,0.2856011683018555,0.21657903147932125,22.958736088514595,0.19006311297410974,-0.1714857630406584,0.9962033723425331,0.049984728000708856
1.9903121925275995,0.294160868703704,0.2584272912338513,23.009193298953694,0.14466513599861952,-0.22719273596249803,0.9961099114124323,0.05065425999782747
1.9903121925275995,0.294160868703704,0.2584272912338513,23.058453933792688,0.14592420390692656,-0.2192558109577444,0.9949306821743451,0.049511625002196524
1.9903121925275995,0.294160868703704,0.2584272912338513,23.10804592761241,0.15504918129666986,-0.22319494626557906,0.9947624686718,0.049853100998006994
2.0104736720314778,0.3040569506403241,0.2753981086144426,23.15783990321973,0.11451036155594804,-0.2589950805852158,0.9948023600617828,0.0500541389992577
2.0104736720314778,0.3040569506403241,0.2753981086144426,23.207503855054675,0.11740832545774385,-0.2517421934966892,0.9945748085124209,0.049934858001506655
2.0228923219177295,0.31101907718049004,0.2649548732178853,23.257283776737204,0.09750121320179805,-0.26001901180754644,0.994566908613805,0.05005185800109757
2.0228923219177295,0.31101907718049004,0.2649548732178853,23.306948120579072,0.10558024696737617,-0.25784741636044345,0.9945473462614017,0.04993663099958212
2.0228923219177295,0.31101907718049004,0.2649548732178853,23.356846485297837,0.1142618909942101,-0.2630097888158183,0.9944152233279622,0.05017860099906102
2.0391715305214464,0.3174238369466678,0.2338827368461949,23.406394606377138,0.08968557735427107,-0.2521715019345398,0.994606520617656,0.049816807000752306
2.0391715305214464,0.3174238369466678,0.2338827368461949,23.4561616076763,0.10209454689966978,-0.24924981204096794,0.9948683190996379,0.05002370700094616
2.0391715305214464,0.3174238369466678,0.2338827368461949,23.5058820186193,0.11087343523720725,-0.25463898474698843,0.9947542938794882,0.049982604999968316
2.047805440172484,0.3206576417099482,0.19742621935005958,23.55570763313032,0.10438690414156479,-0.23531712263633586,0.9949579072907123,0.05007811299947207
2.047805440172484,0.3206576417099482,0.19742621935005958,23.605390684793857,0.11907039424068322,-0.23618804199575566,0.9951770063470933,0.04992383399803657
2.053619461983271,0.3216302299360874,0.1585603751799159,23.655154700273567,0.12029851414584763,-0.21053845601904791,0.9953568126756364,0.04999615700216964
2.053619461983271,0.3216302299360874,0.1585603751799159,23.704938733222118,0.13603355811166307,-0.2123182797287921,0.9955661887914103,0.050005748998955823
2.053619461983271,0.3216302299360874,0.1585603751799159,23.75470050583147,0.14502474598999388,-0.21677389875807815,0.9954792649940807,0.04998775399872102
2.0511798436981747,0.32199334724852813,0.1209615386438804,23.80449025466735,0.1624446015097122,-0.19004467437386202,0.9955676089884955,0.05001141899992945
2.0511798436981747,0.32199334724852813,0.1209615386438804,23.854282656080873,0.17809161308208868,-0.19414902727457453,0.9957711148861436,0.05000386200117646
2.0511798436981747,0.32199334724852813,0.1209615386438804,23.904068242280296,0.18722083731707767,-0.1978248910591967,0.9956951954383044,0.05000083000049926
2.0551494331903006,0.32108628328926575,0.07507349396334212,23.953832607876382,0.1937471898790994,-0.1547311521812716,0.9958382893146799,0.049972336000791984
2.0551494331903006,0.32108628328926575,0.07507349396334212,24.00365615727717,0.21021811716171393,-0.15577741661362982,0.9960468115548515,0.05002129299828084
2.064403073182166,0.32019150111250977,0.028910433734524333,24.05351043064779,0.20526501224986518,-0.11013707777206477,0.9962321348293723,0.050042827999277506
2.064403073182166,0.32019150111250977,0.028910433734524333,24.103281534773746,0.22037198149284015,-0.10938925947560582,0.9964405842986822,0.0499488929999643
2.064403073182166,0.32019150111250977,0.028910433734524333,24.153126395753105,0.22984637166494684,-0.1110043785228676,0.9963634078967056,0.05002678800155991
2.074673477317959,0.3180234556142406,-0.01608518825342964,24.202916521773403,0.2218473843056961,-0.06034347229186063,0.9965057545352982,0.04996471499907784
2.074673477317959,0.3180234556142406,-0.01608518825342964,24.252760078474836,0.2351795860272834,-0.05919652299142699,0.9965425539723369,0.050016486002277816
2.0891473875936257,0.3174542880103684,-0.06723357548123374,24.302595100982817,0.2171649426022893,-0.00791223039230067,0.9967543347147442,0.04999729699920863
2.0891473875936257,0.3174542880103684,-0.06723357548123374,24.3525023753755,0.22890088279145193,-0.006827723703530051,0.9967386112824879,0.05007057399780024
2.0891473875936257,0.3174542880103684,-0.06723357548123374,24.402561767540426,0.2383660068877783,-0.006287836090149574,0.9967404670539762,0.05022309600099106
2.0985625352342923,0.31385267451169624,-0.11037486727520578,24.452083624938492,0.22850164962688693,0.04749035824677977,0.9967082568753913,0.04968540900154039
2.0985625352342923,0.31385267451169624,-0.11037486727520578,24.50192794171695,0.23758110214951636,0.04860132548125585,0.9966034198056802,0.05001419399923179
2.0985625352342923,0.31385267451169624,-0.11037486727520578,24.551769492084034,0.24693218668192335,0.05008558811476826,0.996513956457185,0.050015908000204945
2.1110566429141477,0.3091323691109378,-0.15718856746155646,24.60158858418305,0.2284861460063836,0.111007865220036,0.9964571741218172,0.04999622000104864
2.1110566429141477,0.3091323691109378,-0.15718856746155646,24.651400292722922,0.23465850986279063,0.11078388021535367,0.996611069233784,0.049981090996880084
2.1110566429141477,0.3091323691109378,-0.15718856746155646,24.70122353862065,0.24391123952663524,0.11316995790679589,0.9965785677290809,0.04999429800227517
2.1211548890213363,0.3037942640363498,-0.19760442990462546,24.75106872710815,0.22783452552954175,0.16985418515558576,0.9963919033099823,0.05002568599957158
2.1211548890213363,0.3037942640363498,-0.19760442990462546,24.800861691162382,0.2316401810597788,0.16934340046444968,0.9961223570308877,0.04998679499840364
2.1373109927372296,0.2971793590879133,-0.22895472181023588,24.850682410077873,0.20213117087843988,0.2168148707895578,0.9960482508395476,0.05001837900272221
2.1373109927372296,0.2971793590879133,-0.22895472181023588,24.90066556341078,0.2049833283692277,0.2130295130592139,0.9957774832066583,0.050195102998259244
2.1562363666521454,0.28868494150860013,-0.2349785971624603,24.950250722515694,0.17049835841318098,0.23847969962687818,0.9959623153535943,0.049786179999500746
2.1562363666521454,0.28868494150860013,-0.2349785971624603,25.000030221645115,0.17590890614947102,0.2334821706727278,0.9958243797391171,0.04998823099958827
2.1562363666521454,0.28868494150860013,-0.2349785971624603,25.049953294266267,0.1850537486114043,0.23761624841219167,0.995770085004272,0.05013514000165742
2.1662874327839514,0.2831039152866241,-0.2225274204027639,25.09961026049484,0.17119338319010785,0.24185726861341245,0.9958133422909792,0.049865737000800436
2.1662874327839514,0.2831039152866241,-0.2225274204027639,25.149423032824547,0.18060182706190364,0.24137562182003847,0.9958108569309251,0.05002232299739262
2.1662874327839514,0.2831039152866241,-0.2225274204027639,25.19923826526968,0.18953982703431027,0.24578150248529937,0.9956927359404181,0.050030728001729585
2.185244868060964,0.27707898689160293,-0.19804103389213135,25.249074058278755,0.16011897790457638,0.23649727242327112,0.9960650313203971,0.050032669998472556
2.185244868060964,0.27707898689160293,-0.19804103389213135,25.298846624221227,0.17189374962616416,0.23268998689625908,0.9961805628723072,0.04996339799981797
2.185244868060964,0.27707898689160293,-0.19804103389213135,25.348676919631284,0.18102623183106392,0.23708913904578885,0.9961279261729818,0.05002399200020591
2.205322712951762,0.272628484271467,-0.16389242636169174,25.398400166601824,0.15190878925571716,0.2150987649635923,0.9965266733205644,0.049896554002771154
2.205322712951762,0.272628484271467,-0.16389242636169174,25.44833794971971,0.16591553601126774,0.21131338842497155,0.9966540578529035,0.05010543299795245
2.221952341785365,0.2690381243859383,-0.12248711091323458,25.498136848178508,0.14465671364653226,0.18414052390862606,0.996965702999989,0.04995046299882233
2.221952341785365,0.2690381243859383,-0.12248711091323458,25.548003043838563,0.15997190956500743,0.1816183097552799,0.9971450652092002,0.05000896800265764
2.221952341785365,0.2690381243859383,-0.12248711091323458,25.59783069169748,0.16931880542485048,0.18517955536378958,0.9971221344248746,0.049971459000516916
2.2397867798738655,0.26818028920355047,-0.07681139778463111,25.647991442605615,0.14725667462167955,0.14602638209277166,0.9975475118257144,0.05028407200006768
2.2397867798738655,0.26818028920355047,-0.07681139778463111,25.697779412946662,0.1632755271646812,0.1434655553374467,0.9976925559217577,0.049903118997463025
2.251956178111479,0.26810815504243685,-0.0202557667221195,25.747552088735993,0.15251659665969045,0.09529203462342184,0.9978761395173001,0.04987861100016744
2.251956178111479,0.26810815504243685,-0.0202557667221195,25.797580130384766,0.16872187752453863,0.09395703468904612,0.9980146580422529,0.05012756200085278
2.251956178111479,0.26810815504243685,-0.0202557667221195,25.847492058840853,0.17827288349973996,0.09547367153359712,0.9978997023539983,0.05001697899933788
2.2595177741725654,0.2696410489553568,0.029021478686318092,25.897215686247357,0.17527561974394762,0.04749579795621868,0.9980014413070712,0.04982320199997048
2.2595177741725654,0.2696410489553568,0.029021478686318092,25.947104575589094,0.18906635713528697,0.04630691476635815,0.9980188083387151,0.049987925001914846
2.2595177741725654,0.2696410489553568,0.029021478686318092,25.996981816893285,0.19859599939212014,0.04658425933970543,0.997970620287603,0.049978666997049004
2.2700765951972732,0.27250551436370746,0.0822010311033882,26.046892838797657,0.18808921595220895,-0.010765692379747123,0.9979378819358382,0.050014157000987325
2.2700765951972732,0.27250551436370746,0.0822010311033882,26.096976341219094,0.19960368992228467,-0.012088743571048801,0.9978611723827387,0.050190852001833264
2.2700765951972732,0.27250551436370746,0.0822010311033882,26.146727603193604,0.20905571856814817,-0.013030850085397798,0.9977379093201625,0.04986405899762758
2.2728953579444475,0.2756536587621521,0.1323802071846529,26.196556425222266,0.2115677949574755,-0.07108987623901676,0.9975477128834643,0.04995131699979538
2.2728953579444475,0.2756536587621521,0.1323802071846529,26.246417552982848,0.219954828337103,-0.07333803781332791,0.9973632432215533,0.04999294700246537
2.2744537827123725,0.27957091891090957,0.1710570016767129,26.296274633876294,0.22270458184961736,-0.12473114312942575,0.9970702076995328,0.05000358100005542
2.2744537827123725,0.27957091891090957,0.1710570016767129,26.34610652562243,0.22884234403587078,-0.12729415714608847,0.996838538416601,0.049989932998869335
2.277819662444157,0.28389303286907214,0.20476392643220692,26.395869640823,0.22629887287159187,-0.17552970679399552,0.996479583506304,0.0499389210017398
2.277819662444157,0.28389303286907214,0.20476392643220692,26.44576061113794,0.2307426998308968,-0.17752236785119493,0.9962172698027839,0.050080410997907165
2.277819662444157,0.28389303286907214,0.20476392643220692,26.495720479262776,0.23968786865781602,-0.18082950609822496,0.9960858691436765,0.05015618600009475
2.2861591565224737,0.2893157264297371,0.2200787746662928,26.54537622699239,0.2269785104384453,-0.21296831191394697,0.9959871025419994,0.04985581399887451
2.2861591565224737,0.2893157264297371,0.2200787746662928,26.595327087561436,0.23225353918934014,-0.21314107703400492,0.9958671242706578,0.05015815800288692
2.2861591565224737,0.2893157264297371,0.2200787746662928,26.64498472025376,0.24120006366839272,-0.21691413004327176,0.9957299414917311,0.04987058299957425
2.2993925945478995,0.29497903759151833,0.21050502418982298,26.69469873140074,0.2211838230087354,-0.22229587881185872,0.9958105846338046,0.04992316000061692
2.2993925945478995,0.29497903759151833,0.21050502418982298,26.744514163914587,0.22997013643506453,-0.2212060211582936,0.9957475266384204,0.05002817599961418
2.3117262274432937,0.3011508514500357,0.18760232989140257,26.79429673432631,0.2130227364742632,-0.21589433933034916,0.9958604393817249,0.04998950499793864
2.3117262274432937,0.3011508514500357,0.18760232989140257,26.84409354089718,0.22387108901519348,-0.21510599268373468,0.995986747423208,0.04999745900204289
2.3117262274432937,0.3011508514500357,0.18760232989140257,26.89388087544721,0.2328770322473019,-0.21909796502880355,0.9958526497757592,0.049994679997325875
2.3214645271344985,0.30448623269500924,0.15435860736492574,26.94369740157274,0.22428478428087528,-0.19576138549683883,0.9961037096358293,0.050011385003017494
2.3214645271344985,0.30448623269500924,0.15435860736492574,26.993515213532397,0.23763990521345482,-0.1959582775578847,0.9961823655733529,0.050008726997475605
2.3214645271344985,0.30448623269500924,0.15435860736492574,27.043291941430883,0.24675003502246237,-0.19953741050230875,0.996054418644125,0.04997390400239965
2.3284050545558195,0.30718006749719445,0.1076435239131592,27.093117902121737,0.2453821151554721,-0.16060602218223208,0.9962128783583785,0.05001537499992992
2.3284050545558195,0.30718006749719445,0.1076435239131592,27.14293276622017,0.26055334868473545,-0.16104192695950914,0.9963986356498833,0.049994913999398705
2.337216220927426,0.30770566968223984,0.05363589530758216,27.19277440605656,0.2567424885971211,-0.1063169889558658,0.996622569198237,0.05001054699823726
2.337216220927426,0.30770566968223984,0.05363589530758216,27.242789756153243,0.27175567924774763,-0.10573796151177743,0.9967693875847102,0.0501774540025508
2.337216220927426,0.30770566968223984,0.05363589530758216,27.292453031930606,0.28122741696700226,-0.10736421870302376,0.9966452992241176,0.04983044199980213
2.3481117194192693,0.3087860831386971,0.003414312869529604,27.3425126425232,0.27133778832134864,-0.05604079574479947,0.9967811363649247,0.05022126599942567
2.3481117194192693,0.3087860831386971,0.003414312869529604,27.39211827358099,0.2843312886264676,-0.05489816515562195,0.9967778004650075,0.049765986997954315
2.3538930847132016,0.30669904303807327,-0.04936415027222701,27.441861411807643,0.28371555020173655,0.009898061879728186,0.9967413828221589,0.049905761999980314
2.3538930847132016,0.30669904303807327,-0.04936415027222701,27.49175933879745,0.29436228685459565,0.011470310527558529,0.9967414586744517,0.05006105299980845
2.3538930847132016,0.30669904303807327,-0.04936415027222701,27.541631325089686,0.3038333397615729,0.012227234641631538,0.9966828249161268,0.050037971002893755
2.362429410408734,0.3045506818874345,-0.10189035476489149,27.59144996323037,0.2952790613987234,0.07907011981834398,0.9965990905082536,0.049988644997938536
2.362429410408734,0.3045506818874345,-0.10189035476489149,27.641326089858055,0.302850324891438,0.08033031137843083,0.9964033324897273,0.05005616199923679
2.362429410408734,0.3045506818874345,-0.10189035476489149,27.691084035461973,0.3122108257736832,0.08216468998136157,0.9962725255717497,0.04994411100051366
2.3763829905733433,0.29993789108888513,-0.15148987131798888,27.740918879820438,0.2896636587216256,0.1535046870850115,0.9961959400364163,0.05002514300213079
2.3763829905733433,0.29993789108888513,-0.15148987131798888,27.790704070564104,0.2937368099985031,0.15244493047966062,0.996015906499788,0.04998433299988392
2.3893230854691003,0.29519274845597965,-0.18269198935555986,27.840439481187786,0.2722499426087864,0.20135106215251747,0.9959224810165448,0.049939037999138236
2.3893230854691003,0.29519274845597965,-0.18269198935555986,27.890275186287308,0.2762628394892637,0.20007281000984045,0.9957218253386728,0.050049827001203084
2.3893230854691003,0.29519274845597965,-0.18269198935555986,27.940118464318623,0.28546377072109275,0.20342431089392854,0.995582374418114,0.05006444399987231
2.405952517037199,0.2891658492022753,-0.18179419536736918,27.989844849264475,0.25813958543467225,0.21903455786818884,0.9957069744515357,0.04994078199888463
2.405952517037199,0.2891658492022753,-0.18179419536736918,28.039718622277206,0.2659123044794365,0.21719589132586428,0.9955892964072703,0.05009472600067966
2.419091313753238,0.2835502351363544,-0.16918073101462996,28.089379010048145,0.24705105538091734,0.2205545321259226,0.9957691325242474,0.04987138700016658
2.419091313753238,0.2835502351363544,-0.16918073101462996,28.139185209296933,0.2567062683988823,0.21984417048544874,0.9957563517569209,0.050018459998682374
2.419091313753238,0.2835502351363544,-0.16918073101462996,28.188974730639238,0.26583686470066387,0.2236672827355758,0.9956819971058025,0.050005444998532766
2.4324918892087095,0.2793964365783333,-0.13991303398409907,28.238792556311846,0.24944117134542299,0.20483001377843024,0.995923008082836,0.05002176400012104
2.4324918892087095,0.2793964365783333,-0.13991303398409907,28.288582706650136,0.2621817398572068,0.20457498415752887,0.9959500288632847,0.049992619002296124
2.4324918892087095,0.2793964365783333,-0.13991303398409907,28.33838332928827,0.2713580716182164,0.2081832568190616,0.9958130113733817,0.05001001399796223
2.4454848247982164,0.2766077526381323,-0.10223664005542048,28.38817535671149,0.2575953167414985,0.17633245400909459,0.9960899295073091,0.04998748200159753
2.4454848247982164,0.2766077526381323,-0.10223664005542048,28.437999992527352,0.27159363396659303,0.17623481590724469,0.9962405080518689,0.05001265800092369
2.460064504727824,0.27560801482334957,-0.05332815529624673,28.487808513242836,0.25633643579452536,0.12705981384586013,0.9966268295242816,0.04997710200041183
2.460064504727824,0.27560801482334957,-0.05332815529624673,28.537671484709,0.27087227267811387,0.1267938399230714,0.9966612133345958,0.05003001099976245
2.460064504727824,0.27560801482334957,-0.05332815529624673,28.587467196535147,0.28026961237582554,0.12893594664037228,0.9965286362856308,0.049969173000135925
2.4737272640616235,0.2760370721833222,-0.006599542537850921,28.637318861172353,0.26595997396515253,0.0771940009623517,0.9967751080536431,0.05001295100009884
2.4737272640616235,0.2760370721833222,-0.006599542537850921,28.68716487360162,0.27877906125694013,0.07699194629880268,0.9967433067499202,0.05000887599817361
2.495985010861572,0.2775334059904624,0.05028318704555738,28.736956021369082,0.24644220563271055,0.011869956107513457,0.997213769419483,0.04993026499869302
2.495985010861572,0.2775334059904624,0.05028318704555738,28.78684083133969,0.2571524439045413,0.01294564147055889,0.9968294362142001,0.05004347600333858
2.495985010861572,0.2775334059904624,0.05028318704555738,28.836897803920184,0.26662554950113504,0.013006614268533823,0.9967704870090284,0.05021915599718341
2.516305212315195,0.2813050633505603,0.115013877653494,28.886497846072462,0.2357977807822664,-0.06531362902763868,0.9970003010538268,0.04974927500006743
2.516305212315195,0.2813050633505603,0.115013877653494,28.936400970090407,0.2422837564577928,-0.06249742358772777,0.9967651506266149,0.050065077000908786
2.516305212315195,0.2813050633505603,0.115013877653494,28.986211650780888,0.2517650254207666,-0.06361784206151848,0.996645280831547,0.049978343999100616
2.536011900623847,0.28699716726777086,0.17004649989020604,29.03606089224908,0.2183363793726084,-0.13471164336733205,0.9968114439345913,0.05000869700234034
2.536011900623847,0.28699716726777086,0.17004649989020604,29.085883885639102,0.2211330214097753,-0.12988013482198116,0.9965328937707217,0.049996335998002905
2.5633645034558765,0.294326208555782,0.22246463512517933,29.135721639844167,0.169709621703963,-0.1952115941340211,0.9967541072980143,0.05000004899920896
2.5633645034558765,0.294326208555782,0.22246463512517933,29.185559225526003,0.16944989662195928,-0.18381337441249934,0.9963515389558513,0.05002008200244745
2.5633645034558765,0.294326208555782,0.22246463512517933,29.23534295401312,0.17927297739358614,-0.1864085476790422,0.9962111091246889,0.049973070999840274
2.579756748514866,0.3021645051782975,0.24785541674321343,29.285157375822326,0.1482151028039936,-0.22791656619621192,0.996182681440093,0.05000530799952685
2.579756748514866,0.3021645051782975,0.24785541674321343,29.33497032621724,0.1499759626539012,-0.2213248331456694,0.9959169900666961,0.05001717100094538
2.579756748514866,0.3021645051782975,0.24785541674321343,29.38475962958261,0.15937398763379929,-0.22454401657568043,0.9959145801208578,0.04999354800020228
2.6063235605659503,0.31295478374136343,0.25453641199053617,29.43457744827839,0.10762603580182219,-0.2513141042768884,0.9962051101511866,0.050007591999019496
2.6063235605659503,0.31295478374136343,0.25453641199053617,29.484473896005404,0.11134579947730179,-0.23793905509298527,0.9960814028448662,0.05009274099938921
2.6190707820504566,0.32137947693995783,0.24059751501300597,29.53411518161924,0.090624967507358,-0.24743856306100637,0.9960514448191755,0.04983807399912621
2.6190707820504566,0.32137947693995783,0.24059751501300597,29.584162436224947,0.09897057059144043,-0.2423253983265016,0.996146177836753,0.050240873999428004
2.6190707820504566,0.32137947693995783,0.24059751501300597,29.634001128438666,0.10828965758794075,-0.24679444633279363,0.9960393050750239,0.050036873002682114
2.6190707820504566,0.32137947693995783,0.24059751501300597,29.68360404548506,0.11688800148376338,-0.25045464521971117,0.9960956961144929,0.04979734099833877
2.6342885908835885,0.32764224418498983,0.20998315936541279,29.733614100710472,0.09460169716503564,-0.2397308808333693,0.9962949309498922,0.0501960350011359
2.6480475382323863,0.333457806410478,0.17352071177160172,29.783148951513542,0.08080831564091227,-0.21654800427498966,0.9968586592767781,0.049690946998453
2.6480475382323863,0.333457806410478,0.17352071177160172,29.83308565748311,0.09643609994123288,-0.2127181938301389,0.9971707550326351,0.0500783900024544
2.6480475382323863,0.333457806410478,0.17352071177160172,29.88294095182489,0.10588096187202681,-0.21689598585945144,0.9970727641076416,0.050001660998532316
2.6595160356445944,0.3361776629349174,0.1397337035892159,29.9328281957732,0.09410901919272341,-0.19698622631184695,0.9972171118090885,0.050026461998641025
2.6595160356445944,0.3361776629349174,0.1397337035892159,29.98269078575586,0.11022932210235398,-0.19329816907226385,0.9975547171141183,0.04998481700022239
2.6595160356445944,0.3361776629349174,0.1397337035892159,30.032568077755347,0.11950612201880945,-0.19692041374204058,0.9975420293704806,0.050000191000435734
2.6681101161573433,0.337847142360452,0.09557711787495565,30.082451452405934,0.11474847253656077,-0.16592248871365634,0.9976750952754664,0.049999619001027895
2.6681101161573433,0.337847142360452,0.09557711787495565,30.132355439880204,0.13327780322804061,-0.16344192885215703,0.9980126630629599,0.05000336100056302
2.6745955273542705,0.3373684377804933,0.0467674463275061,30.182229046348777,0.13375615726531268,-0.12343486499710041,0.9979477113642194,0.049976171998423524
2.6745955273542705,0.3373684377804933,0.0467674463275061,30.232172713980123,0.15308121884898412,-0.1210879630018421,0.9982427626658416,0.05003158500039717
2.6745955273542705,0.3373684377804933,0.0467674463275061,30.2820701730876,0.16266069924306287,-0.1227745932654713,0.9982241929169915,0.049986224999884143
2.6755329157148435,0.3366441543863394,3.769168858601741e-05,30.332051785703023,0.1722688077110588,-0.08024994426333049,0.9980648513584259,0.050078521999239456
2.6755329157148435,0.3366441543863394,3.769168858601741e-05,30.382060629810262,0.18949247705354838,-0.0787413804578919,0.9983467727067951,0.050091657001757994
2.6755329157148435,0.3366441543863394,3.769168858601741e-05,30.432172242399226,0.19860315637633727,-0.07895448546431874,0.9982535127451985,0.05019928500041715
2.674435309317945,0.33485020641007024,-0.04382382668176274,30.48169897840876,0.2112163204367371,-0.031846215049296384,0.9978780850770577,0.04963205099920742
2.674435309317945,0.33485020641007024,-0.04382382668176274,30.5316137071733,0.22621668170134573,-0.02953493183647636,0.997955470010388,0.05001699000058579
2.671262547465633,0.3326239197160512,-0.08599876747105321,30.581482833670915,0.2412082395822914,0.020441250632859793,0.9974582370718948,0.04999620499802404
2.671262547465633,0.3326239197160512,-0.08599876747105321,30.63135243963233,0.25391054571499927,0.02369508235946466,0.9975448233681259,0.04999234600109048
2.671262547465633,0.3326239197160512,-0.08599876747105321,30.681208986690827,0.26261908083800295,0.026063809295649998,0.9974404469749963,0.04998448499827646
2.679938377352416,0.32899329361408003,-0.13018562212754722,30.731090171756737,0.25148360414062626,0.08417484435418929,0.997111365520624,0.05002569100179244
2.679938377352416,0.32899329361408003,-0.13018562212754722,30.78093412119304,0.2615496589478292,0.08807985134164957,0.9970207850514277,0.04999288899853127
2.679938377352416,0.32899329361408003,-0.13018562212754722,30.830766496445577,0.269924430956009,0.09150273206857779,0.9968875156858055,0.049987962000159314
2.6889253927644616,0.3247475108084465,-0.17487852415432378,30.88056358153047,0.2553875175147935,0.15233428997556037,0.9963886018598844,0.0499775740026962
2.6889253927644616,0.3247475108084465,-0.17487852415432378,30.93040757918191,0.26232331228387257,0.15538684647967346,0.9963212161423045,0.05002803999741445
2.702938915164781,0.31886934482663565,-0.20323860770488994,30.980203658279457,0.23631243545948757,0.20158026650497002,0.9959855440875764,0.04999678900276194
2.702938915164781,0.31886934482663565,-0.20323860770488994,31.03000651088039,0.24165920457246304,0.20285630290547976,0.9958685938427374,0.050009462000161875
2.702938915164781,0.31886934482663565,-0.20323860770488994,31.079775094453204,0.24952321194957824,0.20770055919854002,0.9957168865502949,0.0499826649975148
2.7197431595580897,0.31340556145001996,-0.20871183234034182,31.12957901960392,0.21994180068336622,0.227740383608594,0.9956853865071796,0.05001974100014195
2.7197431595580897,0.31340556145001996,-0.20871183234034182,31.17937075316785,0.22623818913471613,0.22846151775242574,0.9955091198757977,0.05001635100052226
2.731785760216921,0.30782667061005464,-0.19611398606334726,31.229134395899223,0.20775588555898333,0.2335588949459546,0.9956170195518654,0.0499827159983397
2.731785760216921,0.30782667061005464,-0.19611398606334726,31.278901505663335,0.21554935313839696,0.2355802938143309,0.9955423988474538,0.04998994500056142
2.731785760216921,0.30782667061005464,-0.19611398606334726,31.3286813392994,0.22323970731584092,0.2408201718189545,0.9954726965464056,0.050006227000267245
2.746272561995101,0.3036341179168441,-0.16746908867081672,31.37844428810378,0.2033438680833514,0.22636494957590966,0.995780426463006,0.04997381700013648
2.746272561995101,0.3036341179168441,-0.16746908867081672,31.428250025344497,0.21309332178504062,0.22835050680831073,0.995717931259003,0.050019926002278225
2.756134438134526,0.2997710049460003,-0.12909014261566554,31.477996505359204,0.20354018406978527,0.20667962911764468,0.9960005399267928,0.049946237999392906
2.756134438134526,0.2997710049460003,-0.12909014261566554,31.527880412453403,0.2143896603613086,0.20952836166013336,0.9959823226262597,0.05008513299981132
2.756134438134526,0.2997710049460003,-0.12909014261566554,31.57784918666069,0.2223381735135293,0.2143389631700274,0.9959485447043294,0.050172044000646565
2.760690201115822,0.2983764075190254,-0.08716654229269749,31.627466987600158,0.22544885871019474,0.18259135378934496,0.9962398999202033,0.049805072998424293
2.760690201115822,0.2983764075190254,-0.08716654229269749,31.677280030643708,0.23687457786663077,0.18585328978697097,0.9962925629329754,0.04999840899836272
2.760690201115822,0.2983764075190254,-0.08716654229269749,31.727126402222478,0.24499407435160367,0.1901764319405948,0.9961530819248985,0.050038867000694154
2.767888800178355,0.29707099768540457,-0.03587374517241409,31.776907212827098,0.24380961358244768,0.1467203064061231,0.9965372715938194,0.04995378700186848
2.767888800178355,0.29707099768540457,-0.03587374517241409,31.826790593082496,0.25524117254716633,0.14921013063234373,0.9965013000092352,0.050058519998856355
2.782010466159587,0.2971128531574871,0.02331436186486294,31.876555187275745,0.24077927836630275,0.09271340461509482,0.997162241106556,0.049906216001545545
2.782010466159587,0.2971128531574871,0.02331436186486294,31.926449030952348,0.25083499896987504,0.09504299939069409,0.9970619747704206,0.05004086500048288
2.782010466159587,0.2971128531574871,0.02331436186486294,31.976294221227047,0.2594069867801142,0.09768001735952522,0.9970245252489606,0.049993945998721756
2.7931812804411704,0.29766814335364183,0.08224272462106441,32.02624653278433,0.24942765567702654,0.03937433247967182,0.9974569431297368,0.050079666998499306
2.7931812804411704,0.29766814335364183,0.08224272462106441,32.076021323720404,0.2574643635926278,0.04130271914185345,0.9972856272982902,0.049910265999642434
2.810493951890796,0.3014902771428253,0.14279379706870363,32.12581074490054,0.2333942566359104,-0.027103779640741565,0.9977919498608806,0.04989960200327914
2.810493951890796,0.3014902771428253,0.14279379706870363,32.17581133656857,0.23798409245368377,-0.023105922470668366,0.9975993787278395,0.05012091299795429
2.810493951890796,0.3014902771428253,0.14279379706870363,32.22567977159004,0.24692161001215168,-0.022350418339075213,0.9975161532373751,0.04999260900149238
2.8257010532151523,0.3063116258293347,0.18821768262921665,32.275559228287854,0.224235579424879,-0.0774382719985299,0.9979334210087115,0.04998274999888963
2.8257010532151523,0.3063116258293347,0.18821768262921665,32.325506132946195,0.2274462126471378,-0.07318125183455126,0.9976443878254097,0.050064838000253076
2.8257010532151523,0.3063116258293347,0.18821768262921665,32.37535000558518,0.2364580361153333,-0.07311932357060417,0.9975338100717311,0.04996710100022028
2.8525506226072004,0.31594758355804825,0.2376448204662814,32.425239450402515,0.1870052317471672,-0.1402191460244096,0.9980597697684029,0.04998642999998992
2.8525506226072004,0.31594758355804825,0.2376448204662814,32.47511989182642,0.1858442122896887,-0.1282193300426191,0.997689401889468,0.04999596199922962
2.8861112809841263,0.32811686853286315,0.27601006360260544,32.52491794860286,0.121060962091187,-0.181216709908238,0.9983317141130967,0.04988127300021006
2.8861112809841263,0.32811686853286315,0.27601006360260544,32.57493724436778,0.11916249427720835,-0.16211859927267316,0.9980250471573904,0.05011827699854621
2.8861112809841263,0.32811686853286315,0.27601006360260544,32.624843331220525,0.12932011566745794,-0.16349928766565697,0.9978828838070792,0.05001196800003527
2.9132883568963908,0.3380702724900881,0.28257800347039763,32.67474463029864,0.07841476520309623,-0.18147442450439255,0.9982937039203239,0.04998659100238001
2.9132883568963908,0.3380702724900881,0.28257800347039763,32.72465741138091,0.08336746369431033,-0.16662607625724551,0.9981820756197792,0.050003683998511406
2.9132883568963908,0.3380702724900881,0.28257800347039763,32.77454529646157,0.09312529017301535,-0.1689518916825405,0.9980469555419474,0.04998550900199916
2.9345845524679324,0.34825726166936993,0.26997227213375596,32.82494366226912,0.05421924342305495,-0.17553035778762757,0.9984208750405624,0.05047807699884288
2.9345845524679324,0.34825726166936993,0.26997227213375596,32.87439670278961,0.06280307503568273,-0.16396995340185394,0.9985101311620732,0.04952682899966021
2.9426365389488587,0.35199888795764883,0.24641150064123882,32.924210013567844,0.05571530958763446,-0.15484752564066487,0.9985376690794036,0.04988626100021065
2.9426365389488587,0.35199888795764883,0.24641150064123882,32.97427732972819,0.06852158922742801,-0.15164449592584708,0.9987238342400058,0.050131291998695815
2.9426365389488587,0.35199888795764883,0.24641150064123882,33.024215736327115,0.0776701001573822,-0.15466646432705133,0.9986309400268054,0.05000686900166329
2.9447625120926153,0.35565429356127426,0.22194459600414979,33.07410276418993,0.08120567849162383,-0.14685729422774196,0.9985435260615718,0.049959792999288766
2.9447625120926153,0.35565429356127426,0.22194459600414979,33.1240728621021,0.09437006970622508,-0.14690607345252504,0.9987865459076507,0.05003080800088355
2.9447625120926153,0.35565429356127426,0.22194459600414979,33.17403046794459,0.10350219409264051,-0.14950087662644926,0.9987336474768821,0.05002094999872497
2.938888115995892,0.35708716701840887,0.19560199647698298,33.22393536718787,0.12436945704878155,-0.136971797208868,0.9984997012817481,0.049979883999185404
2.938888115995892,0.35708716701840887,0.19560199647698298,33.27386319210347,0.13863322148708127,-0.14077439280760104,0.9986773981418448,0.04999394700280391
2.930337487810504,0.35742344835856044,0.16462158046230432,33.32377924901445,0.1657817370293951,-0.12031002236522914,0.9983311015730126,0.04999950099954731
2.930337487810504,0.35742344835856044,0.16462158046230432,33.37367894456296,0.18151888492551038,-0.12395520925249129,0.9985102007033643,0.04997414699755609
2.930337487810504,0.35742344835856044,0.16462158046230432,33.423630039834975,0.19092613342831488,-0.12497554958385716,0.9984067470983753,0.05003080700043938
2.9268813522309722,0.3574772235257898,0.13883355930559632,33.47354817484178,0.20837166337098667,-0.10116776838512892,0.9981895940626121,0.05000867100170581
2.9268813522309722,0.3574772235257898,0.13883355930559632,33.52372635463325,0.22316135181809965,-0.10150356729762654,0.9983160672073114,0.05026281900063623
2.9294627039673244,0.3575463159331991,0.10420934063513444,33.57328713763655,0.22870846640826192,-0.06393677833924614,0.9980239399074798,0.04965891199753969
2.9294627039673244,0.3575463159331991,0.10420934063513444,33.62353518242284,0.24457449453738198,-0.06068896509832388,0.9981376665655003,0.05034179799986305
2.9294627039673244,0.3575463159331991,0.10420934063513444,33.6731376050218,0.25406158471303003,-0.059621074867464284,0.9980126554560076,0.04970119599965983
2.934659266997847,0.3573859297501384,0.06523428646430895,33.723044905483,0.25383945903097577,-0.011977088431008663,0.9975740401749212,0.05002866799986805
2.934659266997847,0.3573859297501384,0.06523428646430895,33.77293015492034,0.26934727391052893,-0.006891739037828197,0.9977179191213854,0.049999352002487285
2.934659266997847,0.3573859297501384,0.06523428646430895,33.82287054680629,0.27899142647871183,-0.004427219621018147,0.9975637759403914,0.0500623549996817
2.943805779093854,0.35637693329498915,0.02275369516273115,33.872667887397135,0.26901389780468477,0.053626574433990847,0.997175052302942,0.04993841399846133
2.943805779093854,0.35637693329498915,0.02275369516273115,33.92257709013563,0.2825628065565697,0.059425541228547187,0.9971460058447575,0.050052050999511266
2.952351941746274,0.3544395009959407,-0.02360743568578595,33.97236391940116,0.2710552672641308,0.12515769340102106,0.9965098171413335,0.04996120299983886
2.952351941746274,0.3544395009959407,-0.02360743568578595,34.02218411409053,0.28167943543744517,0.13044165554308992,0.9963736638093291,0.05000151700005517
2.952351941746274,0.3544395009959407,-0.02360743568578595,34.0719729660109,0.29044643765151523,0.13548511308804992,0.9962451939414967,0.04997650400036946
2.952351941746274,0.3544395009959407,-0.02360743568578595,34.12176622586226,0.299179994856713,0.14064972337815196,0.9960827414586139,0.049989080001978436
2.964332617064752,0.3517342067302568,-0.05750962440387145,34.17156838382237,0.27853171581521446,0.19620201565299966,0.995668329905757,0.050018822999845725
2.987703900120594,0.3482675546369417,-0.09100699406498178,34.22126832156858,0.23197527294420334,0.250067039540235,0.9952556832236444,0.04993685400040704
2.987703900120594,0.3482675546369417,-0.09100699406498178,34.27107475095812,0.23717360140067523,0.24963067914803214,0.9949646979936011,0.05005848899963894
2.987703900120594,0.3482675546369417,-0.09100699406498178,34.32082761371664,0.24525272888899807,0.2559168926192693,0.9947432744269497,0.05001578199880896
3.0064238346429244,0.3433805587512852,-0.10125699846958676,34.370495824171876,0.20995705150578026,0.28908180060289956,0.9944722700065763,0.04994428899954073
3.0064238346429244,0.3433805587512852,-0.10125699846958676,34.42025911195799,0.21508997102337932,0.28968727144139184,0.9942840394122048,0.05004936800105497
3.029521627515088,0.3387321861519519,-0.09114209632621115,34.46989245570126,0.17452243669791917,0.30119341337053335,0.9946463803373671,0.04990049199841451
3.029521627515088,0.3387321861519519,-0.09114209632621115,34.519829470990985,0.1811497346372862,0.30079167022387454,0.9944099685484464,0.050217734002217185
3.029521627515088,0.3387321861519519,-0.09114209632621115,34.56958249380413,0.18886300424498778,0.30719464329968915,0.9941815004038049,0.05004420499972184
3.0467233501236577,0.33533463580048545,-0.06796942283881582,34.619125410826825,0.16292061305951766,0.3042638939044009,0.9944023706191218,0.04982180099977995
3.0467233501236577,0.33533463580048545,-0.06796942283881582,34.66883761012187,0.17149006812905998,0.3060946544608422,0.9942285952205397,0.050000774001091486
3.0467233501236577,0.33533463580048545,-0.06796942283881582,34.71855162563112,0.17905774381407683,0.3126493749020762,0.9940953687180645,0.05000930199821596
3.069310136457799,0.33271710547638456,-0.02904663841419363,34.768469036422886,0.1456166584352332,0.295937631208996,0.9946394638473023,0.05018643700168468
3.069310136457799,0.33271710547638456,-0.02904663841419363,34.81804047686734,0.1558261225558418,0.29674969582677513,0.994809629667844,0.04983007699775044
3.069310136457799,0.33271710547638456,-0.02904663841419363,34.867761944165146,0.16340009243450718,0.3025643942008787,0.9945999396849314,0.04999142400265555
3.09057698080227,0.33321451999391366,0.019793866408983587,34.91754993752679,0.13648409482002016,0.27076593419639566,0.9953287903537392,0.05002165499900002
3.09057698080227,0.33321451999391366,0.019793866408983587,34.96725911790526,0.14831440516434663,0.2728400677145681,0.9952280595934134,0.04994752700076788
3.1036396747216535,0.3344509962391025,0.07284115739027662,35.017119384936045,0.13854819047075215,0.23705970812047117,0.9959183551912241,0.050064612998539815
3.1036396747216535,0.3344509962391025,0.07284115739027662,35.06686449585448,0.1509857033803431,0.24100301550955247,0.9958765441261636,0.04995108200091636
3.1036396747216535,0.3344509962391025,0.07284115739027662,35.11682831031809,0.15848565757792496,0.24587193037091765,0.995964944839981,0.050166238001111196
3.1036396747216535,0.3344509962391025,0.07284115739027662,35.166455474862104,0.16621104341129972,0.2505163174110339,0.9957887856502027,0.04983703899779357
3.108723221721307,0.33653747404402906,0.12368733906297766,35.21633369266928,0.17256561393336797,0.2099204272557114,0.9962654053704822,0.050065191000612685
3.1177989419478807,0.34004432488792075,0.18568126085349773,35.266090627054076,0.1755361169381183,0.15730615450866664,0.9970005263786307,0.04990662799900747
3.1177989419478807,0.34004432488792075,0.18568126085349773,35.31598070979788,0.18595232097548497,0.16093262789128876,0.9968805770794856,0.05004619800092769
3.1177989419478807,0.34004432488792075,0.18568126085349773,35.365778747297156,0.19417683653798384,0.16487754091996049,0.9968198492359709,0.04995690799842123
3.12360673428375,0.3444308040095295,0.24849790015265516,35.41570357259856,0.19781842176217335,0.10478614399927454,0.9976472089090095,0.050042565002513584
3.12360673428375,0.3444308040095295,0.24849790015265516,35.46571084738061,0.20446537366553919,0.10758404992563149,0.9974880080619394,0.0501332089988864
3.12360673428375,0.3444308040095295,0.24849790015265516,35.51548380442668,0.21193072746620673,0.11071018685761719,0.9973647658933055,0.04990446699957829
3.1270655593339742,0.3483821373824143,0.3072587944983533,35.565344321430686,0.2177282295685507,0.05163200322133161,0.9978355838842856,0.04996866999863414
3.1270655593339742,0.3483821373824143,0.3072587944983533,35.61521099093272,0.2212522987693225,0.05349115381835621,0.9976210640170026,0.049985582001681905
3.1306332347816053,0.3528646618229309,0.3608455697617448,35.665089157856265,0.22378401946581994,-0.003981984893367756,0.9981364683941876,0.04997129000184941
3.1306332347816053,0.3528646618229309,0.3608455697617448,35.71502354781777,0.22427055627294065,-0.0019238978925231434,0.9978885703789707,0.050040045996865956
3.1306332347816053,0.3528646618229309,0.3608455697617448,35.76496113541954,0.22749022227952323,0.0005508651895503413,0.9983257663832572,0.05002133500238415
3.129439384892307,0.3584669100448648,0.4087951609294588,35.815012351009365,0.23334592332493545,-0.06405317272192385,0.9986962908127673,0.05011655300040729
3.129439384892307,0.3584669100448648,0.4087951609294588,35.86477930625398,0.2270097039874341,-0.06429326119852823,0.9984964905825991,0.04984189300012076
3.131441154733156,0.3659162613733475,0.45980344507875326,35.91489397522004,0.2220349144628276,-0.1347198293835456,0.9988997771971215,0.05016986699774861
3.131441154733156,0.3659162613733475,0.45980344507875326,35.96466117759258,0.21000210500211827,-0.1316941985040083,0.9987498643559564,0.04982949600162101
3.131441154733156,0.3659162613733475,0.45980344507875326,36.01467638654397,0.2157803740219916,-0.1291674246893652,0.9987228612059658,0.05007916699833004
3.1396467795032104,0.3757705998317024,0.4939429239848786,36.06455044428635,0.19429858779842946,-0.18259129751611272,0.9991055206044497,0.04991870899903006
3.1396467795032104,0.3757705998317024,0.4939429239848786,36.11451315140156,0.18470726514126576,-0.172080101109991,0.9989364205540084,0.050015903001622064
3.1506925030849917,0.38604089983688,0.49998117327869246,36.164308822782274,0.1601137481474844,-0.19283681008621653,0.9991019816395419,0.049840429001051234
3.1506925030849917,0.38604089983688,0.49998117327869246,36.214501795482555,0.1587899169692732,-0.17892408930891276,0.9991336915267719,0.05023649299982935
3.1506925030849917,0.38604089983688,0.49998117327869246,36.26451973641593,0.16598648071845848,-0.1785127452192983,0.9990807346295125,0.05006396300086635
3.157302827119895,0.39468973311907,0.49010721495601606,36.314357607022174,0.15003585316230764,-0.1869965269390129,0.9993429722614887,0.04987063699809369
3.157302827119895,0.39468973311907,0.49010721495601606,36.36452193348958,0.15471933711250996,-0.17732783857449474,0.999493710557877,0.05018973700134666
3.157302827119895,0.39468973311907,0.49010721495601606,36.41426011126278,0.16136532112434623,-0.17757213858811505,0.9994579495135403,0.049765152998588746
3.1661644656344774,0.40128302897846435,0.465849223807089,36.46425583987362,0.14602924558319882,-0.1636434681318132,0.9994327457008677,0.050024104999465635
3.1661644656344774,0.40128302897846435,0.465849223807089,36.51442740172104,0.15769810157106018,-0.15296704947657536,0.9996629872946893,0.050188476001494564
3.1661644656344774,0.40128302897846435,0.465849223807089,36.56423247327681,0.16442101243563773,-0.15351940627868527,0.9996404783390646,0.04982298399772844
3.1743582475822523,0.40735398931808414,0.4333135476786444,36.614391401854775,0.1514823488437202,-0.13213114959009004,0.9996906707438379,0.050174449002952315
3.1743582475822523,0.40735398931808414,0.4333135476786444,36.66439268035617,0.16571679390215982,-0.12169247929770638,0.9999574129384633,0.05000340799961123
3.180656707294123,0.41145695613531263,0.39267662200927644,36.714122072482155,0.15891041834389671,-0.09289569244888995,0.9996953862525962,0.049744544998247875
3.180656707294123,0.41145695613531263,0.39267662200927644,36.7641882018081,0.17544234475889556,-0.08362122219217766,0.9999581236076353,0.050068226002622396
3.180656707294123,0.41145695613531263,0.39267662200927644,36.81419634088509,0.18182300999924397,-0.08323438979821911,0.9999315774100713,0.050011560997518245
3.1888503307208733,0.4150042392211093,0.3582077575365703,36.864158968372436,0.17017881956764586,-0.05303677482644911,0.9996551908670746,0.049979860999883385
3.1888503307208733,0.4150042392211093,0.3582077575365703,36.91417553735724,0.18443790052750095,-0.042793616263100465,0.999939603315543,0.05001959000219358
3.1932416620396915,0.41642509705258357,0.3236529652945919,36.964089668767265,0.18080817739318245,-0.01239630793060743,0.9995904523855016,0.0499345819989685
3.1932416620396915,0.41642509705258357,0.3236529652945919,37.014124650073,0.19406094144473945,-0.004656779895442691,0.9997200204880979,0.05004899399864371
3.1932416620396915,0.41642509705258357,0.3236529652945919,37.06411243894717,0.19954412628755014,-0.002150086988968243,0.9996549922473018,0.05000504100098624
3.2021449468466963,0.41775121185009745,0.2744518468961707,37.11394115488596,0.18449134827458766,0.04711466633835767,0.9990152326609104,0.04987783400065382
3.2021449468466963,0.41775121185009745,0.2744518468961707,37.16402100566687,0.19857220193998398,0.0562730358346145,0.9991429407155237,0.050122808999731205
3.2021449468466963,0.41775121185009745,0.2744518468961707,37.21397481954497,0.20342840530245962,0.059452129318226805,0.9990620909177149,0.05000070999813033
3.211263135548837,0.4171349497384178,0.2220778206961431,37.26405961178535,0.18518410550783593,0.11581759136344705,0.9983124043069688,0.050169458001619205
3.211263135548837,0.4171349497384178,0.2220778206961431,37.31400161903992,0.19618074027142293,0.12306260662686055,0.9983843227493273,0.05002282799978275
3.2219243659411916,0.41672818833811937,0.17334607355783846,37.36372125323245,0.1722291346959531,0.17300599239078202,0.9975620382234389,0.049841144998936215
3.2219243659411916,0.41672818833811937,0.17334607355783846,37.413759323416585,0.1796210480310522,0.17823875745548606,0.9975666366518781,0.05016012800115277
3.2219243659411916,0.41672818833811937,0.17334607355783846,37.46361698405749,0.183105535817293,0.182711037507433,0.9974570182444448,0.049984771001618356
3.2360577264739847,0.4157227037876901,0.14169674859435702,37.5135595315828,0.15141778472542894,0.22171830619837268,0.9967906440704712,0.050103346999094356
3.2360577264739847,0.4157227037876901,0.14169674859435702,37.563299276886426,0.15548074932404934,0.22495285095752732,0.996785466718891,0.049900150999746984
3.2581036858546013,0.41623471927019084,0.12305840916150705,37.61347202080872,0.1082319540545843,0.25292632112061475,0.996361620665,0.050355957999272505
3.2581036858546013,0.41623471927019084,0.12305840916150705,37.6629205166196,0.1108116497522099,0.2530871622647214,0.9962824300068411,0.0496330099995248
3.2581036858546013,0.41623471927019084,0.12305840916150705,37.71255175617452,0.11372399718125009,0.25769659508436005,0.9961646222252135,0.049822327000583755
3.2758327895284625,0.41547679210697214,0.135182091786343,37.76234039340234,0.07860212548217932,0.2668487518264021,0.9960138994604697,0.04998789399905945
3.2758327895284625,0.41547679210697214,0.135182091786343,37.81238365717505,0.08058524203345131,0.2675352085740486,0.9959205498225003,0.05024824900101521
3.2758327895284625,0.41547679210697214,0.135182091786343,37.86193923367449,0.08338959332519007,0.27226039295744925,0.9957786649451026,0.049765653999202186
3.2874037741205457,0.41459788130930103,0.1616945798963196,37.91172706101153,0.06302345225458356,0.2718649917675479,0.9958161761951686,0.04999700600092183
3.2874037741205457,0.41459788130930103,0.1616945798963196,37.96154254017816,0.06562968942562508,0.27385229807697964,0.9957617351078862,0.05002750900166575
3.2915705363640493,0.41454492901605683,0.20267674370617017,38.01130363243338,0.06392779986774466,0.26189288053948134,0.995988278066058,0.049961523996898904
3.2915705363640493,0.41454492901605683,0.20267674370617017,38.061145412683516,0.06768209940154127,0.26586065694787253,0.9959377670952098,0.050045075000525685
3.2915705363640493,0.41454492901605683,0.20267674370617017,38.11093905855035,0.07045705635677121,0.2704356842796853,0.9958265715744677,0.05000232699967455
3.290321844165259,0.4140534986336327,0.23849300714414337,38.1606821301201,0.08005185328854482,0.25807569338641595,0.9960198024188016,0.04994185000032303
3.290321844165259,0.4140534986336327,0.23849300714414337,38.21051315887075,0.08413688462022034,0.26340833757711535,0.9959904914556653,0.05003163100263919
3.293631065472143,0.41349401170164124,0.28221808308440843,38.26020106960386,0.08460460513709096,0.24983842908287487,0.9962320781119498,0.04987583899855963
3.293631065472143,0.41349401170164124,0.28221808308440843,38.31010209507077,0.08879632956111103,0.2540603751943634,0.9961995959265642,0.05009139300091192
3.293631065472143,0.41349401170164124,0.28221808308440843,38.35992945916482,0.0917769025406757,0.2586224308325931,0.9960947958662946,0.05002271299963468
3.293631065472143,0.41349401170164124,0.28221808308440843,38.410342505953714,0.09473083867268231,0.26305180493810054,0.9959909448991844,0.050615968997590244
3.298309564017063,0.41403379701182313,0.32230385265204625,38.45953915390553,0.09235120987272509,0.24928354657725088,0.9962257471505506,0.0493830320010602
3.3041121288888404,0.4171928029638346,0.3600935256171244,38.509745798967046,0.08867864177965472,0.2318963477659047,0.9966573729130356,0.050375030001305277
3.3041121288888404,0.4171928029638346,0.3600935256171244,38.55920489815928,0.09284621487365807,0.23548816133286418,0.9965994944966642,0.049627858999883756
3.3041121288888404,0.4171928029638346,0.3600935256171244,38.60907969320026,0.0960296500242628,0.23982911405598362,0.9965003770512848,0.050049950998072745
3.3101859010024177,0.4207669081605376,0.3975708587572163,38.65881171499685,0.09031058807739223,0.2224878799815189,0.9968434399509637,0.04988950100232614
3.3101859010024177,0.4207669081605376,0.3975708587572163,38.70872863660345,0.09436958474839036,0.22582729206484334,0.9967683625068424,0.05007875799856265
3.3101859010024177,0.4207669081605376,0.3975708587572163,38.7587555923061,0.09769859404484867,0.2300342250183947,0.9966711131625228,0.05019404600170674
3.3160289127373033,0.4248913753525832,0.4427135131517325,38.8085549693469,0.09299587185737135,0.20752501665601458,0.9971036388307607,0.049944032998610055
3.3160289127373033,0.4248913753525832,0.4427135131517325,38.8586269002503,0.09703451606211845,0.2110817624571818,0.9970670970350214,0.05021921899970039
3.3160289127373033,0.4248913753525832,0.4427135131517325,38.90808866052332,0.10047682430598694,0.21527809664777814,0.9969856522857659,0.04961130599986063
3.326956344009152,0.4317699929553341,0.48634055019846284,38.95797336140005,0.08345288470475536,0.19383338181559426,0.9974335477402398,0.05001305699988734
3.326956344009152,0.4317699929553341,0.48634055019846284,39.008055608380765,0.08706932091568352,0.19700804283591197,0.9973410737521998,0.05021576700164587
3.326956344009152,0.4317699929553341,0.48634055019846284,39.05780626301759,0.09065743691343772,0.2009162920462785,0.997248984809779,0.0498878969992802
3.3389325837506214,0.44060916902743924,0.5349903776181472,39.10780967908742,0.07056456645559703,0.17561372260901031,0.997767808068256,0.05011528300019563
3.3389325837506214,0.44060916902743924,0.5349903776181472,39.15745296441743,0.07379334552104652,0.17934866678454814,0.9977334886411993,0.049756058000639314
3.3489498252719865,0.44830141437321713,0.5720650497049099,39.20775004872685,0.05614218588399354,0.1622520599046487,0.9981147101771894,0.05039208800008055
3.3489498252719865,0.44830141437321713,0.5720650497049099,39.25727750015082,0.05942288503944644,0.16571631271461476,0.9980141543852618,0.04962600100043346
3.3489498252719865,0.44830141437321713,0.5720650497049099,39.30717987172702,0.06321381412007361,0.16915690656728966,0.997926722364488,0.05000604799715802
3.35413328447132,0.4556098481096958,0.6104003373386008,39.35727954163567,0.05540745457043731,0.14675538224337537,0.998348030151728,0.050182570001197746
3.35413328447132,0.4556098481096958,0.6104003373386008,39.40722758331868,0.05847407242277557,0.15017476999390486,0.998245271503759,0.05003584099904401
3.356297669230829,0.46090084594448183,0.6523967798088561,39.45701787737856,0.057554745657219644,0.1261602887893186,0.9987579099318691,0.049852215001010336
3.356297669230829,0.46090084594448183,0.6523967798088561,39.507016016053804,0.05996967883709731,0.12932428425340112,0.9986596026245921,0.05006524599957629
3.356297669230829,0.46090084594448183,0.6523967798088561,39.557097452190874,0.06409373087547608,0.13243251884761228,0.9985721533107064,0.05015304699918488
3.357192344794633,0.4667421619314517,0.6964220303476827,39.60676442559568,0.06476961977384475,0.10361811028488911,0.9990310679842821,0.049715143999492284
3.357192344794633,0.4667421619314517,0.6964220303476827,39.656868137947065,0.06623836590829603,0.10651228302731008,0.9989029299437965,0.0501587400030985
3.3595230482819756,0.472348137883749,0.7343895791290981,39.70664126980742,0.06313710411893231,0.08308513551845081,0.9992519805932383,0.04981039099948248
3.3595230482819756,0.472348137883749,0.7343895791290981,39.75667956261226,0.06441871058865178,0.0865582573503282,0.9992740598882452,0.05007464399750461
3.3595230482819756,0.472348137883749,0.7343895791290981,39.806977857984485,0.06888744878363864,0.08923366154325002,0.9991909531358818,0.05033902200011653
3.359770015941225,0.4797910056896874,0.7691841292987553,39.856785687063955,0.06678954892665172,0.060330505538841624,0.9996473099664483,0.04982540200217045
3.359770015941225,0.4797910056896874,0.7691841292987553,39.90667100634229,0.06709093290706138,0.06363697425066908,0.9995073779246753,0.0499099059998116
3.359770015941225,0.4797910056896874,0.7691841292987553,39.956674296948606,0.0717225140653306,0.06608015666891864,0.999426958424676,0.0500319610000588
3.366799617216104,0.49397459882073874,0.8030020351513293,40.00671333006467,0.049394177528122904,0.03725177297700154,0.9999108798438925,0.05004349299997557
3.366799617216104,0.49397459882073874,0.8030020351513293,40.0567188803574,0.04890834201339185,0.045396152354971755,0.9999361770033621,0.050008742000500206
3.371307292122485,0.5054872499746935,0.8380885310945996,40.10658817136627,0.03316179629737144,0.017953503237030002,0.9999999400567207,0.04986929399819928
3.371307292122485,0.5054872499746935,0.8380885310945996,40.15660803947922,0.03166724460973213,0.02492341497364347,0.9999986228103861,0.05001993699988816
3.371307292122485,0.5054872499746935,0.8380885310945996,40.206683822864235,0.03685495766738967,0.026776553949043824,0.9999949753307343,0.05007603500052937
3.375168974117054,0.5175883810633304,0.8729051640854019,40.25650171375324,0.020019444221160948,-0.0019860615780980632,0.9999999977313195,0.0498178910020215
3.375168974117054,0.5175883810633304,0.8729051640854019,40.30677832828895,0.017520438388862032,0.005617217931737399,0.999999931099931,0.05027661799977068
3.379014942248862,0.5285221088952308,0.9039534115184746,40.35667430825163,0.001811016218414424,-0.01777412160493867,0.9999999992753266,0.04989597999883699
3.379014942248862,0.5285221088952308,0.9039534115184746,40.40686101415119,3.44742340100848e-05,-0.009907037571637894,0.9999999979765388,0.050186706001113635
3.379014942248862,0.5285221088952308,0.9039534115184746,40.456720851106134,0.005398183281828398,-0.008924282483127615,0.9999999991057549,0.04985983699953067
3.3743970362822395,0.5326885751263508,0.9274884510649816,40.506626966102694,0.009678855298109593,-0.034288658680689726,0.9999999999242499,0.04990611500033992
3.3743970362822395,0.5326885751263508,0.9274884510649816,40.55670939209299,0.00738752132731812,-0.03425398184297263,0.999999999846791,0.05008242599797086
3.3743970362822395,0.5326885751263508,0.9274884510649816,40.60655269908591,0.01269824207337827,-0.03332447634330368,0.9999999998088982,0.049843307002447546
3.3743970362822395,0.5326885751263508,0.9274884510649816,40.65688315606905,0.017897747495468085,-0.033080205767074544,0.9999999997152549,0.05033045699747163
3.3743970362822395,0.5326885751263508,0.9274884510649816,40.70692893906445,0.023522241198047557,-0.03265525474412482,0.9999999998654728,0.05004578300213325
3.370109773056892,0.5352908022695967,0.9151174381720464,40.75676883405859,0.029808299862108138,-0.03787921706179116,0.999999999875779,0.049839895000332035
3.370109773056892,0.5352908022695967,0.9151174381720464,40.806518133053764,0.03593818144102935,-0.03769511106058659,0.9999999999067057,0.04974929899981362
3.370109773056892,0.5352908022695967,0.9151174381720464,40.856737991047645,0.041501156137938644,-0.03777803496748053,0.9999999998827973,0.05021985799976392
3.370109773056892,0.5352908022695967,0.9151174381720464,40.90682526403819,0.047046096786410654,-0.0371990803425744,0.9999999998673069,0.05008727299718885
3.370109773056892,0.5352908022695967,0.9151174381720464,40.956510094034506,0.05263985128360293,-0.03652803627587138,0.9999999998723089,0.04968483000266133
3.370109773056892,0.5352908022695967,0.9151174381720464,41.00654114402919,0.05867510897393423,-0.03565831142239265,0.9999999999091655,0.0500310499992338
3.370109773056892,0.5352908022695967,0.9151174381720464,41.05649573802506,0.0646907166414099,-0.03514786770541784,0.9999999999142201,0.04995459400015534
3.370109773056892,0.5352908022695967,0.9151174381720464,41.10687713401857,0.0706744795290347,-0.03431858757662227,0.9999999998996887,0.0503813959985564
3.37276993721024,0.5414987914842415,0.8776826021827342,41.156590885999634,0.06377012745085013,-0.012940324609524698,0.9999999996259171,0.049713751999661326
3.37276993721024,0.5414987914842415,0.8776826021827342,41.20650673799185,0.07677675030173838,-0.00752166126284251,0.999999999850388,0.0499158519996854
3.37276993721024,0.5414987914842415,0.8776826021827342,41.25650049798845,0.08287828913987544,-0.006799217808521252,0.999999999863584,0.049993760003417265
3.373173240977069,0.5477541809221569,0.8569969986726609,41.306548323977836,0.07868334506701198,-0.0010367237288462748,0.9999999998590633,0.05004782599644386
3.373173240977069,0.5477541809221569,0.8569969986726609,41.35668855897713,0.0894772766220732,0.004029774762269015,0.9999999999482876,0.05014023500189069
3.373173240977069,0.5477541809221569,0.8569969986726609,41.40650587197371,0.0965209273067671,0.005409533514361961,0.999999999932315,0.049817312999948626
3.376732657655762,0.5556637984775116,0.8347649864685197,41.45651374996307,0.08661108574283308,0.016639210866600224,0.9999999998128762,0.050007877998723416
3.376732657655762,0.5556637984775116,0.8347649864685197,41.50658305495759,0.09705192493661316,0.02333038247649335,0.9999999998571358,0.05006930500167073
3.384195110551889,0.5654055056567905,0.8133612788878429,41.55658257394978,0.07901026238239572,0.038644267827611045,0.9999999998385739,0.049999519000266446
3.384195110551889,0.5654055056567905,0.8133612788878429,41.60696023694152,0.08934325745017431,0.046924467264630655,0.9999999998482666,0.050377662999380846
3.384195110551889,0.5654055056567905,0.8133612788878429,41.65652079393608,0.09998631592505008,0.049739659055199455,0.9999999999004747,0.04956055699949502
3.388611768485244,0.5730962490299374,0.7955733828001728,41.70664154591657,0.09144176387795447,0.060465639453312604,0.9999999996266367,0.050120751999202184
3.388611768485244,0.5730962490299374,0.7955733828001728,41.756663016849366,0.10301855699425268,0.06756124842688181,0.999999998637687,0.050021471000945894
3.39742916633893,0.5848953948815454,0.7836120246676871,41.806523417815924,0.08265120894632341,0.07508865360610406,0.9999999993489371,0.04986040099902311
3.39742916633893,0.5848953948815454,0.7836120246676871,41.85651026662689,0.09313228380155725,0.08393906309969867,0.9999999962071904,0.04998684900056105
3.39742916633893,0.5848953948815454,0.7836120246676871,41.90651562700537,0.10196446428583678,0.08777243296153055,0.9999995676229554,0.050005381999653764
3.4114724354923043,0.5993064020644231,0.7887414021740079,41.95659293668906,0.07061624072264709,0.08942757477018966,0.9999999936971431,0.050077309999323916
3.4114724354923043,0.5993064020644231,0.7887414021740079,42.00651571304356,0.07878671698020179,0.09930252052412815,0.9999994662234575,0.0499228030021186
3.424738466685091,0.6166774369175474,0.8036366622769113,42.05653319903087,0.045939107213501036,0.08777033083289337,0.9999999997666787,0.05001748599897837
3.424738466685091,0.6166774369175474,0.8036366622769113,42.10652530494996,0.052451865669227896,0.09854466928509313,0.9999999983817207,0.0499921059999906
3.424738466685091,0.6166774369175474,0.8036366622769113,42.15653547359416,0.061248573334287015,0.10233349148757262,0.9999998729027907,0.05001017500035232
3.4380109739978484,0.6319357727148064,0.8266645367929975,42.206529196584306,0.031069042749157876,0.09113835848905608,0.9999999997721402,0.04999372300153482
3.4380109739978484,0.6319357727148064,0.8266645367929975,42.256525272248005,0.03690610221709315,0.10115135066414267,0.9999999932947582,0.04999607599893352
3.4380109739978484,0.6319357727148064,0.8266645367929975,42.30653749781839,0.04562847626429171,0.10466474101671955,0.9999995515032369,0.050012248000712134
3.4486400873188674,0.6465421234357623,0.8560319626279553,42.35651125980635,0.020751915664629732,0.08739220724318197,0.9999999998083421,0.04997376199753489
3.4486400873188674,0.6465421234357623,0.8560319626279553,42.406508576608196,0.025677812959139533,0.09653707704298624,0.9999999960204762,0.04999731700081611
3.454057081608872,0.6567546252921507,0.8886465256581907,42.45644041760593,0.014709166158838823,0.07623338723561904,0.99999999995032,0.04993184100021608
3.454057081608872,0.6567546252921507,0.8886465256581907,42.50652946458934,0.01899147657468911,0.08290218723412829,0.9999999996818854,0.050089046999346465
3.454057081608872,0.6567546252921507,0.8886465256581907,42.55652457242788,0.02803096210385648,0.08610863343029959,0.9999999967326341,0.04999510800189455
3.4567730465343236,0.6642057486876333,0.925302795699073,42.60650491842558,0.024391484220890748,0.06263167526542737,0.9999999999405728,0.04998034600066603
3.4567730465343236,0.6642057486876333,0.925302795699073,42.65651634239775,0.027782747801761026,0.06769795483664202,0.9999999994733247,0.05001142399851233
3.4592315041434603,0.669948988913559,0.9561661329499647,42.70642002439236,0.026313609541503066,0.0501614049182511,0.9999999998888908,0.049903682000149274
3.4592315041434603,0.669948988913559,0.9561661329499647,42.75660239137002,0.030589389851199352,0.05460943837927634,0.9999999995879365,0.05018236699834233
3.4592315041434603,0.669948988913559,0.9561661329499647,42.8065298452502,0.039700636513419436,0.05745246854544906,0.9999999975682621,0.04992745400159038
3.461967021753596,0.6759604621728611,0.9863359959862432,42.8564960472394,0.03715838785040715,0.03991201807567063,0.999999999762027,0.04996620200108737
3.461967021753596,0.6759604621728611,0.9863359959862432,42.90650886614791,0.041574919994866316,0.04453250901042061,0.9999999981770934,0.0500128189996758
3.461967021753596,0.6759604621728611,0.9863359959862432,42.956498023650546,0.049680705945717926,0.04710635521090688,0.9999999500919635,0.049989159997494426
3.4632021277904945,0.6827525882432082,1.012188013459492,43.00652473163317,0.047038116916410015,0.027615512843370004,0.9999999996046054,0.05002670800240594
3.4632021277904945,0.6827525882432082,1.012188013459492,43.05652022844465,0.05091231573985776,0.032353934273798346,0.9999999962280387,0.049995497000054456
3.466351206299837,0.6914684356030896,1.0349499732139167,43.10639716942926,0.04251259596934846,0.01661595628039363,0.9999999996804404,0.04987694100054796
3.466351206299837,0.6914684356030896,1.0349499732139167,43.15651542238266,0.046854077962534345,0.02295479027259217,0.9999999990942123,0.05011825299880002
3.466351206299837,0.6914684356030896,1.0349499732139167,43.20653768114116,0.055766698448349104,0.025259869426460937,0.9999999952106698,0.05002225899806945
3.47126981500243,0.7036175549678688,1.063478742082825,43.256511384130675,0.03722911584870411,0.005577432445548713,0.9999999997088561,0.04997370300407056
3.47126981500243,0.7036175549678688,1.063478742082825,43.30650367209818,0.039030392156295786,0.01423383928903166,0.999999999406886,0.04999228799715638
3.47126981500243,0.7036175549678688,1.063478742082825,43.35651352004732,0.0467171173070368,0.01635970519066831,0.9999999988977687,0.05000984800426522
3.47126981500243,0.7036175549678688,1.063478742082825,43.40653291689485,0.0540014332295926,0.018208077565560837,0.9999999970943679,0.05001939699286595
3.47126981500243,0.7036175549678688,1.063478742082825,43.45651317734279,0.06130574537012761,0.0200705472291765,0.9999999888231743,0.04998026100656716
3.47126981500243,0.7036175549678688,1.063478742082825,43.506514087762326,0.06856350365274988,0.022028594751389734,0.9999999484447399,0.05000091299734777
3.478354259709462,0.7289131782911732,1.126534664556478,43.5567396077524,0.027182328376749866,-0.030669213665860666,0.9999999998584274,0.050225519997184165
3.478354259709462,0.7289131782911732,1.126534664556478,43.60649608874018,0.019442091350458567,-0.011684348101767997,0.9999999997675211,0.04975648099934915
3.4815878825864552,0.7445412887531602,1.16192614106985,43.65651841973356,3.792469636942908e-10,-0.03839153335118266,0.9999999998487753,0.050022331000945996
3.4815878825864552,0.7445412887531602,1.16192614106985,43.706493932724655,2.15096518350709e-10,-0.025800283238403915,0.9999999998140323,0.04997551300039049
3.484724246787088,0.7597795471479771,1.1876672861462905,43.756436801720675,3.572028921840118e-11,-0.04546910816873377,0.9999999998837411,0.049942869001824874
3.484724246787088,0.7597795471479771,1.1876672861462905,43.806515488717736,3.484980304748307e-11,-0.03111325833349522,0.9999999998732437,0.05007868700340623
3.484724246787088,0.7597795471479771,1.1876672861462905,43.85650903571605,1.0734292872909742e-11,-0.030385058881592795,0.9999999999712132,0.04999354699975811
3.4861126933646336,0.7723154102972813,1.1949296349007528,43.906730196711024,2.5270769518895088e-11,-0.04246408797556269,0.9999999998982718,0.05022116100008134
3.4861126933646336,0.7723154102972813,1.1949296349007528,43.9566814647022,2.798432059535793e-11,-0.030982107881972535,0.9999999998989348,0.04995126799622085
3.4861126933646336,0.7723154102972813,1.1949296349007528,44.00673286569479,3.9597684315197e-11,-0.0314319247196964,0.9999999998877795,0.050051400998199824
3.4825979419108712,0.7709129833270122,1.175687848028373,44.05666444269307,1.5333930541782765e-11,-0.028686171929218594,0.9999999999781993,0.04993157699937001
3.4825979419108712,0.7709129833270122,1.175687848028373,44.10667441769252,0.0007007154427829622,-0.03114535401488615,0.9999999998668984,0.05000997500610538
3.4825979419108712,0.7709129833270122,1.175687848028373,44.15660028668328,0.007885921218339642,-0.03242301695052692,0.9999999998936688,0.04992586899606977
3.4825979419108712,0.7709129833270122,1.175687848028373,44.206518790680526,0.015169377762096672,-0.03208800328879479,0.9999999998935838,0.04991850400256226
3.4825979419108712,0.7709129833270122,1.175687848028373,44.25651725867421,0.022675727247719105,-0.03147785174287471,0.9999999998916118,0.04999846799910301
3.4825979419108712,0.7709129833270122,1.175687848028373,44.306586398669964,0.03020163107188842,-0.030745907260795412,0.9999999998924173,0.05006914000114193
3.4825979419108712,0.7709129833270122,1.175687848028373,44.35649822766002,0.03771681885873103,-0.029905283704765313,0.9999999998930345,0.04991182899539126
3.4772230484308473,0.7658524040815003,1.1397269757427442,44.40642652365473,0.05871895968188415,-0.01617269720515091,0.9999999998766081,0.04992829600087134
3.4772230484308473,0.7658524040815003,1.1397269757427442,44.456512797650916,0.0731271404783583,-0.01780165241428552,0.9999999999052989,0.05008627400093246
3.4772230484308473,0.7658524040815003,1.1397269757427442,44.50653498564549,0.08047896808726131,-0.01734985900926317,0.9999999999059429,0.05002218799927505
3.4772230484308473,0.7658524040815003,1.1397269757427442,44.55651156264071,0.08784540349900402,-0.015517427155047748,0.9999999999033893,0.0499765770000522
3.4772230484308473,0.7658524040815003,1.1397269757427442,44.606513281634534,0.09516451499975451,-0.013569071429973063,0.9999999999000014,0.05000171899882844
3.4772230484308473,0.7658524040815003,1.1397269757427442,44.65650743063418,0.10245026398702137,-0.011497117961638674,0.999999999888529,0.04999414900521515
3.478019698865244,0.7730102543289105,1.1066230854526349,44.70677207562488,0.09581153839357942,0.006446121918862546,0.9999999998790539,0.050264644996786956
3.478019698865244,0.7730102543289105,1.1066230854526349,44.75670108061959,0.10920803406898545,0.013100968546385238,0.9999999999084077,0.0499290049992851
3.477899097768906,0.7755884767379002,1.0818639036776267,44.80662571861149,0.1114970245239982,0.027980353432641318,0.9999999998652706,0.049924637998628896
3.477899097768906,0.7755884767379002,1.0818639036776267,44.85670358261095,0.12286094515875268,0.03272581552329838,0.9999999998835459,0.050077864005288575
3.477899097768906,0.7755884767379002,1.0818639036776267,44.90653997460252,0.12976459332620804,0.035529320740326956,0.9999999998746264,0.049836391997814644
3.477927401875463,0.777817798936868,1.0556488059451925,44.956498283569,0.13178113567758187,0.054281331438774394,0.9999999993568829,0.049958308998611756
3.477927401875463,0.777817798936868,1.0556488059451925,45.00652138651767,0.14266726599843357,0.05941209904334045,0.999999998936317,0.050023103001876734
3.481281869339088,0.7859135835593791,1.0361643683131705,45.056443723037496,0.13107567086808217,0.074141109281627,0.9999999704372542,0.049922337995667476
3.481281869339088,0.7859135835593791,1.0361643683131705,45.10657486814148,0.14041735484067314,0.08117867356205938,0.9999999022411072,0.050131150004744995
3.481281869339088,0.7859135835593791,1.0361643683131705,45.156827590955515,0.14675670233193305,0.0849066415863513,0.9999982053178363,0.050252813001861796
3.485348570581967,0.7928390106038613,1.030008377726541,45.20652490539037,0.13643924349649025,0.09425871479068046,0.9999930667684737,0.04969765900023049
3.485348570581967,0.7928390106038613,1.030008377726541,45.25651955611959,0.14343136297330414,0.10067295760631612,0.9999616519685784,0.04999656799918739
3.485348570581967,0.7928390106038613,1.030008377726541,45.30656292608585,0.1495014911360954,0.1048938826986843,0.9998577231156389,0.05005049099418102
3.495597106180529,0.8094480142149316,1.034709645832761,45.356504736969455,0.1164088794229644,0.1087430057719223,0.9999388301250555,0.04994486600480741
3.495597106180529,0.8094480142149316,1.034709645832761,45.406481579070004,0.12194184991275457,0.11711577816233741,0.9998213511994699,0.049985771998763084
3.504178665250199,0.824181328006213,1.0471515967004754,45.4563334507846,0.09441877385750769,0.11463522157237963,0.9999602581093441,0.04985385300096823
3.504178665250199,0.824181328006213,1.0471515967004754,45.50648015756888,0.09899391996608012,0.12212875767623511,0.9998687580938033,0.05015328899753513
3.504178665250199,0.824181328006213,1.0471515967004754,45.55662671771442,0.10488613069235518,0.12628707845126855,0.9997199623727112,0.050160607002908364
3.5149196381504515,0.8448256929324293,1.069906240123183,45.606541420633604,0.06590545810720733,0.11613798907505597,0.9999934872932487,0.049915028001123574
3.5149196381504515,0.8448256929324293,1.069906240123183,45.65661976467813,0.06944180010270551,0.12433896985036623,0.9999179163287375,0.05008245499629993
3.519970204758503,0.8565148371532071,1.0946593130720863,45.706312964336,0.05190942961176785,0.11238609738030875,0.9999991277404003,0.04969324300327571
3.519970204758503,0.8565148371532071,1.0946593130720863,45.75642582493109,0.055360774896438716,0.11803284210759239,0.9999793190240723,0.05011389699939173
3.519970204758503,0.8565148371532071,1.0946593130720863,45.80654094882446,0.061369950246682244,0.12173092440845792,0.9999374060143794,0.050118260995077435
3.525075307204036,0.869338623399911,1.133792290086845,45.856367763182824,0.04264245419484809,0.10128070438422118,0.9999999670358611,0.04982681600085925
3.525075307204036,0.869338623399911,1.133792290086845,45.906447581592964,0.044793522111816884,0.10703308454004903,0.9999974921102084,0.050079944005119614
3.525075307204036,0.869338623399911,1.133792290086845,45.95663643733708,0.050981715375301016,0.11041311535470613,0.9999797518569341,0.05018987199582625
3.528296345337998,0.8827865836022274,1.1812283142700537,46.00647237731921,0.03360479472151602,0.08166454586936572,0.9999999996258506,0.049835940000775736
3.528296345337998,0.8827865836022274,1.1812283142700537,46.05647827574899,0.03471979443690268,0.08733164890052211,0.9999999686610986,0.05000589999690419
3.528296345337998,0.8827865836022274,1.1812283142700537,46.1064782783649,0.041160862876971405,0.0902569943848849,0.9999996723095491,0.050000019000435714
3.5282589628928074,0.8900636804504181,1.224956305998595,46.156458548355545,0.03700899352358726,0.0626948068202088,0.9999999998199381,0.04998026999965077
3.5282589628928074,0.8900636804504181,1.224956305998595,46.20659769432472,0.038403130714022876,0.06620456907402533,0.999999999272024,0.050139146005676594
3.526936699661915,0.8961998800795286,1.2663750201903037,46.256458865317555,0.03673041624041216,0.03780900223891259,0.9999999998750714,0.04986117099906551
3.526936699661915,0.8961998800795286,1.2663750201903037,46.30652193230743,0.037749687092355,0.0407569858184621,0.9999999998092861,0.050063066999427974
3.526936699661915,0.8961998800795286,1.2663750201903037,46.35644238429627,0.044652756764903975,0.042919308616025796,0.9999999997369596,0.04992045200197026
3.522823834218328,0.895397523711665,1.3031813089708524,46.406436510289375,0.05712448224984027,0.014127876588635003,0.9999999998892861,0.04999412599863717
3.522823834218328,0.895397523711665,1.3031813089708524,46.45645676527876,0.05829870560453966,0.014051872128340694,0.9999999998754684,0.05002025499561569
3.5181842034297706,0.8957027913291851,1.345066976224195,46.506456409280496,0.06829354933783073,-0.021736373381758253,0.9999999999376196,0.049999644004856236
3.5181842034297706,0.8957027913291851,1.345066976224195,46.55645508727578,0.06732578266359333,-0.022146363260307465,0.9999999999498689,0.049998677997791674
3.5181842034297706,0.8957027913291851,1.345066976224195,46.60643840027459,0.07460915365394508,-0.02061275381660181,0.9999999999446376,0.04998331300157588
3.513614623500098,0.8996351876568577,1.376113106919109,46.65645983526642,0.0762436895312861,-0.05448622443547475,0.9999999999191542,0.05002143499586964
3.513614623500098,0.8996351876568577,1.376113106919109,46.706472633265996,0.07605971578435244,-0.05288512688285324,0.9999999998936329,0.050012798004900105
3.513614623500098,0.8996351876568577,1.376113106919109,46.756613247256546,0.08383619443197889,-0.05182003574343028,0.9999999998991083,0.050140613995608874
3.5102908590381694,0.9083403349704278,1.3993610491121014,46.806459595257174,0.0749177508717011,-0.08133191829994756,0.9999999999427063,0.04984634800348431
3.5102908590381694,0.9083403349704278,1.3993610491121014,46.85645804725306,0.07592480015758853,-0.07690582071480503,0.9999999999321758,0.04999845199927222
3.508109974558043,0.9193997134947124,1.407465647009915,46.90643657424983,0.06199704176114544,-0.09364971586515344,0.9999999999284832,0.04997852700034855
3.508109974558043,0.9193997134947124,1.407465647009915,46.95646318824659,0.06633183893208278,-0.08758772041888048,0.9999999999216892,0.05002661400067154
3.508109974558043,0.9193997134947124,1.407465647009915,47.0064722292416,0.07447864649925828,-0.08776254860695844,0.9999999999262621,0.0500090409987024
3.505873289726364,0.934010458160913,1.4028857571945887,47.056452964236854,0.05340953496316926,-0.09800282793109201,0.9999999999284315,0.04998073499882594
3.505873289726364,0.934010458160913,1.4028857571945887,47.10653501623635,0.06150957311707134,-0.09000872413403177,0.9999999999333073,0.05008205200283555
3.505873289726364,0.934010458160913,1.4028857571945887,47.15645188523316,0.07028019534036051,-0.09089435152349097,0.9999999999300828,0.0499168690002989
3.5043898592024703,0.9505805819800878,1.3924144302509067,47.20656885422604,0.0459365700017621,-0.09632681123611316,0.9999999999375697,0.05011696899600793
3.5043898592024703,0.9505805819800878,1.3924144302509067,47.25667158422844,0.05518956364734749,-0.08724178270493345,0.9999999999448993,0.05010273000516463
3.5042528886051896,0.9639355314600906,1.3719708631956784,47.30646234222491,0.03789516538376922,-0.08162944455830656,0.999999999943398,0.04979075799928978
3.5042528886051896,0.9639355314600906,1.3719708631956784,47.356620793220664,0.05014112154319692,-0.07420391392818236,0.9999999999467092,0.05015845099842409
3.50502958929209,0.9797103461848229,1.3467866248282978,47.40668348822027,0.02982643051479192,-0.0651271195525662,0.9999999999612452,0.050062695001543034
3.50502958929209,0.9797103461848229,1.3467866248282978,47.45644939521342,0.04453764984226136,-0.05631447743793579,0.999999999959658,0.04976590699516237
3.50502958929209,0.9797103461848229,1.3467866248282978,47.506516315216366,0.05446031369353508,-0.05699085592827126,0.9999999999667324,0.05006692000461044
3.5054639385804647,0.9900491192188313,1.3256472894551998,47.556465398212076,0.04393245921909031,-0.04760756319991649,0.9999999999732914,0.04994908299704548
3.5054639385804647,0.9900491192188313,1.3256472894551998,47.606470970215014,0.057680206594948526,-0.041680813566356736,0.9999999999785534,0.0500055720040109
3.5054639385804647,0.9900491192188313,1.3256472894551998,47.65648386121254,0.06741511963084891,-0.04160367339232129,0.9999999999723321,0.05001289099891437
3.5070221925582614,1.0004363361732613,1.29701754260826,47.70647679220552,0.05627118493670828,-0.023920505115269882,0.9999999999523392,0.04999293099535862
3.5070221925582614,1.0004363361732613,1.29701754260826,47.75646987420369,0.07134940338048881,-0.017858163007620675,0.9999999999516673,0.049993082000582945
3.5070221925582614,1.0004363361732613,1.29701754260826,47.806444904202614,0.08085150635713781,-0.017153425610413008,0.999999999968534,0.04997503000049619
3.5079069202959037,1.0063919087874267,1.2658242363608148,47.856460570197996,0.0781924370518996,0.004257010521206504,0.9999999999433732,0.05001566599821672
3.5079069202959037,1.0063919087874267,1.2658242363608148,47.90647288920183,0.09296364116660677,0.008860797653591643,0.9999999999410548,0.05001231900678249
3.5076523742007963,1.00865875977532,1.2340846064716608,47.956376962200295,0.09755131566744704,0.030734251384916086,0.9999999999853804,0.049904072999197524
3.5076523742007963,1.00865875977532,1.2340846064716608,48.00646534519499,0.11149376623332631,0.03471199210212354,0.9999999999847747,0.050088382995454594
3.5076523742007963,1.00865875977532,1.2340846064716608,48.05651724419349,0.1204116834016295,0.037170244148733184,0.9999999999478266,0.05005189900111873
3.506742992614873,1.0077197004529286,1.1992608096023427,48.10647089618875,0.13059894034536304,0.06485544703152335,0.9999999999028555,0.049953652000112925
3.506742992614873,1.0077197004529286,1.1992608096023427,48.15648359814248,0.14362404773771908,0.06911407545478118,0.9999999991019666,0.050012701998639386
3.510471869942155,1.0157257880428838,1.1756187322571863,48.20641619446405,0.1331051836755217,0.09357302506595108,0.9999948595558854,0.04993285299860872
3.510471869942155,1.0157257880428838,1.1756187322571863,48.25646731521241,0.14382482728305043,0.09894147700244885,0.9999421174995342,0.05005401800008258
3.510471869942155,1.0157257880428838,1.1756187322571863,48.30645906267135,0.152040188935596,0.10301979832330768,0.9997468114281349,0.05000440800358774
3.515935547767846,1.0273097191211171,1.169890420076562,48.35643540018992,0.13390099087117224,0.11491059289979978,0.9996177355664607,0.049995449000562076
3.515935547767846,1.0273097191211171,1.169890420076562,48.40635899672952,0.1423968385053622,0.12010320770205787,0.9994073160599557,0.04995320300076855
3.515935547767846,1.0273097191211171,1.169890420076562,48.45634383849048,0.15044432109898548,0.12449839140393111,0.9991922232518683,0.05002525099553168
3.52347009177622,1.043536991251101,1.1741487054070041,48.50631685365792,0.12253612615777029,0.12955142922117072,0.9992577337965824,0.05001013600121951
3.52347009177622,1.043536991251101,1.1741487054070041,48.556270481927335,0.1301831270253875,0.13431277348068432,0.9990383382661485,0.05000171300343936
3.52347009177622,1.043536991251101,1.1741487054070041,48.606194854018675,0.1381855024783632,0.13877910528202797,0.9988297807827702,0.04998286299814936
3.5319472360117627,1.065069317502256,1.1883709407578948,48.65617133465047,0.10081256271102002,0.1339498022574358,0.9991786611958312,0.05001756199635565
3.5319472360117627,1.065069317502256,1.1883709407578948,48.70617367768957,0.10810563710686853,0.13825263298939494,0.9989544240774506,0.05005467900627991
3.5393301157533545,1.0850251523836318,1.215511053804131,48.75612698418363,0.07553874551532487,0.1239804971834086,0.9994034885145529,0.04998312200041255
3.5393301157533545,1.0850251523836318,1.215511053804131,48.806074548448855,0.0825041554465729,0.1282045388671841,0.999185854199504,0.04998826199880568
3.543305853326813,1.0984305445082718,1.2399606196674515,48.85593546514654,0.06461535727143355,0.11451118486257358,0.9995025170666798,0.04988573399896268
3.543305853326813,1.0984305445082718,1.2399606196674515,48.90599054664197,0.07199324139002206,0.1181428992133146,0.9993136579667385,0.05008945999725256
3.543305853326813,1.0984305445082718,1.2399606196674515,48.95594220279967,0.08040068434180804,0.12174896581034217,0.9991376329319379,0.04999477000092156
3.5452464612529457,1.1062234127054937,1.279346667575055,49.005927482603255,0.07545486764618825,0.09741694406268885,0.9994613477325992,0.050012218998745084
3.5452464612529457,1.1062234127054937,1.279346667575055,49.05588205953012,0.08260082995881024,0.10054228319773267,0.9992876187578116,0.04999018899980001
3.5452464612529457,1.1062234127054937,1.279346667575055,49.10594981025481,0.09125718943974345,0.10376401484309992,0.9991289152901331,0.05011140200076625
3.5437154481410977,1.105437703077709,1.3272662396769799,49.15596814538922,0.10544809560270357,0.06951067433134732,0.9993822910706596,0.050049251003656536
3.5437154481410977,1.105437703077709,1.3272662396769799,49.20576536833163,0.11222365378687514,0.07098662663738778,0.9992078918156779,0.04983669899957022
3.5410140478998744,1.1053517008380982,1.3719092240642654,49.25576256725689,0.12516331491494506,0.032640654052499,0.9994839160751107,0.05002301499916939
3.5410140478998744,1.1053517008380982,1.3719092240642654,49.30570595091233,0.1311597393520749,0.03344547689899735,0.9992743578358533,0.049979650997556746
3.5410140478998744,1.1053517008380982,1.3719092240642654,49.35571269154035,0.1403645169069189,0.03546986295699905,0.999144620220994,0.05004955200274708
3.5380902815643696,1.1043799644142067,1.4060514642324984,49.40573485246525,0.1539317891710047,0.0018252776367111978,0.9993067069350365,0.050056865002261475
3.5380902815643696,1.1043799644142067,1.4060514642324984,49.455617196573165,0.16002429052911182,0.002144205199030772,0.9990935296613861,0.04992760199820623
3.5380902815643696,1.1043799644142067,1.4060514642324984,49.50570779703514,0.16936333400442535,0.003687437674508612,0.9989719918804443,0.050142146996222436
3.5380902815643696,1.1043799644142067,1.4060514642324984,49.55557170153736,0.17875194415187126,0.005187698965776664,0.9988494799765205,0.04992134000349324
3.5344394582408576,1.1076290934935322,1.4429225952279612,49.60564905713797,0.18361848368499087,-0.038788132925622436,0.9991343623479154,0.05012074200203642
3.5344394582408576,1.1076290934935322,1.4429225952279612,49.65536564873725,0.18822335939552468,-0.03787937337085227,0.9988863542044837,0.04977202000009129
3.5319814260150264,1.1160154506180753,1.4842636936270193,49.705360339701876,0.18118657178339054,-0.08585803024067792,0.9992355029825976,0.050032940998789854
3.5319814260150264,1.1160154506180753,1.4842636936270193,49.755282407791576,0.183675874211525,-0.08315238471631385,0.998917785624659,0.049976153000898194
3.530118792859358,1.128149323617355,1.523394798898585,49.805344981822046,0.1678111659853195,-0.12844114444968774,0.9992605340211111,0.05009962099575205
3.530118792859358,1.128149323617355,1.523394798898585,49.855207122341234,0.1692545423896884,-0.1236128661535839,0.9989098309853868,0.0499165580040426
3.526907212376522,1.141157362819194,1.5568556806433367,49.90507150964907,0.15069341147511228,-0.16697160504713143,0.9992100464612971,0.04990380899835145
3.526907212376522,1.141157362819194,1.5568556806433367,49.95510050634761,0.15143801420616584,-0.16109203362416008,0.9988712648275454,0.050085529997886624
3.526907212376522,1.141157362819194,1.5568556806433367,50.005048257179396,0.161513322296925,-0.16201682671008416,0.9987558247513776,0.050009972001134884
3.521828705190787,1.1518542176295448,1.5790543166274387,50.05498195569498,0.14642949374392594,-0.200553558922411,0.9989720035800769,0.04998508300195681
3.521828705190787,1.1518542176295448,1.5790543166274387,50.10492588080319,0.14822643499038696,-0.1957797349606739,0.9987232407341982,0.05000777299574111
3.521828705190787,1.1518542176295448,1.5790543166274387,50.154833525251064,0.15828758255672512,-0.19736034955756734,0.9986108518064778,0.049977070004388224
3.5162984585405757,1.1735512099740948,1.5774410221863848,50.20480142247874,0.12199313283394116,-0.21766269453183532,0.9989969670144179,0.05001806699874578
3.5162984585405757,1.1735512099740948,1.5774410221863848,50.25478956802196,0.1287853415380963,-0.2067021528731751,0.99900189118912,0.05003808900073636
3.511932851166649,1.1943314824593867,1.5513277598205013,50.30461759347841,0.09765691408011751,-0.20304906895024727,0.9992915128653002,0.04986335300054634
3.511932851166649,1.1943314824593867,1.5513277598205013,50.35466714240832,0.11138683710538352,-0.1932955311676256,0.9995553772887941,0.050071811994712334
3.511932851166649,1.1943314824593867,1.5513277598205013,50.40471286381242,0.12160655760829184,-0.19654707978508124,0.9994257632880779,0.050074476006557234
3.508471264577431,1.216847326515605,1.5124589480651605,50.454624703310536,0.0877791076298762,-0.18096416266673032,0.9997575011651879,0.049923945996852126
3.508471264577431,1.216847326515605,1.5124589480651605,50.5047065053779,0.10525477557356308,-0.17089656848339982,0.9999968265006293,0.05008196100243367
3.5071848184290944,1.2381619327591902,1.467848958424647,50.55456741475867,0.07504486960212836,-0.14856350550407993,0.9999999675252833,0.04986091099999612
3.5071848184290944,1.2381619327591902,1.467848958424647,50.60469853074889,0.09449024986908663,-0.138775195381909,0.9999999998663655,0.05013111599691911
3.5071848184290944,1.2381619327591902,1.467848958424647,50.65462792973999,0.10466968047447128,-0.14148728166007085,0.9999999998283668,0.049929398999665864
3.5071848184290944,1.2381619327591902,1.467848958424647,50.70466303971658,0.11455150180511434,-0.1422796806145059,0.9999999995693751,0.05003510999813443
3.506596376131406,1.2486325542616479,1.428644676679261,50.75467619767444,0.10543829995274098,-0.1175964281795358,0.9999999990628339,0.05001315800473094
3.506596376131406,1.2486325542616479,1.428644676679261,50.804662676664876,0.12383191381030503,-0.11295648286187591,0.9999999998828453,0.0499864789962885
3.5079002978652207,1.2637090617725548,1.380011437182693,50.85465156465712,0.10545105010015621,-0.07850440696936196,0.9999999998373906,0.049988888000370935
3.5079002978652207,1.2637090617725548,1.380011437182693,50.904641057655446,0.12522652380056065,-0.07171764326824658,0.999999999896048,0.04998949300352251
3.5088707155327734,1.2686994365127235,1.3328900714709595,50.9544534176417,0.1259622241669696,-0.03451802787958097,0.9999999997781385,0.049812359997304156
3.5088707155327734,1.2686994365127235,1.3328900714709595,51.004664715637894,0.14419189160283208,-0.03063708872566438,0.9999999998648224,0.050211298002977856
3.5088707155327734,1.2686994365127235,1.3328900714709595,51.05466296562617,0.15373210179162783,-0.02970148756870654,0.9999999998283668,0.04999824999686098
3.510368379338675,1.2735724241892905,1.286524702098991,51.10470973117817,0.15299953966319807,0.011960160240816836,0.999995974810488,0.05004696700052591
3.510368379338675,1.2735724241892905,1.286524702098991,51.154649683878304,0.16900518229241487,0.016447937851165016,0.999998452082127,0.049940030003199354
3.510368379338675,1.2735724241892905,1.286524702098991,51.20484242126875,0.17811476303219848,0.018738098425602243,0.9999657012108484,0.050194458999612834
3.51097393808599,1.2685413256378288,1.2472605915602504,51.25465424864012,0.19521939267331137,0.06184539337118658,0.9992440521806932,0.04984951100050239
3.51097393808599,1.2685413256378288,1.2472605915602504,51.304577392085825,0.20783630713836726,0.06596750763131931,0.9991391462507265,0.049966156999289524
3.511871846061201,1.2633044948127243,1.2053232417668358,51.35443121181959,0.22308473560242226,0.11565718922227022,0.9982454400087827,0.04994144499505637
3.511871846061201,1.2633044948127243,1.2053232417668358,51.40442868442388,0.2333223398064089,0.12108506730680929,0.9980699266618517,0.050094158003048506
3.511871846061201,1.2633044948127243,1.2053232417668358,51.4542790493069,0.24159383561485398,0.1256292170709895,0.9978840785992814,0.04995606799639063
3.511871846061201,1.2633044948127243,1.2053232417668358,51.50416435202997,0.2498472314454916,0.1303128857400275,0.9977006867850662,0.05000026900233934
3.511871846061201,1.2633044948127243,1.2053232417668358,51.55405227093185,0.2580915335370309,0.135060379656694,0.9975191530075674,0.050011990999337286
3.511871846061201,1.2633044948127243,1.2053232417668358,51.60389901570554,0.2663239121791068,0.13986724571885747,0.9973397355611885,0.049979704002907965
3.5215382900141834,1.2788030627581677,1.152769358572908,51.6537358588083,0.2321541048530513,0.21247368165318536,0.9965583585027277,0.050008956000965554
3.5215382900141834,1.2788030627581677,1.152769358572908,51.70355776912116,0.23712426199035241,0.21259196968226704,0.996291990537579,0.050007337995339185
3.5272969255029323,1.2836101343727249,1.163467987965962,51.75332648400234,0.23112123748474137,0.21940533111072197,0.9961037841878481,0.04996338300406933
3.5272969255029323,1.2836101343727249,1.163467987965962,51.80315286728376,0.23849119153749637,0.22354156409477838,0.9959703605460788,0.050027977995341644
3.5272969255029323,1.2836101343727249,1.163467987965962,51.85291821805368,0.24623474753942037,0.22924147212244791,0.9957969674086604,0.04997539900068659
3.53251788954894,1.290321923092717,1.188452474507786,51.90275182532402,0.2394045624067319,0.2187776330179424,0.9959144337624555,0.05003804100124398
3.53251788954894,1.290321923092717,1.188452474507786,51.95253143287226,0.24820863503811783,0.2226732848982758,0.995972233878445,0.04998091900051804
3.53251788954894,1.290321923092717,1.188452474507786,52.0023229003185,0.2561030485552356,0.22825207188984403,0.995809870868587,0.050000978000753094
3.5447203300044374,1.305755730799418,1.2127215187765727,52.05210534385944,0.2260815955403625,0.23080765301389566,0.9958714679884882,0.04998882400104776
3.5447203300044374,1.305755730799418,1.2127215187765727,52.10192788442394,0.23416147082071673,0.231881806160884,0.9958150431154652,0.05003192200092599
3.5563905631856763,1.3268693669881682,1.2457554741863766,52.15173363898054,0.19623017807080337,0.22118749566432946,0.9961747022626353,0.049997007998172194
3.5563905631856763,1.3268693669881682,1.2457554741863766,52.201519430985236,0.20569753877478553,0.220956860639517,0.9961480488012243,0.049978306000411976
3.5632700464111142,1.3448482246924847,1.29281900915247,52.251272798160194,0.18016107420101093,0.18866511617445259,0.996731206824234,0.04991653400065843
3.5632700464111142,1.3448482246924847,1.29281900915247,52.30128083331564,0.19180758674870851,0.1896767610485482,0.996754593340156,0.050170859998615924
3.5632700464111142,1.3448482246924847,1.29281900915247,52.35105222058099,0.20036262994224707,0.19424965873597305,0.9966226959686852,0.04994004999753088
3.567891046883729,1.3572483557982762,1.3370206672417895,52.40089012747459,0.18636450998579593,0.16320076881726503,0.997019277170599,0.04998690399952466
3.567891046883729,1.3572483557982762,1.3370206672417895,52.45073721793331,0.19811645537666356,0.16474201573970484,0.9970473765187374,0.04999470600159839
3.567891046883729,1.3572483557982762,1.3370206672417895,52.50064360621106,0.20690222825869553,0.16865274655513104,0.9969267480212575,0.05006023599707987
3.570423005802541,1.3680696079480932,1.3902134167225888,52.55044322394232,0.19821377872121163,0.12392649511970633,0.9973634699737589,0.04993126300541917
3.570423005802541,1.3680696079480932,1.3902134167225888,52.600326395768505,0.21037567303463306,0.12540587010977366,0.9974067439318564,0.050012867999612354
3.570423005802541,1.3680696079480932,1.3902134167225888,52.650187308199925,0.21944051514389065,0.1284314622163295,0.9972951999430316,0.04999614199914504
3.569966226513407,1.3742131072661687,1.4483222469317443,52.70029366437229,0.22118170494294725,0.07090086559333054,0.997651797126336,0.05022429300151998
3.569966226513407,1.3742131072661687,1.4483222469317443,52.75014320716659,0.2322975528815365,0.07180232868323488,0.9976158422328788,0.04996867600129917
3.569966226513407,1.3742131072661687,1.4483222469317443,52.80017170942934,0.24160248344176866,0.0736918068131272,0.9975106203944462,0.0501533529968583
3.5665160987400784,1.3803312568017476,1.5002611979577571,52.84972775039882,0.24261120343671552,0.009783714037009908,0.9978015397698778,0.04966522799804807
3.562810628057382,1.3836116574950743,1.5464016950205455,52.8995216677953,0.2455630205140026,-0.04952236525049317,0.9979147725635714,0.04989796600420959
3.562810628057382,1.3836116574950743,1.5464016950205455,52.94949522929712,0.25150346652182615,-0.04984635292367317,0.9977133390438114,0.0500880959953065
3.562810628057382,1.3836116574950743,1.5464016950205455,52.99934884238832,0.26101531985831794,-0.04991753261944955,0.9976132274645532,0.04997288700542413
3.5569963436586307,1.3859245757495384,1.5912368906094754,53.0491978420193,0.26470852509829673,-0.11705618611720117,0.9976543671891791,0.04996620199381141
3.5569963436586307,1.3859245757495384,1.5912368906094754,53.09914201144771,0.2674333614451376,-0.11787382775963759,0.9973875465985311,0.05007498800114263
3.5569963436586307,1.3859245757495384,1.5912368906094754,53.1489787783923,0.27697084134181077,-0.11869850044333237,0.997288694455183,0.04997225700208219
3.55101263684808,1.3966194126791946,1.6360677498616192,53.19878072670474,0.2609624304913942,-0.18930683027165685,0.9974361548277338,0.04992996100190794
3.55101263684808,1.3966194126791946,1.6360677498616192,53.24869868801231,0.2603306534269935,-0.1861104761552524,0.9971002475834739,0.05006313199555734
3.55101263684808,1.3966194126791946,1.6360677498616192,53.29857502847739,0.2700720087184148,-0.18761789597656583,0.9969949722117386,0.05002667200460564
3.5431068294673054,1.4162832323978773,1.672858361743799,53.34842600325235,0.2332734980514426,-0.2549504520620249,0.9972331428047573,0.049989287996140774
3.5431068294673054,1.4162832323978773,1.672858361743799,53.398283232479585,0.2306834502454996,-0.2454805154902032,0.9969076594245372,0.05001188300229842
3.5350577712518416,1.438686513481551,1.678328602103765,53.44806922159513,0.19081314188831955,-0.2764964460678889,0.9971701064040736,0.04992727799981367
3.5350577712518416,1.438686513481551,1.678328602103765,53.497980964225086,0.19472770412227144,-0.2658932108218958,0.9971003916264941,0.05005688800156349
3.5350577712518416,1.438686513481551,1.678328602103765,53.547831783295756,0.2048403240994361,-0.26913062621528605,0.9969877878122198,0.05000143399956869
3.52776925992701,1.4609080409491517,1.6609252268320245,53.59805448218248,0.16736739652935234,-0.2753788650591926,0.9973180474036037,0.05035775600117631
3.52776925992701,1.4609080409491517,1.6609252268320245,53.647784575598386,0.17791956063013278,-0.26602936456406534,0.9974723143961762,0.04985611399752088
3.5219728127100773,1.477355805456009,1.6349108927602047,53.697518996395566,0.154547918187307,-0.26231958481482054,0.9976706330541847,0.04985054099961417
3.5219728127100773,1.477355805456009,1.6349108927602047,53.74760105726805,0.16818335691262695,-0.256053263099925,0.9979203119013168,0.05018643299990799
3.5219728127100773,1.477355805456009,1.6349108927602047,53.79745166416458,0.17806707493699558,-0.2601392555890551,0.9978010593819352,0.04996046699670842
3.5164662698591864,1.4922295966314973,1.5990807786225159,53.847175459079715,0.15885513772660953,-0.2462353829124654,0.9980167419247168,0.04982260600081645
3.5164662698591864,1.4922295966314973,1.5990807786225159,53.897117646303464,0.17564961701109227,-0.2413358568742626,0.998367802502786,0.05002383600367466
3.5164662698591864,1.4922295966314973,1.5990807786225159,53.94701599846354,0.1854865413216321,-0.24527213490768426,0.9982506862079472,0.04998579299717676
3.514411410782679,1.509209354496512,1.551449224885326,53.99690566843609,0.16528912644488367,-0.21044552940726743,0.9984498002839619,0.04996712900174316
3.514411410782679,1.509209354496512,1.551449224885326,54.046865128804725,0.18607530753423998,-0.204830712498967,0.9988495386168306,0.05001700299908407
3.514411410782679,1.509209354496512,1.551449224885326,54.09677533154009,0.19597063075769056,-0.20809613769430135,0.9987266084634495,0.049973838998994324
3.5126468443135748,1.5170152868079023,1.5000540103646813,54.1467123971224,0.19428644014085591,-0.16721849703757083,0.9986860842049594,0.05000276500504697
3.5126468443135748,1.5170152868079023,1.5000540103646813,54.19665846979963,0.21567598067816215,-0.16490631356562013,0.9990391204598255,0.04999411099561257
3.5134994884358863,1.523849995397992,1.4462945560143414,54.24679376244184,0.21572002616279629,-0.1131923493214072,0.9988239633698807,0.05019432300468907
3.5134994884358863,1.523849995397992,1.4462945560143414,54.29668575935634,0.23653360832015358,-0.11011014949075668,0.9990704335395075,0.04993841799296206
3.5153560161601334,1.5221672274633422,1.3984663662360637,54.34641529711204,0.25156773074694777,-0.05483987048712814,0.9985643622202925,0.04980103400157532
3.5153560161601334,1.5221672274633422,1.3984663662360637,54.396443608217325,0.2690035726891774,-0.05255813911041952,0.9986389687293328,0.05009649400017224
3.5153560161601334,1.5221672274633422,1.3984663662360637,54.44636056019319,0.27855965265255217,-0.05138440276835553,0.9984989590322821,0.04999199200392468
3.516785189578426,1.5210448340883849,1.344350769745158,54.4962995548658,0.290368532155243,0.014680007446901275,0.9978934248936598,0.05004441699566087
3.516785189578426,1.5210448340883849,1.344350769745158,54.546173246160556,0.30500136046836546,0.018737162858788733,0.997868941965074,0.04998020200582687
3.516785189578426,1.5210448340883849,1.344350769745158,54.59601359197309,0.3141807190704097,0.021355698812809257,0.9977208286067502,0.049954199996136595
3.5199419127809524,1.5153102382045978,1.289640965766034,54.64587168451189,0.33090299015425756,0.10177770080584965,0.9967872381924997,0.05001879100018414
3.5199419127809524,1.5153102382045978,1.289640965766034,54.695684300167656,0.3404929733769983,0.10714844591154049,0.9966236351980251,0.04998137099755695
3.524787735210721,1.5155657610702502,1.2387454824864232,54.74548657345543,0.3408880392981814,0.1874301433223497,0.9957338806322454,0.050015646003885195
3.524787735210721,1.5155657610702502,1.2387454824864232,54.79527208856249,0.34583737823504257,0.1917893124130957,0.9955025407725375,0.050010434999421705
3.524787735210721,1.5155657610702502,1.2387454824864232,54.84501501673448,0.3542177331685785,0.1965301426850901,0.995353094688325,0.04997515799914254
3.530535419538272,1.5166550795463132,1.2055743968311887,54.89475190193566,0.3506273749250308,0.25929550674224205,0.9945947012317319,0.05000718899827916
3.530535419538272,1.5166550795463132,1.2055743968311887,54.94460930135402,0.35360833837746825,0.262976483660469,0.9943546273803149,0.05014046100404812
3.530535419538272,1.5166550795463132,1.2055743968311887,54.99416569877945,0.36179923136818004,0.26825245649283375,0.9942080648022221,0.04984509699716
3.5370683867617423,1.5224213294361497,1.190122862996969,55.04401899060958,0.34974481070314667,0.30814979662110303,0.9937771496984072,0.050165464002930094
3.5370683867617423,1.5224213294361497,1.190122862996969,55.093532540295406,0.35373113928032507,0.3103713308751737,0.993602961736197,0.04983232900121948
3.5452146469263144,1.536146716938923,1.193740339551665,55.143229680254535,0.32886038525920636,0.3244511886037885,0.9936059866862651,0.05001694899692666
3.5452146469263144,1.536146716938923,1.193740339551665,55.19294871788177,0.33551730893043724,0.32432371721958664,0.9934876865649451,0.050044946001435164
3.5452146469263144,1.536146716938923,1.193740339551665,55.242519291041454,0.34366674195907343,0.33020426774322925,0.9933413864894041,0.049902856997505296
3.5544309131441945,1.547544226247031,1.2156581652758185,55.292269380424,0.3244548505908249,0.32847177452990733,0.9934390880576186,0.050078651001967955
3.5544309131441945,1.547544226247031,1.2156581652758185,55.341913168854326,0.33420458009000864,0.32942810324317445,0.9934573385948686,0.0499707299968577
3.5544309131441945,1.547544226247031,1.2156581652758185,55.39158557858887,0.3423498612036979,0.33541934667700424,0.9933202947093601,0.050006438003038056
3.5604818892291608,1.5611163531644887,1.248244061107107,55.44121273750161,0.32530980425582856,0.3098575051075888,0.9937349049126598,0.04994003799947677
3.5604818892291608,1.5611163531644887,1.248244061107107,55.490966113527406,0.33815129078379635,0.3109365690361584,0.993784643897789,0.05006454500107793
3.567619080955716,1.5719229095725482,1.2859803340145515,55.54072233383143,0.3256176498968143,0.28635867113669033,0.9940690228811708,0.05005308399995556
3.567619080955716,1.5719229095725482,1.2859803340145515,55.59035126340761,0.3391308016504194,0.2878073005848226,0.9941776069610864,0.04991958099708427
3.567619080955716,1.5719229095725482,1.2859803340145515,55.640061045511445,0.3476252443672995,0.2931154130338354,0.9940539694444528,0.05000712600303814
3.5740296729806995,1.5903686397742534,1.3432078429538228,55.68980793468759,0.32503037042027544,0.23699730127597107,0.9947112479780117,0.05001138700026786
3.5740296729806995,1.5903686397742534,1.3432078429538228,55.73970683993889,0.3415044259314874,0.23719983926409602,0.9948737210629082,0.05015601899503963
3.5740296729806995,1.5903686397742534,1.3432078429538228,55.78953477080935,0.35031827844713753,0.24173697056995966,0.99457962271563,0.05009948900260497
3.5755042914006645,1.610627535030919,1.4148290199592821,55.83912315233389,0.3292764064207414,0.1520182690992427,0.9954125924309916,0.049816912003734615
3.5755042914006645,1.610627535030919,1.4148290199592821,55.8892533743358,0.3456517322339104,0.15237983224087623,0.9955002714112634,0.05035681399749592
3.5751168185968805,1.629242480890849,1.4827274558362076,55.938630176776925,0.32480992844354967,0.06425301237480288,0.9961412950717907,0.04956807100097649
3.5751168185968805,1.629242480890849,1.4827274558362076,55.98846791700606,0.3368217558061435,0.06506557758794677,0.9961036715861485,0.050032683997415006
3.571203468183184,1.6446697928002534,1.5458156135865817,56.03814724466671,0.3192728352595368,-0.026577048456847746,0.9965674659084807,0.04985044099885272
3.571203468183184,1.6446697928002534,1.5458156135865817,56.08815532389502,0.32632534427562576,-0.02521385006923353,0.9963827630862457,0.05018962699978147
3.571203468183184,1.6446697928002534,1.5458156135865817,56.13789613032446,0.33584552644007554,-0.025080826091222468,0.996284273029143,0.04992631899949629
3.566477130640792,1.6717057250245257,1.6075745928530492,56.18775408387521,0.2907173795316266,-0.11864755445227099,0.9968277453463872,0.050016619003145024
3.566477130640792,1.6717057250245257,1.6075745928530492,56.23753666327376,0.29251183696518607,-0.1116331107041796,0.9965330613256417,0.04995577299996512
3.566477130640792,1.6717057250245257,1.6075745928530492,56.28741187928608,0.3022296837346602,-0.11263686653557659,0.9964293125281444,0.05005394299951149
3.559262433386969,1.6973974435261432,1.656947411790467,56.33745358203247,0.25562664580693595,-0.194195235170413,0.996809416937407,0.05020187600166537
3.559262433386969,1.6973974435261432,1.656947411790467,56.387046222159206,0.2542777357242474,-0.1844941686032054,0.9964903691102862,0.04976730499765836
3.559262433386969,1.6973974435261432,1.656947411790467,56.43687825838073,0.26418826016709984,-0.18631815531047474,0.9963804498962073,0.05001306100166403
3.5531627506839287,1.7129932961631948,1.6876538805717645,56.48670741906133,0.2366121423058295,-0.23979848832294573,0.996511863370405,0.05000357999961125
3.5531627506839287,1.7129932961631948,1.6876538805717645,56.53654333455543,0.23709349806245184,-0.23382759830734703,0.9962377446779793,0.050024119002046064
3.545950890322384,1.7271121820889879,1.6954583354107535,56.58639945512094,0.2135743561145234,-0.265022033710389,0.9963286164837103,0.05003983599453932
3.545950890322384,1.7271121820889879,1.6954583354107535,56.63616234924206,0.21791613046066635,-0.25984473644959405,0.9962359071560862,0.04995091399905505
3.545950890322384,1.7271121820889879,1.6954583354107535,56.6859857010447,0.22762140398150515,-0.26303848408810593,0.996148049478481,0.05001601100229891
3.539138385800392,1.7339857410647828,1.676892966206457,56.7357273979711,0.22090577443743353,-0.26755462154966797,0.9961810342409478,0.049932387002627365
3.539138385800392,1.7339857410647828,1.676892966206457,56.78592805495194,0.2323079291070517,-0.26705896430666065,0.9963357944680885,0.05038527899887413
3.5350868824674118,1.7439927138320508,1.6388827298867463,56.835355548840084,0.22431224593029572,-0.24334637923257224,0.9964711458473581,0.04960253399622161
3.5350868824674118,1.7439927138320508,1.6388827298867463,56.88530134443233,0.24144549782635494,-0.24189908763934276,0.9967570556192467,0.05010829400271177
3.5350868824674118,1.7439927138320508,1.6388827298867463,56.935236729089844,0.2510025330449356,-0.2455036689406749,0.9966622432011484,0.05010261500137858
3.530324071684755,1.7629506457976953,1.5931194972029223,56.98491076881612,0.2255976123535,-0.21449428969582665,0.9969755928011703,0.04982472999836318
3.530324071684755,1.7629506457976953,1.5931194972029223,57.034806758938714,0.24388192808578174,-0.20946739550289714,0.9973172232962697,0.05003021000447916
3.530324071684755,1.7629506457976953,1.5931194972029223,57.08464866470979,0.25359147037888125,-0.21243998273999604,0.9972143045544044,0.04998113799956627
3.528221743476905,1.7785864103075613,1.5387701169879378,57.13452067040071,0.23647650984026436,-0.16469538124305744,0.9973861951340277,0.05000270299933618
3.528221743476905,1.7785864103075613,1.5387701169879378,57.18439114110372,0.25655708908277974,-0.16075901359908754,0.9977007426594299,0.049985400000878144
3.527127110507887,1.788381008164501,1.4804471462974742,57.234250357912785,0.25065444129559894,-0.10638449392896132,0.9976486418814731,0.049976729998888914
3.527127110507887,1.788381008164501,1.4804471462974742,57.28423748530035,0.27006060755382544,-0.1032652571945883,0.9978860804947017,0.0500930199996219
3.527127110507887,1.788381008164501,1.4804471462974742,57.33405020112083,0.27974732136197916,-0.10368516343287579,0.997791693904876,0.04992296099953819
3.528325963510212,1.791300222414096,1.4316329571733344,57.383938875989514,0.2855458715749238,-0.04664819668212085,0.9975087187160598,0.05001327199715888
3.528325963510212,1.791300222414096,1.4316329571733344,57.43381308025377,0.30134520037804235,-0.04385317267567496,0.9975704150648695,0.049995672998193186
3.5327108545816888,1.803542775239754,1.377660074642043,57.4836568763534,0.28595089396008333,0.027180350733026833,0.9972981780346227,0.049978830000327434
3.5327108545816888,1.803542775239754,1.377660074642043,57.53355198520761,0.29885648116471375,0.030499131035218077,0.9972660010783648,0.05003189600392943
3.5327108545816888,1.803542775239754,1.377660074642043,57.58340359712879,0.30811094150583124,0.032906081067122485,0.9975722841565676,0.04997293199994601
3.536616171873268,1.812479303789423,1.3312417206715914,57.63328485080056,0.2964782583561279,0.09583155686116993,0.997194943442238,0.05002156699629268
3.536616171873268,1.812479303789423,1.3312417206715914,57.68320532595964,0.30566076793934444,0.09874405479183039,0.9970426772040968,0.05006854400562588
3.536616171873268,1.812479303789423,1.3312417206715914,57.732944565628955,0.3146072219445218,0.10209733649502699,0.9968909249522915,0.04989436499454314
3.5430610143551604,1.8208067731514006,1.2824875733350753,57.78281745423083,0.29974070275018055,0.17683469995418494,0.9963106398512436,0.05005756900209235
3.5430610143551604,1.8208067731514006,1.2824875733350753,57.832582865667966,0.3045282867037431,0.17852087677339912,0.9960515022667472,0.049962689001404215
3.550182860396526,1.8330223864347923,1.24757833582708,57.88239130716453,0.2804555999193673,0.23532548552540916,0.9957747420630904,0.050019788002828136
3.550182860396526,1.8330223864347923,1.24757833582708,57.93220220993018,0.2837452645764825,0.23494374483471003,0.9955134907177166,0.0500353869938408
3.550182860396526,1.8330223864347923,1.24757833582708,57.98192996525927,0.29230083328606876,0.23966602316354768,0.9953694381931477,0.04995909400167875
3.556989502098627,1.8409826888623986,1.234884736448003,58.03169589081896,0.27724868093618843,0.27344330073487455,0.9950521953772409,0.05001338200236205
3.556989502098627,1.8409826888623986,1.234884736448003,58.08143760777271,0.2819652315798293,0.2745108355673833,0.9948628717626041,0.04999856599897612
3.5648485265999525,1.8577681059226014,1.2468483892950923,58.131030974701886,0.2534944518954129,0.27751062079748856,0.9950256295232154,0.04984129600052256
3.5648485265999525,1.8577681059226014,1.2468483892950923,58.1808924381609,0.26181399898621305,0.27628154436510083,0.9949400712213512,0.050115042002289556
3.5648485265999525,1.8577681059226014,1.2468483892950923,58.230640754007766,0.2702680842993174,0.28162528042628954,0.9949086719647768,0.050002896998194046
3.5718911846102217,1.873237893936521,1.2696707909401068,58.28035284541718,0.24642113275220315,0.2725044877044971,0.9951786894151309,0.04995292999956291
3.5718911846102217,1.873237893936521,1.2696707909401068,58.33018077546312,0.2568696809713655,0.2719929800916166,0.9951781693269113,0.050069356002495624
3.5765556305241506,1.887887897696356,1.3065010229538774,58.38065531061123,0.23924363579490548,0.2431833422009994,0.9955863049040383,0.050698301994998474
3.5765556305241506,1.887887897696356,1.3065010229538774,58.42976906306244,0.25258402031784,0.24356460673810623,0.9956363898139654,0.04932900499989046
3.5765556305241506,1.887887897696356,1.3065010229538774,58.4795289423218,0.2610889008604143,0.24846691737717921,0.9954995998724334,0.04998483099916484
3.57873301153142,1.8950014892911435,1.3530208290253525,58.52929066236746,0.26064399090325446,0.2064694693568075,0.9959441505251169,0.049964368001383264
3.57873301153142,1.8950014892911435,1.3530208290253525,58.57929553817753,0.27542836169210905,0.20857315476448926,0.9960561378982585,0.05020286900253268
3.57873301153142,1.8950014892911435,1.3530208290253525,58.629103093560865,0.2843119125305759,0.21279409048395623,0.9959366824893183,0.050010765000479296
3.579017951292698,1.9058115362695438,1.4092935534937021,58.678755727157416,0.27904535591884105,0.1502169851379122,0.9964176141327156,0.049831147996883374
3.579017951292698,1.9058115362695438,1.4092935534937021,58.728549829908246,0.29386976878503135,0.15115639124577668,0.9964740802041919,0.049970293999649584
3.579017951292698,1.9058115362695438,1.4092935534937021,58.77839812415182,0.3030018663108158,0.15423066050716905,0.9963474917854543,0.050031033002596814
3.577152847896211,1.9109205443061852,1.4734729045750425,58.828201501081644,0.3089568881600753,0.07596804906801795,0.9967961965945134,0.04996345000108704
3.577152847896211,1.9109205443061852,1.4734729045750425,58.87806834381988,0.32161031642137444,0.07608832903980454,0.9967838988433437,0.05002773700107355
3.5738776419214324,1.922103445716163,1.5355045748333156,58.92790887010523,0.31278625132220716,-0.009080188583715676,0.9971418162062221,0.04998338799487101
3.5738776419214324,1.922103445716163,1.5355045748333156,58.97776718910834,0.3209618824648752,-0.008633216085060876,0.9969785891265114,0.05000941800244618
3.5738776419214324,1.922103445716163,1.5355045748333156,59.02762609388013,0.3304278049146373,-0.008308885445909785,0.9968579245717812,0.05001605900179129
3.570871732348448,1.9360590452337278,1.594239205545104,59.07746830553256,0.31214162082348884,-0.090176865633067,0.9971180417744847,0.04998626999440603
3.570871732348448,1.9360590452337278,1.594239205545104,59.12731059340862,0.31625549508478773,-0.08823674273126716,0.9968438834345947,0.0500000940010068
3.5666028673957295,1.9479225647415173,1.64565390062631,59.17736719539181,0.2989553561316087,-0.1636746201335312,0.9970524996130417,0.050204580002173316
3.5666028673957295,1.9479225647415173,1.64565390062631,59.226968733285034,0.29997088645315606,-0.16118107238124474,0.9967236517582329,0.04976458400051342
3.5666028673957295,1.9479225647415173,1.64565390062631,59.27683100415644,0.30952104026729566,-0.16273429240549983,0.996612090363555,0.05003177400067216
3.561836730885566,1.9682041328980566,1.694415501153277,59.32663937299942,0.2724380139388129,-0.23522784229413513,0.996794819387116,0.04996852699696319
3.561836730885566,1.9682041328980566,1.694415501153277,59.37649242594821,0.27048377316928196,-0.22712657794459612,0.9963825623187548,0.050034047999361064
3.561836730885566,1.9682041328980566,1.694415501153277,59.42629151643523,0.280369388260762,-0.22937456008665086,0.9962447585430508,0.049986803001957014
3.556508394764586,1.9855018566685336,1.7135187896663442,59.476138642610046,0.24993971824447897,-0.26751356588684977,0.996481551071972,0.05002313000295544
3.556508394764586,1.9855018566685336,1.7135187896663442,59.52602949841161,0.2527821949558502,-0.26124486093376137,0.9962628663640062,0.05007800399471307
3.5503886036379546,2.003914348204854,1.7040094554791247,59.57570199367748,0.2233565807574951,-0.269681285134848,0.9964702664664631,0.04984844700084068
3.5503886036379546,2.003914348204854,1.7040094554791247,59.62559048943128,0.23223513642217042,-0.26384193496430797,0.9964721495164018,0.05006511800456792
3.5503886036379546,2.003914348204854,1.7040094554791247,59.675482008470276,0.24183462127912517,-0.2675230589962988,0.9963360760376049,0.050074989994755015
3.54509905569014,2.0242296795016084,1.666906018960152,59.725206020671735,0.2123410404207841,-0.2450464939113492,0.996675002127579,0.0498898959995131
3.54509905569014,2.0242296795016084,1.666906018960152,59.77507157495044,0.22810653894200206,-0.23997640921263352,0.9970025729655831,0.05001547200663481
3.5414170004898984,2.044257012430467,1.6259616545944104,59.824865942975606,0.20053931255534774,-0.2119362391886328,0.9973199109630362,0.04992817999300314
3.5414170004898984,2.044257012430467,1.6259616545944104,59.87482198723445,0.21736992998743188,-0.20686468241618453,0.9975605209194095,0.05007820900209481
3.5414170004898984,2.044257012430467,1.6259616545944104,59.924694061590095,0.226997951790032,-0.21012532862670372,0.997426625401178,0.050000745002762415
3.5396933748461055,2.0603400324518755,1.5752251199431402,59.97460538705075,0.20871361691143872,-0.16650581022216973,0.9976379627330327,0.05002949699701276
3.5396933748461055,2.0603400324518755,1.5752251199431402,60.02471619366612,0.22741382341947375,-0.16309852949914116,0.9978787128134013,0.050217331998283044
3.5396933748461055,2.0603400324518755,1.5752251199431402,60.07433432225618,0.23709315726221483,-0.16540536376598242,0.9977453681202282,0.04973025200160919
3.5401410024675113,2.07444579134588,1.5188855908118106,60.12434525305643,0.22287126227443727,-0.10925987035701822,0.997945057608803,0.05011391200241633
3.5401410024675113,2.07444579134588,1.5188855908118106,60.17414656251774,0.24125671621290568,-0.10621134357585697,0.998133088557966,0.04989445799583336
3.5401410024675113,2.07444579134588,1.5188855908118106,60.22405389595919,0.25086587542423633,-0.10714818578118329,0.998009462483127,0.05000687400024617
3.5410889922525652,2.082601000027105,1.4668206977023037,60.27393870771787,0.24663424864851402,-0.052019229587943035,0.9978837374745102,0.0499906050026766
3.5410889922525652,2.082601000027105,1.4668206977023037,60.324053433217635,0.26223815936192485,-0.04945960574917917,0.9979337192678182,0.05021849100012332
3.5420247812352392,2.085960964325275,1.4131321690120775,60.37374830367196,0.26582077872615095,0.00970407921580143,0.9976083525064354,0.04981400800170377
3.5420247812352392,2.085960964325275,1.4131321690120775,60.42385586072642,0.27888131147066014,0.01268521221500149,0.9976691524224185,0.050224622995301615
3.5420247812352392,2.085960964325275,1.4131321690120775,60.47348096707597,0.2882531669935718,0.014429184524007278,0.9975346693055414,0.04974775100708939
3.54459171092841,2.0875067403178127,1.365450706239331,60.52362873543222,0.2925408135174848,0.07664147427610973,0.9970795772113312,0.05029464999824995
3.54459171092841,2.0875067403178127,1.365450706239331,60.573393995529194,0.3020882118889672,0.08011324100267583,0.9969141216766624,0.04991930499818409
3.54897789874561,2.0912482679443634,1.3124690985060476,60.622975728459416,0.2983502783816586,0.15476511983197436,0.9963305637922448,0.04976434000127483
3.54897789874561,2.0912482679443634,1.3124690985060476,60.67281469632447,0.3036705527679668,0.15765414606022835,0.9960633272039381,0.050035943000693806
3.54897789874561,2.0912482679443634,1.3124690985060476,60.722599117287686,0.3124776470068043,0.16136431604203746,0.9960252152615747,0.0499830929984455
3.554686994332486,2.1006864989078573,1.2671330330009163,60.772825024349224,0.2943751559742001,0.22900139858420815,0.9955518429704361,0.05045031799818389
3.554686994332486,2.1006864989078573,1.2671330330009163,60.82240947679407,0.2967769484338536,0.22922577945038722,0.9952385273095847,0.04982167699927231
3.5614146903121733,2.11032072332939,1.2509759547750419,60.871884778285256,0.2790334218025309,0.26550019894998317,0.9949516588350423,0.04972633700526785
3.5614146903121733,2.11032072332939,1.2509759547750419,60.92165211392753,0.28333731840738,0.2656961322712014,0.9947352094259646,0.050030736994813196
3.5614146903121733,2.11032072332939,1.2509759547750419,60.971456323334806,0.29185910766247525,0.2705279927408007,0.994575993144448,0.050075821003702004
3.5694718054283565,2.123073944890176,1.256534114686546,61.02110023869111,0.26927881565322687,0.28485628782045824,0.9945400244600903,0.04991645799600519
3.5694718054283565,2.123073944890176,1.256534114686546,61.07091298563382,0.276495315633048,0.2842401713607891,0.9945613997168875,0.050085139999282546
3.5694718054283565,2.123073944890176,1.256534114686546,61.120826615589024,0.2850193503146317,0.2893974770795829,0.9944188480693759,0.050193769006000366
3.5773313731352423,2.1419129276311057,1.274892511509663,61.170370306673455,0.25368038954192296,0.28510237649648074,0.9946998751037479,0.04980767799861496
3.5773313731352423,2.1419129276311057,1.274892511509663,61.22028674312275,0.26343181349072087,0.2826947815830384,0.9946607186588524,0.05018438499973854
3.5773313731352423,2.1419129276311057,1.274892511509663,61.269780073554934,0.27208715916024767,0.28787888479900137,0.9945029816229936,0.04976689999602968
3.583970235065281,2.156505369168931,1.3015731838136013,61.31945287990458,0.250913932053862,0.2748750930714581,0.9947490620181697,0.04993501200078754
3.583970235065281,2.156505369168931,1.3015731838136013,61.36927468807661,0.2626459808711815,0.27412231642232276,0.9949056204542216,0.050076919003913645
3.587492512341478,2.1669203394044336,1.343872669004432,61.41905562574089,0.2547320654479312,0.23907331708137172,0.9952321652967762,0.05001942200033227
3.587492512341478,2.1669203394044336,1.343872669004432,61.468861647079706,0.2698661134734618,0.2401203370135791,0.9953592159062172,0.050038237997796386
3.5894677464454454,2.177636551790868,1.3877999103433825,61.51855560427363,0.26240180695153414,0.1983647044417408,0.9956880103247093,0.04990916499809828
3.5894677464454454,2.177636551790868,1.3877999103433825,61.56863558728369,0.27750883998551795,0.1990366263863338,0.9957712517190793,0.050292658001126256
3.5894677464454454,2.177636551790868,1.3877999103433825,61.618124994685346,0.2866073594339237,0.2027685440536772,0.9956323706354602,0.04970650700124679
3.591595031319406,2.186866887026241,1.4294339926917,61.66796240326226,0.2808848599845153,0.1630560104655916,0.9959894068559599,0.05003809100162471
3.591595031319406,2.186866887026241,1.4294339926917,61.71769348221835,0.295030616253656,0.16353773906842034,0.9960505132559802,0.04992826999659883
3.591595031319406,2.186866887026241,1.4294339926917,61.767693753722554,0.3042438459552775,0.16640353758191473,0.9959313339139856,0.050204537001263816
3.592457770466648,2.1992118721309075,1.4783124500350204,61.81736124066934,0.2933141655875941,0.11209974082751603,0.9962282008311868,0.04985553200094728
3.592457770466648,2.1992118721309075,1.4783124500350204,61.86751601765521,0.3071595098350466,0.1118530715084242,0.9962408447937173,0.05034402800083626
3.592457770466648,2.1992118721309075,1.4783124500350204,61.91724210005262,0.3165902132507622,0.11370621945075701,0.9961070719212488,0.04992041899822652
3.591878937624569,2.2181200680611752,1.5335813105760099,61.966988404808006,0.2921571816136903,0.0450364237301817,0.9964905254533883,0.049921502999495715
3.591878937624569,2.2181200680611752,1.5335813105760099,62.01672607947891,0.30416371673465714,0.044919758600464946,0.9965543668083238,0.04990964500029804
3.590582475731837,2.2355631946960286,1.5878328389816858,62.06648754198641,0.28026075812714546,-0.022178696957107183,0.9968214730282273,0.04992013500304893
3.590582475731837,2.2355631946960286,1.5878328389816858,62.11624188953555,0.28938129242799715,-0.021540802261222868,0.996681961102098,0.0499199839978246
3.590582475731837,2.2355631946960286,1.5878328389816858,62.166069337198905,0.29882385870699674,-0.022040462176554053,0.9965503484191425,0.04999993000092218
3.5863148837445804,2.245408419110806,1.6364747826476407,62.21602923107839,0.28759191419549596,-0.09164197197899243,0.9965495472465229,0.050132874996052124
3.5863148837445804,2.245408419110806,1.6364747826476407,62.26575775417901,0.2934061211055313,-0.09157618379474627,0.996311755887785,0.04991261300165206
3.582108866119193,2.2689654197751605,1.6818879519188126,62.315549303972965,0.25238128061439036,-0.15488640125446507,0.9966434596065009,0.049959240001044236
3.582108866119193,2.2689654197751605,1.6818879519188126,62.36549288201495,0.25572274129484207,-0.1493774550303709,0.9963523437162678,0.05012642200017581
3.582108866119193,2.2689654197751605,1.6818879519188126,62.41520554219388,0.2652907933854646,-0.15162914393391824,0.9962233948194277,0.04990111699589761
3.5769093462575503,2.289404085931731,1.7242746378680738,62.465067625168224,0.22811853172427377,-0.21175206571081326,0.9963012109054594,0.05004719700082205
3.5769093462575503,2.289404085931731,1.7242746378680738,62.51481713322579,0.22916415914361507,-0.20523618827769236,0.9959406271376521,0.049952282999583986
3.5769093462575503,2.289404085931731,1.7242746378680738,62.56460600935287,0.23872162659481994,-0.20811599610629966,0.995791383825575,0.04999930400663288
3.571224154569462,2.3072869781188774,1.7398794698770363,62.614361756350874,0.20733505258390797,-0.24000339802891754,0.9959994473378493,0.04995559699455043
3.571224154569462,2.3072869781188774,1.7398794698770363,62.66423632360198,0.2116719451087255,-0.23479173109050772,0.995792562662689,0.050085298003978096
3.565036466044258,2.332438302910265,1.7312673141979689,62.714079006501095,0.1687675303790424,-0.24114700570055905,0.996123499492638,0.05003664999821922
3.565036466044258,2.332438302910265,1.7312673141979689,62.7638019056894,0.17731919578465355,-0.2333978599568245,0.9960641969982247,0.04991937200247776
3.565036466044258,2.332438302910265,1.7312673141979689,62.8136046647019,0.1867582084900246,-0.2373392923746078,0.9959107533380039,0.05000725099671399
3.5601022342855644,2.3465400370733076,1.710383533106335,62.86339762572622,0.16702950588846235,-0.23248284543876563,0.996071523123548,0.04998934300238034
3.5601022342855644,2.3465400370733076,1.710383533106335,62.91338045564942,0.17857882925052598,-0.22992861773149384,0.9961250165384931,0.05017726599908201
3.5601022342855644,2.3465400370733076,1.710383533106335,62.96302926730352,0.18788947337737547,-0.23395078033865532,0.9961135125065511,0.049842524000268895
3.555920619047377,2.3646825899161277,1.675408864856563,63.01282390043315,0.16253864800083678,-0.2134437722614528,0.9964286615718184,0.049973103996308055
3.555920619047377,2.3646825899161277,1.675408864856563,63.062656998758044,0.17710265536033248,-0.20973939298814215,0.9965927829119783,0.05000347100576619
3.5536526629157956,2.381168899602439,1.6323458761776504,63.1124607979262,0.1569741907240231,-0.17882753354629008,0.9968579985386002,0.049960775999352336
3.5536526629157956,2.381168899602439,1.6323458761776504,63.1623728501179,0.17326740700462265,-0.1758385884882402,0.9970397107375619,0.05006024499743944
3.5536526629157956,2.381168899602439,1.6323458761776504,63.21216912721101,0.18274399499782734,-0.1790272341982002,0.9969009895774625,0.049951075998251326
3.5539479880678804,2.3969899560828796,1.5866593289889757,63.262109118578294,0.16473456114162022,-0.13786437070651641,0.9972681232397973,0.050076794999768026
3.5539479880678804,2.3969899560828796,1.5866593289889757,63.31194151326409,0.18122157612600787,-0.13519557711731223,0.9974191181582827,0.049961338998400606
3.5541027045280953,2.4063307653564956,1.5419178415318215,63.36180986611547,0.17498402664130508,-0.09667079485790114,0.99747743786213,0.04999446700094268
3.5541027045280953,2.4063307653564956,1.5419178415318215,63.41181669897677,0.19031223590641275,-0.09515493738440724,0.9975649149445077,0.050128900998970494
3.5541027045280953,2.4063307653564956,1.5419178415318215,63.46161479937514,0.19989953102269423,-0.09631825698599313,0.997429186323502,0.049926452004001476
3.5548329724437058,2.410650838360687,1.4982632077449738,63.51153337759599,0.2027776758954001,-0.05433734940215904,0.9973173400924692,0.050052853002853226
3.5548329724437058,2.410650838360687,1.4982632077449738,63.56136250476663,0.21675523341544917,-0.0530077162418368,0.9974547378013076,0.04995627899916144
3.557169555040249,2.4175277429167394,1.447672721955819,63.61104797997146,0.21344556076157561,0.0015842456632695276,0.9973097325107043,0.0498195029940689
3.557169555040249,2.4175277429167394,1.447672721955819,63.66103830444122,0.22578289870497917,0.0036101606567181766,0.9972672474957245,0.05012731000169879
3.557169555040249,2.4175277429167394,1.447672721955819,63.71088604836396,0.235202895795789,0.004683934800556627,0.99712664347503,0.0499913870007731
3.5596846198147643,2.4221098018853433,1.3926874471466544,63.76067332627964,0.23423504561204406,0.06717622336189145,0.9968165179655823,0.049946281003940385
3.5596846198147643,2.4221098018853433,1.3926874471466544,63.810468453008575,0.24344976185656803,0.0696299581865974,0.9957232247313115,0.050009004000457935
3.5596846198147643,2.4221098018853433,1.3926874471466544,63.86030591150514,0.25261677497110024,0.07186617235440114,0.9955727614564611,0.050059081993822474
3.56320628642334,2.428076169169497,1.3427588834415138,63.91006832575444,0.246019368691219,0.13390470927476575,0.995329722840933,0.04999590900115436
3.56320628642334,2.428076169169497,1.3427588834415138,63.95984244578303,0.25198799666889815,0.13587981277044742,0.9950913296845344,0.05001964999974007
3.5675121668859555,2.4405709102002384,1.3124552035424957,64.00953556994881,0.2316574209839119,0.17626066766266996,0.9949589279474258,0.04994490000535734
3.5675121668859555,2.4405709102002384,1.3124552035424957,64.05936192154675,0.2372520850379429,0.1761656582455123,0.9947210959206382,0.05009077599970624
3.5675121668859555,2.4405709102002384,1.3124552035424957,64.10901361340746,0.2461213977602555,0.17985614786193038,0.9944844718185719,0.049927066000236664
3.5719728974962552,2.4468364928991053,1.3135559394829825,64.15873443455146,0.23934769537878126,0.1924572656480686,0.9943900119581699,0.05000132799614221
3.5719728974962552,2.4468364928991053,1.3135559394829825,64.20842355966523,0.2473333398179247,0.194334106205533,0.99440732817579,0.04996858300000895
3.5719728974962552,2.4468364928991053,1.3135559394829825,64.25822523982531,0.25608625704665394,0.19829000469709443,0.9943075250933456,0.05008679800084792
3.5790292678040343,2.464395844099108,1.3320750955187703,64.30797576087555,0.2278937956932521,0.1941513321041999,0.994591499059617,0.05002106000029016
3.5790292678040343,2.464395844099108,1.3320750955187703,64.35759452970473,0.23766031304085863,0.19324232127747587,0.9945697555282643,0.04988968199904775
3.5866589239604427,2.4862373769264012,1.3566598995408938,64.40737589010202,0.2016610958448157,0.18377109087090557,0.9949526300804551,0.050033899999107234
3.5866589239604427,2.4862373769264012,1.3566598995408938,64.45711772821299,0.21219365105317176,0.18161906302075767,0.994949509823978,0.04999433400371345
3.5866589239604427,2.4862373769264012,1.3566598995408938,64.50686378284895,0.22120729156736677,0.18530800819198612,0.9948535819507359,0.050003393000224605
3.591690545392341,2.5052499248850055,1.3846271708680817,64.55661544340053,0.19283638696898947,0.1675778555125142,0.9953681724403334,0.04998317399440566
3.591690545392341,2.5052499248850055,1.3846271708680817,64.60640636391496,0.2043555533133005,0.16610186529205706,0.9954073667230833,0.05002064700238407
3.5944297677895287,2.5151752050577976,1.4179832900477929,64.65609682504109,0.19540931640412462,0.14209536500795977,0.9956531921577019,0.049907398999494035
3.5944297677895287,2.5151752050577976,1.4179832900477929,64.7059355949941,0.20775265454774847,0.14245688453633829,0.9957144652751907,0.05005327500111889
3.5944297677895287,2.5151752050577976,1.4179832900477929,64.75582330943709,0.21697531079065274,0.14526314691904757,0.9956602162850776,0.050105160000384785
3.596972958870733,2.5323507644032346,1.4687118732075135,64.80557966255613,0.1951777499118722,0.10063571637147121,0.9960925150953195,0.049951537999731954
3.596972958870733,2.5323507644032346,1.4687118732075135,64.85538687754783,0.2085653965979276,0.10018902538386516,0.9962734168950472,0.0499935199986794
3.596972958870733,2.5323507644032346,1.4687118732075135,64.90536390605733,0.2179138907632393,0.10213007178988279,0.9962067046526167,0.05016732800140744
3.5985631450673807,2.5467861797179503,1.521779222682848,64.95508287698382,0.20102158886957536,0.054013161018049705,0.9965401567267596,0.049891588001628406
3.5985631450673807,2.5467861797179503,1.521779222682848,65.00502893852313,0.21335147173793254,0.05377302152089209,0.9965643362410465,0.05011825099791167
3.5987673817445756,2.56475927075373,1.5723838708113225,65.05462207162107,0.18836639745892922,0.004717227805739917,0.9969223218824025,0.04974623599991901
3.5987673817445756,2.56475927075373,1.5723838708113225,65.10477553280536,0.19892616540507474,0.004940973215975076,0.9968709591983305,0.05031088599935174
3.5987673817445756,2.56475927075373,1.5723838708113225,65.1543667812189,0.20845721362182024,0.004791802115668628,0.9968868406928839,0.04974611599755008
3.5970715334178496,2.58694551849805,1.6296462112509658,65.2042241013894,0.17358893553885202,-0.05501023604324779,0.9972025657869172,0.04999718400358688
3.5970715334178496,2.58694551849805,1.6296462112509658,65.25409230460633,0.18169520114007753,-0.05279202795962848,0.9970685730980852,0.0500148179999087
3.5934060368423,2.5995012048375408,1.6778088107156761,65.30384425530067,0.16385350832262924,-0.10695079158444938,0.9970760602286884,0.0498978489995352
3.5934060368423,2.5995012048375408,1.6778088107156761,65.35375232901742,0.16951022374817437,-0.10591764297323181,0.9969087587953501,0.05006282999966061
3.5934060368423,2.5995012048375408,1.6778088107156761,65.40362755783984,0.17885911646461974,-0.10799829270155092,0.9968130673074679,0.05003468599898042
3.5893421990780623,2.620000283994181,1.7262427389583255,65.45339120594628,0.14305248626615835,-0.16125738934138895,0.997006976568647,0.049913039001694415
3.5893421990780623,2.620000283994181,1.7262427389583255,65.50349587531029,0.14632048966665862,-0.1559441640905006,0.9967029189134974,0.05027041499852203
3.5893421990780623,2.620000283994181,1.7262427389583255,65.55343364601514,0.15577757391314598,-0.15877059789727052,0.9966097332011968,0.05010764900362119
3.5846787223665815,2.633804087562131,1.7643618808020436,65.60297610281049,0.13178822376161733,-0.2037665795606683,0.9965349256931403,0.04971472200122662
3.5846787223665815,2.633804087562131,1.7643618808020436,65.65278145415452,0.13407006438588376,-0.20017271516067164,0.9962083214819927,0.04999491599301109
3.5846787223665815,2.633804087562131,1.7643618808020436,65.70256950517341,0.14328075590293024,-0.20355905248047507,0.9961543617938561,0.049980257004790474
3.580500094661749,2.643056491697614,1.767153033795306,65.75240040156251,0.1305833927977053,-0.2181409274832641,0.9961321540629194,0.05002438299561618
3.580500094661749,2.643056491697614,1.767153033795306,65.80243571112045,0.13766776303895892,-0.21756305815399457,0.9961149974691621,0.050230455002747476
3.576589288898897,2.654033575531578,1.7487415534097723,65.8520141298965,0.1243532079747245,-0.21326390673335568,0.9962410049008177,0.04976548699778505
3.576589288898897,2.654033575531578,1.7487415534097723,65.90185288641885,0.1349347248794122,-0.21246900634454785,0.9962962705393554,0.05002403200342087
3.576589288898897,2.654033575531578,1.7487415534097723,65.95164884237617,0.14391055589968924,-0.21669383276308418,0.996183326835986,0.04998673900263384
3.5725046605775774,2.665034063233974,1.7207031877833778,66.00151910575984,0.13123235138340125,-0.2049217142229375,0.9964039614415402,0.050050245998136234
3.5725046605775774,2.665034063233974,1.7207031877833778,66.05129157108233,0.14365489661711184,-0.20417084644169897,0.9965174335922891,0.04994640700169839
3.5712814789037015,2.6728207675674236,1.6796819891853916,66.10111636601228,0.14078209383146773,-0.17499961699634953,0.9967850460077733,0.049985495999862906
3.5712814789037015,2.6728207675674236,1.6796819891853916,66.15097632816027,0.15598441616859693,-0.1754194981839331,0.9969671092680789,0.050011641993478406
3.5712814789037015,2.6728207675674236,1.6796819891853916,66.20080643961902,0.16518452897087274,-0.17899003433094937,0.996876669235712,0.04998623500432586
3.5709773618884557,2.6795505716647345,1.6368043997598074,66.25064884537828,0.16469528305699635,-0.14365495646216203,0.9970188048275461,0.049991439998848364
3.5709773618884557,2.6795505716647345,1.6368043997598074,66.30077003722263,0.17993374816866914,-0.1438634273478126,0.9972256188193273,0.05026063400146086
3.570757991991735,2.6806752555581967,1.5894071813204629,66.3504335797541,0.19037071194772393,-0.10393790889246723,0.9972031817711505,0.049802831999841146
3.570757991991735,2.6806752555581967,1.5894071813204629,66.4004927410526,0.20531987166871904,-0.10435531596634434,0.9974079371494544,0.05018925500189653
3.570757991991735,2.6806752555581967,1.5894071813204629,66.45012858112472,0.2148435434783267,-0.10597413983812913,0.9973091308460359,0.04976976399484556
3.572260149507819,2.680787278012457,1.5453763217717345,66.50003252569626,0.22663306844089529,-0.05953999058741373,0.9972337756048121,0.05004237300454406
3.572260149507819,2.680787278012457,1.5453763217717345,66.5498841391716,0.24006125886011487,-0.05898379308069787,0.9972544978123487,0.049988857994321734
3.572260149507819,2.680787278012457,1.5453763217717345,66.59970263722285,0.24958181574680174,-0.05946008583845486,0.9971434251251013,0.049961216005613096
3.57480935383538,2.688275557931514,1.4840571417130894,66.64954692426048,0.2457760094365995,0.011265610234859003,0.9971696349619015,0.04998576499929186
3.57480935383538,2.688275557931514,1.4840571417130894,66.69949961434754,0.25720229587916865,0.013055681887896246,0.9971046416965955,0.05009774099744391
3.577846064721219,2.694735781768134,1.4284997572427804,66.7492625405876,0.252361864284427,0.08052363773741923,0.9970172433275365,0.04991180099750636
3.577846064721219,2.694735781768134,1.4284997572427804,66.7991300106108,0.26016523909086564,0.0823658308915989,0.9968464116954219,0.05002522900031181
3.577846064721219,2.694735781768134,1.4284997572427804,66.84896329065985,0.26946086003141584,0.08446754214849597,0.996743307025312,0.04999610200320603
3.583594448299712,2.7025116725072977,1.3784302009933473,66.89875235560025,0.2581396857344751,0.15611818759467466,0.9964762213561378,0.04996513100195443
3.583594448299712,2.7025116725072977,1.3784302009933473,66.94857971590268,0.262066961749334,0.15689700108438975,0.9962659203731395,0.05001411699777236
3.5892661910627948,2.714214286610685,1.3319624645813826,66.99831657396712,0.2406289220881881,0.22169965204397954,0.9960269164786179,0.049935255003219936
3.5892661910627948,2.714214286610685,1.3319624645813826,67.04813407818094,0.24197992540157165,0.22002224167575596,0.9957624251580761,0.05002950799826067
3.5892661910627948,2.714214286610685,1.3319624645813826,67.09793649015127,0.251078684103016,0.22377498121026115,0.9956366431848337,0.050020670001686085
3.596195108637522,2.7303015739353578,1.3148841196909369,67.14774018189107,0.22140545782480725,0.25853983798180263,0.9956321922896771,0.05002217899891548
3.596195108637522,2.7303015739353578,1.3148841196909369,67.1974852124481,0.22561835801449703,0.2553715925938398,0.9954086477986852,0.04997448100039037
3.596195108637522,2.7303015739353578,1.3148841196909369,67.2473299831454,0.2346360111042629,0.2597517135599792,0.9953347489826674,0.05007839899917599
3.6049273299094002,2.7489410135597687,1.3174511349377853,67.2969394417581,0.2004899640982537,0.2781161376770847,0.9954596754203352,0.049835728998004925
3.6049273299094002,2.7489410135597687,1.3174511349377853,67.34684237739984,0.20727663095194349,0.2740395208181867,0.995444536158785,0.05013130699808244
3.6049273299094002,2.7489410135597687,1.3174511349377853,67.39658677034551,0.21628851773077065,0.2788943564830494,0.9953050708314365,0.049979041003098246
3.6116745802825405,2.76554021788284,1.3359032288264747,67.44641735607114,0.18994978179483832,0.27716109782332216,0.99555879160883,0.050052881000738125
3.6116745802825405,2.76554021788284,1.3359032288264747,67.49615023371784,0.20047897375301452,0.27480571419364547,0.9955726036332792,0.049954043999605346
3.6116745802825405,2.76554021788284,1.3359032288264747,67.54590212197178,0.2093922836525005,0.27987031759027714,0.995432892166109,0.04998015300225234
3.6116745802825405,2.76554021788284,1.3359032288264747,67.59586846085388,0.2181101889435287,0.28446581265148835,0.9953728184124981,0.05019861699838657
3.6116745802825405,2.76554021788284,1.3359032288264747,67.6457272983105,0.22688127274496897,0.28920180944884244,0.9952461507641159,0.050096990999008995
3.6116745802825405,2.76554021788284,1.3359032288264747,67.69522424732077,0.2356356633112764,0.2939591213503419,0.9952016864181459,0.04973559599602595
3.6227263879356064,2.7943512542461337,1.3892112730369133,67.74492799458922,0.18763784110837428,0.2647775582374818,0.9958527017042708,0.04991074200370349
3.626604740154017,2.8058874913495724,1.430440741208419,67.79481960986529,0.1841962931912472,0.22899994203141438,0.9965201475793581,0.05006583700014744
3.626604740154017,2.8058874913495724,1.430440741208419,67.84468125806721,0.20030939276960785,0.2299067006447349,0.9966857636656736,0.05002745099773165
3.626604740154017,2.8058874913495724,1.430440741208419,67.89450875044396,0.20952431077126185,0.23418917354991237,0.9966211258638151,0.04999642400071025
3.6292116007609243,2.822870987123641,1.4765631153289598,67.94433795428604,0.18928898232578065,0.19681659535928522,0.9969998457145849,0.04997914900013711
3.6292116007609243,2.822870987123641,1.4765631153289598,67.99417529204663,0.2059920808706681,0.19540835983855495,0.9972441206601507,0.04997506300423993
3.6292116007609243,2.822870987123641,1.4765631153289598,68.04406529350817,0.21531934362136554,0.1990654361473047,0.9971126398477451,0.05003446899354458
3.629911437248744,2.831164230491055,1.5362949900567027,68.09393058372859,0.2141112822795713,0.14399353391113218,0.9973349265487922,0.04999854000197956
3.629911437248744,2.831164230491055,1.5362949900567027,68.14385658050504,0.2320869495459825,0.14422492535387738,0.9974995733110789,0.05005114599771332
3.6286698697070627,2.840042595968275,1.6051913372702717,68.19369597006451,0.2295914976048059,0.07244009303758352,0.9976877454317408,0.049954898000578396
3.6286698697070627,2.840042595968275,1.6051913372702717,68.24358382316477,0.24558637799157707,0.07164425673032725,0.9977405593204586,0.050000827002804726
3.6286698697070627,2.840042595968275,1.6051913372702717,68.29372179137148,0.25510715369547354,0.07250215240648618,0.9976914109925209,0.05025398400175618
3.6258541875622683,2.8470831864739705,1.661907756773076,68.34340162745458,0.25296364906600266,0.004621388845785307,0.997642100535791,0.049797252999269404
3.6258541875622683,2.8470831864739705,1.661907756773076,68.39321486608898,0.2642716082126019,0.0034352765521520013,0.9975587660105442,0.04993514200032223
3.6258541875622683,2.8470831864739705,1.661907756773076,68.44307487666285,0.27367716932285135,0.0029793203448595586,0.9974280240020016,0.04998858000180917
3.6219709536824976,2.8532757123843075,1.7208043534836597,68.49303349169007,0.27014116560982065,-0.07362101064693977,0.9972968837836595,0.05009402499854332
3.6219709536824976,2.8532757123843075,1.7208043534836597,68.54281887586525,0.2769405814514612,-0.07500490204334367,0.9970548841717894,0.04993244099750882
3.617222367381226,2.861027279197796,1.769415008337363,68.59264321184928,0.2668409664558184,-0.14313461932247262,0.996801150552248,0.04998422800417757
3.617222367381226,2.861027279197796,1.769415008337363,68.64252332150946,0.2702887992928808,-0.1433852724215802,0.9965774127069914,0.050051414997142274
3.617222367381226,2.861027279197796,1.769415008337363,68.69227497034645,0.2794441547296398,-0.14572741954249224,0.9964650964348474,0.049928139997064136
3.612037360775991,2.8697627416824,1.8180431193412734,68.74211908085468,0.26428779793045026,-0.21537739701405645,0.996194178690421,0.05003453300014371
3.612037360775991,2.8697627416824,1.8180431193412734,68.79189341503039,0.2640417326000857,-0.2140190109287195,0.9957976710315284,0.049984385004790965
3.6064942669254596,2.8795345662658405,1.8526976203418648,68.84167289090195,0.24608147489420545,-0.2668571754702058,0.9956002500025461,0.049999460999970324
3.6064942669254596,2.8795345662658405,1.8526976203418648,68.89142908832457,0.2458279943658766,-0.26430072971813046,0.9952372462716843,0.049994307999440935
3.6064942669254596,2.8795345662658405,1.8526976203418648,68.94120068829736,0.25490246575362496,-0.26775743490329296,0.9951849547265755,0.05001241200079676
3.599399607411913,2.8875983074449865,1.8550426070372439,68.99094754937278,0.24093802050507,-0.2919316514067571,0.9950527670409118,0.049994193999737035
3.599399607411913,2.8875983074449865,1.8550426070372439,69.04075564286615,0.24607396908647294,-0.29064291183115987,0.9949762164558607,0.05005958199762972
3.599399607411913,2.8875983074449865,1.8550426070372439,69.09045410376045,0.2549352807396191,-0.294878417222086,0.994848504841957,0.049955807997321244
3.591110867574265,2.9084053992108965,1.8328480067086708,69.14020842702493,0.21999887730446327,-0.2881146878249785,0.995194185105924,0.0499945880001178
3.591110867574265,2.9084053992108965,1.8328480067086708,69.18996003879529,0.23091453129441478,-0.28151802720409524,0.995275241789436,0.04998779200104764
3.581700239001475,2.932587870808695,1.7988671431806755,69.239727144838,0.19079483328301172,-0.26667377492053684,0.9957073463368818,0.049981659998593386
3.581700239001475,2.932587870808695,1.7988671431806755,69.28955827459596,0.20408705954721865,-0.2581121963819428,0.9959614958414776,0.050033188999805134
3.581700239001475,2.932587870808695,1.7988671431806755,69.33934957708492,0.21343251758593582,-0.2626760792342426,0.9958593114146217,0.0499983300032909
3.575253606084399,2.9531047615700823,1.753595162688867,69.38915315122478,0.18373602277607998,-0.23047291266769657,0.9962070067748798,0.04999319800117519
3.575253606084399,2.9531047615700823,1.753595162688867,69.43921633978498,0.20091450519830245,-0.22412901428463755,0.9965070048797234,0.05023867199633969
3.572553040007223,2.96481033293812,1.7019636045950874,69.4888023686887,0.1915545097913436,-0.18149266295033617,0.9967163997089648,0.04974938600207679
3.572553040007223,2.96481033293812,1.7019636045950874,69.53887746904603,0.2108178812331576,-0.17844832661867147,0.9970346338950885,0.0502240330024506
3.572553040007223,2.96481033293812,1.7019636045950874,69.58875672906008,0.22042203547408493,-0.18149809079005286,0.9970196708935621,0.0500283609944745
3.5718718548228185,2.9698312930976543,1.6543823535588467,69.63842340791533,0.22371033462667417,-0.13567102449495125,0.9970304663451918,0.04981460500130197
3.5718718548228185,2.9698312930976543,1.6543823535588467,69.68821825018333,0.2418060873544991,-0.13398531552451054,0.9972667707079741,0.04993131600349443
3.5718718548228185,2.9698312930976543,1.6543823535588467,69.73810504722434,0.2514181090430885,-0.13542968431100566,0.9971623930222551,0.05002875899663195
3.5710995909911847,2.980652421115113,1.5953110414219887,69.78795466118902,0.24279970613067545,-0.07389156903457048,0.9971933134583297,0.04998992000037106
3.5710995909911847,2.980652421115113,1.5953110414219887,69.83788133257623,0.26084145674671905,-0.06991064159364317,0.9973761720970975,0.050058015003742184
3.571679306066502,2.9913033970825103,1.5377012490576663,69.88767023926752,0.2505543553346875,-0.005896072750243536,0.997305207606464,0.049923439997655805
3.571679306066502,2.9913033970825103,1.5377012490576663,69.93769646764054,0.265476824373375,-0.0018035067221291055,0.997401861852011,0.050156541998148896
3.571679306066502,2.9913033970825103,1.5377012490576663,69.98740361393298,0.2748329984026163,-0.000133715050544812,0.9972935756420885,0.0498420400035684
3.573318919662642,3.0036539081306333,1.4883750090128731,70.03733221918745,0.25816078585086016,0.059482327021483435,0.9970758333557114,0.050075032995664515
3.573318919662642,3.0036539081306333,1.4883750090128731,70.08710290651359,0.26974005301468307,0.06322373493226396,0.9970773301339275,0.04991657700156793
3.5770103374168394,3.012849134208053,1.440260076111629,70.13688162420746,0.2564081730989707,0.12746983990602406,0.9966709111953004,0.04994498899759492
3.5770103374168394,3.012849134208053,1.440260076111629,70.18678664392922,0.26473752522202604,0.13045780168240415,0.9965891466478424,0.050075821003702004
3.5770103374168394,3.012849134208053,1.440260076111629,70.23661452055282,0.2730449176248205,0.13416127600190775,0.9965397342120629,0.050000893003016245
3.5819931049370597,3.026034734467022,1.396957748019195,70.2864283673089,0.24838861990926348,0.19595997970233536,0.9961546273050161,0.0500061389975599
3.5819931049370597,3.026034734467022,1.396957748019195,70.33623441560157,0.2532660868381109,0.1965995614005549,0.9959278554789055,0.050009694998152554
3.5819931049370597,3.026034734467022,1.396957748019195,70.38613253271308,0.261419675134407,0.2010353723210095,0.9957766324816583,0.050109748997783754
3.588427863812059,3.0440331661530813,1.3651945447995193,70.4357869489819,0.2254664759907044,0.25186631068213583,0.99556189838381,0.04987577000429155
3.588427863812059,3.0440331661530813,1.3651945447995193,70.4857464054814,0.2287462824447477,0.2495555399620161,0.9953043576334741,0.050195154995890334
3.5965475167257863,3.066837748029794,1.3530976396247927,70.53522114444988,0.18395471454619192,0.28181872207833925,0.9953250750322691,0.049707116006175056
3.5965475167257863,3.066837748029794,1.3530976396247927,70.58524990717586,0.18609750340523984,0.27697746874346635,0.9953468766520145,0.050262640994333196
3.5965475167257863,3.066837748029794,1.3530976396247927,70.63504776473165,0.1931540791561604,0.28221642150763543,0.9952058303938836,0.050037747001624666
3.6034516929668343,3.0877338507455776,1.3641625763043232,70.6848064495483,0.15471973505160125,0.29016037328588323,0.9953567026598833,0.04999080699781189
3.6034516929668343,3.0877338507455776,1.3641625763043232,70.73438897517278,0.16088203675307555,0.2871029141840755,0.9953203181071663,0.04981564700574381
3.608018765845759,3.10397906421087,1.3868151161053095,70.78410893872287,0.13549168491050653,0.2817216043195411,0.9955430305304531,0.04994255599740427
3.608018765845759,3.10397906421087,1.3868151161053095,70.83390888221977,0.1438721178925498,0.28098977920853996,0.9955694609284702,0.050021565999486484
3.608018765845759,3.10397906421087,1.3868151161053095,70.88371671030241,0.1505725549916014,0.28650432937446535,0.9954193341111288,0.050037031003739685
3.611496285964966,3.1206378149952365,1.4211266685400739,70.9334442859709,0.12670407394379976,0.2699124431734133,0.9957950823156586,0.04993755899340613
3.611496285964966,3.1206378149952365,1.4211266685400739,70.98349824240304,0.13700977978087273,0.26977879228739654,0.995797815245994,0.050265180005226284
3.611496285964966,3.1206378149952365,1.4211266685400739,71.03328658146935,0.14377520411489253,0.2752595132131492,0.9957418281241013,0.05000125299557112
3.6156321023488855,3.1336395659159026,1.4653488660874892,71.08286983840529,0.12739352558104514,0.2549723264006114,0.9960699392880293,0.04977889099973254
3.6156321023488855,3.1336395659159026,1.4653488660874892,71.13268251362949,0.13912485931098945,0.2563455339167058,0.9962232789962541,0.05000151700369315
3.617227758641062,3.1405101350845417,1.517100415018979,71.18246656744829,0.13778525496930677,0.22553066588317025,0.9965472752215724,0.04995654000231298
3.617227758641062,3.1405101350845417,1.517100415018979,71.23252082202336,0.15110765361784584,0.2287236434922206,0.9966592467460685,0.05022203399857972
3.617227758641062,3.1405101350845417,1.517100415018979,71.28231170556457,0.158083719068645,0.23361703349599627,0.9965282553477586,0.04996434699569363
3.6156257505658504,3.1466206019336482,1.5743461180841944,71.33207590305551,0.16100075552083537,0.18722571064413326,0.997025454121421,0.04991266500292113
3.6156257505658504,3.1466206019336482,1.5743461180841944,71.3820714777726,0.174485455737735,0.19005477972141202,0.9970836654158142,0.05014180499711074
3.6156257505658504,3.1466206019336482,1.5743461180841944,71.43179499861537,0.18170883392948903,0.19413012881045322,0.9969565872229816,0.04987531200458761
3.6139325444249333,3.153411412146234,1.6326231237694537,71.48177617355597,0.18226105294149597,0.14429843575823711,0.9974325384774768,0.05010983000101987
3.6139325444249333,3.153411412146234,1.6326231237694537,71.53165303790472,0.19420365387410152,0.1463996319358913,0.9974355086759956,0.0500051019989769
3.6109553561190877,3.160848737379713,1.6871268968707838,71.58134563262749,0.1919585167369512,0.09503252203004045,0.9977994686035562,0.04980218599666841
3.6109553561190877,3.160848737379713,1.6871268968707838,71.63124133115127,0.20157871146015754,0.09666870891193152,0.9977331213462642,0.05000906300119823
3.6109553561190877,3.160848737379713,1.6871268968707838,71.68110574347483,0.20914286684770034,0.09902073518200405,0.9976940086943759,0.049979664996499196
3.6073934230074736,3.171089032187775,1.7377404153700309,71.73107464275822,0.1993056270804552,0.048866219487933536,0.9980250628730362,0.05006778000097256
3.6073934230074736,3.171089032187775,1.7377404153700309,71.78106433903667,0.2067838029030108,0.050795826783199015,0.9979800768107336,0.05009087600046769
3.6073934230074736,3.171089032187775,1.7377404153700309,71.83087489355302,0.21445129263254084,0.05244535835313955,0.9978806044254045,0.04991634700127179
3.6022092663485927,3.1808693729996,1.7866616529611694,71.8807469507183,0.20357209975210633,-0.0017333422805084625,0.9981978371504936,0.049962097000388894
3.6022092663485927,3.1808693729996,1.7866616529611694,71.93069957863462,0.20852963965559201,0.0005193581146985277,0.9980152411829495,0.05005196900310693
3.594834698958901,3.1957159118523517,1.8270301862658822,71.98054901597635,0.18480717431044216,-0.04841417337192003,0.9983874677599699,0.04992995099746622
3.594834698958901,3.1957159118523517,1.8270301862658822,72.03047126978134,0.18796175476122856,-0.043660347111718366,0.998184430119949,0.05001305600308115
3.594834698958901,3.1957159118523517,1.8270301862658822,72.08041538491987,0.19588538858919094,-0.043216074501247405,0.998168372889548,0.05003576199669624
3.5867118089618053,3.210995743107985,1.8757053220277793,72.13041760625093,0.1691533637142434,-0.10008284771014589,0.9984928884408847,0.05007769400253892
3.5867118089618053,3.210995743107985,1.8757053220277793,72.18037708038217,0.16878522878092292,-0.09328793220920349,0.9982308616205322,0.05004801599716302
3.5867118089618053,3.210995743107985,1.8757053220277793,72.23016065452028,0.17694130847904072,-0.09326572052425948,0.9981385818273164,0.049876415003382135
3.5770799078941216,3.2280363228134674,1.9148244711717224,72.28029170671248,0.14403464979455455,-0.14221911287303135,0.9984988214577916,0.05020642099407269
3.5770799078941216,3.2280363228134674,1.9148244711717224,72.32991071885647,0.14274842672114726,-0.13267552226590568,0.9982111334698471,0.04970793300162768
3.5670616563570285,3.238266351473856,1.9334122502777595,72.37990522164752,0.12226314288934198,-0.16798728024821455,0.998357158200141,0.050076771003659815
3.5670616563570285,3.238266351473856,1.9334122502777595,72.42975662968603,0.12264740322855405,-0.161291924691179,0.9982082825565832,0.049940887998673134
3.5579730819617037,3.253754938838407,1.920931329280264,72.47956219541024,0.09507827185406931,-0.16371985260929484,0.9983568987091659,0.049887535999005195
3.5579730819617037,3.253754938838407,1.920931329280264,72.5296359439368,0.10318799996801428,-0.15459807018214802,0.9985048379683132,0.05014872900210321
3.5579730819617037,3.253754938838407,1.920931329280264,72.57955278798133,0.11162481300604354,-0.15672507949262565,0.9984215670075922,0.049995759000012185
3.551632421533691,3.2621489279203186,1.8957946720761023,72.62940997984681,0.09971644148521201,-0.14860663674671445,0.9985013598796441,0.04993202199693769
3.551632421533691,3.2621489279203186,1.8957946720761023,72.67959523002752,0.11139754555975893,-0.14414360755500485,0.9987106115527057,0.05025004200433614
3.551632421533691,3.2621489279203186,1.8957946720761023,72.72955618489107,0.11961033623122941,-0.14634298199620183,0.9986863781180266,0.050026670993247535
3.545705154123033,3.274562496863334,1.8628314245027902,72.77930795373615,0.10153754415788581,-0.1275795679998009,0.9987499677221884,0.04981403800047701
3.545705154123033,3.274562496863334,1.8628314245027902,72.82944057883319,0.11556433684451002,-0.12090263654863208,0.9990590065447761,0.05017984400183195
3.545705154123033,3.274562496863334,1.8628314245027902,72.87925106423394,0.12394989540510284,-0.12268660039107757,0.9989804401189699,0.04986132200428983
3.539632982584776,3.284998567503856,1.8337941317255595,72.92930090783838,0.10914526140278681,-0.10924340090337341,0.9990562653295739,0.05009712199534988
3.539632982584776,3.284998567503856,1.8337941317255595,72.97926081423596,0.12209722620957478,-0.10313346036710679,0.999276231406375,0.049996091998764314
3.536228210434186,3.2939855690050917,1.798204164436726,73.02908123488777,0.11250782230121087,-0.07929688074343184,0.9992235054128079,0.04985913600103231
3.536228210434186,3.2939855690050917,1.798204164436726,73.07903576341725,0.12733650788255474,-0.07384076690012828,0.9994525323231752,0.04998189199977787
3.536228210434186,3.2939855690050917,1.798204164436726,73.12899358063481,0.1356897400144523,-0.07418436034557281,0.9994206311075267,0.04998677800176665
3.5351232181943946,3.295370332901581,1.7585389113968624,73.17893073049147,0.1414338621671165,-0.04318248560431526,0.9991124689751244,0.04998150999745121
3.5351232181943946,3.295370332901581,1.7585389113968624,73.22892671716112,0.15658098113718924,-0.04020878466975304,0.9993398763528808,0.05002901200350607
3.5351232181943946,3.295370332901581,1.7585389113968624,73.27887670130902,0.16474554459404717,-0.03940215623750982,0.9992407997086673,0.049987935002718586
3.5350130237716444,3.297327016151699,1.7285043460007534,73.32880087962351,0.168947949380134,-0.010728380329581653,0.9989764412947587,0.04997533099958673
3.5350130237716444,3.297327016151699,1.7285043460007534,73.37879842132827,0.18175884220893224,-0.00707226058051294,0.9990332221587885,0.05004592499608407
3.5343386735844944,3.2995187555678522,1.69436516368647,73.42887800217153,0.18459043123617846,0.024739600966218335,0.99865568899651,0.050146993999078404
3.5343386735844944,3.2995187555678522,1.69436516368647,73.47895021391456,0.1970337269517452,0.029485284810237156,0.9987212014388791,0.050136326004576404
3.5343386735844944,3.2995187555678522,1.69436516368647,73.52886415626111,0.2048817317722412,0.03236019833911959,0.9985876301893832,0.04998453900043387
3.535225999690333,3.3003014737310594,1.6572112822680956,73.57855386453919,0.20948268036216977,0.07413151006347088,0.9980665692551457,0.04978596599539742
3.535225999690333,3.3003014737310594,1.6572112822680956,73.62839202428816,0.22057487123671846,0.07927134541147554,0.9980182628382422,0.04993712199939182
3.535225999690333,3.3003014737310594,1.6572112822680956,73.6782941852231,0.22803877131983322,0.08312367489099816,0.9979651577693389,0.05000391100475099
3.5362061072766937,3.302938979975687,1.6190659039942967,73.72834419506067,0.22711827209264682,0.12924789772874237,0.997333420640746,0.050183829000161495
3.5362061072766937,3.302938979975687,1.6190659039942967,73.77806886705407,0.23642397949233643,0.13505629786506784,0.9972173990574152,0.049863421998452395
3.5359707082487524,3.3103678848333056,1.5933817711215212,73.82804499518933,0.22582329621929484,0.1672625216420544,0.9967899826568333,0.050137068996264134
3.5359707082487524,3.3103678848333056,1.5933817711215212,73.87789020405987,0.23330212604237877,0.17284999162348894,0.9966729293431529,0.05001160100073321
3.5362515668286894,3.3209303819041303,1.5821124877168218,73.92743242775627,0.21709207796511665,0.19342938732444456,0.9964313047530887,0.04971965800359612
3.5362515668286894,3.3209303819041303,1.5821124877168218,73.97766241424769,0.2236503816377934,0.198462800613472,0.9963776216658018,0.05041260000143666
3.5362515668286894,3.3209303819041303,1.5821124877168218,74.02714382267206,0.2303823657518319,0.20441872266736066,0.9961864624858235,0.04967082999792183
3.5362515668286894,3.3209303819041303,1.5821124877168218,74.07693255782335,0.2374149785472448,0.21059699012959757,0.9959312634821781,0.04999213999690255
3.5362515668286894,3.3209303819041303,1.5821124877168218,74.12671279753346,0.24434351383126915,0.21689346654807531,0.9957246594697383,0.04999398100335384
3.5362515668286894,3.3209303819041303,1.5821124877168218,74.17648193805051,0.25124513799868564,0.22332407460220235,0.9955768084201456,0.049990257000899874
3.536450263599175,3.354334298602072,1.610927968391746,74.22657269439537,0.19398031208402547,0.21041658516417333,0.9961960630639084,0.05028202600078657
3.536450263599175,3.354334298602072,1.610927968391746,74.27628683703233,0.20073223584044564,0.21568737226676185,0.9961060257099568,0.04990848499437561
3.536927812367369,3.369561704872922,1.6388429609393513,74.32609815587577,0.18001996985094187,0.20270207550155206,0.99643413331449,0.04998957500356482
3.536927812367369,3.369561704872922,1.6388429609393513,74.37591808442824,0.1873389034563603,0.20796792896419466,0.9962423203853314,0.05000784200092312
3.536927812367369,3.369561704872922,1.6388429609393513,74.42578642688791,0.1963072284521909,0.21405331430816418,0.9959092960875067,0.05007317700074054
3.536626007819824,3.3866191513940582,1.6709033248265168,74.47528326452819,0.17363172365980675,0.19708762192663432,0.9963503196096115,0.04967814699921291
3.536626007819824,3.3866191513940582,1.6709033248265168,74.52533703720998,0.18212810752213154,0.20245745878606183,0.996199931647981,0.050244705998920836
3.536626007819824,3.3866191513940582,1.6709033248265168,74.57495693387436,0.19031821081883424,0.20834091279696695,0.9959850131773627,0.04981992299872218
3.533904614113091,3.4115527654863302,1.7138165825364513,74.62484106281052,0.15348205679676818,0.17927717820023453,0.9969133802951926,0.05003857900010189
3.533904614113091,3.4115527654863302,1.7138165825364513,74.67465966442406,0.16213832623324392,0.18508027793165874,0.9966936653291273,0.04998386499937624
3.530250566557821,3.4335536592577864,1.7604654139988087,74.72449739477302,0.13131805233100102,0.15275283085607633,0.9974596513748365,0.04996465799922589
3.530250566557821,3.4335536592577864,1.7604654139988087,74.77437787595238,0.13983694875359984,0.1589151054458009,0.9972384513664704,0.05001861000346253
3.5242817592244453,3.4527400173982055,1.8106309216918004,74.82428581711696,0.11479167478653861,0.1182881476743712,0.998133011596137,0.050001292998786084
3.5242817592244453,3.4527400173982055,1.8106309216918004,74.87419544507857,0.12256510615634386,0.124821072149049,0.9978850710071973,0.050015406995953526
3.5242817592244453,3.4527400173982055,1.8106309216918004,74.92413520331571,0.13147966979170295,0.12870348118174896,0.9978193372780284,0.05004889800329693
3.5242817592244453,3.4527400173982055,1.8106309216918004,74.97404150817471,0.1403579296681807,0.13280151073365642,0.9976518334634918,0.05002376899938099
3.5208495020112642,3.4588649957895776,1.8562058708240936,75.02397373869296,0.14104324444613117,0.09404172391402517,0.9981552147969383,0.05002451500331517
3.5208495020112642,3.4588649957895776,1.8562058708240936,75.07374550690126,0.1482591129382118,0.09793595276500565,0.997912682472984,0.049875874996359926
3.516497343341584,3.468126185492002,1.8971753348165217,75.1236586381328,0.14104440555883432,0.06282999164134243,0.9984608191012925,0.04999007500009611
3.516497343341584,3.468126185492002,1.8971753348165217,75.1735738205564,0.14748883505550828,0.06767218288846205,0.9981935676839072,0.0500055140000768
3.516497343341584,3.468126185492002,1.8971753348165217,75.22358608713355,0.1566728087000308,0.07072887925753259,0.9981244368567799,0.05010624400165398
3.513011476361067,3.4686418540028634,1.9393868631284321,75.27346628153298,0.16662282007595203,0.026388402295262813,0.9984934458600311,0.049955454996961635
3.513011476361067,3.4686418540028634,1.9393868631284321,75.32352788092004,0.1708385187071935,0.027835587804792915,0.9981954970009339,0.05015209900011541
3.513011476361067,3.4686418540028634,1.9393868631284321,75.37346928641978,0.1801300119479109,0.030709576624726086,0.998060382015327,0.050038460998621304
3.507522577465303,3.474061296611369,1.9744701588141338,75.42323646386447,0.17786162616209414,-0.010160986533601833,0.9984580590550117,0.04984403400158044
3.507522577465303,3.474061296611369,1.9744701588141338,75.47329658410598,0.18127492130909145,-0.006126049488104809,0.9982194256961708,0.05014941500121495
3.501623005534999,3.4763756019403482,2.014207107524766,75.52300313969711,0.18372420953643798,-0.05742389541411139,0.998615113335562,0.04977548900205875
3.501623005534999,3.4763756019403482,2.014207107524766,75.57326244852355,0.18262115221360697,-0.0552394455697192,0.998359513998276,0.05034189399884781
3.492915473501874,3.486873105473307,2.0489861978545187,75.622754082948,0.16541169420182184,-0.09850643068959383,0.998810234539628,0.049550588002603035
3.492915473501874,3.486873105473307,2.0489861978545187,75.67298189197312,0.16407146072055545,-0.08913797933214405,0.9984842777962863,0.050304055999731645
3.492915473501874,3.486873105473307,2.0489861978545187,75.72294476050047,0.17417526954949725,-0.08709820023282014,0.9983667077208049,0.050044605995935854
3.4784819367580324,3.5021013536802434,2.084580605398354,75.77268761177187,0.1413804053497761,-0.1419588796191758,0.9990820836446996,0.04978855299850693
3.4784819367580324,3.5021013536802434,2.084580605398354,75.82267550435161,0.1356233127097537,-0.12469514149846289,0.9987162903506767,0.05005214500124566
3.4784819367580324,3.5021013536802434,2.084580605398354,75.87253160770848,0.1453084307675525,-0.12293557226327965,0.9989021706711608,0.049910897003428545
3.463545911537452,3.5163292453306063,2.108551152783504,75.92279622839311,0.11078115773215474,-0.16643183389771216,0.9994479419639055,0.050292384999920614
3.463545911537452,3.5163292453306063,2.108551152783504,75.97264133454749,0.10524587637548592,-0.14634856932780424,0.9992425090150582,0.04988289199536666
3.463545911537452,3.5163292453306063,2.108551152783504,76.02242898635497,0.11599089918084239,-0.14494192659510188,0.9991300356905289,0.04983100300160004
3.4478250498147918,3.5286713242333776,2.1152154240791337,76.07241796273743,0.0829158146774801,-0.177303536876759,0.9996657657207533,0.05000568999821553
3.4478250498147918,3.5286713242333776,2.1152154240791337,76.12240038517083,0.08099847011482199,-0.1563321841225492,0.9996226983833335,0.0500012880002032
3.4366254345206095,3.534174631121354,2.0959685362215215,76.1723876874521,0.06609042795172033,-0.1677793734279893,0.9999956645462106,0.049987518999841996
3.4366254345206095,3.534174631121354,2.0959685362215215,76.22240007767526,0.07017667518418867,-0.1543121853278509,0.9999999643427282,0.050012392006465234
3.4366254345206095,3.534174631121354,2.0959685362215215,76.27252035787474,0.07796706971467979,-0.1562057886537143,0.9999999441589219,0.05012028299825033
3.430925122541125,3.536985179432198,2.0668433428582156,76.32255941203677,0.0727975784362925,-0.1479633275905053,0.9999999832430289,0.05003905500052497
3.430925122541125,3.536985179432198,2.0668433428582156,76.37277188502271,0.08561671886783898,-0.14109392705569423,0.9999999997723971,0.05021247299737297
3.4237830240646194,3.544781218899767,2.0257922033857083,76.42232643399885,0.07314810892813046,-0.12478657286342967,0.9999999995678228,0.04955454899754841
3.4237830240646194,3.544781218899767,2.0257922033857083,76.47257922199356,0.0904412632271004,-0.11155008902113896,0.9999999998615342,0.05025278800167143
3.4237830240646194,3.544781218899767,2.0257922033857083,76.522451632987,0.09799747443063553,-0.11374919021711136,0.999999999863402,0.049872411000251304
3.41983256507446,3.5474241124373918,1.9871360013109518,76.57239658997648,0.09677551995006049,-0.0939582206831917,0.9999999998308151,0.04994495699793333
3.41983256507446,3.5474241124373918,1.9871360013109518,76.62263632097581,0.1136521270115643,-0.08654501719024152,0.9999999998934617,0.05023973100469448
3.41983256507446,3.5474241124373918,1.9871360013109518,76.67240216596731,0.12042864821561722,-0.08708165585491942,0.9999999998947984,0.04976584499672754
3.416566222903155,3.549727211077191,1.949520055139223,76.72236000596533,0.12006449155425243,-0.0656306235641646,0.9999999998615148,0.04995784000493586
3.416566222903155,3.549727211077191,1.949520055139223,76.77252785995532,0.1362529051538658,-0.05781597703218207,0.9999999999014296,0.050167853994935285
3.4165608458857073,3.5461341939447193,1.9040706924318929,76.82244526394759,0.14930152941259378,-0.029649470808695403,0.9999999998156687,0.04991740400146227
3.4165608458857073,3.5461341939447193,1.9040706924318929,76.87255473094554,0.16723020289010937,-0.025707789268052828,0.9999999998894633,0.0501094670034945
3.4165608458857073,3.5461341939447193,1.9040706924318929,76.92240112993332,0.17293138507635794,-0.024087411122240374,0.999999999887251,0.04984639899339527
3.417322427437414,3.5419201939617784,1.8643681726456198,76.97253153576322,0.18566114774279863,0.006804939638924125,0.9999999765437659,0.05013040700578131
3.417322427437414,3.5419201939617784,1.8643681726456198,77.02241318375474,0.2003303850124185,0.011069358222752089,0.9999999999143748,0.049881647995789535
3.4190871133006273,3.5401584547769738,1.819258913039961,77.07240257957453,0.20663827987771607,0.05359443342832569,0.9998250298868966,0.049998144000710454
3.4190871133006273,3.5401584547769738,1.819258913039961,77.12238652205917,0.2211170684285988,0.05997401581726984,0.9999190102710823,0.049987990998488385
3.4190871133006273,3.5401584547769738,1.819258913039961,77.17236990780364,0.22554530785211085,0.0638448297648402,0.9998408872238146,0.04999134000536287
3.4190871133006273,3.5401584547769738,1.819258913039961,77.22234581089458,0.2297607774394291,0.06865712732336822,0.9997482839248082,0.04998848599643679
3.42155389545639,3.5380184568632655,1.779623918447398,77.27231305684448,0.2342148084013414,0.11146755058068847,0.9988767654407609,0.05002343399974052
3.42155389545639,3.5380184568632655,1.779623918447398,77.32231014286232,0.24450594920481247,0.1175739102133962,0.9989072519499615,0.05005178000283195
3.420910089834047,3.5450656343039664,1.7463283962753375,77.37216833752363,0.22896399302537057,0.1531222918497282,0.9982387968127632,0.0499461599974893
3.420910089834047,3.5450656343039664,1.7463283962753375,77.42220112756455,0.23669845869043557,0.16084797478647356,0.9982573079259479,0.05012013400119031
3.423709773535616,3.5460080939627083,1.7307716861251519,77.47196993670227,0.23430775576905036,0.18754371824438007,0.9976504867162108,0.04988601699733408
3.423709773535616,3.5460080939627083,1.7307716861251519,77.52204979459314,0.23888200433373277,0.1930989788724481,0.9976102085432399,0.05019982500380138
3.423709773535616,3.5460080939627083,1.7307716861251519,77.57172049515752,0.24173302910262628,0.19833444997824826,0.9975111286529791,0.04979463299969211
3.4242251886561044,3.556619829777053,1.738654814943129,77.62157880575636,0.22236634335618,0.20738559831807066,0.9973699148091102,0.04998978799994802
3.4242251886561044,3.556619829777053,1.738654814943129,77.671447112455,0.224557657377708,0.21353810416496405,0.997248957285908,0.05000587499671383
3.4211554285906343,3.5821991621965625,1.7583621632860287,77.72160842767082,0.17594596910716268,0.21488552996499802,0.9973955300042666,0.050292300002183765
3.4211554285906343,3.5821991621965625,1.7583621632860287,77.77117106509338,0.1770080570694543,0.2219844657864611,0.9972541441478125,0.04969910399813671
3.4211554285906343,3.5821991621965625,1.7583621632860287,77.82102393510601,0.17957203293648055,0.2269281872137164,0.9971514316231909,0.04999528500047745
3.418194131690041,3.6062097075200428,1.7862401839354267,77.87111886693839,0.13454068022468607,0.22475320024185752,0.9973282403436785,0.050229132000822574
3.418194131690041,3.6062097075200428,1.7862401839354267,77.92075609067899,0.13508101528809158,0.23036179395538348,0.9971825153309654,0.04977747100201668
3.418194131690041,3.6062097075200428,1.7862401839354267,77.97059739459449,0.1375551834949179,0.23514574085677367,0.9970490385120128,0.04998881899518892
3.4149371434801177,3.6269220400385027,1.8172705546422694,78.02046494103102,0.09930662080121881,0.23099204119279731,0.9972384002297661,0.05000564200599911
3.4149371434801177,3.6269220400385027,1.8172705546422694,78.07034670022581,0.09987294613321551,0.23525109324078153,0.9970925263177232,0.05002721199707594
3.4127504943448312,3.637510355771742,1.8521202246674386,78.12043717808461,0.08357127382874366,0.22655790635411513,0.9973393426359126,0.05022410699893953
3.4127504943448312,3.637510355771742,1.8521202246674386,78.17005357702149,0.08449820744679257,0.23036838467601392,0.9972090377417254,0.04975526400085073
3.4127504943448312,3.637510355771742,1.8521202246674386,78.22003473313897,0.08702927104056832,0.23460302818462747,0.997111756778275,0.05012593200081028
3.4089449416858515,3.6482672184270086,1.8985197315124063,78.26979138720257,0.07176907884975395,0.2183937548886613,0.9975435254495513,0.04987918100232491
3.4089449416858515,3.6482672184270086,1.8985197315124063,78.31994274793516,0.07222142212942376,0.22232284379471617,0.9973726106263174,0.05028347500046948
3.4089449416858515,3.6482672184270086,1.8985197315124063,78.36956124792496,0.07486653991911774,0.22657095693095242,0.9972680018575985,0.04975442899740301
3.405675271739881,3.6531097290371113,1.9463660699018017,78.41958346683614,0.07234862370640613,0.20729531737814946,0.9977595669110885,0.05013454199797707
3.405675271739881,3.6531097290371113,1.9463660699018017,78.46957951878314,0.07303905459949328,0.21078205131177918,0.9976196103268332,0.050115345999074634
3.4012634811068327,3.660043904440713,1.9953278193081612,78.519196934089,0.06555449701065613,0.19118887408056903,0.998123468456786,0.04971069900057046
3.4012634811068327,3.660043904440713,1.9953278193081612,78.56910733565263,0.06585861869947554,0.19483293656782474,0.9979760017700432,0.05001162500411738
3.4012634811068327,3.660043904440713,1.9953278193081612,78.6190426984981,0.06872162022843557,0.19886831401485386,0.9978710210638166,0.05004190099862171
3.3984985849615814,3.6599449027298507,2.0340144442945842,78.66912430808445,0.07547018432160872,0.18028455351008593,0.9983293190488594,0.05016541999793844
3.3984985849615814,3.6599449027298507,2.0340144442945842,78.71894324176473,0.07632059567728172,0.18329725152839005,0.9981862691562517,0.049909456000023056
3.3984985849615814,3.6599449027298507,2.0340144442945842,78.76899757492941,0.07933032557135845,0.18711591671306727,0.9980839676436519,0.0501504229978309
3.394158385268227,3.6610173819973633,2.082895163331834,78.81856325420806,0.08398092703485689,0.16104678387620347,0.9987075166723453,0.049629825000010896
3.394158385268227,3.6610173819973633,2.082895163331834,78.86858784887387,0.0835954633496581,0.16387189833598811,0.9985498137297254,0.050097245002689306
3.388230115015131,3.664242727962744,2.1283225592842174,78.91848869972277,0.08191830255570175,0.13872425368025043,0.9992106340018438,0.0499402720015496
3.388230115015131,3.664242727962744,2.1283225592842174,78.9685017653956,0.08095720013971269,0.1425454230216097,0.9990223858042374,0.05006200700154295
3.388230115015131,3.664242727962744,2.1283225592842174,79.01851268044976,0.08434774228929656,0.1462184185300522,0.9989213815772086,0.05006491599488072
3.3832863400027198,3.664030143096571,2.1676773663119104,79.0684298545679,0.08910549451031666,0.12080506356115361,0.99952035754431,0.049941128003410995
3.3832863400027198,3.664030143096571,2.1676773663119104,79.11855184819674,0.08800281922580047,0.1235539785283636,0.9993369115620768,0.05015525099588558
3.3779460972268134,3.6638200874766635,2.2064137227607743,79.16833080675546,0.09162535828638978,0.09720940139189894,0.9999229363601059,0.04978279500210192
3.3779460972268134,3.6638200874766635,2.2064137227607743,79.21838424777066,0.08958281226598659,0.10021807471737776,0.9998586513469367,0.05006051700183889
3.3779460972268134,3.6638200874766635,2.2064137227607743,79.26835645567877,0.09331440855186679,0.10380347820713288,0.9997576022478224,0.04998432399588637
3.375757290094952,3.6585891943955757,2.23433858594687,79.31842903121125,0.10755411095742554,0.0802318318597639,0.9999992915985242,0.050072611003997736
3.375757290094952,3.6585891943955757,2.23433858594687,79.36837284418,0.10623801591562367,0.08056238178623512,0.9999848826925131,0.04994456799613545
3.369682448244064,3.6595804293267804,2.268803242741206,79.41827779417306,0.10500468326751522,0.05477791181681523,0.9999999997257408,0.04990495000674855
3.369682448244064,3.6595804293267804,2.268803242741206,79.46863133294258,0.10201486808775252,0.05891496963915694,0.9999999955342114,0.050353538994386327
3.369682448244064,3.6595804293267804,2.268803242741206,79.51837341805323,0.1061936776861199,0.062337076138783976,0.9999999619868806,0.04974208700150484
3.360836246237243,3.66319184892064,2.304540554249233,79.56837854405197,0.09681365967438685,0.03476271872320014,0.999999999927666,0.05000512600236107
3.360836246237243,3.66319184892064,2.304540554249233,79.61836394804375,0.09282317024960013,0.041930711846140126,0.9999999999279459,0.049985403995378874
3.3493646632119054,3.6688757948463633,2.3423463278302523,79.66820356604657,0.076488613028427,0.013387351678411628,0.9999999999637277,0.04983961800462566
3.3493646632119054,3.6688757948463633,2.3423463278302523,79.7185698860445,0.0708884576054682,0.023870334128650306,0.9999999999641377,0.05036631999973906
3.3493646632119054,3.6688757948463633,2.3423463278302523,79.76853196004475,0.07594292503466318,0.02706515681271232,0.9999999999832772,0.049962074001086876
3.33993439195581,3.670908976851607,2.3761031535998884,79.81843656004115,0.06645026566582539,-0.0010414020671507263,0.9999999999916072,0.04990459999680752
3.33993439195581,3.670908976851607,2.3761031535998884,79.86865755004088,0.06077548986684374,0.006930272590996279,0.9999999999842494,0.05022099000052549
3.33993439195581,3.670908976851607,2.3761031535998884,79.91854381603457,0.06587179885750083,0.009996483952877864,0.9999999998249051,0.04988626600243151
3.3301420078297603,3.672553978421639,2.4140633982596564,79.96836287802783,0.055543546837280564,-0.020777670447779048,0.9999999998993763,0.0498190619982779
3.3301420078297603,3.672553978421639,2.4140633982596564,80.01835976102042,0.04773772252137913,-0.012479167016780729,0.9999999999072196,0.04999688299722038
3.3301420078297603,3.672553978421639,2.4140633982596564,80.06839757701431,0.05309342464955423,-0.009362749939212357,0.9999999998873296,0.05003781599953072
3.3191479996546156,3.6757305909561317,2.4495725339256054,80.11835872801649,0.03764650454835243,-0.03720172734066053,0.9999999999995174,0.04996115100220777
3.3191479996546156,3.6757305909561317,2.4495725339256054,80.16834799801919,0.030045043054593035,-0.025905383175660265,0.9999999999999848,0.049989270002697594
3.3077665390839415,3.6792763608476795,2.481070687217843,80.21835021701449,0.013870451040218602,-0.04878249955064507,0.999999999998979,0.050002218995359726
3.3077665390839415,3.6792763608476795,2.481070687217843,80.26833832301669,0.006551115826582521,-0.03579673066126429,0.9999999999984845,0.049988106002274435
3.3077665390839415,3.6792763608476795,2.481070687217843,80.31835515101444,0.012942089867697935,-0.03329207207302528,0.9999999999999689,0.050016827997751534
3.2966017639229683,3.6843178612687812,2.488644708457421,80.36832162801761,6.459832668781473e-13,-0.04206300756938285,0.9999999999996686,0.04996647700318135
3.2966017639229683,3.6843178612687812,2.488644708457421,80.41837496201947,2.1988622166804059e-13,-0.02790068753565956,0.999999999999914,0.050053334001859184
3.29438203277211,3.6794669430826166,2.4780596350702733,80.46834621401536,0.0034540857761311324,-0.03363141367730145,0.9999999999999647,0.04997125199588481
3.29438203277211,3.6794669430826166,2.4780596350702733,80.51837878402034,0.008665316794913837,-0.03377301524330811,0.9999999999999813,0.050032570004987065
3.29438203277211,3.6794669430826166,2.4780596350702733,80.56837049401543,0.013736590374424169,-0.034456788784716655,0.9999999999999802,0.04999170999508351
3.29438203277211,3.6794669430826166,2.4780596350702733,80.61858869202001,0.01858306525416797,-0.03373920664878622,0.9999999999999704,0.050218198004586156
3.29438203277211,3.6794669430826166,2.4780596350702733,80.66835986301771,0.023705301372431074,-0.03292667258667694,0.9999999999999621,0.04977117099770112
3.29438203277211,3.6794669430826166,2.4780596350702733,80.7186295250201,0.02874909450614681,-0.03198224764715583,0.9999999999999459,0.05026966200239258
3.292844412643393,3.675286536159904,2.443215012192291,80.76834216901507,0.036537582965397455,-0.023436563005834986,0.9999999999990354,0.049712643995007966
3.292844412643393,3.675286536159904,2.443215012192291,80.81836216601964,0.050008726227499814,-0.022207909375791028,0.9999999999971271,0.050019997004710604
3.292844412643393,3.675286536159904,2.443215012192291,80.86836329301737,0.055166164834625296,-0.023286354038970097,0.9999999999983669,0.05000112699781312
3.292844412643393,3.675286536159904,2.443215012192291,80.91836079701753,0.06008612689814489,-0.02160385659223398,0.9999999999991659,0.04999750400020275
3.292844412643393,3.675286536159904,2.443215012192291,80.96846984701403,0.06503556685843388,-0.019886334123719394,0.999999999999423,0.05010904999653576
3.2873513449252387,3.6770579246764283,2.405528467843212,81.01834245601479,0.059155044457183066,-0.0025403682004198035,0.9999999999974665,0.04987260900088586
3.2873513449252387,3.6770579246764283,2.405528467843212,81.06878282901567,0.07375831234467672,0.004872517006087241,0.9999999999970248,0.0504403730010381
3.2873513449252387,3.6770579246764283,2.405528467843212,81.11835872401382,0.07894464833167464,0.005502038248636862,0.9999999999975375,0.04957589499827009
3.2873513449252387,3.6770579246764283,2.405528467843212,81.16865344301604,0.08368895790932278,0.007974660877709592,0.9999999999760418,0.050294719003431965
3.2873513449252387,3.6770579246764283,2.405528467843212,81.21833471000966,0.08836187987666322,0.010559765310741855,0.9999999999655351,0.049681266995321494
3.2757674453389005,3.6840472951127508,2.3609568273324926,81.26843450400656,0.06582213648665192,0.033122952294212554,0.9999999998688711,0.0500997940034722
3.2757674453389005,3.6840472951127508,2.3609568273324926,81.3183698770032,0.08107428793158433,0.04553448166844992,0.9999999999843824,0.049935372997424565
3.2757674453389005,3.6840472951127508,2.3609568273324926,81.36832967700335,0.08578274563794656,0.04672956713590763,0.9999999999548417,0.04995980000239797
3.2710370658875707,3.6859681965710873,2.3346497067560033,81.41840516200186,0.08016278215788337,0.060550525585753925,0.9999999999707401,0.05007548499997938
3.2710370658875707,3.6859681965710873,2.3346497067560033,81.46907707600401,0.09027103651376678,0.0680034350009117,0.9999999999825023,0.050671914003032725
3.2623683545839692,3.6944681921793747,2.3293449170619858,81.51885558099616,0.07009439800300737,0.07338240809731204,0.9999999999299745,0.04977850499562919
3.2623683545839692,3.6944681921793747,2.3293449170619858,81.56861257699293,0.07539433855284965,0.08355614993381023,0.9999999999572835,0.04975699599890504
3.2623683545839692,3.6944681921793747,2.3293449170619858,81.61833590699611,0.07950049384725719,0.0868206018623317,0.9999999999676197,0.04972333000478102
3.2506078226736808,3.705418340723823,2.3291902151910566,81.66852279708806,0.0514937839766697,0.08905840983599397,0.9999350489356366,0.050190149995614775
3.2506078226736808,3.705418340723823,2.3291902151910566,81.7182697574101,0.05539594817488398,0.0997158784441895,0.9970879908930778,0.04989224699966144
3.2506078226736808,3.705418340723823,2.3291902151910566,81.76798004838685,0.05974166617612829,0.10298647098118807,0.9947616922584757,0.049972060005529784
3.2377311752967914,3.7166787440670976,2.339007459894556,81.81779877907084,0.03059896061129043,0.09843414163191057,0.9922419853947746,0.05020824699749937
3.2377311752967914,3.7166787440670976,2.339007459894556,81.86705940263747,0.032681302806906544,0.1086583192965487,0.989332030108542,0.049791801000537816
3.2261385550061763,3.727247892478813,2.35179883392932,81.91647409854909,0.006238526790111703,0.10417139130770933,0.9867829365099229,0.050076560997695196
3.2261385550061763,3.727247892478813,2.35179883392932,81.9657764444931,0.00786851619906218,0.11325382371390304,0.9838840858916399,0.05010991299786838
3.2261385550061763,3.727247892478813,2.35179883392932,82.01489530741327,0.01189707377047269,0.11603758270166789,0.981025052625583,0.050068918004399166
3.2182501662044394,3.733431483908503,2.375727772171526,82.063565475744,2.9911690138662017e-10,0.10540116659870816,0.9792335469054009,0.049702308999258094
3.2182501662044394,3.733431483908503,2.375727772171526,82.1124303356982,4.989126687413082e-10,0.11116932933206258,0.9762800909774656,0.05005209099908825
3.2112865382426143,3.7367456641646086,2.398621883125749,82.16130639088573,7.129079116933966e-11,0.09857388109604674,0.9739787431025501,0.0501818499978981
3.2112865382426143,3.7367456641646086,2.398621883125749,82.20966084027991,7.841671441985431e-11,0.10314660154544894,0.9710363866322259,0.04979674300557235
3.2112865382426143,3.7367456641646086,2.398621883125749,82.25826500905222,2.0676942870037683e-10,0.10556963846732761,0.968179501504369,0.0502016089958488
3.2087452536660686,3.7362517853347854,2.4223631259729865,82.3066143036563,0.001077039015873626,0.09169827947025788,0.965739084283636,0.050064552000549156
3.2087452536660686,3.7362517853347854,2.4223631259729865,82.35469874191793,0.001921986029800762,0.09387170573377979,0.9628450265787962,0.04993995599943446
3.2087452536660686,3.7362517853347854,2.4223631259729865,82.40278339151322,0.010759179147651772,0.09671932048352408,0.9607489216221348,0.0500491319980938
3.204511437399583,3.7369848181431617,2.448416525629832,82.45044300428717,0.012915019596152998,0.08067635768405654,0.9584113032740593,0.04972772400651593
3.204511437399583,3.7369848181431617,2.448416525629832,82.49826015663923,0.01597657945541342,0.08369586798786299,0.9554932123101681,0.05004447099781828
3.1985156701422985,3.736954630775527,2.476653836713528,82.5458301156287,0.01689558110795967,0.06244139789216385,0.9533591335881607,0.049897208002221305
3.1985156701422985,3.736954630775527,2.476653836713528,82.5934400109989,0.01924916674448768,0.06566120246109824,0.950441567442851,0.050092395998944994
3.1985156701422985,3.736954630775527,2.476653836713528,82.64089425250133,0.027112024490408882,0.06817611117260235,0.9476597961334124,0.050075186998583376
3.1919696098778956,3.736001441933958,2.5070372037723803,82.68819180129574,0.028283558412565166,0.041907201868667164,0.9456457214919896,0.05001613999775145
3.1919696098778956,3.736001441933958,2.5070372037723803,82.73520958359143,0.029886443997944177,0.04498689562826708,0.9427405532905931,0.04987351199815748
3.182100256857294,3.7380289850869164,2.539307466990902,82.78211999394837,0.021411534710088748,0.018562730369566145,0.9407761118607126,0.0498635220064898
3.182100256857294,3.7380289850869164,2.539307466990902,82.82933291482959,0.022273577104454007,0.024000315500233693,0.9378649548178953,0.050340851994405966
3.182100256857294,3.7380289850869164,2.539307466990902,82.87612298623782,0.030655818491150944,0.025952622352874582,0.9351297058013234,0.0500359159996151
3.1693110089352325,3.7430999362791466,2.5637597511087784,82.92278541851502,0.012934786717407176,0.005796556405912052,0.9330891619303986,0.050008546000753995
3.1693110089352325,3.7430999362791466,2.5637597511087784,82.96913321268032,0.01560824686582896,0.01364327416839163,0.9302515039326075,0.04982286399899749
3.1693110089352325,3.7430999362791466,2.5637597511087784,83.01545721145585,0.02407876834807836,0.015104385860873976,0.9275739561690605,0.04994103000353789
3.1538189390671825,3.7481411296036065,2.587744358568189,83.06180268635028,0.0016425337345204148,-0.007842085478054766,0.9256756833126702,0.0500666439984343
3.1538189390671825,3.7481411296036065,2.587744358568189,83.10786626343614,0.0038785947008218957,0.0015138221535716586,0.9228674563407733,0.049913535003724974
3.1379111356902536,3.752068821268864,2.6171629470724884,83.1538403547479,2.999623466282131e-11,-0.02566440111742018,0.9212821774266664,0.04990229100076249
3.1379111356902536,3.752068821268864,2.6171629470724884,83.20001356726381,1.287864764522308e-10,-0.015022710524589752,0.9184469035559919,0.05027314299513819
3.1379111356902536,3.752068821268864,2.6171629470724884,83.24578677621865,1.2697975622940076e-10,-0.01434921862468683,0.9156561371814314,0.049989518003712874
3.123740328789349,3.753104588271321,2.648443085344027,83.29142986073555,1.7993212015003493e-11,-0.046016241430192964,0.914101724208023,0.049932171998079866
3.123740328789349,3.753104588271321,2.648443085344027,83.33697493277151,9.225878115537683e-11,-0.036715556160152235,0.9112784730705473,0.04997931300022174
3.123740328789349,3.753104588271321,2.648443085344027,83.38254149950922,9.835267150312148e-11,-0.03626696558782862,0.9085313140027255,0.05015409599582199
3.1138236816497553,3.7529230869300134,2.6726147661555326,83.42767407387545,6.434161753173865e-11,-0.06145212431278683,0.9066517253054982,0.049779395005316474
3.1138236816497553,3.7529230869300134,2.6726147661555326,83.47287083687615,6.228606570363789e-11,-0.055275592969767626,0.9038798341593145,0.05000306599686155
3.0997935033827897,3.7562043779284484,2.678580701223229,83.5180161800868,3.897764889907817e-11,-0.06722953438626827,0.9020698696595183,0.05004639300022973
3.0997935033827897,3.7562043779284484,2.678580701223229,83.56295142080195,4.2428003320982066e-11,-0.055753084317092624,0.8994453276516184,0.04995883499941556
3.0997935033827897,3.7562043779284484,2.678580701223229,83.607870828067,5.275321800889084e-11,-0.057100490713301304,0.8967260814662743,0.05009267399873352
3.0917342631811384,3.755562122736939,2.657880315869784,83.65245854919027,4.5194635590906456e-11,-0.0574452423098481,0.8945415993881173,0.04984421200060751
3.0917342631811384,3.755562122736939,2.657880315869784,83.6971120105835,6.353819728115419e-11,-0.0526619389195911,0.8921545374608791,0.050051263002387714
3.0917342631811384,3.755562122736939,2.657880315869784,83.74159318974654,9.132969520033537e-11,-0.05533249040946119,0.8894743295225632,0.05000838999694679
3.0917342631811384,3.755562122736939,2.657880315869784,83.78597929895243,1.5792531573084463e-10,-0.05634747167798417,0.886838768489665,0.05004980700323358
3.0917342631811384,3.755562122736939,2.657880315869784,83.83013475542496,2.176623500235799e-09,-0.05740509093005796,0.8842001440555403,0.04993830499734031
3.0899759460227636,3.7513237345698576,2.6349526796406013,83.87421938306424,0.00752785688339028,-0.05666167038884978,0.8818108565428233,0.049993291999271605
3.0899759460227636,3.7513237345698576,2.6349526796406013,83.91822135302921,0.01987756470453748,-0.057129681243311706,0.8795953091608121,0.05002524400333641
3.0899759460227636,3.7513237345698576,2.6349526796406013,83.96211038348507,0.02820129327902108,-0.05844275115848199,0.8770942827967008,0.050039125002513174
3.0899759460227636,3.7513237345698576,2.6349526796406013,84.00579646798148,0.03647478794196293,-0.05852007621063589,0.8746014515837542,0.04994970499683404
3.0899759460227636,3.7513237345698576,2.6349526796406013,84.04940319254437,0.04472621528985575,-0.05850796998562518,0.8721172233577198,0.0500009899988072
3.084018012787199,3.7517622398220696,2.623474150880859,84.09290519049878,0.042017720750698075,-0.05806460109499215,0.8698212860479594,0.05001256999821635
3.084018012787199,3.7517622398220696,2.623474150880859,84.13626464481494,0.052108321887057815,-0.05416031085914821,0.8674929342983559,0.04998248700576369
3.084018012787199,3.7517622398220696,2.623474150880859,84.17951751061071,0.06043186487242007,-0.05432612714679235,0.8650145150688415,0.05000247399584623
3.084018012787199,3.7517622398220696,2.623474150880859,84.22284325625708,0.06853400153852181,-0.05379528633600249,0.862551437254528,0.050229753003804944
3.0773579164703833,3.752068085638296,2.6104989548599353,84.2656632630692,0.06471034697533364,-0.053279875796187974,0.8602946039698122,0.04977365499507869
3.0773579164703833,3.752068085638296,2.6104989548599353,84.30860052523894,0.07481220661382017,-0.048868582732562074,0.858013735118553,0.050042628005030565
3.067812183299007,3.7557509090116867,2.5909598557851106,84.35136726299761,0.06290633843486493,-0.04043770322206401,0.8557016971750341,0.049978559000010137
3.067812183299007,3.7557509090116867,2.5909598557851106,84.3940722293322,0.07488924814371917,-0.03343323067660914,0.8534695174786648,0.05003689699515235
3.0566298257058753,3.7612989815073856,2.559946249467112,84.4365635296591,0.05820042013403238,-0.01573634017748192,0.8510642879534009,0.04992725100601092
3.0566298257058753,3.7612989815073856,2.559946249467112,84.47906437586256,0.07255396815454725,-0.007616433471899688,0.848920204156416,0.0500645949941827
3.0566298257058753,3.7612989815073856,2.559946249467112,84.521421543359,0.08040334358021874,-0.0070624081078283505,0.8464596982712365,0.05004038300103275
3.0496709007291156,3.763771353530728,2.537851942212652,84.56354473990928,0.07354398871669307,0.004324186821656161,0.844085588204278,0.049903940001968294
3.0496709007291156,3.763771353530728,2.537851942212652,84.60564330180769,0.08518537470003913,0.009839129667841597,0.8418386821081499,0.050007872996502556
3.0496709007291156,3.763771353530728,2.537851942212652,84.64760018889233,0.09268021733300914,0.011183861373523856,0.8393950834230924,0.049984671000856906
3.036201967998571,3.7708390642932286,2.5085493303654616,84.68945934257324,0.06943589297495599,0.028155195370080155,0.8370913116082086,0.05000548100360902
3.036201967998571,3.7708390642932286,2.5085493303654616,84.73121915614394,0.08192331286968658,0.03659638341545176,0.8348935891538076,0.05001812699629227
3.0300900756942726,3.774050358573627,2.475905621642441,84.77283970172594,0.07459928073815711,0.056791510475274226,0.8323247160322084,0.050005178003630135
3.0300900756942726,3.774050358573627,2.475905621642441,84.81432960543086,0.08686177581851587,0.06231555735722339,0.8300767972866339,0.049983210999926087
3.0300900756942726,3.774050358573627,2.475905621642441,84.85569665053758,0.09364714867886564,0.06456578290781968,0.8276409881814938,0.0499818710013642
3.0216066340668424,3.78130016406485,2.4515936347925464,84.89696252397954,0.07666180095278392,0.08535547351166056,0.8250771734400871,0.050014561995340046
3.0216066340668424,3.78130016406485,2.4515936347925464,84.93809642912703,0.08666055140067629,0.09136883316211754,0.8227624854279512,0.049994872002571356
3.0177142128990755,3.784732473824658,2.4522182115475877,84.97909159921352,0.08257633780730636,0.09479765026495082,0.8204062451772042,0.049969353996857535
3.0177142128990755,3.784732473824658,2.4522182115475877,85.02001772297362,0.088869876606936,0.09911376493852711,0.8179965034449925,0.050032150000333786
3.0177142128990755,3.784732473824658,2.4522182115475877,85.0608152923966,0.09515573267697117,0.10233766890724522,0.8155894949964603,0.05002218600566266
3.0073385789786533,3.7923675578463683,2.4617798852359,85.10148692136136,0.07639473935943637,0.09884141227626832,0.8135584368202278,0.04999226499785436
3.0073385789786533,3.7923675578463683,2.4617798852359,85.14202997864624,0.08159702204621394,0.10444770709478562,0.8111482597358917,0.04998230199998943
3.0073385789786533,3.7923675578463683,2.4617798852359,85.1824453258804,0.08781274993843279,0.10766001197008769,0.808768800213338,0.04997144699882483
2.993895879780581,3.8016029201873107,2.474003245672608,85.2228187038906,0.06255564354987335,0.10144287090392694,0.8068932458761559,0.05003558799944585
2.993895879780581,3.8016029201873107,2.474003245672608,85.26303226546493,0.06751931421917952,0.10727751096880536,0.8044991943207881,0.04998583200358553
2.980097325595737,3.81250013452589,2.4929989723554873,85.30311854016784,0.039414568304432795,0.10078743776881591,0.802593273997319,0.04994593899755273
2.980097325595737,3.81250013452589,2.4929989723554873,85.34317322270581,0.04381743147077358,0.10651625397857228,0.8001999394642975,0.050055842999427114
2.980097325595737,3.81250013452589,2.4929989723554873,85.38307199557858,0.05004418939038742,0.10937057960902336,0.7978635969397866,0.050007010002445895
2.9632051837411053,3.822341017197259,2.5190243040946183,85.42289405589416,0.019672325301791114,0.09331682355319712,0.7962855484046287,0.05000977400050033
2.9632051837411053,3.822341017197259,2.5190243040946183,85.46263879590111,0.02344400694417752,0.09923799113076913,0.7938963484933974,0.05006288299773587
2.9632051837411053,3.822341017197259,2.5190243040946183,85.5021380998332,0.029757473794707893,0.10177477630493822,0.7915872221207375,0.04989886499970453
2.9541839757322825,3.8270067722468744,2.5433440030957524,85.5416589655093,0.017646923669489452,0.08847729078577381,0.789778572203956,0.05004043799999636
2.9541839757322825,3.8270067722468744,2.5433440030957524,85.58101262336585,0.02181170888888048,0.09228870271218023,0.7874332818740242,0.04997713299962925
2.9393493799803614,3.8354457253814775,2.575728709298749,85.62025344248808,4.834753743188092e-10,0.07563867021968124,0.7858411822223696,0.049934795999433845
2.9393493799803614,3.8354457253814775,2.575728709298749,85.65947654675166,4.565734459372966e-06,0.08082702060716554,0.7834385071563208,0.05006532600236824
2.9393493799803614,3.8354457253814775,2.575728709298749,85.69854647787555,0.005950592704406031,0.08281898837153022,0.7811741286478631,0.05001436900056433
2.9234507034155253,3.8429017848611062,2.614827888150129,85.73753463525426,7.978266745173324e-11,0.06148135495063016,0.779914092130293,0.04999032300111139
2.9234507034155253,3.8429017848611062,2.614827888150129,85.77642602184305,9.688956264373579e-11,0.06682487485144822,0.7775209687472496,0.05001972699392354
2.9073356726299306,3.849726309674088,2.6557913955708874,85.81521972367989,2.5394415110017372e-11,0.04557437072182567,0.7763557964713778,0.049968973005888984
2.9073356726299306,3.849726309674088,2.6557913955708874,85.85407479223429,3.603341502309105e-11,0.0512667862047916,0.773940397348746,0.0502042129955953
2.9073356726299306,3.849726309674088,2.6557913955708874,85.89264134300424,5.35048107274142e-11,0.052324436318992515,0.7716348233900824,0.04998031400464242
2.899078730141094,3.8517177693312483,2.693219464976359,85.93110409411909,1.8117900279359224e-11,0.032304587594294346,0.7700170311715784,0.04995051999867428
2.899078730141094,3.8517177693312483,2.693219464976359,85.96952046237561,5.328088712716568e-11,0.03520464940957534,0.7676540404568746,0.05004385599750094
2.8920293563079453,3.852896111711663,2.727605529171418,86.00766469588454,3.8032706972794794e-11,0.016598631135258744,0.7659757807976588,0.04979822399764089
2.8920293563079453,3.852896111711663,2.727605529171418,86.04605055831115,2.1715545725713505e-11,0.01891513454443671,0.7636000088963986,0.05026959400129272
2.8920293563079453,3.852896111711663,2.727605529171418,86.08395349302086,4.9888340204952964e-11,0.01944056457660042,0.7613394581522875,0.04978454000229249
2.8855641606555507,3.852366251118696,2.755945114647175,86.12191281727934,5.2109560079429675e-11,9.223032649903484e-05,0.7596234357468947,0.049971239001024514
2.8855641606555507,3.852366251118696,2.755945114647175,86.1597919231947,4.783812730783852e-11,0.002192540279112321,0.7573103197018646,0.050017944995488506
2.8855641606555507,3.852366251118696,2.755945114647175,86.19754815381917,5.429219892726051e-11,0.002284748601982148,0.7550837322393485,0.05000270700111287
2.88218625592739,3.8510407114772844,2.7776438704721897,86.23521632096391,5.774912441295011e-11,-0.013612727866316888,0.7531683927373357,0.05001294200337725
2.88218625592739,3.8510407114772844,2.7776438704721897,86.27290536231098,6.79835667119365e-11,-0.012964904924120862,0.7508894221175546,0.050192531998618506
2.875355796968231,3.851315461290424,2.795799477620016,86.31016476290934,5.2845997374663225e-11,-0.026831470773797668,0.7491282317520541,0.04973701299604727
2.875355796968231,3.851315461290424,2.795799477620016,86.3476327163689,6.241636356007795e-11,-0.024117801911507857,0.7468861440959936,0.05016554900066694
2.875355796968231,3.851315461290424,2.795799477620016,86.38498138524241,8.80084585654834e-11,-0.024479353975734697,0.7446864453861808,0.050153550000686664
2.8665995584338524,3.853082150382739,2.8112457948440426,86.4220161892854,5.308570596858656e-11,-0.035951691700821464,0.7430185636919515,0.04984371300088242
2.8665995584338524,3.853082150382739,2.8112457948440426,86.45909060105618,6.340922252340478e-11,-0.031835696877629986,0.7407984334810864,0.0500465580043965
2.8665995584338524,3.853082150382739,2.8112457948440426,86.49588698450935,9.041639847510929e-11,-0.032389645594669225,0.7386193012259471,0.04981779299851041
2.854979516086573,3.853445386706867,2.816365329427803,86.53275183989115,4.7281442899283396e-11,-0.04408958461206879,0.7371299560957862,0.05001133799669333
2.854979516086573,3.853445386706867,2.816365329427803,86.56950403119559,5.4948113806397097e-11,-0.03838725585841916,0.7349967421513307,0.050003203003143426
2.8537219435447145,3.850628393657713,2.7948523964498175,86.60610574396942,7.052478387746599e-11,-0.03601482619722764,0.7328860597026728,0.04994188699492952
2.8537219435447145,3.850628393657713,2.7948523964498175,86.64268756958133,1.210558815247e-10,-0.03655099655085042,0.7308933544458927,0.050050839003233705
2.8537219435447145,3.850628393657713,2.7948523964498175,86.67913414802531,2.1638291218767692e-10,-0.0379046445646989,0.7287514215351236,0.05001235999952769
2.8537219435447145,3.850628393657713,2.7948523964498175,86.71566909505961,5.000823178595454e-09,-0.03866489387040152,0.7266211284214079,0.05028060099721188
2.8537219435447145,3.850628393657713,2.7948523964498175,86.75171445640368,0.005452844484478775,-0.03941107375835012,0.7245614802193999,0.04974783000216121
2.8537219435447145,3.850628393657713,2.7948523964498175,86.78784998683379,0.012100666308059877,-0.03990698060640539,0.7225494511527965,0.05001115200138884
2.8537219435447145,3.850628393657713,2.7948523964498175,86.82386953607227,0.01880956120993499,-0.04028315098094816,0.7205318198883659,0.04999022700212663
2.8537219435447145,3.850628393657713,2.7948523964498175,86.85981362741144,0.025508371314698824,-0.040614124931041114,0.7185203823067532,0.05002515199885238
2.8537219435447145,3.850628393657713,2.7948523964498175,86.89560178187939,0.032192841529677135,-0.04089445270393261,0.7165129918736267,0.04994766999880085
2.8537219435447145,3.850628393657713,2.7948523964498175,86.931486155284,0.03885018234329948,-0.04112993959229222,0.7145143527126329,0.050222047000715975
2.8537219435447145,3.850628393657713,2.7948523964498175,86.96711994992418,0.045522598495880785,-0.041315064116053436,0.7125092654160907,0.05001169299794128
2.861532694979889,3.845310947650067,2.731756861174867,87.00257704154197,0.07112337561705928,-0.010002546591724934,0.7101871283511295,0.04992640700220363
2.861532694979889,3.845310947650067,2.731756861174867,87.03793477132054,0.08546790770057894,-0.010406595493348663,0.7085075616441812,0.04990451999765355
2.857410529769529,3.845658835687935,2.7139192703740926,87.07316898836928,0.0841489978754997,-0.002407988729659284,0.7065539958494809,0.04986769200331764
2.857410529769529,3.845658835687935,2.7139192703740926,87.10846044130002,0.09254776068384078,-0.00014691615920655677,0.7046609421974974,0.05008288499811897
2.857410529769529,3.845658835687935,2.7139192703740926,87.14357117365738,0.09898341658319841,0.0006891872836507353,0.702668655395061,0.049967694001679774
2.8513149967755664,3.8487203522181113,2.691204999899008,87.17862799881999,0.0914636453253805,0.018059857191922307,0.7006545370057119,0.05003439400024945
2.8513149967755664,3.8487203522181113,2.691204999899008,87.21369151490235,0.1001915736411843,0.021067659254940738,0.6987605832662805,0.05017958499956876
2.8428876711658884,3.853353867148857,2.6683319345230743,87.24831092959204,0.08669618340616488,0.03960838857073512,0.6967616997929544,0.04968616199766984
2.8428876711658884,3.853353867148857,2.6683319345230743,87.28322743925726,0.09485574879307712,0.04285128943093131,0.6948697557750498,0.0502489990030881
2.8428876711658884,3.853353867148857,2.6683319345230743,87.31776935595232,0.10096909372095912,0.04445146514900957,0.6928860616852359,0.04985223199764732
2.837759835986497,3.8556815861307605,2.6472630053828214,87.35233482945787,0.09507875413797477,0.05983259051322542,0.6908820489971434,0.050030933001835365
2.837759835986497,3.8556815861307605,2.6472630053828214,87.38681347593543,0.10250192193647736,0.06251801523459528,0.6889578142274176,0.050044641000567935
2.837759835986497,3.8556815861307605,2.6472630053828214,87.42128011885008,0.10841121567327498,0.06447556263910749,0.6869933848369592,0.0501702689944068
2.8305088362696558,3.8586065473275353,2.624966618939561,87.45537588629614,0.09796108621259078,0.07968683426361649,0.6850389758464708,0.04977201100700768
2.8305088362696558,3.8586065473275353,2.624966618939561,87.48954403728926,0.1048991538382107,0.08232006746170972,0.6831209491208692,0.05001771800016286
2.822114529166792,3.8656950534651626,2.6141656727094125,87.52357075050182,0.08763249196265044,0.09874336184129481,0.6811154874175422,0.04995733299438143
2.822114529166792,3.8656950534651626,2.6141656727094125,87.55768587000708,0.09343560998108423,0.10097136051546805,0.6791698413926303,0.05023061600513756
2.822114529166792,3.8656950534651626,2.6141656727094125,87.59156986209348,0.09905569427937629,0.10345723365867585,0.6772186288361005,0.050034051993861794
2.809343750070439,3.873376728789241,2.624957381711679,87.62517378623603,0.07520725296730073,0.10104296775578182,0.675603185738834,0.049739144000341184
2.809343750070439,3.873376728789241,2.624957381711679,87.6588773657253,0.08038643048619959,0.10326373354672752,0.6736755359024041,0.05002939500263892
2.7965685020821773,3.878717396401095,2.641529941855954,87.69240845963225,0.05995805650875302,0.09203361017160472,0.6722278978499577,0.04988054499699501
2.7965685020821773,3.878717396401095,2.641529941855954,87.72614827786956,0.06511348971840142,0.09437416523751344,0.6703075562812449,0.050334832005319186
2.7965685020821773,3.878717396401095,2.641529941855954,87.75957374466088,0.07074865354289853,0.0965971558818118,0.6683843078708046,0.05000935299904086
2.7751849952418124,3.8904870001609537,2.65826383255733,87.7927317302983,0.02810977945008658,0.09117233522755483,0.6670099476578797,0.04971138099790551
2.7751849952418124,3.8904870001609537,2.65826383255733,87.82603976588899,0.03313388142451802,0.09319718850504191,0.6651060133354783,0.05007928799750516
2.7751849952418124,3.8904870001609537,2.65826383255733,87.85917350118434,0.03872905369569135,0.09521906211328582,0.6632117747416839,0.04995951000455534
2.7594757127873737,3.900002657197884,2.678464180526792,87.89227723536311,0.007961027651447645,0.09071779094469999,0.6616944607208224,0.05002873099874705
2.7594757127873737,3.900002657197884,2.678464180526792,87.92527300613375,0.013071807968538046,0.09213626950473165,0.6598108090247589,0.05000792699865997
2.741447604318542,3.907525299039531,2.7083520321754424,87.95820455319921,1.0287952781351528e-10,0.07783541712735348,0.6587746464042924,0.049989093000476714
2.741447604318542,3.907525299039531,2.7083520321754424,87.99107283903216,1.293907054147573e-10,0.0789684895196379,0.6568336026062663,0.05004050600109622
2.741447604318542,3.907525299039531,2.7083520321754424,88.02379685855185,2.3654287529485843e-10,0.08048131295673877,0.6548992639505348,0.04996802000096068
2.728769553813452,3.9123539452828053,2.7330089261952146,88.05654438705918,7.288812992381603e-11,0.06982405338795343,0.653736777058063,0.0500928350011236
2.728769553813452,3.9123539452828053,2.7330089261952146,88.0891503424964,8.271541677238485e-11,0.07067637467562125,0.6518163661545718,0.05002322299696971
2.728769553813452,3.9123539452828053,2.7330089261952146,88.1215847596397,1.015767371270903e-10,0.07200543608935564,0.6499004982926251,0.04990674299915554
2.7146155060330415,3.915976928035236,2.771368637528064,88.15407518327444,2.8202587982739673e-11,0.052143950148222235,0.6489215397355408,0.050068338998244144
2.7146155060330415,3.915976928035236,2.771368637528064,88.18640562680523,6.929296350646797e-11,0.05361778577248984,0.6469931198179995,0.0499703050008975
2.7058358990161655,3.917481279405259,2.807517185202052,88.21862026682774,4.918210431756537e-11,0.03592608656076414,0.6457759540254852,0.049885165004525334
2.7058358990161655,3.917481279405259,2.807517185202052,88.25088302000223,2.7931899203878093e-11,0.037114302231441514,0.6438005506671888,0.05011296299926471
2.7058358990161655,3.917481279405259,2.807517185202052,88.28296236074394,6.923718039946207e-11,0.037777261154064705,0.641892342746259,0.049976201000390574
2.693805583452578,3.9200439190566145,2.8403786975993524,88.31499528432602,3.470263309305509e-11,0.02175563692492117,0.6409219162072826,0.04997944799833931
2.693805583452578,3.9200439190566145,2.8403786975993524,88.34702296090677,4.287277321170436e-11,0.023543913214058056,0.6389491558734899,0.05012554799759528
2.693805583452578,3.9200439190566145,2.8403786975993524,88.3787910429456,5.583780835825023e-11,0.023915392790387284,0.6369967860276622,0.04987165200145682
2.679021738065835,3.923127402500906,2.870559420854346,88.41057463202861,2.8480744017416292e-11,0.00927215054288527,0.6362993381983101,0.0499506870037294
2.679021738065835,3.923127402500906,2.870559420854346,88.44231444652495,2.9769792423604646e-11,0.011747755513858652,0.6343360537937046,0.05003627699625213
2.677821867483805,3.921867221180054,2.8912584988148975,88.47393975822452,3.0487278643218444e-11,0.0005915987564836783,0.6325222241314505,0.049998736001725774
2.677821867483805,3.921867221180054,2.8912584988148975,88.5055729452492,3.5651034475387564e-11,0.0005957480679683075,0.6305732765868174,0.0501657589993556
2.677821867483805,3.921867221180054,2.8912584988148975,88.5369111835034,4.6726408539681994e-11,0.0005881391763481302,0.6286492039611956,0.049850119998154696
2.6712223052643616,3.923508142791801,2.9102961895193427,88.56825254070002,3.2503533435320943e-11,-0.007399590918150159,0.6272928712304248,0.0499628780016792
2.6712223052643616,3.923508142791801,2.9102961895193427,88.59953752277929,4.023121951073102e-11,-0.0061608979510713886,0.6253573709892533,0.0500273659999948
2.665084650219235,3.922328072980575,2.932659399987056,88.63070400639862,3.133213311653682e-11,-0.020915523883282525,0.6239421839503695,0.04995091599994339
2.665084650219235,3.922328072980575,2.932659399987056,88.66182090999224,3.751043451634939e-11,-0.019776439632561475,0.6220157309097047,0.05002591099764686
2.665084650219235,3.922328072980575,2.932659399987056,88.69282752327506,5.0274938859067616e-11,-0.020085814557117755,0.6201219096317371,0.050000834999082144
2.662450292820322,3.920043428158133,2.955039982537193,88.72372006763462,5.399411481383278e-11,-0.03580325584422397,0.6184385522450375,0.049952487999689765
2.662450292820322,3.920043428158133,2.955039982537193,88.75462032113481,3.2286425036369784e-11,-0.035737274810412424,0.6165221860931449,0.050120262007112615
2.662450292820322,3.920043428158133,2.955039982537193,88.78531947584995,7.00423713232016e-11,-0.03623443980973801,0.6147041915156591,0.049941345998377074
2.6642674647790527,3.9176934128895846,2.9579003040440197,88.81607013641913,8.03191840666634e-11,-0.042581848121770884,0.612816387253939,0.05017923999548657
2.6642674647790527,3.9176934128895846,2.9579003040440197,88.84665824516952,9.504243477004323e-11,-0.044587473628311884,0.6110310396456146,0.050059828005032614
2.6642674647790527,3.9176934128895846,2.9579003040440197,88.87699140896811,1.4264826170236724e-10,-0.04552546061042356,0.6092576535295944,0.04978708699491108
2.6642674647790527,3.9176934128895846,2.9579003040440197,88.9073507704248,2.522711587472806e-10,-0.04649781832097517,0.6074966757810975,0.049974531000771094
2.6642674647790527,3.9176934128895846,2.9579003040440197,88.93764068157115,8.602548593983158e-10,-0.0474347106187798,0.6057345965636433,0.05000525200011907
2.6642674647790527,3.9176934128895846,2.9579003040440197,88.96794193709997,0.003144076503742787,-0.04839725829523363,0.604022197149551,0.050165797998488415
2.6642674647790527,3.9176934128895846,2.9579003040440197,88.99815057852449,0.008702103518734317,-0.049255493038180324,0.6023444960735919,0.05015176800225163
2.6642674647790527,3.9176934128895846,2.9579003040440197,89.02796909551688,0.014255735315123193,-0.05000865252327467,0.6006718470342344,0.04964194200147176
2.6642674647790527,3.9176934128895846,2.9579003040440197,89.05797120153318,0.019752439471231523,-0.05075056694191239,0.5990207061987811,0.05008525699668098
2.6642674647790527,3.9176934128895846,2.9579003040440197,89.08791027766857,0.02528420003810495,-0.05146935733188132,0.5973591627323979,0.050119054001697805
2.6793030349324733,3.913322885272938,2.899483712134093,89.11750372442913,0.06304519894217692,-0.02479930546073411,0.595363720227671,0.049706500001775566
2.6793030349324733,3.913322885272938,2.899483712134093,89.14726732631192,0.07306348131426715,-0.026519223103685485,0.5939524416531088,0.050111085998651106
2.6793030349324733,3.913322885272938,2.899483712134093,89.17688485124118,0.07864808763687547,-0.026852644508025707,0.5923016218313962,0.05000412600202253
2.6793030349324733,3.913322885272938,2.899483712134093,89.20641258845707,0.08414733007589703,-0.026910745562114778,0.5906593737011657,0.04999114300153451
2.6793030349324733,3.913322885272938,2.899483712134093,89.23595789236916,0.08962557237038721,-0.026938422451456844,0.5890203179576792,0.05016007599624572
2.678948003505863,3.911599542694573,2.8655186078455674,89.26525767882994,0.09546453481290157,-0.010408460279785297,0.5873269292210462,0.049886672997672576
2.678948003505863,3.911599542694573,2.8655186078455674,89.29454266477877,0.10308316044793411,-0.009722834206821143,0.5858054216527012,0.049990978004643694
2.678948003505863,3.911599542694573,2.8655186078455674,89.32371803239513,0.10850614536709738,-0.009480748911112129,0.5841761873505386,0.049942753998038825
2.680901227832281,3.9105065205936222,2.8438746746862726,89.35279648063525,0.11822813540077283,0.004004842947412929,0.5824493720068714,0.0499244219972752
2.680901227832281,3.9105065205936222,2.8438746746862726,89.38190853815257,0.12483382422009967,0.004669042190240464,0.5808786065816607,0.05011728300451068
2.680901227832281,3.9105065205936222,2.8438746746862726,89.41086621969788,0.13018669526984686,0.0052867561475707725,0.5792560897651657,0.04999115599639481
2.676518373082376,3.911735489219728,2.818880378178148,89.43974689706394,0.1261471586422356,0.023771443723223727,0.5776258276456807,0.049998937000054866
2.676518373082376,3.911735489219728,2.818880378178148,89.46855090903786,0.13253782586120197,0.02519411880461594,0.5760504461269801,0.05000258600193774
2.6731772991712535,3.912859773211533,2.7888918568714196,89.49719584919882,0.13004089740802457,0.04804735285325543,0.5743564854946828,0.049873103002028074
2.6731772991712535,3.912859773211533,2.7888918568714196,89.52593497733982,0.1359377791539295,0.049515611304342955,0.5727690276966606,0.05017577199760126
2.6731772991712535,3.912859773211533,2.7888918568714196,89.55464714413714,0.1410515134007486,0.05085014598089151,0.5711593837158723,0.05026997299864888
2.6625139609510526,3.917704265371094,2.766916839357745,89.58297925750392,0.12171405974116542,0.07204450048574601,0.5695999492473379,0.04974037200008752
2.6625139609510526,3.917704265371094,2.766916839357745,89.61132575880849,0.12672858512440643,0.07269816447181315,0.567999296098634,0.04990587400243385
2.6625139609510526,3.917704265371094,2.766916839357745,89.6396576198005,0.1316976059525998,0.07430833998703154,0.5664077114188222,0.050020260001474526
2.638789869463663,3.9276374542456542,2.756447110236666,89.66792839277866,0.0843243318535798,0.08736616334995885,0.5651850449427898,0.05002038399834419
2.638789869463663,3.9276374542456542,2.756447110236666,89.6960892107448,0.08894039821327207,0.08606667216471876,0.5635795186896939,0.04996778100030497
2.638789869463663,3.9276374542456542,2.756447110236666,89.72422789063991,0.0937353255323669,0.08777081217262023,0.5620009028980316,0.050068744996679015
2.60811030973916,3.9400602757811596,2.7662625569713315,89.75226101314959,0.03251376838364892,0.0862150836495066,0.5610586697571056,0.04996469000616344
2.60811030973916,3.9400602757811596,2.7662625569713315,89.78022477959028,0.03708803748664385,0.08463622990661765,0.5594740987740415,0.04998223599977791
2.5804214663851583,3.9502050224556275,2.7874752153474827,89.8081597069945,1.2754165085171465e-10,0.07607374656432396,0.5587799846748446,0.04999271300039254
2.5804214663851583,3.9502050224556275,2.7874752153474827,89.83603036625158,1.654170409130954e-10,0.07459858475805586,0.5571486398887501,0.050023740994220134
2.556862827866902,3.957398184259621,2.8134662103657235,89.8638705146041,3.6544739961575735e-11,0.06460782081179464,0.5570897791571173,0.04997425799956545
2.556862827866902,3.957398184259621,2.8134662103657235,89.89174627089251,4.017345112834176e-11,0.06288207955365549,0.5554083839459483,0.05018965700583067
2.556862827866902,3.957398184259621,2.8134662103657235,89.9193487687517,4.199415606358483e-11,0.06388160427980002,0.5537120457728038,0.049849913993966766
2.540224939302334,3.9616734201629833,2.841123493694897,89.9470077038529,2.3203015976549395e-11,0.05386119921611017,0.5535339600860897,0.04996791000303347
2.540224939302334,3.9616734201629833,2.841123493694897,89.97469689974618,3.965257429434924e-12,0.053032999382250826,0.5518067941313819,0.05017914999916684
2.540224939302334,3.9616734201629833,2.841123493694897,90.00210578976781,1.0714061676195513e-11,0.053770111090963336,0.5500620490151565,0.04982872399705229
2.5234645251648797,3.966691456672669,2.8698008035080873,90.02962917578701,2.8795280706549225e-12,0.04617665549665384,0.5501529668126522,0.0500286060050712
2.5234645251648797,3.966691456672669,2.8698008035080873,90.05712927675924,2.9021411826820896e-12,0.04534573331080286,0.5484400184233924,0.050142403997597285
2.5052191460572573,3.972150691288238,2.8977337983701643,90.08446512982118,2.002860587872989e-12,0.03967006994598921,0.5490080719195634,0.0497913500003051
2.5052191460572573,3.972150691288238,2.8977337983701643,90.11196799535492,2.0016051224282886e-12,0.03855060799619785,0.5472483505907297,0.05025664399727248
2.5052191460572573,3.972150691288238,2.8977337983701643,90.13911562476392,2.185559899553358e-12,0.03905199904399201,0.5454520677016748,0.0497708800030523
2.4804512319267764,3.976802687024249,2.9288375895792824,90.16649090146204,1.5651574005395515e-12,0.030308535807724284,0.5473467486404,0.050014505002764054
2.4804512319267764,3.976802687024249,2.9288375895792824,90.19376307283224,1.5021649523735582e-12,0.02891678582679236,0.5455195383265541,0.049993023996648844
2.4609804321834265,3.9783134476536515,2.9573413128287966,90.22110777206882,1.2101492106264165e-12,0.0191492486458672,0.5470473220695603,0.04998598500242224
2.4609804321834265,3.9783134476536515,2.9573413128287966,90.24836916103521,1.1859793762359026e-12,0.018560853352319183,0.5451574758176339,0.05000644800020382
2.4609804321834265,3.9783134476536515,2.9573413128287966,90.27554703523644,1.285721979934854e-12,0.018755689858852117,0.543265424585329,0.05002687999513
2.441434337302207,3.9799470305815845,2.9843222519025727,90.30278032808972,9.997044210648712e-13,0.010338737569494157,0.5451540424676856,0.04995522500394145
2.441434337302207,3.9799470305815845,2.9843222519025727,90.33007071707006,1.0500808110980427e-12,0.010165718269056918,0.5432154901437994,0.05023860599612817
2.441434337302207,3.9799470305815845,2.9843222519025727,90.35700446313011,9.500121524664793e-13,0.010256731971412069,0.5412676582051815,0.04976049400283955
2.430943464558506,3.9790736486220806,3.005040454288016,90.38409385751885,9.712648655130026e-13,0.00227284642637747,0.5414359435848198,0.05003250099980505
2.430943464558506,3.9790736486220806,3.005040454288016,90.41115508421127,9.855723178959196e-13,0.002403641159975874,0.539506056005123,0.05015926399937598
2.4293094177409116,3.9770510129431367,3.026220090765342,90.43792080623003,9.85823064450878e-13,-0.005512957683671228,0.5378405266961367,0.04976516400347464
2.4293094177409116,3.9770510129431367,3.026220090765342,90.46474388292654,1.0596212901663317e-12,-0.005524168552812502,0.5359318617469025,0.05004941600054735
2.4293094177409116,3.9770510129431367,3.026220090765342,90.49144117890397,1.0273000870228528e-12,-0.005588903364515615,0.5340194006647959,0.049993119995633606
2.420937444214412,3.9752563230413993,3.048199859696476,90.51817392412839,1.0042595502335385e-12,-0.01481684654624166,0.5337481837385624,0.050084939000953455
2.420937444214412,3.9752563230413993,3.048199859696476,90.54473767222599,9.878529119278904e-13,-0.014274478623310485,0.5318450572631812,0.04994640400400385
2.4204439221576743,3.972302888788242,3.0635381173437444,90.5711550558972,1.067614682122448e-12,-0.02204335047463609,0.5299541659500913,0.04984843099373393
2.4204439221576743,3.972302888788242,3.0635381173437444,90.59765392263758,1.0326164465685964e-12,-0.02224373415000399,0.5280814905766359,0.05017950299952645
2.4204439221576743,3.972302888788242,3.0635381173437444,90.62393854567968,8.885175268988191e-13,-0.02246356993168291,0.5261943133472233,0.04995231300563319
2.4218570982391414,3.9698587478391336,3.0510569823816116,90.65015862180299,1.1548414023621875e-12,-0.02270231242552615,0.5239602013202127,0.05004211399500491
2.4218570982391414,3.9698587478391336,3.0510569823816116,90.6762565562775,1.2141654656149005e-12,-0.023088591641528988,0.5221646311779492,0.04998028000409249
2.4218570982391414,3.9698587478391336,3.0510569823816116,90.70225857260506,1.241873473826798e-12,-0.02339372682873185,0.5203589943876146,0.04996938000113005
2.4160042366367933,3.969000341337707,3.0243590477593782,90.728243396466,7.289566004874233e-13,-0.019313772714424974,0.5195765070272843,0.05001154499768745
2.4160042366367933,3.969000341337707,3.0243590477593782,90.7541351185708,1.2370120249934441e-12,-0.018698347433057504,0.5178306411961193,0.05000036700221244
2.4192275649323456,3.967570577643839,3.005117068709425,90.77985948395242,1.3362691163185386e-12,-0.01547846178407723,0.5154196399025462,0.049909556000784505
2.4192275649323456,3.967570577643839,3.005117068709425,90.80563441953112,1.1532659737572957e-12,-0.016141375720869326,0.5136702509888491,0.05017797999607865
2.4192275649323456,3.967570577643839,3.005117068709425,90.83124296072921,1.3047919945138709e-12,-0.016358786641643447,0.5118869621259148,0.050027727003907785
2.4192275649323456,3.967570577643839,3.005117068709425,90.85669832430008,8.871559909213149e-13,-0.016534485373064643,0.5101132351893145,0.04990139799338067
2.4194625181022755,3.9672764952779693,2.994540167614938,90.88210818389172,1.586433059485782e-12,-0.014272611096612858,0.5083480084580719,0.04998516600608127
2.4194625181022755,3.9672764952779693,2.994540167614938,90.90746137799997,1.624897929230709e-12,-0.014530528309865436,0.5066602158930406,0.05003983599453932
2.4194625181022755,3.9672764952779693,2.994540167614938,90.93281344881038,1.7429189364804011e-12,-0.01478254294057091,0.5049565213865463,0.05020644300384447
2.4194625181022755,3.9672764952779693,2.994540167614938,90.95790886968591,1.7378447597618243e-12,-0.014997687497118667,0.5032528171621715,0.04986642899893923
2.413721093313525,3.9679839087891406,2.96769385142755,90.983207818415,1.6500304894408112e-12,-0.008186032853476188,0.5024497175393907,0.050351204998150934
2.413721093313525,3.9679839087891406,2.96769385142755,91.00804180097465,1.813811237518352e-12,-0.007467276480442567,0.5007885006668564,0.0495897619985044
2.413721093313525,3.9679839087891406,2.96769385142755,91.03303213456157,1.6913636959619602e-12,-0.0076502806261731756,0.49911505798845374,0.050069283999619074
2.4104176809889153,3.969559768459842,2.9467879098857677,91.05792545386448,1.82823142398208e-12,-0.0004108608857615855,0.4979479797601941,0.04999180700542638
2.4104176809889153,3.969559768459842,2.9467879098857677,91.08270889140576,1.6191095176265553e-12,-1.385673568493254e-05,0.4962891122162789,0.04993749999994179
2.400097815243849,3.9711192300189437,2.9279871698198927,91.10754104225083,1.6720953737239562e-12,0.0044743908610007195,0.49622846768914497,0.05004176999500487
2.400097815243849,3.9711192300189437,2.9279871698198927,91.13226225999665,1.7326255634362205e-12,0.005558993131164546,0.49458175061074344,0.049984088000201155
2.400097815243849,3.9711192300189437,2.9279871698198927,91.15686911792174,1.8417407461747075e-12,0.005536144966399205,0.492913981042175,0.04992120100359898
2.400097815243849,3.9711192300189437,2.9279871698198927,91.18145945559756,1.880644231381047e-12,0.005556499770715236,0.4912581360718943,0.05005583800084423
2.3931296371947504,3.969952838137683,2.9155202757039,91.20597060055353,1.768816648879996e-12,0.0049551012944271736,0.4906792308228162,0.04995349999808241
2.3931296371947504,3.969952838137683,2.9155202757039,91.23049963911285,1.8506506055909157e-12,0.005738813700870726,0.48906338359351736,0.0501551319975988
2.389579615583933,3.9708428023629594,2.9022130190879762,91.25487037521155,1.7828341874818796e-12,0.009522929932090547,0.4879556500389168,0.04994457200518809
2.389579615583933,3.9708428023629594,2.9022130190879762,91.27913845830439,1.9310600529284816e-12,0.009993326533594613,0.4863266214453884,0.049900790996616706
2.389579615583933,3.9708428023629594,2.9022130190879762,91.30345159023548,1.9229330981689557e-12,0.01004085409239644,0.48468918241917747,0.050162316001660656
2.389579615583933,3.9708428023629594,2.9022130190879762,91.32753238859249,1.702965233606532e-12,0.010120975945050906,0.4830497845075171,0.04985158699855674
2.389579615583933,3.9708428023629594,2.9022130190879762,91.3516429210585,1.9498153539845997e-12,0.01020885533011296,0.4814260788880653,0.050081483997928444
2.3902139356043435,3.9705115733382823,2.9288235765139023,91.37555845551424,2.3661530002159496e-12,0.0025269452188258473,0.4797606697272288,0.049848885006213095
2.3902139356043435,3.9705115733382823,2.9288235765139023,91.39955376543648,2.37088399079319e-12,0.002353211102077843,0.47816554200500044,0.05018201399798272
2.3902139356043435,3.9705115733382823,2.9288235765139023,91.42335669909744,2.4348312300455145e-12,0.002357386391543539,0.47660128379295696,0.04994307499873685
2.3902139356043435,3.9705115733382823,2.9288235765139023,91.44708355319159,2.6578061124728332e-12,0.0023214287853392775,0.47505088745194274,0.04994592099683359
2.3902139356043435,3.9705115733382823,2.9288235765139023,91.47077243547447,2.6130387348305367e-12,0.0023017006713696025,0.47350375214814966,0.05002892199991038
2.3902139356043435,3.9705115733382823,2.9288235765139023,91.49436148850653,2.4626477867872467e-12,0.0022960792268990975,0.47195863976930286,0.0499811870031408
2.3902139356043435,3.9705115733382823,2.9288235765139023,91.51788117531525,3.0698787097990375e-12,0.0023032369614887547,0.4704200138092059,0.0499972070028889
2.3902139356043435,3.9705115733382823,2.9288235765139023,91.54133843450636,3.566537978243991e-12,0.0023258573742668824,0.46890760713540713,0.05002533299557399
2.386996520023261,3.971512999950701,2.945752675822612,91.56471163914844,3.0440553422658847e-12,-0.0023654864205850993,0.46779940209353743,0.04996416100038914
2.386996520023261,3.971512999950701,2.945752675822612,91.5880847125956,3.446873730788539e-12,-0.0018479190630520414,0.4662859062408621,0.05012605599767994
2.383290568311987,3.971700194486238,2.9550466060757703,91.61132459407128,3.0035823870861243e-12,-0.005796170327023401,0.4652281515923005,0.049953730005654506
2.383290568311987,3.971700194486238,2.9550466060757703,91.63450230768079,3.431704901560461e-12,-0.00521814123403865,0.46374229187420973,0.04997972799901618
2.383290568311987,3.971700194486238,2.9550466060757703,91.6575739991085,3.595154655273922e-12,-0.005334943132864443,0.4622824682136482,0.04990821200044593
2.3770164292492533,3.972509631399582,2.9665123357338197,91.68074065993139,3.205999365690157e-12,-0.00986828455684523,0.46152832685566597,0.05019553400052246
2.3770164292492533,3.972509631399582,2.9665123357338197,91.70365786365946,3.613484229032828e-12,-0.008705079607130973,0.46002869967432874,0.04981689999840455
2.3770164292492533,3.972509631399582,2.9665123357338197,91.72660466762932,3.5812897756126616e-12,-0.008835227125381326,0.4585840427676867,0.05003838300035568
2.3712301321689697,3.972270997834923,2.963019650540561,91.74947835526558,3.2291784731222117e-12,-0.010375347571002513,0.45777504198138,0.049967091996222734
2.3712301321689697,3.972270997834923,2.963019650540561,91.77248948711933,3.5714220184113858e-12,-0.009383973682840684,0.4563290459547927,0.05042662100458983
2.3691802951329515,3.9723130492624428,2.9393541574828133,91.79502556758187,3.610456371779052e-12,-0.0028666175688245353,0.4550725212638641,0.049521953995281365
2.3691802951329515,3.9723130492624428,2.9393541574828133,91.8179294953396,3.735384271508312e-12,-0.0025740155034773313,0.4536997176584338,0.050482570004533045
2.3691802951329515,3.9723130492624428,2.9393541574828133,91.84033837782034,3.901084128168969e-12,-0.0027538116216312375,0.45225619552534285,0.049549088995263446
2.364205613913726,3.9731344274614995,2.914731863494958,91.86295780067009,3.6523019769477995e-12,0.004596636994636213,0.4513378327481406,0.05011639000440482
2.364205613913726,3.9731344274614995,2.914731863494958,91.88541190187608,3.9044697779789546e-12,0.005377955001881106,0.44995161865872674,0.0499033679952845
2.364205613913726,3.9731344274614995,2.914731863494958,91.90784612700446,4.30295193060348e-12,0.005324659089384951,0.4485341449449461,0.05001676100073382
2.3584479718442366,3.9743430219788394,2.896237233870243,91.9302168513928,3.776269646833069e-12,0.011132891236241147,0.4476983912051556,0.04996829300216632
2.3584479718442366,3.9743430219788394,2.896237233870243,91.9525564834199,4.014641956185601e-12,0.011967967541858804,0.4463117752740126,0.0500538710039109
2.3533038242580133,3.9757745693578768,2.8872006196134925,91.97481410239634,3.6928455052478885e-12,0.015309764790388427,0.4454224213651176,0.04996968699560966
2.3533038242580133,3.9757745693578768,2.8872006196134925,91.99706031349616,3.9550083426105015e-12,0.016048952325870895,0.4440265513002683,0.05010108299757121
2.3533038242580133,3.9757745693578768,2.8872006196134925,92.01914056806785,4.156353290865208e-12,0.016182513853713724,0.44262057811686795,0.04988528700050665
2.3498670755304922,3.9760241941552295,2.8940782661533446,92.04124825887254,4.054830799850869e-12,0.013117955148436541,0.441608853098732,0.05006170200067572
2.3498670755304922,3.9760241941552295,2.8940782661533446,92.06323860670447,4.3171141736559276e-12,0.01365159676895137,0.4402099335686553,0.0499542290053796
2.3498670755304922,3.9760241941552295,2.8940782661533446,92.08520119383131,4.624849969576307e-12,0.013788272952749158,0.4388208029612081,0.050049101999320555
2.3498670755304922,3.9760241941552295,2.8940782661533446,92.10704989818919,4.546968711826854e-12,0.01393646370103993,0.4374340140525872,0.04994742899725679
2.3498670755304922,3.9760241941552295,2.8940782661533446,92.1288892411006,3.70449360497646e-11,0.014098410184139015,0.43605527086378704,0.05008388699934585
2.3436295128492364,3.976582684232349,2.9340174285761136,92.15062144248859,4.7889327277521986e-12,-0.0005982575871765067,0.43541314154766264,0.04991167999833124
2.3436295128492364,3.976582684232349,2.9340174285761136,92.17232565347919,4.588404808817003e-12,0.0005111114962821103,0.433996257447833,0.05001013400033116
2.3436295128492364,3.976582684232349,2.9340174285761136,92.19395460316389,3.298665011939198e-11,0.0005551789197549555,0.4326257345389618,0.04999459800455952
2.3436295128492364,3.976582684232349,2.9340174285761136,92.21552038343418,5.463482541044143e-12,0.0005492246099382255,0.431262275553671,0.050006182995275594
2.3436295128492364,3.976582684232349,2.9340174285761136,92.23701640417356,6.443779984110355e-12,0.0005557369326888542,0.4299259694332371,0.04999935399973765
2.3436295128492364,3.976582684232349,2.9340174285761136,92.25848012803534,6.776176851421888e-12,0.0005274174333674155,0.4286221315014931,0.050076097999408375
2.3436295128492364,3.976582684232349,2.9340174285761136,92.27982338276581,5.057771544467602e-11,0.0004563623466917768,0.42732079800259026,0.04994667900609784
2.3436295128492364,3.976582684232349,2.9340174285761136,92.30114044390385,8.347383867928444e-12,0.0003992377582764274,0.4260255804472246,0.05003704499540618
2.337956076786778,3.979324489679757,2.9522952283022494,92.3223926308785,6.6836531097953325e-12,-0.0027511479759191426,0.42516509860974394,0.04998572800104739
2.337956076786778,3.979324489679757,2.9522952283022494,92.34358686602678,7.157532443007603e-12,-0.0016484351814894107,0.42384106431018714,0.050005147997580934
2.330721411278926,3.979792058786126,2.9664733966527796,92.3646794586348,3.772943130120289e-11,-0.008486191779759789,0.4231819298426624,0.04984284800593741
2.330721411278926,3.979792058786126,2.9664733966527796,92.38581428303726,1.124218848567451e-11,-0.007194266929971494,0.42184265320928727,0.05010120299994014
2.330721411278926,3.979792058786126,2.9664733966527796,92.40684249985267,6.5595871068073526e-12,-0.007270018719518562,0.42055807003084744,0.05000074499548646
2.3173013240755407,3.9809863336626963,2.978562708009713,92.42789841068968,4.155903905013567e-12,-0.014168708292523806,0.4206061791443339,0.050060869005392306
2.3173013240755407,3.9809863336626963,2.978562708009713,92.44882982931082,4.313036946056367e-12,-0.011632898906213907,0.41927281151405876,0.04992314799892483
2.3049644643299696,3.984135625890608,2.9736170639518025,92.46987857892464,3.3583734301309164e-12,-0.00849513954782794,0.41940273530436634,0.05018743999971775
2.3049644643299696,3.984135625890608,2.9736170639518025,92.49069990069144,3.467343764382049e-12,-0.006848511515231687,0.418030275362563,0.0498081670011743
2.3049644643299696,3.984135625890608,2.9736170639518025,92.51161360512847,3.1578879938198534e-12,-0.006952297743161224,0.41666745238231245,0.05019279599946458
2.2987101528699743,3.985092891703856,2.9573595337807332,92.5323361031568,3.0834101478416077e-12,-0.002522979505766027,0.4161152287648598,0.04979990299761994
2.2987101528699743,3.985092891703856,2.9573595337807332,92.55310969920254,3.583404071334947e-12,-0.0019863310189799028,0.41477875922396396,0.05008355800237041
2.2987101528699743,3.985092891703856,2.9573595337807332,92.5737745901373,3.4669024744488117e-12,-0.0020428450226303184,0.41342713048168,0.04998436099413084
2.2987101528699743,3.985092891703856,2.9573595337807332,92.59438484808648,3.083348033645162e-12,-0.002073330286013078,0.41207505864111,0.05001578600058565
2.2987101528699743,3.985092891703856,2.9573595337807332,92.61490055995715,8.696964167619632e-12,-0.00209581132846344,0.41072747032399676,0.04994969499966828
2.2987101528699743,3.985092891703856,2.9573595337807332,92.63541718083381,4.037966658574632e-12,-0.002112345016548469,0.40943295063534224,0.05010984300315613
2.2987101528699743,3.985092891703856,2.9573595337807332,92.65588926278777,4.45558634630406e-12,-0.002189382362985441,0.40813892493676,0.05015959199954523
2.2987101528699743,3.985092891703856,2.9573595337807332,92.67622106521495,4.919212295382392e-12,-0.002256906664741273,0.40684778024129475,0.049973979002970736
2.287780586289391,3.985955611630114,2.926516452706364,92.69645007396964,3.750932572368098e-12,0.004996909292544532,0.4068110209777942,0.049725812998076435
2.287780586289391,3.985955611630114,2.926516452706364,92.71675234652433,3.3748347341082493e-12,0.005673321620111106,0.40551323120100974,0.05006562299968209
2.287780586289391,3.985955611630114,2.926516452706364,92.73694068191496,1.9871917637746837e-12,0.005719386403072811,0.40418611559933915,0.049948116997256875
2.2813209189686225,3.988557152472259,2.911854383901457,92.7571951850772,3.891226617467598e-12,0.012514324955328743,0.4036899856084664,0.05017341000348097
2.2813209189686225,3.988557152472259,2.911854383901457,92.77725555145234,3.844507187880218e-12,0.012819584485325403,0.4023612513063959,0.04985660599777475
2.2727464839047404,3.9898874366482993,2.9043795656463716,92.79741769410558,2.825756461293141e-12,0.01424812560016817,0.40218333324733213,0.050131721000070684
2.2727464839047404,3.9898874366482993,2.9043795656463716,92.81740248656725,3.130031487801243e-12,0.014536225444932474,0.4008642643298616,0.04985426300117979
2.2727464839047404,3.9898874366482993,2.9043795656463716,92.8374140714537,3.4901270357351957e-12,0.014682356245357455,0.39957305749939376,0.05008241799805546
2.27030662793819,3.992499565701892,2.9103370693366992,92.85729813085516,3.2165131622964903e-12,0.01686521107000147,0.39856229763935214,0.049889464004081674
2.27030662793819,3.992499565701892,2.9103370693366992,92.87722175359333,3.633565874579953e-12,0.01702880392169724,0.39725244486616546,0.05015355599607574
2.27030662793819,3.992499565701892,2.9103370693366992,92.89696046286464,4.082906450421057e-12,0.017224449887889192,0.39594323156109057,0.049852372001623735
2.27030662793819,3.992499565701892,2.9103370693366992,92.91671702647284,4.043133537158768e-12,0.01742381939434215,0.39464666187575537,0.05006139799661469
2.27030662793819,3.992499565701892,2.9103370693366992,92.93639698421016,4.005555001709256e-12,0.017628827079975457,0.39335010903266504,0.05003165700327372
2.27030662793819,3.992499565701892,2.9103370693366992,92.95599187575108,4.2200532021964386e-12,0.01784566307321498,0.3920997229510751,0.049974255001870915
2.27030662793819,3.992499565701892,2.9103370693366992,92.97571578023438,4.442177350640386e-12,0.018068593526610246,0.3908555544258653,0.05046341099659912
2.27030662793819,3.992499565701892,2.9103370693366992,92.99500517952023,4.952430786222566e-12,0.018287633194414645,0.3896031748066145,0.049510374999954365
2.27030662793819,3.992499565701892,2.9103370693366992,93.01442531962198,5.743213480367582e-12,0.01851154127432679,0.3883785905031436,0.050003117001324426
2.27030662793819,3.992499565701892,2.9103370693366992,93.03379615253091,6.348784528748201e-12,0.018744291184695745,0.38714565621770647,0.05003500000020722
2.27030662793819,3.992499565701892,2.9103370693366992,93.0530625355594,6.289844644713727e-12,0.01898486681456586,0.3859159740495615,0.04992377699818462
2.262540409624566,3.9949935557606033,2.9521011098199,93.07237346168212,4.678303409783099e-12,0.007712793838971764,0.3855525113042319,0.050086371003999375
2.262540409624566,3.9949935557606033,2.9521011098199,93.09156213173979,5.045261329490147e-12,0.008151302850620632,0.3843228060068866,0.04992852299619699
2.262540409624566,3.9949935557606033,2.9521011098199,93.11083058594652,5.910568503918709e-12,0.008259033901067359,0.38310772947835237,0.050295132998144254
2.262540409624566,3.9949935557606033,2.9521011098199,93.1298018185456,6.470521962443471e-12,0.008366387493964018,0.3818865216169482,0.04967767000198364
2.262540409624566,3.9949935557606033,2.9521011098199,93.14887164789674,6.4038016132384675e-12,0.008477828248478468,0.3806842658634251,0.05009355799847981
2.2518788373874226,3.9982061371826054,2.9688393268115685,93.16787420489177,2.4702461332004744e-12,0.005920629169839798,0.3806124366691795,0.04992626400053268
2.2518788373874226,3.9982061371826054,2.9688393268115685,93.18687329730788,4.246574239196751e-12,0.0060103091122801905,0.37940331892615703,0.050076242005161475
2.2427171830388515,3.9987910805113827,2.984880095579023,93.2058072391738,3.768367704106703e-12,-0.0004906809811179346,0.3793422386157698,0.04991255899949465
2.2427171830388515,3.9987910805113827,2.984880095579023,93.22474779314062,4.314836498258686e-12,-0.00039190377565278146,0.3780993376002343,0.05009412099752808
2.2427171830388515,3.9987910805113827,2.984880095579023,93.24358243357995,4.451469915541591e-12,-0.00038463868273484416,0.37685505240638617,0.04997847400227329
2.2300087505455757,4.000470913720233,3.0003653957418623,93.26245631253403,3.3268545395045287e-12,-0.00546830634470347,0.37738269756134624,0.05001257099502254
2.2300087505455757,4.000470913720233,3.0003653957418623,93.28127262543218,3.3405396352327545e-12,-0.005195373156682258,0.37610056753244286,0.05003000400029123
2.2087519132500044,4.0021572712691995,3.027386229278218,93.30023731025004,1.712515313435978e-12,-0.015225742315907436,0.3784488546559677,0.05011161900620209
2.2087519132500044,4.0021572712691995,3.027386229278218,93.31900251021905,1.8056078540447088e-12,-0.014131965260328687,0.3771142761413909,0.04975998299778439
2.2087519132500044,4.0021572712691995,3.027386229278218,93.33792950953811,1.9270289211224082e-12,-0.014259066916021891,0.37579740194279354,0.05036490199563559
2.2087519132500044,4.0021572712691995,3.027386229278218,93.35651578027701,2.328259867588904e-12,-0.014382199080192231,0.3744705007095356,0.04963347100419924
2.194118545121015,4.00469015625361,3.0192356578078896,93.37533400324557,1.5505186805611532e-12,-0.011956295112113477,0.3760656451190996,0.0500397290015826
2.194118545121015,4.00469015625361,3.0192356578078896,93.39405605401015,1.7724625833793313e-12,-0.011841681270629338,0.37470872968323354,0.04996427700098138
2.188209840703023,4.006690871516506,2.995244314217563,93.41294325175706,1.3888635295406854e-12,-0.004908928106407661,0.37463110760285406,0.05041545499989297
2.188209840703023,4.006690871516506,2.995244314217563,93.43146134198753,1.42440772029402e-12,-0.005113342240471203,0.3732671443583805,0.04961082299996633
2.188209840703023,4.006690871516506,2.995244314217563,93.45010226092583,1.5318045316432109e-12,-0.005139769631237799,0.37193075858094926,0.050119325998821296
2.188209840703023,4.006690871516506,2.995244314217563,93.46858720578564,1.8006106685184348e-12,-0.005166010181928479,0.3705858499834551,0.049880330996529665
2.188209840703023,4.006690871516506,2.995244314217563,93.4870877070631,2.0163184531456313e-12,-0.005191054452439412,0.36925188497080497,0.050102658999094274
2.188209840703023,4.006690871516506,2.995244314217563,93.50546113237006,2.1022404274653e-12,-0.005215810129589365,0.3679167611740255,0.04993908200412989
2.188209840703023,4.006690871516506,2.995244314217563,93.5237960615895,1.7606217634193503e-12,-0.005239749885224519,0.3665908360347041,0.050014695996651426
2.188209840703023,4.006690871516506,2.995244314217563,93.54211154357711,1.9008792483885535e-12,-0.0052658860435976325,0.3652906104382998,0.05013948200212326
2.188209840703023,4.006690871516506,2.995244314217563,93.56025485183805,1.7771440933972733e-12,-0.0052965506116106524,0.3640064591265366,0.049843369000882376
2.188209840703023,4.006690871516506,2.995244314217563,93.578519848413,1.9464499472433992e-12,-0.00532795831387338,0.3627355291636468,0.050353480997728184
2.188209840703023,4.006690871516506,2.995244314217563,93.59646732102719,2.2158064205382992e-12,-0.005359802151835817,0.36145489860004715,0.04965342200011946
2.1792764968655876,4.00680654088639,2.958423084196854,93.61456062654726,2.2144787109951676e-12,0.001183996045208492,0.3619008746155613,0.04999519699777011
2.1792764968655876,4.00680654088639,2.958423084196854,93.63260767781388,1.0445835684208453e-12,0.0006421032038560311,0.3605880312881066,0.0500489469995955
2.172978067526067,4.008579395073549,2.9431785798862236,93.65060062786623,1.7977468806277608e-12,0.005092885680803699,0.3606267681945214,0.04989355100406101
2.172978067526067,4.008579395073549,2.9431785798862236,93.66858439979295,2.048931521588623e-12,0.004740556300007719,0.35932404834369736,0.05004889600240858
2.168362774422903,4.011096218610909,2.927459480537494,93.6864921553186,1.5359923970960794e-12,0.010816176578013287,0.35902040714774924,0.049879491998581216
2.168362774422903,4.011096218610909,2.927459480537494,93.70448364127033,1.6250492864185735e-12,0.010436039047209928,0.3577236354734072,0.05029437299526762
2.168362774422903,4.011096218610909,2.927459480537494,93.72227355955549,1.9480421178466118e-12,0.010545648038894651,0.356425674875222,0.04991200000222307
2.168362774422903,4.011096218610909,2.927459480537494,93.74002847240328,2.1619669431841935e-12,0.01065686070320441,0.35514226617729505,0.04999380400113296
2.168362774422903,4.011096218610909,2.927459480537494,93.7576799194236,2.325610491757836e-12,0.010767659690932142,0.3538613851902462,0.04988237699581077
2.168362774422903,4.011096218610909,2.927459480537494,93.77535347492605,1.1407728198674136e-12,0.0108779337138396,0.35258801808586854,0.05012523000186775
2.163145147597257,4.013641578227332,2.935430154797388,93.79296249327686,2.0166871451835263e-12,0.011641034543880435,0.3524346838922165,0.049963919998845086
2.163145147597257,4.013641578227332,2.935430154797388,93.81057525890674,2.204368914494965e-12,0.011161059126296212,0.35117959330625603,0.05015315800119424
2.163145147597257,4.013641578227332,2.935430154797388,93.82804504088936,2.3898653557051284e-12,0.011287132821852302,0.349907189966792,0.04992690200015204
2.163145147597257,4.013641578227332,2.935430154797388,93.84543010656192,2.2701408514506853e-12,0.011403276846531207,0.3486475708430603,0.049864296001032926
2.163145147597257,4.013641578227332,2.935430154797388,93.86299362209884,1.9916395289161476e-12,0.011523917769826747,0.3474276635011917,0.05055301399988821
2.163145147597257,4.013641578227332,2.935430154797388,93.88011436916827,1.9178748795350874e-12,0.011662058700388228,0.34619711017024535,0.049453755003924016
2.163145147597257,4.013641578227332,2.935430154797388,93.8973510722296,2.093376647681468e-12,0.011804963123449379,0.3449978051509293,0.04996177599969087
2.163145147597257,4.013641578227332,2.935430154797388,93.91454961557048,2.449814401264284e-12,0.011942820721389113,0.3437902669222899,0.050026265998894814
2.163145147597257,4.013641578227332,2.935430154797388,93.93166967990152,2.797087202880427e-12,0.012080962826754162,0.3425854468740161,0.04997312199702719
2.163145147597257,4.013641578227332,2.935430154797388,93.94874676806593,3.0210970953321694e-12,0.012217836901912891,0.3413865075306598,0.05002273900026921
2.163145147597257,4.013641578227332,2.935430154797388,93.96573877562707,1.952983935358568e-12,0.012353024411988354,0.3401902341734702,0.04994854600226972
2.1451018484525584,4.018791971254153,2.9738351156386638,93.98304547172593,1.5648454224086147e-12,0.006505079454517543,0.3425618378731818,0.050521377997938544
2.1451018484525584,4.018791971254153,2.9738351156386638,94.00001171004747,1.6557749956847066e-12,0.004688076379995651,0.34136301084413995,0.049701454998285044
2.1289315273658462,4.0197653090463,2.9985536521524505,94.0172591446222,1.0109907724333676e-12,-0.002951284707970084,0.3437561326925772,0.05017346000386169
2.1289315273658462,4.0197653090463,2.9985536521524505,94.03425640942089,1.4225765282299208e-12,-0.004407114372198897,0.34248679458294484,0.04962896399956662
2.1289315273658462,4.0197653090463,2.9985536521524505,94.05144194876647,1.3215849140413559e-12,-0.004388525809561054,0.3412239399966086,0.05036440100229811
2.106348751543976,4.020557380871287,3.0244684754912754,94.06865315132254,7.01038834312019e-13,-0.013561005833836275,0.34579538689198414,0.04977279399463441
2.106348751543976,4.020557380871287,3.0244684754912754,94.08587072139139,1.1740987604282184e-12,-0.014514817806867595,0.3444653918482778,0.049983454002358485
2.091050360373739,4.020344753598197,3.047386339087199,94.1032218719623,8.779391040417956e-13,-0.0222137339712331,0.34756308276906045,0.04992230599600589
2.091050360373739,4.020344753598197,3.047386339087199,94.12058108085812,9.633469896099303e-13,-0.02221741998548345,0.34618147019114004,0.050144824002927635
2.091050360373739,4.020344753598197,3.047386339087199,94.13780197219043,1.1306854449818322e-12,-0.022317861275731297,0.3447997475367297,0.04994461699970998
2.088011182337614,4.021890672657347,3.0359578420451148,94.15503462329879,8.858481192971758e-13,-0.019413298700048202,0.3444360618636418,0.05003149500407744
2.088011182337614,4.021890672657347,3.0359578420451148,94.17220044209866,1.0014604113900414e-12,-0.019521761409789163,0.3430658556203591,0.05003651199513115
2.088011182337614,4.021890672657347,3.0359578420451148,94.18931874437888,1.1638937029736783e-12,-0.019606185696962684,0.34169986073319875,0.05009748099837452
2.088011182337614,4.021890672657347,3.0359578420451148,94.20625870687027,2.5321208848657464e-12,-0.019691068567769535,0.34033819104086815,0.04977391000284115
2.088011182337614,4.021890672657347,3.0359578420451148,94.22322860721981,1.1727372845465126e-12,-0.019781471744758403,0.3389298905755569,0.05006905800109962
2.0862841424947387,4.022755136924325,2.99563684872482,94.24010389793582,7.454038170031178e-13,-0.012631821584238024,0.3381605133433317,0.04990319700300461
2.0862841424947387,4.022755136924325,2.99563684872482,94.25696886318245,1.1123499335747127e-12,-0.012767902946264044,0.3368401043402018,0.05006816299282946
2.0862841424947387,4.022755136924325,2.99563684872482,94.27370077907682,1.0269492248822965e-12,-0.012819838647481506,0.33552561537625447,0.04986777500016615
2.0862841424947387,4.022755136924325,2.99563684872482,94.2905229613441,9.680430945281483e-13,-0.012870805494846529,0.3342216528724902,0.050332413004070986
2.0862841424947387,4.022755136924325,2.99563684872482,94.30709006307585,9.579015018381644e-13,-0.01292309251212901,0.3329106563663082,0.049764408002374694
2.0862841424947387,4.022755136924325,2.99563684872482,94.32380822509023,1.1160555873014571e-12,-0.0129747891359198,0.3316196317205427,0.0504136679955991
2.0862841424947387,4.022755136924325,2.99563684872482,94.34020212184255,1.288613784881174e-12,-0.013027014835053148,0.33022798931658687,0.049644177001027856
2.0862841424947387,4.022755136924325,2.99563684872482,94.35660825618088,1.0740663687129225e-12,-0.013080106788826266,0.3289577855704891,0.04987306900147814
2.0773151317037484,4.026145368488344,2.946017338541792,94.37324567422587,7.547792595287451e-13,-0.00271033511134083,0.3304011055693603,0.050355212995782495
2.0773151317037484,4.026145368488344,2.946017338541792,94.38966409319154,1.1132726569435072e-12,-0.00355725359428983,0.32909798953739816,0.049889150002854876
2.0773151317037484,4.026145368488344,2.946017338541792,94.40612518524514,1.149149095050041e-12,-0.0035556560383509014,0.3278233270747787,0.05021330300223781
2.0676979277599847,4.028976843107626,2.9256780761492327,94.4224526865113,1.0797088363420544e-12,0.0006945655743853174,0.3295422358666537,0.04954600500059314
2.0676979277599847,4.028976843107626,2.9256780761492327,94.43887227785254,9.770742989658769e-13,-0.00025599266461867425,0.32825770074815813,0.050020429996948224
2.0630038321811264,4.031843413051667,2.9060254752665458,94.45527417148674,9.899285616404543e-13,0.004950039737230274,0.328382036767068,0.049947596999118105
2.0630038321811264,4.031843413051667,2.9060254752665458,94.47169913519184,1.094919120486759e-12,0.004375548086682734,0.3270870626049625,0.05021587700321106
2.0630038321811264,4.031843413051667,2.9060254752665458,94.48800258645538,2.3980167315278425e-12,0.004417239595982784,0.32578121711472213,0.05004417199961608
2.054634735465164,4.033654214260831,2.8895073487660996,94.50433227291067,1.0143108994011116e-12,0.006923107397050161,0.3272458187755967,0.0499003669974627
2.054634735465164,4.033654214260831,2.8895073487660996,94.52066293511983,9.009629809306866e-13,0.005870174253752483,0.32594540161502283,0.05010244699951727
2.054634735465164,4.033654214260831,2.8895073487660996,94.53690607707352,8.652018236992656e-13,0.005927065695690328,0.32464279617390024,0.05003389000194147
2.054634735465164,4.033654214260831,2.8895073487660996,94.5530620755301,7.995390231213903e-13,0.005983473805969341,0.32316301445291107,0.049993339998763986
2.054634735465164,4.033654214260831,2.8895073487660996,94.56906597326274,7.986018820641621e-13,0.0060400687907934125,0.32188969794198,0.04971857700002147
2.043855977478201,4.0364778787498325,2.9025148889663788,94.58528457077225,7.950843729731494e-13,0.004497045858397953,0.3242515102017846,0.05001857200113591
2.043855977478201,4.0364778787498325,2.9025148889663788,94.60151387280385,6.905638830821274e-13,0.0032793770059538555,0.32297414769693594,0.050249539002834354
2.043855977478201,4.0364778787498325,2.9025148889663788,94.61755345690186,7.40141055292505e-13,0.0033362312898679173,0.32166893752886844,0.049863639993418474
2.040155136426252,4.038366327639442,2.910710978468696,94.6336747236562,8.184890953236975e-13,0.00331531615917496,0.3217076888374264,0.05011153700615978
2.040155136426252,4.038366327639442,2.910710978468696,94.64972000605441,7.891902303849114e-13,0.002887658892175465,0.3204386599260113,0.050072866994014475
2.0347108850439035,4.040449219737062,2.9147464592833203,94.66567163035674,8.214637401656228e-13,0.0032986558323994924,0.32084371938876344,0.04971773900615517
2.0347108850439035,4.040449219737062,2.9147464592833203,94.68173924733414,8.096444488027679e-13,0.002616386294026955,0.31957797871655524,0.05027760999655584
2.0347108850439035,4.040449219737062,2.9147464592833203,94.69759287488195,8.807463799604601e-13,0.002659115440280704,0.3182840227027151,0.0498096869996516
2.0232546222751076,4.042673492140567,2.9259095148119627,94.71360819736782,6.977659377025521e-13,0.0007842874771138222,0.3211300004445604,0.04987177300063195
2.0232546222751076,4.042673492140567,2.9259095148119627,94.72966831471541,7.775320911672582e-13,-0.0005149599127236529,0.31984117963604985,0.05021278800268192
2.0232546222751076,4.042673492140567,2.9259095148119627,94.74554387993429,4.175732521087157e-13,-0.00048590352116125986,0.31852534893113876,0.04984082200098783
2.0117965904999715,4.045793370319285,2.935717594710159,94.76163000757583,5.502551598846812e-13,-0.0012635365370552247,0.32127699946577354,0.050069340999471024
2.0117965904999715,4.045793370319285,2.935717594710159,94.77763217307515,6.224152905008927e-13,-0.0024721322714942196,0.3199836138505516,0.050009327998850495
2.0117965904999715,4.045793370319285,2.935717594710159,94.79353053974259,6.996666246250025e-13,-0.0024454724072572476,0.3186670944541478,0.04989020499488106
1.997621795822795,4.048983909090818,2.951061999831069,94.8096841537161,5.838650464474511e-13,-0.004468116624757943,0.3229689294061606,0.050016000001051
1.997621795822795,4.048983909090818,2.951061999831069,94.82578039193665,5.219252847968316e-13,-0.005783557291983035,0.32165559656748016,0.05004184100107523
1.9893589702515202,4.052308441789966,2.9634885878103887,94.84192676694639,4.812833131802022e-13,-0.005997279103055935,0.32383174855056907,0.049860382998303976
1.9893589702515202,4.052308441789966,2.9634885878103887,94.85807653835954,4.543472280986012e-13,-0.006733170805662332,0.32209614868235503,0.0501395980027155
1.9893589702515202,4.052308441789966,2.9634885878103887,94.87411020451945,4.034415841407289e-13,-0.006715260250057641,0.32075354363546166,0.049987495003733784
1.9893589702515202,4.052308441789966,2.9634885878103887,94.89012567947825,4.460274312715776e-13,-0.006718185419998748,0.31942650850424154,0.050138214995968156
1.9893589702515202,4.052308441789966,2.9634885878103887,94.90605285456819,5.115035235366917e-13,-0.006717421639050893,0.31810085172406516,0.0500695770024322
1.9893589702515202,4.052308441789966,2.9634885878103887,94.92188807263196,5.773558072183699e-13,-0.006718013682434943,0.31678264459745903,0.04998764400079381
1.9893589702515202,4.052308441789966,2.9634885878103887,94.93766783837806,3.064039926707691e-13,-0.006719987939231255,0.31547212939844893,0.050019523994706105
1.9893589702515202,4.052308441789966,2.9634885878103887,94.95333726308012,4.773386336687299e-13,-0.006724915914292267,0.3141739855318107,0.04987499100388959
1.9893589702515202,4.052308441789966,2.9634885878103887,94.96899366897217,5.75660803708047e-13,-0.00672052693034239,0.3124643872577436,0.050106208997021895
1.9893589702515202,4.052308441789966,2.9634885878103887,94.98454236834839,5.456762238614362e-13,-0.006714881143962696,0.3111903768676843,0.049965231999522075
1.9893589702515202,4.052308441789966,2.9634885878103887,95.00004226781058,5.493817848645087e-13,-0.006708993446251804,0.30992496471988135,0.050011781000648625
1.9893589702515202,4.052308441789966,2.9634885878103887,95.01540747888995,4.806994998372689e-13,-0.006705032180167659,0.3086636007464049,0.049779796005168464
1.9893589702515202,4.052308441789966,2.9634885878103887,95.03078667621672,4.85742153034383e-13,-0.006702323680051003,0.30741330144525963,0.05002775499451673
2.0066691091012903,4.047292690887757,2.891147251778237,95.04575735996677,5.944602682473307e-13,0.0009598943387645383,0.29960696942651244,0.049967742001172155
2.0066691091012903,4.047292690887757,2.891147251778237,95.0606503195663,7.962760255499231e-13,0.0034972109000057446,0.29795358366763003,0.049984160003077704
2.0066691091012903,4.047292690887757,2.891147251778237,95.07551816898967,8.017995035341082e-13,0.0034677086579996954,0.29681610048074686,0.0500911150011234
2.0066691091012903,4.047292690887757,2.891147251778237,95.09027348124901,7.694003560186816e-13,0.0035389494537975833,0.2956555851309439,0.049907097993127536
2.0066691091012903,4.047292690887757,2.891147251778237,95.1049939939392,7.710276036196081e-13,0.003586112601418372,0.2945049547787867,0.049983922006504145
1.9960677474556592,4.050184349314461,2.852345323492228,95.11986518504138,7.873916065534251e-13,0.00919335291164002,0.297177271903194,0.050041481998050585
1.9960677474556592,4.050184349314461,2.852345323492228,95.13466856749288,7.194372446838756e-13,0.007491078290300123,0.29599257349143504,0.050012681997031905
1.9926830150973356,4.05287084950292,2.843879530300791,95.14944370869344,6.803391703575603e-13,0.01042175678408901,0.29618779974426207,0.049884368003404234
1.9926830150973356,4.05287084950292,2.843879530300791,95.16422847284547,7.353472788088254e-13,0.00986943646744061,0.2950302553354557,0.05011270500108367
1.9926830150973356,4.05287084950292,2.843879530300791,95.17891237039895,6.714003479398668e-13,0.009936600823625187,0.2938446080098954,0.04997164199448889
1.9904500289383482,4.05631809889731,2.858583435200781,95.19359696252155,6.123979870679774e-13,0.010984118947026111,0.29372173154149256,0.04999491200578632
1.9904500289383482,4.05631809889731,2.858583435200781,95.20822721721137,7.28295492635252e-13,0.01059716373120357,0.292610220330853,0.04999912399944151
1.9904500289383482,4.05631809889731,2.858583435200781,95.22284077230739,4.425705345415654e-13,0.01071835419383276,0.29143857849087057,0.05014282999763964
1.9902858679620892,4.05932433464599,2.8736798767800646,95.23734711515279,4.907682715202159e-13,0.0118325360974413,0.29055407018176505,0.04992648299958091
1.9902858679620892,4.05932433464599,2.8736798767800646,95.25187517975154,7.455289513747039e-13,0.011756377502811177,0.28947501957716376,0.050187628003186546
1.9902858679620892,4.05932433464599,2.8736798767800646,95.26625289724984,7.161411092577834e-13,0.01192297036804983,0.288329286835227,0.049865615997987334
1.9852802125071487,4.0613180888085045,2.8766171829315,95.2806746383675,5.633006000524015e-13,0.012575985957308728,0.28912419272596374,0.04988078300084453
1.9852802125071487,4.0613180888085045,2.8766171829315,95.29507270330835,6.484621511105797e-13,0.011558834540234814,0.2880090507460517,0.04999170999508351
1.9840759774025691,4.063847750913888,2.8785591088884726,95.30945298770051,5.468769927071123e-13,0.013702178409555697,0.28748568556819487,0.05002087100001518
1.9840759774025691,4.063847750913888,2.8785591088884726,95.32376886633627,6.425143466857277e-13,0.01339031501023174,0.28639279663975964,0.04998686700128019
1.9840759774025691,4.063847750913888,2.8785591088884726,95.33804010163469,7.266028721212693e-13,0.013531127131931796,0.2852477895837727,0.05003101100010099
1.980521114121159,4.0647560938390415,2.899470444902592,95.35230874667525,5.538930162873673e-13,0.011167824611754364,0.28545793301320094,0.04998510600125883
1.980521114121159,4.0647560938390415,2.899470444902592,95.36652554062425,5.610629921780266e-13,0.010473402768800412,0.2843609084174936,0.04999559900170425
1.9711312045921894,4.067039178320046,2.9183448239191847,95.38084800600926,5.37844417153584e-13,0.008705534750123908,0.28684146013624867,0.04993164299958153
1.9711312045921894,4.067039178320046,2.9183448239191847,95.39516952867335,4.775231062432888e-13,0.0067400462406221025,0.28574501386738954,0.05011993899825029
1.9711312045921894,4.067039178320046,2.9183448239191847,95.40937699225167,5.202992748134739e-13,0.0068598836501267725,0.2845627412139926,0.04992735000269022
1.9597616300210983,4.067603862275738,2.9425645013721926,95.42377496635534,5.262794977270736e-13,0.002340166385251431,0.28778712063211154,0.05002994599635713
1.9597616300210983,4.067603862275738,2.9425645013721926,95.43810143962105,5.158782034908674e-13,0.00040127878241767983,0.28663630036546844,0.049981364005361684
1.9527376620122876,4.069868568687602,2.9589710242379867,95.4524826338012,4.786253437040019e-13,-0.0006859687096954826,0.28843398510097545,0.04985956899326993
1.9527376620122876,4.069868568687602,2.9589710242379867,95.4668834807521,3.7853443324932193e-13,-0.00178674680313964,0.287295952570712,0.05012547800288303
1.9527376620122876,4.069868568687602,2.9589710242379867,95.48122138414475,4.1701164632784113e-13,-0.0017238542638663566,0.2861014935483656,0.050114744997699745
1.9460486849628413,4.071785909338188,2.977644180963758,95.4956252613586,4.694779350407084e-13,-0.003321194930195081,0.2878097890723426,0.050046516000293195
1.9460486849628413,4.071785909338188,2.977644180963758,95.5099385233645,3.4406231205342867e-13,-0.004266748703469864,0.2866540404629889,0.04993218299932778
1.9460486849628413,4.071785909338188,2.977644180963758,95.52418570501504,8.306153729245468e-13,-0.004227920376323875,0.2854615973694525,0.04990927600010764
1.931302286317205,4.073061528740832,2.997695115765037,95.53868740002771,3.625408279462728e-13,-0.008004888413396943,0.29058143119873786,0.049905787003808655
1.931302286317205,4.073061528740832,2.997695115765037,95.55325433728493,4.2464532486083023e-13,-0.009671353831669989,0.28938830845328206,0.050336993001110386
1.931302286317205,4.073061528740832,2.997695115765037,95.5675926115993,4.080573644901914e-13,-0.009667055994740825,0.2881594171170572,0.0497581320014433
1.931302286317205,4.073061528740832,2.997695115765037,95.58193942651293,3.9703760073000317e-13,-0.009684271111915886,0.2869652358637195,0.0499949579971144
1.931302286317205,4.073061528740832,2.997695115765037,95.59623992897451,4.141750009115994e-13,-0.009684481465850514,0.2857699224725985,0.05004201400151942
1.931302286317205,4.073061528740832,2.997695115765037,95.61046040960345,3.9657280724676334e-13,-0.009686203580004733,0.2845787035832132,0.04997029099467909
1.931302286317205,4.073061528740832,2.997695115765037,95.62468741518735,3.324686347879376e-13,-0.00968892527107193,0.2833942015338108,0.05020217600394972
1.931302286317205,4.073061528740832,2.997695115765037,95.63879869377845,3.7148170781485176e-13,-0.009693334711367105,0.2822091472479362,0.0500029100003303
1.9226676895110226,4.072051832883282,2.983989452146886,95.65294370535327,3.161242067235206e-13,-0.01081449743837841,0.2846200366689345,0.049697877002472524
1.924461651256667,4.072855683541289,2.9710270131689853,95.66710456946223,4.1015037190210787e-13,-0.009224010064016002,0.2827325767922024,0.05008571799407946
1.9232139524969922,4.073282309611201,2.9602713635377684,95.68121286999963,3.8872235766108887e-13,-0.007961365624887742,0.2821393880582845,0.05000471800303785
1.9232139524969922,4.073282309611201,2.9602713635377684,95.69526404153787,4.238041651269611e-13,-0.008077038098953212,0.2809560912097314,0.05001198399986606
1.9232139524969922,4.073282309611201,2.9602713635377684,95.70925565378633,2.957471900395465e-13,-0.008084837198252657,0.2797773694530628,0.05000980699696811
1.915444576932947,4.073316961247268,2.9472038382656147,95.7233545838667,2.2455178330434658e-13,-0.008389753768406377,0.2819994639239822,0.04999630100064678
1.915444576932947,4.073316961247268,2.9472038382656147,95.73746694979917,5.076794886488022e-13,-0.008979240166837484,0.2808032206852856,0.0502571370016085
1.915444576932947,4.073316961247268,2.9472038382656147,95.75137955870434,4.14854765030491e-13,-0.008997956613505054,0.2796152577547737,0.049756257998524234
1.9037550237075676,4.074606431445969,2.9265323419898683,95.7656213871666,3.2825985499869987e-13,-0.008558405181954415,0.2838506989671347,0.05017366000538459
1.9037550237075676,4.074606431445969,2.9265323419898683,95.77977698232608,3.0616833304218973e-13,-0.00923321329820456,0.28263790814192247,0.05008385199471377
1.902194889040475,4.075600964364001,2.902569948561611,95.79382382835999,3.365609820310658e-13,-0.006585093253664723,0.2822712677695835,0.04976364100002684
1.902194889040475,4.075600964364001,2.902569948561611,95.80794646501796,3.434701059447239e-13,-0.0066940828765784215,0.2810778184994248,0.05024457900435664
1.902194889040475,4.075600964364001,2.902569948561611,95.82186410754997,3.100597996868811e-13,-0.006700537555660657,0.2798773425504829,0.049727649995475076
1.9088702324352882,4.077190952614551,2.8825998181668826,95.83565249162162,3.506193812170671e-13,-0.0020065083497714147,0.2758829066852253,0.049979117000475526
1.9088702324352882,4.077190952614551,2.8825998181668826,95.84940767120447,3.0874850763178645e-13,-0.001621775734451862,0.27473221961540245,0.05006758800300304
1.906260640256286,4.079087722839208,2.8681569520210073,95.86314494825514,3.619447110932494e-13,0.0007259328644871011,0.2749712098909861,0.04995896499895025
1.906260640256286,4.079087722839208,2.8681569520210073,95.87690435741273,3.81048031756825e-13,0.00046334204527708953,0.2738225043540525,0.050249373001861386
1.906260640256286,4.079087722839208,2.8681569520210073,95.8904631613691,3.781284116359721e-13,0.00048349407629879346,0.27265971883128803,0.04972793199704029
1.8948718917214311,4.080622513608076,2.8561661790147497,95.90432679068275,3.418526215313725e-13,0.0002744465516615624,0.2768752979208289,0.05007174499769462
1.8948718917214311,4.080622513608076,2.8561661790147497,95.91808708098948,2.331333164645019e-13,-0.0007217338438754329,0.27569160229132433,0.04991189500287874
1.8948718917214311,4.080622513608076,2.8561661790147497,95.93181704088059,6.727439906884655e-13,-0.0007256097797719949,0.2745116725362254,0.0500159419971169
1.8883325320724968,4.08317928924021,2.843916343359234,95.94567780247436,2.1654855092947988e-13,0.0008292802668752458,0.2767207319313844,0.05008934999932535
1.8883325320724968,4.08317928924021,2.843916343359234,95.95943387653045,3.4506002734149543e-13,0.0003349034653368578,0.27554817294602185,0.04992257400590461
1.8887963046893976,4.084634988100248,2.852693676697344,95.97316163724074,3.2351284286042554e-13,0.0007653022490104362,0.2743432292149693,0.05003863499587169
1.8887963046893976,4.084634988100248,2.852693676697344,95.98681748089034,3.1772243041482483e-13,0.0007925078251127071,0.2731881696283444,0.049986951002210844
1.8887963046893976,4.084634988100248,2.852693676697344,96.00041207667826,3.4073855781129775e-13,0.0008214248490089641,0.27202380379892527,0.04997575799643528
1.8924830077867134,4.085550056284527,2.8706672189312137,96.0139083252793,5.416904841008329e-13,0.000746930101806538,0.2692686135945822,0.05012187800457468
1.8924830077867134,4.085550056284527,2.8706672189312137,96.02735324772539,3.8264072416288705e-13,0.0010283555542556797,0.26814610068372,0.05014028699952178
1.8924830077867134,4.085550056284527,2.8706672189312137,96.04064508647208,3.566974905012688e-13,0.0010779468045059926,0.2670091533920548,0.04978046099859057
1.8924830077867134,4.085550056284527,2.8706672189312137,96.05394964767225,3.556437163809095e-13,0.0011028717947638947,0.26588307476233797,0.05003914300323231
1.8924830077867134,4.085550056284527,2.8706672189312137,96.06718312332418,3.8800059976678283e-13,0.0011231378061000979,0.26475556921678056,0.049983747994701844
1.8924830077867134,4.085550056284527,2.8706672189312137,96.08034421876916,3.760870020803414e-13,0.0011418144162389048,0.26363552667315665,0.049921555000764783
1.8875251092858334,4.086796586532026,2.8831573885990545,96.09364176866927,3.5285090827881734e-13,-0.0001147485646160577,0.2649472717644254,0.050189419998787344
1.8875251092858334,4.086796586532026,2.8831573885990545,96.10678380427117,2.517036445056201e-13,-0.0005586696749701381,0.2638252868887479,0.04981340400263434
1.8866554668473736,4.087903279099383,2.902597643361606,96.11996694146438,3.6078263696355874e-13,-0.0016523438441622873,0.2632530011086946,0.05007782299799146
1.8866554668473736,4.087903279099383,2.902597643361606,96.13304996518404,2.5201261507960207e-13,-0.0017146510748783377,0.2621458268814955,0.04990742700465489
1.8764230723986883,4.093075128171864,2.9189807070851095,96.14638811562206,3.34353143048872e-13,-0.0012917346503429198,0.26654100674866443,0.050041645001329016
1.8764230723986883,4.093075128171864,2.9189807070851095,96.15965051699439,3.6326312413250927e-13,-0.0021939188732907145,0.2654528668234366,0.04996141699666623
1.8764230723986883,4.093075128171864,2.9189807070851095,96.17288530395153,3.766598316168092e-13,-0.002148500797559945,0.264309176398148,0.05007312700035982
1.8579023873184817,4.095562833350696,2.9347471883596983,96.18649844756207,3.625129296851509e-13,-0.005348868041197541,0.27254753721688957,0.04994777699903352
1.8579023873184817,4.095562833350696,2.9347471883596983,96.20006205456637,3.8285411617238413e-13,-0.006617817847093648,0.27138342356238243,0.04997949700191384
1.8579023873184817,4.095562833350696,2.9347471883596983,96.2135724568419,3.8047048777585784e-13,-0.006631102901994672,0.2702003772424913,0.05000141899654409
1.8490430469379453,4.09857671379791,2.9226838433953355,96.22729421092409,3.0241506380162263e-13,-0.0053064385974328785,0.2739604396780937,0.05008662600448588
1.8490430469379453,4.09857671379791,2.9226838433953355,96.24091127708799,2.990582359612142e-13,-0.005730089549585557,0.2727818223005184,0.0499192579954979
1.8490430469379453,4.09857671379791,2.9226838433953355,96.25455240939364,3.1671700989922195e-13,-0.005732404040701716,0.2715945174414743,0.05022609599836869
1.8490430469379453,4.09857671379791,2.9226838433953355,96.26810094804726,3.334833965996599e-13,-0.005736213647706102,0.27040701228615033,0.05010424300417071
1.8490430469379453,4.09857671379791,2.9226838433953355,96.28150679808263,3.7870457064681885e-13,-0.00573840864385469,0.26922761848147286,0.04979373999958625
1.843026357785307,4.099879347844359,2.9105142097470527,96.29509085980578,3.893051637465314e-13,-0.00511006032418915,0.2713397533734358,0.050062925001839176
1.843026357785307,4.099879347844359,2.9105142097470527,96.30855809124425,4.077337408404575e-13,-0.005374410297502254,0.2701608441087637,0.04984893900109455
1.843026357785307,4.099879347844359,2.9105142097470527,96.32199780066156,4.100674783216248e-13,-0.005379721859153213,0.2689835312411884,0.04996480399859138
1.843026357785307,4.099879347844359,2.9105142097470527,96.33542421346607,3.8674195938911947e-13,-0.005383934755352448,0.26780957305165926,0.050134177996369544
1.843026357785307,4.099879347844359,2.9105142097470527,96.34878464373102,3.1300904356347133e-13,-0.005387703089224091,0.26663675475826654,0.05010723400482675
1.8326762923188524,4.100274970219995,2.898584188850546,96.3622738552167,3.02340986426626e-13,-0.006487025491052761,0.2708889201692879,0.049796098996012006
1.8326762923188524,4.100274970219995,2.898584188850546,96.3757469433114,3.1717578813445607e-13,-0.006834645980952683,0.2697098896051531,0.04995400099869585
1.8326762923188524,4.100274970219995,2.898584188850546,96.38919704827576,3.2659032429563643e-13,-0.006846115028634255,0.2685277825568734,0.05008831799932523
1.816283366120717,4.1047409558596675,2.8807364600267564,96.40315481169972,2.379593002327393e-13,-0.006257745869472686,0.2768087880570029,0.050423845001205336
1.816283366120717,4.1047409558596675,2.8807364600267564,96.41680571642496,1.5617739252066588e-13,-0.006486321725587346,0.27560714247265955,0.049530301002960186
