x,y,theta,s0,v,omega,w,time_elapsed
-0.06597416808372478,0.07717067726488416,-0.001331693364189949,0.23478210626938953,0.0823023404206958,1.3640008265987313e-15,0.998274368392752,0.23518795403651893
-0.06597416808372478,0.07717067726488416,-0.001331693364189949,5.150149528903287,0.12931878053045087,-0.24289605508980378,0.9991478450197296,4.919559649890289
-0.06597416808372478,0.07717067726488416,-0.001331693364189949,5.194904244668534,0.9999999999999973,-0.056757855619398556,0.9844654869453887,0.04546092916280031
-0.06597416808372478,0.07717067726488416,-0.001331693364189949,5.244294893570293,0.9999999999846689,-0.09689778751625319,0.9906904577274336,0.04985477402806282
-0.06597416808372478,0.07717067726488416,-0.001331693364189949,5.293921724355892,0.9999999999492085,-0.09363590039905174,0.9905862313631708,0.050098445964977145
-0.06597416808372478,0.07717067726488416,-0.001331693364189949,5.343266310542907,0.9999999999553779,-0.08924415350996527,0.9903804804964539,0.04982386785559356
-0.06944731770091037,0.10919146433035888,-0.027645459851944148,5.3929288333278285,0.9999999999480672,-0.14156454028500715,0.9905017143317602,0.050138755002990365
-0.06944731770091037,0.10919146433035888,-0.027645459851944148,5.442325114486595,0.9999999999652186,-0.13062774155307527,0.9904755801168719,0.04987127613276243
-0.04659141731938122,0.14426425511677934,-0.04099330501375272,5.4919405636152225,0.9999999999999976,-0.22808512168937456,0.9920607312853321,0.0500125118996948
-0.04659141731938122,0.14426425511677934,-0.04099330501375272,5.5415596869282195,0.9999999999995378,-0.21725049342388048,0.992214603062381,0.05000845901668072
-0.008441108711749998,0.1479512683504235,-0.059761319833761775,5.591473340639108,0.9999999999998582,-0.19455916442579968,0.9935307149853875,0.05023866193369031
-0.008441108711749998,0.1479512683504235,-0.059761319833761775,5.641210917499092,0.9999999999984648,-0.18247066256324468,0.9934742632972628,0.0500642831902951
0.06306034601907363,0.14836187032634346,-0.07837440216270758,5.690664051108676,0.9101283964425189,-0.16055561679026364,0.9950308072384478,0.04970010300166905
0.06306034601907363,0.14836187032634346,-0.07837440216270758,5.740360499131291,0.9221745408006732,-0.14311555334611326,0.9952057336284786,0.049935853807255626
0.06306034601907363,0.14836187032634346,-0.07837440216270758,5.790402151754676,0.9308901270293475,-0.13755320383552738,0.9950546890526776,0.05029035406187177
0.15708312151767,0.14284096927456466,-0.10348583137931795,5.839969686801882,0.7516188816069354,-0.09059306789554755,0.9961852481919624,0.04975734697654843
0.15708312151767,0.14284096927456466,-0.10348583137931795,5.893210920955785,0.7649334949726713,-0.06984282920664295,0.99639936804954,0.05343362898565829
0.24569340827050282,0.13505941348196207,-0.1180203502015034,5.939628573434272,0.595896720225051,-0.04253238661309772,0.9975225807326451,0.046532934065908194
0.24569340827050282,0.13505941348196207,-0.1180203502015034,5.989557729611758,0.6064927004839883,-0.02104648549382,0.9976158761440995,0.050048477947711945
0.335237179041489,0.12262528077547992,-0.1340584207868212,6.039479154065044,0.43313278530671173,0.02096755947672844,0.9984871982352442,0.04999706009402871
0.335237179041489,0.12262528077547992,-0.1340584207868212,6.089431308766911,0.444008883055161,0.04154444659061447,0.99847973237178,0.05002821097150445
0.40187896048475646,0.10956848269949472,-0.14980956324400657,6.139229606374919,0.31426596400375667,0.08894911560581983,0.9987454985574441,0.04986084811389446
0.40187896048475646,0.10956848269949472,-0.14980956324400657,6.189250442764656,0.3236735542197616,0.10152153781444141,0.9986437777024249,0.050088767893612385
0.46102300695395004,0.09455928343630035,-0.15903171403392372,6.239082340995757,0.20650067102070252,0.14565525243795363,0.9986640743741303,0.04989855899475515
0.46102300695395004,0.09455928343630035,-0.15903171403392372,6.289061492468286,0.21330830831428263,0.15141936109666573,0.998455195629831,0.050056478939950466
0.510594321124277,0.07792161366819701,-0.166687928281812,6.338924730406007,0.11194952496419981,0.197924813257499,0.9980868437163462,0.04995881696231663
0.510594321124277,0.07792161366819701,-0.166687928281812,6.388921872108174,0.11623909482922094,0.19531720292454705,0.997867128222545,0.05010400712490082
0.5497219932753532,0.06837807995680191,-0.16782786811990136,6.438811239080979,0.04006612777406603,0.21619543973578217,0.9978731585952035,0.049995699897408485
0.5702260077471037,0.05332464558446414,-0.1554378776520293,6.4890833821178715,2.8740479440791944e-10,0.23435027261157282,0.9970509189487783,0.05042083817534149
0.5702260077471037,0.05332464558446414,-0.1554378776520293,6.538425723347734,2.462177057903906e-08,0.23004379164179756,0.9969276799333557,0.04949440388008952
0.5702260077471037,0.05332464558446414,-0.1554378776520293,6.588250036883154,0.004378748929689697,0.23573894218723085,0.9967046274968723,0.049989046063274145
0.5702260077471037,0.05332464558446414,-0.1554378776520293,6.638090886751024,0.011148189958215347,0.2414485098765653,0.9965216293456736,0.05001481994986534
0.5702260077471037,0.05332464558446414,-0.1554378776520293,6.687951822123062,0.01794488561652202,0.2471961317907414,0.9963386833799016,0.05004416289739311
0.5702260077471037,0.05332464558446414,-0.1554378776520293,6.737794489591652,0.024747722500442527,0.2530375160624979,0.9961585463407374,0.050034874118864536
0.5702260077471037,0.05332464558446414,-0.1554378776520293,6.787665151951238,0.032414445181873815,0.2590419793084605,0.9959474138439903,0.05007358989678323
0.5808033698233392,0.03884609094560544,-0.09424744556000494,6.837376683565936,0.011604098468575866,0.25820116159622275,0.9953511758943111,0.04994371114298701
0.5808033698233392,0.03884609094560544,-0.09424744556000494,6.887096887482678,0.022798085992130703,0.25955788933535306,0.9958161252838902,0.04992910102009773
0.5808033698233392,0.03884609094560544,-0.09424744556000494,6.936868909775247,0.03056822827593082,0.2670389361554329,0.9956681359080475,0.04998856596648693
0.5808033698233392,0.03884609094560544,-0.09424744556000494,6.986618163230552,0.03821333246551077,0.2728465539411789,0.9955266573474318,0.049972798908129334
0.5808033698233392,0.03884609094560544,-0.09424744556000494,7.036402384588754,0.04599452017855675,0.27888325591986635,0.9953827036271679,0.05001515615731478
0.5808033698233392,0.03884609094560544,-0.09424744556000494,7.086188315787519,0.053776218313683274,0.2849322425949889,0.9952414874381053,0.05002397089265287
0.5938929590061384,0.02434274223711224,-0.02282625933261914,7.135984664943143,0.03175007719462109,0.2771032036105692,0.9949270393084652,0.05005025211721659
0.5938929590061384,0.02434274223711224,-0.02282625933261914,7.185735691888743,0.04816238943381239,0.2774562538823753,0.995676729878679,0.049967047991231084
0.5938929590061384,0.02434274223711224,-0.02282625933261914,7.23568763069957,0.05638022138779337,0.28591714740133795,0.9955657657682285,0.05017442395910621
0.5938929590061384,0.02434274223711224,-0.02282625933261914,7.285318331902614,0.06466652559418655,0.2914788438816635,0.9954675950219191,0.04985667183063924
0.5938929590061384,0.02434274223711224,-0.02282625933261914,7.3350348474625795,0.07304339236714547,0.29735388229423726,0.9953637768888093,0.04994808603078127
0.5938929590061384,0.02434274223711224,-0.02282625933261914,7.384756484494376,0.08144114602005982,0.3031358335714826,0.9952614755713052,0.049958365969359875
0.6180511956930869,0.018908619616343887,0.05060275233278083,7.434582526023843,0.046426898330860285,0.27183070308476337,0.9956992359173198,0.05004125717096031
0.6180511956930869,0.018908619616343887,0.05060275233278083,7.484431985442457,0.06770729830916666,0.2665800640529741,0.9964043597496455,0.05002934695221484
0.6180511956930869,0.018908619616343887,0.05060275233278083,7.5342570483381355,0.07670191218865013,0.27445880235209535,0.9962936505407672,0.050010418985038996
0.6180511956930869,0.018908619616343887,0.05060275233278083,7.584100321159663,0.08571245574733535,0.2791566394087191,0.9962143693671867,0.05003267806023359
0.6393098606797782,0.01120052553738689,0.10716237861699959,7.634218648825789,0.053746714107290594,0.26862955094327734,0.9963874537033035,0.05030003888532519
0.6393098606797782,0.01120052553738689,0.10716237861699959,7.683751262784177,0.07197842550303284,0.2625715750971687,0.9970626108806654,0.0496785391587764
0.6393098606797782,0.01120052553738689,0.10716237861699959,7.733619493909879,0.08148809936703941,0.2698773001933758,0.996960416633053,0.05002027191221714
0.6393098606797782,0.01120052553738689,0.10716237861699959,7.783456544877451,0.09083393034281267,0.2740614959472703,0.9968965168951605,0.049992200918495655
0.6573410773148727,0.005761764121439632,0.15889158110465026,7.833388258555507,0.06685516458210396,0.2615462053748409,0.9970777747837983,0.050078053027391434
0.6573410773148727,0.005761764121439632,0.15889158110465026,7.883191734132319,0.08615392450649263,0.25634412507195264,0.9977325890161892,0.04991665715351701
0.6573410773148727,0.005761764121439632,0.15889158110465026,7.933137109890612,0.0960492767238807,0.26303812672520466,0.9976359101578925,0.05006373091600835
0.6573410773148727,0.005761764121439632,0.15889158110465026,7.9829673901354825,0.10581090475924143,0.266685903832788,0.9975701164507282,0.04995165695436299
0.6827022863226685,0.004698310989998607,0.20912737071068846,8.033153559173071,0.06802031472729234,0.24908648893310487,0.9979410307876849,0.05028971401043236
0.6827022863226685,0.004698310989998607,0.20912737071068846,8.082750172914619,0.08813338987254375,0.23824188308456906,0.998577128734531,0.04966728389263153
0.6827022863226685,0.004698310989998607,0.20912737071068846,8.132650027512302,0.09851616399500468,0.24424053890259634,0.9984668691945549,0.049976475071161985
0.6827022863226685,0.004698310989998607,0.20912737071068846,8.182616938868708,0.10856673603472877,0.24704643368607776,0.998399272767335,0.05004702298901975
0.7029768313567978,0.004511842617302833,0.2618286145149643,8.232654310569403,0.08195343334883598,0.22335772760998526,0.9986587764091164,0.05010457313619554
0.7029768313567978,0.004511842617302833,0.2618286145149643,8.282474171339151,0.10419308092684168,0.2150650373913064,0.9993036536869017,0.049854576820507646
0.7029768313567978,0.004511842617302833,0.2618286145149643,8.332451456803822,0.11471574243331141,0.22026228809622486,0.9991941707981443,0.05001759110018611
0.7029768313567978,0.004511842617302833,0.2618286145149643,8.38245987819137,0.1250323856849398,0.22236208304293087,0.9991246023447933,0.050052236998453736
0.7262824354166029,0.007962406143349605,0.3081444621589346,8.432694845050445,0.0912257535230319,0.19766364695212085,0.9994277764906444,0.05026372894644737
0.7262824354166029,0.007962406143349605,0.3081444621589346,8.482395548822723,0.11233250891259805,0.1863124096815664,0.9999339239839253,0.04970398801378906
0.7381297367640649,0.010714142150350606,0.3326019490642853,8.532549036442548,0.1001874325768264,0.17478634499191908,0.9999627469320167,0.05015535606071353
0.7381297367640649,0.010714142150350606,0.3326019490642853,8.582473452889584,0.11652493022307547,0.16844939974309947,0.999999346676776,0.04992444906383753
0.7381297367640649,0.010714142150350606,0.3326019490642853,8.632476417434582,0.12726677114937424,0.1708161434890866,0.9999930547671624,0.05000331182964146
0.7381297367640649,0.010714142150350606,0.3326019490642853,8.682402337615798,0.1376380074335902,0.17177023072353265,0.9999710608881289,0.04992736503481865
0.7579964904822898,0.012488370915253755,0.36846693553192483,8.73250881927592,0.11000734201433832,0.15925783470428617,0.9999997121259581,0.05010649608448148
0.7579964904822898,0.012488370915253755,0.36846693553192483,8.782415164120566,0.12763483291115257,0.14908968080491994,0.9999999998631145,0.049906344851478934
0.7722341483791386,0.013550692755876595,0.38884649854972286,8.832520494184605,0.1109464191464096,0.14820952400630807,0.9999999999086105,0.05010533006861806
0.7722341483791386,0.013550692755876595,0.38884649854972286,8.882450226171764,0.12490933812561938,0.14005411017298974,0.9999999999202452,0.049929731991142035
0.7872706821420355,0.01480403978858388,0.4049868372710921,8.932475834326613,0.10643488990385713,0.14313722551179997,0.9999999999422358,0.05002560815773904
0.7872706821420355,0.01480403978858388,0.4049868372710921,8.982427307108615,0.11907972824257014,0.13409256788384807,0.999999999933486,0.04995147278532386
0.7872706821420355,0.01480403978858388,0.4049868372710921,9.032463318136527,0.12988555594503143,0.13508185458212627,0.9999999999403191,0.0500360110308975
0.8010685923430904,0.014235783172157224,0.4210500711534627,9.082409572253466,0.11462517531884643,0.1406657401925475,0.9999999999532041,0.049946254119277
0.8010685923430904,0.014235783172157224,0.4210500711534627,9.13242797010872,0.1268972818180725,0.13266763654768604,0.9999999999377935,0.05001839785836637
0.8153677014486529,0.014908494462511156,0.43563935003433824,9.182498216322077,0.11041178489258047,0.13836752981374548,0.9999999999490088,0.05007024621590972
0.8153677014486529,0.014908494462511156,0.43563935003433824,9.232466434284284,0.1225635505574006,0.12919422511435877,0.9999999999397885,0.049968217965215445
0.8302357010556531,0.019674625233333153,0.4488072928806036,9.282501140297493,0.10248282849809294,0.12637963135074146,0.9999999999613957,0.05003470601513982
0.8412162517318706,0.02499387393420232,0.461859338138287,9.332168354106965,0.09155826511263376,0.10645067854490287,0.9999999999771335,0.04966721381060779
0.8412162517318706,0.02499387393420232,0.461859338138287,9.382317889167778,0.10573598948522811,0.09855521594745541,0.9999999999804903,0.05014953506179154
0.8412162517318706,0.02499387393420232,0.461859338138287,9.432336169213032,0.11642790552387142,0.0981765583483113,0.9999999999838874,0.05001828004606068
0.8412162517318706,0.02499387393420232,0.461859338138287,9.482301957123841,0.12676758733777943,0.097203216561492,0.999999999980427,0.04996578791178763
0.8412162517318706,0.02499387393420232,0.461859338138287,9.532444715182438,0.13704848447464682,0.09624222522560527,0.9999999999671062,0.050142758060246706
0.8612981168467762,0.032865998872076065,0.4851228743009052,9.582485088292511,0.1047214258926325,0.08305911658355018,0.9999999999414009,0.05004037311300635
0.8722029724428679,0.038804749706089214,0.496941323668933,9.632643938207663,0.0954806267820344,0.060950839344011486,0.9999999999561215,0.0501588499173522
0.8722029724428679,0.038804749706089214,0.496941323668933,9.682390048077133,0.10886432329909614,0.05318102137378227,0.9999999999653553,0.04974610987119377
0.8722029724428679,0.038804749706089214,0.496941323668933,9.732368823281211,0.1191148041393875,0.05186025236007499,0.9999999999797335,0.04997877520509064
0.8722029724428679,0.038804749706089214,0.496941323668933,9.78230310222113,0.12912488792673427,0.050054307186808145,0.9999999999826961,0.04993427894078195
0.8722029724428679,0.038804749706089214,0.496941323668933,9.832315481173127,0.13908494724982487,0.04822118539385031,0.9999999999720144,0.050012378953397274
0.8936129535377069,0.04812692859340468,0.5122017278087039,9.882377275168103,0.10253106672132059,0.04046784134428106,0.9999999999419158,0.0500617939978838
0.9051869204717661,0.056232175368114444,0.5170344853247866,9.932190846085396,0.08718159986919671,0.019957816255392946,0.9999999999380638,0.04981357092037797
0.9051869204717661,0.056232175368114444,0.5170344853247866,9.982439176076292,0.09855935260205367,0.01157820940322255,0.9999999999514436,0.05024832999333739
0.9051869204717661,0.056232175368114444,0.5170344853247866,10.032441479282328,0.10850721812567615,0.009440075864136067,0.9999999999748538,0.05000230320729315
0.9051869204717661,0.056232175368114444,0.5170344853247866,10.08248247917441,0.11820110292621226,0.007132002076934833,0.9999999999796629,0.05004099989309907
0.9051869204717661,0.056232175368114444,0.5170344853247866,10.132450561164585,0.1278629461899606,0.004735601385739122,0.9999999999611078,0.04996808199211955
0.9260752333972111,0.06706454138799134,0.5198810825835776,10.182342641178472,0.09047756456333847,0.0023933516875689724,0.9999999999489408,0.04989208001643419
0.9260752333972111,0.06706454138799134,0.5198810825835776,10.23235298425738,0.10049293885110477,-0.009452375065922353,0.9999999999331776,0.050010343082249165
0.9372616726097383,0.0734518910243838,0.5221348449932443,10.282316164229327,0.08441558804295995,-0.013637187610255806,0.9999999999239059,0.04996317997574806
0.9372616726097383,0.0734518910243838,0.5221348449932443,10.332378538205875,0.09435439887401255,-0.021019048784811343,0.9999999999506858,0.05006237397901714
0.9372616726097383,0.0734518910243838,0.5221348449932443,10.382415845170865,0.10390984042288677,-0.02350309659176562,0.9999999999746155,0.050037306966260076
0.9372616726097383,0.0734518910243838,0.5221348449932443,10.432509221246397,0.11334217045810413,-0.026212089546644047,0.9999999999564901,0.05009337607771158
0.9560834508860521,0.08278410862889195,0.5238671853504845,10.48233142319703,0.08092768687589195,-0.027390956979847246,0.9999999999657597,0.04982220195233822
0.9560834508860521,0.08278410862889195,0.5238671853504845,10.532364313129829,0.09048349830669332,-0.03680198114568346,0.9999999999336533,0.05003288993611932
0.9560834508860521,0.08278410862889195,0.5238671853504845,10.582333888258,0.09990812850545444,-0.03947344431191037,0.9999999998625883,0.0499695751350373
0.9560834508860521,0.08278410862889195,0.5238671853504845,10.63235929803958,0.10920414215675864,-0.04237645783930142,0.9999999999110116,0.05002540978603065
0.9741326700919626,0.09247328252793258,0.5210260385523959,10.68233449114165,0.07768278421487373,-0.0425024037000723,0.9999999999285828,0.04997519310563803
0.9741326700919626,0.09247328252793258,0.5210260385523959,10.73236372703205,0.08660328390188449,-0.05093323582890495,0.9999999999680931,0.050029235891997814
0.9741326700919626,0.09247328252793258,0.5210260385523959,10.782463465202387,0.0958898786360298,-0.05381283944497133,0.9999999999059199,0.050099738175049424
0.9741326700919626,0.09247328252793258,0.5210260385523959,10.832351969017076,0.10511686539245968,-0.056870732440125846,0.9999999968752276,0.04988850397057831
0.9910649360733544,0.10161870671712968,0.5147172674470997,10.882388017061603,0.07607290205698106,-0.05520329372290191,0.9999999998712324,0.05003604805096984
0.9910649360733544,0.10161870671712968,0.5147172674470997,10.932411289862888,0.0845859805111021,-0.06251286648692476,0.9999999986986333,0.050023272866383195
0.9910649360733544,0.10161870671712968,0.5147172674470997,10.982517043503478,0.09377844766493602,-0.06554141072841592,0.9999998941823468,0.05010575894266367
0.9910649360733544,0.10161870671712968,0.5147172674470997,11.032362170480475,0.10293796923715808,-0.06869891989588794,0.9999937605540621,0.04984543798491359
1.0073247212965266,0.10978105227611254,0.5050751479113741,11.082295523008462,0.0762267009981128,-0.06374894375467373,0.9999999864187614,0.04993335320614278
1.0073247212965266,0.10978105227611254,0.5050751479113741,11.132492779007599,0.08443194569178691,-0.0701808829056235,0.9999996654164198,0.05019727279432118
1.0073247212965266,0.10978105227611254,0.5050751479113741,11.182661490949833,0.09362559883497105,-0.07330349894914676,0.9999866995500803,0.05016937921755016
1.0073247212965266,0.10978105227611254,0.5050751479113741,11.232305265841621,0.102778944613054,-0.07652644664097277,0.9998868687611364,0.049649391788989305
1.0244356435674513,0.1200511880758323,0.4945965433046948,11.282381600087087,0.07210476165231858,-0.07567918356584893,0.9999916164740863,0.05007675406523049
1.0244356435674513,0.1200511880758323,0.4945965433046948,11.332411408255838,0.08043890161428016,-0.0815136135843783,0.9998988121043733,0.05003487109206617
1.0244356435674513,0.1200511880758323,0.4945965433046948,11.382391866014505,0.08954105612650821,-0.084709879699469,0.9997338018621271,0.049993766006082296
1.0244356435674513,0.1200511880758323,0.4945965433046948,11.432334248270438,0.09865817033164342,-0.08800894939878606,0.9995648321794606,0.04996412503533065
1.0427650765461964,0.12888418527853227,0.48269191361184777,11.482319924827276,0.0678232270551548,-0.08201962571928735,0.9998980762452236,0.04999077180400491
1.0427650765461964,0.12888418527853227,0.48269191361184777,11.532243077900956,0.07618904579069831,-0.08720104243566827,0.9997165260727312,0.04993730899877846
1.0427650765461964,0.12888418527853227,0.48269191361184777,11.582391574392439,0.08530426576644783,-0.09039827683560155,0.9995398079697884,0.050171585055068135
1.0427650765461964,0.12888418527853227,0.48269191361184777,11.632366547529017,0.09445345808433897,-0.09370520622215314,0.9993753195935147,0.05000621103681624
1.0604310324125243,0.13508886448288734,0.46813429346807406,11.682275213707243,0.06794104486181742,-0.08098518911521929,0.9998094936482064,0.04991817590780556
1.0604310324125243,0.13508886448288734,0.46813429346807406,11.732161325616218,0.07636085633212011,-0.08569853809880215,0.9996341574493454,0.04990436905063689
1.0604310324125243,0.13508886448288734,0.46813429346807406,11.782146215030584,0.08561362664611907,-0.0888132506142063,0.9994633131067854,0.05001173005439341
1.0604310324125243,0.13508886448288734,0.46813429346807406,11.83217443436568,0.09487902655720329,-0.09202806767912497,0.9992992748893923,0.05006329994648695
1.0749475713352434,0.14120633720227613,0.45060702080250986,11.882243309677795,0.0738288745664306,-0.08115076749806638,0.9996135080181403,0.050088234012946486
1.0749475713352434,0.14120633720227613,0.45060702080250986,11.93212875852761,0.08230143392370706,-0.08530231366673185,0.9994268911149702,0.04991405503824353
1.0749475713352434,0.14120633720227613,0.45060702080250986,11.982364451305955,0.09161974299778668,-0.08836455045441823,0.9992697543354779,0.05027240398339927
1.0749475713352434,0.14120633720227613,0.45060702080250986,12.032336537189236,0.10099751946225478,-0.09153343780879634,0.9991142885549529,0.05001638596877456
1.090496898239985,0.14795236226596178,0.4358169194362175,12.081975144427238,0.07728998867668008,-0.083501124779829,0.9994083355152614,0.049667994026094675
1.090496898239985,0.14795236226596178,0.4358169194362175,12.131992017244748,0.08600514616475059,-0.08729993221533737,0.9992416268260305,0.05005483306013048
1.090496898239985,0.14795236226596178,0.4358169194362175,12.182041166787004,0.09538868167006562,-0.09034789305992093,0.9990890376460377,0.05009478400461376
1.090496898239985,0.14795236226596178,0.4358169194362175,12.231826664637444,0.10477217583079475,-0.09347356523391273,0.9989374860375817,0.04983845190145075
1.1070968202259008,0.1555770042025693,0.4183909498539243,12.281826641028724,0.07837344215780884,-0.08512398680475243,0.9992485329752889,0.05003757798112929
1.1070968202259008,0.1555770042025693,0.4183909498539243,12.331758727174831,0.08724926012914776,-0.08862780482169055,0.9990907928792281,0.04997752606868744
1.1070968202259008,0.1555770042025693,0.4183909498539243,12.381857072522944,0.09666569584386692,-0.09160831926507301,0.998945657360519,0.05015122191980481
1.1070968202259008,0.1555770042025693,0.4183909498539243,12.431846243366765,0.10610984861412948,-0.09467470609849556,0.9988002169669581,0.050049219047650695
1.1258234725218061,0.1644542092475016,0.40312452244494146,12.481765776696463,0.07459121762046411,-0.08969112117687753,0.999115645314387,0.04996371897868812
1.1258234725218061,0.1644542092475016,0.40312452244494146,12.53160285121352,0.08367311450761637,-0.0926149651409669,0.9989681097576316,0.0498885540291667
1.1258234725218061,0.1644542092475016,0.40312452244494146,12.581728827819083,0.09310136127467047,-0.09556353576225607,0.9988286602487302,0.05018476000986993
1.1258234725218061,0.1644542092475016,0.40312452244494146,12.631390085351523,0.10257928730955357,-0.09859823550471841,0.9986913464754498,0.04972633207216859
1.1444503262176289,0.17054369735537855,0.3872449681435521,12.681444466022466,0.07411361448335027,-0.08699308886126379,0.9990885594661467,0.05010004388168454
1.1444503262176289,0.17054369735537855,0.3872449681435521,12.731437273224364,0.08345269707766237,-0.08966843825432971,0.9989468410422522,0.050045513082295656
1.1444503262176289,0.17054369735537855,0.3872449681435521,12.78129046505999,0.09296753123401923,-0.0925125317919409,0.9988111383630826,0.049912530928850174
1.1444503262176289,0.17054369735537855,0.3872449681435521,12.831390564741222,0.10244264248125778,-0.09540903424038447,0.9986768594021793,0.05016647698357701
1.1600302958651778,0.17745544534252825,0.3721165244717497,12.881214071866046,0.07839920994712349,-0.09012223602889026,0.9989284219589887,0.04987695417366922
1.1600302958651778,0.17745544534252825,0.3721165244717497,12.931271157919126,0.08776464047556581,-0.09237058331150233,0.9988027086959689,0.0501170908100903
1.1600302958651778,0.17745544534252825,0.3721165244717497,12.981062400601095,0.09732264737252799,-0.09519772757579778,0.9986714437540942,0.049857481149956584
1.1600302958651778,0.17745544534252825,0.3721165244717497,13.03097972522445,0.10681914500215985,-0.09807042590924293,0.9985414492306234,0.04999023792333901
1.1788039127586882,0.18308521829885863,0.35717633902068713,13.081004125729784,0.07835639638643874,-0.08716688429582907,0.9989217019757862,0.05007839994505048
1.1788039127586882,0.18308521829885863,0.35717633902068713,13.130857946497358,0.08794975245261268,-0.08918151377253121,0.9987947591251498,0.0499139791354537
1.1788039127586882,0.18308521829885863,0.35717633902068713,13.181131410468769,0.09750118318198848,-0.0918851981670353,0.9986671385721222,0.050340560963377357
1.1788039127586882,0.18308521829885863,0.35717633902068713,13.230916907060381,0.10712358386342818,-0.09466104095695879,0.9985413554172294,0.04985822201706469
1.1964914906958914,0.19004613048526792,0.34074368520231574,13.280713047647321,0.0792498147415349,-0.08774734335478156,0.9988501640885485,0.04985346389003098
1.1964914906958914,0.19004613048526792,0.34074368520231574,13.330520379950102,0.08882917805823391,-0.08946779261402853,0.9987340254215593,0.049870467046275735
1.1964914906958914,0.19004613048526792,0.34074368520231574,13.38053678687924,0.09840920881261037,-0.09209924007789934,0.9986101895381286,0.050086016999557614
1.1964914906958914,0.19004613048526792,0.34074368520231574,13.430450969863825,0.1079722508561218,-0.09478026682626862,0.9984875517048424,0.04998978995718062
1.1964914906958914,0.19004613048526792,0.34074368520231574,13.480393846343173,0.1175188369951709,-0.09751884616261945,0.9983645954599545,0.05002468707971275
1.2154040421283794,0.1950118755225926,0.326163089848732,13.530377875961042,0.08917523948980022,-0.08619175127289551,0.9987402987617631,0.05004707397893071
1.2154040421283794,0.1950118755225926,0.326163089848732,13.580343562843508,0.09896561104708401,-0.08767586692314154,0.9986253240531991,0.050034468062222004
1.2154040421283794,0.1950118755225926,0.326163089848732,13.630288831915406,0.10857601315666471,-0.09024278683031647,0.9985042042693771,0.05002008890733123
1.2154040421283794,0.1950118755225926,0.326163089848732,13.68011297827639,0.1181687018635513,-0.09284992869353613,0.9983836074533127,0.04990481212735176
1.235854031941187,0.20171199095339262,0.3113548807171681,13.730143943042446,0.08523605670825792,-0.08534748968044593,0.9987507164010482,0.050093545811250806
1.235854031941187,0.20171199095339262,0.3113548807171681,13.77996215416708,0.0949141504353975,-0.08650205247696113,0.9986421241543098,0.049885950051248074
1.2470682855968358,0.20462220527970018,0.30304518840586564,13.829934952913447,0.08177840586019794,-0.08197390205896178,0.9988022570118562,0.05003272509202361
1.2470682855968358,0.20462220527970018,0.30304518840586564,13.879875254329088,0.09146968453283796,-0.08346126067606043,0.9986932381322422,0.050005646888166666
1.2470682855968358,0.20462220527970018,0.30304518840586564,13.929808342943444,0.10103119011060134,-0.0858441922391249,0.9985775926013296,0.050004214979708195
1.2470682855968358,0.20462220527970018,0.30304518840586564,13.979747955964207,0.11057520603132753,-0.08826736302142064,0.9984623064442791,0.05001652310602367
1.2651184583257638,0.21198140083200726,0.2875538350630174,14.029717907429847,0.0814754350980034,-0.08516249424820203,0.998737108289306,0.05003313790075481
1.2651184583257638,0.21198140083200726,0.2875538350630174,14.079680013386643,0.09117786194057953,-0.08593769308035516,0.9986423748338646,0.050030027981847525
1.2651184583257638,0.21198140083200726,0.2875538350630174,14.12958232712014,0.10076283301361955,-0.08829594629438002,0.9985312171986458,0.04997571720741689
1.2651184583257638,0.21198140083200726,0.2875538350630174,14.179534873793887,0.11031815359888834,-0.09067312055144935,0.9984185370995808,0.05003166990354657
1.2828044017763207,0.2173450752181397,0.27257213922486123,14.229379307929895,0.0834886102141165,-0.08358971926162967,0.9987134928925704,0.04990864195860922
1.2828044017763207,0.2173450752181397,0.27257213922486123,14.279294933366158,0.09338365062761005,-0.08415193362867301,0.9986217224963535,0.049984517972916365
1.2828044017763207,0.2173450752181397,0.27257213922486123,14.329264589344252,0.10298806062747749,-0.08641364736077539,0.9985094577686472,0.05004424904473126
1.2828044017763207,0.2173450752181397,0.27257213922486123,14.379167739836115,0.11257697026580654,-0.08869248650431642,0.9983347765307596,0.04998638899996877
1.301318653662112,0.22281007408920864,0.25770869696499127,14.4291182669549,0.08406718966358175,-0.08198200926343763,0.9986455389534169,0.05001827492378652
1.301318653662112,0.22281007408920864,0.25770869696499127,14.479174661880045,0.09404076524198487,-0.0822568988297752,0.9985599213421437,0.05012858402915299
1.311732446852264,0.22455909655349351,0.2494533896540815,14.52894372442471,0.0831889258003664,-0.07649214580054814,0.9987005699387175,0.049833818105980754
1.311732446852264,0.22455909655349351,0.2494533896540815,14.578897577246114,0.09308776848112228,-0.07740616599018509,0.9986057936765733,0.050023596035316586
1.311732446852264,0.22455909655349351,0.2494533896540815,14.628834541762092,0.10274322098242653,-0.07945018143227656,0.9984990526404677,0.05001202994026244
1.311732446852264,0.22455909655349351,0.2494533896540815,14.678731782037223,0.11237804731582776,-0.0815184743984758,0.998386552725605,0.049977876944467425
1.328581858977281,0.2285756719320637,0.23655038850527244,14.728661312632466,0.08789666876459322,-0.07426246468883978,0.9986645708456711,0.04999629710800946
1.328581858977281,0.2285756719320637,0.23655038850527244,14.778692949755094,0.09790584549961634,-0.07459325796757192,0.9985783885743998,0.05010286392644048
1.3394061548108338,0.23138499164715765,0.22971445090411793,14.82869708517528,0.0854171985572891,-0.07277031771854636,0.9987059941481374,0.050068924902006984
1.3394061548108338,0.23138499164715765,0.22971445090411793,14.87839397148083,0.09526467327773377,-0.073443742103445,0.998613672234633,0.049765878124162555
1.3394061548108338,0.23138499164715765,0.22971445090411793,14.928364773060856,0.10490257972474482,-0.07533371757200961,0.9985109009634557,0.05004532402381301
1.3394061548108338,0.23138499164715765,0.22971445090411793,14.978288843720021,0.11457725217409725,-0.07724592224493847,0.998406076769148,0.050003772834315896
1.3394061548108338,0.23138499164715765,0.22971445090411793,15.02833878804672,0.12424051478453153,-0.07919022120993273,0.998306612307499,0.05013484205119312
1.3604970340164164,0.23655948272607052,0.21711836556429456,15.0780821943874,0.09088323355791068,-0.07348390777585724,0.9986564084229981,0.049810331081971526
1.3604970340164164,0.23655948272607052,0.21711836556429456,15.128083766380316,0.10086688775179393,-0.0731471670024539,0.9985749591794065,0.050072927959263325
1.370509324080232,0.23870201218194945,0.2121736404330658,15.17802927810983,0.09026956603138886,-0.07178690778379272,0.9986843502347111,0.050011309096589684
1.370509324080232,0.23870201218194945,0.2121736404330658,15.227960734844858,0.10011416459562467,-0.07235225548109993,0.9985916310798421,0.0500018778257072
1.3821129350642056,0.24046736501485994,0.20518744279667242,15.277845360767786,0.08675288955664175,-0.0677000439149734,0.9987455358689693,0.04994728299789131
1.3821129350642056,0.24046736501485994,0.20518744279667242,15.327859121973978,0.0967151376557686,-0.06812096963169512,0.9986582169785916,0.05008095898665488
1.3821129350642056,0.24046736501485994,0.20518744279667242,15.377741664278927,0.10645110578748807,-0.06983343663207271,0.9985576959074618,0.04995459201745689
1.3821129350642056,0.24046736501485994,0.20518744279667242,15.427586696101043,0.11614576384580957,-0.07155476546334548,0.9984582515440107,0.04992199898697436
1.40141931104569,0.2434431726193391,0.19359698277755905,15.477582831377282,0.08738286605880598,-0.06267023634148847,0.9987801007608094,0.05005720001645386
1.40141931104569,0.2434431726193391,0.19359698277755905,15.527464859293511,0.09750534586234376,-0.06253037153802998,0.9986948802831198,0.04994721501134336
1.4104240750649546,0.24507066415422676,0.18842736479510738,15.577494426941053,0.0891072795749931,-0.06041275229872088,0.9987872239209027,0.05009031598456204
1.4104240750649546,0.24507066415422676,0.18842736479510738,15.627353425084587,0.09901471340122307,-0.06101495784811531,0.9986981015765851,0.04992399411275983
1.4104240750649546,0.24507066415422676,0.18842736479510738,15.677381643408228,0.10874547516997046,-0.06254287957404087,0.9985994834524105,0.05009838193655014
1.4104240750649546,0.24507066415422676,0.18842736479510738,15.727190660067693,0.11849897020655713,-0.0640846719243533,0.9985006282578067,0.049883811036124825
1.4295927184078983,0.24825929272844538,0.1785423687852151,15.778509484537166,0.08972230252211008,-0.057752311014253314,0.9988078742715588,0.051380075979977846
1.4295927184078983,0.24825929272844538,0.1785423687852151,15.827037066855521,0.10002726504425015,-0.05759670219629101,0.9987178040550015,0.048589884070679545
1.4419361398876962,0.250477901997721,0.17339488930297134,15.877067925965791,0.08457132406768218,-0.05580313553256643,0.9988797730825011,0.0500869678799063
1.4419361398876962,0.250477901997721,0.17339488930297134,15.9269518705518,0.09448336531446253,-0.05601857438049103,0.9987897255079857,0.04994439100846648
1.4511439851416252,0.25150389449164934,0.16701509940436415,15.977033745365885,0.08601118422799114,-0.05156245490224521,0.99889002683075,0.05013752612285316
1.4511439851416252,0.25150389449164934,0.16701509940436415,16.02698526425851,0.09601736998727349,-0.052066159569841695,0.9987996582582122,0.05001154984347522
1.4511439851416252,0.25150389449164934,0.16701509940436415,16.076842409519138,0.10580030826979295,-0.05337109763855069,0.998701634786617,0.04992196219973266
1.4511439851416252,0.25150389449164934,0.16701509940436415,16.126667878297393,0.11555771591729547,-0.054685270457576436,0.998603868615127,0.04989512893371284
1.468926914315375,0.2535470244218316,0.1588410859961084,16.17657512259566,0.08992722223732467,-0.04786922269941489,0.9988810811145122,0.049963149009272456
1.4792242216419138,0.2558278105071518,0.15427286854046676,16.226482522607498,0.07891281235475718,-0.04669872816572799,0.9990018860978561,0.049957263050600886
1.4792242216419138,0.2558278105071518,0.15427286854046676,16.2765220900306,0.0888270750146831,-0.04705587669529394,0.9992863061960128,0.05007530585862696
1.4792242216419138,0.2558278105071518,0.15427286854046676,16.326454287960228,0.09865579220706339,-0.04823828458201228,0.9991696994038077,0.049973691115155816
1.4792242216419138,0.2558278105071518,0.15427286854046676,16.37670952215697,0.10845667278431387,-0.049427601387778,0.9990512331309701,0.050302959978580475
1.4792242216419138,0.2558278105071518,0.15427286854046676,16.42640491315606,0.11832059473933007,-0.05063927567773861,0.9989313680256481,0.0497485538944602
1.497304510111668,0.25973295785047723,0.1468190036852587,16.47646420521266,0.09122678660850213,-0.0499886702965047,0.9991807030637448,0.050100339110940695
1.497304510111668,0.25973295785047723,0.1468190036852587,16.52640031250683,0.10122864027102994,-0.04971059540408324,0.9990739426183181,0.04998239385895431
1.5083562658105707,0.26301091048163955,0.14427445453071067,16.576289181285077,0.08810354154587358,-0.054072198905362245,0.9992893166996127,0.0499243491794914
1.5083562658105707,0.26301091048163955,0.14427445453071067,16.626212507458657,0.0978868220554375,-0.054098066853487926,0.9991790414941066,0.04996434482745826
1.5083562658105707,0.26301091048163955,0.14427445453071067,16.676214944810884,0.10773808068112509,-0.05535055216651077,0.999060754733448,0.05004944605752826
1.5083562658105707,0.26301091048163955,0.14427445453071067,16.72608107476225,0.11759351122834996,-0.05660773263824432,0.998942525401589,0.04991891793906689
1.5276324947251911,0.26444997000322706,0.1353689085328837,16.77613983655074,0.08940789110467498,-0.04801292539792764,0.9992273617835208,0.050097469007596374
1.5276324947251911,0.26444997000322706,0.1353689085328837,16.826200709098618,0.09971717841995867,-0.047582960852207784,0.9991198592580031,0.05010497197508812
1.5379096546458941,0.2655233302916691,0.13047794912134528,16.875974674978906,0.08920485225407945,-0.04457069631268288,0.9993186373727555,0.049807903124019504
1.5379096546458941,0.2655233302916691,0.13047794912134528,16.926013717936666,0.09928006146573135,-0.044773570168196886,0.9992066874149855,0.05007877107709646
1.5379096546458941,0.2655233302916691,0.13047794912134528,16.975934744398803,0.10925522959582996,-0.0458311955687478,0.9990865228312343,0.04996666987426579
1.5379096546458941,0.2655233302916691,0.13047794912134528,17.025914728407503,0.11920125432100383,-0.04689547921141297,0.998966852764148,0.05003167409449816
1.556546540349153,0.26827049997376357,0.12165041472749814,17.07581017665943,0.09165789623905787,-0.04270443280900737,0.999234072576896,0.04993369383737445
1.556546540349153,0.26827049997376357,0.12165041472749814,17.125816527263016,0.10183700247558565,-0.04240877809271878,0.9991273411490534,0.05005002720281482
1.567102146316391,0.26949068165155493,0.11898003862355504,17.17591716442904,0.0906346484296555,-0.04159430178465297,0.9993213714500276,0.05013465997762978
1.567102146316391,0.26949068165155493,0.11898003862355504,17.225749399743766,0.10069552768295165,-0.04173289942080421,0.9992045076684104,0.04987190803512931
1.5765523412982803,0.27055119912669484,0.11625970944780105,17.275826046202205,0.09168061787955574,-0.04082090083742605,0.9992772433552882,0.05011286586523056
1.5765523412982803,0.27055119912669484,0.11625970944780105,17.32571806202067,0.10173867987478588,-0.041045495937884605,0.9991591876930339,0.04993400094099343
1.5765523412982803,0.27055119912669484,0.11625970944780105,17.3756228897022,0.11169037772284802,-0.04200321812781217,0.9990397231621448,0.04995279619470239
1.5765523412982803,0.27055119912669484,0.11625970944780105,17.42557188967275,0.12163998099835131,-0.042966076036707886,0.9989203279449466,0.05000298679806292
1.5959238472144162,0.2723400195351091,0.10970510968375959,17.47560146850369,0.09290954981846608,-0.03816715040532456,0.9992930943586938,0.05006497004069388
1.5959238472144162,0.2723400195351091,0.10970510968375959,17.525537185084378,0.10306144603477584,-0.037915322866337156,0.9991784089683341,0.049976777052506804
1.6089798886704219,0.27464498519153996,0.10630774532980238,17.57561299043798,0.0865385275572633,-0.03913843881257816,0.9993223546677172,0.05010976199992001
1.6089798886704219,0.27464498519153996,0.10630774532980238,17.625466079464474,0.09656750564873742,-0.03911066504763058,0.9992045557702843,0.049892775947228074
1.6089798886704219,0.27464498519153996,0.10630774532980238,17.675362324831326,0.10651104152437052,-0.04002291317907243,0.9990837220832047,0.049942006124183536
1.6089798886704219,0.27464498519153996,0.10630774532980238,17.725311673302716,0.11645806505367179,-0.04093841839253597,0.9989627559678272,0.05000121193006635
1.6287433259818271,0.2767009890873258,0.09883263746234867,17.775292641332275,0.08685011460512142,-0.0366310192402728,0.9993409427825418,0.050013930071145296
1.6287433259818271,0.2767009890873258,0.09883263746234867,17.82528501086923,0.09700210455631728,-0.03634862280621756,0.9992264548269241,0.05003107083030045
1.63981559188,0.2769402628811906,0.09486131886249442,17.87532939577977,0.08504077512982852,-0.03220854787891908,0.9993281657457767,0.05007802904583514
1.63981559188,0.2769402628811906,0.09486131886249442,17.925187911663187,0.09512663149660973,-0.03239401654743118,0.9992075011485975,0.0498980600386858
1.63981559188,0.2769402628811906,0.09486131886249442,17.975309223813383,0.10506505859285033,-0.033175136189945484,0.9990854794940639,0.0501671910751611
1.63981559188,0.2769402628811906,0.09486131886249442,18.025029666087455,0.11505323994852369,-0.03396569180294178,0.9989623753401173,0.04977208701893687
1.6588052713432775,0.2786486856363654,0.08874172330822162,18.075064804242086,0.08696553426344139,-0.030334768182059577,0.999322081745893,0.05006908089853823
1.6588052713432775,0.2786486856363654,0.08874172330822162,18.12501605575695,0.09705343961016619,-0.030303935733820536,0.9992028492785529,0.04999110195785761
1.6697574604683558,0.27956152220354086,0.08596192090530484,18.174996679005297,0.08505485076327336,-0.029109755613784746,0.9993002239635942,0.0500156229827553
1.6697574604683558,0.27956152220354086,0.08596192090530484,18.224898577321422,0.09504780698506302,-0.029341281410209745,0.9991775249860357,0.04994297516532242
1.6697574604683558,0.27956152220354086,0.08596192090530484,18.274851151775817,0.10497567967591032,-0.030064531172795242,0.9990540701329164,0.0499998708255589
1.6697574604683558,0.27956152220354086,0.08596192090530484,18.32486086081346,0.11491154406259557,-0.03079738406825073,0.9989300527062565,0.050063274102285504
1.688656853844791,0.2811895464703235,0.08026377341645034,18.37479826070437,0.08703404747400917,-0.027674562180168137,0.9992849159468944,0.04997313488274813
1.688656853844791,0.2811895464703235,0.08026377341645034,18.424946202190707,0.09705610513662351,-0.027742560795080577,0.999163982075713,0.050189901143312454
1.7012525662697597,0.28293170729719824,0.07702594722212495,18.474720316187387,0.08156431337821063,-0.02839652028645561,0.9992927053315993,0.049809343880042434
1.7012525662697597,0.28293170729719824,0.07702594722212495,18.524708486046475,0.0914547925272814,-0.02855704522274795,0.9991705474436946,0.05002966709434986
1.7012525662697597,0.28293170729719824,0.07702594722212495,18.574675040362113,0.1013525358959272,-0.029258783414033353,0.9990457399290327,0.05001428094692528
1.7012525662697597,0.28293170729719824,0.07702594722212495,18.62451114747026,0.11124379390659817,-0.02997019027140848,0.9989206066317852,0.04988995799794793
1.719387228902452,0.28439074393299785,0.07186678293295638,18.6746001848076,0.08482012123380958,-0.027414354123722416,0.9992583797624323,0.050126211950555444
1.719387228902452,0.28439074393299785,0.07186678293295638,18.724483831981306,0.0948133466617857,-0.027456833810810814,0.9991358560681307,0.04992679110728204
1.7307276434803944,0.28461286750824377,0.06880964554912673,18.77443916869692,0.08194393971939336,-0.024515379916177006,0.9992371354023845,0.04999347496777773
1.7307276434803944,0.28461286750824377,0.06880964554912673,18.8243729497571,0.09177307615486395,-0.024787632391821832,0.9991137309092294,0.049978075083345175
1.7307276434803944,0.28461286750824377,0.06880964554912673,18.874473559392666,0.10154726343954833,-0.02542504201236978,0.9989899902912587,0.050151262897998095
1.7307276434803944,0.28461286750824377,0.06880964554912673,18.924332417458498,0.11135250827362699,-0.02607460298068012,0.9988650248915943,0.0499155109282583
1.7483328203363928,0.28594457535519263,0.06336352487449606,18.97428710455183,0.08589099880467595,-0.023334211668467025,0.9991907992773273,0.04999514319933951
1.7483328203363928,0.28594457535519263,0.06336352487449606,19.024234277726123,0.09572651340435871,-0.02354304637693746,0.9990688879445438,0.04999372293241322
1.7483328203363928,0.28594457535519263,0.06336352487449606,19.074159669820716,0.10550097247535094,-0.02415515882606302,0.9989434022081026,0.0499781989492476
1.758386956306722,0.28722043984015466,0.06017744446165117,19.124204256920592,0.09504683966459851,-0.024403286815023444,0.9990174258922011,0.05009380797855556
1.758386956306722,0.28722043984015466,0.06017744446165117,19.174068499631392,0.10486579856871908,-0.024701310499712234,0.9988939709283177,0.049919455079361796
1.758386956306722,0.28722043984015466,0.06017744446165117,19.224010694471254,0.11462254083078255,-0.025324454544843108,0.9987681888944342,0.050003790063783526
1.7798590551955802,0.2879316483239702,0.05741804335806561,19.27389110210058,0.08154754147269239,-0.022668209678640614,0.999166933732329,0.04992199596017599
1.7798590551955802,0.2879316483239702,0.05741804335806561,19.323948187278134,0.09133857101519587,-0.02274485581027214,0.9990427942593715,0.0501050460152328
1.7798590551955802,0.2879316483239702,0.05741804335806561,19.373841403675115,0.10113252511640368,-0.023349428469052764,0.9989158503562637,0.04994736681692302
1.7911525618662474,0.28740223078461546,0.05368305009643099,19.42375680568219,0.08854059952192567,-0.018106218766688106,0.999015259011643,0.04996460420079529
1.7911525618662474,0.28740223078461546,0.05368305009643099,19.473734151606042,0.09833615106304747,-0.018507861139162956,0.9988902311777165,0.05003287084400654
1.7911525618662474,0.28740223078461546,0.05368305009643099,19.523653079294323,0.10811560899350987,-0.01904015925036152,0.9987631970283406,0.04998074402101338
1.8090317551240747,0.28800490994008615,0.05057170433114369,19.57377879176329,0.08219394670088766,-0.016531946237565657,0.9990937534089203,0.05017117992974818
1.8090317551240747,0.28800490994008615,0.05057170433114369,19.623690628566823,0.09201112031036023,-0.016961527502921066,0.9989676594086664,0.04996341606602073
1.819889469245985,0.28892697071861745,0.04866123329111488,19.67353537630132,0.08000760314728116,-0.017278600215226148,0.9990543698149641,0.04989192704670131
1.819889469245985,0.28892697071861745,0.04866123329111488,19.723502315503328,0.08976329747600346,-0.017683397147322737,0.9989272638078981,0.0500205981079489
1.819889469245985,0.28892697071861745,0.04866123329111488,19.773385645428558,0.09954031750111879,-0.018199205548057526,0.9988003597276833,0.0499432438518852
1.819889469245985,0.28892697071861745,0.04866123329111488,19.823389171611794,0.10930037877091923,-0.018726909148194793,0.998672421852617,0.050069998018443584
1.8371895425322078,0.28957175228142834,0.04574215807915862,19.87331962353055,0.08453205313369462,-0.01679498726443332,0.9989920718314137,0.04998082900419831
1.8371895425322078,0.28957175228142834,0.04574215807915862,19.923213909718605,0.09430827473936323,-0.017198053205103262,0.9988656512181806,0.04995094798505306
1.8467762226070519,0.2906469538496664,0.04430524352298354,19.973185937238828,0.0848101605168276,-0.01857640169898433,0.9989250444070805,0.05002580303698778
1.8467762226070519,0.2906469538496664,0.04430524352298354,20.023369640100608,0.09458399204188467,-0.01895867820942504,0.9987965757323861,0.050244167912751436
1.8467762226070519,0.2906469538496664,0.04430524352298354,20.07305682316867,0.1044027788168352,-0.019497334347262685,0.998668171372347,0.049753446131944656
1.8467762226070519,0.2906469538496664,0.04430524352298354,20.122968983171113,0.11412374615802717,-0.0200434321172347,0.9985398851308018,0.04998514405451715
1.8656634220422288,0.2909929044162639,0.04197488195976503,20.172958703970263,0.08620470820672226,-0.017763273971819434,0.9988922003749556,0.05004516080953181
1.8656634220422288,0.2909929044162639,0.04197488195976503,20.2229269465107,0.09599540264083167,-0.01808525609139217,0.9987647911435842,0.050030040089040995
1.8656634220422288,0.2909929044162639,0.04197488195976503,20.272776914120495,0.10577257008829961,-0.018612218482218706,0.9986359548367628,0.04991805809549987
1.8770222932852736,0.2910428593412137,0.03877363186457684,20.322716781192174,0.09289459233511893,-0.01572642515176946,0.9987338861196992,0.05000317678786814
1.8770222932852736,0.2910428593412137,0.03877363186457684,20.372730190856917,0.10267529605533797,-0.0161425256366121,0.9986062106698187,0.050083215115591884
1.8770222932852736,0.2910428593412137,0.03877363186457684,20.422706493696836,0.11246421838584476,-0.016631424855418606,0.9984763203118421,0.050052566919475794
1.8770222932852736,0.2910428593412137,0.03877363186457684,20.472459781261342,0.12225644086971026,-0.017136252607746986,0.998456245323973,0.04983021318912506
1.8975709851071867,0.29159696520341755,0.03532743970634498,20.522415047295382,0.09095414473194285,-0.014578903876228476,0.998735652199861,0.0500185068231076
1.8975709851071867,0.29159696520341755,0.03532743970634498,20.572419347067516,0.10073202802359846,-0.015013623221161771,0.9986067571736298,0.05007406510412693
1.9091693596838664,0.2923931155943562,0.03346763514631754,20.62231608177649,0.08729836662823268,-0.015336940326641846,0.9987042943604344,0.04996147006750107
1.9091693596838664,0.2923931155943562,0.03346763514631754,20.672256468315958,0.09706584104152412,-0.015700135594715673,0.9985766814032261,0.050011568935588
1.9188965103351323,0.2931072249339753,0.032147428852753075,20.72215008744,0.08735882988871957,-0.016412379785016782,0.9986368386401404,0.04996172501705587
1.9188965103351323,0.2931072249339753,0.032147428852753075,20.77212398580271,0.09713652848110042,-0.016747760907684976,0.9986181205118196,0.05004305182956159
1.9188965103351323,0.2931072249339753,0.032147428852753075,20.82234293920653,0.10692336902914984,-0.01722463170098964,0.9984901713762141,0.05029489006847143
1.9188965103351323,0.2931072249339753,0.032147428852753075,20.87197433002569,0.11675787102507422,-0.017714823615104285,0.9983603395720109,0.049712903099134564
1.9374853120640714,0.292885193106457,0.03009863619406852,20.921887253250237,0.08942612618698177,-0.01458205757191283,0.9986011665604667,0.049982840893790126
1.9374853120640714,0.292885193106457,0.03009863619406852,20.971839822718305,0.0992177680356596,-0.014887112756674604,0.9984734318074182,0.05002894205972552
1.9486762260644501,0.2930848236853523,0.029839420823739023,21.02168414978313,0.08664780140665922,-0.014910953934114526,0.9985636704645128,0.049916022922843695
1.9486762260644501,0.2930848236853523,0.029839420823739023,21.07167848764669,0.09642974749193477,-0.015246451061209575,0.9985453103539892,0.050067170057445765
1.9486762260644501,0.2930848236853523,0.029839420823739023,21.121599924579364,0.10623080537945738,-0.015699941022395313,0.9984176167312027,0.05000055697746575
1.9486762260644501,0.2930848236853523,0.029839420823739023,21.17154679339451,0.11601737538474609,-0.016164457025835077,0.9982891263375537,0.05003246804699302
1.9665419383603386,0.29240262200146927,0.026647048292201075,21.22143495409446,0.09026733965275358,-0.010957272931645005,0.9985188150975108,0.04996216390281916
1.9665419383603386,0.29240262200146927,0.026647048292201075,21.27138059560915,0.10006247973067652,-0.01140238950601534,0.9983916486830484,0.05002610106021166
1.9787281809827775,0.2918410720180149,0.025467304006563513,21.3212657498136,0.08559678879534034,-0.008552401701828586,0.9985067209646258,0.04995975806377828
1.9787281809827775,0.2918410720180149,0.025467304006563513,21.371240863859114,0.09540302739813095,-0.009003856420153096,0.9984883753144769,0.050050772028043866
1.9787281809827775,0.2918410720180149,0.025467304006563513,21.421093654916994,0.10522465102947424,-0.009343790434131973,0.9983613986437492,0.04993461398407817
1.9787281809827775,0.2918410720180149,0.025467304006563513,21.471003524001947,0.11502238610783172,-0.009696027218781825,0.9982338194864969,0.049998174887150526
1.998176394359508,0.2922840981778788,0.022179751337637423,21.520979737403277,0.08603836732161257,-0.00755153856286374,0.998490650532066,0.050051758997142315
1.998176394359508,0.2922840981778788,0.022179751337637423,21.57090812293596,0.09588445084877788,-0.00812185963872165,0.9983630658196894,0.05001024901866913
2.0107955041432684,0.2925167229028169,0.0215309439180521,21.620838233700365,0.08052274055419081,-0.007917724393671602,0.9984837530647352,0.05000593210570514
2.0107955041432684,0.2925167229028169,0.0215309439180521,21.670748000121314,0.09038898443751647,-0.008327758288714366,0.9984642569924448,0.049986532889306545
2.0107955041432684,0.2925167229028169,0.0215309439180521,21.720696158602745,0.1002451420936878,-0.008633576304672897,0.9983379092055071,0.05003131506964564
2.0107955041432684,0.2925167229028169,0.0215309439180521,21.770548830984726,0.1101089938990981,-0.008951464199687937,0.9982104546466871,0.0499420459382236
2.028427706257008,0.29262880351429355,0.019480532363261544,21.8207043847972,0.0849011594750935,-0.0071005042326450956,0.9984337715118694,0.05023423209786415
2.028427706257008,0.29262880351429355,0.019480532363261544,21.87037939651077,0.0949045402542854,-0.007573883928513163,0.9983053985455239,0.049759333953261375
2.03876970901785,0.2931879552868653,0.019366900903461673,21.920224974618403,0.0840467477217621,-0.008821360176945152,0.997556101180096,0.04996769409626722
2.03876970901785,0.2931879552868653,0.019366900903461673,21.970104957556618,0.09399736285420832,-0.009151590208160946,0.9974202462282146,0.05000899382866919
2.03876970901785,0.2931879552868653,0.019366900903461673,22.020071602807654,0.1039692139570401,-0.009457700070981822,0.9974040840746767,0.0500966920517385
2.03876970901785,0.2931879552868653,0.019366900903461673,22.069812464542704,0.11394807623323024,-0.009769409289569073,0.9972854353349335,0.04987625405192375
2.056847647299026,0.2936360999691049,0.017647400432893343,22.119719189908906,0.08774710480450437,-0.009210770535606363,0.9975296249080645,0.05003031902015209
2.056847647299026,0.2936360999691049,0.017647400432893343,22.169643218119205,0.0977084182619591,-0.009537133512207257,0.9974169209204663,0.05005331989377737
2.0672032814048715,0.29372590107623686,0.017475649855502748,22.219529120346863,0.08697787441319618,-0.00954055613415721,0.9974265141866613,0.05001461412757635
2.0672032814048715,0.29372590107623686,0.017475649855502748,22.26930971410888,0.0969416804823629,-0.009817970638010445,0.9973216844807389,0.0499142799526453
2.0672032814048715,0.29372590107623686,0.017475649855502748,22.319214310284668,0.10689585032001837,-0.010123975304302417,0.9973263370166952,0.050038381945341825
2.0672032814048715,0.29372590107623686,0.017475649855502748,22.36929101808642,0.11686474147737273,-0.01043552067510805,0.9972313997160862,0.05021573510020971
2.085100581891841,0.2939416153593808,0.016083137185847335,22.419069300024443,0.09110688420286706,-0.009572476534440344,0.9974939162484175,0.04990334389731288
2.085100581891841,0.2939416153593808,0.016083137185847335,22.468905899226453,0.10104834558919476,-0.009833724893776118,0.9974042735444577,0.049966298043727875
2.095536016616798,0.29328772117529817,0.014039781905434593,22.5186591731775,0.09020634257295873,-0.0063855118765965176,0.9975160557762026,0.049877166049554944
2.095536016616798,0.29328772117529817,0.014039781905434593,22.568528383647987,0.100139235613278,-0.006681649990231278,0.9974281792583423,0.04999779583886266
2.095536016616798,0.29328772117529817,0.014039781905434593,22.618437099220674,0.11011385090072665,-0.006922543300699151,0.9974410104625213,0.05003675911575556
2.095536016616798,0.29328772117529817,0.014039781905434593,22.668320819635046,0.12008679806078172,-0.007169135161931676,0.9973585244408514,0.05001583602279425
2.116786458216166,0.29330524162345323,0.01212145284749923,22.718249688320242,0.0876021984810656,-0.005260431629284814,0.9977009363524075,0.0500439228489995
2.116786458216166,0.29330524162345323,0.01212145284749923,22.76803512990689,0.0975691737652091,-0.005668301281760844,0.9976204720042127,0.04990419000387192
2.128478567534664,0.29408039412045295,0.01211315374881571,22.817978971187713,0.08412467718118276,-0.007710689200212385,0.997798882382285,0.050054016057401896
2.128478567534664,0.29408039412045295,0.01211315374881571,22.867847394975445,0.09409931811270125,-0.007940403981604642,0.9977159613824146,0.049982585944235325
2.128478567534664,0.29408039412045295,0.01211315374881571,22.917796028941652,0.1040733928799022,-0.008187261296148067,0.9977275745909968,0.05006239702925086
2.128478567534664,0.29408039412045295,0.01211315374881571,22.967632718548177,0.11405423579417023,-0.00843996942636628,0.9976472760578056,0.04995421809144318
2.146501723088202,0.29431078098686014,0.01181297434254166,23.017490054828485,0.08798952603859994,-0.008646948914509454,0.9979249075658677,0.04996100999414921
2.146501723088202,0.29431078098686014,0.01181297434254166,23.067363658641828,0.09794974183717842,-0.008814983424496586,0.9978457720054349,0.04998127487488091
2.1574313578519932,0.29411939483647387,0.010184322158795731,23.117338196014956,0.08609829998504903,-0.007056951096678681,0.9980314252573337,0.05007311003282666
2.1574313578519932,0.29411939483647387,0.010184322158795731,23.167238550386624,0.09608246516496595,-0.0072667689242627434,0.9979464517917671,0.050003038020804524
2.1574313578519932,0.29411939483647387,0.010184322158795731,23.217139193768503,0.10606257287765034,-0.007493360251691623,0.9979504751593957,0.050003126030787826
2.1574313578519932,0.29411939483647387,0.010184322158795731,23.267025820151616,0.1160339132651072,-0.007725827074306096,0.997866778590892,0.04999327310360968
2.177022539640222,0.29497901224777684,0.01017599298726994,23.31708885971544,0.08681696221366011,-0.009995378351566372,0.9981690456721629,0.050154870841652155
2.177022539640222,0.29497901224777684,0.01017599298726994,23.368163302537297,0.09680719832365006,-0.010035591819402395,0.9980853489530773,0.05117242014966905
2.177022539640222,0.29497901224777684,0.01017599298726994,23.416750230390157,0.10704677648505444,-0.010321858232097202,0.9983435950933253,0.048667541006579995
2.188250951352897,0.29531382245888466,0.00853014846017428,23.466642075282703,0.09431599520331903,-0.010068654007151451,0.9985465283074924,0.04996446683071554
2.188250951352897,0.29531382245888466,0.00853014846017428,23.516636305511646,0.10428115180052422,-0.010164473076803347,0.9984322421330208,0.05007273214869201
2.188250951352897,0.29531382245888466,0.00853014846017428,23.566568565547506,0.11426764217640999,-0.010426790485467982,0.9983171356350843,0.05001643090508878
2.188250951352897,0.29531382245888466,0.00853014846017428,23.6163812471817,0.12424128679971941,-0.010693039795479555,0.9982021045614113,0.04990240093320608
2.2077082593028696,0.2955567845948766,0.007295495957846179,23.6663707177203,0.09530551196794879,-0.01039911394305364,0.9984798638886279,0.050065577030181885
2.2077082593028696,0.2955567845948766,0.007295495957846179,23.716348502225234,0.10530274297237587,-0.010331652272475718,0.9984857692299042,0.05005357717163861
2.218855784088793,0.2962717491312725,0.006700860104076605,23.766249278220617,0.09299004427274192,-0.01202810849892141,0.998667710925952,0.049967346945777535
2.218855784088793,0.2962717491312725,0.006700860104076605,23.816193603424363,0.10294324319470816,-0.012015559118356845,0.9985509130855583,0.050016803899779916
2.230088675520975,0.2963655248164027,0.003711465382087851,23.866105063337123,0.09048562769075723,-0.010203847108299085,0.9986572211164788,0.04997857008129358
2.230088675520975,0.2963655248164027,0.003711465382087851,23.916034425902758,0.10047170684632818,-0.01017808894925308,0.9985395805074175,0.05000238702632487
2.230088675520975,0.2963655248164027,0.003711465382087851,23.96593352275063,0.11044653980672088,-0.010404291890364454,0.9984245983244904,0.0499778320081532
2.230088675520975,0.2963655248164027,0.003711465382087851,24.01602892106642,0.12042479146084743,-0.010633180319467826,0.9984117912455754,0.05017508682794869
2.2489283355469842,0.29654676213080533,0.0021900302588214564,24.06580136135675,0.09278975538260294,-0.010158784114490112,0.9987431196120256,0.04983507702127099
2.2489283355469842,0.29654676213080533,0.0021900302588214564,24.115769326385976,0.10273641865355201,-0.00990686274982432,0.9986239534126039,0.0500368180219084
2.260564410568,0.29619959163773796,0.00037477652925657303,24.165677776459166,0.08948308205038995,-0.007792295307144768,0.9987355006451545,0.049971639178693295
2.260564410568,0.29619959163773796,0.00037477652925657303,24.21561571354004,0.09946887660039967,-0.0077061811634522364,0.9986142230197693,0.050007235957309604
2.268541976464797,0.2959085319425325,-0.001465636095176592,24.265538091505256,0.09351524318100728,-0.005716094686775905,0.998656559368476,0.04998953593894839
2.268541976464797,0.2959085319425325,-0.001465636095176592,24.315478460893452,0.10351002152543828,-0.005692807462879148,0.9986338673560352,0.05000868788920343
2.268541976464797,0.2959085319425325,-0.001465636095176592,24.365931412895197,0.11349530845298232,-0.005801020680385009,0.9985852945847604,0.05052442918531597
2.268541976464797,0.2959085319425325,-0.001465636095176592,24.41538878426229,0.1235751824168638,-0.0059098112408096926,0.9984601479085353,0.049533645855262876
2.2877338229362367,0.29545175328649964,-0.004876676356186954,24.465266978446568,0.09511426174921092,-0.002171911812393072,0.9987230195168696,0.049941969104111195
2.2877338229362367,0.29545175328649964,-0.004876676356186954,24.515200484563145,0.10508805671744492,-0.0020715013646736653,0.9985989238949116,0.05000356491655111
2.299497763683167,0.294982928874728,-0.007165987239109739,24.565085954236046,0.09155410462029265,0.0007816459961559052,0.9987143975262751,0.049949685111641884
2.299497763683167,0.294982928874728,-0.007165987239109739,24.615035117181236,0.1015314121902618,0.000845518934414445,0.9986858914628112,0.05001488793641329
2.311920614376028,0.29453471106195156,-0.006810100571212,24.664984100932458,0.08668504677947933,0.0016427123510491287,0.99888244569486,0.050004866905510426
2.311920614376028,0.29453471106195156,-0.006810100571212,24.71492252175466,0.0966689780727351,0.0017291798335070613,0.9987573698011045,0.05000055301934481
2.311920614376028,0.29453471106195156,-0.006810100571212,24.76513573322499,0.1066475848870632,0.0017852324875978133,0.9986314484965961,0.05028202501125634
2.311920614376028,0.29453471106195156,-0.006810100571212,24.815508304662217,0.11668101781733366,0.0018425759499864699,0.9985042685816052,0.050448028137907386
2.3320958878170264,0.2941157668922837,-0.0072756481182969755,24.86468764461808,0.08641882778699002,0.003110912116500213,0.9987843420416284,0.04923919797874987
2.3320958878170264,0.2941157668922837,-0.0072756481182969755,24.91465572559309,0.09625520220850582,0.003188793156416905,0.9987559748463509,0.05003031995147467
2.3443919028740705,0.29443130922785626,-0.007614582799072917,24.96458863675981,0.08168169661355171,0.002445194089863731,0.998944599557114,0.04998566606082022
2.3443919028740705,0.29443130922785626,-0.007614582799072917,25.014554592936882,0.09165403324502207,0.002583413445891629,0.9988181190695359,0.05002507986500859
2.3443919028740705,0.29443130922785626,-0.007614582799072917,25.064449885620785,0.10163855832043768,0.002678450876096361,0.9986905015980354,0.04996071616187692
2.3443919028740705,0.29443130922785626,-0.007614582799072917,25.114378805583552,0.11160894011526416,0.0027759397418626653,0.9985629233883817,0.05000077490694821
2.3604577679691334,0.2936212142786399,-0.006936251987314013,25.16464951345571,0.08946161527321758,0.004362639111059915,0.9987616278895212,0.05033303890377283
2.3604577679691334,0.2936212142786399,-0.006936251987314013,25.214249105390643,0.0995252417069203,0.0045167943887308385,0.9987271514922982,0.049662805162370205
2.371067531034102,0.2933748511768974,-0.008126334970495653,25.264348793009923,0.08823153708080228,0.006078401732972964,0.9988831521432879,0.05015570390969515
2.371067531034102,0.2933748511768974,-0.008126334970495653,25.31415195937177,0.09823784252314195,0.0062186602177556885,0.99875401102901,0.049865297973155975
2.371067531034102,0.2933748511768974,-0.008126334970495653,25.364048217690204,0.10819045218581266,0.006394894603997548,0.9986257805800675,0.049964921083301306
2.371067531034102,0.2933748511768974,-0.008126334970495653,25.41398104867374,0.11816174984622352,0.006574610082186489,0.9984966209347085,0.0500080119818449
2.3896171895409504,0.29335841850252636,-0.00656941462581482,25.46391696851033,0.09107796716098449,0.005269052625540381,0.9987421286066879,0.04999881191179156
2.3896171895409504,0.29335841850252636,-0.00656941462581482,25.51389451329761,0.10107104888777999,0.005514544710793405,0.9987086433379554,0.050042167073115706
2.4003390923107446,0.29244275990938823,-0.006794341980028318,25.563960258745468,0.08961058659493067,0.008305427638765007,0.9988646917233562,0.05012265010736883
2.4003390923107446,0.29244275990938823,-0.006794341980028318,25.61388611274318,0.09962026504203303,0.008485003056821379,0.9987348071952976,0.04998909984715283
2.4003390923107446,0.29244275990938823,-0.006794341980028318,25.663714702717108,0.10959824960796886,0.008717386447101539,0.9986048386280839,0.04989820602349937
2.4003390923107446,0.29244275990938823,-0.006794341980028318,25.713662643211716,0.1195569513321193,0.008953525659012588,0.998474790263292,0.05002423794940114
2.419877776981964,0.2927203081749242,-0.00697568303747606,25.763845989229445,0.09050444719034548,0.008320356776286267,0.9987374116696517,0.0502467870246619
2.419877776981964,0.2927203081749242,-0.00697568303747606,25.813476610862573,0.10053839875507259,0.008552129328231179,0.998703223769635,0.04969506501220167
2.430558557192575,0.2922653812728212,-0.006723140220089488,25.863422382728494,0.08910344570420554,0.009789241030550228,0.9988570812945394,0.05000292113982141
2.430558557192575,0.2922653812728212,-0.006723140220089488,25.913363554307313,0.09909131661449931,0.01005759758793033,0.9987262174537291,0.050004866905510426
2.430558557192575,0.2922653812728212,-0.006723140220089488,25.963313162923704,0.10907319165079239,0.010352741612434591,0.998594929867484,0.05001989006996155
2.430558557192575,0.2922653812728212,-0.006723140220089488,26.013208563125595,0.11905686980249972,0.01065477181240098,0.9984632924093333,0.0499721928499639
2.4504350277093487,0.29274267988255004,-0.00531991043539286,26.06329136450135,0.08934047317227606,0.008298961611341162,0.9987322789410799,0.050146372988820076
2.4504350277093487,0.29274267988255004,-0.00531991043539286,26.113070567530865,0.09935601018639897,0.008738594951303802,0.9986991597616979,0.04984404216520488
2.461923457954557,0.29193073027776456,-0.005718864549037542,26.16336088412404,0.0863206797546738,0.011560506276708883,0.9988672415577377,0.05034734797663987
2.461923457954557,0.29193073027776456,-0.005718864549037542,26.212932522528284,0.09637974920280531,0.011922969014731345,0.9987341155906246,0.04963446990586817
2.461923457954557,0.29193073027776456,-0.005718864549037542,26.262828241813903,0.10628883287868687,0.012284751204324594,0.9986035217863397,0.04996549501083791
2.461923457954557,0.29193073027776456,-0.005718864549037542,26.312884971675857,0.11626256252113477,0.012658361793914403,0.9984706377652885,0.05013340199366212
2.4820799793679305,0.29195378306115227,-0.003962461903764153,26.362848517369414,0.08600226017824192,0.011523066770168544,0.9987448924405807,0.050026334123685956
2.4820799793679305,0.29195378306115227,-0.003962461903764153,26.41293218495971,0.09600715836134824,0.012034105058555407,0.9987133651510394,0.05014818999916315
2.49383013440553,0.2928392678794078,-0.0014471932981563965,26.46264974995108,0.08260339737751717,0.008071367256723114,0.9988824736115456,0.04977318784222007
2.49383013440553,0.2928392678794078,-0.0014471932981563965,26.51255261217099,0.09252067485793611,0.008628616929449278,0.998750737543617,0.04996528197079897
2.49383013440553,0.2928392678794078,-0.0014471932981563965,26.562430217288156,0.10249896690967379,0.008969589277041891,0.9986177451024345,0.04994664411060512
2.49383013440553,0.2928392678794078,-0.0014471932981563965,26.61234744808816,0.11247111262182677,0.00932383697288615,0.9984845620581623,0.04999299207702279
2.5125399830502757,0.29349309346998126,0.0018066337624190157,26.662341633864358,0.08510344522847571,0.00539208325005462,0.9987300621344015,0.05005775601603091
2.5125399830502757,0.29349309346998126,0.0018066337624190157,26.71225067734402,0.09507315023738237,0.006348280492166116,0.9986983960198755,0.049974089954048395
2.5125399830502757,0.29349309346998126,0.0018066337624190157,26.76220131196156,0.10506379784511141,0.006679413574605643,0.9986325943130119,0.050019030924886465
2.5229738245084823,0.2936214650732077,0.0018251917467805752,26.812181661901374,0.09420141020033063,0.006776060017502979,0.9987075403571224,0.05004503112286329
2.5229738245084823,0.2936214650732077,0.0018251917467805752,26.86217570290998,0.10419307453196613,0.007495132788625182,0.9985743067553959,0.050065418938174844
2.5229738245084823,0.2936214650732077,0.0018251917467805752,26.911996970085923,0.11419275744879982,0.007870967657389281,0.9984400588660386,0.049899106845259666
2.542849395663389,0.2935554797333762,0.0023533343052853416,26.962202907512033,0.08443264271007361,0.008335824654884505,0.9987078676089262,0.05027089407667518
2.542849395663389,0.2935554797333762,0.0023533343052853416,27.01194733919413,0.09448608580509706,0.009461746017435812,0.9986772547547137,0.04981031804345548
2.5535969787824686,0.2942017412821241,0.004939928338249358,27.061745810692546,0.08300125409890093,0.0063412708934223625,0.9988278146158347,0.04985691304318607
2.5535969787824686,0.2942017412821241,0.004939928338249358,27.111757354392218,0.09291169799568359,0.0072362017028778,0.9986940026673312,0.05007694405503571
2.5535969787824686,0.2942017412821241,0.004939928338249358,27.1617115717767,0.10291710456894532,0.007649430213820799,0.998559405081882,0.050026284996420145
2.5535969787824686,0.2942017412821241,0.004939928338249358,27.211666096695655,0.11290715966285146,0.008084321882441663,0.9984248928330464,0.05003333278000355
2.5535969787824686,0.2942017412821241,0.004939928338249358,27.26152250617505,0.12289792631262808,0.008544452035597155,0.9982940748534322,0.04994160612113774
2.572369872138645,0.295064056719778,0.008353329407828913,27.31180250599906,0.095399258726801,0.004235797413848443,0.9986440831161735,0.05034826789051294
2.5837799432094863,0.2953772097443221,0.00846077946940149,27.361326562902537,0.0825435973552501,0.0052125835605643985,0.998528698061354,0.049597029108554125
2.5837799432094863,0.2953772097443221,0.00846077946940149,27.411315405111626,0.09244805630946239,0.006356168062239986,0.9984030627210502,0.05006879894062877
2.5837799432094863,0.2953772097443221,0.00846077946940149,27.461198533893043,0.1024512971323395,0.006816546405885509,0.9982763554694339,0.049969258019700646
2.5837799432094863,0.2953772097443221,0.00846077946940149,27.511124193685607,0.11242710407003648,0.007302367921596369,0.9981508877924382,0.050018148962408304
2.601168101606364,0.2950963616213234,0.007314707775568736,27.561414986098978,0.08764118514344499,0.010117252430699152,0.9983742830137723,0.050372684141620994
2.601168101606364,0.2950963616213234,0.007314707775568736,27.611007973914784,0.09773801184557743,0.011653955021034694,0.998356584177327,0.04967462387867272
2.601168101606364,0.2950963616213234,0.007314707775568736,27.661015414344643,0.1076557264930121,0.012258499003870394,0.9982756239101332,0.050093821017071605
2.6120355787924403,0.2953076733847502,0.00823549650397908,27.71071784778489,0.09593515230459557,0.011973321261393593,0.9983723807747199,0.04978346196003258
2.6120355787924403,0.2953076733847502,0.00823549650397908,27.76071504175505,0.10584921398971643,0.013247998857738391,0.9982525167101658,0.05008471617475152
2.6236564388884362,0.29584359147771455,0.009335099422045478,27.81060269925188,0.09264006204481305,0.012003339784954228,0.9983647293493924,0.04996937094256282
2.6236564388884362,0.29584359147771455,0.009335099422045478,27.860510022661522,0.1025709978591026,0.013415350829904847,0.9982480917844592,0.04999490990303457
2.633774639693315,0.29587334960053807,0.009984158713966287,27.9104458148378,0.09230138263835831,0.01395520915643417,0.99843755651889,0.05001393612474203
2.633774639693315,0.29587334960053807,0.009984158713966287,27.960381711966996,0.10225329448369376,0.015327945347062869,0.998383086763455,0.05001676990650594
2.633774639693315,0.29587334960053807,0.009984158713966287,28.010289667756382,0.11220469922536913,0.016084527825420896,0.9982649108258905,0.04999470105394721
2.633774639693315,0.29587334960053807,0.009984158713966287,28.06017639346075,0.12214362041135865,0.01688010512012235,0.9981462312784164,0.04997937590815127
2.6530215985319017,0.2961534034738247,0.013122538124515266,28.11013150661587,0.09364627671406779,0.01536995820071746,0.9984166480752938,0.05003433511592448
2.6530215985319017,0.2961534034738247,0.013122538124515266,28.160014871661023,0.10355122780106338,0.017495993913700835,0.9982998061628507,0.04996832087635994
2.6633802327333997,0.2967331146485506,0.0163109089828816,28.209979097166695,0.09277119418311935,0.014867109169853076,0.9985032621934031,0.05003912094980478
2.6633802327333997,0.2967331146485506,0.0163109089828816,28.25988206138619,0.102580878798313,0.016435724889644142,0.9984599258206263,0.049979937030002475
2.6754116872048086,0.2972548132776836,0.01918785589777354,28.309809579549935,0.08844968314755139,0.014428739491394778,0.9985886461303206,0.049998083151876926
2.6754116872048086,0.2972548132776836,0.01918785589777354,28.359825616976487,0.09825280809922024,0.016195193597387615,0.9984697449540597,0.05009269202128053
2.6754116872048086,0.2972548132776836,0.01918785589777354,28.409625143164575,0.10815273140513851,0.017041774023043986,0.9983512661534676,0.04988176794722676
2.6754116872048086,0.2972548132776836,0.01918785589777354,28.459574843791348,0.11799871416845825,0.017936838659313063,0.9982374696732925,0.05003789393231273
2.694403086067511,0.298111131693035,0.021324027286085623,28.50942215119015,0.08973527808396244,0.016179051578686893,0.9986093709371645,0.04991672304458916
2.694403086067511,0.298111131693035,0.021324027286085623,28.559430898739603,0.09935862632748889,0.018656722256730422,0.9985767872349542,0.050080022076144814
2.7056205979637347,0.2981322474817699,0.02250929625122664,28.60931393500092,0.0866610279793767,0.019569660850861644,0.9986803207239293,0.04994895285926759
2.7056205979637347,0.2981322474817699,0.02250929625122664,28.659210846816677,0.09634012731157415,0.021416645190047837,0.9985649530064601,0.04996861913241446
2.7056205979637347,0.2981322474817699,0.02250929625122664,28.709194142742998,0.10602945950164909,0.022417259783202116,0.9984484335490772,0.05006096884608269
2.7056205979637347,0.2981322474817699,0.02250929625122664,28.7590797608698,0.11572425911867985,0.023481782885981704,0.9983351833895238,0.04996880702674389
2.7254468159876044,0.2988760814842109,0.026298838325360376,28.809184713750177,0.08527756150200595,0.02134742662766594,0.998722752783776,0.050169031135737896
2.7254468159876044,0.2988760814842109,0.026298838325360376,28.858977057948874,0.09447579931442013,0.02404293810252856,0.9986954865446486,0.04985738382674754
2.736921017704711,0.29900445433342354,0.0290862115241603,28.908961250946827,0.08079410900765761,0.0238766507059421,0.9988057497677177,0.05004395800642669
2.736921017704711,0.29900445433342354,0.0290862115241603,28.95880552560717,0.09000163850433669,0.02586482323939176,0.998694186563114,0.04990944708697498
2.736921017704711,0.29900445433342354,0.0290862115241603,29.008729043853073,0.09922643050898922,0.02697956606402588,0.9985842848387642,0.04999429592862725
2.736921017704711,0.29900445433342354,0.0290862115241603,29.058692947373917,0.10845267662667958,0.0281643233867261,0.9984774681161521,0.05004009115509689
2.755366430778024,0.30050903143434354,0.03414286761590995,29.108721998446015,0.08093210279306223,0.02342528427606426,0.9988367754297909,0.050087313866242766
2.755366430778024,0.30050903143434354,0.03414286761590995,29.1587252316358,0.09001722974276266,0.026201290491852672,0.9988071655337645,0.05006295000202954
2.7656100366672542,0.3007095109396718,0.036252728302265294,29.208641028200326,0.07880724870787771,0.02655091108061274,0.9988892343521681,0.04997130297124386
2.7656100366672542,0.3007095109396718,0.036252728302265294,29.258472496818996,0.08799520672811745,0.028576543286171447,0.9987764618542393,0.049892514012753963
2.7656100366672542,0.3007095109396718,0.036252728302265294,29.30867585159624,0.09720066207110158,0.029794912498673987,0.9986639628844552,0.050270518055185676
2.7656100366672542,0.3007095109396718,0.036252728302265294,29.358347180178672,0.10646187424025477,0.031099444089995366,0.9985534645595338,0.04974328400567174
2.782156120900403,0.3025396959406966,0.041254703214589204,29.408344491489498,0.08267352170648393,0.0257869080246672,0.9988815977769497,0.05005329102277756
2.782156120900403,0.3025396959406966,0.041254703214589204,29.45821331800444,0.0917090529282029,0.02856721464800627,0.9988492932838049,0.049926277017220855
2.793617660000828,0.303517240657121,0.0441006433433379,29.508158224218384,0.07805000136983765,0.026748536511266238,0.9989614991580368,0.04999682796187699
2.793617660000828,0.303517240657121,0.0441006433433379,29.558219679301875,0.08716350687697343,0.029088965180555506,0.998845634579388,0.05011931108310819
2.793617660000828,0.303517240657121,0.0441006433433379,29.608254833072056,0.09640556805039115,0.03038725347458601,0.9987297090622073,0.050098793813958764
2.793617660000828,0.303517240657121,0.0441006433433379,29.657987342323523,0.10562718717786833,0.031765415692903184,0.9986176910075404,0.049801350105553865
2.810718250569478,0.3050171805421498,0.0472668027635318,29.707877349791474,0.08065368708962314,0.0293034486506906,0.9989420397450481,0.04994284501299262
2.810718250569478,0.3050171805421498,0.0472668027635318,29.75780945383213,0.08973669651133621,0.03229923011121718,0.9989098874534103,0.0499865950550884
2.810718250569478,0.3050171805421498,0.0472668027635318,29.807779276936518,0.09894975558206653,0.033694856252017014,0.9987926741797821,0.05003022588789463
2.810718250569478,0.3050171805421498,0.0472668027635318,29.85770595502503,0.10814789992129946,0.03516191169797314,0.9986747156921203,0.0499929329380393
2.830100204295261,0.3061008829049287,0.05221304505636807,29.907710937932332,0.07864103476414433,0.03323685759230593,0.9989323836268639,0.05005842610262334
2.830100204295261,0.3061008829049287,0.05221304505636807,29.957581276801005,0.0877211344707386,0.0365627692219124,0.9988136656213591,0.049929572036489844
2.8395570315610636,0.30644744463585966,0.05439504280912981,30.00763258013071,0.07802765858476136,0.03727583155437496,0.9989775065519817,0.0501025328412652
2.8395570315610636,0.30644744463585966,0.05439504280912981,30.057562155730608,0.08720664500233576,0.039600766483947766,0.9989411780297871,0.04998249816708267
2.8395570315610636,0.30644744463585966,0.05439504280912981,30.107484118611172,0.09639102325168672,0.04118076728667617,0.9988211278591517,0.049980883952230215
2.8395570315610636,0.30644744463585966,0.05439504280912981,30.15739848532307,0.10556176884661796,0.04283182282851922,0.9986998378486756,0.04997934796847403
2.8578218520119685,0.30767376253964446,0.06144235897289254,30.207649380806455,0.07832695076279719,0.03943869118840716,0.9989446465233692,0.050303983967751265
2.8578218520119685,0.30767376253964446,0.06144235897289254,30.257341812482533,0.08739837843147168,0.04270315590802259,0.9988189329801929,0.04975119116716087
2.8578218520119685,0.30767376253964446,0.06144235897289254,30.307236891933343,0.09655569619715876,0.044379132263418566,0.99880173040779,0.04995493893511593
2.8578218520119685,0.30767376253964446,0.06144235897289254,30.357186595120282,0.10572480855792701,0.0461116178377851,0.9987638500576888,0.05001152493059635
2.8775465038838863,0.3084307099814554,0.06871132499092766,30.407172952981703,0.07553915197892197,0.04467308790911044,0.9990234430131777,0.050035220105201006
2.8775465038838863,0.3084307099814554,0.06871132499092766,30.457040530211373,0.08461111431272231,0.04797686311208903,0.9988936378680219,0.049922809936106205
2.8775465038838863,0.3084307099814554,0.06871132499092766,30.507209375662068,0.0937776952687866,0.04977403027357693,0.9987687516360647,0.050230691907927394
2.8775465038838863,0.3084307099814554,0.06871132499092766,30.556994487725163,0.10298526154525985,0.05168761156284871,0.9986456469751979,0.049852630123496056
2.8950326372861364,0.3097694504892787,0.0775470984539501,30.60697843557022,0.07733094184882365,0.04754320134760833,0.9989867401113897,0.050034645944833755
2.8950326372861364,0.3097694504892787,0.0775470984539501,30.6568096630732,0.08636458906762834,0.05068223804323216,0.9989384291127337,0.049884183099493384
2.8950326372861364,0.3097694504892787,0.0775470984539501,30.706837784501015,0.09552658762234645,0.05255844735568598,0.9988127687444566,0.05008758697658777
2.8950326372861364,0.3097694504892787,0.0775470984539501,30.75685461500821,0.10470757809772052,0.05452094802390875,0.9986851039839608,0.05008268402889371
2.910956853905681,0.3109752727369356,0.0841535103267534,30.80661327357832,0.08212657920476751,0.052520026518684204,0.9988775902946273,0.04981457092799246
2.910956853905681,0.3109752727369356,0.0841535103267534,30.85662839609943,0.09119125936896787,0.05556268078376719,0.9987493556762062,0.05007775197736919
2.910956853905681,0.3109752727369356,0.0841535103267534,30.90649373334896,0.10040070080222172,0.05762666427266981,0.9987242922600681,0.04992903210222721
2.910956853905681,0.3109752727369356,0.0841535103267534,30.956495924797466,0.10956542693441115,0.059708305545798895,0.9986812908538127,0.05006821686401963
2.929583521765276,0.31237321658731726,0.09240783497818139,31.00638145719823,0.08160895217532123,0.05714736208374485,0.9989279622956649,0.04993906896561384
2.929583521765276,0.31237321658731726,0.09240783497818139,31.056352199186062,0.09069388726522909,0.06039947185872875,0.9987930708711587,0.050031126011162996
2.93960004407939,0.31257649103455754,0.09885059293882419,31.1063433733325,0.07996080149211993,0.06044725243462989,0.9988624364553401,0.050048107048496604
2.93960004407939,0.31257649103455754,0.09885059293882419,31.15624099380099,0.08916802451297276,0.06313288681483228,0.9987310199557617,0.049961020005866885
2.93960004407939,0.31257649103455754,0.09885059293882419,31.206208411928973,0.09837665408816604,0.06539670858954012,0.9987036801248791,0.050032275961712
2.93960004407939,0.31257649103455754,0.09885059293882419,31.256144347528792,0.10758526006445297,0.06767772582104147,0.9986571728544869,0.0500030810944736
2.956363431773721,0.3140959997076327,0.11165713557118298,31.30599544141602,0.0835607924836488,0.06166785290576937,0.998894827016404,0.04990624892525375
2.956363431773721,0.3140959997076327,0.11165713557118298,31.355959548781787,0.09267336594193838,0.06488609063611123,0.9987543861315265,0.05002642096951604
2.956363431773721,0.3140959997076327,0.11165713557118298,31.40588384081398,0.10189914074495901,0.067198387766737,0.9986202952532176,0.04999326798133552
2.956363431773721,0.3140959997076327,0.11165713557118298,31.455802038326212,0.11120351250873904,0.06962503044168017,0.9984863630475594,0.04999387008138001
2.9749772964964234,0.3160376255717064,0.12173086381076821,31.50573123577502,0.08339400798762525,0.06594472032236955,0.9988503628851346,0.04998666397295892
2.9749772964964234,0.3160376255717064,0.12173086381076821,31.555756266430876,0.09265143449763885,0.06927212979989088,0.9987959858409837,0.05008533410727978
2.985509165348887,0.3171844228911103,0.1268937709560915,31.605661018125698,0.08091998966291461,0.06895358232249635,0.9988783362977156,0.04996079090051353
2.985509165348887,0.3171844228911103,0.1268937709560915,31.655695966839776,0.09020355879628127,0.07181774718898618,0.9987402044986818,0.05009806202724576
2.985509165348887,0.3171844228911103,0.1268937709560915,31.7055081588859,0.09950711481951999,0.07434679430870088,0.9986014175514449,0.049881956074386835
2.985509165348887,0.3171844228911103,0.1268937709560915,31.75538539490088,0.10901387199860609,0.07698657966489876,0.9984601294649148,0.04995415895245969
3.0039989155616382,0.320355453511663,0.14059953695625788,31.805359404046275,0.08176381861574863,0.06785006518904818,0.9988666615417084,0.05003071087412536
3.0039989155616382,0.320355453511663,0.14059953695625788,31.855270218069307,0.09114309493045002,0.07147975970229167,0.9988026962907074,0.04997064406052232
3.0039989155616382,0.320355453511663,0.14059953695625788,31.905211757449063,0.10062244323442791,0.07403856211325645,0.9986607967943055,0.05000851093791425
3.0039989155616382,0.320355453511663,0.14059953695625788,31.95519492984075,0.11008720975861724,0.07668977587047071,0.9985172705406211,0.050057393964380026
3.0226842152628386,0.3226110477513298,0.15288657097619762,32.00508089110743,0.08234913661000667,0.07233693547926794,0.998789446490429,0.04994642408564687
3.0226842152628386,0.3226110477513298,0.15288657097619762,32.05513062684113,0.09244795151448264,0.07617747439202213,0.9986383464261365,0.05011797905899584
3.0226842152628386,0.3226110477513298,0.15288657097619762,32.10500380417715,0.10240058087722209,0.07896963597566341,0.9985894377982951,0.049943625926971436
3.0226842152628386,0.3226110477513298,0.15288657097619762,32.15493479046019,0.11228383213805672,0.08170770008112445,0.9985248234650127,0.050004752120003104
3.0226842152628386,0.3226110477513298,0.15288657097619762,32.20483643776653,0.12215556151431808,0.08458000001617533,0.9983703574306271,0.04998310189694166
3.0425762824552485,0.3258672070353094,0.1656655380336762,32.254851411901164,0.09236622833264736,0.07826680304604838,0.998690951592709,0.050080531975254416
3.0425762824552485,0.3258672070353094,0.1656655380336762,32.30469440702024,0.10224269620128243,0.08236310531187409,0.9985300050053125,0.04991637193597853
3.052769958669985,0.3279540157531558,0.17392994868696557,32.354738317632744,0.09182994913269012,0.0785214338959536,0.9986354148830466,0.05011229310184717
3.052769958669985,0.3279540157531558,0.17392994868696557,32.40451860912653,0.10172521400806958,0.08200156689776068,0.9985797219764925,0.04985109390690923
3.063533690502079,0.3300859181503846,0.18030072249209408,32.45458001360738,0.08998690370559248,0.08007863434616785,0.9987699332212983,0.05012305919080973
3.063533690502079,0.3300859181503846,0.18030072249209408,32.504389670283416,0.09985666089522388,0.08357649833507276,0.9986115720029719,0.04987890995107591
3.063533690502079,0.3300859181503846,0.18030072249209408,32.55439552433067,0.10968906202360348,0.08650823611347455,0.998454973421731,0.05008323397487402
3.063533690502079,0.3300859181503846,0.18030072249209408,32.60422529111699,0.11953607235903367,0.08954953928898313,0.9982957929660464,0.049914831994101405
3.0827264823369744,0.3327130333687242,0.19537927570052124,32.65418249745585,0.091147805560287,0.08536754290093242,0.998593581552247,0.05002756603062153
3.0827264823369744,0.3327130333687242,0.19537927570052124,32.704120368338764,0.10102891206733812,0.08989504571476914,0.9985315492644082,0.05001131002791226
3.0940671573733267,0.3348145846927021,0.20203683292783634,32.75407503316063,0.0880074788069289,0.08941956465761111,0.9987244878126942,0.05001846398226917
3.0940671573733267,0.3348145846927021,0.20203683292783634,32.80395363137251,0.09779029316475632,0.09303715068943645,0.9985644998039378,0.04995030188001692
3.0940671573733267,0.3348145846927021,0.20203683292783634,32.85399497087418,0.1075175540606354,0.09612206952922903,0.9984044206995402,0.05012131202965975
3.0940671573733267,0.3348145846927021,0.20203683292783634,32.90394489374864,0.11724924571376832,0.09930659072563751,0.9982420877671252,0.05003788508474827
3.1143771243749003,0.33855293519505025,0.21876676953563778,32.95368931154407,0.08644908313007486,0.09328442641743549,0.998578184101874,0.049815245904028416
3.1143771243749003,0.33855293519505025,0.21876676953563778,33.00370765631664,0.09615175550045435,0.09801130000944873,0.9985138108158309,0.0500927921384573
3.1260734409012145,0.34157462431214597,0.22538835358535392,33.053676408436594,0.08203242186024856,0.096226109443911,0.998723296888906,0.05003262893296778
3.1260734409012145,0.34157462431214597,0.22538835358535392,33.10355428688049,0.09156141314422646,0.09992355984954268,0.9985633230052524,0.049949639942497015
3.1260734409012145,0.34157462431214597,0.22538835358535392,33.15381967306778,0.10105718898385838,0.10304064826873979,0.9984034234856418,0.05034576705656946
3.1260734409012145,0.34157462431214597,0.22538835358535392,33.20338165287274,0.11059560771521798,0.10626037973628816,0.9982404961745561,0.04964933800511062
3.1424376723446796,0.3457539948533804,0.24374322284974356,33.25327992326842,0.08755318928162666,0.09672587769430376,0.9985293769502949,0.04997176001779735
3.1424376723446796,0.3457539948533804,0.24374322284974356,33.30322872396,0.09694802707378615,0.10133345876435992,0.998462364614511,0.05002572201192379
3.1516883351731795,0.34790771156314587,0.25315555085590363,33.35315066853259,0.08744614976055247,0.0993898333720716,0.9986296523264302,0.04999044886790216
3.1516883351731795,0.34790771156314587,0.25315555085590363,33.40303878123706,0.09647244329254609,0.10299648650687226,0.9984750651704475,0.0499643050134182
3.1516883351731795,0.34790771156314587,0.25315555085590363,33.45302978898098,0.10548134946359594,0.10603026837148107,0.9983230484728569,0.050074981059879065
3.1516883351731795,0.34790771156314587,0.25315555085590363,33.50292076310188,0.11447648540225283,0.1091333991878938,0.9981697011166085,0.04998245695605874
3.1699186913656847,0.35382555079127526,0.27085434874095315,33.55316356216269,0.08679960022476503,0.09848842371907991,0.9984987795868142,0.050318337976932526
3.1699186913656847,0.35382555079127526,0.27085434874095315,33.60278028388518,0.0955987878850509,0.10352159624334374,0.9984375018668967,0.049694369081407785
3.1781779120511384,0.35612799090305397,0.2812731749305253,33.65267625999652,0.086781194150529,0.10066400697928365,0.998601505054126,0.04996585310436785
3.1781779120511384,0.35612799090305397,0.2812731749305253,33.702679574156434,0.0945592651572958,0.10423219118980245,0.998466700861765,0.05008010193705559
3.1781779120511384,0.35612799090305397,0.2812731749305253,33.752610612042034,0.10242597157294016,0.10712455866492594,0.9983367109730316,0.05001422599889338
3.1781779120511384,0.35612799090305397,0.2812731749305253,33.80243110008885,0.11024579443351408,0.11006348670429188,0.9982067550190437,0.04990998888388276
3.198321985540181,0.3615177635059111,0.298691012853573,33.85234078809977,0.07704330111207341,0.10570877137138984,0.998496221091703,0.0499848541803658
3.198321985540181,0.3615177635059111,0.298691012853573,33.9022812218484,0.08462987945209288,0.11071740069410314,0.998457181892529,0.05001760181039572
3.208191515430653,0.3652255885271287,0.3087561429437574,33.952654495631364,0.06911177065484897,0.10701418174856035,0.9986489026072847,0.05044142506085336
3.208191515430653,0.3652255885271287,0.3087561429437574,34.00218729882637,0.0740156941002573,0.11060648881655108,0.9985646576302553,0.04960400192067027
3.208191515430653,0.3652255885271287,0.3087561429437574,34.05218512138775,0.07895263340031196,0.11331387165194269,0.9984878320597006,0.050073542166501284
3.208191515430653,0.3652255885271287,0.3087561429437574,34.102022241153925,0.08389346982100489,0.11610052180329179,0.9984090598126132,0.049916533986106515
3.2242065519829954,0.3707018647403104,0.3267964693802474,34.15202039420408,0.05608918964479619,0.10965876163948057,0.9986106821310222,0.050067713018506765
3.2242065519829954,0.3707018647403104,0.3267964693802474,34.20184897387919,0.06070895659758354,0.11413808049055396,0.9986238254992141,0.04989724699407816
3.2242065519829954,0.3707018647403104,0.3267964693802474,34.25200145806842,0.06559663093605457,0.11689047010462471,0.9985623258133947,0.05022469093091786
3.2242065519829954,0.3707018647403104,0.3267964693802474,34.30170981128027,0.07046232188964821,0.11971116332297319,0.9984824232865379,0.04978390410542488
3.2385932103357384,0.3752503595775653,0.3454143487651245,34.35176960244695,0.045874976562124505,0.11523078373539418,0.998648192175432,0.050127553986385465
3.2385932103357384,0.3752503595775653,0.3454143487651245,34.401523609068576,0.05045935494443337,0.11920095937395589,0.9985575328735946,0.0498258788138628
3.2385932103357384,0.3752503595775653,0.3454143487651245,34.451614308974946,0.05523547010203168,0.12193425406951623,0.9984795939552298,0.050166974077001214
3.2385932103357384,0.3752503595775653,0.3454143487651245,34.5014580465477,0.059995633226625766,0.12487522378192994,0.9985010712378067,0.04991856194101274
3.248689258972088,0.3780769962057115,0.36556999555403114,34.55139604602459,0.044495227017787,0.12077156229346404,0.9986333018828385,0.05000634305179119
3.248689258972088,0.3780769962057115,0.36556999555403114,34.60125712252927,0.049058897119783486,0.12415443232661207,0.9985452219485343,0.04993371898308396
3.248689258972088,0.3780769962057115,0.36556999555403114,34.65129109148961,0.053751924307328336,0.12695537804467324,0.9984660400166486,0.05011083697900176
3.248689258972088,0.3780769962057115,0.36556999555403114,34.70112156573976,0.05842767494931751,0.12981383528487847,0.99838615074552,0.04991102311760187
3.248689258972088,0.3780769962057115,0.36556999555403114,34.751112269943214,0.06305372458304812,0.1327057427786518,0.9983067795074525,0.05007549305446446
3.248689258972088,0.3780769962057115,0.36556999555403114,34.801012129234955,0.06765407473013772,0.13579937106933887,0.9983245588239339,0.04998360387980938
3.264619268130226,0.38475971151789146,0.4012680297772554,34.850880230900934,0.04029814970222144,0.12100769951079038,0.9986568921724286,0.049935169983655214
3.264619268130226,0.38475971151789146,0.4012680297772554,34.90072962858299,0.044421795596864475,0.1252938803812901,0.9985552476734728,0.04992152191698551
3.264619268130226,0.38475971151789146,0.4012680297772554,34.9507725671691,0.04903335889458729,0.1280711197629905,0.9984771417389956,0.050119263119995594
3.264619268130226,0.38475971151789146,0.4012680297772554,35.00061434256498,0.053628000197246985,0.13091180287074353,0.9983980222506602,0.049921748926863074
3.264619268130226,0.38475971151789146,0.4012680297772554,35.050569536865474,0.05817521094643263,0.13378491236861037,0.9983194255029428,0.0500392890535295
3.264619268130226,0.38475971151789146,0.4012680297772554,35.1004481840836,0.06269024944806198,0.13686799631222427,0.9983373711809899,0.04996171500533819
3.279977997153946,0.39163797214384233,0.4366764306489423,35.15053493790331,0.035919057725639386,0.1232066776525122,0.9986526727352519,0.0501543281134218
3.279977997153946,0.39163797214384233,0.4366764306489423,35.200326655285885,0.039995823911888294,0.12728002434082908,0.9985529283506732,0.04986387398093939
3.279977997153946,0.39163797214384233,0.4366764306489423,35.25022361493493,0.0445213278518529,0.13004776587117886,0.9984758158636634,0.04997312789782882
3.279977997153946,0.39163797214384233,0.4366764306489423,35.30018362907334,0.04902763209416858,0.13287163475997915,0.9983975129848996,0.05004020291380584
3.279977997153946,0.39163797214384233,0.4366764306489423,35.35011644347835,0.053512619919826185,0.1357419475652995,0.9983189527439428,0.05001689516939223
3.279977997153946,0.39163797214384233,0.4366764306489423,35.39997636868158,0.05795038595840172,0.13882454354669682,0.998336508496578,0.04994300496764481
3.2942821271288905,0.3983568246228088,0.47229505533670846,35.4499853267484,0.032941605885811395,0.1261014173907786,0.9986294895476296,0.050077589927241206
3.2942821271288905,0.3983568246228088,0.47229505533670846,35.499809127442205,0.037012218352518785,0.1298307285819268,0.9985344743094666,0.04989692592062056
3.2942821271288905,0.3983568246228088,0.47229505533670846,35.54976583223261,0.04146932202037882,0.1326069501836601,0.9984576399069168,0.05003387504257262
3.2942821271288905,0.3983568246228088,0.47229505533670846,35.59973279334117,0.04591601818119874,0.1354379693988759,0.9983795561628803,0.050048061180859804
3.2942821271288905,0.3983568246228088,0.47229505533670846,35.649569181092915,0.050338768918625584,0.13831133670758572,0.9983013819314415,0.0499211847782135
3.2942821271288905,0.3983568246228088,0.47229505533670846,35.69955388156092,0.054703011754418746,0.14140085779787334,0.9983180855186332,0.05006891209632158
3.3060594882978473,0.4051643929284644,0.5101096522291002,35.74941672146067,0.034712947710034525,0.12593399240578215,0.9986265930179847,0.04993141605518758
3.3060594882978473,0.4051643929284644,0.5101096522291002,35.79935719401655,0.03873168817286438,0.12944719364213217,0.9985344942395785,0.05001376802101731
3.3060594882978473,0.4051643929284644,0.5101096522291002,35.849278963707825,0.04316375314360494,0.13222467245778055,0.9984579798376435,0.04999886895529926
3.3060594882978473,0.4051643929284644,0.5101096522291002,35.89920247576466,0.04757460288565906,0.1350449563367676,0.9983809872889082,0.050004469929262996
3.3060594882978473,0.4051643929284644,0.5101096522291002,35.949288571958895,0.051963330578528956,0.137906238691196,0.9983037884323523,0.05017119715921581
3.3060594882978473,0.4051643929284644,0.5101096522291002,35.999248869386435,0.05631726821157032,0.1410138971048717,0.998320199583988,0.05004436196759343
3.3181284838928424,0.4124129400798866,0.5508356180884545,36.04901774630616,0.035307269698004094,0.12476541729357543,0.9986404170049882,0.049836633959785104
3.3181284838928424,0.4124129400798866,0.5508356180884545,36.09895083909803,0.03925056970155961,0.12829288402196937,0.9985493794947338,0.05000563198700547
3.3181284838928424,0.4124129400798866,0.5508356180884545,36.14879414661226,0.04366487928826032,0.1310482909575572,0.9984738136987362,0.04991949396207929
3.3181284838928424,0.4124129400798866,0.5508356180884545,36.19874401718138,0.04805567846580471,0.13384156296149408,0.9983979533446681,0.050030020996928215
3.3181284838928424,0.4124129400798866,0.5508356180884545,36.2487038197445,0.05243644035839693,0.1366808384789833,0.9983215604744589,0.0500437980517745
3.3181284838928424,0.4124129400798866,0.5508356180884545,36.29857984425481,0.056767289881990646,0.1397700652723085,0.9983392499169355,0.04995899391360581
3.331289489808398,0.42153360496819536,0.5902251197350176,36.34854848735396,0.03198093356366202,0.12317046625803206,0.9986811359804534,0.050034631974995136
3.331289489808398,0.42153360496819536,0.5902251197350176,36.3984278934601,0.035878472936997204,0.12676932776855646,0.9985884470585158,0.04994991305284202
3.331289489808398,0.42153360496819536,0.5902251197350176,36.44844352971095,0.04028210931199195,0.12949248206464606,0.9985138232228093,0.0500900789629668
3.331289489808398,0.42153360496819536,0.5902251197350176,36.49832873448922,0.044686293574875025,0.13226564034005056,0.9984380253992647,0.04996324609965086
3.331289489808398,0.42153360496819536,0.5902251197350176,36.548260410763,0.049061969046885825,0.13507216232794259,0.9983625118063952,0.05001357290893793
3.331289489808398,0.42153360496819536,0.5902251197350176,36.59821610217433,0.053388995334379255,0.13814246844953731,0.9983808962365829,0.050036706030368805
3.3413156897161818,0.4286744189869084,0.628144118836702,36.64801300911432,0.035559626609745786,0.12321389690975836,0.9986615866474718,0.049863645108416677
3.3413156897161818,0.4286744189869084,0.628144118836702,36.69802525953594,0.039583301882238416,0.12641009711943998,0.9985779253427524,0.05008347285911441
3.3413156897161818,0.4286744189869084,0.628144118836702,36.747889937783924,0.04400414668518282,0.1291601918487712,0.9985028892635125,0.049939443124458194
3.3413156897161818,0.4286744189869084,0.628144118836702,36.79791347833692,0.048401857535918205,0.13194216077004733,0.9984279111094404,0.05010230583138764
3.3413156897161818,0.4286744189869084,0.628144118836702,36.847803787864144,0.052799518940713094,0.1347727387793093,0.998352226193254,0.04997265315614641
3.3413156897161818,0.4286744189869084,0.628144118836702,36.89769665016157,0.05713075463745128,0.13787169812561387,0.9983707113339784,0.04997428483329713
3.3413156897161818,0.4286744189869084,0.628144118836702,36.94762696239478,0.06146539605688957,0.140928169125977,0.9983092636430381,0.05001487419940531
3.3529567091293693,0.4365972013115537,0.6663459540750569,36.99756354150997,0.03964962974414308,0.1272996389842177,0.9985624684753326,0.050008467864245176
3.3529567091293693,0.4365972013115537,0.6663459540750569,37.04748470183187,0.04382952733282452,0.1303424704635525,0.998484933037381,0.04999690898694098
3.3529567091293693,0.4365972013115537,0.6663459540750569,37.09734359984639,0.048237315356273264,0.13315747873088885,0.9984104186537047,0.049938278971239924
3.3529567091293693,0.4365972013115537,0.6663459540750569,37.14730513461898,0.05263556677449038,0.13600632759891104,0.9983352077528521,0.050044849049299955
3.3529567091293693,0.4365972013115537,0.6663459540750569,37.19716246026776,0.05698770508123542,0.13914683822624285,0.9983513441741586,0.04993965895846486
3.3529567091293693,0.4365972013115537,0.6663459540750569,37.247207351370506,0.061335890222158525,0.14224699867748786,0.9982899100788998,0.050130618968978524
3.3636484173321954,0.4448454228524126,0.7051811636967538,37.29711943341639,0.04092608345655467,0.12723033613648224,0.9985523862767687,0.049984440207481384
3.3636484173321954,0.4448454228524126,0.7051811636967538,37.34696577363193,0.045284237831099305,0.13011767599726642,0.9984801015337853,0.04992221691645682
3.3636484173321954,0.4448454228524126,0.7051811636967538,37.39688053442395,0.049719495456582344,0.1329600622251568,0.9984056377876989,0.049994470085948706
3.3636484173321954,0.4448454228524126,0.7051811636967538,37.44684528308023,0.054159748373850916,0.13584039225553504,0.9983302082887319,0.05004831892438233
3.3636484173321954,0.4448454228524126,0.7051811636967538,37.496679474977036,0.05855125361017265,0.1390229870333113,0.9983450027623367,0.04991680406965315
3.3636484173321954,0.4448454228524126,0.7051811636967538,37.546739363007546,0.06293701026839293,0.14217224035180578,0.998283312694172,0.05014597298577428
3.375172023079187,0.4541791895401533,0.7426119200887075,37.5969370409266,0.03965973096561534,0.12813279425881952,0.9985406725252691,0.050271039828658104
3.375172023079187,0.4541791895401533,0.7426119200887075,37.64655606830665,0.04421479144404711,0.13084696321873868,0.9984720630478371,0.04969495814293623
3.375172023079187,0.4541791895401533,0.7426119200887075,37.69650045756325,0.04867055299793635,0.13373244899854075,0.9983979912909623,0.05002452898770571
3.375172023079187,0.4541791895401533,0.7426119200887075,37.74639357889269,0.05315836170974944,0.13666408276966127,0.9983218571084439,0.049976989859715104
3.375172023079187,0.4541791895401533,0.7426119200887075,37.79624559191405,0.05759644657105216,0.13990698456897233,0.9983335005663914,0.04993523005396128
3.375172023079187,0.4541791895401533,0.7426119200887075,37.84616981005589,0.06203374961839631,0.14313568457450554,0.9982709325132963,0.05001068999990821
3.384550277748696,0.46441046288727245,0.781555212360006,37.89611312714182,0.041772362295088086,0.12406755842137925,0.9985857395465704,0.05001404997892678
3.384550277748696,0.46441046288727245,0.781555212360006,37.946090570072904,0.04646148799986276,0.1268735449393999,0.9985159542359281,0.050051721977069974
3.384550277748696,0.46441046288727245,0.781555212360006,37.99598495401976,0.051032578309097396,0.1297957833721185,0.9984400717984478,0.04997233720496297
3.384550277748696,0.46441046288727245,0.781555212360006,38.04591272648548,0.05559976624236198,0.1327500424519321,0.9983638633411672,0.050009594997391105
3.384550277748696,0.46441046288727245,0.781555212360006,38.09574028535052,0.06015318560817412,0.1360331187429925,0.9983766132371319,0.04990857979282737
3.384550277748696,0.46441046288727245,0.781555212360006,38.14571770229284,0.06468832132201593,0.13930761083340876,0.9983127032776864,0.050061886198818684
3.3953000977150807,0.4761146150969421,0.8205876861587118,38.1956113191081,0.040116823867179616,0.12067507675500141,0.9986350146702787,0.049961813958361745
3.3953000977150807,0.4761146150969421,0.8205876861587118,38.2455743580907,0.044880622390088026,0.12356190745974235,0.9985639036829019,0.05003489390946925
3.3953000977150807,0.4761146150969421,0.8205876861587118,38.29545081396024,0.04955344392980481,0.12651454481955454,0.9984871274025496,0.049952026922255754
3.3953000977150807,0.4761146150969421,0.8205876861587118,38.345396627593374,0.054226154673870736,0.12950541450023034,0.9984099775488214,0.05002535507082939
3.3953000977150807,0.4761146150969421,0.8205876861587118,38.39558282991428,0.05896229413433349,0.13283827652002106,0.9984221024745179,0.05026551615446806
3.3953000977150807,0.4761146150969421,0.8205876861587118,38.445248139594646,0.06367947380601124,0.13619735028764188,0.9983552775398377,0.049747129902243614
3.4060675743062796,0.48793380840262685,0.8560668133789483,38.495220981518266,0.03847252135514623,0.12020781672283432,0.9986444207504487,0.05004067602567375
3.4060675743062796,0.48793380840262685,0.8560668133789483,38.54508515364861,0.04347779333289156,0.12299510051905839,0.9985748983128732,0.049935335060581565
3.4060675743062796,0.48793380840262685,0.8560668133789483,38.59505794743969,0.04828237382618435,0.1260453686398383,0.998496241790337,0.05004805396310985
3.4060675743062796,0.48793380840262685,0.8560668133789483,38.64497001859442,0.05310561802240465,0.12914714971068195,0.9984166473641033,0.04999122489243746
3.4060675743062796,0.48793380840262685,0.8560668133789483,38.694815668266294,0.05816545323046767,0.13259718892720584,0.998423228979275,0.04992436897009611
3.4060675743062796,0.48793380840262685,0.8560668133789483,38.74477959391159,0.06309230399436495,0.13607545134479074,0.9983534183350303,0.05004633101634681
3.4140880802434768,0.4998896543691342,0.8939490390989554,38.79489867828081,0.042542411844293214,0.11370411644239181,0.998705728451259,0.05018403613939881
3.4140880802434768,0.4998896543691342,0.8939490390989554,38.84474724587754,0.04787872957609776,0.11676287068884615,0.9986308393097759,0.049916911870241165
3.4140880802434768,0.4998896543691342,0.8939490390989554,38.894661052881425,0.05296406277717472,0.1198527611700646,0.9985492020040511,0.049986327067017555
3.4140880802434768,0.4998896543691342,0.8939490390989554,38.94456740993848,0.05806354956187753,0.12300374672354863,0.9984666214473957,0.04998299991711974
3.4140880802434768,0.4998896543691342,0.8939490390989554,38.994480772929634,0.06388188302812899,0.12650587274985392,0.9984705857833936,0.0499898181296885
3.4140880802434768,0.4998896543691342,0.8939490390989554,39.04439008430034,0.0693627975275914,0.1300413398694728,0.9983939962977008,0.04998959484510124
3.4247253346752666,0.5129891444766334,0.9261398405830149,39.094432647100284,0.042938068617470265,0.11485331316340898,0.9986911638058301,0.05010814615525305
3.4247253346752666,0.5129891444766334,0.9261398405830149,39.14421982771319,0.04879626719887842,0.11788170787521421,0.9986116877850795,0.04985639685764909
3.4247253346752666,0.5129891444766334,0.9261398405830149,39.19423463073961,0.05437992435810898,0.12114653252139385,0.9985231200582723,0.050088778138160706
3.4247253346752666,0.5129891444766334,0.9261398405830149,39.244245090029146,0.05999647022650732,0.12449051895069137,0.998433076288474,0.05008894484490156
3.4247253346752666,0.5129891444766334,0.9261398405830149,39.29399476136144,0.06751822459805251,0.12817165164227468,0.9984149535638605,0.04982865205965936
3.4247253346752666,0.5129891444766334,0.9261398405830149,39.34391520736422,0.0741375324877229,0.13187187725251412,0.9983238412969678,0.05000426108017564
3.4337518563430827,0.5266183018549626,0.9598925505002439,39.39388254251142,0.05067742285331846,0.11170420102483092,0.9986951153406411,0.05003262194804847
3.4337518563430827,0.5266183018549626,0.9598925505002439,39.443794406458466,0.05783769431978888,0.11492893293570372,0.9986023484189651,0.04998172097839415
3.4337518563430827,0.5266183018549626,0.9598925505002439,39.49373840802337,0.06461776108026399,0.11830529639891138,0.9984990820504254,0.050019076094031334
3.4337518563430827,0.5266183018549626,0.9598925505002439,39.543708459948306,0.07140487406937801,0.12176087240222622,0.9983949174790444,0.05005038692615926
3.4416875089205807,0.538130234492323,0.9798129623222825,39.593729311487806,0.05629251168746377,0.11280625538727942,0.9987264277676329,0.05008463794365525
3.4416875089205807,0.538130234492323,0.9798129623222825,39.643511152885175,0.06613101716669514,0.1157361622683466,0.9986128508270058,0.04985099215991795
3.4416875089205807,0.538130234492323,0.9798129623222825,39.69343511604712,0.07565800909999969,0.11917552136022817,0.9984733341916051,0.05000029690563679
3.4416875089205807,0.538130234492323,0.9798129623222825,39.74334066711663,0.08519718157816433,0.12270396929735251,0.9983323334799739,0.04998891591094434
3.448893894993158,0.5482389331790932,1.0027200405030725,39.79322100608151,0.07118284863258263,0.11233293207471326,0.9985708960279663,0.04995172517374158
3.448893894993158,0.5482389331790932,1.0027200405030725,39.84316525587771,0.08115036017933104,0.11530064826681094,0.9984468187962174,0.050021942937746644
3.448893894993158,0.5482389331790932,1.0027200405030725,39.893116711971985,0.09069655864154658,0.1186413607472839,0.9983424420812904,0.050034390995278955
3.448893894993158,0.5482389331790932,1.0027200405030725,39.94303245677247,0.10024414698640702,0.1220890926462435,0.9982217239107917,0.05000466690398753
3.457089111460971,0.5618278499274163,1.0231488605137844,39.99303855871892,0.07943281736645824,0.11117019778310296,0.99853189349269,0.05007962416857481
3.457089111460971,0.5618278499274163,1.0231488605137844,40.04285730917543,0.08936896372105033,0.11400523484574882,0.9984039478408846,0.04989839089103043
3.457089111460971,0.5618278499274163,1.0231488605137844,40.09285697181466,0.09891847583273101,0.1173393292852045,0.9982680038303294,0.050086412113159895
3.457089111460971,0.5618278499274163,1.0231488605137844,40.14265646896334,0.10848936324899398,0.12075599529923874,0.9981304566598569,0.04989277385175228
3.457089111460971,0.5618278499274163,1.0231488605137844,40.19257519679769,0.11788359296952526,0.12412582419291111,0.9980329679498071,0.05001711309887469
3.468413518572756,0.579628851389935,1.0450524494103028,40.242499024742266,0.08629694135349242,0.1147096192620767,0.9984438496683927,0.050001638010144234
3.468413518572756,0.579628851389935,1.0450524494103028,40.292356876449624,0.09611717071711065,0.1173200914080437,0.9983180382867038,0.04994185199029744
3.468413518572756,0.579628851389935,1.0450524494103028,40.34250974758121,0.10556964313398357,0.12061873730348212,0.9981842884089912,0.05024409992620349
3.468413518572756,0.579628851389935,1.0450524494103028,40.3923347140639,0.1150672203362772,0.12400164310340281,0.9980486792236395,0.049922381062060595
3.481535759112177,0.6004127982525208,1.0653521950579663,40.44215889049206,0.076105999298861,0.11807466586835623,0.9984800519381384,0.049900021869689226
3.481535759112177,0.6004127982525208,1.0653521950579663,40.492086177715734,0.08550993322142589,0.12003364864933469,0.9983927267799163,0.05000766320154071
3.481535759112177,0.6004127982525208,1.0653521950579663,40.54202002992381,0.09473472681567992,0.12324368128694124,0.998280308043799,0.05001987097784877
3.481535759112177,0.6004127982525208,1.0653521950579663,40.59189061760075,0.1039446212527316,0.12651224358884702,0.998150724425628,0.04996298300102353
3.490920620942634,0.6190013865530283,1.0891270555783485,40.641866684850875,0.0732497349163533,0.11309251202942246,0.9985697080319383,0.05004765000194311
3.490920620942634,0.6190013865530283,1.0891270555783485,40.69175684384568,0.08296243609932952,0.11537226396665741,0.99845077511808,0.049967569997534156
3.490920620942634,0.6190013865530283,1.0891270555783485,40.74164556561154,0.09217998831787852,0.11847054087990942,0.998323076948748,0.049972521839663386
3.490920620942634,0.6190013865530283,1.0891270555783485,40.79168087206428,0.10055555511936894,0.12150526696363409,0.9982459108458084,0.0501232270617038
3.497871855946734,0.634901009275633,1.1102311050103826,40.84149648073911,0.07629952496963252,0.10851046112226675,0.9985981823272255,0.049885539105162024
3.497871855946734,0.634901009275633,1.1102311050103826,40.891451983812594,0.0853102295163153,0.11083528701301046,0.998489699628917,0.05003106500953436
3.497871855946734,0.634901009275633,1.1102311050103826,40.941390521804934,0.09397106074550489,0.11376885630586053,0.998375682728152,0.050019785994663835
3.497871855946734,0.634901009275633,1.1102311050103826,40.99203966079814,0.10261252655990735,0.11675421695898303,0.9982614413325811,0.05073734885081649
3.505770023130548,0.6508025240076994,1.1293227324008772,41.041166175961784,0.07686862923602057,0.10876562871717178,0.9985595392641455,0.049197382060810924
3.505770023130548,0.6508025240076994,1.1293227324008772,41.091077700748826,0.08350106305966726,0.1107973655285364,0.9985032661270684,0.049986341036856174
3.505770023130548,0.6508025240076994,1.1293227324008772,41.14106267252927,0.09069181150986153,0.11368770470239323,0.9984341822832055,0.05006336187943816
3.505770023130548,0.6508025240076994,1.1293227324008772,41.19099156262589,0.09786944500221051,0.11661628506399838,0.9983491575467225,0.05001145112328231
3.513351513151689,0.668140822033531,1.1499854642223677,41.241054830324465,0.06849792554569706,0.10620197535972879,0.998663117091417,0.0501302860211581
3.513351513151689,0.668140822033531,1.1499854642223677,41.29079693718123,0.07592490292014185,0.10833434180445936,0.9985833298188368,0.04981267498806119
3.513351513151689,0.668140822033531,1.1499854642223677,41.34072507866727,0.08305502391010407,0.11111702184717369,0.9985013234308386,0.05000307993032038
3.513351513151689,0.668140822033531,1.1499854642223677,41.39063574142414,0.09019368501545481,0.1139592713302605,0.9984182906700759,0.04998973198235035
3.5194920648620647,0.6830146500491162,1.1702733436917785,41.44056727385243,0.066387161944965,0.10397319823844008,0.9987021129312667,0.0499964221380651
3.5194920648620647,0.6830146500491162,1.1702733436917785,41.49050726298501,0.07374639445146441,0.10614095329603972,0.99862516630583,0.05000874283723533
3.5194920648620647,0.6830146500491162,1.1702733436917785,41.540663177142584,0.0808783650788702,0.10889091000723418,0.9985438517452472,0.05022905510850251
3.5194920648620647,0.6830146500491162,1.1702733436917785,41.5905526664047,0.08802294831280245,0.11170006225463906,0.9984618530570295,0.04996634484268725
3.5259721467444383,0.6985769650459736,1.1884596161377754,41.64026702050782,0.06232230031290152,0.10418264750289657,0.9987178130890438,0.049778179032728076
3.5259721467444383,0.6985769650459736,1.1884596161377754,41.6902416023644,0.06956092846681328,0.1061121971263707,0.9986432875006859,0.05004247510805726
3.5259721467444383,0.6985769650459736,1.1884596161377754,41.74011916998246,0.0766646552732447,0.10886914689342014,0.9985780695528025,0.049948591040447354
3.5259721467444383,0.6985769650459736,1.1884596161377754,41.79010959995514,0.08373534808762886,0.1116568372193187,0.9984974532811224,0.05006565595977008
3.5315094739364006,0.7129598590928015,1.2089807347379165,41.84014952884351,0.061108624947134954,0.10227918456565659,0.9987473132903011,0.05010269186459482
3.5315094739364006,0.7129598590928015,1.2089807347379165,41.88990305936906,0.06841487888326575,0.10425321286589344,0.9986755698375838,0.04981951299123466
3.5315094739364006,0.7129598590928015,1.2089807347379165,41.94027801106958,0.0754720673458637,0.10690553088391452,0.9985975711772754,0.05044569820165634
3.5315094739364006,0.7129598590928015,1.2089807347379165,41.98985526738353,0.08260065741072423,0.10963030974342239,0.9985176165593039,0.049650857923552394
3.5353513444350084,0.7263850845086677,1.2271642399228688,42.039749906278615,0.06310767582807636,0.09903950936234483,0.9987760551966764,0.049955782014876604
3.5353513444350084,0.7263850845086677,1.2271642399228688,42.08973049846569,0.07036575009096478,0.10104688192973924,0.9987021449575694,0.05004554404877126
3.5353513444350084,0.7263850845086677,1.2271642399228688,42.13965491551752,0.07744656970590812,0.10366631205971452,0.9986246330621945,0.04999317601323128
3.5353513444350084,0.7263850845086677,1.2271642399228688,42.18951187974806,0.08450242306769655,0.10632496980102059,0.998547276285329,0.04992949799634516
3.5396895342513592,0.7399010228070533,1.245346169661204,42.239553839792485,0.06420431048788505,0.09746575813417595,0.9987737573079617,0.050103398971259594
3.5396895342513592,0.7399010228070533,1.245346169661204,42.28941742483633,0.0714186873694863,0.09938150905112075,0.9987031652310574,0.04992833384312689
3.5396895342513592,0.7399010228070533,1.245346169661204,42.33955339158443,0.07847144331210475,0.10198585001959809,0.998642493237359,0.05020411917939782
3.5396895342513592,0.7399010228070533,1.245346169661204,42.38952604121131,0.08554757106377389,0.10463397080243243,0.9985653288572375,0.050044446950778365
3.5433730256510323,0.7532697911919249,1.2621677392487862,42.43926836046616,0.06596734137852248,0.095688195423565,0.998788846544127,0.049802637891843915
3.5433730256510323,0.7532697911919249,1.2621677392487862,42.48919612651428,0.073123289257913,0.09754653551443092,0.9987188507347536,0.04999181302264333
3.5433730256510323,0.7532697911919249,1.2621677392487862,42.540811935253004,0.08018619658385233,0.10006349719729614,0.9986439949724537,0.05168589507229626
3.5433730256510323,0.7532697911919249,1.2621677392487862,42.58904551412936,0.08747302922921824,0.10269823807487345,0.9985652599540404,0.048302880953997374
3.5433730256510323,0.7532697911919249,1.2621677392487862,42.63896597727007,0.0942580612485088,0.10530823209741198,0.9985087322449527,0.04999501910060644
3.5484795286765154,0.767368184072811,1.2790646495206557,42.688914042461576,0.07187947792422289,0.09991170364336172,0.9987062553306959,0.050012768944725394
3.5484795286765154,0.767368184072811,1.2790646495206557,42.7387966325656,0.07901208929597602,0.10148195924454928,0.9986424340866525,0.04995040106587112
3.5484795286765154,0.767368184072811,1.2790646495206557,42.78873876825752,0.08604935772709318,0.10405700222483352,0.9985679105067108,0.050013759871944785
3.5484795286765154,0.767368184072811,1.2790646495206557,42.838763725816726,0.09307606828676596,0.10666637066574812,0.9984931564166221,0.05010045110248029
3.5531569500603952,0.7833496772451002,1.2972185172567625,42.88866066466334,0.06767207869975408,0.09866039773008341,0.998739545655834,0.04995991103351116
3.5531569500603952,0.7833496772451002,1.2972185172567625,42.93864749137606,0.07488136371808327,0.10001606965975406,0.9986904697557827,0.05005237180739641
3.5531569500603952,0.7833496772451002,1.2972185172567625,42.9884772982915,0.0819408454029779,0.10257576454225936,0.998615919137905,0.049898870987817645
3.5531569500603952,0.7833496772451002,1.2972185172567625,43.03840578194547,0.0889587322530939,0.10514766121369702,0.9985419499030324,0.05000138818286359
3.5574981105631247,0.7992157743652256,1.3156242079152691,43.088306522077914,0.06394263223373574,0.0969962218678328,0.9987842272274859,0.049961481941863894
3.5574981105631247,0.7992157743652256,1.3156242079152691,43.13844435359169,0.07120557549167487,0.09812352842825733,0.9987251764576924,0.05020182998850942
3.5574981105631247,0.7992157743652256,1.3156242079152691,43.18835589603846,0.0783094530962962,0.10057573577941337,0.9986518800537981,0.049978920025750995
3.5574981105631247,0.7992157743652256,1.3156242079152691,43.23813346486259,0.08535941037432336,0.10312068617605748,0.99859066693385,0.049847821006551385
3.5625969913600404,0.8157100739448545,1.3302671763676903,43.28805889092089,0.058208004770352234,0.09978765721630733,0.9987982320662594,0.04998549702577293
3.5625969913600404,0.8157100739448545,1.3302671763676903,43.338001134866225,0.06539145716192316,0.10039440898303491,0.9987419893280836,0.05000515095889568
3.5625969913600404,0.8157100739448545,1.3302671763676903,43.388006310976614,0.07248484455325498,0.10287042409199504,0.998668636276385,0.05007183994166553
3.5625969913600404,0.8157100739448545,1.3302671763676903,43.43783329741406,0.07955544412019769,0.10536397121310526,0.9985957346785217,0.04989705514162779
3.5651185024706273,0.8286153436526521,1.3471631061089513,43.48790227456734,0.06128288450580176,0.09657811475516145,0.9987948042844185,0.05012939288280904
3.5651185024706273,0.8286153436526521,1.3471631061089513,43.53778909630287,0.06878796885463843,0.09757647363241358,0.9987525274590017,0.04994913190603256
3.5651185024706273,0.8286153436526521,1.3471631061089513,43.5877600093569,0.07590636130749918,0.10004260830323562,0.9986795153600193,0.05003698612563312
3.5651185024706273,0.8286153436526521,1.3471631061089513,43.63765589408245,0.08301290197463862,0.10250679255353252,0.9986069538566414,0.04996548895724118
3.568377313212294,0.8444162177233712,1.3651142775139915,43.68758326775455,0.05870513781506151,0.09381439935443987,0.9988427926902836,0.049985216930508614
3.568377313212294,0.8444162177233712,1.3651142775139915,43.7378882634621,0.06621661125878374,0.09435585794007519,0.9987930411666746,0.050365785136818886
3.568377313212294,0.8444162177233712,1.3651142775139915,43.78740071971123,0.07344277000822723,0.09669046485970063,0.9987206135137748,0.04957588296383619
3.568377313212294,0.8444162177233712,1.3651142775139915,43.837383690707846,0.08056608463862086,0.09909154134376608,0.9986590410212811,0.05005008610896766
3.5717627779862817,0.8607538949020416,1.3815331530579618,43.887336143910844,0.05502678809155647,0.09211820425381008,0.9988860864721989,0.05000815796665847
3.5717627779862817,0.8607538949020416,1.3815331530579618,43.937265338027885,0.06258093708412009,0.09239721914513621,0.9988378276875449,0.049987287959083915
3.5717627779862817,0.8607538949020416,1.3815331530579618,43.98727990242992,0.06982572714603194,0.09470033348101646,0.9987657520806189,0.05007637105882168
3.5717627779862817,0.8607538949020416,1.3815331530579618,44.03715913812177,0.07705331146259113,0.09700414698472426,0.9986945442131766,0.04994443594478071
3.5739077320145993,0.8742163061365363,1.3983229605620284,44.08701873802544,0.057812708525219206,0.08828298191257525,0.9988887301346066,0.049915069015696645
3.5739077320145993,0.8742163061365363,1.3983229605620284,44.13700355490693,0.06563797055202963,0.08882944306941992,0.9988536048219652,0.05004218500107527
3.5739077320145993,0.8742163061365363,1.3983229605620284,44.186960215815084,0.07301901042374996,0.09111313031072024,0.9987802300312109,0.05001767096109688
3.5739077320145993,0.8742163061365363,1.3983229605620284,44.23687980599146,0.08037254302212705,0.09337903015940514,0.9987081734329357,0.04998416104353964
3.5768625600349493,0.8900066229966304,1.4131386395470393,44.28682243754616,0.05609287550670723,0.08747804564172636,0.9989145051900729,0.049996902933344245
3.5768625600349493,0.8900066229966304,1.4131386395470393,44.33682574030508,0.06385221167221702,0.08747547520464427,0.9988694297932895,0.0500598989892751
3.5768625600349493,0.8900066229966304,1.4131386395470393,44.38681263213704,0.07129528791706485,0.0896415340170866,0.9987971685818833,0.050047090044245124
3.5768625600349493,0.8900066229966304,1.4131386395470393,44.436734676851295,0.07900147302849017,0.09188606056455578,0.9987293667280418,0.049985558027401567
3.579149282538052,0.9027925658687808,1.4281429774168242,44.48652637448589,0.06115563933052264,0.08561957405577213,0.9988917233152236,0.04984694183804095
3.579149282538052,0.9027925658687808,1.4281429774168242,44.53650362418919,0.06926047717670727,0.08589321849036581,0.9988493142914227,0.05003482406027615
3.579149282538052,0.9027925658687808,1.4281429774168242,44.58649208984886,0.0769687969944687,0.08805198558944065,0.9987739723545346,0.05004982813261449
3.579149282538052,0.9027925658687808,1.4281429774168242,44.63638614482694,0.08465237054243495,0.0901989762159344,0.9987001133692684,0.0499589960090816
3.5811911892503723,0.9173377374225746,1.4419447268235983,44.686427766699154,0.06347443085756452,0.08365388030981269,0.9988912933767417,0.05009716493077576
3.5811911892503723,0.9173377374225746,1.4419447268235983,44.736256876707664,0.0724612404014508,0.083596938439896,0.9988502507736517,0.049886466935276985
3.5811911892503723,0.9173377374225746,1.4419447268235983,44.786281722091466,0.08076407569926564,0.08573423193324299,0.9987665044399009,0.05008662701584399
3.5811911892503723,0.9173377374225746,1.4419447268235983,44.836230663111266,0.08907266326726732,0.08784492617507073,0.9986839508430658,0.050014762906357646
3.583760550639237,0.9321421710424378,1.4575355178088598,44.886065845521465,0.06777947067911398,0.08160673577054077,0.9988779245475868,0.04989116406068206
3.583760550639237,0.9321421710424378,1.4575355178088598,44.93605395442007,0.07665704144523286,0.0813240021480436,0.9988355575648936,0.05004638503305614
3.583760550639237,0.9321421710424378,1.4575355178088598,44.98602074786353,0.0850490802666534,0.08331990552604976,0.9987529545351027,0.05002918210811913
3.583760550639237,0.9321421710424378,1.4575355178088598,45.03591812684097,0.09533198257754101,0.08534439185936334,0.9986446960530821,0.049965096870437264
3.584366133565404,0.9462705461807173,1.4713129963561724,45.08582338696125,0.07762477688656769,0.0754178942457741,0.9988696367638615,0.049961735028773546
3.584366133565404,0.9462705461807173,1.4713129963561724,45.13583520407747,0.08812150732526272,0.07517003406723172,0.998795938780919,0.0500721069984138
3.584366133565404,0.9462705461807173,1.4713129963561724,45.185812864613816,0.09799003300568662,0.07698026384736596,0.9986912222594763,0.050043155904859304
3.584366133565404,0.9462705461807173,1.4713129963561724,45.235805726584864,0.10782265503011779,0.07876783201360187,0.998588312546259,0.050063536036759615
3.5875078660809034,0.9651553169500499,1.4848311586283685,45.28570479053416,0.07965338497582865,0.07509416559396498,0.9988677910173531,0.04995562415570021
3.5875078660809034,0.9651553169500499,1.4848311586283685,45.33557464675153,0.08993808045778173,0.07391467404468734,0.9988029603347164,0.04992962395772338
3.5889339067190704,0.9763960012229599,1.4913136814885481,45.38555244783769,0.07728289630308079,0.07283954533653034,0.9989270803502648,0.050031480845063925
3.5889339067190704,0.9763960012229599,1.4913136814885481,45.43539301004242,0.08739523116277434,0.07250544590257106,0.9988447903618604,0.049898205092176795
3.5889339067190704,0.9763960012229599,1.4913136814885481,45.48540185932332,0.09728107874663894,0.07412824484517853,0.9987428720182105,0.05007179593667388
3.5889339067190704,0.9763960012229599,1.4913136814885481,45.53525715718565,0.10716739297451743,0.07573078055894696,0.9986420259317199,0.049923092126846313
3.5898096586217276,0.9931876508372112,1.5034031303862325,45.58535364983103,0.08388948192919528,0.06791481189947163,0.9988983966928937,0.05015173996798694
3.5898096586217276,0.9931876508372112,1.5034031303862325,45.635228388593966,0.09444959426333777,0.06679845551309657,0.9988275110711653,0.04993328498676419
3.5898096586217276,0.9931876508372112,1.5034031303862325,45.685287875930854,0.10437385185090843,0.06826078681323816,0.9987258900413261,0.05012334999628365
3.5898096586217276,0.9931876508372112,1.5034031303862325,45.735078936860496,0.11429998573478192,0.06968278678858056,0.9986255796015406,0.04985958896577358
3.5906856398993265,1.0122442824596154,1.5165014032743551,45.78496378161134,0.08650008594178428,0.06092664766222105,0.998924932209811,0.049938532058149576
3.5906856398993265,1.0122442824596154,1.5165014032743551,45.834964684614306,0.09706830419263249,0.05952093368887967,0.9988560516170244,0.05005816696211696
3.59062599581335,1.0222907071502065,1.5215185635673976,45.884957876669546,0.08720392646513228,0.055859872615250196,0.998963194150514,0.050045079085975885
3.59062599581335,1.0222907071502065,1.5215185635673976,45.93491684161692,0.09743257892957455,0.05551960961814587,0.9988741634748828,0.050015273969620466
3.59062599581335,1.0222907071502065,1.5215185635673976,45.98480942009666,0.10739515633748326,0.05666156058851787,0.9987736565479641,0.04995383904315531
3.59062599581335,1.0222907071502065,1.5215185635673976,46.03474842108631,0.11732456647574536,0.05778547093417745,0.9986743004193985,0.05000529298558831
3.5904844152137323,1.0415725879453874,1.531219296123633,46.084602306890645,0.08916533763932809,0.049159673034863446,0.9989732714874835,0.04990512481890619
3.5904844152137323,1.0415725879453874,1.531219296123633,46.13466892942767,0.0995874123307934,0.04780396339348589,0.9988919950524288,0.050122158136218786
3.5904844152137323,1.0415725879453874,1.531219296123633,46.18460006995347,0.10959073299607211,0.04876935786075438,0.9987908495772557,0.049991587875410914
3.5916885041609645,1.053111644617195,1.5349759343181937,46.23453059579023,0.0963801884538147,0.04943193707400739,0.9989205579886508,0.04998448118567467
3.5918402554697706,1.0628488818541593,1.5382086716645877,46.28446302107537,0.08703366303611554,0.04624361137481164,0.9990278405088967,0.04998101480305195
3.5918402554697706,1.0628488818541593,1.5382086716645877,46.334426307399795,0.09715848471928362,0.04581509315559562,0.9989345186795238,0.05001657805405557
3.5918402554697706,1.0628488818541593,1.5382086716645877,46.38435598336077,0.10714204547439372,0.046690126937221355,0.9988343566445433,0.04998794407583773
3.5918402554697706,1.0628488818541593,1.5382086716645877,46.434230870130406,0.1171033316662767,0.047551120478526915,0.9987350685055776,0.04993805498816073
3.5918402554697706,1.0628488818541593,1.5382086716645877,46.4842008679153,0.12705430970131348,0.04840899581948776,0.9986358983206203,0.050038255052641034
3.591646212955193,1.083525632125468,1.5477186407600256,46.53412494187671,0.0960201849962197,0.04000127507702321,0.9989555659844443,0.0499762708786875
3.591646212955193,1.083525632125468,1.5477186407600256,46.58406941420441,0.10642275444196045,0.038527016870030184,0.9988729053717105,0.05000082799233496
3.5910998363617574,1.0958101829592732,1.5502721205453147,46.63405166216435,0.09200551544908668,0.03533293230474126,0.9990193929147911,0.05003130901604891
3.5910998363617574,1.0958101829592732,1.5502721205453147,46.68396423621971,0.10212980957076358,0.034633448146877126,0.9989231337619124,0.04996638116426766
3.5905160121562463,1.1052756323122825,1.5533634172180246,46.734082063555554,0.09333021073148766,0.031008336636929135,0.9990135303099346,0.0501673158723861
3.5905160121562463,1.1052756323122825,1.5533634172180246,46.78390989069472,0.10349229954738345,0.03062864010167247,0.9989174424795858,0.04988182708621025
3.5905160121562463,1.1052756323122825,1.5533634172180246,46.83397443709123,0.1134552845336372,0.031165359214429825,0.9988178955238214,0.05012379796244204
3.5905160121562463,1.1052756323122825,1.5533634172180246,46.88381948350919,0.12345800711917487,0.03168703795652369,0.998717938224837,0.04990903288125992
3.5907019610982154,1.1260155839034527,1.5597964937569122,46.93372610344817,0.09206105937638762,0.027163432076130308,0.9990337029129563,0.049954891204833984
3.5907019610982154,1.1260155839034527,1.5597964937569122,46.983667968952346,0.10223610806476072,0.02594253175413106,0.998943581743861,0.04999468079768121
3.589955838140047,1.1358778838674588,1.5622817345679625,47.03361534948356,0.09261282745707475,0.02230395387182832,0.9990398988879459,0.04999538115225732
3.589955838140047,1.1358778838674588,1.5622817345679625,47.08357000496573,0.10270435480609956,0.021893643609621573,0.998942510296161,0.05000753793865442
3.5906648613774688,1.1472503087163766,1.5662995858217483,47.13352422503271,0.08995844519232976,0.021138240335094365,0.9990697364193966,0.050000733928754926
3.5906648613774688,1.1472503087163766,1.5662995858217483,47.183431610644426,0.10002615374682962,0.020592610607813897,0.9989762236024969,0.0499585319776088
3.5906648613774688,1.1472503087163766,1.5662995858217483,47.23345177487446,0.11000820730897808,0.02089293421132864,0.9988762588583229,0.050076437182724476
3.5906648613774688,1.1472503087163766,1.5662995858217483,47.28340002395343,0.12000789419732236,0.02117813627297556,0.9987762325958033,0.050009449012577534
3.590255159579822,1.1676719881348872,1.5700881895420546,47.3333300033446,0.08923756538739111,0.017394826596329047,0.9990829885616681,0.04997580777853727
3.590255159579822,1.1676719881348872,1.5700881895420546,47.38322131271251,0.09932934438133798,0.01633119523034886,0.9989873465222204,0.049941883189603686
3.5895762922291072,1.1797116091058104,1.5711084204873016,47.43317383289855,0.08527943676441004,0.014012558651644538,0.9991260996723125,0.04999621189199388
3.5895762922291072,1.1797116091058104,1.5711084204873016,47.483140088326586,0.0953094447808859,0.013471662343196387,0.999026797585323,0.05001493007875979
3.5895762922291072,1.1797116091058104,1.5711084204873016,47.533163781171496,0.10530133044913033,0.013635542302024125,0.9989266823531697,0.05007744184695184
3.5895762922291072,1.1797116091058104,1.5711084204873016,47.58310900066916,0.11530147570071683,0.013788111629402034,0.9988265799562436,0.050003895070403814
3.589482702287474,1.1975865744899712,1.5738341599595433,47.6330446352601,0.08957883841605768,0.011765173881467077,0.999082873102321,0.049981473945081234
3.589482702287474,1.1975865744899712,1.5738341599595433,47.682974580231075,0.09961638228579019,0.010999541718997679,0.9989856426185593,0.04998064320534468
3.5891115887710927,1.2076642569883016,1.5742600486101788,47.733055472634966,0.08946715050879914,0.00991861519240164,0.9990858674664661,0.050126714864745736
3.5891115887710927,1.2076642569883016,1.5742600486101788,47.78292798945361,0.09949390588855662,0.009520231759831561,0.9989858174097599,0.04992314800620079
3.5891115887710927,1.2076642569883016,1.5742600486101788,47.83276314849686,0.1094650122790274,0.009599435671431603,0.9988860241593451,0.04989073611795902
3.5891115887710927,1.2076642569883016,1.5742600486101788,47.882789454985115,0.11942692500247379,0.0096678787714862,0.9987862880099451,0.050087097799405456
3.5899931241867336,1.2272965925162276,1.5757376819756803,47.93269506942805,0.090183866292459,0.011457909219170436,0.9990800747399877,0.04995156615041196
3.5899931241867336,1.2272965925162276,1.5757376819756803,47.982658313390516,0.10015718948209684,0.010574670313599157,0.9989828071536906,0.050014117965474725
3.588896009415721,1.237896059792767,1.5767142030968861,48.03257128577269,0.08898131774024348,0.00708169255702146,0.999090873439553,0.049958390882238746
3.588896009415721,1.237896059792767,1.5767142030968861,48.08259982756948,0.09899740882607756,0.0066750267712692105,0.9989911284233277,0.0500790651421994
3.588896009415721,1.237896059792767,1.5767142030968861,48.1324618891294,0.10899853879698035,0.0066939291976602635,0.9988908010971055,0.049917429918423295
3.588896009415721,1.237896059792767,1.5767142030968861,48.182437606144944,0.11896520341407044,0.006704106175226336,0.9987910370771936,0.050036208936944604
3.588722430734255,1.2564059328668928,1.579609843132272,48.23240394862079,0.09196812620810813,0.004347073738513874,0.999059298701622,0.05001339013688266
3.588722430734255,1.2564059328668928,1.579609843132272,48.2823752780093,0.10199601513272723,0.003769290837638728,0.9989610930105077,0.050023298943415284
3.5887808309526807,1.267648604716543,1.5801539509739888,48.33251969033645,0.08951722748059902,0.003785968441004367,0.9990857080841482,0.05019030091352761
3.5887808309526807,1.267648604716543,1.5801539509739888,48.38229702308419,0.09954344106903071,0.0033787189874911867,0.9989856796908698,0.049827874172478914
3.5887808309526807,1.267648604716543,1.5801539509739888,48.43213945102602,0.10949283091464329,0.0033257971136820617,0.9988860870745595,0.04989800998009741
3.5887808309526807,1.267648604716543,1.5801539509739888,48.4824659704669,0.11945445210971278,0.0032616362009562946,0.9987861434679428,0.05038768285885453
3.5884057553319257,1.2871615496910236,1.5801205599171677,48.53204210777617,0.09051092948462972,0.002699207600839962,0.9990741470999421,0.049622080055996776
3.5884057553319257,1.2871615496910236,1.5801205599171677,48.58205931349391,0.10042018050919478,0.002093686429098669,0.9989754159724394,0.050068505108356476
3.5878911869361647,1.2981410739860495,1.580356029319914,48.63207991122731,0.08846620183203485,0.0006976779359985296,0.9990926761242597,0.05006602383218706
3.5878911869361647,1.2981410739860495,1.580356029319914,48.68196996467783,0.09846859013548305,0.00036574714300905076,0.9989925461391514,0.04994036606512964
3.5878911869361647,1.2981410739860495,1.580356029319914,48.73219259410041,0.1084390263179923,0.0002666056930005367,0.9988926505496932,0.05027830507606268
3.5878911869361647,1.2981410739860495,1.580356029319914,48.781873322205286,0.11847558546526611,0.0001576832760976461,0.9987918211343375,0.04974082391709089
3.587795002106019,1.3177651651764262,1.5804690701774253,48.831882766247034,0.08918488386322487,0.00020861566971893972,0.999084793243933,0.05005525494925678
3.587795002106019,1.3177651651764262,1.5804690701774253,48.88180526016548,0.09917818571410804,-0.0002641573398912973,0.99898471396989,0.049973231041803956
3.587398812152602,1.3286884738593971,1.580533217251259,48.93178363829245,0.0873164285850101,-0.0012450858801556551,0.9991018812122807,0.05002330499701202
3.587398812152602,1.3286884738593971,1.580533217251259,48.98168575214526,0.09730539833446117,-0.0015292681185867401,0.9990018182822767,0.04995197500102222
3.587398812152602,1.3286884738593971,1.580533217251259,49.03162174429205,0.10727745423948361,-0.0016573003547887468,0.9989019016941526,0.049990887055173516
3.587398812152602,1.3286884738593971,1.580533217251259,49.08152062819129,0.11725614491585887,-0.0017927493984748412,0.9988018495016994,0.049958741990849376
3.587398812152602,1.3286884738593971,1.580533217251259,49.131488127614624,0.1272273755021924,-0.0019342114625790154,0.9987019122581645,0.05003244592808187
3.5873840357679487,1.3476393572289465,1.5817238686374016,49.18163042972253,0.09933931308654669,-0.002582986851823354,0.9989802860392419,0.05019348510541022
3.5873840357679487,1.3476393572289465,1.5817238686374016,49.23137437560202,0.10936488776886351,-0.002904560090121004,0.9988801516988044,0.04979971400462091
3.5872747875317583,1.359794598526481,1.5821940291014425,49.281284923929405,0.09501029749301468,-0.003396761547027384,0.9990233324521651,0.04995934199541807
3.5873574623926747,1.3718319657796842,1.5825843592668074,49.331376228058744,0.08093320392146255,-0.003382278428558623,0.9991642274010635,0.05013320408761501
3.5873574623926747,1.3718319657796842,1.5825843592668074,49.38123712511086,0.09095753684042518,-0.003655546362450672,0.9992057209026617,0.04990053200162947
3.5873574623926747,1.3718319657796842,1.5825843592668074,49.43154493234581,0.10092014333452182,-0.003826360706374401,0.9991049031524128,0.05035287793725729
3.5873574623926747,1.3718319657796842,1.5825843592668074,49.48158688654277,0.11097184629525408,-0.004006649285364724,0.9990017431583755,0.05009195883758366
3.5873574623926747,1.3718319657796842,1.5825843592668074,49.53131108685342,0.1209704126950289,-0.004191940052405747,0.9988994395593461,0.049778985092416406
3.5870320444660604,1.38878729419747,1.5815625669342914,49.581098461189036,0.09701517197043022,-0.0040139289609353234,0.9991362981029446,0.049830412957817316
3.5870320444660604,1.38878729419747,1.5815625669342914,49.63100568587484,0.10695797072393229,-0.004301747224146291,0.999034172636909,0.049955473048612475
3.585964794156715,1.4008995898019272,1.5811009036490395,49.680970855871635,0.09269175517554522,-0.0068367128853699805,0.9991984253740683,0.050005252938717604
3.585964794156715,1.4008995898019272,1.5811009036490395,49.73088796626288,0.10266679082066597,-0.0069981615648458725,0.9990967062796943,0.049962240969762206
3.58539544427976,1.4100350134854671,1.5799894085409987,49.7808713903965,0.09436590696709192,-0.0077716964429123524,0.999175924971871,0.05002464819699526
3.58539544427976,1.4100350134854671,1.5799894085409987,49.83079154323605,0.1043490146301394,-0.00790016055750483,0.9990738384455606,0.04996642982587218
3.58539544427976,1.4100350134854671,1.5799894085409987,49.880791963932836,0.11432294294687323,-0.00811869473510824,0.9989714192804072,0.05005190311931074
3.58539544427976,1.4100350134854671,1.5799894085409987,49.930799684686164,0.12431273222140354,-0.008340618075268185,0.998868531464924,0.050064367009326816
3.584331438361482,1.4285276972303615,1.5793329947936616,49.98076540374943,0.09731135581682122,-0.010781265561332685,0.999152258213509,0.05000811303034425
3.584331438361482,1.4285276972303615,1.5793329947936616,50.03089697046332,0.10727960847430894,-0.01068292835221751,0.9990503004134503,0.05017922190017998
3.584331438361482,1.4285276972303615,1.5793329947936616,50.08064085954253,0.11729601774936561,-0.010937541366392332,0.9989468909698273,0.049796330044046044
3.5834565840548214,1.441005918475526,1.579510030069606,50.13060536294092,0.1022579139458762,-0.013660452774639276,0.9990916708109393,0.050009928876534104
3.5834565840548214,1.441005918475526,1.579510030069606,50.18050387202762,0.11221625526735733,-0.013570223045903659,0.9989885102284947,0.049949032021686435
3.5828481452450704,1.4513514392716562,1.579086117636612,50.23045196752018,0.10148366121876722,-0.01514087707757857,0.999090491334058,0.04999356507323682
3.5832635371066655,1.4627903026148639,1.578731900138945,50.28021826143054,0.08861828062579412,-0.013517750894111693,0.9992329987858971,0.049804494017735124
3.5832635371066655,1.4627903026148639,1.578731900138945,50.330354181602246,0.09857531905086393,-0.013422112442640665,0.9991300258627439,0.050179575104266405
3.5832635371066655,1.4627903026148639,1.578731900138945,50.38044266502188,0.10859286281292214,-0.013711837119336679,0.9990254689796799,0.05013734381645918
3.58237262416899,1.4723294701000784,1.57900508365886,50.430281759955754,0.09948972559299185,-0.01664080772248626,0.9991096618650523,0.04988350812345743
3.58237262416899,1.4723294701000784,1.57900508365886,50.4803879985564,0.10941277272147477,-0.01656308789445562,0.9990059971481499,0.05015609390102327
3.58237262416899,1.4723294701000784,1.57900508365886,50.53040969207122,0.11942439253575844,-0.016895584112692222,0.9989006347575228,0.050076746148988605
3.58237262416899,1.4723294701000784,1.57900508365886,50.580486038196526,0.12941891912943113,-0.017226921795231505,0.9988108006151851,0.050135967787355185
3.5815361311083715,1.4930210034692364,1.5773014302750041,50.63006243390696,0.09803977145510082,-0.018451163590523345,0.9991180112284762,0.049620160134509206
3.5815361311083715,1.4930210034692364,1.5773014302750041,50.68036510039653,0.1079412940921533,-0.017829865774803534,0.999016061924117,0.05035220994614065
3.581117405482389,1.503752892056609,1.5759339533503212,50.729933468595824,0.09653545932997337,-0.01827992322856412,0.9991232377917876,0.049611866008490324
3.581117405482389,1.503752892056609,1.5759339533503212,50.78000369273353,0.10644709582486644,-0.018054322512507635,0.9990203614720021,0.05011932295747101
3.5803968778909563,1.5141330493589062,1.573247916239264,50.8298848655458,0.09569187808728193,-0.018390356220264095,0.9991204166152149,0.049925086088478565
3.5811212395820995,1.523921446304727,1.5708756924275458,50.880158689815694,0.08617791993926097,-0.014436694531573806,0.9992285111104621,0.050312639912590384
3.5811212395820995,1.523921446304727,1.5708756924275458,50.92981310726572,0.09628786345700623,-0.01422686931636675,0.9991231536999856,0.04969799495302141
3.5811212395820995,1.523921446304727,1.5708756924275458,50.97973909725483,0.10621242812506082,-0.014473837057719699,0.9990177484442966,0.04997507808730006
3.5811212395820995,1.523921446304727,1.5708756924275458,51.02967993168861,0.11618938721241678,-0.01471237763574265,0.9989109465838679,0.04999528196640313
3.5803670394264495,1.5429372904788001,1.5662586469528093,51.079836075714205,0.08816792261115425,-0.013753324066837857,0.9991833592338397,0.05019713705405593
3.5803670394264495,1.5429372904788001,1.5662586469528093,51.12950249330656,0.09824800468224505,-0.013162861486326852,0.9990800157850361,0.04971215198747814
3.5805260761061426,1.554189438414585,1.5657767775885132,51.17956439268372,0.08569390713906742,-0.012821883122140892,0.9992127217138447,0.05010134307667613
3.5805260761061426,1.554189438414585,1.5657767775885132,51.22955068881328,0.09570792278045259,-0.012471783391957007,0.9991057409500776,0.05003103683702648
3.5805260761061426,1.554189438414585,1.5657767775885132,51.27944348800049,0.10570036527135046,-0.012655305973294957,0.9989980544592553,0.04994283919222653
3.5805260761061426,1.554189438414585,1.5657767775885132,51.329371381963156,0.11567200932735809,-0.012831039879975421,0.9988902938686549,0.049983360804617405
3.5804148389522767,1.5739697018965102,1.563473474393394,51.3793928613271,0.08612570860336627,-0.01202653944273332,0.999176797540977,0.050062691094353795
3.5804148389522767,1.5739697018965102,1.563473474393394,51.429280417258404,0.09615292059740001,-0.011336354649705338,0.9990702121203616,0.04993398394435644
3.5804148389522767,1.5739697018965102,1.563473474393394,51.47993123455291,0.10612801863075765,-0.011487682897034166,0.9989769807379225,0.05070268712006509
3.5797988038414803,1.5839867786980657,1.561963076938597,51.531022614277305,0.09623027134793961,-0.012525006345455676,0.9990673812888576,0.051139072980731726
3.5797988038414803,1.5839867786980657,1.561963076938597,51.57925115062146,0.10644759513496609,-0.01218219688106334,0.9989579582680023,0.04827884491533041
3.5797988038414803,1.5839867786980657,1.561963076938597,51.629140565579604,0.11608949777170242,-0.012333565829725404,0.9988542361473494,0.04994664201512933
3.5797988038414803,1.5839867786980657,1.561963076938597,51.679013643046616,0.1260610320505362,-0.012458032150892563,0.998743996624942,0.049935796996578574
3.5800795163255392,1.6018779316198193,1.5597118610279253,51.72923756415859,0.10028370551078426,-0.010619015243355751,0.9989911016651001,0.05027464311569929
3.5800795163255392,1.6018779316198193,1.5597118610279253,51.77894965381268,0.11036363044062526,-0.00996652139667717,0.9988982610421441,0.04976691980846226
3.5796487522119027,1.6126666355944894,1.558956300012846,51.82897855193782,0.09874218388554919,-0.01113347194832311,0.9990061860740257,0.05007866700179875
3.5796487522119027,1.6126666355944894,1.558956300012846,51.87892243378358,0.10873775882571075,-0.010719649043317759,0.9988974931483663,0.04999900609254837
3.579702709675631,1.623870568121673,1.559194214565228,51.928969441467,0.09632767125399132,-0.011317922566659075,0.999011643186261,0.050096520921215415
3.579702709675631,1.623870568121673,1.559194214565228,51.97883280909518,0.10632110549800008,-0.010870935861556066,0.9989011756747495,0.04991821898147464
3.579702709675631,1.623870568121673,1.559194214565228,52.030377233626844,0.1162898749024343,-0.010973048146298315,0.9987907296810293,0.05160683114081621
3.5798279053038735,1.6340750836102031,1.5578438515469988,52.07912142363428,0.10620408110160563,-0.01007872502307618,0.9988955090491057,0.04879808705300093
3.5798279053038735,1.6340750836102031,1.5578438515469988,52.129220458176015,0.1159706926446053,-0.009704487498877057,0.9987912913158004,0.05015966296195984
3.5791437700219704,1.6444554484977814,1.5573968554663309,52.178635874280495,0.10524461043972838,-0.011846255287593675,0.9988889967887284,0.049470377853140235
3.5791437700219704,1.6444554484977814,1.5573968554663309,52.2296371865425,0.11510299926970367,-0.011409322776308828,0.9987813634425938,0.05106354015879333
3.579803936749764,1.655821579741974,1.5557831401503506,52.27845023215594,0.10258694434319603,-0.008884806028057064,0.9988924420190428,0.048867168836295605
3.5799198340076464,1.6668963518206175,1.5561207900468033,52.32916318726528,0.09024779469408703,-0.008912677764623851,0.9990076115814447,0.05076333205215633
3.5799198340076464,1.6668963518206175,1.5561207900468033,52.37831035893648,0.10037734181947788,-0.008455126330254324,0.9989104172731944,0.04920077999122441
3.5799198340076464,1.6668963518206175,1.5561207900468033,52.42838082884377,0.11020252944261183,-0.008509302660300515,0.9988029597679109,0.050130478106439114
3.5799950540327985,1.6775583787428294,1.555159485105542,52.478374299617165,0.09890336475292238,-0.008107316955295266,0.9989045142701126,0.0500482979696244
3.5799950540327985,1.6775583787428294,1.555159485105542,52.53039515086031,0.10890905234912836,-0.0076896248506892455,0.9987945766287788,0.05208363407291472
3.5799950540327985,1.6775583787428294,1.555159485105542,52.57808525729525,0.1193075463719114,-0.007704391356905157,0.998677565730097,0.04775325697846711
3.5799950540327985,1.6775583787428294,1.555159485105542,52.628033445912244,0.12883975299989264,-0.007733123213225922,0.9985737318177145,0.050019529880955815
3.5802558610164485,1.697622196432991,1.5539623202264958,52.67791598494633,0.09872513800900437,-0.007043675216673522,0.9988788030278746,0.04993852996267378
3.5802558610164485,1.697622196432991,1.5539623202264958,52.72785509498823,0.10871101995701175,-0.0063006548959665745,0.9987699541275249,0.05000061308965087
3.5805457331286212,1.7087733218244099,1.553848792627189,52.77775029851812,0.09640255871487753,-0.005970954311432331,0.9988817160208416,0.04995106300339103
3.5805457331286212,1.7087733218244099,1.553848792627189,52.827976327213044,0.10637717068275605,-0.005550847922369571,0.9987712068010945,0.05028782202862203
3.5803799936575786,1.720462052321552,1.5534702046669078,52.877711174346636,0.09306198084448508,-0.006323102575729168,0.9988936760501603,0.04978993092663586
3.5803799936575786,1.720462052321552,1.5534702046669078,52.927684235736976,0.10299898162966804,-0.005874686841319428,0.9987837138194271,0.050033916952088475
3.5801368510322353,1.730678537248836,1.5532488884604498,52.97759559088521,0.0925789002494576,-0.006923207192310741,0.99889480142889,0.04996657813899219
3.5801368510322353,1.730678537248836,1.5532488884604498,53.02752208438853,0.10252981973064863,-0.006508245802589807,0.9986112559922046,0.0499959250446409
3.5801368510322353,1.730678537248836,1.5532488884604498,53.07741651402931,0.11250995029792644,-0.006501653059237828,0.9985043540999562,0.04996916581876576
3.5801368510322353,1.730678537248836,1.5532488884604498,53.12734781591918,0.1224826067851892,-0.006485845142013821,0.9983985629824087,0.050011391984298825
3.5806691163842874,1.750395599943809,1.553357575476609,53.177264898337604,0.09304640116710339,-0.0061039865914061875,0.9986863747427096,0.049982741009444
3.5806691163842874,1.750395599943809,1.553357575476609,53.22723510593513,0.10302315131402622,-0.005355798624903438,0.9985810814437389,0.05004121200181544
3.5805893562334736,1.7621894926537844,1.5540708334331932,53.27719390175409,0.08944609396400394,-0.006724574034673625,0.9987299599422363,0.0500223261769861
3.5805893562334736,1.7621894926537844,1.5540708334331932,53.327020637990984,0.09941052724333525,-0.006258588146797195,0.9986120386705131,0.04989598994143307
3.5806554651737725,1.773731902259296,1.5539530566671242,53.37695596870733,0.08630310027618576,-0.006580597011832103,0.9987417312372542,0.0499982419423759
3.5806554651737725,1.773731902259296,1.5539530566671242,53.42689061641784,0.09628194751356542,-0.0061298338732664786,0.9986406468982044,0.05000261892564595
3.5806554651737725,1.773731902259296,1.5539530566671242,53.47678870720002,0.1062642085265474,-0.006129592503752013,0.9985393677720279,0.04997108015231788
3.5806554651737725,1.773731902259296,1.5539530566671242,53.52679932716893,0.11623793178973874,-0.006119162848039601,0.9984383540931953,0.05008884100243449
3.5807626891306374,1.7914864693506969,1.5539380656219572,53.576720520278386,0.09075200424252768,-0.006720625351192784,0.998709654841035,0.04998569190502167
3.5807626891306374,1.7914864693506969,1.5539380656219572,53.62666694412898,0.10072443392129715,-0.006040545727885595,0.9986111176096731,0.050015890039503574
3.5812247525796335,1.8027970477166175,1.5526415523359132,53.676612544509915,0.08809851129565185,-0.004351657391335509,0.9987371670566708,0.05000875308178365
3.5812247525796335,1.8027970477166175,1.5526415523359132,53.72652240321434,0.09810377175066103,-0.0039497909706238815,0.99863945173444,0.049977855989709496
3.5812247525796335,1.8027970477166175,1.5526415523359132,53.77637393546858,0.10808007816976928,-0.003907084854200154,0.9985410402309834,0.049924369901418686
3.5812247525796335,1.8027970477166175,1.5526415523359132,53.826334577196064,0.11804399103577777,-0.003854814187119093,0.9984427738270553,0.05003856308758259
3.5814220263501837,1.821971401595837,1.5515767431651613,53.876362723837225,0.08971035145406724,-0.003446476531770101,0.9987439994252355,0.05009106104262173
3.5814220263501837,1.821971401595837,1.5515767431651613,53.926234584021294,0.09972074242124858,-0.0028448665770221693,0.9986544869716107,0.049939053831622005
3.5818237562470605,1.8313619031418613,1.5512591757078344,53.97619501710888,0.09091102376984482,-0.0019369300255493124,0.9987446026420794,0.050023232121020555
3.5818237562470605,1.8313619031418613,1.5512591757078344,54.02624575290081,0.10090206528753434,-0.001612744902819554,0.9986476809928068,0.05011851200833917
3.5818237562470605,1.8313619031418613,1.5512591757078344,54.07604071065544,0.11090536988851017,-0.0015237495310763834,0.9985502870004246,0.049867250956594944
3.5818237562470605,1.8313619031418613,1.5512591757078344,54.12719396634852,0.12085720676822442,-0.0014273893443869764,0.9984535908169674,0.05123248207382858
3.5818602284860206,1.851210186589262,1.551291825502997,54.17585382900719,0.09142106876729847,-0.0023681736702653197,0.9987666403194183,0.04871995188295841
3.5818602284860206,1.851210186589262,1.551291825502997,54.225777564650976,0.10114165784639854,-0.0017927396878098351,0.9986855326953098,0.04998944513499737
3.5816980703726933,1.8611252789369586,1.5524547169189813,54.27574591544923,0.09131416113716684,-0.0035875228016384745,0.9987878624944937,0.05002899281680584
3.5816980703726933,1.8611252789369586,1.5524547169189813,54.32572186716439,0.10127969465730588,-0.00323779925216061,0.9986909576354623,0.05004145810380578
3.5816980703726933,1.8611252789369586,1.5524547169189813,54.37572554017915,0.1112689478698363,-0.0031825889010924074,0.9985941616327155,0.05007406906224787
3.5816980703726933,1.8611252789369586,1.5524547169189813,54.4255771704256,0.12126311535219016,-0.003118468431972063,0.9984971023649719,0.04992666491307318
3.5816980703726933,1.8611252789369586,1.5524547169189813,54.475529090092095,0.1312284234207895,-0.0030481133481239063,0.9984161012900123,0.05003116396255791
3.5818974547577094,1.8794666422380024,1.5505174637747987,54.525416130455746,0.10455737531475627,-0.0018451917311665454,0.9986968001479976,0.04995213798247278
3.5816475767706217,1.891946408321116,1.5528820871225084,54.57548885276644,0.0896221712902567,-0.004575312449366775,0.9988538287230954,0.05013018008321524
3.5816475767706217,1.891946408321116,1.5528820871225084,54.625220765420565,0.09958763221690303,-0.0041187284341167914,0.9987556822904924,0.04979387205094099
3.5818727973795004,1.9033313516647492,1.5544910640886622,54.67528612709922,0.08676937365772151,-0.005261353454359305,0.9988874506494678,0.050121123902499676
3.5818727973795004,1.9033313516647492,1.5544910640886622,54.72516058848951,0.09679449323526967,-0.004857287095954158,0.9992071037953727,0.049914038041606545
3.5818727973795004,1.9033313516647492,1.5544910640886622,54.77533821807857,0.10676444454269242,-0.004850739132333402,0.9991112226856104,0.050222265999764204
3.5818727973795004,1.9033313516647492,1.5544910640886622,54.82513754612307,0.11679113851573289,-0.004831130918771797,0.9989862162665805,0.04984986502677202
3.5818727973795004,1.9033313516647492,1.5544910640886622,54.875448018852246,0.1267422449737142,-0.004807052799516713,0.9988621860823514,0.05036778189241886
3.5819720688987555,1.9223891753951352,1.5548966155343489,54.925006062550636,0.09870719103719885,-0.005779732275059567,0.999117566290833,0.049601814011111856
3.5819720688987555,1.9223891753951352,1.5548966155343489,54.9749526462305,0.10859879313105215,-0.005158948695606571,0.9989943713801196,0.04999686195515096
3.582214275256427,1.9351688362283188,1.5554738772633823,55.02495048667653,0.0930485056299223,-0.00552822715493848,0.9992616190637491,0.05003478517755866
3.582214275256427,1.9351688362283188,1.5554738772633823,55.07489098308208,0.10303354147992141,-0.005117419161036819,0.999164674051833,0.04998224787414074
3.5823468529567974,1.9468320227436413,1.5563903470168041,55.12484835285483,0.0897011515351098,-0.005983056221844885,0.9992749443921214,0.04999361792579293
3.5823468529567974,1.9468320227436413,1.5563903470168041,55.17482750575486,0.09966921531445078,-0.005613633423728023,0.9991510808722275,0.05002161720767617
3.5826596765080625,1.957401374193684,1.5545748871898808,55.22480484320439,0.0885328505642343,-0.003864650633349816,0.9992375288021229,0.05001547280699015
3.5826596765080625,1.957401374193684,1.5545748871898808,55.27474293682214,0.09854284895673518,-0.0035653907214251907,0.9991146185635039,0.049982347059994936
3.5826596765080625,1.957401374193684,1.5545748871898808,55.32464314890478,0.10853396625350312,-0.003538386976187944,0.9991131554358841,0.04994450509548187
3.5826596765080625,1.957401374193684,1.5545748871898808,55.37466992894011,0.11850751259439637,-0.003505180572928411,0.9990159581658193,0.05007605697028339
3.5827070913039916,1.9777802393542654,1.5555556771805399,55.42450980207642,0.08777723417665197,-0.0050981101634581145,0.9993001285593103,0.049874779069796205
3.5827070913039916,1.9777802393542654,1.5555556771805399,55.474550333597556,0.09771765503580462,-0.004489710996264992,0.9991763414254999,0.05008178181014955
3.5825848754149114,1.9882830262990565,1.5560768121098394,55.52450546900829,0.08673075953954579,-0.005699989767264849,0.99926240901293,0.049992009066045284
3.5825848754149114,1.9882830262990565,1.5560768121098394,55.574470225651005,0.0966999880069293,-0.005384350441579759,0.9991380462208443,0.050007861107587814
3.5825848754149114,1.9882830262990565,1.5560768121098394,55.62445821512711,0.10669642414154137,-0.005398236235546812,0.9991287019957508,0.05003158189356327
3.5825848754149114,1.9882830262990565,1.5560768121098394,55.674370935370845,0.11668787502527067,-0.005405807119776345,0.9990301922676555,0.049961172975599766
3.583644536923016,2.0080967321278513,1.556482511421327,55.724335170456804,0.08704319672913371,-0.0036002016090126,0.9992997683427542,0.04999924614094198
3.583644536923016,2.0080967321278513,1.556482511421327,55.77429066297522,0.09702984228965224,-0.0031162692968353884,0.9991744577830461,0.04999676696024835
3.583648191867422,2.0199362014283784,1.5552961889539476,55.824218322933845,0.08335333701212491,-0.0027103964317931484,0.9992857978046348,0.049963343888521194
3.583648191867422,2.0199362014283784,1.5552961889539476,55.87422345346,0.09333845776510448,-0.002447391426706908,0.9991610414452918,0.05004711798392236
3.583648191867422,2.0199362014283784,1.5552961889539476,55.92412619572455,0.10334124242779386,-0.0024166485811756076,0.9991472707542263,0.04994533210992813
3.583648191867422,2.0199362014283784,1.5552961889539476,55.974139063633125,0.11331473603665297,-0.002380851746582309,0.9990478325712553,0.05006053391844034
3.583649717259005,2.0384688307456,1.5546891113938408,56.02410596711059,0.08627354781249566,-0.0027167772383140222,0.9992925405503599,0.05000227806158364
3.583649717259005,2.0384688307456,1.5546891113938408,56.07402513472584,0.09625919391649598,-0.0023228991881630826,0.9991668996032498,0.049960789969190955
3.583831886389123,2.0499777484182364,1.5550042419408707,56.12406808342725,0.08322958457096555,-0.002548725447029829,0.9992706116412003,0.050079476088285446
3.583831886389123,2.0499777484182364,1.5550042419408707,56.173932249284974,0.09322461197620542,-0.0022846132520086067,0.9991435658889191,0.04990690783597529
3.583831886389123,2.0499777484182364,1.5550042419408707,56.22390326538689,0.10319893990241696,-0.002253032462363856,0.999127857059102,0.050014636013656855
3.583831886389123,2.0499777484182364,1.5550042419408707,56.27388417851289,0.11318469832285949,-0.0022153303210733573,0.9990153959830489,0.05003017303533852
3.58352900256827,2.069552457111278,1.555455595058313,56.323856806072584,0.08406395459079019,-0.004300523804058556,0.9992922620985942,0.05000802013091743
3.58352900256827,2.069552457111278,1.555455595058313,56.373750613403146,0.09403476006667992,-0.0038236133082656036,0.9991649922597784,0.049935503862798214
3.5836526217205753,2.0805678825251332,1.555765720994717,56.423899095134345,0.08198797824765389,-0.004208039065390745,0.9992576899923681,0.050185735104605556
3.5836526217205753,2.0805678825251332,1.555765720994717,56.4737096636766,0.0920031462402845,-0.003938587765294781,0.9991288483667564,0.0498539989348501
3.5836526217205753,2.0805678825251332,1.555765720994717,56.52370275841988,0.10196717528710494,-0.003941789281430438,0.9991119796635125,0.05003752908669412
3.5836526217205753,2.0805678825251332,1.555765720994717,56.573631253937656,0.11195757760895408,-0.003937825006645906,0.9989979443438202,0.04997857683338225
3.5837801771687454,2.0989862159314425,1.5559920597872794,56.62359232225015,0.08512404681853884,-0.004585603379200487,0.999249265408721,0.04999860399402678
3.5837801771687454,2.0989862159314425,1.5559920597872794,56.673543006316194,0.095100768894752,-0.004148876602985629,0.9991204463535541,0.04999465704895556
3.5841222386198335,2.111187308307366,1.5563204915639555,56.723526737620766,0.08069089625763447,-0.003989957751877227,0.9992346607671613,0.05002201511524618
3.5841222386198335,2.111187308307366,1.5563204915639555,56.77362643613438,0.09067535562041427,-0.0037232423601554388,0.999104759692601,0.050144589971750975
3.5841222386198335,2.111187308307366,1.5563204915639555,56.823501195577045,0.10069691060522544,-0.0037308390300949323,0.9990862151767345,0.04992037592455745
3.5841222386198335,2.111187308307366,1.5563204915639555,56.873644413647,0.11066345303187128,-0.0037333733223798207,0.9989711900765813,0.05019485903903842
3.5841222386198335,2.111187308307366,1.5563204915639555,56.92479852351641,0.1206832523643003,-0.0037313586287657497,0.998851870265553,0.05121290893293917
3.583740871277036,2.1290122934709426,1.5565472352474035,56.97375342951905,0.09528997307310717,-0.005799679214181308,0.9990751261403886,0.04900022502988577
3.583740871277036,2.1290122934709426,1.5565472352474035,57.02388715983264,0.10505842684484609,-0.005383098968064979,0.9989486265146038,0.05018649506382644
3.5836923070534987,2.1401029702244414,1.554589560015008,57.07327921900319,0.09291635301917188,-0.004557435496340079,0.9990375172437995,0.04943964397534728
3.5836923070534987,2.1401029702244414,1.554589560015008,57.12319116519176,0.10281517183298146,-0.004309175438852694,0.9990223158185454,0.04996079206466675
3.583544243155198,2.1520972307427715,1.5545784915333323,57.17303772309966,0.0888233698123279,-0.005306700975570766,0.9991454665458801,0.04988918988965452
3.583544243155198,2.1520972307427715,1.5545784915333323,57.22303319828816,0.09877820630793749,-0.005005170997125126,0.999025785115365,0.050044229021295905
3.583544243155198,2.1520972307427715,1.5545784915333323,57.272987444438996,0.10876782969822757,-0.005022000290874693,0.998893435431399,0.05000958498567343
3.583544243155198,2.1520972307427715,1.5545784915333323,57.32286025208452,0.11874868442697734,-0.005032512801721691,0.9987609134074105,0.04993468103930354
3.5840800723757678,2.172557921823296,1.5530253790329007,57.372939426446344,0.08781479917078128,-0.003315645111170773,0.9990358069709668,0.05012750695459545
3.5840800723757678,2.172557921823296,1.5530253790329007,57.42310743001608,0.09784752708667463,-0.002913420178829568,0.999018296907815,0.050217302050441504
3.5840800723757678,2.172557921823296,1.5530253790329007,57.4751231726598,0.10787212011902196,-0.002892001811283926,0.9988988684854886,0.05207308195531368
3.583998755692496,2.185411973890065,1.553600951361842,57.52271881639223,0.0925808808204655,-0.004206856216181861,0.99902824660659,0.04764193994924426
3.583998755692496,2.185411973890065,1.553600951361842,57.57269300789398,0.10207983800399913,-0.003923419928674708,0.9989034234217359,0.05002905218861997
3.583998755692496,2.185411973890065,1.553600951361842,57.62286978794603,0.1120643097553497,-0.00391619936920269,0.9987678067374183,0.05023868381977081
3.583998755692496,2.185411973890065,1.553600951361842,57.67532225917574,0.12208899156953892,-0.00390803328216602,0.9986321239322502,0.0525243179872632
3.5842683029158073,2.2045313705791774,1.5540437011767751,57.72259910227901,0.09436454123808757,-0.0044698119938147325,0.9989894266776288,0.047324668150395155
3.5842683029158073,2.2045313705791774,1.5540437011767751,57.772442526169385,0.10380510020282478,-0.004065142668563235,0.9988793025062955,0.0498993459623307
3.5844463792421877,2.216280878851206,1.5546735783815178,57.82232641408075,0.09027906227265874,-0.004634346813576011,0.9989898934128821,0.049934326903894544
3.5844463792421877,2.216280878851206,1.5546735783815178,57.872321481505175,0.10023772700528157,-0.004392611494767925,0.9988546283111989,0.05005239602178335
3.583948056650475,2.228787699455133,1.5541987047352266,57.922244823060005,0.08524471992945447,-0.0060656625793973,0.9989699333974661,0.049974818946793675
3.583948056650475,2.228787699455133,1.5541987047352266,57.972160668694855,0.09521346295451384,-0.005779634228190434,0.9988342071740945,0.04997410508804023
3.583948056650475,2.228787699455133,1.5541987047352266,58.02214719224543,0.10519875706640996,-0.0058224536364975535,0.9988185685281793,0.05004564905539155
3.5838774729499288,2.2473491609950877,1.5538239590487881,58.07215929595846,0.0780947121090432,-0.006730241011340656,0.9990679699466751,0.05005875998176634
3.5838774729499288,2.2473491609950877,1.5538239590487881,58.122042648736844,0.08808477054634077,-0.006255670289079461,0.9989441452579194,0.049936078023165464
3.5838774729499288,2.2473491609950877,1.5538239590487881,58.17199223874032,0.09805191866853075,-0.006311614542557482,0.9988077799043259,0.050009211990982294
3.5838774729499288,2.2473491609950877,1.5538239590487881,58.22187856901984,0.10803134485382303,-0.006359537725454532,0.998670589237061,0.04995273798704147
3.583964335190983,2.268837415715979,1.5544442255618767,58.27215647723118,0.07505042562050071,-0.007776515516290309,0.9989628510181956,0.050330108031630516
3.583964335190983,2.268837415715979,1.5544442255618767,58.32183868179765,0.08509173681240861,-0.007167471722687697,0.9989473620732874,0.049734557047486305
3.583964335190983,2.268837415715979,1.5544442255618767,58.3717937609503,0.09502069487039314,-0.007247303798265805,0.9988251507968902,0.05001383787021041
3.583323223601854,2.281865268326257,1.5550603248931951,58.42170412705626,0.07897378844244063,-0.010234645064146447,0.9989619979517107,0.04996222699992359
3.583323223601854,2.281865268326257,1.5550603248931951,58.47163019330652,0.08891330225903091,-0.009843039298384962,0.9988246481514431,0.04998481599614024
3.583323223601854,2.281865268326257,1.5550603248931951,58.52162717579124,0.09888982560034071,-0.009967946988786109,0.9986862983798849,0.05006275000050664
3.583323223601854,2.281865268326257,1.5550603248931951,58.571608829224935,0.10887897805184994,-0.010085408860058783,0.9985469705066042,0.05005438392981887
3.583652902288887,2.2993599578974426,1.552840078571159,58.62153126502774,0.08391799274867431,-0.008492979536302714,0.9988829103902244,0.04997826600447297
3.583652902288887,2.2993599578974426,1.552840078571159,58.67328153301222,0.09392479584811755,-0.008017843486687921,0.998760189442745,0.05181450815871358
3.5840736409563863,2.309758261060534,1.5508125337158014,58.72136898834926,0.08348387582031942,-0.006019276155517733,0.9988350957728098,0.048143537947908044
3.5840736409563863,2.309758261060534,1.5508125337158014,58.77144329249515,0.0931193250617209,-0.005783416535091558,0.9987046300467557,0.05013925302773714
3.5840736409563863,2.309758261060534,1.5508125337158014,58.82113661074004,0.10312328394081723,-0.0058151088785421,0.99856403088014,0.049764778930693865
3.5840736409563863,2.309758261060534,1.5508125337158014,58.8711227856209,0.1130508058335428,-0.005847252980857488,0.9984248464105901,0.05006503500044346
3.584209972050983,2.3292626860431067,1.5489174613666656,58.92099205058075,0.08407294566175545,-0.005227183526840185,0.998802781130875,0.04992904094979167
3.584209972050983,2.3292626860431067,1.5489174613666656,58.971220464717426,0.09405447957920549,-0.004790324631224184,0.998679090308345,0.05029484909027815
3.5839170237624067,2.3396324702285805,1.5487168866737258,59.02084682512473,0.08337885915908404,-0.006143659956553949,0.9987607121306167,0.04968793806619942
3.5839170237624067,2.3396324702285805,1.5487168866737258,59.070792640055764,0.09328632278119306,-0.005872981684319748,0.9986232233751259,0.05001467396505177
3.5839170237624067,2.3396324702285805,1.5487168866737258,59.12074356887687,0.10326459256369923,-0.005903269748060196,0.9984832913817943,0.050026804907247424
3.5839170237624067,2.3396324702285805,1.5487168866737258,59.17066786889741,0.11324327906864005,-0.00592777713696379,0.9983427158715044,0.050007176119834185
3.5844027127797977,2.3588228988304953,1.547839322334888,59.220624174572826,0.08486746167498758,-0.005184822571354284,0.9987153409698311,0.0500205650459975
3.5844027127797977,2.3588228988304953,1.547839322334888,59.270485238286575,0.09485781182858206,-0.004721719377218671,0.9985903034126474,0.049931451911106706
3.5841531195726017,2.3699025181604183,1.547093213767712,59.3204190147469,0.08269094396363949,-0.005630241710069893,0.9986874940156614,0.04999940097332001
3.5841531195726017,2.3699025181604183,1.547093213767712,59.370348513361165,0.09266703850989483,-0.005344110707179601,0.9985489735748109,0.050002052914351225
3.5841531195726017,2.3699025181604183,1.547093213767712,59.42031040454482,0.10264164210427769,-0.005363936568802964,0.9984091809804849,0.05004149815067649
3.5841531195726017,2.3699025181604183,1.547093213767712,59.47021779271905,0.1126221339774312,-0.005376792677583967,0.9982685365354241,0.04999395087361336
3.584186618790323,2.3891323576979238,1.5472029131621041,59.52007689918142,0.08417760977746924,-0.006759271458809089,0.9986445410329766,0.04992678016424179
3.584186618790323,2.3891323576979238,1.5472029131621041,59.570020588153774,0.09412840314551775,-0.006210424847952357,0.9985195675679674,0.05001773685216904
3.5841432483314493,2.398950243627258,1.545420139206625,59.62004280161054,0.08449480051283179,-0.005748771207733759,0.9985910643793969,0.05009279097430408
3.5841432483314493,2.398950243627258,1.545420139206625,59.66988981188618,0.09450597334830199,-0.005482983153964898,0.9984531178309461,0.0499242371879518
3.5841432483314493,2.398950243627258,1.545420139206625,59.71980493910368,0.10446388504228885,-0.005499486880274284,0.9983140258623299,0.049999424954876304
3.5841432483314493,2.398950243627258,1.545420139206625,59.7698075762831,0.11443482177767837,-0.005508118787676718,0.9981739210093313,0.05009411298669875
3.584146670063657,2.417031236250405,1.5453151365267235,59.81960986634821,0.08830745728000225,-0.0068138270405207115,0.9985272443266241,0.04987574485130608
3.584146670063657,2.417031236250405,1.5453151365267235,59.86953963836406,0.0982487262672763,-0.006275855171425777,0.9984030843522019,0.050009633181616664
3.58399780583362,2.4276676787096663,1.5447519769306544,59.91953293309407,0.08697833176976243,-0.007116515161443399,0.9984929890657115,0.05006874888204038
3.58399780583362,2.4276676787096663,1.5447519769306544,59.96939779604383,0.09696404879784562,-0.006794303481367961,0.9983554345540092,0.04994700406678021
3.58399780583362,2.4276676787096663,1.5447519769306544,60.01938162016875,0.10692601818423064,-0.006830498157210108,0.9982171119009658,0.05007309885695577
3.58399780583362,2.4276676787096663,1.5447519769306544,60.069258849464426,0.11691084074964489,-0.006858281494660568,0.9980776949897008,0.04997329320758581
3.58433391975807,2.4477932133532003,1.5439425632699713,60.11918683453818,0.08666122541602181,-0.006902430820474534,0.9984715368133338,0.05000441498123109
3.58433391975807,2.4477932133532003,1.5439425632699713,60.16911995622906,0.09664166954124837,-0.006289552764964351,0.9983481147114189,0.05001574195921421
3.5846384940077822,2.4590319609539044,1.5434281867849502,60.21895713006441,0.0841510239289112,-0.005987151877940648,0.9984507069787425,0.04991450603120029
3.5846384940077822,2.4590319609539044,1.5434281867849502,60.268921967138425,0.09411206780459248,-0.00565783822860822,0.9983147400237682,0.05004918295890093
3.5846384940077822,2.4590319609539044,1.5434281867849502,60.3187747651025,0.10409352769708548,-0.00567505353516498,0.9981773511664566,0.04994382802397013
3.5846384940077822,2.4590319609539044,1.5434281867849502,60.3687706081541,0.11405182663684177,-0.005685688930737444,0.9980398477212634,0.05009403498843312
3.5848838266085847,2.4783957466887165,1.5442650742255735,60.41893425890882,0.08534825547513646,-0.0072391080226107945,0.9984186031878691,0.050243105040863156
3.5848838266085847,2.4783957466887165,1.5442650742255735,60.468651847548976,0.0953505537443403,-0.006617599340156711,0.9982948783977135,0.049802507972344756
3.5852062835314893,2.49055287783672,1.5424174615656376,60.518435414591536,0.08098523488132162,-0.005360563162648356,0.9984185484128468,0.04986242204904556
3.5852062835314893,2.49055287783672,1.5424174615656376,60.56836046092422,0.09095171162442652,-0.005024534255012213,0.9982850992582093,0.05001080990768969
3.5852062835314893,2.49055287783672,1.5424174615656376,60.618280633976205,0.10083274072785156,-0.005012358846569986,0.9972258748224497,0.050059043103829026
3.5852062835314893,2.49055287783672,1.5424174615656376,60.66809788483051,0.11080378914506536,-0.005006208134007046,0.9970832022867112,0.04996298276819289
3.5856553077096796,2.508703321532757,1.5426123851895925,60.718058868336456,0.08448153423826843,-0.00540086816388113,0.9974390585435764,0.050089259166270494
3.5856553077096796,2.508703321532757,1.5426123851895925,60.76783181461555,0.09445846384279934,-0.004870385271130838,0.9973270776234356,0.04990634205751121
3.5864466570402147,2.5200160539182814,1.5409742578439871,60.819545009747586,0.08176795652961084,-0.0023919610363693495,0.9974469241411039,0.051845560781657696
3.5864466570402147,2.5200160539182814,1.5409742578439871,60.867629190515224,0.092117955812415,-0.002110025508434392,0.9973217276018997,0.04821330914273858
3.5864466570402147,2.5200160539182814,1.5409742578439871,60.917557564411325,0.10171507954430062,-0.0020647412854686333,0.9971161569916408,0.05007277592085302
3.5864466570402147,2.5200160539182814,1.5409742578439871,60.96733387525981,0.11169025500124628,-0.0020011002809211696,0.997006950934004,0.049925741041079164
3.5864466570402147,2.5200160539182814,1.5409742578439871,61.017175145969944,0.1216475866014217,-0.0019372224257173862,0.997023045871047,0.04999008891172707
3.5869601912780333,2.5384415834933782,1.5411311000206604,61.06703975144888,0.09476952307521962,-0.0021105861625988604,0.997305752918269,0.049999315990135074
3.587474814613362,2.5500501177908625,1.5410486645150667,61.116774226930545,0.08151251492396853,-0.00119144184113962,0.997458693426007,0.0498611880466342
3.587474814613362,2.5500501177908625,1.5410486645150667,61.16682892620648,0.09145263295465703,-0.0009313935980183258,0.9973652360174872,0.05018692999146879
3.587474814613362,2.5500501177908625,1.5410486645150667,61.21672167998845,0.10145334351367383,-0.0008611408106160097,0.9972564190975519,0.050030015176162124
3.587474814613362,2.5500501177908625,1.5410486645150667,61.266538190186566,0.11142353688091418,-0.0007864970701391616,0.9971688249184123,0.049957949900999665
3.587474814613362,2.5500501177908625,1.5410486645150667,61.31636315660161,0.12138979088785888,-0.0007074148721390196,0.9971942714310598,0.04996515507809818
3.5879204538955007,2.5696798428464156,1.540275025919266,61.36625451904164,0.09210839346706645,-0.0004105332562357892,0.9975142698702494,0.05001568794250488
3.5879204538955007,2.5696798428464156,1.540275025919266,61.41647544808743,0.1020823568167459,-6.414987117097206e-05,0.997448353175908,0.050349402939900756
3.5876551505972296,2.58122457960102,1.5413735494581184,61.465973857496294,0.08907540687049115,-0.002527765061120591,0.9975952430394023,0.0496177279856056
3.5873612029362394,2.5911006251616753,1.5418130341799765,61.51584005866847,0.07923761448647292,-0.004173928882907907,0.9977409396969579,0.04997910698875785
3.5873612029362394,2.5911006251616753,1.5418130341799765,61.56574634848341,0.08918708001222402,-0.003875172664366142,0.997658093410593,0.05002344003878534
3.5873612029362394,2.5911006251616753,1.5418130341799765,61.61582563154513,0.0991724818684398,-0.003854151806956107,0.9976802617062125,0.050195724004879594
3.5873612029362394,2.5911006251616753,1.5418130341799765,61.66554894053199,0.1091824061242918,-0.0038214388211481607,0.9976089892679127,0.04984248289838433
3.5873612029362394,2.5911006251616753,1.5418130341799765,61.71540236266028,0.119121846914863,-0.0037957264402548236,0.9975445864159105,0.049976134207099676
3.5877676559002514,2.608926837360113,1.5414573572206245,61.765219270306844,0.09345028505323116,-0.003844276153859639,0.9978165393951924,0.049925918923690915
3.5877676559002514,2.608926837360113,1.5414573572206245,61.81516879922173,0.10341101487143728,-0.0033259221558888056,0.997782482411173,0.0500605390407145
3.587483052448722,2.6215212002238304,1.542638757899239,61.86502937186202,0.08824827700806298,-0.00604605809141233,0.9979488382863934,0.04996305494569242
3.587483052448722,2.6215212002238304,1.542638757899239,61.914939375657376,0.09818948835972215,-0.005591509018578559,0.9979620400494028,0.05001192609779537
3.5883137425203566,2.6322309003310154,1.5434992733822597,61.96488275159421,0.0867292730659516,-0.004797120945448651,0.9981001623342933,0.05003844085149467
3.5883137425203566,2.6322309003310154,1.5434992733822597,62.01478575160897,0.09671613644118218,-0.004438150366473491,0.9980292798137171,0.05000153905712068
3.5883137425203566,2.6322309003310154,1.5434992733822597,62.064854730351335,0.10669094742388045,-0.004428103284039616,0.9979399334043763,0.05017233709804714
3.5883137425203566,2.6322309003310154,1.5434992733822597,62.11457174510406,0.11670331839168338,-0.004412759655502025,0.9979070571839981,0.049821287859231234
3.58910881744453,2.65169554231293,1.542336050666391,62.164460078225176,0.08771313300114895,-0.0027904315546406887,0.9982037362868096,0.049978106981143355
3.58910881744453,2.65169554231293,1.542336050666391,62.214341637909655,0.09770711514754908,-0.0022177976107538295,0.9982063406240973,0.04997119097970426
3.5894165909998326,2.6630954530970006,1.5420321318240409,62.26431248386217,0.08488760312343405,-0.001988959002609719,0.9983509779867348,0.050053385086357594
3.5894165909998326,2.6630954530970006,1.5420321318240409,62.31422541501792,0.09487739003874153,-0.0016125389562509948,0.9982738183760538,0.049999238923192024
3.5894165909998326,2.6630954530970006,1.5420321318240409,62.364082744917035,0.1048536064461886,-0.001538702867527071,0.9981773932964779,0.049948366126045585
3.5894165909998326,2.6630954530970006,1.5420321318240409,62.41404120771612,0.11482375114028426,-0.001460265025692729,0.9981411316464125,0.05005150195211172
3.5904760925748223,2.6823159367809284,1.542790104048235,62.46397985163413,0.08635022321405159,-0.0005212050291943046,0.9984301168996232,0.05001716502010822
3.5904760925748223,2.6823159367809284,1.542790104048235,62.513819384525625,0.0963457316262652,7.074303179335024e-05,0.9984197788864009,0.049918415024876595
3.5907854849299423,2.6936732348993426,1.5435179369273035,62.56374968354276,0.08360367455257414,-0.0003764930324747686,0.9985549562370061,0.05000255489721894
3.5907854849299423,2.6936732348993426,1.5435179369273035,62.61371789174566,0.09357942891162103,1.029479232506395e-05,0.9984687379147916,0.05004483996890485
3.5907854849299423,2.6936732348993426,1.5435179369273035,62.663642772754685,0.10356697022823017,0.00011693987797859686,0.9983634772292096,0.05000671814195812
3.5907854849299423,2.6936732348993426,1.5435179369273035,62.713556319276734,0.11355100611577496,0.00022760059621156246,0.9983195093404003,0.049997566966339946
3.5910351906100857,2.7124405218050653,1.543020928349125,62.763518663579646,0.08602096332806985,7.200827081181604e-06,0.9985860602491725,0.05003308807499707
3.5910351906100857,2.7124405218050653,1.543020928349125,62.81341214876414,0.09601118036641919,0.0006391773262443181,0.9985676824725623,0.049965051002800465
3.5910747253897912,2.7237732809795983,1.5440128357150495,62.86344988392031,0.08334752737373052,-0.0007094755412949251,0.9986958941143667,0.05010307487100363
3.5910747253897912,2.7237732809795983,1.5440128357150495,62.913346114144716,0.09333417062018147,-0.00022214381932051584,0.99860345447288,0.049966010032221675
3.5910747253897912,2.7237732809795983,1.5440128357150495,62.96322963669803,0.1033091402993278,-9.671803835106023e-05,0.9984929309510866,0.049958813935518265
3.5910747253897912,2.7237732809795983,1.5440128357150495,63.013133559399144,0.11328603586270015,3.5374554481214324e-05,0.9984436235519535,0.049981713062152267
3.591153349878287,2.743320711870582,1.5456105467064654,63.06308940499666,0.08421003622378553,-0.0023039299950889645,0.9987206379765623,0.05001983908005059
3.591153349878287,2.743320711870582,1.5456105467064654,63.11303120817546,0.09417126385042844,-0.0013741240209206793,0.9986947700938427,0.05000707390718162
3.591363464419992,2.7566816969340064,1.5444907449885725,63.16300229151733,0.07745616174650122,-0.0007758249249327077,0.9988566738511361,0.050028281984850764
3.591363464419992,2.7566816969340064,1.5444907449885725,63.213034978027714,0.08745326340220996,-9.734498160571649e-05,0.9987614351766659,0.05009473208338022
3.591363464419992,2.7566816969340064,1.5444907449885725,63.26279825585813,0.09745855541385663,6.016180346465536e-05,0.9986457753156415,0.04983075987547636
3.591363464419992,2.7566816969340064,1.5444907449885725,63.31275753102697,0.10741342677953751,0.00022575767259339581,0.998592796489951,0.05002967710606754
3.591549716559132,2.7744812220127346,1.5455456554795122,63.36269562977176,0.0818354604518886,-0.0011687684870143598,0.9988298158404223,0.04999660397879779
3.591549716559132,2.7744812220127346,1.5455456554795122,63.412691476916905,0.09180442701015128,-0.00015087325402765106,0.998799287524415,0.050055949948728085
3.591678788669744,2.7833107723996453,1.5455676079265233,63.46254046553757,0.0841619308252115,-0.00023901092607771978,0.9988675315350168,0.049905505031347275
3.591678788669744,2.7833107723996453,1.5455676079265233,63.51247299092455,0.09412694511565003,0.0003768707272784067,0.9987682437621812,0.04999410593882203
3.591678788669744,2.7833107723996453,1.5455676079265233,63.562443242964584,0.10411479270943513,0.0005822088021000234,0.9986491810802783,0.050037844106554985
3.591678788669744,2.7833107723996453,1.5455676079265233,63.61256884402081,0.11411372554017515,0.00079938035898886,0.9985919114274988,0.05019628186710179
3.5918446356029445,2.8019545338340155,1.5462649879532409,63.662264046282495,0.08688664418242745,-0.00033331479597335594,0.9988417602123703,0.049752827966585755
3.5918446356029445,2.8019545338340155,1.5462649879532409,63.71225841766713,0.09681087455920374,0.0009029345543939595,0.9988090303704487,0.050053984159603715
3.5917097558794393,2.814163662481378,1.5492624586582313,63.76216719074292,0.08244669309980703,-0.0022906351535110477,0.9989434504367405,0.04996155994012952
3.5917097558794393,2.814163662481378,1.5492624586582313,63.812079760636394,0.09235977178169469,-0.0013055214611842135,0.9988388768118932,0.04997059190645814
3.5917097558794393,2.814163662481378,1.5492624586582313,63.86204639392628,0.10235228006687433,-0.0010969111462978335,0.9987171946060478,0.050030813086777925
3.5917097558794393,2.814163662481378,1.5492624586582313,63.91201911703829,0.11235469370125575,-0.0008722799765712023,0.998657473099239,0.050039903027936816
3.5918952989119095,2.8332070009185815,1.549064764155979,63.9619658763689,0.0842966294966783,-0.0010885472276094537,0.9989122116890173,0.050001149997115135
3.5918952989119095,2.8332070009185815,1.549064764155979,64.01194630337054,0.09428986186702731,0.00044009004913735886,0.998876625578064,0.05003663687966764
3.591476277742249,2.8444616342387365,1.5503203205906433,64.06193588953107,0.08184816788911123,-0.002064366988611207,0.9989879948481404,0.05004022712819278
3.591476277742249,2.8444616342387365,1.5503203205906433,64.11182401528848,0.09178485638214642,-0.0009492554605516981,0.9988828623249285,0.04994391999207437
3.591476277742249,2.8444616342387365,1.5503203205906433,64.16181477332817,0.10177951387266596,-0.0006763101080974662,0.9987591738641333,0.05005286494269967
3.591476277742249,2.8444616342387365,1.5503203205906433,64.2116087274632,0.11179212850152326,-0.00038035797470918484,0.9986974063837771,0.04985890001989901
3.5917144803491396,2.862521707944688,1.5517362662420464,64.26163529406743,0.08567021705881343,-0.0015001064551060253,0.9989334580541959,0.05007997900247574
3.5917144803491396,2.862521707944688,1.5517362662420464,64.31152670873355,0.09565640551286644,0.00031441429999874357,0.9988934907522925,0.04994668113067746
3.5920132235765534,2.8727820921782548,1.5537850098556996,64.36155838090161,0.08515576828785654,-0.0005792047621240458,0.9989859380960837,0.050082458881661296
3.5920132235765534,2.8727820921782548,1.5537850098556996,64.41152611627226,0.09514084611337041,0.0006351327866905741,0.9988768234266869,0.05002392106689513
3.5920132235765534,2.8727820921782548,1.5537850098556996,64.46149878860288,0.10515824089148015,0.000993144441287879,0.9987510079367111,0.050035165855661035
3.5920132235765534,2.8727820921782548,1.5537850098556996,64.51138619716163,0.11517281429797192,0.001376514117290352,0.9986879159892476,0.04995295102708042
3.5920132235765534,2.8727820921782548,1.5537850098556996,64.56125521056238,0.12516465613380845,0.001786892961457251,0.9985605071681157,0.049940902972593904
3.592267821611285,2.8926834190110045,1.5541764344123972,64.61118750058507,0.09538891125957531,0.0017919301772845008,0.9989159856789167,0.049986476078629494
3.592267821611285,2.8926834190110045,1.5541764344123972,64.66121741318993,0.10538326517474036,0.0039356731573189085,0.9988019288464228,0.050089923897758126
3.5925330354590246,2.9038695975968136,1.5541359098220668,64.71104313748374,0.0930629059271531,0.004776403568790364,0.9989145168687366,0.04987986804917455
3.5925330354590246,2.9038695975968136,1.5541359098220668,64.76111456667938,0.10305816465435089,0.006261178185407148,0.9987892616801894,0.050132126081734896
3.5924048522022907,2.915310643303428,1.5533584954271413,64.81101056619238,0.0902557138981228,0.006597320399030555,0.9989497084827503,0.04994845995679498
3.5924048522022907,2.915310643303428,1.5533584954271413,64.86102356275128,0.10025285567625397,0.008175751694174256,0.9988241984825017,0.05007187114097178
3.5924048522022907,2.915310643303428,1.5533584954271413,64.91088580739907,0.11029538600314612,0.008822631658463673,0.9987799785442893,0.04992315196432173
3.5924048522022907,2.915310643303428,1.5533584954271413,64.96082734595436,0.12028645616454112,0.009469979765255973,0.99866227747647,0.050008435966446996
3.592518875974652,2.9359808472339495,1.5538531139534366,65.01075102305059,0.0889996113142392,0.009340551589788767,0.9989638533985157,0.04997545899823308
3.592518875974652,2.9359808472339495,1.5538531139534366,65.0607844272118,0.09898983375271311,0.011916000517855126,0.9988379553636733,0.05009161285124719
3.5926952843777147,2.9463022999084516,1.5559819003773845,65.11058896358414,0.0884365796880982,0.011211674689734342,0.9989808757890147,0.0498553451616317
3.5926952843777147,2.9463022999084516,1.5559819003773845,65.16064095889298,0.09837870096267912,0.012929745777991128,0.9988498283439571,0.05010962998494506
3.592513841673401,2.956928636751427,1.5563753282524428,65.21049919360188,0.08722391758488025,0.01264145603509558,0.9990160713677338,0.04990733996964991
3.592513841673401,2.956928636751427,1.5563753282524428,65.26050554279676,0.09718501432192221,0.014443757724342345,0.9988993577063645,0.0500614489428699
3.592513841673401,2.956928636751427,1.5563753282524428,65.31043614229523,0.10721975038065068,0.015330557760609008,0.9987861396001552,0.04999128193594515
3.592513841673401,2.956928636751427,1.5563753282524428,65.36032553789951,0.11722568836904862,0.016246228788475613,0.9986554622012023,0.04995656409300864
3.593142192490939,2.9766673460773285,1.5584712291828176,65.41028275153771,0.087761746183176,0.016975396986521823,0.9989853354289138,0.05000795493833721
3.593142192490939,2.9766673460773285,1.5584712291828176,65.46023496294283,0.09777343084240771,0.019822571636550414,0.9988531854527618,0.050009563099592924
3.593312502866979,2.988298425073959,1.5598251054035708,65.51011530838352,0.08457779752185417,0.020184180906214683,0.9990364084471418,0.04992845607921481
3.593312502866979,2.988298425073959,1.5598251054035708,65.56005352138965,0.0945404310395151,0.02227407715901936,0.9989166352589444,0.049992372980341315
3.593312502866979,2.988298425073959,1.5598251054035708,65.61006417534483,0.10454843747454481,0.023392000728351254,0.9988022934926415,0.050070623867213726
3.593312502866979,2.988298425073959,1.5598251054035708,65.6599493984167,0.11455535079821219,0.02454320613320923,0.9986697152710419,0.0499516730196774
3.5936657181719056,3.0083036069148386,1.5646531742412408,65.70989442614392,0.08461635490015136,0.022936672410313358,0.9990124810798816,0.04999439814127982
3.5936657181719056,3.0083036069148386,1.5646531742412408,65.75983317366581,0.09453772525772712,0.02607209755467603,0.9988760797942986,0.049994937842711806
3.5941807341923004,3.0176777189516137,1.5659230613187938,65.80989144828087,0.08578908169385732,0.027968555290080622,0.9990141126350034,0.05010767513886094
3.5941807341923004,3.0176777189516137,1.5659230613187938,65.85980156283703,0.09577753756081692,0.030017729959906245,0.998891127969278,0.049965519923716784
3.5941807341923004,3.0176777189516137,1.5659230613187938,65.90966509527,0.10574015256051106,0.03135776094770389,0.9987754824649266,0.049924666061997414
3.5941807341923004,3.0176777189516137,1.5659230613187938,65.95971337465957,0.11568044059593195,0.03272591901126502,0.998641749578906,0.0501163499429822
3.5945825243594745,3.0355972024407865,1.5696886924984585,66.00984595205203,0.08986694154430554,0.032835850076397374,0.998936405526678,0.050185954896733165
3.5945825243594745,3.0355972024407865,1.5696886924984585,66.05967881575872,0.0998353759524315,0.03580755918324088,0.9987984156473428,0.04989281413145363
3.594056121553247,3.0478621727626853,1.5730209740604948,66.10959552936802,0.08541212742022658,0.033698799014579756,0.9990053846910295,0.04996641096659005
3.594056121553247,3.0478621727626853,1.5730209740604948,66.15947989532421,0.09514682812284352,0.03619660712597187,0.9988813614589618,0.04994023102335632
3.594056121553247,3.0478621727626853,1.5730209740604948,66.20941540520943,0.10502730285560265,0.03772836893153396,0.9987647095112421,0.04999727103859186
3.594056121553247,3.0478621727626853,1.5730209740604948,66.25926611150246,0.11489973483909018,0.03928988105960256,0.9986299088007895,0.049919100012630224
3.5935705670707394,3.0652371224150743,1.5794470546870412,66.30923648720936,0.09024094123208244,0.03540999753667442,0.9989283495626798,0.050023983931168914
3.5935705670707394,3.0652371224150743,1.5794470546870412,66.35936343605196,0.09996766344531469,0.03868280199501111,0.9987881270323108,0.05018777004443109
3.5930839246541146,3.0769223826170617,1.5825180981496287,66.40916741042122,0.0866583646844671,0.037414282420893154,0.9989801888194955,0.04985481686890125
3.5930839246541146,3.0769223826170617,1.5825180981496287,66.45909929832064,0.09611316524901291,0.04009066841535461,0.9988584424995928,0.04998895316384733
3.5930839246541146,3.0769223826170617,1.5825180981496287,66.509111682977,0.10581923320220839,0.04176860888936261,0.9987431665934169,0.0500753209926188
3.5930839246541146,3.0769223826170617,1.5825180981496287,66.55894736754856,0.11552015289152878,0.04347482578111863,0.9986099338388283,0.049905055901035666
3.593007979313915,3.0978060069656266,1.589459030332919,66.60884387733128,0.08357737065702664,0.041522261845267285,0.998970001326038,0.04994795611128211
3.593007979313915,3.0978060069656266,1.589459030332919,66.65878715281315,0.09313175367265683,0.045377920518760606,0.9988306528564966,0.05000174487940967
3.592255142540747,3.1087376940848537,1.5925898380154682,66.70883821295892,0.08112534002214122,0.043887008855689115,0.999009495550616,0.050100685097277164
3.592255142540747,3.1087376940848537,1.5925898380154682,66.75878492871036,0.08995075072960329,0.04665296087060548,0.9988905067763465,0.05000219284556806
3.592255142540747,3.1087376940848537,1.5925898380154682,66.80876450940748,0.09920236650577019,0.048476990807327855,0.9987821398520518,0.050040523055940866
3.592255142540747,3.1087376940848537,1.5925898380154682,66.85859687547166,0.1084378885011469,0.05033199791336508,0.9986558173460577,0.049899440025910735
3.5917695366313183,3.1271544522581247,1.599053891654083,66.90855449310138,0.08098930552326923,0.04830760789917231,0.9989608520852644,0.05000958498567343
3.5917695366313183,3.1271544522581247,1.599053891654083,66.9585453403003,0.0900786225779445,0.05201449119452223,0.9988287206660719,0.05004946910776198
3.5919929349441273,3.1386162445124506,1.6038047022969177,67.00845543173236,0.0764369668318286,0.05282433376823006,0.999008828302559,0.04995960998348892
3.5919929349441273,3.1386162445124506,1.6038047022969177,67.05842787202424,0.08364093383583619,0.055701578613790236,0.9988986134085179,0.05002753995358944
3.5919929349441273,3.1386162445124506,1.6038047022969177,67.10837568895576,0.0917781567317952,0.05766672666845411,0.9988084338582148,0.05000740406103432
3.5919929349441273,3.1386162445124506,1.6038047022969177,67.15822478376927,0.09988809043718393,0.059674039392960634,0.9987011020386848,0.0499139279127121
3.5919929349441273,3.1386162445124506,1.6038047022969177,67.20828657702295,0.10797510254641714,0.061733732322495335,0.9986582691587265,0.05012905295006931
3.5915134058844815,3.1548367391820045,1.6120011772240723,67.25816995129927,0.08386558102102312,0.059206387978507975,0.9988474638344709,0.049940933007746935
3.5915134058844815,3.1548367391820045,1.6120011772240723,67.30809739896412,0.09179908255113475,0.0626013380677102,0.9988191309292921,0.04998647514730692
3.5915134058844815,3.1548367391820045,1.6120011772240723,67.35804740883982,0.09987525763965875,0.06470342597872143,0.9987108123999415,0.05001448793336749
3.5915134058844815,3.1548367391820045,1.6120011772240723,67.40798307742652,0.10792724444270939,0.06693759875066714,0.9986184652883248,0.05000475188717246
3.5906911080456787,3.1725943117833797,1.623881007180685,67.45809968928592,0.08084880913934941,0.06169671817962745,0.9988711666613029,0.05017324909567833
3.5906911080456787,3.1725943117833797,1.623881007180685,67.50786764873536,0.08870551396100318,0.06533380881208219,0.9988166922014033,0.04982692003250122
3.5906911080456787,3.1725943117833797,1.623881007180685,67.55773652562038,0.09672673431286621,0.06749608268019414,0.9987067965723809,0.04993345099501312
3.5893661018910255,3.192650957577598,1.6350054369901916,67.60810881889397,0.06496349178701441,0.06267489827807837,0.9990623164032943,0.05041957087814808
3.5893661018910255,3.192650957577598,1.6350054369901916,67.65769055472538,0.07283960393240924,0.0665245831853786,0.9989438492911643,0.0496341569814831
3.5893661018910255,3.192650957577598,1.6350054369901916,67.70763113765163,0.0808116114689979,0.06873146956956348,0.9988527515703443,0.04999794298782945
3.5893661018910255,3.192650957577598,1.6350054369901916,67.75751123955206,0.08881345481138576,0.07099137457303753,0.9987443814631625,0.04994281101971865
3.5893661018910255,3.192650957577598,1.6350054369901916,67.80750301764446,0.09679929412986311,0.07331061981629948,0.9986988028240239,0.05005691200494766
3.587939704382387,3.20892846241841,1.6466289093689295,67.85769242494324,0.07262728274547514,0.0677960864189273,0.9989136049001255,0.05024399212561548
3.587939704382387,3.20892846241841,1.6466289093689295,67.90736774730819,0.08043700868926738,0.07129182085932605,0.9988792997240892,0.04973105597309768
3.587939704382387,3.20892846241841,1.6466289093689295,67.9573247363882,0.0883806948929282,0.07357801418234275,0.9987700352805429,0.05001851008273661
3.587939704382387,3.20892846241841,1.6466289093689295,68.00721893226108,0.09634305253521375,0.0760297661028933,0.9986744122910802,0.04996042279526591
3.587080310189891,3.225646568811325,1.658238710512097,68.05728268172565,0.07112406747482844,0.07286102769090097,0.9988815661792837,0.05011980514973402
3.587080310189891,3.225646568811325,1.658238710512097,68.10709769571095,0.07894729314698215,0.0763201216336848,0.9988253517474505,0.04987359791994095
3.587080310189891,3.225646568811325,1.658238710512097,68.15715148697022,0.08688082979409212,0.07872701771171577,0.9987123343359835,0.05011832690797746
3.587080310189891,3.225646568811325,1.658238710512097,68.20703308575837,0.09483456570523621,0.0812027225332728,0.9986851248001655,0.04994727321900427
3.5845608520642918,3.2424243718785513,1.673388850856446,68.25690792521188,0.06977021873834723,0.07177239012105223,0.998945481770223,0.04992748890072107
3.5845608520642918,3.2424243718785513,1.673388850856446,68.30689109484231,0.07740897375445294,0.07544231695489455,0.9988386307362271,0.05004128604196012
3.5845608520642918,3.2424243718785513,1.673388850856446,68.35677342021215,0.08536567986066934,0.0778850476759651,0.9987259106762985,0.04994596098549664
3.5845608520642918,3.2424243718785513,1.673388850856446,68.40679832643062,0.09329299544570738,0.08039660512801759,0.9986777165808121,0.050091140903532505
3.582956292602509,3.257954604907489,1.6880682834482847,68.45670610067575,0.070581831914189,0.0740717161171098,0.9988906079376062,0.049963203025981784
3.582956292602509,3.257954604907489,1.6880682834482847,68.50660068278192,0.07828687831244087,0.07753203703202588,0.9988524585265102,0.049951903987675905
3.582956292602509,3.257954604907489,1.6880682834482847,68.55656003248234,0.08621785202949053,0.07999569522136907,0.9987396194321118,0.05002239695750177
3.582956292602509,3.257954604907489,1.6880682834482847,68.60652488326573,0.09413723009729554,0.08263098007359145,0.9986412082244589,0.050032834988087416
3.581377333326827,3.2741150621430015,1.7006509085550157,68.65646999892773,0.06997642901478754,0.07874192517285185,0.998845716047922,0.05000283312983811
3.581377333326827,3.2741150621430015,1.7006509085550157,68.70640934394338,0.0777578488178877,0.08219080738045331,0.9987874388948029,0.049999973038211465
3.581377333326827,3.2741150621430015,1.7006509085550157,68.75635410762692,0.08567801608242473,0.08478232966189989,0.9986710153293495,0.05001122783869505
3.581377333326827,3.2741150621430015,1.7006509085550157,68.80639877264629,0.09358605378965326,0.08740583107386271,0.9986422195221152,0.05011270707473159
3.579080267469519,3.291310109983255,1.7156900099252963,68.85623570269367,0.06743212940239654,0.08098135143866105,0.9988857253027807,0.04989252402447164
3.579080267469519,3.291310109983255,1.7156900099252963,68.9061671714586,0.07516709998087229,0.08456983934667302,0.9987765339912952,0.04999263305217028
3.579080267469519,3.291310109983255,1.7156900099252963,68.95604484185321,0.08308230322936311,0.08724285173699106,0.9986601633672388,0.04994458798319101
3.579080267469519,3.291310109983255,1.7156900099252963,69.005998743821,0.09098226174061129,0.0899990639502724,0.9986083146083233,0.05002351896837354
3.576736516229578,3.307661382863181,1.7317497346896114,69.05592411507163,0.0665172786787785,0.08316429751466657,0.9988426749814164,0.049983218079432845
3.576736516229578,3.307661382863181,1.7317497346896114,69.10584881072369,0.0742998383192641,0.0865666442088951,0.9988028061489753,0.0499845368321985
3.576736516229578,3.307661382863181,1.7317497346896114,69.1557796283609,0.0822175242659898,0.08926137497562639,0.9986859976135296,0.04999651317484677
3.576736516229578,3.307661382863181,1.7317497346896114,69.20576706710658,0.09013191091039663,0.09214420645004627,0.998582132870529,0.05005841492675245
3.574169269453004,3.3229538105076233,1.7474892323986573,69.25576885529618,0.06775139526902026,0.08514817393552183,0.9988041802569898,0.05006165290251374
3.574169269453004,3.3229538105076233,1.7474892323986573,69.30565251340147,0.0755946008414164,0.08858397903511256,0.9987419929979922,0.04994649114087224
3.574169269453004,3.3229538105076233,1.7474892323986573,69.35552486076658,0.08352223605708793,0.09138371472329239,0.998622009075612,0.04994116583839059
3.574169269453004,3.3229538105076233,1.7474892323986573,69.4054224924188,0.0914402019826773,0.09418296726633521,0.9985904700680344,0.049968063132837415
3.571759078254071,3.3389981159590856,1.7626142877953506,69.45541778057897,0.06744911873531101,0.08907475827074311,0.9988062391566513,0.050055041909217834
3.571759078254071,3.3389981159590856,1.7626142877953506,69.5053367700841,0.0753856778518644,0.09257071958224156,0.9986936394674856,0.04998428700491786
3.571759078254071,3.3389981159590856,1.7626142877953506,69.55527055892289,0.0833408485721258,0.09550537485194868,0.9985728441727587,0.05000515398569405
3.571759078254071,3.3389981159590856,1.7626142877953506,69.60519906887731,0.09129565242853496,0.0985421667457444,0.9985160988650224,0.05000270903110504
3.568747523384402,3.354618432637994,1.7790339040127614,69.65515649613786,0.06819554756270166,0.09139875008401421,0.9987466892702102,0.050020118011161685
3.568747523384402,3.354618432637994,1.7790339040127614,69.70506392609877,0.0761594223482919,0.094741589299318,0.9987057384906379,0.049972106935456395
3.568747523384402,3.354618432637994,1.7790339040127614,69.7550304384916,0.08412813413703012,0.09771024225756786,0.9985838863943564,0.05003737099468708
3.568747523384402,3.354618432637994,1.7790339040127614,69.80488833991197,0.09220365671065986,0.10089234168244018,0.9984711560689509,0.04993424308486283
3.5655095593978294,3.3696479376206265,1.7961767102803545,69.8548577967213,0.07033927847078741,0.0929209572331839,0.9987046023303799,0.05003427108749747
3.5655095593978294,3.3696479376206265,1.7961767102803545,69.9048056789584,0.07841507823920382,0.09645889850368759,0.9986386629409244,0.05001597083173692
3.5655095593978294,3.3696479376206265,1.7961767102803545,69.95535448583416,0.08647498295578508,0.09956933861139261,0.998511893205891,0.05062414100393653
3.5655095593978294,3.3696479376206265,1.7961767102803545,70.0047115726386,0.09462627224081883,0.10267768859135683,0.9984731268114339,0.049432564061135054
3.5619368495795465,3.3842288200191017,1.8118988427241722,70.05461213694545,0.07343678687719289,0.09504033350115934,0.9986978504457875,0.049965627025812864
3.5619368495795465,3.3842288200191017,1.8118988427241722,70.10456008589854,0.08182254207159123,0.09867488441946791,0.9985762659233197,0.05001916293986142
3.5619368495795465,3.3842288200191017,1.8118988427241722,70.15448157248808,0.09005854483399975,0.10191672431229648,0.9984462454503336,0.04999917303211987
3.5619368495795465,3.3842288200191017,1.8118988427241722,70.20441769517632,0.09828677948942215,0.10527786643861599,0.9983803695504652,0.050017131958156824
3.5619368495795465,3.3842288200191017,1.8118988427241722,70.25430188132708,0.1064996865150352,0.10871421573859681,0.9982458538298156,0.04997184406965971
3.5576778803319886,3.4012661340634183,1.829397864910784,70.3042245678024,0.08058831233253377,0.10017227445000053,0.9986149078770779,0.04999192990362644
3.5576778803319886,3.4012661340634183,1.829397864910784,70.35417745836531,0.0888958457929492,0.10397329030517971,0.9984773546402981,0.050029067089781165
3.5576778803319886,3.4012661340634183,1.829397864910784,70.40415528515412,0.09789454070300199,0.10746025821892925,0.9983437297456343,0.05006074090488255
3.5576778803319886,3.4012661340634183,1.829397864910784,70.45404929808599,0.10653949013286329,0.11101676318803817,0.9982016973706286,0.04998389910906553
3.552837185867843,3.419786491449639,1.8465402014820986,70.50395344823927,0.07784636466091385,0.10359439514970921,0.998575900163148,0.04997531999833882
3.552837185867843,3.419786491449639,1.8465402014820986,70.55402117414042,0.08660425882694683,0.10760871826109494,0.9984110626381287,0.05014740698970854
3.552837185867843,3.419786491449639,1.8465402014820986,70.60378345524244,0.09528714824530975,0.11098258102425773,0.9983620686482412,0.04984392202459276
3.552837185867843,3.419786491449639,1.8465402014820986,70.65372207219895,0.10389416626177445,0.11454927507485355,0.9982204052692878,0.0500276458915323
3.5474898888186326,3.4385804496004115,1.8671352191583537,70.70360924182731,0.07664793889453708,0.10438752405000448,0.9985720244048772,0.04995850916020572
3.5474898888186326,3.4385804496004115,1.8671352191583537,70.75373786252803,0.08649127457406769,0.10863060831722243,0.9984052308599214,0.05020869197323918
3.5474898888186326,3.4385804496004115,1.8671352191583537,70.80358765409011,0.0962493118266159,0.11229666048498674,0.9983088477173272,0.04993423796258867
3.5474898888186326,3.4385804496004115,1.8671352191583537,70.85374376286474,0.10592399979500244,0.11600839513878126,0.9981431800161857,0.05024941288866103
3.542226958667129,3.455810026640836,1.8867514036459807,70.90326457912417,0.0808553826849995,0.10642222677745372,0.9985676510503434,0.049591849092394114
3.542226958667129,3.455810026640836,1.8867514036459807,70.95320784408581,0.09061365129219603,0.11057641824692968,0.9984036766297931,0.050023118034005165
3.542226958667129,3.455810026640836,1.8867514036459807,71.0030279035678,0.10029746169035048,0.11415591762715553,0.9982421471829924,0.049907790031284094
3.542226958667129,3.455810026640836,1.8867514036459807,71.05356563663918,0.1099307372640732,0.1178298558493243,0.9980796908850003,0.05063496786169708
3.536427557081161,3.4732955918829145,1.90575277999321,71.10297311868723,0.0841384961203043,0.10895289906474571,0.9984779748474748,0.04948279610835016
3.536427557081161,3.4732955918829145,1.90575277999321,71.1528810426456,0.09385305923780987,0.11324006797847438,0.9983089439495453,0.049992464017122984
3.536427557081161,3.4732955918829145,1.90575277999321,71.20274921686175,0.10341053734263755,0.11662934272245708,0.9982441157238872,0.049955890979617834
3.536427557081161,3.4732955918829145,1.90575277999321,71.25268333135848,0.11296640563615627,0.12024229725686579,0.9980825007604001,0.050030047073960304
3.5300654707501127,3.49145492552936,1.9270362597360855,71.30256477321595,0.08552295839798597,0.10992103122510367,0.998445545322912,0.04995910101570189
3.5300654707501127,3.49145492552936,1.9270362597360855,71.35244409258254,0.09522360823682202,0.1143871718593302,0.9982749201029598,0.04996551387012005
3.5266914821099005,3.5020755663155683,1.9372004348362308,71.40236468542913,0.08290209534263351,0.11385753041237645,0.9984485396759281,0.0499981630127877
3.5266914821099005,3.5020755663155683,1.9372004348362308,71.45227836280974,0.09257892143503917,0.11761720794732383,0.9982822907255289,0.049999562092125416
3.5266914821099005,3.5020755663155683,1.9372004348362308,71.50225186889789,0.10182570161658239,0.12091879502582031,0.9982227257094191,0.050062480848282576
3.5266914821099005,3.5020755663155683,1.9372004348362308,71.55209532849999,0.11117376238072267,0.1244363218665071,0.9980630928024179,0.04994018911384046
3.5202924971124174,3.520736126003052,1.9571081269405868,71.60196957491638,0.08203133078962101,0.11854493789803625,0.998392748777969,0.04995453590527177
3.5202924971124174,3.520736126003052,1.9571081269405868,71.65202211217425,0.09150752046649366,0.1227039739862265,0.9982262421496816,0.05014147609472275
3.5202924971124174,3.520736126003052,1.9571081269405868,71.70185558978238,0.10083656678197998,0.12629327257953482,0.9981304767847936,0.04992681695148349
3.5202924971124174,3.520736126003052,1.9571081269405868,71.751848431227,0.11009377231372527,0.12988389782356768,0.9979669406899796,0.050094686914235353
3.5130201105291285,3.540111738391854,1.9788959653695268,71.80172318945127,0.07838870101518554,0.12268803977118042,0.9984310737018136,0.04995313100516796
3.5130201105291285,3.540111738391854,1.9788959653695268,71.85159862874752,0.08735060585352379,0.12662863633366928,0.9982730612330969,0.04996172012761235
3.5130201105291285,3.540111738391854,1.9788959653695268,71.90155051367782,0.09613201488792772,0.12992133548967028,0.9981232007083598,0.05004581087268889
3.5130201105291285,3.540111738391854,1.9788959653695268,71.95142373649534,0.10489894066795966,0.13328586828948757,0.9979713822718045,0.049974602181464434
3.506042736226066,3.5577678517703655,2.00086468660194,72.00158229264699,0.0768213369187343,0.12698499957823786,0.998349834381404,0.050241462886333466
3.506042736226066,3.5577678517703655,2.00086468660194,72.05119145208393,0.08577186097174619,0.13066672123123776,0.998188671249925,0.04969918099232018
3.506042736226066,3.5577678517703655,2.00086468660194,72.1011377999965,0.0924146483945712,0.13359498126957367,0.9981732947229351,0.05003775213845074
3.506042736226066,3.5577678517703655,2.00086468660194,72.15105131982328,0.09997583556075182,0.13670869873505478,0.9980462970692031,0.050011226907372475
3.4981302132399588,3.5765324548906414,2.0236605325915793,72.20088543599176,0.06785925140331472,0.13067471884165688,0.998352705918633,0.04991634306497872
3.4981302132399588,3.5765324548906414,2.0236605325915793,72.25088977044886,0.07549703895214134,0.1338486782309416,0.9982190213090616,0.05009355000220239
3.4981302132399588,3.5765324548906414,2.0236605325915793,72.30078200452549,0.08299978447875866,0.13697742884241468,0.998158362681247,0.04998428700491786
3.4981302132399588,3.5765324548906414,2.0236605325915793,72.3506616081354,0.09046606645155288,0.14008558422515907,0.9980303109932206,0.0499780448153615
3.490552614009977,3.593166189056726,2.0492627067416462,72.40092728028557,0.05757185132004534,0.13228329802716254,0.9984236203868087,0.05034503503702581
3.490552614009977,3.593166189056726,2.0492627067416462,72.45051555088047,0.06232770241694191,0.13519198617892256,0.9983445025226197,0.04967049998231232
3.490552614009977,3.593166189056726,2.0492627067416462,72.50041503419288,0.06682497537002564,0.13803651898554536,0.9983727225796999,0.04998081596568227
3.490552614009977,3.593166189056726,2.0492627067416462,72.55033768436088,0.07132220209966984,0.1409324943171872,0.9983037740555855,0.05000747414305806
3.483873115706371,3.605719104882877,2.0772899240691456,72.60034900905572,0.04932626109488833,0.1305475570253482,0.9985968449075556,0.05008159694261849
3.483873115706371,3.605719104882877,2.0772899240691456,72.6501915551665,0.05404174903013255,0.13345022294516237,0.9985197476090317,0.04991643503308296
3.483873115706371,3.605719104882877,2.0772899240691456,72.7001508315533,0.058497311215655184,0.13625667539251285,0.9984515256764714,0.050036757020279765
3.483873115706371,3.605719104882877,2.0772899240691456,72.75000518262698,0.06293720864506132,0.13911397603442371,0.9983819236227618,0.04993514996021986
3.483873115706371,3.605719104882877,2.0772899240691456,72.79998902023343,0.06733583485139634,0.14200689801954694,0.998328966614332,0.050067502073943615
3.4781158133024372,3.6148941165833057,2.102105138280514,72.8499320112127,0.0521751883717851,0.1318601503732102,0.9985192082571798,0.05001705582253635
3.4781158133024372,3.6148941165833057,2.102105138280514,72.89979521687577,0.05675119907185904,0.13473625544264461,0.9985103138382514,0.04993759701028466
3.4781158133024372,3.6148941165833057,2.102105138280514,72.94977127673825,0.061123660880428275,0.137573085460554,0.9984433760434013,0.05005397507920861
3.472330176431402,3.6231677417465322,2.127161142103689,72.99973010671393,0.04754143191115191,0.12690277239805134,0.9986335424108858,0.05002719000913203
3.472330176431402,3.6231677417465322,2.127161142103689,73.04962012586356,0.05199539630991167,0.12975536719080383,0.9985571476722621,0.049962107092142105
3.472330176431402,3.6231677417465322,2.127161142103689,73.09954692840498,0.05635215059712973,0.13248141579697723,0.9985018239246056,0.050001713912934065
3.472330176431402,3.6231677417465322,2.127161142103689,73.14944023966969,0.06068461631834537,0.1352479838038336,0.9984361532627115,0.049971458967775106
3.472330176431402,3.6231677417465322,2.127161142103689,73.19973866249035,0.06497304817724106,0.13818790120501517,0.998433002234078,0.050377364037558436
3.472330176431402,3.6231677417465322,2.127161142103689,73.2492947226914,0.06927709011998126,0.141115389601885,0.998364699812951,0.04963723197579384
3.4642572557841316,3.632897361641233,2.165203942484617,73.29922715589245,0.05231675225820786,0.12136572530303719,0.9986937267271424,0.04999774391762912
3.4642572557841316,3.632897361641233,2.165203942484617,73.3491748871124,0.05637477778128921,0.12477751426932096,0.9986026151104339,0.05001762509346008
3.4642572557841316,3.632897361641233,2.165203942484617,73.39908864502833,0.060684726841048905,0.12744771741445082,0.9985471223122396,0.04998638201504946
3.4642572557841316,3.632897361641233,2.165203942484617,73.44901498776126,0.0649658211787453,0.13015478460523244,0.9984834594697932,0.05000217305496335
3.4642572557841316,3.632897361641233,2.165203942484617,73.49904737019767,0.06920538747700809,0.1330535748075562,0.9984819831678639,0.05010844790376723
3.4642572557841316,3.632897361641233,2.165203942484617,73.54878567297033,0.0734385579602811,0.1359190937572006,0.9984158256525772,0.049817221937701106
3.4642572557841316,3.632897361641233,2.165203942484617,73.59911377180376,0.07761668892604395,0.13879822686540905,0.9983495894346143,0.05041129817254841
3.452468055400162,3.64874215888672,2.2025354056262905,73.6486892983605,0.04537221283496602,0.12229445960233301,0.9987015430048819,0.049639981938526034
3.452468055400162,3.64874215888672,2.2025354056262905,73.69862678756579,0.04904372519941369,0.12616898840755394,0.9986146913186805,0.05000676400959492
3.452468055400162,3.64874215888672,2.2025354056262905,73.74859094326021,0.05325616194482412,0.12879311645815703,0.998553194077108,0.05003654886968434
3.445293889353552,3.6575691268907398,2.229678348979097,73.79850362763094,0.03666758197730409,0.11850335840925534,0.9988210351055707,0.049971599131822586
3.445293889353552,3.6575691268907398,2.229678348979097,73.8484397594995,0.040550350806980696,0.12159447731650402,0.9987411743346647,0.049999071983620524
3.445293889353552,3.6575691268907398,2.229678348979097,73.89849801541948,0.044760955189387594,0.12416658558472239,0.9986772133832957,0.05012456001713872
3.445293889353552,3.6575691268907398,2.229678348979097,73.94830080101065,0.04895862642214569,0.1267764081312155,0.9986122008443237,0.04987199790775776
3.445293889353552,3.6575691268907398,2.229678348979097,73.99858644984175,0.053111124102317116,0.12940700066532237,0.9985546952497114,0.05035843211226165
3.445293889353552,3.6575691268907398,2.229678348979097,74.04818084687324,0.05727920512115951,0.13209727103845373,0.9984896969747352,0.0496694128960371
3.445293889353552,3.6575691268907398,2.229678348979097,74.09810537495248,0.061343193120017875,0.13496263331580047,0.9984865248322525,0.05000020214356482
3.437317534515464,3.6679693512311635,2.2661156754333067,74.14799446765782,0.041447963934185275,0.1218138829624935,0.9987337897591544,0.04995234287343919
3.437317534515464,3.6679693512311635,2.2661156754333067,74.19795637214082,0.04515354530854967,0.12493708642750996,0.9986534987946355,0.05002926895394921
3.437317534515464,3.6679693512311635,2.2661156754333067,74.24781126868399,0.04928839361080384,0.12752989347966695,0.998590223366203,0.04992528003640473
3.437317534515464,3.6679693512311635,2.2661156754333067,74.29806263372836,0.05339676902448829,0.13014655780182888,0.998532405160947,0.05032522208057344
3.437317534515464,3.6679693512311635,2.2661156754333067,74.34765960744815,0.05751575751506158,0.13281622158432968,0.9984676136941081,0.04967309208586812
3.437317534515464,3.6679693512311635,2.2661156754333067,74.39775645259243,0.06153261945716492,0.1356740125455983,0.9984635103818666,0.05017393687739968
3.428082769237878,3.6777712412037413,2.301596298332687,74.4475770381664,0.04139810050407734,0.1208066126180393,0.998737412147092,0.04988356796093285
3.428082769237878,3.6777712412037413,2.301596298332687,74.49756987469803,0.04503070438310897,0.12383319279434755,0.9986551256847715,0.05006016115657985
3.428082769237878,3.6777712412037413,2.301596298332687,74.54741258756253,0.04913662596394253,0.12640340789529844,0.9985916470042961,0.04991300799883902
3.428082769237878,3.6777712412037413,2.301596298332687,74.59747190391128,0.053216126659944754,0.12899004981285805,0.9985340830812217,0.05013280687853694
3.428082769237878,3.6777712412037413,2.301596298332687,74.64731402037509,0.05729404907630685,0.13161841734928562,0.998469974658487,0.04991849302314222
3.428082769237878,3.6777712412037413,2.301596298332687,74.6973167014553,0.061303687849653614,0.13447103357496107,0.9984647826027975,0.05007956409826875
3.418950485241233,3.686775796637149,2.3380051636159447,74.74713633923227,0.04242114228232555,0.119151786700099,0.9987355106369507,0.04988271393813193
3.418950485241233,3.686775796637149,2.3380051636159447,74.79710759245728,0.04599895088909926,0.12207172652431045,0.9986556208760726,0.050038523972034454
3.418950485241233,3.686775796637149,2.3380051636159447,74.84702049866071,0.050089973936018974,0.1246151657995471,0.998592271629497,0.049983269069343805
3.418950485241233,3.686775796637149,2.3380051636159447,74.89707487793444,0.054164754706481806,0.1271743495029075,0.9985348914468333,0.05012782197445631
3.418950485241233,3.686775796637149,2.3380051636159447,74.94683330572485,0.05823462880198065,0.12976995604477654,0.9984712392689913,0.04983461298979819
3.418950485241233,3.686775796637149,2.3380051636159447,74.99706956943824,0.06222816512694049,0.13259890508744077,0.9984666645991987,0.050313411047682166
3.4093946103918897,3.697463682169537,2.3752828630239797,75.04673750521077,0.03941591406616225,0.12023423856379752,0.9986931390961556,0.04973292979411781
3.4093946103918897,3.697463682169537,2.3752828630239797,75.09686459053049,0.04302122160776229,0.12289135484202522,0.9986254132114096,0.050196084193885326
3.4093946103918897,3.697463682169537,2.3752828630239797,75.14658749909586,0.04711167482010293,0.12542351503966714,0.9985621455738513,0.049794505815953016
3.4093946103918897,3.697463682169537,2.3752828630239797,75.19658497288661,0.05116138964443394,0.12795178195484924,0.9985056735085237,0.05007229815237224
3.4093946103918897,3.697463682169537,2.3752828630239797,75.24637369487323,0.05522042933947019,0.130520165078387,0.9984421803886756,0.049866404850035906
3.4093946103918897,3.697463682169537,2.3752828630239797,75.29637697234674,0.05920902387601917,0.13333436695140954,0.9984361580629805,0.05008159717544913
3.395103455057465,3.710859488345231,2.4124396394045107,75.346329910426,0.026125216241469747,0.11963999542696435,0.9987262090363541,0.05001664883457124
3.395103455057465,3.710859488345231,2.4124396394045107,75.39619152243694,0.02975710139314687,0.12198530717367502,0.9986534630344299,0.049928843043744564
3.395103455057465,3.710859488345231,2.4124396394045107,75.44615508120917,0.03382697229901791,0.12444571284316876,0.9985919315282832,0.05003401008434594
3.395103455057465,3.710859488345231,2.4124396394045107,75.4960514876076,0.03790363833901268,0.12691999583768337,0.998534896794212,0.04996961704455316
3.395103455057465,3.710859488345231,2.4124396394045107,75.54601017701268,0.04196467771636954,0.12941970272883407,0.998472122108587,0.05003513698466122
3.395103455057465,3.710859488345231,2.4124396394045107,75.59588588714257,0.045976235051240925,0.13218122298952048,0.9984643424567512,0.04995241994038224
3.395103455057465,3.710859488345231,2.4124396394045107,75.64585270046548,0.04998593191599135,0.134922878571351,0.9983979920782854,0.05004698899574578
3.395103455057465,3.710859488345231,2.4124396394045107,75.69570894414286,0.053992815987658684,0.1376639239538195,0.9983309353032156,0.049939596094191074
3.382710633965933,3.7215255982313167,2.4580397576154693,75.74574280678189,0.027972329527556572,0.11948752976818658,0.9986326133155816,0.05010237195529044
3.382710633965933,3.7215255982313167,2.4580397576154693,75.79564879532514,0.03187847449418705,0.12154133898818892,0.9985841348557967,0.04997674887999892
3.382710633965933,3.7215255982313167,2.4580397576154693,75.84553805579446,0.03598928392424967,0.12398017045571326,0.9985251735537983,0.04996294714510441
3.382710633965933,3.7215255982313167,2.4580397576154693,75.89541480234755,0.04005224265221775,0.12663301539269406,0.9984154765228972,0.04995590285398066
3.382710633965933,3.7215255982313167,2.4580397576154693,75.94538972830833,0.0441236154139001,0.12929169100695367,0.9983520898808605,0.05005741608329117
3.382710633965933,3.7215255982313167,2.4580397576154693,75.9954052162652,0.04819712700839704,0.1319471467339152,0.9982893817621872,0.0501011919695884
3.382710633965933,3.7215255982313167,2.4580397576154693,76.04535540135004,0.05227000593878516,0.1346306745917515,0.9982273180389559,0.05003888811916113
3.382710633965933,3.7215255982313167,2.4580397576154693,76.09513911750166,0.0563319648814578,0.13733659878189688,0.9981734700246649,0.04987481399439275
3.37003266944534,3.731499885670856,2.5095437545422126,76.14505587842972,0.031124320985684358,0.11550083153223045,0.998498972709604,0.04999179998412728
3.37003266944534,3.731499885670856,2.5095437545422126,76.1949962003651,0.035293870323844116,0.11758260691421084,0.9985159336866741,0.050014546839520335
3.37003266944534,3.731499885670856,2.5095437545422126,76.24501708141216,0.03946048999942152,0.12016641438866489,0.9984598195102837,0.05009804107248783
3.37003266944534,3.731499885670856,2.5095437545422126,76.29486743644863,0.04364249038342768,0.12269016614916664,0.9984016276007633,0.04993016202934086
3.37003266944534,3.731499885670856,2.5095437545422126,76.34479595157296,0.04781115413414409,0.12523652802691915,0.9983443973953721,0.0500113139860332
3.37003266944534,3.731499885670856,2.5095437545422126,76.39492915861013,0.051984497089727265,0.12780964348818677,0.9982947042705771,0.050218845019117
3.358921679995593,3.7394567208308254,2.54670012626983,76.44457175382014,0.030766394076879092,0.11268392529730112,0.9985191411959405,0.049716217909008265
3.358921679995593,3.7394567208308254,2.54670012626983,76.49448937161137,0.03516259197160976,0.11429534980276594,0.9985542620111495,0.04998989007435739
3.358921679995593,3.7394567208308254,2.54670012626983,76.5456529513621,0.03942155503866517,0.11686323365772883,0.9984988602868036,0.05124049889855087
3.358921679995593,3.7394567208308254,2.54670012626983,76.59438598434326,0.04378386866784715,0.11942122974973084,0.9984403745219853,0.04880915698595345
3.358921679995593,3.7394567208308254,2.54670012626983,76.64432436750226,0.04793907710410802,0.12192470548860725,0.9983890897509351,0.05001895921304822
3.358921679995593,3.7394567208308254,2.54670012626983,76.69423399444219,0.05220038268795864,0.12447602684185662,0.9983402375622852,0.0499926027841866
3.358921679995593,3.7394567208308254,2.54670012626983,76.7441719128805,0.05645981063124935,0.1270633153453504,0.9982871959354933,0.050023599062114954
3.3451389174402086,3.748761519899903,2.580852984607999,76.79412054075833,0.029084873125754772,0.11343918871123762,0.9985772193362956,0.05001979507505894
3.3451389174402086,3.748761519899903,2.580852984607999,76.8441903686276,0.0337610633314467,0.11443611966643391,0.9985564635527542,0.050142209976911545
3.3451389174402086,3.748761519899903,2.580852984607999,76.89391809933245,0.03814427021075265,0.11701767879213805,0.9985016936820998,0.049802349880337715
3.3451389174402086,3.748761519899903,2.580852984607999,76.9438692486577,0.04248650486458015,0.11955762987111744,0.9984480796750004,0.05002879002131522
3.3451389174402086,3.748761519899903,2.580852984607999,76.9940792201319,0.04685344032819494,0.12213387416211695,0.9984010153409416,0.05029038502834737
3.3451389174402086,3.748761519899903,2.580852984607999,77.04378483872172,0.05124609854734953,0.12474822741652034,0.998348221452934,0.049787857104092836
3.333017692073526,3.7556763009055434,2.6159586604526393,77.09359729282917,0.02972317350726288,0.10857621119923783,0.9986399247832044,0.04988029506057501
3.333017692073526,3.7556763009055434,2.6159586604526393,77.14367110697553,0.034817006928179246,0.10973134348591235,0.9986283350567937,0.050142592983320355
3.333017692073526,3.7556763009055434,2.6159586604526393,77.19347023871661,0.03936934126163583,0.11232077942640453,0.9985726931083498,0.04987031198106706
3.333017692073526,3.7556763009055434,2.6159586604526393,77.24344925387581,0.0438889915315722,0.11486921602219055,0.9985187397217825,0.05005315691232681
3.333017692073526,3.7556763009055434,2.6159586604526393,77.2933609023244,0.048431743049947816,0.11745452911898316,0.9984712825179134,0.049988066079095006
3.333017692073526,3.7556763009055434,2.6159586604526393,77.34340380877534,0.05300526386853704,0.12011343465815434,0.9991508210658739,0.05008543794974685
3.3192695308492857,3.761266096196975,2.647391010131202,77.393286042971,0.03071703303951826,0.10165871758691078,0.9994057773516433,0.04991189297288656
3.3192695308492857,3.761266096196975,2.647391010131202,77.44330594136538,0.03616329982778679,0.10278559916598758,0.999296424465192,0.050055115949362516
3.3192695308492857,3.761266096196975,2.647391010131202,77.49317945688625,0.04099967125243932,0.1053406789107504,0.9991513018812993,0.04991587903350592
3.3192695308492857,3.761266096196975,2.647391010131202,77.54352801402823,0.0457975039229235,0.10785626588804219,0.9986699988095962,0.05041560996323824
3.3192695308492857,3.761266096196975,2.647391010131202,77.59297235920262,0.05052438247284364,0.11028615991858473,0.995777984441062,0.04965398507192731
3.3192695308492857,3.761266096196975,2.647391010131202,77.64258612383291,0.05516557210626596,0.11267205965065231,0.9929304088036887,0.04996701097115874
3.308080685129767,3.766235194457046,2.677757318323471,77.69203059482295,0.03784858208565252,0.09582909704315046,0.9903863871951972,0.04992442508228123
3.308080685129767,3.766235194457046,2.677757318323471,77.74151781167377,0.04365578637329273,0.09696731045040313,0.9875717399037015,0.05010999692603946
3.308080685129767,3.766235194457046,2.677757318323471,77.79069872056267,0.04884088975517322,0.09931327101230733,0.9847138886140712,0.04994436400011182
3.308080685129767,3.766235194457046,2.677757318323471,77.8397998997821,0.053986738021850895,0.10163956356174059,0.9818748677340333,0.050007573096081614
3.308080685129767,3.766235194457046,2.677757318323471,77.88872901416995,0.05913007854123892,0.10400204543650339,0.9790406956535737,0.04997658892534673
3.308080685129767,3.766235194457046,2.677757318323471,77.93751769750855,0.06426027138365181,0.1063960294574412,0.9762165783561181,0.049977314891293645
3.2950742485538242,3.771505172215012,2.7062595615396514,77.9861775461062,0.044581963497522095,0.08891802293140048,0.9737512857369459,0.049971537198871374
3.2950742485538242,3.771505172215012,2.7062595615396514,78.03477052424607,0.05153685392081657,0.08987247860062123,0.9709672283033123,0.050045950803905725
3.2950742485538242,3.771505172215012,2.7062595615396514,78.08322376806979,0.057826910868367595,0.09214572961259625,0.9681479209302195,0.05004735616967082
3.2950742485538242,3.771505172215012,2.7062595615396514,78.13137461924981,0.06409091878465135,0.09441092332796083,0.9653379871006941,0.04987978492863476
3.2950742485538242,3.771505172215012,2.7062595615396514,78.17950100564735,0.07031930900023231,0.09671076126778544,0.9625456334529792,0.04999906988814473
3.2950742485538242,3.771505172215012,2.7062595615396514,78.22751253101522,0.07654824965624096,0.09904747231796761,0.9597549827952621,0.0500247732270509
3.280095353601343,3.7779105925323857,2.7303471559370154,78.2754307096783,0.05486132394117409,0.08478774695456587,0.9573598771024934,0.05005242000333965
3.280095353601343,3.7779105925323857,2.7303471559370154,78.32315144463331,0.06450073432178349,0.08530694175809947,0.95458251487272,0.049991209991276264
3.280095353601343,3.7779105925323857,2.7303471559370154,78.3709337962983,0.07349599207866711,0.08743547922840961,0.9517804254633103,0.05020312499254942
3.280095353601343,3.7779105925323857,2.7303471559370154,78.41823674549084,0.08248688880523063,0.08956053481716561,0.9489759473385883,0.04984630993567407
3.267359715227115,3.7830214217010374,2.746836833357018,78.46551528390316,0.06472094344698756,0.08004159599951587,0.9465243907874318,0.04994962504133582
3.267359715227115,3.7830214217010374,2.746836833357018,78.51271171984472,0.07414648352463821,0.08049606420526019,0.9437772817463846,0.050008022924885154
3.267359715227115,3.7830214217010374,2.746836833357018,78.5596720202896,0.08309652971483619,0.08245854933876592,0.9410086788810178,0.04990421608090401
3.267359715227115,3.7830214217010374,2.746836833357018,78.60662953679012,0.09198308823197678,0.08441769383311441,0.9382572805372614,0.05004759086295962
3.253464495306901,3.7878394162051814,2.759925368559605,78.65341132722959,0.07221767699092871,0.07557247233848836,0.9358432289625909,0.049988918006420135
3.253464495306901,3.7878394162051814,2.759925368559605,78.70004272296775,0.081536356057885,0.07579464075742151,0.9331202488323666,0.04997361893765628
3.253464495306901,3.7878394162051814,2.759925368559605,78.74671730138787,0.09041771604540527,0.0776121497274061,0.9303867728319345,0.05016685510054231
3.253464495306901,3.7878394162051814,2.759925368559605,78.7930119901642,0.09928742581965348,0.0794356723633849,0.9276515094703157,0.04990525892935693
3.236123784775553,3.7949512810567287,2.7739804061012867,78.8392674500609,0.07106230035191954,0.07271049726337152,0.9253319032123266,0.04998796619474888
3.236123784775553,3.7949512810567287,2.7739804061012867,78.8853778916947,0.08025770660014396,0.07240550613444488,0.922643914903052,0.04997642198577523
3.236123784775553,3.7949512810567287,2.7739804061012867,78.93138419348568,0.08907282821012318,0.07410438604449443,0.9199422336028862,0.05000998987816274
3.236123784775553,3.7949512810567287,2.7739804061012867,78.97720879479303,0.09784643227971933,0.07579699800274693,0.917247856094939,0.04995879903435707
3.221999309967092,3.8004592404771116,2.787369022948184,79.02301826219625,0.0767152002308884,0.06895397730407622,0.9148869685366245,0.05007117707282305
3.221999309967092,3.8004592404771116,2.787369022948184,79.06858003539455,0.08589833196255779,0.06884368319898074,0.9122276770341451,0.049945615930482745
3.221999309967092,3.8004592404771116,2.787369022948184,79.11410904206873,0.0946336928311332,0.07041714710935641,0.9095596264953366,0.05005609896034002
3.221999309967092,3.8004592404771116,2.787369022948184,79.1594606880041,0.10334446590768154,0.07198348296022508,0.9068945789624564,0.05000762711279094
3.2045082070720166,3.805965335563824,2.7998588796335904,79.20467664717859,0.07598277815724169,0.06295759356070306,0.9046344317175218,0.04998257593251765
3.2045082070720166,3.805965335563824,2.7998588796335904,79.24979769844593,0.08510082250164762,0.06250709367225346,0.9020058844256383,0.0500230120960623
3.2045082070720166,3.805965335563824,2.7998588796335904,79.29477888579527,0.09377831862206581,0.06392320926578704,0.89936458897149,0.050014407839626074
3.2045082070720166,3.805965335563824,2.7998588796335904,79.33955843307027,0.10241057507062955,0.06533275219216804,0.8967323777972199,0.04993635602295399
3.186781250354147,3.813153559113792,2.8130064033161086,79.38429784881805,0.0730190363326146,0.06061165249220885,0.8944946344070316,0.05001641600392759
3.186781250354147,3.813153559113792,2.8130064033161086,79.42888743927372,0.08197082479439227,0.05994142386673259,0.8918995846294437,0.04999395809136331
3.186781250354147,3.813153559113792,2.8130064033161086,79.47339914037022,0.09056328186755133,0.0612593807269185,0.8892900951115893,0.05005307192914188
3.186781250354147,3.813153559113792,2.8130064033161086,79.51768986813859,0.0991232572018007,0.06256423824174183,0.8866878878593599,0.049950753105804324
3.1687738195128166,3.8192550227191973,2.8232903683071093,79.56191279849129,0.06990913253631084,0.0573722388955199,0.884481942727872,0.049998680828139186
3.1687738195128166,3.8192550227191973,2.8232903683071093,79.60603262209895,0.07875877130783883,0.056507897474143934,0.8819122475137631,0.050027453107759356
3.1687738195128166,3.8192550227191973,2.8232903683071093,79.64997471912115,0.08727242663679866,0.057724998701143226,0.8793309004648302,0.04997219704091549
3.1687738195128166,3.8192550227191973,2.8232903683071093,79.69381435423861,0.0957331660850303,0.05892999297464838,0.8767608439449672,0.05000181682407856
3.149857258786921,3.8255150759085566,2.8331875793394485,79.73753800411377,0.06457962020152963,0.054158283931956375,0.8745964022644466,0.04999294504523277
3.149857258786921,3.8255150759085566,2.8331875793394485,79.78116895975012,0.0733249964532378,0.05310980817358612,0.8720557291679346,0.05003230203874409
3.149857258786921,3.8255150759085566,2.8331875793394485,79.8246260072755,0.08175846533740161,0.05423692457533727,0.8695031840409037,0.04997917008586228
3.149857258786921,3.8255150759085566,2.8331875793394485,79.86795538389943,0.09013745198150735,0.0553509671088936,0.8669620096289123,0.04997840290889144
3.1350118685402677,3.8301430626005324,2.8408758251472763,79.91114759300591,0.06758823490601326,0.05153448627332075,0.8647401031869816,0.04994819709099829
3.1350118685402677,3.8301430626005324,2.8408758251472763,79.95444785938133,0.07617724297560086,0.05082951311540153,0.8622273249499892,0.05021908390335739
3.1350118685402677,3.8301430626005324,2.8408758251472763,79.99726812807081,0.08454290154908115,0.05188384482609712,0.8596946357484293,0.049808695912361145
3.1350118685402677,3.8301430626005324,2.8408758251472763,80.04011571310332,0.09279762194950535,0.05292746530685234,0.8571908888658526,0.04998604813590646
3.1350118685402677,3.8301430626005324,2.8408758251472763,80.08283590087463,0.10105726515404038,0.0539779456024878,0.8546854268645631,0.04998352192342281
3.120653335117228,3.8349065793899038,2.850821285217083,80.12546178565847,0.07925136142033401,0.04942583226386725,0.8524905181914351,0.05000159400515258
3.120653335117228,3.8349065793899038,2.850821285217083,80.168040125476,0.08778297241086822,0.048774949535300316,0.8500163657765605,0.05009120004251599
3.120653335117228,3.8349065793899038,2.850821285217083,80.2103463657413,0.0959916991945509,0.04974580623800483,0.8475264799376299,0.04991730791516602
3.103928939506412,3.839818477414387,2.857811030915597,80.2526293203609,0.069446069410033,0.04623607441728204,0.8453975773383429,0.050015466986224055
3.103928939506412,3.839818477414387,2.857811030915597,80.29478731156375,0.07782170945915788,0.04525033158577636,0.8429371684081676,0.05001320713199675
3.103928939506412,3.839818477414387,2.857811030915597,80.33691987558589,0.08595832115186487,0.04614728383636825,0.8404735306047963,0.050129554932937026
3.103928939506412,3.839818477414387,2.857811030915597,80.37867770088141,0.09407202818505915,0.04703452124575284,0.8380107544213791,0.04982970096170902
3.0871718549297262,3.845186350439059,2.8666561826208627,80.42055457255034,0.06706798660445132,0.04373070190175468,0.8359156038492646,0.05009700916707516
3.0871718549297262,3.845186350439059,2.8666561826208627,80.46215432745971,0.07540648547164557,0.04272610774587424,0.8334834831964545,0.049910712987184525
3.0871718549297262,3.845186350439059,2.8666561826208627,80.5040990686946,0.08343886507304288,0.04355491891599214,0.8310511007422141,0.05047191586345434
3.0871718549297262,3.845186350439059,2.8666561826208627,80.54513530571047,0.09152243282368025,0.04437101941378397,0.8285992667561075,0.04952482902444899
3.0871718549297262,3.845186350439059,2.8666561826208627,80.58650045157535,0.09943043489023928,0.04519019599923677,0.8262007659320565,0.05006669997237623
3.0709059259637272,3.8499965753132392,2.8751704136789398,80.62771277116158,0.07363902412235938,0.0412218346830027,0.8241167071949528,0.050007868092507124
3.0709059259637272,3.8499965753132392,2.8751704136789398,80.66876983084964,0.08186533343533053,0.040251081290097725,0.821722364629099,0.04996463702991605
3.0709059259637272,3.8499965753132392,2.8751704136789398,80.70973691802729,0.0897966783020458,0.041000801548161506,0.8193218042178881,0.050001216819509864
3.0709059259637272,3.8499965753132392,2.8751704136789398,80.7507971620372,0.09769687796075105,0.04173567992103728,0.8169274300595157,0.05026180110871792
3.053099472084611,3.8545728030288613,2.8823748973025185,80.79133954154523,0.06903141599782733,0.037247693244114116,0.8148884575586309,0.049752060091122985
3.053099472084611,3.8545728030288613,2.8823748973025185,80.83198776246915,0.07710142954989346,0.03615370949597208,0.8125298291918739,0.05002674297429621
3.053099472084611,3.8545728030288613,2.8823748973025185,80.87248528040318,0.08495771423567519,0.03681792828272732,0.8101532882512342,0.04998747585341334
3.053099472084611,3.8545728030288613,2.8823748973025185,80.91283375390262,0.09277151836219176,0.03747181215496317,0.8077863195148127,0.04994943900965154
3.0364221887965015,3.85822707094387,2.8899285106235726,80.95311385059185,0.06667188922639845,0.03126484779383079,0.8057637473856133,0.04998995899222791
3.0364221887965015,3.85822707094387,2.8899285106235726,80.99333700959033,0.07470817739367047,0.030439346424348375,0.803419055722706,0.050064980052411556
3.0364221887965015,3.85822707094387,2.8899285106235726,81.03333313041865,0.08248176008486041,0.030994865783588486,0.8010677032962072,0.049928514985367656
3.0364221887965015,3.85822707094387,2.8899285106235726,81.07339029468827,0.09020329417335977,0.03154053890860155,0.798731754712816,0.0501509599853307
3.0223249847381375,3.8626577847976473,2.8926745086559276,81.11355238062917,0.06839755732312625,0.032859606741768035,0.7966763243440738,0.0504120490513742
3.0223249847381375,3.8626577847976473,2.8926745086559276,81.15287088151456,0.07617215263351514,0.03203870692099729,0.7943339458374257,0.049498704029247165
3.0223249847381375,3.8626577847976473,2.8926745086559276,81.1924881166045,0.08377326415915948,0.03260662191540777,0.7920356038165153,0.05001951288431883
3.0223249847381375,3.8626577847976473,2.8926745086559276,81.23196660213362,0.09142120333100943,0.033161819895790846,0.789720101647922,0.04999047820456326
3.006890536997857,3.8676030915201394,2.8950664377676585,81.27136118086142,0.06663225906679127,0.03541974043886662,0.7877255394552325,0.05001053889282048
3.006890536997857,3.8676030915201394,2.8950664377676585,81.31061032225067,0.07422608691380572,0.03430746398783359,0.7854282587888509,0.04997164406813681
3.006890536997857,3.8676030915201394,2.8950664377676585,81.34978506607315,0.08181763491255038,0.03490355268469401,0.7831336177165729,0.05002306494861841
3.006890536997857,3.8676030915201394,2.8950664377676585,81.38877403014068,0.08937965510342556,0.03548895384677236,0.7808444332621958,0.04993179487064481
2.9902818504780573,3.8718499191471913,2.9007635120245348,81.42781908077056,0.06271752658998583,0.03288899595783885,0.7788996145264483,0.050128475995734334
2.9902818504780573,3.8718499191471913,2.9007635120245348,81.46660821668593,0.07043379292238236,0.0317615836923619,0.7766269238070651,0.04994564922526479
2.9902818504780573,3.8718499191471913,2.9007635120245348,81.50531122019942,0.07793640467361605,0.03230924610449831,0.7743591745929308,0.049980686977505684
2.9902818504780573,3.8718499191471913,2.9007635120245348,81.54390669039597,0.08540962043544277,0.03284285694756393,0.7720971024355773,0.049987844889983535
2.9763556921063015,3.8749446941824437,2.9057701433992147,81.58243861951135,0.06445701259642753,0.029484567467163048,0.7701188917224161,0.05003374093212187
2.9763556921063015,3.8749446941824437,2.9057701433992147,81.62083723779325,0.07207074766466247,0.028669712219063097,0.7678740012128662,0.0500064049847424
2.9763556921063015,3.8749446941824437,2.9057701433992147,81.65910885277397,0.07949638142568696,0.029150631818126615,0.7656293247246402,0.049987133126705885
2.9763556921063015,3.8749446941824437,2.9057701433992147,81.69729653034695,0.08688839614550412,0.029621237504148,0.7633925441979073,0.050023644929751754
2.961864770479572,3.8783617648424333,2.9092290885236203,81.73546129519644,0.06455299631654657,0.02795235133500956,0.7614494648995364,0.05012120516039431
2.961864770479572,3.8783617648424333,2.9092290885236203,81.77333617389094,0.07202430661058694,0.027091000481849387,0.759225481008362,0.04988620593212545
2.961864770479572,3.8783617648424333,2.9092290885236203,81.81116663234326,0.07934959058943174,0.02753903344247023,0.7570115067171294,0.049973425921052694
2.961864770479572,3.8783617648424333,2.9092290885236203,81.84890306714662,0.08665742449940049,0.02797698426088939,0.7548005979179557,0.0499952370300889
2.945490811593162,3.882641636183405,2.914323364543703,81.88654133262696,0.06015570219436937,0.02653438371609889,0.7529240850626243,0.04998945607803762
2.945490811593162,3.882641636183405,2.914323364543703,81.92407751526144,0.06755104708411203,0.025545764631685373,0.7507322133743326,0.04999942984431982
2.945490811593162,3.882641636183405,2.914323364543703,81.96145707058466,0.07481179126018309,0.025961035585988168,0.7485379446357693,0.049936754163354635
2.945490811593162,3.882641636183405,2.914323364543703,81.99882515595226,0.08203388593416186,0.02636518357154481,0.74635332437457,0.05006755399517715
2.9310612043546564,3.885171639694915,2.9194916501164134,82.03605202493313,0.06014145959416454,0.021394236905117714,0.7444519335642591,0.05000573885627091
2.9310612043546564,3.885171639694915,2.9194916501164134,82.07334826778744,0.06750106994556121,0.02071841831223308,0.7422817375386689,0.05024540005251765
2.9310612043546564,3.885171639694915,2.9194916501164134,82.11025068922535,0.07471352135023453,0.021046481566048356,0.7401017668822324,0.04986128001473844
2.9310612043546564,3.885171639694915,2.9194916501164134,82.14711207219122,0.08184510079474876,0.021367758022949396,0.7379451942361298,0.04995138291269541
2.9187920573509336,3.8876659183162006,2.92323418674914,82.18387148203615,0.06400502927388346,0.018657749398548112,0.7360328976473687,0.04994261800311506
2.9187920573509336,3.8876659183162006,2.92323418674914,82.22206905676907,0.0712046166719746,0.018175930038417453,0.7338883022393081,0.05204821308143437
2.9187920573509336,3.8876659183162006,2.92323418674914,82.25719072895065,0.07859021876504858,0.01845329577050189,0.7316554385531355,0.04800302209332585
2.9187920573509336,3.8876659183162006,2.92323418674914,82.2936595326993,0.08537845299645362,0.018730606248873988,0.729603477885828,0.049984415993094444
2.9187920573509336,3.8876659183162006,2.92323418674914,82.33003785502103,0.09242758368147083,0.018989896957127644,0.7274718618387093,0.05000650091096759
2.905626809248282,3.891089824718566,2.9265481412277334,82.36632289442603,0.07228752967629097,0.018680484533304804,0.725612104954667,0.05000611091963947
2.905626809248282,3.891089824718566,2.9265481412277334,82.4027187080336,0.0793573450296137,0.018142095383332134,0.7234954833252857,0.05030551599338651
2.905626809248282,3.891089824718566,2.9265481412277334,82.43855821070555,0.08639587100068688,0.01840247887246341,0.7213682144699958,0.04968267516233027
2.905626809248282,3.891089824718566,2.9265481412277334,82.47452877884933,0.09332399709599833,0.01865747054049845,0.7192737964860381,0.05000956286676228
2.8882289120192435,3.8940232282137357,2.9290749169926005,82.51041053781834,0.06512466888065352,0.014969179031973605,0.7175100152783768,0.050008722115308046
2.8882289120192435,3.8940232282137357,2.9290749169926005,82.54621109117124,0.07212746130979578,0.01435032816592038,0.7154145976300883,0.05004168697632849
2.8882289120192435,3.8940232282137357,2.9290749169926005,82.58183032982815,0.07905256073930396,0.01455937652315244,0.7133222794035539,0.04993428592570126
2.8882289120192435,3.8940232282137357,2.9290749169926005,82.6173975699367,0.085939628445653,0.014763872626618763,0.7112408452914475,0.050007308134809136
2.871410096927957,3.897222410459686,2.931911277607569,82.65285202679749,0.0586487743171482,0.012071890284858387,0.7094922732994844,0.04997158981859684
2.871410096927957,3.897222410459686,2.931911277607569,82.688433232599,0.0655543264836838,0.011643187556319037,0.7074220687582217,0.0502969971857965
2.871410096927957,3.897222410459686,2.931911277607569,82.72348540062688,0.07243517300068199,0.011813539003566076,0.7053426226096835,0.04969523590989411
2.871410096927957,3.897222410459686,2.931911277607569,82.75869427500695,0.07921295876516139,0.011980849988037797,0.7032943880912441,0.05006278306245804
2.8556658635321694,3.900252519844892,2.931947874883289,82.79373330296632,0.05399790226846754,0.011385825769483871,0.7015458193611955,0.04994545900262892
2.8556658635321694,3.900252519844892,2.931947874883289,82.82919873495413,0.06077852910188845,0.011007994117631986,0.6994980962740972,0.05070125591009855
2.8556658635321694,3.900252519844892,2.931947874883289,82.86358113959675,0.06764025898187806,0.01117706362266198,0.6974253556622266,0.04929904593154788
2.8556658635321694,3.900252519844892,2.931947874883289,82.89847170721438,0.07429172416307221,0.011344427442449678,0.6954164067968827,0.05017219507135451
2.8441742214696695,3.902503722525455,2.9323938417564066,82.93311552001398,0.05764969552521085,0.010797367571557723,0.6936049158710724,0.04994747298769653
2.8441742214696695,3.902503722525455,2.9323938417564066,82.96761726443708,0.06435806259174714,0.010627299972388688,0.6915806394792156,0.04988824506290257
2.8441742214696695,3.902503722525455,2.9323938417564066,83.00211721848817,0.07104102041400659,0.01079176879511565,0.6895643512984702,0.05003152205608785
2.8441742214696695,3.902503722525455,2.9323938417564066,83.03648878708483,0.07772284860836233,0.010955050902957389,0.6875481865392699,0.049991504987701774
2.8318855476491933,3.9056801828516527,2.9322025206794122,83.07073928079475,0.05901196495783369,0.012992847986230974,0.6857866945733111,0.04994336282834411
2.8318855476491933,3.9056801828516527,2.9322025206794122,83.10492736523564,0.06562995770813074,0.012753344838050098,0.6837851838235522,0.04999828198924661
2.8318855476491933,3.9056801828516527,2.9322025206794122,83.13901064714533,0.07225224110229665,0.012952552359017199,0.6817871855034808,0.04999108612537384
2.8318855476491933,3.9056801828516527,2.9322025206794122,83.17300317368166,0.07885349352502935,0.013151122077035643,0.679795373656836,0.050004056887701154
2.8181846415441214,3.9085533327252797,2.9343018389537954,83.20697187230505,0.05747317869229345,0.012055196938235434,0.6780803015987483,0.05009539215825498
2.8181846415441214,3.9085533327252797,2.9343018389537954,83.24075249738176,0.06411373438122273,0.011855411209250911,0.6760960194951912,0.04996424191631377
2.8181846415441214,3.9085533327252797,2.9343018389537954,83.27439149818406,0.0706750851895803,0.012041871367181404,0.674121475573936,0.04990050313062966
2.8181846415441214,3.9085533327252797,2.9343018389537954,83.308071119574,0.07720855107616496,0.012226586766300397,0.6721552403425852,0.050106908893212676
2.8039377058315003,3.911391948992516,2.937399938532019,83.3415562244999,0.05474340629574126,0.010139191847242112,0.6704693829660379,0.04994278005324304
2.8039377058315003,3.911391948992516,2.937399938532019,83.37500070301255,0.06128143036782975,0.010029180365749445,0.6685134372922453,0.05002813204191625
2.8039377058315003,3.911391948992516,2.937399938532019,83.40839471668909,0.06777704437853414,0.010185906915618737,0.6665585679940995,0.05009914399124682
2.8039377058315003,3.911391948992516,2.937399938532019,83.44154549271595,0.07426300613657148,0.010342224419213756,0.6646081094787949,0.049880185863003135
2.7901676148287744,3.9147035539154382,2.9397602046013405,83.47469260197103,0.05240457581967683,0.0104590492686685,0.6629473831427103,0.049999607959762216
2.7901676148287744,3.9147035539154382,2.9397602046013405,83.50775167435269,0.05886442391497404,0.0103401056783225,0.6610109864535434,0.050012893974781036
2.7901676148287744,3.9147035539154382,2.9397602046013405,83.54069440753682,0.06528503734059643,0.010500662026408215,0.6590785120814828,0.049983018077909946
2.7901676148287744,3.9147035539154382,2.9397602046013405,83.57350432862033,0.07168302426376257,0.010660204150164143,0.6571528713420026,0.04992737993597984
2.7790940789914207,3.916742448893713,2.93938428819385,83.60631417407185,0.055561425437381004,0.010521606849263856,0.6554528363572117,0.050056760199368
2.7790940789914207,3.916742448893713,2.93938428819385,83.63898773746313,0.06192954083067884,0.010446126079337585,0.6535348317615012,0.04999513691291213
2.7790940789914207,3.916742448893713,2.93938428819385,83.67158642825595,0.06827515153432583,0.010614238534065379,0.6516249087970014,0.05002677207812667
2.7790940789914207,3.916742448893713,2.93938428819385,83.7040725341271,0.07460608815524303,0.010782748168386026,0.6497193636208677,0.050000211922451854
2.7790940789914207,3.916742448893713,2.93938428819385,83.7364774804102,0.0809151177303435,0.010952449917224138,0.6478204008899205,0.05002149706706405
2.7664996513052764,3.919988847373452,2.939672182022495,83.7687879850937,0.061219044143649676,0.0130152765196811,0.6461804603153626,0.05000229296274483
2.7664996513052764,3.919988847373452,2.939672182022495,83.80101453985792,0.06748688861322792,0.012886954515116586,0.6442919982784524,0.05001855501905084
2.7664996513052764,3.919988847373452,2.939672182022495,83.8331277507811,0.07374540168796126,0.01309311883847849,0.6424080286161651,0.04998880694620311
2.7515944743532295,3.923072181019375,2.9425642775901517,83.8650836814595,0.049577917036937307,0.01176874015276291,0.6408274434628684,0.04986667004413903
2.7515944743532295,3.923072181019375,2.9425642775901517,83.89715796787443,0.05581346484636713,0.011677445251239841,0.6389620834800345,0.05019748001359403
2.7515944743532295,3.923072181019375,2.9425642775901517,83.92891655295453,0.06204186010866454,0.01186936799480423,0.6370869904344514,0.04984968388453126
2.7515944743532295,3.923072181019375,2.9425642775901517,83.96070616969608,0.06820891401497402,0.012061295859849226,0.6352304844968631,0.05004422413185239
2.7392520842845784,3.92519199995291,2.9438720567069945,83.99258406263702,0.04938802663961693,0.010538534051049644,0.6336145358834139,0.050311176804825664
2.7392520842845784,3.92519199995291,2.9438720567069945,84.02398339989216,0.05558970550319496,0.010539017766223256,0.6317514144249224,0.049702045042067766
2.7392520842845784,3.92519199995291,2.9438720567069945,84.05547102566277,0.06168687335640242,0.010716730295047357,0.6299159539608225,0.04998702695593238
2.7392520842845784,3.92519199995291,2.9438720567069945,84.08687886231453,0.06780068866685976,0.010895806857772396,0.628075282384208,0.050006484147161245
2.7392520842845784,3.92519199995291,2.9438720567069945,84.11818061582792,0.07389912427552267,0.011077696734683277,0.6262393112809845,0.0499836930539459
2.728686212913686,3.927563646575832,2.9464278681417024,84.14941716303426,0.05834386798721668,0.010526569303936124,0.6246212856804214,0.05000877799466252
2.728686212913686,3.927563646575832,2.9464278681417024,84.18052583707755,0.06442862464634275,0.010601065980853629,0.6227959155287099,0.04995002900250256
2.728686212913686,3.927563646575832,2.9464278681417024,84.21160936382503,0.07046860275935805,0.010777671827406934,0.6209772755562044,0.050055820029228926
2.728686212913686,3.927563646575832,2.9464278681417024,84.24261775857015,0.07650369056551183,0.010956067631003864,0.6191600900803612,0.05008138483390212
2.7165379189333225,3.9296585872576,2.948050194826928,84.27348878680962,0.057916049146164425,0.009357931390276174,0.6175863748366814,0.04998657596297562
2.7165379189333225,3.9296585872576,2.948050194826928,84.30423239278076,0.0639164855102079,0.009471960605245513,0.6157821212853827,0.049926110077649355
2.7165379189333225,3.9296585872576,2.948050194826928,84.33491755628295,0.06988489470495174,0.009636428660657934,0.6139863171749882,0.04997695004567504
2.7165379189333225,3.9296585872576,2.948050194826928,84.36558500111046,0.07584176077295468,0.0098038372792031,0.6121925146671491,0.05009444593451917
2.7038744075085113,3.9307951406671773,2.950294506760762,84.39607667943278,0.05658970377971077,0.004759578685472457,0.6106427767957022,0.04993374110199511
2.7038744075085113,3.9307951406671773,2.950294506760762,84.42656516043951,0.06248120391135429,0.005098651086045333,0.6088609454546685,0.05007462087087333
2.7038744075085113,3.9307951406671773,2.950294506760762,84.4568902856033,0.06840120118029423,0.005206857793927341,0.6070787895371225,0.049952536122873425
2.7038744075085113,3.9307951406671773,2.950294506760762,84.48740523474935,0.07428631521428458,0.005318616906481063,0.6053063801366882,0.05041240295395255
2.6888123242017548,3.93364725284169,2.9544361086554933,84.51736028935548,0.049588211878531574,0.0027776429187437186,0.6038219041585995,0.049609089037403464
2.6888123242017548,3.93364725284169,2.9544361086554933,84.54742580554,0.05538590706332021,0.0033658477582216326,0.6020701849446557,0.04993689595721662
2.6888123242017548,3.93364725284169,2.9544361086554933,84.57746714601643,0.06122354941342747,0.003446152372532298,0.600312786358679,0.0500428129453212
2.6888123242017548,3.93364725284169,2.9544361086554933,84.60742579084132,0.06705368672983034,0.0035310581665050026,0.598556886325636,0.05005145794712007
2.676276321473043,3.9354040276556397,2.953136984582684,84.63723971235599,0.047606254927960445,0.002667514079470386,0.5970490166750161,0.04993546707555652
2.676276321473043,3.9354040276556397,2.953136984582684,84.66702844296026,0.053383037801654695,0.0031421146972820876,0.5953076649981796,0.05003921897150576
2.676276321473043,3.9354040276556397,2.953136984582684,84.69668436990347,0.059158507040542894,0.00323163223638547,0.5935667889909466,0.049962240969762206
2.676276321473043,3.9354040276556397,2.953136984582684,84.72643941382017,0.06491022837529287,0.003327530610430826,0.5918351081671824,0.05027590203098953
2.6643526188794184,3.9371923868378085,2.954079492651409,84.75579347028881,0.04661532248299755,0.001517085870141259,0.5903295577474287,0.049724863143637776
2.6643526188794184,3.9371923868378085,2.954079492651409,84.7852331032169,0.05228323200857432,0.0021231537277662874,0.5886143565278253,0.05001514591276646
2.6643526188794184,3.9371923868378085,2.954079492651409,84.81457737151914,0.057996159752373384,0.0022053106195292957,0.5868938540020332,0.04999927687458694
2.6643526188794184,3.9371923868378085,2.954079492651409,84.84382652649667,0.06368750503415692,0.0022934443876763107,0.5851794128658325,0.04998322622850537
2.6537005550955883,3.9392661286515964,2.9535222896285847,84.87301102726802,0.047653692951029426,0.0029027691587257473,0.5836802926934261,0.05000083288177848
2.6537005550955883,3.9392661286515964,2.9535222896285847,84.9021832779288,0.05331079913868415,0.0034538260783947895,0.581975466682722,0.05012625502422452
2.6537005550955883,3.9392661286515964,2.9535222896285847,84.93111387188657,0.05896036719838039,0.0035649285289663557,0.5802708498040775,0.04985705204308033
2.6537005550955883,3.9392661286515964,2.9535222896285847,84.96008350925355,0.06456077187330517,0.0036819686865274025,0.578580456761666,0.050070196855813265
2.643215215481177,3.940123897464673,2.953799655312763,84.98894725783485,0.049289546557821716,0.0004004423977246089,0.5770906124118382,0.05001597316004336
2.643215215481177,3.940123897464673,2.953799655312763,85.01767537770756,0.05482438429503008,0.0010762576580520258,0.5754056438989464,0.04992672591470182
2.643215215481177,3.940123897464673,2.953799655312763,85.04643448093901,0.06035818537373535,0.0011633675957967745,0.5737277446905249,0.05012674303725362
2.643215215481177,3.940123897464673,2.953799655312763,85.07494993143861,0.06589997317022935,0.001260714229538972,0.5720480835044501,0.04984799586236477
2.631961879724379,3.9414806403000675,2.953792692628968,85.1034840919203,0.04880537480088093,-0.0008751872113836887,0.5706028670753205,0.05000704014673829
2.631961879724379,3.9414806403000675,2.953792692628968,85.13193476868538,0.054265306864450844,-3.117855354788134e-05,0.5689380025440575,0.0500066380482167
2.631961879724379,3.9414806403000675,2.953792692628968,85.16029589285327,0.05975409959479021,5.0400293056291153e-05,0.5672764425227165,0.04999524401500821
2.631961879724379,3.9414806403000675,2.953792692628968,85.18859528303771,0.0652197670826893,0.00014180754189100085,0.5656202643981794,0.05003248993307352
2.6225814866231545,3.9431444237905477,2.9530693481039627,85.21679257298261,0.051563541738629565,0.00033479547808771605,0.5641510721155557,0.04998180689290166
2.6225814866231545,3.9431444237905477,2.9530693481039627,85.24486566973636,0.056939784213165485,0.0010760280836006075,0.5625070846015909,0.04990709898993373
2.6225814866231545,3.9431444237905477,2.9530693481039627,85.27292589360813,0.062288747148186246,0.0011842902455394726,0.5608689428379956,0.050029912032186985
2.6225814866231545,3.9431444237905477,2.9530693481039627,85.3009174668449,0.06763047020213779,0.001303489272899373,0.5592316430207512,0.05005362909287214
2.6107478847158414,3.9445224157768046,2.9532967283474623,85.32882064909931,0.04922696888796708,-0.0012431627289580462,0.5578277056804664,0.05002114805392921
2.6107478847158414,3.9445224157768046,2.9532967283474623,85.35668803647592,0.05448599846317452,-0.0002214664689111441,0.5562014401399339,0.050103047862648964
2.6107478847158414,3.9445224157768046,2.9532967283474623,85.38433226835369,0.05979920811870192,-0.00012407124871349998,0.554575359731097,0.049847566056996584
2.6107478847158414,3.9445224157768046,2.9532967283474623,85.41212963229465,0.06506219835581323,-1.6808227711637448e-05,0.552962563216778,0.050269884057343006
2.598469987348946,3.9458581753683233,2.9535823952401,85.43958854199273,0.045763087750080936,-0.002969393081691917,0.5515798610836343,0.04978229198604822
2.598469987348946,3.9458581753683233,2.9535823952401,85.46707036507169,0.05092013613345189,-0.0017702353106263647,0.5499816959779373,0.0499686140101403
2.598469987348946,3.9458581753683233,2.9535823952401,85.49446680412004,0.05616355847757694,-0.0016895738280288538,0.5483781781991499,0.049959024880081415
2.598469987348946,3.9458581753683233,2.9535823952401,85.52182683880251,0.06138010436571495,-0.0015971855571472774,0.5467799787070466,0.05003847205080092
2.5864566355571994,3.9480676375011847,2.9530680161303704,85.54910480069132,0.042177131163184195,-0.0014186300107536596,0.545416033674452,0.05001312796957791
2.5864566355571994,3.9480676375011847,2.9530680161303704,85.5762776332679,0.04737959404172467,-0.00022720823450395901,0.5438261821470498,0.04996602493338287
2.5864566355571994,3.9480676375011847,2.9530680161303704,85.60340899911424,0.05256236157450813,-0.00012366126438657392,0.542240654859523,0.05003565410152078
2.5864566355571994,3.9480676375011847,2.9530680161303704,85.63040264661845,0.057727369734159664,-6.498510210532627e-06,0.5406578018641255,0.049927416956052184
2.5782808379920237,3.9494232941009435,2.9515543393072448,85.65740855740258,0.04630740978311217,0.0003977908526224509,0.539240084578778,0.05008142301812768
2.5782808379920237,3.9494232941009435,2.9515543393072448,85.68425788911064,0.051475593462754404,0.00123039513786541,0.5376671389153124,0.04993671691045165
2.5782808379920237,3.9494232941009435,2.9515543393072448,85.71108066523706,0.05659153797984903,0.001369175036189744,0.5361005146886402,0.050033110193908215
2.5782808379920237,3.9494232941009435,2.9515543393072448,85.73778814815036,0.06169656111710642,0.0015218993286878874,0.5345354447058696,0.04996391385793686
2.5684734171405315,3.95112158423628,2.9524933910579723,85.76445783982658,0.04689612444176763,0.0006343179074892994,0.533169080997181,0.050021077040582895
2.5684734171405315,3.95112158423628,2.9524933910579723,85.79106151830882,0.051938486548148824,0.0016457319132653701,0.531614137163925,0.05004321108572185
2.5684734171405315,3.95112158423628,2.9524933910579723,85.81756625215681,0.057008377382589306,0.0017961070186647585,0.5300616655291531,0.050003113923594356
2.5684734171405315,3.95112158423628,2.9524933910579723,85.8439819226845,0.06205203612217656,0.0019579562212297006,0.5285151751888479,0.0499809121247381
2.558456986436385,3.9525529349187374,2.9526391827012297,85.87037687076449,0.046890134578801645,0.0006684839178256027,0.5271705396634007,0.05006908788345754
2.558456986436385,3.9525529349187374,2.9526391827012297,85.8966050385675,0.05188300961820995,0.0017063893982806684,0.5256318171534419,0.04989836411550641
2.558456986436385,3.9525529349187374,2.9526391827012297,85.92280079141065,0.05688102925634181,0.0018613737160123654,0.5241013035060352,0.04998223180882633
2.558456986436385,3.9525529349187374,2.9526391827012297,85.94896195327534,0.06186539636610902,0.0020303760366918366,0.5225727182469742,0.05006224196404219
2.5480284332153467,3.9548929761886473,2.9516406492575573,85.97502672207025,0.045480529460958985,0.00382419749065545,0.5212445127261257,0.050004879012703896
2.5480284332153467,3.9548929761886473,2.9516406492575573,86.00096831985314,0.050479624083343076,0.004815834406395316,0.5197243825821408,0.04991414421238005
2.5480284332153467,3.9548929761886473,2.9516406492575573,86.0269071744117,0.05541795128835658,0.005016315937328767,0.5182102210979582,0.05005469499155879
2.5480284332153467,3.9548929761886473,2.9516406492575573,86.05275291187293,0.060350279360429915,0.005230800659659375,0.5166963126611678,0.05002113780938089
2.5364606384448662,3.9561046859161286,2.9510739144404896,86.07869916738578,0.04213855350350869,0.00290255322894031,0.5154197606950646,0.05034004803746939
2.5364606384448662,3.9561046859161286,2.9510739144404896,86.10423424212136,0.04703946009038658,0.004033274626167212,0.5139089229576141,0.04968793806619942
2.5364606384448662,3.9561046859161286,2.9510739144404896,86.12985019555391,0.05190216630045759,0.004221960245152786,0.5124186010251729,0.049990287981927395
2.5364606384448662,3.9561046859161286,2.9510739144404896,86.15535387334697,0.05677330078439271,0.004428984062474934,0.5109234672827289,0.04991682595573366
2.526860171979737,3.9575362500973683,2.9530658953571938,86.18087281760198,0.04226325989568049,0.00239032596163099,0.509627418739436,0.050073727034032345
2.526860171979737,3.9575362500973683,2.9530658953571938,86.20626246223863,0.04704132507678821,0.003440240315355653,0.5081369728209646,0.0499661429785192
2.526860171979737,3.9575362500973683,2.9530658953571938,86.23159208492714,0.05187659008495642,0.0036251855855290917,0.5066549250931047,0.04999383492395282
2.526860171979737,3.9575362500973683,2.9530658953571938,86.2568710446912,0.05669332727600253,0.00382275123089774,0.5051765583823276,0.05003985110670328
2.526860171979737,3.9575362500973683,2.9530658953571938,86.28212121302899,0.06150004818647929,0.004031087652602024,0.5037010984574138,0.050129269948229194
2.526860171979737,3.9575362500973683,2.9530658953571938,86.30712772033137,0.06630083890800527,0.004250780141838064,0.5022272661641781,0.04979121801443398
2.5125084428937092,3.9596838993206047,2.9539255684042613,86.33216823346525,0.04209882634127366,0.0023269939146083373,0.5010522903924943,0.049975848058238626
2.5125084428937092,3.9596838993206047,2.9539255684042613,86.35717031627804,0.04680842091481908,0.0037802937202335626,0.4995917034426308,0.05004503205418587
2.5125084428937092,3.9596838993206047,2.9539255684042613,86.38207266100264,0.051571346478251505,0.003971780169147258,0.4981333622874914,0.04999132081866264
2.5125084428937092,3.9596838993206047,2.9539255684042613,86.40694767210499,0.05630571343530286,0.0041772783384995136,0.4966797859057168,0.050082592060789466
2.5125084428937092,3.9596838993206047,2.9539255684042613,86.43172579672493,0.06103449938795927,0.004393635645695939,0.4952277384980284,0.05003379797562957
2.501161163435629,3.9612167467230495,2.9537331197340477,86.45637544151542,0.04291298400091697,0.0029706397332878707,0.49400692272905383,0.049897367134690285
2.501161163435629,3.9612167467230495,2.9537331197340477,86.4810266877732,0.04757605913432511,0.004142957442842481,0.4925703917284776,0.0500461389310658
2.501161163435629,3.9612167467230495,2.9537331197340477,86.50554498391973,0.05226856415175254,0.004345504051041455,0.49113107506628195,0.04992210306227207
2.501161163435629,3.9612167467230495,2.9537331197340477,86.5300561914328,0.05692889314316478,0.004560990783173121,0.48969982836836323,0.05005353502929211
2.4922923184710886,3.9626553038941528,2.9524269616894085,86.55449966122488,0.04363942535990764,0.004835255705274843,0.48844076971065653,0.0500438769813627
2.4922923184710886,3.9626553038941528,2.9524269616894085,86.57890830860937,0.04831161815161905,0.005760457441842989,0.48701619615539293,0.05011875904165208
2.4922923184710886,3.9626553038941528,2.9524269616894085,86.60313501724825,0.05295309213508913,0.005990748613939806,0.48559080108092034,0.04989120177924633
2.4922923184710886,3.9626553038941528,2.9524269616894085,86.62735184435697,0.057555727826438946,0.0062324249398670786,0.4841775363843231,0.050016420194879174
2.4922923184710886,3.9626553038941528,2.9524269616894085,86.6514659325956,0.062155801616893505,0.006486701551227286,0.4827634388893288,0.049950112821534276
2.4922923184710886,3.9626553038941528,2.9524269616894085,86.67615197062106,0.06673583907902576,0.006750955752884588,0.4813553190779215,0.05128444009460509
2.4762036969282755,3.9656569594163376,2.9537450088740487,86.69954523746561,0.038723344873866195,0.006200434120771102,0.48022755679863954,0.048712878953665495
2.4762036969282755,3.9656569594163376,2.9537450088740487,86.72351252762596,0.043133025455502357,0.007615790485819524,0.47886132965739064,0.05005058599635959
2.4762036969282755,3.9656569594163376,2.9537450088740487,86.74737535233061,0.04768953395632554,0.00786451277723087,0.47746119099039985,0.04997856402769685
2.4762036969282755,3.9656569594163376,2.9537450088740487,86.77118787839736,0.052220062131125816,0.008121718991173551,0.47606754994635647,0.050019216956570745
2.467280155112501,3.9677838120907913,2.9546860326077886,86.79491211042044,0.03840662044874101,0.009219039151888212,0.47484452515885095,0.04996210499666631
2.467280155112501,3.9677838120907913,2.9546860326077886,86.81856920994305,0.042900445278827706,0.010009860108887369,0.4734575212616673,0.04996667802333832
2.467280155112501,3.9677838120907913,2.9546860326077886,86.84219874553702,0.0473907372849848,0.010284251633966762,0.4720756581365411,0.05005455203354359
2.467280155112501,3.9677838120907913,2.9546860326077886,86.86569561634848,0.05187363340999133,0.010570222929736604,0.47069543299484007,0.04991947906091809
2.467280155112501,3.9677838120907913,2.9546860326077886,86.88916136589887,0.05633098317800109,0.010865351662165344,0.4693247442951748,0.0499989609234035
2.467280155112501,3.9677838120907913,2.9546860326077886,86.91259128283735,0.060781646204069395,0.011171723083184105,0.46795397551169815,0.05006884899921715
2.4530935261302123,3.9700228987362722,2.9542830032032055,86.93591846045706,0.03655570339267811,0.010575045509291992,0.46686431573098114,0.04996564704924822
2.4530935261302123,3.9700228987362722,2.9542830032032055,86.95918226271291,0.040982989434718974,0.01150137412094644,0.4655031642688353,0.04997560498304665
2.4530935261302123,3.9700228987362722,2.9542830032032055,86.98241035437567,0.045395119902418984,0.011792927477494003,0.4641439833449181,0.05004501296207309
2.4530935261302123,3.9700228987362722,2.9542830032032055,87.00551796404888,0.049798901708607374,0.012096579177479928,0.46278690444856163,0.049931425135582685
2.4530935261302123,3.9700228987362722,2.9542830032032055,87.02861578483156,0.054179251623154075,0.012409261332667473,0.46143684734427487,0.05005629896186292
2.4530935261302123,3.9700228987362722,2.9542830032032055,87.05163306004796,0.05855714303283526,0.012733465833302425,0.4600873773826993,0.050028051948174834
2.4378634390444716,3.9727037615496976,2.9559798603281866,87.0745641471529,0.03203907861384456,0.011760943585084161,0.45904200504120557,0.04995422391220927
2.4378634390444716,3.9727037615496976,2.9559798603281866,87.09745002541257,0.03635362542235348,0.01266591428027409,0.4577016180868581,0.05000174208544195
2.4378634390444716,3.9727037615496976,2.9559798603281866,87.12026090292237,0.04069154475705371,0.012962980991881954,0.4563656216199399,0.04998377710580826
2.4378634390444716,3.9727037615496976,2.9559798603281866,87.14300189161611,0.045014101031942935,0.013270485888510531,0.4550327579491428,0.049976596841588616
2.4378634390444716,3.9727037615496976,2.9559798603281866,87.16569681434375,0.049322834344072114,0.013587391503639292,0.4537039420049014,0.05002143606543541
2.4378634390444716,3.9727037615496976,2.9559798603281866,87.18834480016484,0.053622249688617,0.013914115010762921,0.45237777785179356,0.0500643199775368
2.424533266097088,3.9746042055923443,2.958208840861853,87.2109251718033,0.03108990883439428,0.011518438761716031,0.4513246603217816,0.05003132694400847
2.424533266097088,3.9746042055923443,2.958208840861853,87.23342919975838,0.03532591682851964,0.012304717523959731,0.4500052904025716,0.05000836309045553
2.424533266097088,3.9746042055923443,2.958208840861853,87.2558462670049,0.03959096631114986,0.012591509020289366,0.448690193085983,0.04996112594380975
2.424533266097088,3.9746042055923443,2.958208840861853,87.27821007444686,0.043838844876528234,0.012887443515197551,0.4473802184993571,0.0499883689917624
2.424533266097088,3.9746042055923443,2.958208840861853,87.30051987997223,0.04807608712958881,0.013192780329922646,0.44607331488416496,0.05001376406289637
2.424533266097088,3.9746042055923443,2.958208840861853,87.32272409032153,0.05230255003537838,0.01350739886562032,0.4447695358875731,0.04992295685224235
2.4107939720367195,3.9764824348411802,2.9623027474932244,87.34491708840339,0.028908079154010974,0.00994093813330688,0.44375591800821557,0.0500117230694741
2.4107939720367195,3.9764824348411802,2.9623027474932244,87.36705555921179,0.03303420393002399,0.01079001972491715,0.44245801359813275,0.050035190070047975
2.4107939720367195,3.9764824348411802,2.9623027474932244,87.3891618417438,0.037232186054345126,0.011046420352563568,0.4411644242074824,0.05010894197039306
2.4107939720367195,3.9764824348411802,2.9623027474932244,87.41108909848067,0.04142312336155713,0.011311496381233275,0.4398726524489994,0.04984910204075277
2.4107939720367195,3.9764824348411802,2.9623027474932244,87.43306666612003,0.04557966221188111,0.011583433636785087,0.4385913559003989,0.05010944092646241
2.4107939720367195,3.9764824348411802,2.9623027474932244,87.4549025883574,0.0497452704900809,0.011865777900873052,0.4373070325241429,0.0499327031429857
2.3986674287625918,3.978457179091417,2.96568684641805,87.47668719196207,0.02937001332872021,0.009922122772708626,0.4362734340813763,0.049933371832594275
2.3986674287625918,3.978457179091417,2.96568684641805,87.49843168001931,0.03344191229146772,0.010606870608035423,0.4349991808311056,0.049987423000857234
2.3986674287625918,3.978457179091417,2.96568684641805,87.52015285783347,0.037565086806716455,0.010853333498640923,0.4337286879447053,0.05008010403253138
2.3986674287625918,3.978457179091417,2.96568684641805,87.54178051689215,0.04168345967344276,0.011108061498560778,0.4324593640639647,0.05001084692776203
2.3986674287625918,3.978457179091417,2.96568684641805,87.56334270656315,0.04578384022878174,0.011369849804634093,0.43119686197776236,0.05000544199720025
2.3986674287625918,3.978457179091417,2.96568684641805,87.58481999253519,0.04987124605659538,0.011639969409449367,0.42993684141919164,0.049954514019191265
2.387720934652506,3.980733520882017,2.9682420682956074,87.60621981744829,0.031598710489043356,0.011709867237871135,0.4288905722542059,0.049895768985152245
2.387720934652506,3.980733520882017,2.9682420682956074,87.62766840489128,0.03561734542314947,0.012168103831506042,0.4276386606623023,0.050155866192653775
2.387720934652506,3.980733520882017,2.9682420682956074,87.6489514515108,0.03968230576444463,0.01243010207838463,0.4263856362385797,0.04991501779295504
2.387720934652506,3.980733520882017,2.9682420682956074,87.67022793346217,0.04371655955566855,0.01269854052875895,0.42514208625125294,0.050045579206198454
2.387720934652506,3.980733520882017,2.9682420682956074,87.69139952061464,0.04774902386963668,0.012974724152148742,0.42389866837257845,0.04994492488913238
2.387720934652506,3.980733520882017,2.9682420682956074,87.71256161907812,0.05176123628146635,0.01325745415205553,0.42266139204346165,0.05006868112832308
2.3766658242351726,3.9820700643298848,2.9710797808778224,87.73378105094717,0.03361191017474034,0.010477050901281742,0.42165108451907646,0.05032462300732732
2.3766658242351726,3.9820700643298848,2.9710797808778224,87.75466431983072,0.03760320367786579,0.01090069292804082,0.42041266526946697,0.04967326298356056
2.3766658242351726,3.9820700643298848,2.9710797808778224,87.7756608245644,0.04156299792258318,0.011139037349355386,0.4191924095772716,0.05008798884227872
2.3766658242351726,3.9820700643298848,2.9710797808778224,87.79653383530926,0.045544412401732626,0.011385781994481734,0.4179654417462806,0.049939561169594526
2.3766658242351726,3.9820700643298848,2.9710797808778224,87.8173525650899,0.04950409303240357,0.011639215611544271,0.41674577444591226,0.04995546699501574
2.3766658242351726,3.9820700643298848,2.9710797808778224,87.83814243773188,0.05345228769333985,0.011898822475071817,0.41552908924265763,0.05003229179419577
2.3641686714050216,3.982922049673869,2.9750186739180338,87.85885106317276,0.03260695391853805,0.006426845480275128,0.41458098626670103,0.04995073610916734
2.3641686714050216,3.982922049673869,2.9750186739180338,87.87954924682963,0.03646930614020426,0.00701866115846006,0.4133715757800159,0.05007161805406213
2.3641686714050216,3.982922049673869,2.9750186739180338,87.90020554063781,0.040399796877625765,0.00719987224237422,0.412162019640898,0.05011692689731717
2.3641686714050216,3.982922049673869,2.9750186739180338,87.92067581375376,0.04432226921076556,0.007387291796434808,0.4109549758833364,0.04981147404760122
2.3641686714050216,3.982922049673869,2.9750186739180338,87.9412160451819,0.048212981218131654,0.007579940410336096,0.4097602477327994,0.050127438036724925
2.3641686714050216,3.982922049673869,2.9750186739180338,87.96161298196284,0.052115819369993,0.007779790517296451,0.4085597869909093,0.0499239950440824
2.353057702711318,3.9845802457501573,2.975859657187201,87.98197054451127,0.03355543984924724,0.007024071373942408,0.4075859996459586,0.04994666785933077
2.353057702711318,3.9845802457501573,2.975859657187201,88.00231932487921,0.03741182584961194,0.007441675163998657,0.4063963623808585,0.05007126601412892
2.353057702711318,3.9845802457501573,2.975859657187201,88.0225384073011,0.041278243441183936,0.007623390409197796,0.40520709563492086,0.04989814502187073
2.353057702711318,3.9845802457501573,2.975859657187201,88.04276057618053,0.04512012449647826,0.007810477027387183,0.40402545273565277,0.050051720114424825
2.353057702711318,3.9845802457501573,2.975859657187201,88.0629709586427,0.0489623860080683,0.008004160630185943,0.4028435885182956,0.05016930401325226
2.353057702711318,3.9845802457501573,2.975859657187201,88.08301073927974,0.05281590272113563,0.008204702261340529,0.40166215245481024,0.04989213077351451
2.353057702711318,3.9845802457501573,2.975859657187201,88.10305418886588,0.05663025303456288,0.008408815257845665,0.40049071077306275,0.050047227181494236
2.3412537383746113,3.9861744812344853,2.9797879083242305,88.12299969071394,0.036690865942965806,0.005531544579074569,0.3995587612263221,0.04991881991736591
2.3412537383746113,3.9861744812344853,2.9797879083242305,88.14291565433393,0.040435131855809756,0.005980946468169711,0.39839224097566367,0.04999084211885929
2.3412537383746113,3.9861744812344853,2.9797879083242305,88.16276844149687,0.044228275541219386,0.0061366589448016715,0.3972281402895535,0.049978299997746944
2.3412537383746113,3.9861744812344853,2.9797879083242305,88.18260924019334,0.04800973383587659,0.006296850781237309,0.39606780270081215,0.050094449892640114
2.3412537383746113,3.9861744812344853,2.9797879083242305,88.20232114646208,0.05181838276478336,0.006462931051675191,0.39490742969700593,0.04991525807417929
2.3412537383746113,3.9861744812344853,2.9797879083242305,88.22201781649325,0.05559068546982159,0.006632541545069005,0.39375484963754726,0.0500226728618145
2.328072635655485,3.9878597997405474,2.9817020933679688,88.24163852488995,0.032844096424792545,0.004497610630013324,0.39286754474065855,0.04994229902513325
2.328072635655485,3.9878597997405474,2.9817020933679688,88.26126773061759,0.036575727234434925,0.004892526675799104,0.39172053484005853,0.05011022905819118
2.328072635655485,3.9878597997405474,2.9817020933679688,88.28077267863415,0.040333519482812275,0.005023477502005288,0.39057314028594664,0.04993929690681398
2.328072635655485,3.9878597997405474,2.9817020933679688,88.30024473354028,0.04406793116390698,0.0051579675205757096,0.38943403258384035,0.050000907154753804
2.328072635655485,3.9878597997405474,2.9817020933679688,88.3196302831746,0.047863207388040056,0.0052973049164813275,0.38829396206195876,0.049924931954592466
2.328072635655485,3.9878597997405474,2.9817020933679688,88.33903927070276,0.05161943045474174,0.005440539813208848,0.3871595072721193,0.05013176007196307
2.3142966951503223,3.989582839970444,2.983120330127421,88.35833319890517,0.027672233892512024,0.003445585910323443,0.3863023842532233,0.04994514398276806
2.3142966951503223,3.989582839970444,2.983120330127421,88.37761000486955,0.03139456154637698,0.0038098619084728017,0.38517378735828434,0.05004703486338258
2.3142966951503223,3.989582839970444,2.983120330127421,88.39680814198823,0.03513074411532359,0.003914669346004428,0.38404568757439417,0.04998920112848282
2.3142966951503223,3.989582839970444,2.983120330127421,88.41594693395578,0.03885197906121297,0.0040236173152143695,0.38292223854713664,0.049980883952230215
2.3142966951503223,3.989582839970444,2.983120330127421,88.43501500798246,0.042561618536548496,0.004136827259306844,0.381802263802696,0.04994227597489953
2.3142966951503223,3.989582839970444,2.983120330127421,88.454084840203,0.046257460364906224,0.004254090747547226,0.38068643641436284,0.05009327991865575
2.302089053032537,3.991425905749485,2.9834400679336177,88.47304992622574,0.02528354348070907,0.003950946415137033,0.3798130770851193,0.04993268311955035
2.302089053032537,3.991425905749485,2.9834400679336177,88.49198822868364,0.02895626057562391,0.004155168546818427,0.3787034348516646,0.0500082669313997
2.302089053032537,3.991425905749485,2.9834400679336177,88.51086868163922,0.032626872153741215,0.004256433770372643,0.3775952313722088,0.05000183102674782
2.302089053032537,3.991425905749485,2.9834400679336177,88.5296725927326,0.03628638268724936,0.0043615701344055765,0.37649043390721576,0.049945255974307656
2.302089053032537,3.991425905749485,2.9834400679336177,88.54846525886225,0.03993098511605049,0.004470363796093388,0.37539012837703467,0.050061695044860244
2.302089053032537,3.991425905749485,2.9834400679336177,88.56719369038011,0.04357333794437713,0.004583076469457843,0.37429047298880275,0.05003715795464814
2.291091902952711,3.993035502241402,2.9848450883335476,88.58587225779144,0.024999852956210326,0.003639309347448026,0.37341328200671287,0.050021165050566196
2.291091902952711,3.993035502241402,2.9848450883335476,88.60446975324778,0.028607879223634388,0.0037769102535735576,0.3723203682002241,0.04995024995878339
2.291091902952711,3.993035502241402,2.9848450883335476,88.623012530863,0.03221321696747069,0.0038666892822320407,0.37123349733105493,0.04994909605011344
2.291091902952711,3.993035502241402,2.9848450883335476,88.64150943189397,0.03580788810644058,0.003958988389263903,0.3701485610005444,0.04997156001627445
2.291091902952711,3.993035502241402,2.9848450883335476,88.65998191150709,0.03939362656560887,0.004054716965926073,0.3690663168527091,0.05005192500539124
2.291091902952711,3.993035502241402,2.9848450883335476,88.67839384987083,0.042974583534246706,0.00415366449869774,0.3679855052983544,0.05003441195003688
2.280687792158805,3.9942373563424938,2.985674375843216,88.6967402398316,0.025643441839085943,0.0025757372286270164,0.36711853272074624,0.04997402289882302
2.280687792158805,3.9942373563424938,2.985674375843216,88.71504554096657,0.029199316854191335,0.0026665775726902514,0.3660457858485863,0.05000822804868221
2.280687792158805,3.9942373563424938,2.985674375843216,88.73328368753582,0.032748924004280186,0.0027375322574988057,0.36497475567828924,0.049970980966463685
2.280687792158805,3.9942373563424938,2.985674375843216,88.75146707997465,0.03628545258810555,0.0028111476110454885,0.3639076700782974,0.0499670491553843
2.280687792158805,3.9942373563424938,2.985674375843216,88.76962002281144,0.039811469162772506,0.0028870358213805747,0.3628450828365599,0.05002945801243186
2.280687792158805,3.9942373563424938,2.985674375843216,88.78771740905066,0.043331427188672146,0.0029650267455032125,0.3617830062123541,0.05002276482991874
2.270586306232847,3.9954007968132528,2.985701771612593,88.80575742490832,0.026543628679175722,0.0017848832291173012,0.3609279913392903,0.04998231306672096
2.270586306232847,3.9954007968132528,2.985701771612593,88.82374015487075,0.030048988404294673,0.001831390216453448,0.3598732661105296,0.04996961890719831
2.270586306232847,3.9954007968132528,2.985701771612593,88.84171720366429,0.03353674890976501,0.0018874034346903525,0.358821128921548,0.050100307213142514
2.270586306232847,3.9954007968132528,2.985701771612593,88.85959500015491,0.03702321245873546,0.001945988742322415,0.35776931155201563,0.0499701788648963
2.270586306232847,3.9954007968132528,2.985701771612593,88.87740454795005,0.04049041405629279,0.002006906787749614,0.35672333036650195,0.049925379920750856
2.270586306232847,3.9954007968132528,2.985701771612593,88.89518454603959,0.04394436583897591,0.00207011202408306,0.3556813406448539,0.04998856014572084
2.2606410511982826,3.9966034019516377,2.986090101381974,88.91293787993226,0.027389271300610474,0.0008754220361857079,0.3548419645988176,0.05003166384994984
2.2606410511982826,3.9966034019516377,2.986090101381974,88.93064695699839,0.030835541647891287,0.0009002743023650627,0.35380384859602915,0.05005337600596249
2.2606410511982826,3.9966034019516377,2.986090101381974,88.9482572210032,0.034270875226014345,0.0009397247103327865,0.3527677329815926,0.04992027999833226
2.2606410511982826,3.9966034019516377,2.986090101381974,88.96588148340106,0.03768686531421052,0.0009809723270247663,0.3517374178837638,0.05010630516335368
2.2606410511982826,3.9966034019516377,2.986090101381974,88.98343065604443,0.04110556823756511,0.0010243387707739272,0.3507062626518359,0.05003951885737479
2.2606410511982826,3.9966034019516377,2.986090101381974,89.00089930958465,0.04450970974028209,0.0010695676637673844,0.3496795288576688,0.04995618015527725
2.249919490046388,3.9983460798069994,2.9860480221298014,89.01832435282633,0.026189005198045606,0.0013367506768328368,0.34886728110132975,0.049947484862059355
2.249919490046388,3.9983460798069994,2.9860480221298014,89.03570423270845,0.0295668688031794,0.001249519073871241,0.3478477272505672,0.049964046105742455
2.249919490046388,3.9983460798069994,2.9860480221298014,89.05307035316152,0.03293906497602134,0.0012871395678704825,0.3468321756923559,0.05007067299447954
2.249919490046388,3.9983460798069994,2.9860480221298014,89.07034876447145,0.0363077197204857,0.001325213602005211,0.3458161767554874,0.049964149948209524
2.249919490046388,3.9983460798069994,2.9860480221298014,89.08757170145711,0.03965939552873171,0.0013652559124368922,0.34480533762713333,0.049949740059673786
2.249919490046388,3.9983460798069994,2.9860480221298014,89.10479738175708,0.043000321433254995,0.001406623125126093,0.3437977436860861,0.05010411096736789
2.2398379938684148,4.0002820999776025,2.986656480205248,89.12193407168115,0.025834647152802318,0.0022599773622887813,0.342984244848691,0.04996349010616541
2.2398379938684148,4.0002820999776025,2.986656480205248,89.13901922935926,0.029141991442237874,0.0020479704599250413,0.3419814175603227,0.04995931591838598
2.2398379938684148,4.0002820999776025,2.986656480205248,89.15607605060359,0.03245788911245509,0.002088939282628151,0.34098193277513766,0.05002265400253236
2.2398379938684148,4.0002820999776025,2.986656480205248,89.17306283500055,0.03576675114288559,0.002130287156651933,0.3399854137579457,0.0499632740393281
2.2398379938684148,4.0002820999776025,2.986656480205248,89.19000669893627,0.039061950985669884,0.0021716299785680816,0.3389917503519371,0.04998311586678028
2.2398379938684148,4.0002820999776025,2.986656480205248,89.20693902213245,0.042348877531631884,0.002213750149359672,0.33800059817632044,0.050095542101189494
2.230829024486516,4.001443422303768,2.987037926894924,89.22379744452175,0.027488870533936352,0.0013388363771974316,0.33718932746182273,0.04999690386466682
2.230829024486516,4.001443422303768,2.987037926894924,89.24061227584637,0.030767745398109853,0.001098895437708574,0.3362036594845359,0.05001382599584758
2.230829024486516,4.001443422303768,2.987037926894924,89.25736972635588,0.034032200231555905,0.0011227156990146784,0.3352203846559921,0.0499893540982157
2.230829024486516,4.001443422303768,2.987037926894924,89.27407831715412,0.03728358987535967,0.0011466589117302844,0.33424012722939345,0.04998978110961616
2.230829024486516,4.001443422303768,2.987037926894924,89.29074376505285,0.04052554749015807,0.0011711608474080867,0.3332627288447105,0.050006935838609934
2.230829024486516,4.001443422303768,2.987037926894924,89.30733350076187,0.04375927334778391,0.001195555886367054,0.33228912672018623,0.04992560506798327
2.230829024486516,4.001443422303768,2.987037926894924,89.3239009608927,0.04697824937049896,0.0012187787251844242,0.33131870841212563,0.05000460194423795
2.2209302723364983,4.003093554799267,2.9874891270292667,89.34043081501785,0.030137378129363,0.0013730547541662345,0.3305429589329505,0.05000818707048893
2.2209302723364983,4.003093554799267,2.9874891270292667,89.35690970537935,0.03333892199349425,0.001010312187656411,0.32957621849942403,0.05000024102628231
2.2209302723364983,4.003093554799267,2.9874891270292667,89.37336440502729,0.0365397854716198,0.0010258699881234789,0.3286122747591631,0.0500732958316803
2.2209302723364983,4.003093554799267,2.9874891270292667,89.38972325109421,0.0397329611197855,0.0010407132602772767,0.3276497915595534,0.04992783907800913
2.2209302723364983,4.003093554799267,2.9874891270292667,89.40606768632333,0.042907611857407366,0.0010557329142395874,0.3266929365139176,0.05002996209077537
2.2209302723364983,4.003093554799267,2.9874891270292667,89.4223452342268,0.046079573662204644,0.0010700464132817025,0.3257381793907038,0.049971261993050575
2.2101607041750846,4.0051110017353935,2.986479928164744,89.43859318172422,0.027350474621731926,0.0026507297032926985,0.32499512842427464,0.04999443399719894
2.2101607041750846,4.0051110017353935,2.986479928164744,89.45479296464549,0.03047801932839659,0.0020540278638259547,0.3240439866911591,0.04999254294671118
2.2101607041750846,4.0051110017353935,2.986479928164744,89.47097474306801,0.03362799603410447,0.002075457537987207,0.3230964240621639,0.05008343397639692
2.2101607041750846,4.0051110017353935,2.986479928164744,89.48707403174905,0.03676818868224592,0.0020957869527485316,0.3221500058191717,0.04997450998052955
2.2101607041750846,4.0051110017353935,2.986479928164744,89.5031325901215,0.039892481545306814,0.0021159792623504014,0.32120843359493867,0.04999419907107949
2.2101607041750846,4.0051110017353935,2.986479928164744,89.51912955228605,0.04300893643084864,0.002135380176484118,0.3202692354155733,0.049948482075706124
2.1987405513829694,4.0070263671119175,2.98650414633778,89.53512306122019,0.02297117110676507,0.002566031157181424,0.31955825887648304,0.050048804841935635
2.1987405513829694,4.0070263671119175,2.98650414633778,89.55103716209749,0.026065098597858053,0.001832277606191738,0.31862305853734896,0.04994648206047714
2.1987405513829694,4.0070263671119175,2.98650414633778,89.56693573252544,0.029161943478311227,0.001844889278176896,0.31769224674251506,0.050043935887515545
2.1987405513829694,4.0070263671119175,2.98650414633778,89.58280446289325,0.03224766115827066,0.0018552067122983753,0.31676246980568235,0.050096624065190554
2.1987405513829694,4.0070263671119175,2.98650414633778,89.598548643531,0.03532770837894318,0.0018648642319892255,0.3158344453655541,0.04984947293996811
2.1987405513829694,4.0070263671119175,2.98650414633778,89.61434265302374,0.03838367364964006,0.001873928762009629,0.31491373212189067,0.050153448013588786
2.1987405513829694,4.0070263671119175,2.98650414633778,89.6300024124043,0.041449366110797484,0.0018810045809762351,0.31399005975581623,0.04987342399545014
2.1987405513829694,4.0070263671119175,2.98650414633778,89.64570699846726,0.04448887498461617,0.0018877146830362252,0.3130756337331524,0.05016227508895099
2.1854697183816776,4.008722700668676,2.987098461141295,89.66127207320143,0.020810084218136144,0.00042913826508710756,0.31241968898004685,0.04982104292139411
2.1854697183816776,4.008722700668676,2.987098461141295,89.67688225783324,0.023858558860554206,-0.000422237794688755,0.3115104758067674,0.05011126701720059
2.1854697183816776,4.008722700668676,2.987098461141295,89.6923761971359,0.026897677071878394,-0.0004444778261770197,0.3105973652908409,0.04988432303071022
2.1854697183816776,4.008722700668676,2.987098461141295,89.70790474285894,0.029905600055021492,-0.00046866017945260076,0.30969123007595023,0.05014202604070306
2.1854697183816776,4.008722700668676,2.987098461141295,89.72330529533244,0.03292029667754177,-0.000494880293870575,0.3087830313311159,0.04987499606795609
2.1854697183816776,4.008722700668676,2.987098461141295,89.7387266783917,0.03591023954121253,-0.0005216950733307224,0.3078823587381113,0.050088556949049234
2.1854697183816776,4.008722700668676,2.987098461141295,89.75404591108114,0.03890332721323976,-0.0005508593003724938,0.30698175220952106,0.04990274691954255
2.1854697183816776,4.008722700668676,2.987098461141295,89.76942841881618,0.04187682090129239,-0.0005832515520476763,0.3060858535136945,0.05025553307496011
2.1718487030255376,4.011001487511782,2.986730610746759,89.784637611589,0.017266003230692026,2.3668891906666596e-05,0.30545330744842863,0.04979220195673406
2.1718487030255376,4.011001487511782,2.986730610746759,89.7999538940391,0.020204642146366122,-0.0010144539706276848,0.3045640383251183,0.05028920201584697
2.1718487030255376,4.011001487511782,2.986730610746759,89.81503331882395,0.023189439635577676,-0.001050595459782654,0.30366812388925873,0.04965758207254112
2.1718487030255376,4.011001487511782,2.986730610746759,89.83018989067726,0.026116773955787462,-0.0010875282031365886,0.30278633387296494,0.050056987907737494
2.1718487030255376,4.011001487511782,2.986730610746759,89.84526842907187,0.029059100960718304,-0.0011279942783077495,0.30189994719943986,0.049945482052862644
2.1718487030255376,4.011001487511782,2.986730610746759,89.86045501271964,0.031983337246088976,-0.001169298866348498,0.3010195298381523,0.050450492883101106
2.1718487030255376,4.011001487511782,2.986730610746759,89.87538044170246,0.034929618284701966,-0.0012171369165848234,0.3001314257626124,0.049729644088074565
2.1718487030255376,4.011001487511782,2.986730610746759,89.89031674965858,0.03782544881928631,-0.001263522902380369,0.29925869007960076,0.04991102498024702
2.1595804973363317,4.0126952952406,2.9868375515620675,89.90521629475694,0.01597069620337815,-0.00208253194039852,0.29862600163889563,0.049893663031980395
2.1595804973363317,4.0126952952406,2.9868375515620675,89.92015405588417,0.018878450584214335,-0.0030279485257354625,0.2977553542541462,0.0501679009757936
