x,y,theta,s0,v,omega,w,time_elapsed
0.009377014754259089,0.047890408990574514,0.06919367793827942,0.16365441211388854,5.728959757293275e-14,-5.615238562358934e-15,0.9741425733366192,0.16799841891042888
0.009377014754259089,0.047890408990574514,0.06919367793827942,4.15463353296621,2.8926784604085066e-13,-0.17759094811822274,0.9932650915743664,4.018040254013613
0.009377014754259089,0.047890408990574514,0.06919367793827942,4.173429765408065,0.6944985433225864,-0.20941198364933364,0.9892452991885393,0.01900057797320187
0.009377014754259089,0.047890408990574514,0.06919367793827942,4.218023503514151,0.7274970220431367,-0.38461970938000223,0.9920239004192339,0.044952281983569264
0.009377014754259089,0.047890408990574514,0.06919367793827942,4.2676601614767895,0.727686969782431,-0.4438314965136344,0.9922847022969103,0.05002259719185531
0.009377014754259089,0.047890408990574514,0.06919367793827942,4.317182609057693,0.7416131036940128,-0.38797512773869697,0.9898973236193699,0.05002786288969219
0.009377014754259089,0.047890408990574514,0.06919367793827942,4.366773059120081,0.7480445315471574,-0.44778038589605107,0.9920800354194703,0.0499863401055336
0.009377014754259089,0.047890408990574514,0.06919367793827942,4.416271722550293,0.7623646577182623,-0.3886124699063454,0.9894109278414701,0.05002841795794666
-0.0100511336090537,0.09261166235126543,0.01467522087298646,4.465805814247735,0.8008759907705073,-0.5053657425670295,0.9914761280284575,0.04995994386263192
-0.0100511336090537,0.09261166235126543,0.01467522087298646,4.515299209914245,0.8267202885986471,-0.4401246003614672,0.9901179773097869,0.049987372010946274
-0.017107876172048984,0.10611423973463212,-0.01639960770471279,4.564899068421966,0.8504701592516329,-0.48770031185142787,0.992028161396363,0.049998437985777855
-0.017107876172048984,0.10611423973463212,-0.01639960770471279,4.614340659855779,0.8742490004842128,-0.4247478759241143,0.9891719028082199,0.049982810160145164
0.022865864354169124,0.1299029978059812,-0.0636873550631126,4.664024780378328,0.8041399549376752,-0.49158631296663857,0.9929869434565298,0.05003501893952489
0.022865864354169124,0.1299029978059812,-0.0636873550631126,4.713669557726021,0.8289062988313102,-0.41649545776417596,0.9909194369051129,0.05009971093386412
0.08352714564327032,0.1311464804212657,-0.11634775856501213,4.763279294887132,0.7200670500462971,-0.41275201958474467,0.9944608986118092,0.049886061111465096
0.08352714564327032,0.1311464804212657,-0.11634775856501213,4.812874638775232,0.7489073240117842,-0.3321904768074167,0.9926230777527192,0.049963923869654536
0.1627524073126949,0.11918288666741002,-0.17896549287848104,4.862678541232841,0.6022607139811751,-0.2886021570549595,0.9959043027587281,0.05000872304663062
0.1627524073126949,0.11918288666741002,-0.17896549287848104,4.9123895562201065,0.6318767876108289,-0.20584996106780432,0.9929796127879661,0.05006247293204069
0.22622517883067508,0.10168545186697657,-0.2273459614644461,4.962153940903121,0.5123392374553711,-0.17330480709588947,0.9969318931452359,0.049917537020519376
0.22622517883067508,0.10168545186697657,-0.2273459614644461,5.011929355140564,0.534913017613303,-0.09469531334570702,0.9939827967421686,0.05007673613727093
0.3012808049260232,0.07387368651999386,-0.26902457525301876,5.061775989950714,0.38709138225463813,-0.05606967799820872,0.9977670904547027,0.049958186922594905
0.3012808049260232,0.07387368651999386,-0.26902457525301876,5.111573978324704,0.40237736595568885,0.016589496928754097,0.9949332331881903,0.05005158809944987
0.35639938775619795,0.05775822434988682,-0.29140552526651536,5.16148657418131,0.29920609786992436,-0.004526361592930895,0.9985464512870676,0.04998525185510516
0.35639938775619795,0.05775822434988682,-0.29140552526651536,5.211161178719921,0.3075724423129178,0.05866058880529111,0.9945990789449012,0.0499443500302732
0.40526243250817834,0.03923258659538481,-0.30090452788213085,5.261199640304368,0.21621643443381547,0.03769518148034287,0.9990525592819783,0.050085915019735694
0.40526243250817834,0.03923258659538481,-0.30090452788213085,5.310914849165387,0.22058288070834595,0.09117835539785113,0.9953219940576669,0.04994886997155845
0.4369970067059839,0.02160581522404521,-0.3002306342080419,5.360863894384298,0.16328997651928204,0.0775587414402595,0.9990148725381296,0.04999829991720617
0.4369970067059839,0.02160581522404521,-0.3002306342080419,5.410635340780596,0.1640500225513167,0.12190929050797983,0.9956427495719543,0.049989262130111456
0.46854368474197283,0.0021596250792712025,-0.2928680246238432,5.460541450623091,0.10715040261012687,0.11182864205914332,0.9988710502479267,0.04996251501142979
0.46854368474197283,0.0021596250792712025,-0.2928680246238432,5.510502781040986,0.10468975406393642,0.1456053824247578,0.9946236717126299,0.05023139086551964
0.49094463578737985,-0.014547546149910776,-0.2829323370432152,5.560235367210949,0.0686138345322331,0.14025186486193933,0.9985571172293898,0.049804448150098324
0.49094463578737985,-0.014547546149910776,-0.2829323370432152,5.609979759156428,0.06357674759435399,0.16516121922408866,0.994867523536892,0.05000102100893855
0.5048659871047294,-0.026913933222885843,-0.27241310061236845,5.659908427676109,0.048873223536611096,0.1596560143790411,0.9982410351775457,0.05001664604060352
0.5048659871047294,-0.026913933222885843,-0.27241310061236845,5.709621724487965,0.04211986289576397,0.18181132387272364,0.9951194739702407,0.049957113806158304
0.5048659871047294,-0.026913933222885843,-0.27241310061236845,5.759510480461454,0.06615941238884158,0.1633075921742333,0.9980492437407059,0.04998626699671149
0.5048659871047294,-0.026913933222885843,-0.27241310061236845,5.809270010076389,0.059748963007418755,0.18915426177268804,0.9940648338860175,0.05005662399344146
0.5209911766180633,-0.0412246787897996,-0.2403924167988467,5.859139593044793,0.04312313539739422,0.17678423406222496,0.9978340775080722,0.049977831076830626
0.5209911766180633,-0.0412246787897996,-0.2403924167988467,5.908923765796521,0.03615336892456054,0.19161414391071568,0.9946530320377361,0.05005179811269045
0.5209911766180633,-0.0412246787897996,-0.2403924167988467,5.958798298152895,0.06250585476364773,0.17992264609649164,0.997803677832422,0.049984314013272524
0.5209911766180633,-0.0412246787897996,-0.2403924167988467,6.0085226006012675,0.0538585524138531,0.2009136821501698,0.9949368377801299,0.04997734585776925
0.5209911766180633,-0.0412246787897996,-0.2403924167988467,6.058388772914371,0.08106112944076112,0.18810525118522534,0.9975826980301906,0.04998700600117445
0.5209911766180633,-0.0412246787897996,-0.2403924167988467,6.108059584529193,0.07151228299629397,0.20788507258949235,0.9938975545136957,0.049975786125287414
0.5432869129953719,-0.053674454887576446,-0.18787090560415065,6.158011520348429,0.051026283250758475,0.18106202479018504,0.9977558216835968,0.05006428901106119
0.5432869129953719,-0.053674454887576446,-0.18787090560415065,6.207688784538822,0.046377693734457784,0.1855763873860067,0.995068298057124,0.04992347187362611
0.5432869129953719,-0.053674454887576446,-0.18787090560415065,6.2575909654701265,0.0748920243375116,0.18293874401456148,0.997885850626283,0.050007905112579465
0.5432869129953719,-0.053674454887576446,-0.18787090560415065,6.3074222352288425,0.06458685590816687,0.19398220118312842,0.9953804523547349,0.05006253602914512
0.5617609966281152,-0.061401672722577474,-0.15108737359259328,6.357295407688703,0.05562323527017869,0.178079626708666,0.9980519618146553,0.04997051693499088
0.5617609966281152,-0.061401672722577474,-0.15108737359259328,6.407054737992609,0.049219683975254155,0.1751840680176107,0.9950869381528732,0.05000500800088048
0.5617609966281152,-0.061401672722577474,-0.15108737359259328,6.456958124823373,0.07921694202828786,0.18004759750391008,0.9981002561079503,0.04999837093055248
0.5617609966281152,-0.061401672722577474,-0.15108737359259328,6.506811393594935,0.06816043501043291,0.18021687002936443,0.9954603557087576,0.05008061695843935
0.5784664315460473,-0.07112679159294769,-0.11632373170223054,6.556630723406434,0.06247503331223283,0.18362098536988147,0.9981790037762671,0.04991021612659097
0.5784664315460473,-0.07112679159294769,-0.11632373170223054,6.6064579553549425,0.0537551535774842,0.17095893726858669,0.9964563135236225,0.05000443197786808
0.5784664315460473,-0.07112679159294769,-0.11632373170223054,6.656360707975251,0.08612946162754986,0.18518904690126675,0.9982910869404859,0.049988178070634604
0.5784664315460473,-0.07112679159294769,-0.11632373170223054,6.70627674546694,0.07302464000560126,0.17559533252781448,0.995495753815724,0.050141888903453946
0.5957722775629991,-0.07715364889386234,-0.08538428084709479,6.756094098759134,0.07079749062236225,0.18274324880484755,0.9984317318553128,0.04989560297690332
0.5957722775629991,-0.07715364889386234,-0.08538428084709479,6.806511871106231,0.06166412032887936,0.1566969182180162,0.9965752108368674,0.050591035978868604
0.5957722775629991,-0.07715364889386234,-0.08538428084709479,6.85588488087331,0.09559956383347465,0.1840108961967102,0.9984916278630952,0.04944759514182806
0.5957722775629991,-0.07715364889386234,-0.08538428084709479,6.905726157867057,0.08111669009847888,0.16160319919120097,0.9968959419219608,0.049996468937024474
0.5957722775629991,-0.07715364889386234,-0.08538428084709479,6.955613161165334,0.11588023449169776,0.19074671165845425,0.9983017122287012,0.049971869913861156
0.6150530901669148,-0.08163389610365082,-0.05563522313972373,7.005432630360235,0.06244068407472478,0.15090226946864999,0.9962010798170632,0.05000945110805333
0.6150530901669148,-0.08163389610365082,-0.05563522313972373,7.055439846040728,0.10212545397771627,0.17697370959735442,0.998752954343334,0.05006965482607484
0.6150530901669148,-0.08163389610365082,-0.05563522313972373,7.105405796088368,0.0878241547463736,0.1388822007602676,0.9969825518822676,0.05011717602610588
0.6150530901669148,-0.08163389610365082,-0.05563522313972373,7.155187689073693,0.12333583888695307,0.18501473357658826,0.9985237329063881,0.049855493009090424
0.6373318017494252,-0.08143251215045046,-0.022600889298876554,7.205021329398422,0.06587126548198677,0.11348645803297569,0.9975888708772562,0.04995408607646823
0.6373318017494252,-0.08143251215045046,-0.022600889298876554,7.254978040968165,0.1068916702117923,0.1559405321738041,0.9990106127175378,0.05000618705525994
0.6373318017494252,-0.08143251215045046,-0.022600889298876554,7.304858419765242,0.09390112565456298,0.09846319630924438,0.9968941600893118,0.05003578192554414
0.6373318017494252,-0.08143251215045046,-0.022600889298876554,7.354674139343204,0.12812806314240535,0.16277005666732441,0.9987725711907236,0.049876939970999956
0.661447168197348,-0.08158029022442174,0.009141366263409051,7.404643400385471,0.06810321613757432,0.07225344091613274,0.9975957911962121,0.05008968710899353
0.6723996415027148,-0.08323919501243637,0.02060103809951835,7.454847802989195,0.08478233121789797,0.1333791763977593,0.9994715326117345,0.05023094802163541
0.6723996415027148,-0.08323919501243637,0.02060103809951835,7.504653758036489,0.07489688884734848,0.04587535265877671,0.9984954629192275,0.049881002865731716
0.6723996415027148,-0.08323919501243637,0.02060103809951835,7.554467074492913,0.1076684120840175,0.13632878658378159,0.9993152797826609,0.04984744801186025
0.6723996415027148,-0.08323919501243637,0.02060103809951835,7.604648465452919,0.09514975297855718,0.042217412698771814,0.9974447008994132,0.05030994792468846
0.692508507846126,-0.08535366321685307,0.037555331272116466,7.654378319674387,0.08841856997582828,0.1354133139412059,0.9994974789268464,0.0497548570856452
0.692508507846126,-0.08535366321685307,0.037555331272116466,7.704283752016006,0.07817174746239428,0.019539162654370085,0.998367981805709,0.049987012054771185
0.692508507846126,-0.08535366321685307,0.037555331272116466,7.754187766828133,0.1119997935522288,0.13521533763944354,0.999405188586726,0.049933715956285596
0.692508507846126,-0.08535366321685307,0.037555331272116466,7.804165516793059,0.09848888190930878,0.016314427730083528,0.998594452466976,0.050048094941303134
0.692508507846126,-0.08535366321685307,0.037555331272116466,7.854053596424514,0.13270669094385676,0.1401636924201553,0.9991817293842723,0.04992893501184881
0.712663396714296,-0.0865975292252855,0.05193057051158487,7.903992534330254,0.07883776904155268,0.007052463522791763,0.9978592884832675,0.05004607210867107
0.712663396714296,-0.0865975292252855,0.05193057051158487,7.953992379914175,0.11537187815743792,0.13355678541789867,0.9994881150631327,0.050025452859699726
0.7267836884035198,-0.08708233356665708,0.059222268903845895,8.00392572376069,0.0737610168647206,-0.014325953531764857,0.9986320828820157,0.05000174208544195
0.7267836884035198,-0.08708233356665708,0.059222268903845895,8.053921925420033,0.10984791510118691,0.1326778104625672,0.9995937890886988,0.050016518915072083
0.739732298004691,-0.08595341833722865,0.0698040977564445,8.10381133864669,0.07023065242083115,-0.03945523962497355,0.9980354947956795,0.049987614154815674
0.739732298004691,-0.08595341833722865,0.0698040977564445,8.153806065906881,0.10690564428895108,0.12559768288438922,0.9996593676699046,0.050011762883514166
0.739732298004691,-0.08595341833722865,0.0698040977564445,8.203670784377193,0.09303103143748044,-0.05530294990145784,0.9979037658792109,0.04996946617029607
0.739732298004691,-0.08595341833722865,0.0698040977564445,8.253664203962796,0.12809986311076255,0.13121867040667984,0.9994144414180818,0.050022710813209414
0.759993426986922,-0.08399692974559711,0.0811023695590838,8.303592369242761,0.0739344509253293,-0.07357522372174027,0.9985387583306198,0.05000122915953398
0.759993426986922,-0.08399692974559711,0.0811023695590838,8.353583529565686,0.11000209317609157,0.1198294895475262,0.9996451719053089,0.050008904887363315
0.7728387947586736,-0.08401393585025592,0.08317546810514297,8.403401284555548,0.0712323477862194,-0.09365779160031396,0.9979501210990008,0.049920085119083524
0.7728387947586736,-0.08401393585025592,0.08317546810514297,8.453383819495393,0.10671913970127433,0.12242916694860909,0.9996877296537373,0.04999814787879586
0.7728387947586736,-0.08401393585025592,0.08317546810514297,8.503279918257833,0.09243741336550942,-0.11176404953799429,0.9977082470927207,0.05001071095466614
0.7728387947586736,-0.08401393585025592,0.08317546810514297,8.553257211141926,0.12811215602765064,0.1287361213110406,0.9994419140005314,0.050005200086161494
0.7936987702203281,-0.08378921102742445,0.09286628405959339,8.60314574860908,0.0719004321903994,-0.12520264072140566,0.9984396034309823,0.04996650503017008
0.7936987702203281,-0.08378921102742445,0.09286628405959339,8.653134803232915,0.10945156832588362,0.1237281637793625,0.9997123517785218,0.05000343802385032
0.8051961671343296,-0.08428036813004387,0.09427717942484873,8.703033948450145,0.07139481518240998,-0.14512000879530165,0.9978144933492227,0.05000843899324536
0.8051961671343296,-0.08428036813004387,0.09427717942484873,8.753068043658503,0.10978682850955201,0.12915400122488782,0.9997306226275208,0.050047576893121004
0.8173739930100486,-0.0841047444649615,0.10077598399767944,8.802964913242278,0.06867465405173134,-0.16525860643676407,0.9977484977460234,0.05000946600921452
0.8173739930100486,-0.0841047444649615,0.10077598399767944,8.852968936037513,0.10864844388796496,0.130963456268703,0.999795933464237,0.05001422902569175
0.8173739930100486,-0.0841047444649615,0.10077598399767944,8.902845295487614,0.0913900226830327,-0.18637381690534802,0.997982466725755,0.049977190094068646
0.8173739930100486,-0.0841047444649615,0.10077598399767944,8.952844701180812,0.1310486086745329,0.13643478367349235,0.9995420787201853,0.050022311974316835
0.8354660177797351,-0.08251349888766618,0.10165010602370701,9.00269157809947,0.07658377011365157,-0.20115942812650636,0.9973320659726975,0.04998022085055709
0.8354660177797351,-0.08251349888766618,0.10165010602370701,9.05268661003499,0.11798044554884854,0.13529088472960618,0.9996776905002478,0.050011151004582644
0.8475140013738408,-0.0840083323388137,0.09832135861474084,9.102543358559068,0.07426185186627252,-0.213601259759602,0.9973210694559106,0.04999067005701363
0.8475140013738408,-0.0840083323388137,0.09832135861474084,9.152557075855983,0.11863006696314446,0.1487783968398728,0.9996895070632351,0.05002925102598965
0.8609438081921477,-0.08312187962409565,0.10161087955160633,9.202439780740947,0.07005868968568074,-0.2368721176763218,0.9977545931434257,0.049994963919743896
0.8609438081921477,-0.08312187962409565,0.10161087955160633,9.252411988738386,0.11647994376578968,0.14835904429493854,0.999731301724215,0.04998563905246556
0.8609438081921477,-0.08312187962409565,0.10161087955160633,9.302236981582082,0.09365545640339966,-0.262716929227901,0.9964830954134049,0.050000841030851007
0.8609438081921477,-0.08312187962409565,0.10161087955160633,9.352219013193293,0.14087802544450664,0.1549344953581283,0.9994643844716509,0.05000881711021066
0.8803243971534916,-0.0821052793769662,0.09676631515363313,9.402015120115689,0.07676042059585786,-0.2734029193731735,0.996525858131443,0.04996970877982676
0.8803243971534916,-0.0821052793769662,0.09676631515363313,9.45198904711639,0.12746332407850988,0.16194548748421955,0.9995792750989154,0.04999496112577617
0.893873997234857,-0.08218501321137789,0.09390048597374877,9.501846664699395,0.07334888825978317,-0.2942348752856099,0.9968669684074138,0.05001431400887668
0.893873997234857,-0.08218501321137789,0.09390048597374877,9.551804351395266,0.12721755082762676,0.16586079773748752,0.9995609751486457,0.04997962899506092
0.9046773004471389,-0.08123459729861568,0.09310162493949013,9.60157930408176,0.07623950778840324,-0.3217421446332901,0.9956385452590018,0.049992994870990515
0.9046773004471389,-0.08123459729861568,0.09310162493949013,9.651540986160976,0.1330477489674306,0.16727738080264876,0.9994678925790644,0.04998828121460974
0.9167038858947302,-0.08087753402504168,0.09288447469426718,9.701305369310035,0.07721849045803324,-0.345902130597475,0.9950300920942268,0.050012942869216204
0.9167038858947302,-0.08087753402504168,0.09288447469426718,9.751251456613696,0.13827057905209164,0.1747315796263188,0.9994077379058925,0.04997568600811064
0.9278950492838903,-0.08135785881155673,0.09227358320623591,9.80103209573871,0.08021624384774383,-0.3710081998481928,0.9950915535143686,0.050026190001517534
0.9278950492838903,-0.08135785881155673,0.09227358320623591,9.85100149974835,0.14504288350982125,0.1756155216022448,0.9993201668543377,0.05000339797697961
0.9408377536091627,-0.08196933056297094,0.08977203442558539,9.900749644829357,0.08144575557591321,-0.390491353892058,0.9948493873983816,0.05000570509582758
0.9408377536091627,-0.08196933056297094,0.08977203442558539,9.950741532897377,0.1520757138780781,0.18661620539045587,0.9992318886023563,0.0500303169246763
0.9535335690548599,-0.08148479543428305,0.08624683653105636,10.00033865580694,0.08250429293011029,-0.42136037163539275,0.9929607966013135,0.04994872212409973
0.9535335690548599,-0.08148479543428305,0.08624683653105636,10.050100488603057,0.07028825528581367,-0.03703098195286658,0.9950958530732001,0.050007074838504195
0.9655247290348393,-0.08038448070602902,0.08104258191383862,10.09963800622337,0.022607312740286982,-0.3415781380622136,0.9914611479730373,0.04996415413916111
0.9655247290348393,-0.08038448070602902,0.08104258191383862,10.149110601506592,1.6676278413729761e-12,-0.3484094190341272,0.9888896447484785,0.05002842890098691
0.9655247290348393,-0.08038448070602902,0.08104258191383862,10.198581668216146,3.862744272582075e-12,-0.3301105056753037,0.9897971779056174,0.04998101410456002
0.9655247290348393,-0.08038448070602902,0.08104258191383862,10.248224781193379,1.3117943109615297e-11,-0.33429066240561284,0.9903943983589185,0.05012458981946111
0.9774059977972118,-0.07933414678765709,0.043021376352290294,10.297693173947389,1.768947454243471e-12,-0.32538809727986434,0.9912565318799536,0.04990473319776356
0.9774059977972118,-0.07933414678765709,0.043021376352290294,10.347343868476402,3.67165049607692e-12,-0.3258337194538643,0.9913583248055485,0.05008349986746907
0.9774059977972118,-0.07933414678765709,0.043021376352290294,10.396817728883622,5.783151585080078e-11,-0.33315940282200385,0.9911899827065461,0.04991360008716583
0.9774059977972118,-0.07933414678765709,0.043021376352290294,10.44632868889841,1.677369207593058e-11,-0.3401629061669817,0.9909518309831078,0.04996303399093449
0.9773682602407204,-0.079198657470955,-0.012602994620894772,10.495940851720121,8.733161554516624e-11,-0.3155262836514399,0.991361954566772,0.05004444904625416
0.9773682602407204,-0.079198657470955,-0.012602994620894772,10.545509312714668,0.0034401570305736475,-0.32802105870109427,0.991468251125527,0.04999500582925975
0.9773682602407204,-0.079198657470955,-0.012602994620894772,10.595068374499604,0.006786361539017753,-0.3370025240957281,0.991363647075494,0.04999079997651279
0.9773682602407204,-0.079198657470955,-0.012602994620894772,10.64464335868151,0.01116540145101234,-0.34482249595336245,0.9912780732555785,0.05001117801293731
0.9799506738108403,-0.07947514037909298,-0.06740330566521573,10.694184140960425,0.0198989429918432,-0.31840981737285046,0.991708775835693,0.04995497013442218
0.9799506738108403,-0.07947514037909298,-0.06740330566521573,10.744091867185462,0.02505785446224937,-0.32905578653440287,0.9917284208334679,0.05032398505136371
0.9799506738108403,-0.07947514037909298,-0.06740330566521573,10.793518626038306,0.028208050430470304,-0.33777097443564413,0.9916375545846434,0.04984357301145792
0.9799506738108403,-0.07947514037909298,-0.06740330566521573,10.843406151841913,0.032091153101305704,-0.34560020073106384,0.9915524410200061,0.0503125439863652
0.9867531282677153,-0.08093030048517133,-0.12270400086111105,10.892594944394368,0.03478064526795749,-0.31373206593275704,0.9922780302647284,0.04957158281467855
0.9867531282677153,-0.08093030048517133,-0.12270400086111105,10.942252628523063,0.04074457332778985,-0.3231197784918618,0.992480204180232,0.050033929059281945
0.9867531282677153,-0.08093030048517133,-0.12270400086111105,10.99181320254131,0.04316101299070092,-0.3325955248763227,0.9922887875099521,0.049945716047659516
0.9867531282677153,-0.08093030048517133,-0.12270400086111105,11.041411534630491,0.0466235548889901,-0.34011384637412573,0.9921313382258135,0.04999169986695051
0.9929327233604901,-0.08261466984300689,-0.17927832494083815,11.09104871076863,0.051607142776994665,-0.3030217444285457,0.9929253429952348,0.049990844214335084
0.9929327233604901,-0.08261466984300689,-0.17927832494083815,11.141129386100696,0.05795244995853384,-0.3136490342537315,0.9931355872020177,0.050426825881004333
0.9929327233604901,-0.08261466984300689,-0.17927832494083815,11.19035466127886,0.060886798815834496,-0.32289323073547177,0.9931189035044006,0.04956634598784149
0.9929327233604901,-0.08261466984300689,-0.17927832494083815,11.240067826260056,0.06507807062368375,-0.3307405478571201,0.9931668618832284,0.0500551990699023
0.9929327233604901,-0.08261466984300689,-0.17927832494083815,11.289747976246819,0.06913703963339296,-0.33879174681652213,0.993177166521899,0.05002143792808056
1.003059540116608,-0.0854377755568731,-0.2349051129068879,11.339424387022948,0.06544699561515537,-0.2983003044127413,0.9938225456573027,0.04998519201762974
1.003059540116608,-0.0854377755568731,-0.2349051129068879,11.389069389879158,0.07143308621155404,-0.3071784602700202,0.9940628338887184,0.04994151392020285
1.003059540116608,-0.0854377755568731,-0.2349051129068879,11.438804225027262,0.07424547916900893,-0.3160483396956506,0.9940934829063736,0.050030340207740664
1.003059540116608,-0.0854377755568731,-0.2349051129068879,11.48849139410692,0.07837021649638842,-0.32364108131005465,0.994154429040048,0.04997932678088546
1.0131915392773536,-0.09046417167337398,-0.295898254123496,11.538250820692566,0.08129111930924864,-0.26446137694569244,0.9952590359827904,0.04999645799398422
1.0131915392773536,-0.09046417167337398,-0.295898254123496,11.588054212150363,0.0923884022153798,-0.27510720324651333,0.995722909041214,0.050017320085316896
1.0131915392773536,-0.09046417167337398,-0.295898254123496,11.63784971187386,0.09381533833457555,-0.28599123780050634,0.9957027698744434,0.05001040594652295
1.0131915392773536,-0.09046417167337398,-0.295898254123496,11.687602743128808,0.09806356624894388,-0.2929996145136659,0.9958497326975121,0.049960380187258124
1.0297372195824486,-0.09621847942874101,-0.3530947766378162,11.737466267805209,0.08204894582611116,-0.24059862802141996,0.9967011595668649,0.05002856091596186
1.0297372195824486,-0.09621847942874101,-0.3530947766378162,11.787319744263996,0.09080596695184914,-0.24666401924333256,0.9970467550151825,0.05000114208087325
1.0297372195824486,-0.09621847942874101,-0.3530947766378162,11.837201450125443,0.09504776578737673,-0.25481935747484824,0.9972130361164903,0.05002111289650202
1.0297372195824486,-0.09621847942874101,-0.3530947766378162,11.887060846529357,0.10100138047416189,-0.26129670634958724,0.9973872063983925,0.04999000998213887
1.0471634148604694,-0.10452278357715884,-0.4049841014015083,11.936965799865929,0.08420999994889189,-0.20156982334539297,0.9983313173223224,0.049988368060439825
1.0471634148604694,-0.10452278357715884,-0.4049841014015083,11.986914834112108,0.09436490743441742,-0.20691144261347466,0.9987381108663321,0.05001214402727783
1.0471634148604694,-0.10452278357715884,-0.4049841014015083,12.036840282509242,0.09947854657260241,-0.21316704559806413,0.9989522633043694,0.049977811984717846
1.0471634148604694,-0.10452278357715884,-0.4049841014015083,12.086814693136118,0.10571857412855289,-0.21840648472383242,0.9991494426981087,0.050016952911391854
1.063521092216786,-0.1140475806226444,-0.45139493798531427,12.136806907955243,0.09064077973942049,-0.15103677789793785,0.999974714566781,0.04999347892589867
1.063521092216786,-0.1140475806226444,-0.45139493798531427,12.186819465888993,0.10887171936064668,-0.15274863630277996,0.999999998672086,0.050012558000162244
1.063521092216786,-0.1140475806226444,-0.45139493798531427,12.236776168974679,0.11697170066835967,-0.1587013802129854,0.9999999998555219,0.0499567030929029
1.063521092216786,-0.1140475806226444,-0.45139493798531427,12.286859612026358,0.12237219854699614,-0.16330459552385354,0.9999999998979189,0.05008344305679202
1.0791446536016094,-0.12385679303886217,-0.48793141894971315,12.336796637902378,0.1050226662084187,-0.09794330648513973,0.9999999999860627,0.04993702587671578
1.0791446536016094,-0.12385679303886217,-0.48793141894971315,12.386797003958625,0.1229460005094368,-0.0959121914635026,0.9999999999981827,0.05000036605633795
1.0872932603239398,-0.12935838559085305,-0.5016992659379879,12.436908766905008,0.11700419463736254,-0.06762665227532028,0.9999999999982385,0.05011176294647157
1.0872932603239398,-0.12935838559085305,-0.5016992659379879,12.486851528098393,0.13261514444779515,-0.06425652575035676,0.9999999999884632,0.049942761193960905
1.094411256396862,-0.13507314128961145,-0.5106102447504025,12.536826483948072,0.12909538519715136,-0.03267197490180541,0.9999999999693155,0.049974955851212144
1.094411256396862,-0.13507314128961145,-0.5106102447504025,12.58681733793993,0.14643161989954606,-0.02760679799928581,0.9999999999726944,0.04999085399322212
1.1075813260698542,-0.1415025002436534,-0.5168070818115776,12.636797946918904,0.1283774979957243,-0.024482530098466404,0.999999999994677,0.04998060897924006
1.1075813260698542,-0.1415025002436534,-0.5168070818115776,12.687111094867925,0.13212925055943875,-0.013524550715634668,0.999999999999323,0.05031314794905484
1.1194038913087605,-0.14931311882424142,-0.5201349792292802,12.736857886932855,0.11358416046702446,0.006567737981958812,0.9999999999989965,0.04974679206497967
1.1194038913087605,-0.14931311882424142,-0.5201349792292802,12.786827230866644,0.1281327137717087,0.019402664319272407,0.9999999999916279,0.049969343934208155
1.1308899338657612,-0.15678820047296685,-0.5208842211972297,12.836820693027617,0.1118792537815601,0.03704490407325267,0.9999999999776096,0.04999346216209233
1.1308899338657612,-0.15678820047296685,-0.5208842211972297,12.886824680996607,0.12782263125365032,0.051830435136205395,0.9999999999831802,0.05000398796983063
1.1419971902634305,-0.16364235861991103,-0.5174648524513376,12.936803575876509,0.11351130425525549,0.06148256315504016,0.9999999999972033,0.04997889488004148
1.1419971902634305,-0.16364235861991103,-0.5174648524513376,12.986824096917497,0.1293701868614047,0.07793451680544419,0.9999999999996432,0.05002052104100585
1.1524690855938964,-0.16937509962202082,-0.5109021022875256,13.036841763920437,0.1181932424334681,0.0776350010389112,0.9999999999992806,0.05001766700297594
1.1524690855938964,-0.16937509962202082,-0.5109021022875256,13.08698597903446,0.13355964995786235,0.09553882400090444,0.9999999999921595,0.05014421511441469
1.1650515021485346,-0.1764043915342752,-0.5032724072177626,13.136834217971039,0.11869156447237965,0.09912480189318182,0.999999999980392,0.049848238937556744
1.1650515021485346,-0.1764043915342752,-0.5032724072177626,13.186837351917509,0.1359226660219572,0.12044364282288761,0.9999999999888116,0.05000313394702971
1.176588500395817,-0.18320707309803974,-0.49397004840746617,13.236870124041246,0.12433837429167453,0.1284845079737552,0.9999999999984598,0.05003277212381363
1.176588500395817,-0.18320707309803974,-0.49397004840746617,13.286819431035912,0.14132919913061492,0.14971323388589003,0.9999999999997827,0.04994930699467659
1.1892860771961862,-0.1899200745887514,-0.48251891312605316,13.336796314026325,0.12862023943027207,0.15178787902073101,0.999999999999254,0.04997688299044967
1.1892860771961862,-0.1899200745887514,-0.48251891312605316,13.38683943500617,0.14507678047098566,0.17473428325110088,0.9999999999916722,0.050043120980262756
1.202074376621597,-0.19676914648800065,-0.46920245842039293,13.436839182896309,0.1315335959575867,0.17886106158020784,0.9999999999831927,0.04999974789097905
1.202074376621597,-0.19676914648800065,-0.46920245842039293,13.486866201076039,0.1468343001901385,0.2019078123606754,0.9999999999922662,0.05002701818011701
1.213578138039425,-0.20289822382827544,-0.4545183866491193,13.53680330308833,0.13524485178798712,0.20604796324312047,0.9999999999990998,0.049937102012336254
1.213578138039425,-0.20289822382827544,-0.4545183866491193,13.586779349052609,0.14883551362218841,0.22766234644972283,0.9999999999998422,0.04997604596428573
1.2277127276081468,-0.20948768881986343,-0.4382832886743523,13.63679931292984,0.13290391190962014,0.22744935913571127,0.999999999999097,0.050019963877275586
1.2277127276081468,-0.20948768881986343,-0.4382832886743523,13.68687319898672,0.14641590306879987,0.25102571282964947,0.9999999999903807,0.05007388605736196
1.240938013700369,-0.21639209444714888,-0.42017740215080907,13.736775120986529,0.12710391765998236,0.2575805918732319,0.9999999999846994,0.049901922000572085
1.240938013700369,-0.21639209444714888,-0.42017740215080907,13.786778271929911,0.13823250482023744,0.2788470409414271,0.999999999994326,0.0500031509436667
1.2552162020730722,-0.22191856785049377,-0.3978630693419798,13.83677372688945,0.12590104965209187,0.2690105845622023,0.9999999999993618,0.04999545495957136
1.2552162020730722,-0.22191856785049377,-0.3978630693419798,13.886856580884707,0.1376534037846657,0.29197467351867884,0.9999999999998659,0.050082853995263577
1.269252373385912,-0.2270500376090042,-0.37173827885469474,13.936797054983058,0.12747531285236513,0.2790456012527581,0.9999999999960685,0.04994047409854829
1.269252373385912,-0.2270500376090042,-0.37173827885469474,13.986854634978197,0.13859399340809264,0.30198129324088685,0.9999999999815079,0.050057579996064305
1.2837232960923353,-0.23308448071512894,-0.34480353588245616,14.03684327102621,0.11968775384611255,0.2976345229249421,0.9999999999900425,0.04998863604851067
1.2837232960923353,-0.23308448071512894,-0.34480353588245616,14.086935333938989,0.12903206128016345,0.31899657906568524,0.99999999999794,0.050092062912881374
1.2969121585976537,-0.23771957238314798,-0.32050656950356265,14.136779808005024,0.11459218019698657,0.3136159895414403,0.9999999999997259,0.04984447406604886
1.2969121585976537,-0.23771957238314798,-0.32050656950356265,14.186807794993431,0.12420689850624626,0.3339155229266315,0.9999999999996371,0.050027986988425255
1.3084613443260644,-0.24116612165105417,-0.29440834027670626,14.236776096078959,0.11690872435409139,0.3235031245601247,0.9999999999954331,0.04996830108575523
1.3084613443260644,-0.24116612165105417,-0.29440834027670626,14.286837403925647,0.1267496600552644,0.34345612505127754,0.9999999999837784,0.05006130784749985
1.3209140631067275,-0.24434479520740643,-0.26646512720758797,14.336785174004861,0.1195504482543704,0.3300908308663058,0.9999999999923124,0.04994777007959783
1.3209140631067275,-0.24434479520740643,-0.26646512720758797,14.386798878928676,0.1292489776290125,0.3503592256623783,0.9999999999980587,0.05001370492391288
1.3338980136557588,-0.24775880468896153,-0.23617624225922795,14.436794410955173,0.11859755531288992,0.3377449803099558,0.9999999999996474,0.04999553202651441
1.3338980136557588,-0.24775880468896153,-0.23617624225922795,14.48684545306674,0.12798488167872246,0.35789693436156317,0.9999999999995441,0.050051042111590505
1.3338980136557588,-0.24775880468896153,-0.23617624225922795,14.536779255868659,0.13536111693921843,0.372717429778864,0.9999999999960569,0.04993380280211568
1.3461696400712937,-0.25061882805888086,-0.20520353455633528,14.587015199038342,0.12657853214467488,0.3581018255081329,0.9999999999884526,0.05023594317026436
1.3461696400712937,-0.25061882805888086,-0.20520353455633528,14.636821124032775,0.13602316078807372,0.37777471494232695,0.9999999999911987,0.04980592499487102
1.3599747018656003,-0.25435036859042814,-0.17318707686350412,14.686887095943636,0.11710824348590791,0.3699775796792897,0.9999999999981461,0.05006597191095352
1.3599747018656003,-0.25435036859042814,-0.17318707686350412,14.736806871863607,0.125670158243185,0.3885493492216726,0.9999999999996533,0.04991977591998875
1.3716780271328421,-0.25698572467742326,-0.1410522346720163,14.786955483984695,0.11443197200734714,0.3771582152517381,0.9999999999993593,0.050148612121120095
1.3716780271328421,-0.25698572467742326,-0.1410522346720163,14.836842428921083,0.12412311089139262,0.39553581724687553,0.999999999995991,0.04988694493658841
1.384826345585192,-0.2589371225707585,-0.10776261045018917,14.88693622898287,0.1132522203304422,0.37996600386236873,0.9999999999895111,0.050093800062313676
1.384826345585192,-0.2589371225707585,-0.10776261045018917,14.936793384868029,0.1235267234802259,0.39880190538727217,0.9999999999921846,0.0498571558855474
1.3975096917555687,-0.26013727325419217,-0.0751690885124625,14.986870514954665,0.11488334350301346,0.3808302298775249,0.999999999998332,0.05007713008671999
1.3975096917555687,-0.26013727325419217,-0.0751690885124625,15.036831683972128,0.12524914193269138,0.39917944957594154,0.9999999999996815,0.049961169017478824
1.4101399659819318,-0.26105898200567995,-0.04246762819537654,15.086822592913348,0.11628056989139231,0.3820037554197189,0.9999999999993341,0.04999090894125402
1.4101399659819318,-0.26105898200567995,-0.04246762819537654,15.13683976608234,0.12662064974506507,0.40006916335051734,0.9999999999962315,0.05001717316918075
1.4230228689125897,-0.26134313948408006,-0.008309596908626878,15.186813898876762,0.11926615876647303,0.3786385062148993,0.9999999999907004,0.04997413279488683
1.4230228689125897,-0.26134313948408006,-0.008309596908626878,15.236794421941104,0.13004754882831818,0.3969924869758921,0.9999999999921794,0.04998052306473255
1.4364060714193476,-0.26118497583839234,0.02451608520438413,15.286775363868088,0.12041151411374364,0.3761086981405753,0.9999999999984772,0.049980941927060485
1.4364060714193476,-0.26118497583839234,0.02451608520438413,15.336813783066319,0.13088064965732576,0.39332262223763126,0.9999999999997282,0.05003841919824481
1.4484230871500992,-0.25975530199078306,0.058503089279924675,15.386860055874976,0.13057143340296365,0.3624631620683186,0.999999999999441,0.0500462728086859
1.4484230871500992,-0.25975530199078306,0.058503089279924675,15.436840089995234,0.14220745409980193,0.38088009725739913,0.9999999999975611,0.04998003412038088
1.463102553275447,-0.258097030039553,0.08958425854076632,15.486916949066632,0.13175459166097025,0.3579610221494454,0.9999999999909613,0.05007685907185078
1.463102553275447,-0.258097030039553,0.08958425854076632,15.536832500041228,0.14207712295138533,0.37521243265476595,0.9999999999893088,0.04991555097512901
1.4770762076518251,-0.2572999555635916,0.12209006013941759,15.586812194927267,0.12708450163666665,0.3577651938892247,0.9999999999981032,0.049979694886133075
1.4770762076518251,-0.2572999555635916,0.12209006013941759,15.636825104967347,0.13685579549356255,0.3722713580529114,0.9999999999996789,0.05001291004009545
1.4887644289292172,-0.2557415569089271,0.15746523434519705,15.686784484914138,0.13260222582274425,0.34460072603192377,0.999999999999564,0.04995937994681299
1.4887644289292172,-0.2557415569089271,0.15746523434519705,15.736806747993933,0.14436323186666125,0.3601599918992871,0.9999999999982523,0.05002226307988167
1.5031924467687245,-0.253203099823028,0.19050063179512922,15.786777528027002,0.13275498057518903,0.3357042469456515,0.9999999999890186,0.04997078003361821
1.5031924467687245,-0.253203099823028,0.19050063179512922,15.83678371205483,0.14424113928694293,0.35015364923175746,0.9999999999873149,0.050006184028461576
1.5173037343726754,-0.24957164739756046,0.22324263809453643,15.886966679966967,0.1363850847966131,0.31680629922873893,0.9999999999946481,0.05018296791240573
1.5173037343726754,-0.24957164739756046,0.22324263809453643,15.936872252984662,0.1507598183338329,0.32906540127730644,0.9999999999959742,0.04990557301789522
1.5306341770427527,-0.24749578392751223,0.25729305414480536,15.986843995074492,0.13815061951662147,0.30981846368055105,0.9999999999998468,0.04997174208983779
1.5306341770427527,-0.24749578392751223,0.25729305414480536,16.036851377947933,0.15005761270313103,0.3196084775820816,0.9999999999999212,0.05000738287344575
1.5455558648934655,-0.2440468545558345,0.2895461362121722,16.086849591950436,0.13427806737850717,0.29857450678104436,0.999999999996079,0.04999821400269866
1.5455558648934655,-0.2440468545558345,0.2895461362121722,16.136861742030778,0.14696893879262868,0.30665426732606593,0.9999999999893272,0.05001215008087456
1.5573701291965572,-0.23998519204940685,0.32196176044955177,16.186855176020128,0.143895303855075,0.2696764555066216,0.9999999999953302,0.049993433989584446
1.5573701291965572,-0.23998519204940685,0.32196176044955177,16.236873870038913,0.16239326165155463,0.2746547626122318,0.9999999999968127,0.0500186940189451
1.5573701291965572,-0.23998519204940685,0.32196176044955177,16.28679403990831,0.17319767291411434,0.28092348073355994,0.999999999999195,0.049920169869437814
1.569909874821594,-0.23508752388927096,0.3548503668608032,16.336950463963177,0.16861152428604864,0.24199724728961747,0.9999999999997976,0.05015642405487597
1.5855277742821177,-0.22984725600635184,0.3833982022825194,16.38678800503081,0.15774169000695515,0.21979393434595157,0.9999999999931735,0.04983754106797278
1.5855277742821177,-0.22984725600635184,0.3833982022825194,16.43677764597582,0.1740253068065038,0.2197495740534563,0.9999999999888743,0.04998964094556868
1.5855277742821177,-0.22984725600635184,0.3833982022825194,16.48678060203965,0.18714755522577406,0.21696290928134943,0.9999999999882876,0.05000295606441796
1.5987014027209014,-0.22281071768685481,0.40947800167596105,16.53678436602637,0.18096981638808077,0.18080710144814705,0.9999999999993711,0.05000376398675144
1.6159674991642807,-0.21504043615529225,0.433715415226894,16.586845455013062,0.16585469526531066,0.15103860325043095,0.9999999999998984,0.05006108898669481
1.6159674991642807,-0.21504043615529225,0.433715415226894,16.636824989013213,0.18368145597265917,0.14155790155560635,0.9999999999998269,0.04997953400015831
1.6159674991642807,-0.21504043615529225,0.433715415226894,16.686813856029655,0.19487206966818355,0.14134307940058252,0.9999999999986484,0.049988867016509175
1.6341114408363793,-0.20682006887682336,0.4522310026808938,16.736823760923954,0.16248315657466864,0.12609862141306558,0.999999999986436,0.05000990489497781
1.6341114408363793,-0.20682006887682336,0.4522310026808938,16.78678580305585,0.17374474363051173,0.11269682478147935,0.9999999999900414,0.049962042132392526
1.6503050312701704,-0.19858160509153128,0.46558657576880996,16.836841837056422,0.148482888263723,0.09668963797874844,0.999999999999633,0.050056034000590444
1.6658201839347822,-0.1913343259239698,0.47716554139894735,16.886846538885003,0.12143002640148946,0.075021787546274,0.9999999999999244,0.050004701828584075
1.6658201839347822,-0.1913343259239698,0.47716554139894735,16.93679708593568,0.13265160278949387,0.05963642866800108,0.9999999999998325,0.04995054705068469
1.6807799739238927,-0.18303160073622873,0.48443456708239585,16.98684059597557,0.10392854138974375,0.051090954664117325,0.9999999999924291,0.0500435100402683
1.6807799739238927,-0.18303160073622873,0.48443456708239585,17.0368555870553,0.1121301123754332,0.03432871052828236,0.9999999999868566,0.05001499108038843
1.6807799739238927,-0.18303160073622873,0.48443456708239585,17.086982517986222,0.12291604636982292,0.031229257067946648,0.9999999999868427,0.05012693093158305
1.6912625663250487,-0.17759160084520126,0.49179540767101354,17.137028706975833,0.10855713381356659,0.021644107809112557,0.999999999999125,0.05004618898965418
1.6999243375548663,-0.17166301280763427,0.49571012077018456,17.186818355944553,0.09926942896937435,0.0029394180898541823,0.9999999999998832,0.0497896489687264
1.6999243375548663,-0.17166301280763427,0.49571012077018456,17.236835249949735,0.11025784384056123,-0.007835761645121654,0.9999999999988403,0.05001689400523901
1.6999243375548663,-0.17166301280763427,0.49571012077018456,17.286856513952635,0.11945988609204511,-0.011857534872480932,0.999999999986187,0.05002126400358975
1.6999243375548663,-0.17166301280763427,0.49571012077018456,17.336851836896223,0.12835222809619662,-0.0162051469235061,0.9999999999798197,0.04999532294459641
1.6999243375548663,-0.17166301280763427,0.49571012077018456,17.386840306936268,0.13715447827353755,-0.020595141802007846,0.9999999999956419,0.049988470040261745
1.7182545418304278,-0.16156319244313525,0.49657460026685596,17.436909895871263,0.10389852449236922,-0.027167134047598827,0.9999999999998249,0.050069588935002685
1.7182545418304278,-0.16156319244313525,0.49657460026685596,17.48696155684669,0.11306430144791695,-0.04297608844743862,0.9999999999997367,0.05005166097544134
1.7299618752243793,-0.1556325319795818,0.49474450713158075,17.537210196970218,0.09571791436686417,-0.04564000517206542,0.9999999999955,0.05024864012375474
1.7299618752243793,-0.1556325319795818,0.49474450713158075,17.58694131301215,0.103897022900432,-0.056683740850995534,0.9999999999704094,0.049731116043403745
1.737683052796995,-0.1509165154468898,0.4938510405025781,17.63688470494365,0.09416316550827225,-0.06225359845288124,0.9999999999864799,0.04994339193217456
1.737683052796995,-0.1509165154468898,0.4938510405025781,17.686847246032062,0.10248371788087061,-0.07071184640561773,0.9999999999989789,0.049962541088461876
1.737683052796995,-0.1509165154468898,0.4938510405025781,17.736841902848177,0.11080506420482288,-0.07515239333028423,0.99999999999978,0.049994656816124916
1.737683052796995,-0.1509165154468898,0.4938510405025781,17.78687449289794,0.11902479209586428,-0.07980552049779789,0.9999999999902727,0.05003259005025029
1.7558806679676047,-0.14157689726781267,0.48470393091542674,17.837066738877276,0.08674883241494895,-0.07873684990677741,0.9999999999723445,0.05019224598072469
1.7558806679676047,-0.14157689726781267,0.48470393091542674,17.886896844030602,0.09337505242597295,-0.090587609543304,0.9999999999522652,0.049830105155706406
1.7667539490714295,-0.13640027589968962,0.47779561361277956,17.937008315937813,0.07789278467995195,-0.09031357842598252,0.9999999999809353,0.050111471908167005
1.7667539490714295,-0.13640027589968962,0.47779561361277956,17.98683771491814,0.08491275755819577,-0.09851335335507164,0.9999999999991923,0.0498293989803642
1.7667539490714295,-0.13640027589968962,0.47779561361277956,18.036884873880222,0.09300408453811405,-0.10297549525826881,0.9999999999993265,0.050047158962115645
1.7667539490714295,-0.13640027589968962,0.47779561361277956,18.086788791935444,0.10107311048179965,-0.10758830582716768,0.9999999999507015,0.04990391805768013
1.7839705791041085,-0.12703605382517513,0.46318918540965753,18.13726643589416,0.07038737914622385,-0.10546429561803548,0.9999999999161298,0.050477643962949514
1.7839705791041085,-0.12703605382517513,0.46318918540965753,18.186812759842457,0.07652768117716725,-0.11462207593592941,0.9999999999763395,0.049546323949471116
1.7839705791041085,-0.12703605382517513,0.46318918540965753,18.236878850962682,0.08449422834907411,-0.11913001597921563,0.9999999999996251,0.05006609112024307
1.7839705791041085,-0.12703605382517513,0.46318918540965753,18.28699551103577,0.09251551123556738,-0.12376544765030278,0.9999999999937332,0.050116660073399544
1.7997775666573352,-0.11980626463801432,0.4443472180165692,18.336813061031823,0.0670147903622024,-0.11633755388924857,0.9999999999994666,0.049817549996078014
1.7997775666573352,-0.11980626463801432,0.4443472180165692,18.3868593189326,0.07286559985495672,-0.1236911036216135,0.999999999865201,0.050046257907524705
1.7997775666573352,-0.11980626463801432,0.4443472180165692,18.43684618196946,0.08093802607450563,-0.12825578915182692,0.9999999998739839,0.049986863043159246
1.7997775666573352,-0.11980626463801432,0.4443472180165692,18.486864102748367,0.08898414664215792,-0.13285449097810015,0.999999995155678,0.05001792102120817
1.8141269386501893,-0.11344030444812034,0.4221107004582969,18.53684242160242,0.06710452392751746,-0.12349888832645463,0.9999999999404603,0.04997831885702908
1.8141269386501893,-0.11344030444812034,0.4221107004582969,18.586872024568354,0.07314456317033072,-0.12964622879473234,0.9999999561167497,0.05002960516139865
1.8141269386501893,-0.11344030444812034,0.4221107004582969,18.636834691032895,0.08130293417282039,-0.13418482210295826,0.9999890418482114,0.049963213969022036
1.8141269386501893,-0.11344030444812034,0.4221107004582969,18.68684327926157,0.08942807426099304,-0.13875582049172874,0.9998258049843666,0.05001730099320412
1.8291119795316395,-0.10717532209968457,0.40020692524313217,18.736828646237484,0.066554046396682,-0.12955287627220233,0.9999848778303567,0.04998612287454307
1.8291119795316395,-0.10717532209968457,0.40020692524313217,18.78688505187746,0.07315104349726703,-0.1349100928720898,0.9997848795977105,0.0500671761110425
1.8291119795316395,-0.10717532209968457,0.40020692524313217,18.836841885049818,0.08139929591806086,-0.13939860550207467,0.9995358003309228,0.049980033887550235
1.8291119795316395,-0.10717532209968457,0.40020692524313217,18.88676059829681,0.08961670852489044,-0.1439369803085047,0.999298674671863,0.04995374707505107
1.842825640760301,-0.10067567347142338,0.37479286117141386,18.936747376523687,0.06881804568499039,-0.13483148092616526,0.9994835568605139,0.05001260689459741
1.842825640760301,-0.10067567347142338,0.37479286117141386,18.986708012890166,0.07574881642137407,-0.13933464356906983,0.9992342281290312,0.049998924136161804
1.842825640760301,-0.10067567347142338,0.37479286117141386,19.03664282147044,0.08411567926092439,-0.14377715083199386,0.999008161322464,0.04998438502661884
1.842825640760301,-0.10067567347142338,0.37479286117141386,19.086635835155278,0.09245536575052044,-0.14826660419923376,0.9987817105318889,0.05005399393849075
1.857366029122837,-0.09505653443331995,0.34912725413776147,19.136565744318418,0.07132165150088579,-0.13681605632572744,0.9990553507506506,0.04997712001204491
1.857366029122837,-0.09505653443331995,0.34912725413776147,19.18649973289661,0.07887127464111769,-0.140666462418752,0.9988478992945496,0.04999158391728997
1.857366029122837,-0.09505653443331995,0.34912725413776147,19.236462420338697,0.0873831841995443,-0.14501375517485274,0.9986393626266868,0.05003076116554439
1.857366029122837,-0.09505653443331995,0.34912725413776147,19.286394051395593,0.09587422614935441,-0.14940831038953425,0.9984325788239039,0.05001001781783998
1.8719308157422816,-0.08957764237575097,0.32290148470430263,19.336282631092455,0.0748771737901765,-0.13782582830815698,0.9987024605464538,0.04995339619927108
1.8719308157422816,-0.08957764237575097,0.32290148470430263,19.38618564519772,0.08294885424777489,-0.14106303670110873,0.9985165660358086,0.04997715190984309
1.8719308157422816,-0.08957764237575097,0.32290148470430263,19.436033321545622,0.09160032342435734,-0.14528513668286064,0.9981755532070321,0.04993878700770438
1.8719308157422816,-0.08957764237575097,0.32290148470430263,19.486008829297944,0.1002236048692207,-0.14955015690354254,0.9980027704081613,0.05007552006281912
1.887854440560359,-0.08460643886769931,0.2975907920004377,19.53587216349562,0.0772832895101688,-0.13694481829463992,0.9983299462164105,0.04994674795307219
1.887854440560359,-0.08460643886769931,0.2975907920004377,19.585797505082795,0.08589027937658647,-0.13956170893777659,0.9981741608868023,0.05001666396856308
1.887854440560359,-0.08460643886769931,0.2975907920004377,19.63577978834197,0.09471236776788944,-0.14365571410298122,0.9980044491251199,0.050082224886864424
1.887854440560359,-0.08460643886769931,0.2975907920004377,19.685598543075454,0.10350881891078252,-0.14777362077928627,0.9978354061937389,0.04992682603187859
1.9051579189607482,-0.07919121298699057,0.27238107512930476,19.73551390357295,0.07754982269828736,-0.13613607900946406,0.9981510779462642,0.050007821060717106
1.9051579189607482,-0.07919121298699057,0.27238107512930476,19.785417166557437,0.08655099277890084,-0.13805129334645844,0.998034841122203,0.05000152392312884
1.9051579189607482,-0.07919121298699057,0.27238107512930476,19.835255227638502,0.09551776675641227,-0.14198961129343396,0.9978798629912552,0.04994394909590483
1.9051579189607482,-0.07919121298699057,0.27238107512930476,19.88523503967785,0.1044295621845865,-0.14592326166515565,0.9977279770911014,0.05009362590499222
1.925300082664471,-0.07306119794756344,0.24731338735170397,19.935134996021127,0.07256978573009025,-0.13542905251834586,0.9980910114286945,0.04999539698474109
1.925300082664471,-0.07306119794756344,0.24731338735170397,19.985019439452692,0.08189712064058545,-0.13634250969045525,0.9979854865828409,0.04998513916507363
1.925300082664471,-0.07306119794756344,0.24731338735170397,20.034922410064976,0.09100516366356454,-0.14011153623135403,0.9978417245042225,0.05001090792939067
1.925300082664471,-0.07306119794756344,0.24731338735170397,20.084799146578643,0.10006086640575201,-0.14385623639408618,0.9977149373146359,0.04999096901156008
1.9422177300304504,-0.06907783677107013,0.22350505558013925,20.134617461797657,0.07589758835268956,-0.13155667923160214,0.9980484752613097,0.04991572699509561
1.9422177300304504,-0.06907783677107013,0.22350505558013925,20.184555831148216,0.08573309631907125,-0.13240654084407982,0.9979649650217868,0.05004020291380584
1.9422177300304504,-0.06907783677107013,0.22350505558013925,20.23446280651497,0.09498236569725588,-0.13598958213317766,0.9978339694087709,0.05001531005837023
1.9422177300304504,-0.06907783677107013,0.22350505558013925,20.284515347770448,0.10417034942046663,-0.13953519380146548,0.9977047038668428,0.050167690962553024
1.9422177300304504,-0.06907783677107013,0.22350505558013925,20.334196440501017,0.11338531020617568,-0.1431546214014369,0.9975814530120903,0.04980154009535909
1.959198452125797,-0.06511393615854026,0.1988595236597697,20.38412637102723,0.08913471173668329,-0.13044973610661517,0.9979201256217011,0.0500339949503541
1.9709195976762761,-0.062482717472367666,0.188194649509232,20.434040768326053,0.07579478827879499,-0.12518961014958496,0.9981214166904889,0.0500083421356976
1.9709195976762761,-0.062482717472367666,0.188194649509232,20.483929510558873,0.08554588349763287,-0.12604360893563407,0.9980300253329611,0.04998721578158438
1.9709195976762761,-0.062482717472367666,0.188194649509232,20.533844150756597,0.09497196931652752,-0.12926667370215575,0.9979123573686819,0.050019062124192715
1.9709195976762761,-0.062482717472367666,0.188194649509232,20.583686254167826,0.1043407377083338,-0.13249069198088817,0.9977955210274807,0.049952222034335136
1.9709195976762761,-0.062482717472367666,0.188194649509232,20.63355740816813,0.11369678212564488,-0.1357641792756455,0.997687627431571,0.049986741971224546
1.9883047779761496,-0.05965211629966853,0.16569206925338276,20.68380541266628,0.08930273043778707,-0.12253239047415417,0.9980355794794196,0.050346906995400786
1.9883047779761496,-0.05965211629966853,0.16569206925338276,20.733379726675654,0.10000001760878416,-0.12231807977526074,0.9979851008340128,0.04967440292239189
1.9979344764914213,-0.0577016770266891,0.15568261017505294,20.78325733657932,0.0902246136442692,-0.11989007334920997,0.9980866923232831,0.049973224056884646
1.9979344764914213,-0.0577016770266891,0.15568261017505294,20.83319956456831,0.10018504822366633,-0.12063550943797183,0.998012676999359,0.050041676964610815
1.9979344764914213,-0.0577016770266891,0.15568261017505294,20.883086588483973,0.10976842683106999,-0.12357944407165236,0.997901820401031,0.04999191593378782
1.9979344764914213,-0.0577016770266891,0.15568261017505294,20.932949324857788,0.11928866195741211,-0.12649512610824346,0.9978028787852499,0.04997253208421171
2.0163587576728874,-0.055112606723490734,0.1349189817261048,20.982913209125005,0.09280169554558232,-0.11440876802854125,0.9981492582091286,0.050056525971740484
2.0163587576728874,-0.055112606723490734,0.1349189817261048,21.03277865278567,0.10360516990719622,-0.11351545590843445,0.9981064804670171,0.04996004397980869
2.0264894480329256,-0.05414463932303776,0.1219376114590896,21.08271828852755,0.09369458456061744,-0.10632288776402703,0.998247250722384,0.050027321092784405
2.0264894480329256,-0.05414463932303776,0.1219376114590896,21.132591937323824,0.10417999056086535,-0.10669459565775995,0.9981867013524506,0.04996424890123308
2.0362054685056346,-0.05321978252917253,0.11073151844372531,21.18261077962028,0.09496168752867576,-0.10089121550674111,0.9983095869448159,0.050103537971153855
2.0362054685056346,-0.05321978252917253,0.11073151844372531,21.232470914851376,0.10537523821565198,-0.10122325389902725,0.9982513660213921,0.04994747508317232
2.0362054685056346,-0.05321978252917253,0.11073151844372531,21.282402201128278,0.11516791210794972,-0.10357805377473639,0.9986021764825921,0.05000117910094559
2.0362054685056346,-0.05321978252917253,0.11073151844372531,21.332341855057994,0.1248887982148303,-0.10590283195092094,0.9984761247553312,0.05001587187871337
2.0570875035471934,-0.050487897841517124,0.09165308056266584,21.3822618940758,0.09324575185816136,-0.09619631436965337,0.9987985624121657,0.04998008697293699
2.0570875035471934,-0.050487897841517124,0.09165308056266584,21.43218609813772,0.10403789583103815,-0.09448480327470374,0.9987317071984342,0.04998760297894478
2.070076228703433,-0.04947663298281802,0.0816025486071815,21.482134919573312,0.08825686191993853,-0.08956972133890784,0.9988796136321335,0.05000484618358314
2.070076228703433,-0.04947663298281802,0.0816025486071815,21.532090646922548,0.09866407377634137,-0.08891414142016489,0.9987926370385966,0.050016114953905344
2.079964353878339,-0.048820469382010324,0.07286201704992337,21.582031079402093,0.08909190401759771,-0.08467046694600387,0.9990304746574978,0.04998889798298478
2.079964353878339,-0.048820469382010324,0.07286201704992337,21.63194277781744,0.09946563330730318,-0.08451222917977765,0.9989346224323373,0.049964929930865765
2.079964353878339,-0.048820469382010324,0.07286201704992337,21.681867300086424,0.10934134441045823,-0.08635188059723731,0.9988084842362672,0.04998407908715308
2.079964353878339,-0.048820469382010324,0.07286201704992337,21.731850550627165,0.11918304689580164,-0.08815273119567998,0.9986861179683998,0.05004900903441012
2.0977403322828874,-0.04786689893667516,0.057927475720929794,21.78180766984447,0.09407857198410312,-0.07860584174911352,0.9989419376192258,0.05001003295183182
2.0977403322828874,-0.04786689893667516,0.057927475720929794,21.831698402264543,0.10487066757706902,-0.07711702538320396,0.9988705745031918,0.049947143997997046
2.1089660719504413,-0.046706795255028265,0.0499485365192887,21.881709923331883,0.09241810055809138,-0.07486099945382862,0.9991136517561264,0.05005588801577687
2.1089660719504413,-0.046706795255028265,0.0499485365192887,21.93165035798645,0.10272843784752053,-0.07422325735738484,0.9990176291594457,0.0499895429238677
2.117073728124148,-0.045345426750285654,0.04342939166198876,21.98156078849338,0.09636664146355371,-0.0740052612225063,0.9990523275351059,0.04995777411386371
2.117073728124148,-0.045345426750285654,0.04342939166198876,22.031599375066374,0.10655273317636747,-0.07380754335840074,0.9989558916689526,0.05009088688530028
2.117073728124148,-0.045345426750285654,0.04342939166198876,22.081479053652053,0.1165202797940029,-0.0752578413066955,0.9988306418365108,0.04993807408027351
2.117073728124148,-0.045345426750285654,0.04342939166198876,22.13143555211907,0.1264281419418141,-0.07667212202109357,0.9987164617668829,0.05002070195041597
2.1357533859288376,-0.04445014146723835,0.02836763760244695,22.181363801051347,0.09945151566728405,-0.06751142372488148,0.9991126305276092,0.049972593085840344
2.1357533859288376,-0.04445014146723835,0.02836763760244695,22.231324214084946,0.1103158484122019,-0.06560248388134325,0.9990364474248283,0.05000859894789755
2.1469965547781773,-0.044664425456626466,0.021788363660437984,22.281259027174002,0.09811087755428484,-0.060888835739124805,0.9991398404442292,0.04997780197300017
2.1469965547781773,-0.044664425456626466,0.021788363660437984,22.331259987225025,0.10851220556059134,-0.06000144007924561,0.9990362107550995,0.05004919692873955
2.1578118065682714,-0.04446362669972869,0.01578098847893712,22.381231169079943,0.09703801518431115,-0.05693150703488527,0.9991281757816237,0.05001478595659137
2.1578118065682714,-0.04446362669972869,0.01578098847893712,22.43113326881599,0.10735618716072501,-0.0560819738920117,0.9990302154877226,0.049950540997087955
2.1671728818977285,-0.04377374849522014,0.010432530738264688,22.481056052136,0.09867118125864865,-0.05495417105725627,0.9992236893020708,0.04996156902052462
2.1671728818977285,-0.04377374849522014,0.010432530738264688,22.53104768901476,0.10889065895436897,-0.05427160190445005,0.9991173259720676,0.05003580218181014
2.178438560732942,-0.043607850517115805,0.005058456041872035,22.58104036100565,0.09276183973943315,0.009624102039037165,0.9996955300146194,0.05000789789482951
2.178438560732942,-0.043607850517115805,0.005058456041872035,22.63096307552227,0.11024924545916395,-0.06128260625620232,0.9991118053515691,0.0499670950230211
2.1887801759071763,-0.04352058579001032,-0.0018108350318299837,22.680992713290195,0.09197397763482404,0.047342346104515605,0.9994244497637523,0.05005844892002642
2.1887801759071763,-0.04352058579001032,-0.0018108350318299837,22.7309349896907,0.11083923328444004,-0.05994813428538256,0.9990807117721072,0.04998822999186814
2.1981927495452482,-0.043548524570426836,-0.005147081424303393,22.780861545513545,0.09385214974212101,0.06145195439908322,0.999972894174656,0.04992790916003287
2.1981927495452482,-0.043548524570426836,-0.005147081424303393,22.83087988957499,0.11235976505578552,-0.06117195219450298,0.9992112156789407,0.05005782889202237
2.20822644151275,-0.042970021340198165,-0.005225379977731673,22.880842350959217,0.09410368274971459,0.07284776406800925,0.9991221011653039,0.05000636191107333
2.20822644151275,-0.042970021340198165,-0.005225379977731673,22.93082688289831,0.1129897177828305,-0.06547685127230082,0.9991721252187108,0.0500259471591562
2.217993999981773,-0.04281377262819985,-0.00562473204787449,22.98071133907581,0.09471687066374034,0.08661950620032521,0.9983079760062644,0.049969004932790995
2.217993999981773,-0.04281377262819985,-0.00562473204787449,23.030729091705165,0.1141478204410734,-0.06835971520176073,0.9991306780571937,0.050061271991580725
2.229861787092479,-0.04226086531951232,-0.004642534816151443,23.080679806932693,0.0909169418374528,0.09315246105710417,0.9987850812801486,0.05001147510483861
2.229861787092479,-0.04226086531951232,-0.004642534816151443,23.13063395259529,0.11096253585185457,-0.07419748543368249,0.999281932641171,0.04999004187993705
2.2395880592564206,-0.0427924932403627,-0.00521970035237767,23.18052976174416,0.0919695499662028,0.11136588404592479,0.9988874801855074,0.04995138105005026
2.2395880592564206,-0.0427924932403627,-0.00521970035237767,23.2304871092366,0.11220762370539819,-0.07521113142097677,0.9991465301807181,0.05000002100132406
2.249425447936342,-0.04274687183314869,-0.004947236207243179,23.28040786850223,0.09303469564660187,0.1268035106412424,0.9980733643101308,0.05001712404191494
2.249425447936342,-0.04274687183314869,-0.004947236207243179,23.330376544202483,0.11351905485115549,-0.0784338878099031,0.9990885136367158,0.05001426301896572
2.2602677761587464,-0.04275551124368796,-0.003532708615899247,23.3802257300873,0.09167651691165651,0.13700891758099676,0.9984560403283752,0.049926270032301545
2.2602677761587464,-0.04275551124368796,-0.003532708615899247,23.430187642888463,0.11254609303676363,-0.08428337749828319,0.9992088625410963,0.05000147083774209
2.2602677761587464,-0.04275551124368796,-0.003532708615899247,23.48015503414527,0.11265890062701085,0.1557903911603341,0.9983242400313754,0.050051265163347125
2.2714565072928394,-0.04262273828920584,-0.001960645056158738,23.53019802775382,0.11113887319372917,-0.08844671458012948,0.9990907065605725,0.05008853878825903
2.2826286069947397,-0.04308358660696439,0.0009507399221573083,23.579997485060893,0.08889758616504419,0.170746004716611,0.9977167903591009,0.04991342010907829
2.2826286069947397,-0.04308358660696439,0.0009507399221573083,23.629946234736522,0.11060684193257503,-0.09291740837129275,0.9990227460004697,0.04999761004000902
2.2826286069947397,-0.04308358660696439,0.0009507399221573083,23.679770661307195,0.109875327613244,0.18624607249870806,0.9976475572303065,0.0499419120606035
2.295350677625982,-0.04287056339538821,0.004315406606580219,23.729750244151955,0.10627405184808669,-0.10185286592606246,0.9991731864853647,0.05002094083465636
2.295350677625982,-0.04287056339538821,0.004315406606580219,23.779659284239134,0.10595742455740988,0.20347338952949828,0.9978447650282701,0.05001683812588453
2.3060303787208336,-0.0424839979230465,0.008798319822495503,23.82964430366914,0.1073707119172915,-0.10965137578217399,0.9989932811180808,0.05003539100289345
2.3060303787208336,-0.0424839979230465,0.008798319822495503,23.87944049808548,0.10628057396032159,0.21994428361598062,0.9969468578321569,0.049948694882914424
2.318309859353236,-0.04191312704180931,0.014572909922774555,23.9297128628133,0.10565383732439186,-0.11903586778492575,0.9989148709034645,0.050326975993812084
2.3287947963119473,-0.04174416315382562,0.01845803904589425,23.979149356190465,0.08202132384426547,0.2260892330438608,0.9974049967394714,0.04956511501222849
2.3287947963119473,-0.04174416315382562,0.01845803904589425,24.0291776025459,0.10779226039911513,-0.13128286016958512,0.9989103319950082,0.0500828200019896
2.3287947963119473,-0.04174416315382562,0.01845803904589425,24.079148068721004,0.10549543456699295,0.24948976728089317,0.9972025742528506,0.05011064698919654
2.33970261774003,-0.041839511727465556,0.022200534964665095,24.12906576106107,0.10871758718829841,-0.1382260497602405,0.9987414581734705,0.04998059500940144
2.33970261774003,-0.041839511727465556,0.022200534964665095,24.17885749035237,0.10697777582995212,0.27070453770123865,0.9961358956879572,0.049984876066446304
2.33970261774003,-0.041839511727465556,0.022200534964665095,24.228775094140712,0.13297008202903673,-0.1453890523376587,0.9983786349328246,0.049998669885098934
2.33970261774003,-0.041839511727465556,0.022200534964665095,24.278504909675814,0.13083306210921816,0.2895002934048151,0.9958934203990552,0.0499348770827055
2.361266717964584,-0.04166842019771617,0.025905152412108823,24.32862363384674,0.11237122764406197,-0.15574628957709963,0.9986694811841881,0.0501854969188571
2.361266717964584,-0.04166842019771617,0.025905152412108823,24.37826494015402,0.11283785920922035,0.31355805756633076,0.9958748145530603,0.04984693415462971
2.3737246059988886,-0.04083407802910345,0.032742306895296315,24.42824889869109,0.11534343548811929,-0.1659123728741818,0.9983650231988617,0.0500658149830997
2.3737246059988886,-0.04083407802910345,0.032742306895296315,24.47794057721987,0.11383048786629861,0.3360781896698264,0.9946878682880228,0.04995705699548125
2.3867879562864887,-0.04000345934509126,0.041281728807586106,24.527928635589728,0.11676637698975197,-0.1781553965329037,0.9981325967390416,0.05008158087730408
2.3867879562864887,-0.04000345934509126,0.041281728807586106,24.577518679134243,0.11592494460609305,0.3525801689919288,0.9943622276562184,0.04987120605073869
2.3982385150439636,-0.03939014293766065,0.05033651316965326,24.627471861633918,0.12362616549759649,-0.1983951606366131,0.9979481831174524,0.05005588801577687
2.3982385150439636,-0.03939014293766065,0.05033651316965326,24.677190830406282,0.12190388909536073,0.3770948383601068,0.9940562470767677,0.05001625302247703
2.411105705273055,-0.03866411000306481,0.06111663728001178,24.726998678703254,0.12713808965426854,-0.20964862438255472,0.9975161195231943,0.049931873101741076
2.411105705273055,-0.03866411000306481,0.06111663728001178,24.776672147893706,0.12523458369482562,0.4009121306937041,0.9925856860169923,0.05004451493732631
2.422454319540421,-0.03789847586915735,0.07821647819916518,24.826530466990523,0.13646494291431915,-0.2237303991657955,0.9970316425881254,0.05000675702467561
2.422454319540421,-0.03789847586915735,0.07821647819916518,24.876126584233663,0.13711126938606485,0.41941411682109786,0.9916924127033756,0.0500115929171443
2.435482348650068,-0.0366750260707353,0.09026793503570313,24.925868184639747,0.14337564711092687,-0.24254151389580936,0.9965646739482464,0.04991306806914508
2.435482348650068,-0.0366750260707353,0.09026793503570313,24.975400891124945,0.14337183167018175,0.4489881085513703,0.9897235327044318,0.050047012977302074
2.4484236350602533,-0.03554315372086815,0.10241307781710673,25.02520737454971,0.15115117161964195,-0.24910696810314437,0.9959536038910568,0.05000883899629116
2.4484236350602533,-0.03554315372086815,0.10241307781710673,25.074715956813,0.16008940594827542,0.4785737334131134,0.9892005667372613,0.050049084005877376
2.4612291448543897,-0.03412109132464998,0.11376599298313143,25.124402369687353,0.16382049244840421,-0.25753055276026593,0.9951056415373138,0.04993079206906259
2.4612291448543897,-0.03412109132464998,0.11376599298313143,25.173743866972806,0.16242997362056935,0.5227525082544784,0.9863803172957228,0.050022791838273406
2.4733884566197983,-0.0324949163793055,0.12676203333652022,25.22267974873177,5.1908144449441807e-11,-0.10550249670423606,0.9788714151123412,0.04999214503914118
2.4733884566197983,-0.0324949163793055,0.12676203333652022,25.272052607048558,0.09159544053508524,0.36153270434969387,0.9875131793375158,0.04999716393649578
2.4873340303555755,-0.03059602157417777,0.1383750859560391,25.320859141322316,1.5954890186797854e-11,0.2512353694824374,0.9756034503641932,0.050027020974084735
2.4873340303555755,-0.03059602157417777,0.1383750859560391,25.37036596631954,6.759610296988244e-12,0.2915590674884051,0.9909255909600325,0.04996018414385617
2.4873340303555755,-0.03059602157417777,0.1383750859560391,25.419233672751947,3.4905872244102893e-13,0.2864831900162755,0.977145956525454,0.05001065204851329
2.4873340303555755,-0.03059602157417777,0.1383750859560391,25.468704273909104,1.1254476259930869e-13,0.27586146411625456,0.9896491435009628,0.04998801997862756
2.495468348694201,-0.029367374129310425,0.19729158240933575,25.517762766661644,3.3599737080612398e-12,0.2599469295005334,0.9801793246104653,0.05005052802152932
2.495468348694201,-0.029367374129310425,0.19729158240933575,25.567166059906402,2.553688410831242e-12,0.2515608607183997,0.9893886786470063,0.04993314994499087
2.495468348694201,-0.029367374129310425,0.19729158240933575,25.61682454142013,3.281688615182836e-13,0.26404551251297825,0.9927736541133204,0.05001994292251766
2.495468348694201,-0.029367374129310425,0.19729158240933575,25.666422689822063,7.510824734946434e-13,0.2670661336516263,0.9928206042132296,0.04995680809952319
2.495468348694201,-0.029367374129310425,0.19729158240933575,25.716153354123907,1.3485359714735896e-11,0.27277561116489024,0.9932328913225059,0.05006948998197913
2.495468348694201,-0.029367374129310425,0.19729158240933575,25.765826419800877,4.824796651882971e-12,0.27837523607835696,0.9928815485974891,0.05002919607795775
2.4918245860234975,-0.02965048328590094,0.26929476637676913,25.815447975774468,2.3778741661500227e-11,0.23004291074762798,0.9933168817970176,0.04995541390962899
2.4918245860234975,-0.02965048328590094,0.26929476637676913,25.86513128448734,1.2342424423585425e-07,0.25066562123640423,0.993840595419923,0.04999122489243746
2.4918245860234975,-0.02965048328590094,0.26929476637676913,25.914793562565105,2.024749670334975e-10,0.2657962496606506,0.9939305749297402,0.04996554017998278
2.4918245860234975,-0.02965048328590094,0.26929476637676913,25.96454714337996,0.0009685780792993881,0.27318382208259495,0.9939121380316766,0.05005832901224494
2.4918245860234975,-0.02965048328590094,0.26929476637676913,26.014206362600632,0.004324715954177336,0.2811846444731045,0.9939293386209264,0.04996252479031682
2.4918245860234975,-0.02965048328590094,0.26929476637676913,26.063873870377446,0.007962123924256439,0.2881413285339003,0.9937217052425292,0.049981305142864585
2.4892962215160073,-0.030310248356011173,0.34193329528227856,26.113583422047334,0.0369696357843451,0.22762249031119253,0.9943738412175538,0.049990807892754674
2.4892962215160073,-0.030310248356011173,0.34193329528227856,26.16337315647953,0.0578315710567288,0.24411140721910507,0.99510253592389,0.05003477795980871
2.4892962215160073,-0.030310248356011173,0.34193329528227856,26.213115759033112,0.05865355032114123,0.2566911378566977,0.9952902175437974,0.04997798800468445
2.4892962215160073,-0.030310248356011173,0.34193329528227856,26.26305384710674,0.06357584621197432,0.26374106564035726,0.9953613854917408,0.05017081112600863
2.4892962215160073,-0.030310248356011173,0.34193329528227856,26.312660538658147,0.06767918375211944,0.27039477565339043,0.9954510319465205,0.04983338201418519
2.4892962215160073,-0.030310248356011173,0.34193329528227856,26.362464186755613,0.07278153309250246,0.2766124760366608,0.9953181912388408,0.050037916051223874
2.4980186764692425,-0.02549369905898948,0.4115234388630063,26.412254135742426,0.08421980360368474,0.18901682919796176,0.9963104251472806,0.04997433302924037
2.4980186764692425,-0.02549369905898948,0.4115234388630063,26.46207192191102,0.10973384247953291,0.19825904051158183,0.9969897895647599,0.04996820096857846
2.4980186764692425,-0.02549369905898948,0.4115234388630063,26.511947946762476,0.11670033057759693,0.2077059013036975,0.9973750802606879,0.05000728997401893
2.4980186764692425,-0.02549369905898948,0.4115234388630063,26.561883954952897,0.12119072237037862,0.21428392657372064,0.9974772294373191,0.0500623038969934
2.5120305628330195,-0.01859481298034689,0.456211694511083,26.6117032864105,0.10938499006510262,0.1484330580137635,0.9980382814542885,0.04991725506260991
2.5120305628330195,-0.01859481298034689,0.456211694511083,26.6616545841724,0.128446969769144,0.1494798814479115,0.9982726211394118,0.050037731882184744
2.5120305628330195,-0.01859481298034689,0.456211694511083,26.711622111431794,0.1374446705010455,0.1537326051732007,0.9987188933475606,0.0500316231045872
2.51905419642981,-0.01434341969897482,0.4725928840094036,26.761612192918104,0.13578815850569656,0.12238780870947391,0.9990975841411499,0.050035234075039625
2.51905419642981,-0.01434341969897482,0.4725928840094036,26.811577870811526,0.15295052186928,0.12080130101702442,0.9994920287102008,0.04999107192270458
2.5323796574497046,-0.007674216962430012,0.4842744997856234,26.861520991644497,0.1347833953230796,0.10678927255488169,0.9998556116464887,0.04995033307932317
2.545674722472756,-0.000660668137268066,0.49599702980550375,26.911410812402348,0.10472127542514645,0.08163933893735788,0.999998411196113,0.04988990002311766
2.545674722472756,-0.000660668137268066,0.49599702980550375,26.96151932628781,0.11860352321218273,0.07202867835514301,0.999999918171037,0.05010851798579097
2.545674722472756,-0.000660668137268066,0.49599702980550375,27.01158613824844,0.12965240404769002,0.07069665127062938,0.9999999999343505,0.050066811963915825
2.557579706795196,0.005743334268487084,0.5060190823464854,27.06171359723185,0.10956729434660456,0.052162791902490194,0.9999999998390082,0.050127458991482854
2.557579706795196,0.005743334268487084,0.5060190823464854,27.111578245134233,0.12747344054096232,0.03870816942033076,0.9999999998472534,0.049864647909998894
2.5680663893530844,0.011009173523170447,0.5109462209363714,27.161524544188094,0.11360628163397885,0.032556545988124165,0.9999999999653468,0.049946299055591226
2.5680663893530844,0.011009173523170447,0.5109462209363714,27.211569427230128,0.13238162396097838,0.016904585483576953,0.9999999999891792,0.05004488304257393
2.57925908721218,0.016957865304678944,0.5166346995442552,27.26157149806995,0.1202343842052421,0.003259650916484242,0.9999999999502427,0.050002070842310786
2.57925908721218,0.016957865304678944,0.5166346995442552,27.311554131277177,0.14330228999210926,-0.015879415795687944,0.9999999999673949,0.04998263320885599
2.589306632017655,0.02336618954173396,0.5197531641172778,27.361714268278106,0.13621160556552944,-0.04049634205984503,0.9999999999158454,0.05016013700515032
2.589306632017655,0.02336618954173396,0.5197531641172778,27.411559427097067,0.1590894901746417,-0.06003159281124407,0.9999999999596823,0.04984515882097185
2.602374762872853,0.0301993899182261,0.5207293503991273,27.46149615006078,0.1456009921411742,-0.07091736118963354,0.9999999999932258,0.049936722964048386
2.602374762872853,0.0301993899182261,0.5207293503991273,27.511508173248593,0.16768554460695795,-0.09460520726841966,0.9999999999928089,0.05001202318817377
2.61393062400503,0.037011533925623764,0.5165465785727853,27.561518259051777,0.15587090395310796,-0.10787814746881802,0.9999999999759386,0.05001008580438793
2.61393062400503,0.037011533925623764,0.5165465785727853,27.61158112127617,0.17340720832407544,-0.12985303065954157,0.9999999999903215,0.05006286222487688
2.628498315530107,0.04480949756481959,0.5098949264307764,27.661721621111983,0.15482602802854625,-0.13642512486141034,0.9999999999996068,0.05014049983583391
2.628498315530107,0.04480949756481959,0.5098949264307764,27.71153616410027,0.1711044660353974,-0.16098413433316666,0.99999999999944,0.049814542988315225
2.6433475623649256,0.05292224303560551,0.4999029289779298,27.761703403137542,0.1496631042137518,-0.1675182194763302,0.9999999999800232,0.05016723903827369
2.6433475623649256,0.05292224303560551,0.4999029289779298,27.811546969158204,0.1628911205511789,-0.1909982432355983,0.9999999998821051,0.04984356602653861
2.656725575311596,0.06046158518535092,0.48787796728497185,27.861580764106936,0.14086265019959623,-0.19873797577180885,0.9999999999980465,0.0500337949488312
2.656725575311596,0.06046158518535092,0.48787796728497185,27.911564155179462,0.15098711654403218,-0.21950612836256722,0.9999999999985271,0.04998339107260108
2.6706634482804037,0.06780999836128292,0.4739313216963152,27.961560871149793,0.12807090296452303,-0.22389045110067868,0.9999999999998646,0.04999671597033739
2.6706634482804037,0.06780999836128292,0.4739313216963152,28.011566200224106,0.13705115893384212,-0.2439626825110093,0.9999999999995203,0.05000532907433808
2.683543263156776,0.0742602398286297,0.4548097608174224,28.061606095102476,0.11925958243464793,-0.24116833661742976,0.9999999999901004,0.05003989487886429
2.683543263156776,0.0742602398286297,0.4548097608174224,28.111573279063425,0.1270766448666324,-0.25988207024272303,0.9999999999323947,0.04996718396432698
2.69750234728157,0.08033486760166075,0.43322675070221917,28.161583759048465,0.11140588120624462,-0.2510741546454231,0.9999999999674344,0.05001047998666763
2.69750234728157,0.08033486760166075,0.43322675070221917,28.211569344082573,0.11945224438442494,-0.2703906645160425,0.9999999999670423,0.04998558503575623
2.7090086259250166,0.08615006818248193,0.4114379089287934,28.261611796140063,0.10048302107268457,-0.26953776627705317,0.9999999999933025,0.05004245205782354
2.7090086259250166,0.08615006818248193,0.4114379089287934,28.311593198140425,0.10724318330784899,-0.2862884006177226,0.9999999999990361,0.049981402000412345
2.7194533261821148,0.09025269724059246,0.38803428675820334,28.361568340256127,0.09965616351675283,-0.27619370878624544,0.9999999999995077,0.04997514211572707
2.7194533261821148,0.09025269724059246,0.38803428675820334,28.41159266807804,0.10732594090397962,-0.29295658916774364,0.9999999999976356,0.05002432782202959
2.7194533261821148,0.09025269724059246,0.38803428675820334,28.461571762258718,0.11414212820015547,-0.3061997527272218,0.9999999999520541,0.04997909418307245
2.7194533261821148,0.09025269724059246,0.38803428675820334,28.511621788062183,0.12073637001228668,-0.3192989522669285,0.9999999999527575,0.050050025805830956
2.7386129461712967,0.0975482239158574,0.33979001661027947,28.561568649170297,0.10216272236072892,-0.2847196585252569,0.9999999999869809,0.049946861108765006
2.7386129461712967,0.0975482239158574,0.33979001661027947,28.611568663186468,0.10985123278029241,-0.3068683755162467,0.9999999999952924,0.05000001401640475
2.7485626540765713,0.10047123758658957,0.31049645150170324,28.661562796132458,0.10920367880530722,-0.2876146091257763,0.9999999999762931,0.049994132947176695
2.7485626540765713,0.10047123758658957,0.31049645150170324,28.71157461116968,0.11858762318789631,-0.305048724083608,0.9999999999928949,0.050011815037578344
2.7598650774872975,0.10400310259025013,0.2852727683475931,28.761490801031776,0.10905242070101012,-0.29503082284171805,0.9999999999935728,0.049916189862415195
2.7598650774872975,0.10400310259025013,0.2852727683475931,28.811820072036816,0.11791702606617653,-0.31204828284932856,0.9999999999914948,0.05032927100546658
2.7715656556212838,0.10718346415744298,0.26058005120709593,28.86158037619502,0.1084605446840865,-0.30158851210287785,0.9999999999929221,0.04976030415855348
2.7715656556212838,0.10718346415744298,0.26058005120709593,28.91158811506584,0.11760558796501,-0.3186120000506516,0.9999999999864286,0.050007738871499896
2.7814119659472514,0.11049772188806381,0.23414888724755345,28.9614994601867,0.10717188890649738,-0.31182218287927765,0.9999999999695015,0.049911345122382045
2.7814119659472514,0.11049772188806381,0.23414888724755345,29.01153572919345,0.11655386032521814,-0.3280249043613459,0.9999999999899927,0.05003626900725067
2.7938458732604547,0.11349736308886549,0.20627793478310502,29.061524680028366,0.10529768456571029,-0.31597050604445237,0.9999999999875099,0.04998895083554089
2.7938458732604547,0.11349736308886549,0.20627793478310502,29.111539409173634,0.11539203883131044,-0.3330189370329609,0.9999999999870995,0.050014729145914316
2.8044118287614235,0.11590027155338087,0.17883856187171804,29.161404714131532,0.10819140607501486,-0.32112764238639735,0.9999999999964676,0.049865304958075285
2.8044118287614235,0.11590027155338087,0.17883856187171804,29.211568910072476,0.11889493392420063,-0.3378071092385833,0.9999999999837367,0.050164195941761136
2.814829972919462,0.1179048652112154,0.15170714966063667,29.261495995244438,0.11304416795743244,-0.325126468053538,0.9999999999914971,0.04992708517238498
2.814829972919462,0.1179048652112154,0.15170714966063667,29.311499062135812,0.12415376746119695,-0.34181670584800994,0.9999999999914351,0.05000306689180434
2.826578163420264,0.12049590859211927,0.12294777284584042,29.361539808242966,0.11140554970249703,-0.33332048031966777,0.9999999999891445,0.05004074610769749
2.826578163420264,0.12049590859211927,0.12294777284584042,29.411527851038354,0.12278201221897324,-0.3498589624409588,0.9999999999871362,0.04998804279603064
2.8367874388801413,0.12263692449645666,0.09576731562933966,29.46154174921071,0.11309804032189805,-0.34266889941945133,0.9999999999802123,0.050013898173347116
2.8367874388801413,0.12263692449645666,0.09576731562933966,29.5116224811871,0.12523502604349718,-0.3588122103316922,0.9999999999922805,0.050080731976777315
2.8496111933019495,0.12305143974178927,0.06704715953462728,29.561543230106047,0.1209539755322577,-0.3359567287290659,0.999999999993922,0.04992074891924858
2.8496111933019495,0.12305143974178927,0.06704715953462728,29.61161681208582,0.13327756168733712,-0.3531480086844694,0.9999999999847082,0.05007358198054135
2.861990884281364,0.12398142049726076,0.037390941196777105,29.661532389137296,0.12522307535739774,-0.33620672828437886,0.9999999999862847,0.0499155770521611
2.861990884281364,0.12398142049726076,0.037390941196777105,29.71153004201744,0.13740659076886544,-0.3531168361718246,0.9999999999859629,0.049997652880847454
2.8762762036579854,0.12483050803560762,0.008030379054006196,29.761494888128738,0.12319398613699854,-0.3397869336585692,0.9999999999892907,0.04996484611183405
2.8762762036579854,0.12483050803560762,0.008030379054006196,29.811554352189734,0.13503716904123123,-0.35641655226572433,0.9999999999873308,0.05005946406163275
2.8877830937558056,0.12488930466046706,-0.021146785242422642,29.86156995724363,0.1300253660841921,-0.3372893217268436,0.9999999999820083,0.05001560505479574
2.8877830937558056,0.12488930466046706,-0.021146785242422642,29.91161460116864,0.1425686919556107,-0.35398056342697853,0.9999999999901488,0.050044643925502896
2.8877830937558056,0.12488930466046706,-0.021146785242422642,29.961609665204985,0.14992654725920332,-0.3669500665286154,0.9999999999884763,0.04999506403692067
2.900259086570376,0.12402127870239668,-0.052265376433274016,30.01153478901148,0.1472145622968362,-0.33841209831031216,0.9999999999890276,0.04992512380704284
2.900259086570376,0.12402127870239668,-0.052265376433274016,30.06150020811943,0.15963133364876464,-0.35573170403097887,0.9999999999979812,0.04996541910804808
2.9142663371443236,0.1233903268240893,-0.08165163658002854,30.111510883217644,0.14833001028012116,-0.3378116139512962,0.9999999999893192,0.050010675098747015
2.9286941423249853,0.12207474221926085,-0.11130704391322035,30.16219865613748,0.1410411076829104,-0.32158836966163706,0.9999999999897504,0.0506877729203552
2.9286941423249853,0.12207474221926085,-0.11130704391322035,30.211608003024626,0.1528492815604482,-0.33903781137970307,0.9999999999859424,0.04940934688784182
2.9286941423249853,0.12207474221926085,-0.11130704391322035,30.261605035178256,0.15993557697569824,-0.35144272101303625,0.9999999999855901,0.04999703215435147
2.9432284874698014,0.11972852209280947,-0.14124820696758322,30.311695675030172,0.1516160490483526,-0.32394826018530865,0.9999999999985839,0.05009063985198736
2.9432284874698014,0.11972852209280947,-0.14124820696758322,30.361542032229934,0.1628438110230569,-0.341078999738259,0.9999999999892829,0.04984635720029473
2.9586999020794096,0.1174781775922482,-0.17049955992953378,30.411498681073194,0.1480031453554908,-0.32246002328337076,0.9999999999979209,0.04995664884336293
2.9586999020794096,0.1174781775922482,-0.17049955992953378,30.46152370808516,0.15832072461089836,-0.33912125538445614,0.9999999999902887,0.05002502701245248
2.9716191283508353,0.11519188200261586,-0.20215854352247156,30.51168144111344,0.15120645036412658,-0.31426190386231023,0.9999999999905094,0.05015773302875459
2.9716191283508353,0.11519188200261586,-0.20215854352247156,30.561522403161533,0.16194658411189758,-0.33070077129845915,0.9999999999894443,0.049840962048619986
2.986236856385135,0.11303821145702245,-0.23256459554511918,30.611507732083023,0.14474294475587546,-0.31738687794308607,0.9999999999888375,0.04998532892204821
2.986236856385135,0.11303821145702245,-0.23256459554511918,30.661582948068844,0.1546494174389442,-0.332928417540891,0.9999999999964191,0.05007521598599851
3.001155228101337,0.10929720297532228,-0.26132268807216974,30.71168073721815,0.14038789402865914,-0.31241128377789523,0.9999999999914753,0.0500977891497314
3.001155228101337,0.10929720297532228,-0.26132268807216974,30.761544594201947,0.1506096057550383,-0.3280218736254934,0.9999999999898741,0.0498638569843024
3.0158457974306603,0.10479023104982173,-0.2920821784564115,30.811659777197278,0.1393750847837581,-0.30078321356885124,0.9999999999907174,0.050115182995796204
3.0158457974306603,0.10479023104982173,-0.2920821784564115,30.86154582317429,0.14978348470001937,-0.31620307939115505,0.9999999999907423,0.04988604597747326
3.0313264197213097,0.1010835298926394,-0.3218361994997621,30.91177343822476,0.12809952844444625,-0.3056480041952918,0.9999999999900304,0.05022761505097151
3.0313264197213097,0.1010835298926394,-0.3218361994997621,30.961496482029176,0.13725846832076716,-0.31939714045187395,0.9999999999884743,0.049723043804988265
3.047551184167412,0.0962558111874125,-0.35233129006933617,31.011660862139465,0.11479379976099437,-0.305422967292823,0.9999999999897716,0.050164380110800266
3.047551184167412,0.0962558111874125,-0.35233129006933617,31.061564699171583,0.12451981445346019,-0.31873007736080666,0.9999999999900232,0.04990383703261614
3.0604537806566583,0.09045400878756096,-0.381938405971438,31.111531527137405,0.11661528923037515,-0.28803895310634453,0.9999999999909561,0.04996682796627283
3.0604537806566583,0.09045400878756096,-0.381938405971438,31.16156751418629,0.12816877128396992,-0.302085566759495,0.9999999999908984,0.0500359870493412
3.0701228537898033,0.08533345053502506,-0.4121785227659999,31.21152137301959,0.12983319064254267,-0.2633198287253076,0.9999999999907556,0.04995385883376002
3.0701228537898033,0.08533345053502506,-0.4121785227659999,31.26156018616676,0.14271852453062683,-0.27705686562490134,0.9999999999895881,0.05003881314769387
3.080042072360389,0.07956735434150747,-0.44192740362214145,31.311601878032256,0.1449152807890548,-0.23728718116302996,0.9999999999944791,0.05004169186577201
3.080042072360389,0.07956735434150747,-0.44192740362214145,31.361544562158834,0.1578182563269287,-0.2513557971380348,0.999999999991158,0.049942684127017856
3.0909229995177157,0.07478487566822055,-0.4699953520701039,31.41151164018499,0.14983507727507814,-0.22985712061765903,0.9999999999954226,0.049967078026384115
3.0909229995177157,0.07478487566822055,-0.4699953520701039,31.46156605903895,0.16020025904345045,-0.24213974656705584,0.9999999999909008,0.05005441885441542
3.103182572768053,0.06809252425924371,-0.4971407731221401,31.511561225055225,0.1508944440720231,-0.21120926549946864,0.9999999999906188,0.04999516601674259
3.103182572768053,0.06809252425924371,-0.4971407731221401,31.561509129011945,0.16365817416338035,-0.22165927490124634,0.9999999999900292,0.04994790395721793
3.117062737451303,0.05972748678850579,-0.5203170469716787,31.611534470112776,0.14992519907731924,-0.19673706902808816,0.999999999996823,0.05002534110099077
3.117062737451303,0.05972748678850579,-0.5203170469716787,31.661558353227722,0.1629631959310829,-0.20618847823151054,0.9999999999888988,0.05002388311550021
3.1327018378949947,0.05039779811674633,-0.5454469210656607,31.711533086026822,0.14308853773737407,-0.18351057464917853,0.9999999999929133,0.049974732799455523
3.1327018378949947,0.05039779811674633,-0.5454469210656607,31.761536364095537,0.15522243014960582,-0.1918035467940556,0.999999999990372,0.05000327806919813
3.1473186962842163,0.042865826110580485,-0.5648219458827656,31.811548046186306,0.1286915437997046,-0.18818410430014487,0.9999999999898015,0.05001168209128082
3.1473186962842163,0.042865826110580485,-0.5648219458827656,31.861575898132436,0.1384625219059087,-0.18888343428833063,0.9999999999895607,0.050027851946651936
3.160812501491036,0.03359645061813222,-0.5860034302653588,31.91158336109938,0.12139960619055871,-0.16918762034864465,0.9999999999951742,0.050007462967187166
3.160812501491036,0.03359645061813222,-0.5860034302653588,31.96157341601721,0.13389838430029483,-0.16955142215015748,0.9999999999874919,0.0499900549184531
3.172427276128245,0.02522594624960356,-0.6058257281876585,32.011564540093616,0.1206679875525217,-0.15090172282344552,0.9999999999927199,0.049991124076768756
3.172427276128245,0.02522594624960356,-0.6058257281876585,32.06156262417675,0.13268542098855834,-0.15078431025960537,0.999999999998781,0.0499980840831995
3.1845128846897626,0.0167856926878717,-0.621164100364469,32.11157620407004,0.11463169064425567,-0.13759995303413391,0.9999999999885969,0.05001357989385724
3.1845128846897626,0.0167856926878717,-0.621164100364469,32.161573881164685,0.1267276074952383,-0.1320335396169826,0.9999999999882635,0.049997677095234394
3.1955815741625018,0.00946243309001806,-0.6350334240268819,32.21149531902968,0.10653893433767056,-0.12709297948721557,0.9999999999974449,0.04992143786512315
3.1955815741625018,0.00946243309001806,-0.6350334240268819,32.261641745103304,0.11640556299392991,-0.12037008292999572,0.9999999999884442,0.05014642607420683
3.1955815741625018,0.00946243309001806,-0.6350334240268819,32.31151506199611,0.12631343748121104,-0.11980596379634828,0.9999999999890794,0.04987331689335406
3.1955815741625018,0.00946243309001806,-0.6350334240268819,32.36163985018664,0.13552766734410518,-0.11881787405513482,0.9999999999871811,0.0501247881911695
3.2150022246020735,-0.004553413239831376,-0.6590202551066805,32.41159972815815,0.09367414244878866,-0.10271737772127534,0.9999999999990083,0.04995987797155976
3.2150022246020735,-0.004553413239831376,-0.6590202551066805,32.46161178114796,0.10619791499099987,-0.08787411313701554,0.9999999999861885,0.05001205299049616
3.225090059535554,-0.012036740583365579,-0.669415381782889,32.51155426713532,0.08629548298920196,-0.08283366715513588,0.9999999999844027,0.049942485988140106
3.225090059535554,-0.012036740583365579,-0.669415381782889,32.561536803020715,0.10041711831378561,-0.0727205573038329,0.9999999999950233,0.04998253588564694
3.225090059535554,-0.012036740583365579,-0.669415381782889,32.61155572614473,0.11014726410932082,-0.07174563698341045,0.9999999999942771,0.05001892312429845
3.225090059535554,-0.012036740583365579,-0.669415381782889,32.66161395410746,0.11960522373109923,-0.07004798291784631,0.9999999999796667,0.050058227963745594
3.225090059535554,-0.012036740583365579,-0.669415381782889,32.71163611800049,0.12901899808396194,-0.0682979716767465,0.9999999999801124,0.05002216389402747
3.240119743490274,-0.02448776844604113,-0.6855458517536236,32.76158675212893,0.0996783826045538,-0.053309800919412065,0.9999999999817445,0.04995063412934542
3.240119743490274,-0.02448776844604113,-0.6855458517536236,32.81153272708332,0.1131072778249622,-0.04147518265075897,0.9999999999810509,0.04994597495533526
3.240119743490274,-0.02448776844604113,-0.6855458517536236,32.86154140100239,0.12243143692340466,-0.04005486124600588,0.9999999999942089,0.05000867391936481
3.2561117699723954,-0.03822677510844326,-0.6981876091119845,32.91150299912553,0.08947754982162097,-0.027204062978536753,0.9999999999757503,0.04996159812435508
3.2561117699723954,-0.03822677510844326,-0.6981876091119845,32.961540898179585,0.10127938895018308,-0.015987786710692856,0.9999999999892978,0.05003789905458689
3.2561117699723954,-0.03822677510844326,-0.6981876091119845,33.01157038413128,0.11019250004205342,-0.014257046608265985,0.9999999999917419,0.0500294859521091
3.2561117699723954,-0.03822677510844326,-0.6981876091119845,33.06160123307276,0.11896240690738448,-0.012005552167902727,0.9999999999755561,0.05003084894269705
3.2561117699723954,-0.03822677510844326,-0.6981876091119845,33.111653152023145,0.12770504100281874,-0.009767050147832102,0.9999999999718285,0.050051918951794505
3.272816343810874,-0.05225674835850706,-0.7036137121976277,33.16157135214384,0.09274494731881233,-0.0032587559164986646,0.9999999999699326,0.0499182001221925
3.272816343810874,-0.05225674835850706,-0.7036137121976277,33.211659731208805,0.10244390648395169,0.006410631318429093,0.9999999999706201,0.05008837906643748
3.272816343810874,-0.05225674835850706,-0.7036137121976277,33.26170439818393,0.11070548891825685,0.008399589075590491,0.9999999999877557,0.05004466697573662
3.272816343810874,-0.05225674835850706,-0.7036137121976277,33.31161569208319,0.1189786021207177,0.010707154669659866,0.9999999999923694,0.04991129389964044
3.2895971897114307,-0.06707146183206136,-0.7053773112615136,33.36172647318113,0.08236035361531399,0.016077692289267823,0.9999999999660264,0.050110781099647284
3.2895971897114307,-0.06707146183206136,-0.7053773112615136,33.41163380919058,0.09094271110164395,0.024218134717475095,0.9999999999584114,0.04990733601152897
3.2895971897114307,-0.06707146183206136,-0.7053773112615136,33.46168369715808,0.09911497746346626,0.02628297855231089,0.9999999999481719,0.05004988797008991
3.2895971897114307,-0.06707146183206136,-0.7053773112615136,33.51157994903149,0.10729673109641658,0.028515309265315758,0.9999999999500319,0.04989625187590718
3.304326465798326,-0.08060235758820353,-0.7062668229642258,33.56156685002386,0.07429643411765657,0.03418465330996905,0.9999999999561909,0.04998690099455416
3.304326465798326,-0.08060235758820353,-0.7062668229642258,33.61160815212852,0.08177120001410182,0.03999224575680467,0.9999999999477847,0.05004130210727453
3.304326465798326,-0.08060235758820353,-0.7062668229642258,33.661591052157604,0.08907132545459442,0.04210466881176944,0.9999999999262645,0.049982900032773614
3.304326465798326,-0.08060235758820353,-0.7062668229642258,33.71153432115068,0.09638721727814525,0.04429032512671758,0.9999999999094692,0.049943268997594714
3.3195504934076965,-0.09367752023939234,-0.6997285765340344,33.761632079098234,0.0636803518705837,0.043200824195916504,0.9999999999427565,0.05009775795042515
3.3195504934076965,-0.09367752023939234,-0.6997285765340344,33.811616211036544,0.07039390182084473,0.047823894453664625,0.9999999999719362,0.04998413193970919
3.3195504934076965,-0.09367752023939234,-0.6997285765340344,33.8616823039985,0.07772854329099359,0.049851717348537786,0.9999999995819527,0.05006609298288822
3.3195504934076965,-0.09367752023939234,-0.6997285765340344,33.91165387903397,0.08510823944289389,0.0519169487281549,0.9999999977027492,0.04997157515026629
3.33146816233755,-0.1045234884364811,-0.6907654080608522,33.961553239824,0.06036254270444928,0.05064553050602633,0.9999999985277555,0.04989936086349189
3.33146816233755,-0.1045234884364811,-0.6907654080608522,34.011698247950214,0.06702051412939156,0.05368981770478035,0.9999999998131025,0.05014500813558698
3.33146816233755,-0.1045234884364811,-0.6907654080608522,34.06163323679971,0.07445731389172869,0.05565831017213714,0.9999994406411239,0.04993501678109169
3.33146816233755,-0.1045234884364811,-0.6907654080608522,34.11161309696306,0.08188362578874436,0.0576500561358723,0.9999968781709618,0.04998001619242132
3.3441781207823453,-0.11462248810683147,-0.6813908305982117,34.16164728117272,0.05716145887668936,0.053558571418355023,0.9999993059994381,0.050034218933433294
3.3441781207823453,-0.11462248810683147,-0.6813908305982117,34.21162515823289,0.06411270102326586,0.055754024497928704,0.9999970207725178,0.049978025956079364
3.3441781207823453,-0.11462248810683147,-0.6813908305982117,34.261642165848684,0.0716197490480766,0.05763600678438959,0.9999761386724891,0.05001820111647248
3.3441781207823453,-0.11462248810683147,-0.6813908305982117,34.311658806167735,0.07914447670788981,0.059515655190276816,0.9998986901331801,0.0500217080116272
3.3441781207823453,-0.11462248810683147,-0.6813908305982117,34.3615962540608,0.08667709554162584,0.06143873765868969,0.9997585974319395,0.04994950583204627
3.355292105267974,-0.12399286031860296,-0.6718491155174653,34.41155300946621,0.06534827568655614,0.05856325100923632,0.9998883838902749,0.049962332006543875
3.355292105267974,-0.12399286031860296,-0.6718491155174653,34.46158912432976,0.07251922592858064,0.05983677023288624,0.9997539731243944,0.0500484281219542
3.355292105267974,-0.12399286031860296,-0.6718491155174653,34.51154192527905,0.08015846433004555,0.06167471350354022,0.9996810387610251,0.04996873904019594
3.366845669925686,-0.13388112634194055,-0.6609339620893028,34.56137842249916,0.057559333687965515,0.05857760178489582,0.9997582960940141,0.04984854580834508
3.366845669925686,-0.13388112634194055,-0.6609339620893028,34.611567192184026,0.06483729163912129,0.05923468832882363,0.9996229159177589,0.05020770221017301
3.366845669925686,-0.13388112634194055,-0.6609339620893028,34.66152809033993,0.07259090652498884,0.06091343000360616,0.9994766086901189,0.04998706094920635
3.366845669925686,-0.13388112634194055,-0.6609339620893028,34.711526522975866,0.08030084278823228,0.06258483140082415,0.9994197927856172,0.05002745892852545
3.366845669925686,-0.13388112634194055,-0.6609339620893028,34.761453060989034,0.08802521781710196,0.06431071271927814,0.9992776802989922,0.049962627002969384
3.37814991640857,-0.14245936994831992,-0.6482326163761628,34.81144203802583,0.06777682240668761,0.05771036793334756,0.9994778604162989,0.05001509189605713
3.37814991640857,-0.14245936994831992,-0.6482326163761628,34.861415065151846,0.0754722093561177,0.057819799080374414,0.9993622240739617,0.050004919059574604
3.37814991640857,-0.14245936994831992,-0.6482326163761628,34.9113599911899,0.08332943484675721,0.059374429655996167,0.999230145786144,0.049983405973762274
3.37814991640857,-0.14245936994831992,-0.6482326163761628,34.96129395788696,0.09115838994554458,0.06088721874779522,0.9990989531138679,0.04997900011949241
3.389392064564183,-0.15172347022196245,-0.6374734924027573,35.01125652555332,0.07007624901888115,0.05733316902215337,0.999281431112983,0.04999849502928555
3.389392064564183,-0.15172347022196245,-0.6374734924027573,35.06124862862693,0.07790683423590115,0.05680485854352876,0.9991767503212597,0.05003329296596348
3.389392064564183,-0.15172347022196245,-0.6374734924027573,35.111607977433515,0.08589153483465152,0.05823977872763654,0.9991305070133332,0.0504031740128994
3.389392064564183,-0.15172347022196245,-0.6374734924027573,35.161132151589335,0.0938808619804038,0.059631497626992123,0.9990117252714418,0.049573166063055396
3.401496435765873,-0.16127184117845145,-0.625709797680922,35.21107636141348,0.07116099172622667,0.05477194533203576,0.9991362822310875,0.049987384816631675
3.401496435765873,-0.16127184117845145,-0.625709797680922,35.261013970295245,0.07924732875555411,0.0535891857212897,0.9990503542181275,0.04998507699929178
3.401496435765873,-0.16127184117845145,-0.625709797680922,35.31117635137462,0.08734040448147712,0.054800203012695045,0.9990195701695228,0.0502116100396961
3.401496435765873,-0.16127184117845145,-0.625709797680922,35.36093052959703,0.0954106543760246,0.05598460172006351,0.9989054163708101,0.04980869800783694
3.4145754694629122,-0.16999572999102233,-0.6142748909582799,35.410952251784224,0.0723740473469599,0.048097472990441446,0.999152372835781,0.050064157927408814
3.4145754694629122,-0.16999572999102233,-0.6142748909582799,35.461021678623844,0.08082778771301433,0.04649611692976509,0.999071208023217,0.05011597415432334
3.4145754694629122,-0.16999572999102233,-0.6142748909582799,35.510871061435154,0.08903842043434261,0.047485731812505136,0.998961725687261,0.04990119393914938
3.4145754694629122,-0.16999572999102233,-0.6142748909582799,35.560704550293735,0.09715649607032785,0.04838667452853701,0.9988558336472317,0.04989057197235525
3.4277575886770655,-0.1794570165126448,-0.6048593064199996,35.610680403299945,0.07302753439244102,0.04344214993230173,0.9990910081858186,0.05002132197842002
3.4277575886770655,-0.1794570165126448,-0.6048593064199996,35.660621810843544,0.08147304965579992,0.041321573113599123,0.9990141052146709,0.04999069310724735
3.4277575886770655,-0.1794570165126448,-0.6048593064199996,35.7108359589639,0.08977361952652793,0.04214186296826281,0.9989878667957084,0.0502650230191648
3.4277575886770655,-0.1794570165126448,-0.6048593064199996,35.760471194843845,0.09803700902010712,0.04283501803347886,0.9988847789661103,0.04969065194018185
3.443201538608511,-0.18947748038123824,-0.5958698588597472,35.810458856637545,0.06963467073182193,0.03598593523715645,0.9990878815452379,0.05003329808823764
3.443201538608511,-0.18947748038123824,-0.5958698588597472,35.86036850027132,0.07831130535708432,0.033107221019843834,0.9990167842568296,0.04995876387692988
3.443201538608511,-0.18947748038123824,-0.5958698588597472,35.910348827090296,0.0867272071434553,0.033583080177503034,0.9989966706677782,0.05003052391111851
3.443201538608511,-0.18947748038123824,-0.5958698588597472,35.96022841686204,0.09506433467623358,0.034008265791272196,0.9988933892472733,0.049934848211705685
3.4571004219038755,-0.1992146023986088,-0.5898012599480433,36.01023952684297,0.06953365818845245,0.031159764565974222,0.9991433854674664,0.05005398695357144
3.4571004219038755,-0.1992146023986088,-0.5898012599480433,36.06017375618626,0.07808779339667438,0.028123536636345925,0.9990648708363491,0.049980968004092574
3.4571004219038755,-0.1992146023986088,-0.5898012599480433,36.11014374514123,0.08656436471406027,0.028410123381583326,0.9989628129241338,0.050021870993077755
3.4571004219038755,-0.1992146023986088,-0.5898012599480433,36.16006297028993,0.09496398196662761,0.02859083788960989,0.998863499693681,0.04997602291405201
3.4707555335648754,-0.20919968072016537,-0.5852111298862045,36.21006894245572,0.06966514826689965,0.0276775379814011,0.9991114185217322,0.05005044606514275
3.4707555335648754,-0.20919968072016537,-0.5852111298862045,36.26004787569338,0.07823038332746336,0.02423118886028371,0.9990326133270061,0.05002732900902629
3.4707555335648754,-0.20919968072016537,-0.5852111298862045,36.30991088207095,0.08684983664554588,0.024420853683915646,0.9990089522093227,0.04991247202269733
3.4707555335648754,-0.20919968072016537,-0.5852111298862045,36.35982337228149,0.09534104162421005,0.024417294171846654,0.998911005999743,0.04996690386906266
3.484558129291658,-0.21842868192249612,-0.5801823940466905,36.40985273127847,0.0707043131456609,0.021023073018534833,0.999077673967642,0.050075544975697994
3.484558129291658,-0.21842868192249612,-0.5801823940466905,36.45978526836215,0.07951972501942603,0.017276430962216323,0.9990045468867929,0.049982292111963034
3.484558129291658,-0.21842868192249612,-0.5801823940466905,36.50971552066744,0.0883732195906191,0.01708095999828008,0.9989830799982016,0.0499810790643096
3.484558129291658,-0.21842868192249612,-0.5801823940466905,36.55968148029791,0.09709426548991323,0.016827371961546333,0.9988789466759859,0.05002203700132668
3.499188308175609,-0.22874543729105584,-0.5779807631746385,36.60963615712664,0.07007358746028608,0.016934367036375037,0.9991571053179503,0.049996818881481886
3.499188308175609,-0.22874543729105584,-0.5779807631746385,36.659542787988215,0.07880564642274511,0.012500018603954461,0.9990700651870282,0.04995308397337794
3.499188308175609,-0.22874543729105584,-0.5779807631746385,36.70952511113501,0.0876868475080758,0.01212808229049899,0.9989643467441436,0.050034141167998314
3.499188308175609,-0.22874543729105584,-0.5779807631746385,36.75951280826021,0.096464570782333,0.011622836730545765,0.9988619034261129,0.050044652773067355
3.5139361577962216,-0.23797316424430434,-0.5746950055127976,36.8094412448956,0.07094016942908302,0.0074662676639648306,0.9991335221810143,0.049971736036241055
3.5139361577962216,-0.23797316424430434,-0.5746950055127976,36.8593628667926,0.08040132187909058,0.002868892188138384,0.999043470139703,0.049969419138506055
3.5139361577962216,-0.23797316424430434,-0.5746950055127976,36.90928850854527,0.08969283414682908,0.0023163196161692778,0.9990085647879898,0.04997518891468644
3.5139361577962216,-0.23797316424430434,-0.5746950055127976,36.959249495471646,0.09885832664142488,0.0014480296911338112,0.9988984317370492,0.05001608305610716
3.5286233670140743,-0.24800834248529607,-0.5722374942482878,37.00918867776801,0.0725101778135403,-0.00014617745789423766,0.9990972825151171,0.04998430400155485
3.5286233670140743,-0.24800834248529607,-0.5722374942482878,37.05917771773947,0.08181064183674047,-0.00516454847195579,0.9990078280417753,0.05003868695348501
3.5286233670140743,-0.24800834248529607,-0.5722374942482878,37.109167776483936,0.0922845803244278,-0.006233884744476432,0.9989637219899599,0.05004191608168185
3.5286233670140743,-0.24800834248529607,-0.5722374942482878,37.15905624233434,0.10243036094050717,-0.007459534758973066,0.9988315739871887,0.04994682502001524
3.5431119379620344,-0.25757590001132374,-0.5705945599515301,37.209012699790726,0.07783286826236901,-0.009565900277959788,0.9991168423339114,0.05000061588361859
3.5431119379620344,-0.25757590001132374,-0.5705945599515301,37.25891981959563,0.08808062289656372,-0.01493115941590557,0.999006934676237,0.04995673010125756
3.5431119379620344,-0.25757590001132374,-0.5705945599515301,37.30889382829115,0.09832840741164703,-0.01634656139612319,0.9988724817777189,0.05003041890449822
3.5431119379620344,-0.25757590001132374,-0.5705945599515301,37.35888298165023,0.10846282102445558,-0.01792340121339941,0.9987395417474574,0.0500522421207279
3.5593810367085297,-0.2678220376791517,-0.572764137804119,37.40877902975238,0.08019625300323013,-0.019012812290475606,0.9990645323473059,0.04994276794604957
3.5593810367085297,-0.2678220376791517,-0.572764137804119,37.458836265588076,0.09031330584313312,-0.02517527215971005,0.9989375052758077,0.050110477954149246
3.5593810367085297,-0.2678220376791517,-0.572764137804119,37.50869394031641,0.10055408263234812,-0.02674463895234592,0.9988797384177679,0.04991359100677073
3.5593810367085297,-0.2678220376791517,-0.572764137804119,37.55862740106482,0.11061261495776775,-0.02871697902270306,0.9987436820500817,0.04999627196229994
3.575518031192571,-0.2777258820972559,-0.5761531533656301,37.608612728720246,0.0828684786869477,-0.030276290597717845,0.9989905577496996,0.05003583594225347
3.575518031192571,-0.2777258820972559,-0.5761531533656301,37.658544957480146,0.0929613488649743,-0.036638781361327484,0.9988587479587318,0.04998927912674844
3.575518031192571,-0.2777258820972559,-0.5761531533656301,37.70847604727771,0.10317010108629167,-0.0388051836111119,0.9987878345890172,0.049991687992587686
3.575518031192571,-0.2777258820972559,-0.5761531533656301,37.758422325256326,0.11323200219034363,-0.04108582329118565,0.9986432624798223,0.05001413403078914
3.592624996149006,-0.2896871086536013,-0.5807927389159829,37.80835791202299,0.08173629113750278,-0.038158173981955465,0.9990330463462684,0.04998391889967024
3.592624996149006,-0.2896871086536013,-0.5807927389159829,37.85836341746131,0.09140739523934992,-0.045395517548285635,0.9988945125668909,0.050060847075656056
3.592624996149006,-0.2896871086536013,-0.5807927389159829,37.90828694201395,0.10154251348563692,-0.047765106616098174,0.9987487652735245,0.04998606885783374
3.592624996149006,-0.2896871086536013,-0.5807927389159829,37.958253062072004,0.11148796744283611,-0.0502666506888597,0.9986052590169329,0.05003590718843043
3.609680947467495,-0.3004152112760642,-0.5880477048658576,38.0081185066696,0.08130753160520562,-0.05010201319397404,0.9989612576253691,0.04991729580797255
3.609680947467495,-0.3004152112760642,-0.5880477048658576,38.0580391470665,0.09104458831175904,-0.057413272234334484,0.9988090546696874,0.04998016403988004
3.609680947467495,-0.3004152112760642,-0.5880477048658576,38.107974620431584,0.10074240338086725,-0.05977500796308869,0.9987457191405098,0.04999818513169885
3.609680947467495,-0.3004152112760642,-0.5880477048658576,38.15792209829018,0.11041445799678476,-0.06260154282322893,0.9986010685533242,0.05001744884066284
3.6252820405751924,-0.31192065144323167,-0.5973247542355328,38.20781919904077,0.08207829778657874,-0.0568444868449703,0.9989081179242398,0.049951642053201795
3.6252820405751924,-0.31192065144323167,-0.5973247542355328,38.25786727729668,0.09117471749085251,-0.06424294981908774,0.9987515462145437,0.050110639072954655
3.6252820405751924,-0.31192065144323167,-0.5973247542355328,38.30782168145406,0.10100573539178337,-0.067087197667867,0.9986728543673108,0.050020789029076695
3.6252820405751924,-0.31192065144323167,-0.5973247542355328,38.35763567781902,0.11064575010596825,-0.06999371303280749,0.9985223899225044,0.04988771094940603
3.6414999791390583,-0.3232818183475001,-0.6076008300374407,38.40759859631865,0.08029504969770973,-0.06616658047273483,0.9989078718321327,0.05001754406839609
3.6414999791390583,-0.3232818183475001,-0.6076008300374407,38.45752028829289,0.08891963469580236,-0.07397711527502375,0.9987576989594984,0.04998378688469529
3.6414999791390583,-0.3232818183475001,-0.6076008300374407,38.507425014667476,0.0981510731737446,-0.07682798987601883,0.9986169827645655,0.04997384105809033
3.6414999791390583,-0.3232818183475001,-0.6076008300374407,38.557387694358766,0.10719819339444193,-0.07975835247876695,0.998477317946347,0.05003887298516929
3.6414999791390583,-0.3232818183475001,-0.6076008300374407,38.60726957452771,0.11623142598261867,-0.08282291057021456,0.9984058159047102,0.04996152804233134
3.6584846573720893,-0.3350508969041724,-0.6207158789065483,38.65754702576888,0.08452801156950226,-0.07937332147027103,0.9987178533751464,0.050341997062787414
3.6584846573720893,-0.3350508969041724,-0.6207158789065483,38.707197007316694,0.09069812825063209,-0.08697522053192304,0.9986621269305608,0.04971649590879679
3.6584846573720893,-0.3350508969041724,-0.6207158789065483,38.75714782450003,0.09850349307661264,-0.08988636774188108,0.9985437710334182,0.05002366309054196
3.6750299189065654,-0.3470146691722407,-0.6341107213072688,38.80710398477753,0.06600804842825933,-0.0865191325768916,0.9988242573825975,0.05001496500335634
3.6750299189065654,-0.3470146691722407,-0.6341107213072688,38.85699691375195,0.07311177733459381,-0.0941575276762753,0.9986892897519185,0.049958409974351525
3.6750299189065654,-0.3470146691722407,-0.6341107213072688,38.90693350166183,0.08087016761493412,-0.09705076593073281,0.9986395050611224,0.050004618940874934
3.6750299189065654,-0.3470146691722407,-0.6341107213072688,38.95680229387982,0.08847522756402038,-0.0999674975448299,0.9985173515783764,0.04994283989071846
3.6750299189065654,-0.3470146691722407,-0.6341107213072688,39.00676591669939,0.09016397113660955,-0.10265169606259786,0.9985792199809812,0.05003471113741398
3.6888883907955243,-0.3579591385211114,-0.6513327242924009,39.05667739261832,0.06054058817735697,-0.09591716456746953,0.9988024320951476,0.049971319967880845
3.6888883907955243,-0.3579591385211114,-0.6513327242924009,39.106676159288575,0.06412277706796016,-0.10256771372261769,0.9987164936500171,0.050063022878021
3.6888883907955243,-0.3579591385211114,-0.6513327242924009,39.15653772876981,0.06863187146893993,-0.10522187329955211,0.9986535705641304,0.04992879508063197
3.6888883907955243,-0.3579591385211114,-0.6513327242924009,39.206497628749155,0.0729883131086608,-0.10799714060098006,0.9986610381283785,0.050026884069666266
3.7019203247239356,-0.3687769214969075,-0.670487514273956,39.25642964916012,0.04487911583465956,-0.10079992241052979,0.998890129397144,0.04998750006780028
3.7019203247239356,-0.3687769214969075,-0.670487514273956,39.30640500960388,0.04824734922079263,-0.10724191248674327,0.9987971658886615,0.0500355449039489
3.7019203247239356,-0.3687769214969075,-0.670487514273956,39.35640013108316,0.05264542841003062,-0.10988315159399147,0.998732714225453,0.050058559980243444
3.7019203247239356,-0.3687769214969075,-0.670487514273956,39.40628516114241,0.056916521092641684,-0.11255581738847047,0.9986697893441299,0.04995147604495287
3.7019203247239356,-0.3687769214969075,-0.670487514273956,39.456396056224605,0.06114227397247296,-0.11525970228585779,0.9986072164320111,0.05018078605644405
3.7019203247239356,-0.3687769214969075,-0.670487514273956,39.50620352743098,0.0653423888771739,-0.11812068839638055,0.9986098818283589,0.04987680586054921
3.71627895881678,-0.3799248791397617,-0.7014077787088973,39.556193541233604,0.034773168311581254,-0.10855384197806203,0.9988870133313998,0.05004571401514113
3.71627895881678,-0.3799248791397617,-0.7014077787088973,39.60610208116409,0.03754704813279395,-0.11508580072091568,0.9987729169937533,0.04996985709294677
3.71627895881678,-0.3799248791397617,-0.7014077787088973,39.656051956736626,0.04177682349096401,-0.1177382859990626,0.9987091267045672,0.050014437874779105
3.71627895881678,-0.3799248791397617,-0.7014077787088973,39.70600645563872,0.04589158068049032,-0.12040555147970247,0.9986452824455034,0.05002226494252682
3.71627895881678,-0.3799248791397617,-0.7014077787088973,39.7559247372219,0.04997105184828452,-0.12310974916735709,0.9985815445400367,0.04998918902128935
3.71627895881678,-0.3799248791397617,-0.7014077787088973,39.80579259089872,0.05400274710660781,-0.12595542918851096,0.9985829698295249,0.04993861820548773
3.726582581722274,-0.38905795443188607,-0.7358014345771265,39.8556928663112,0.03277747104300088,-0.11378473732281112,0.9988626752344212,0.049957092851400375
3.726582581722274,-0.38905795443188607,-0.7358014345771265,39.90578834945216,0.035315891607170406,-0.11898068438305757,0.9987465342802923,0.05015835491940379
3.726582581722274,-0.38905795443188607,-0.7358014345771265,39.95563419847833,0.03940667497419577,-0.12165480715000192,0.998682747844835,0.04991159518249333
3.726582581722274,-0.38905795443188607,-0.7358014345771265,40.00550190678498,0.0433984163055303,-0.12431222246919049,0.9986197783479421,0.04993663192726672
3.726582581722274,-0.38905795443188607,-0.7358014345771265,40.05547832343786,0.04735703222061046,-0.12700911290904118,0.9985564956021903,0.050048662116751075
3.726582581722274,-0.38905795443188607,-0.7358014345771265,40.10537538254685,0.05127843918694811,-0.12986065339256384,0.9985575342469996,0.04996913787908852
3.726582581722274,-0.38905795443188607,-0.7358014345771265,40.15530196025735,0.05516738934684582,-0.1327276386089763,0.9984905578978933,0.050002052914351225
3.726582581722274,-0.38905795443188607,-0.7358014345771265,40.20523064155624,0.05902378325757483,-0.13563005551698562,0.9984234814698646,0.05000751907937229
3.7403502646446833,-0.4023122782932761,-0.7811261396580728,40.25513103428229,0.027889638951166133,-0.1185383862682489,0.9988220334665587,0.04995924304239452
3.7403502646446833,-0.4023122782932761,-0.7811261396580728,40.30514933649582,0.029763233171519327,-0.12460128949998396,0.9986883875404797,0.05008399300277233
3.7403502646446833,-0.4023122782932761,-0.7811261396580728,40.3551996308482,0.03370817008906486,-0.12723235387914714,0.9986281332643516,0.050119051011279225
3.7403502646446833,-0.4023122782932761,-0.7811261396580728,40.40496294127825,0.0375605983849023,-0.12997859057038136,0.9986313768992433,0.04983151098713279
3.7403502646446833,-0.4023122782932761,-0.7811261396580728,40.45487531140605,0.04136714331260227,-0.1327288393004609,0.9985657454147053,0.0499840599950403
3.7403502646446833,-0.4023122782932761,-0.7811261396580728,40.5048497375362,0.045152692052977506,-0.13552027277074563,0.9984995509017364,0.05004952289164066
3.7403502646446833,-0.4023122782932761,-0.7811261396580728,40.55478474812507,0.04891195638148789,-0.13834659010380682,0.9984338280686995,0.05001334007829428
3.7403502646446833,-0.4023122782932761,-0.7811261396580728,40.60474307176478,0.052637129134465444,-0.1412027846224701,0.9983686541724351,0.05003995611332357
3.7403502646446833,-0.4023122782932761,-0.7811261396580728,40.654622227204044,0.056332504601009914,-0.14409405565081193,0.9983035886928726,0.049963914789259434
3.75228510932909,-0.4149379652986533,-0.8317630827314314,40.704698848431676,0.028938120647774755,-0.1251552040157632,0.9987782906995777,0.050137875135988
3.75228510932909,-0.4149379652986533,-0.8317630827314314,40.75445475445107,0.030724763939833248,-0.13031872292494387,0.9986477418010367,0.049823279958218336
3.75228510932909,-0.4149379652986533,-0.8317630827314314,40.804404410758764,0.034483851862899303,-0.13301785135817487,0.9985873213566019,0.05002031894400716
3.75228510932909,-0.4149379652986533,-0.8317630827314314,40.854298385704624,0.038208225129435495,-0.13571983076074925,0.9985230678600501,0.049967773957178
3.75228510932909,-0.4149379652986533,-0.8317630827314314,40.90428644733971,0.04190046451214722,-0.13844828810466148,0.9984596164214985,0.05006518121808767
3.75228510932909,-0.4149379652986533,-0.8317630827314314,40.95413376506655,0.04557151319361025,-0.14121398044079597,0.9983961288075249,0.04992739483714104
3.75228510932909,-0.4149379652986533,-0.8317630827314314,41.004019489032835,0.04918392645288655,-0.14413196824902522,0.9983916883341962,0.04996608500368893
3.75228510932909,-0.4149379652986533,-0.8317630827314314,41.05400590372522,0.052777437768888984,-0.14708103004442352,0.9983243290773467,0.050070316065102816
3.765236331951028,-0.42956671500281074,-0.885081149778082,41.1039822167029,0.020768088559224095,-0.12827230408013965,0.9987357189836525,0.0500395770650357
3.765236331951028,-0.42956671500281074,-0.885081149778082,41.15383963925161,0.022566520163983347,-0.1330566735519956,0.9986151583348446,0.04992656293325126
3.765236331951028,-0.42956671500281074,-0.885081149778082,41.20383279467879,0.026245670029933454,-0.13566866488820947,0.9985585733204024,0.050065320916473866
3.765236331951028,-0.42956671500281074,-0.885081149778082,41.253730815841315,0.02990446793447525,-0.1382812341464637,0.9984967737705377,0.04997314210049808
3.765236331951028,-0.42956671500281074,-0.885081149778082,41.30359421802182,0.033508498120305846,-0.1410517897304549,0.9984962558972027,0.049938496900722384
3.765236331951028,-0.42956671500281074,-0.885081149778082,41.353525815523405,0.037090989087043606,-0.14385375237922973,0.998430425021173,0.050010092090815306
3.765236331951028,-0.42956671500281074,-0.885081149778082,41.40352766054684,0.04065493204728643,-0.146683281569622,0.9983649381792157,0.05008373502641916
3.765236331951028,-0.42956671500281074,-0.885081149778082,41.45336649052674,0.044201216296936775,-0.14954286012686233,0.9983000044531757,0.049923700047656894
3.7737570833912293,-0.44185876567757976,-0.9367708638137802,41.50337945908143,0.021933959025574677,-0.12931797441762213,0.9986980270306656,0.05007816897705197
3.7737570833912293,-0.44185876567757976,-0.9367708638137802,41.55331447819961,0.02406164691424303,-0.13294247831378408,0.9985961499870137,0.05000521894544363
3.7737570833912293,-0.44185876567757976,-0.9367708638137802,41.60324303617672,0.027684035669719165,-0.13564566855786525,0.9986046719936337,0.049998322036117315
3.7737570833912293,-0.44185876567757976,-0.9367708638137802,41.65314489206393,0.03129021597266994,-0.13834250832197467,0.99854030126143,0.04997480404563248
3.7737570833912293,-0.44185876567757976,-0.9367708638137802,41.70311716898311,0.0348750185544607,-0.14106170417954267,0.9984765777181022,0.050048521952703595
3.7737570833912293,-0.44185876567757976,-0.9367708638137802,41.75299734587282,0.03844583927991208,-0.14380992172531393,0.9984133527302925,0.04995944490656257
3.7737570833912293,-0.44185876567757976,-0.9367708638137802,41.80304220833181,0.041991042367002934,-0.1465789016660287,0.9983510547872272,0.05012751999311149
3.7737570833912293,-0.44185876567757976,-0.9367708638137802,41.852764905021644,0.04552856287721107,-0.14938283108637773,0.9982886969217288,0.049807933159172535
3.7818178140466996,-0.4542725045647077,-0.9875918130138195,41.90326000757996,0.023087494110384684,-0.13009133261161715,0.9987187979711791,0.050559879979118705
3.7818178140466996,-0.4542725045647077,-0.9875918130138195,41.95274573085656,0.025467768332754312,-0.13339843077378252,0.9986280610124039,0.049553707940503955
3.7818178140466996,-0.4542725045647077,-0.9875918130138195,42.00282808611707,0.02904912191582888,-0.13604337385766882,0.9985710264037879,0.050154024036601186
3.7818178140466996,-0.4542725045647077,-0.9875918130138195,42.052553180317574,0.03266169810642714,-0.1386958581809611,0.9985086229798081,0.049799363827332854
3.7818178140466996,-0.4542725045647077,-0.9875918130138195,42.102459695672714,0.036234459097204186,-0.14135784454272804,0.9984483893778254,0.04998407117091119
3.7818178140466996,-0.4542725045647077,-0.9875918130138195,42.15230910149945,0.039804638934709265,-0.1440532046962401,0.9983878171672788,0.0499299019575119
3.7818178140466996,-0.4542725045647077,-0.9875918130138195,42.20225977208759,0.04332065209254506,-0.1469282253307293,0.9983818150430105,0.05003163102082908
3.7818178140466996,-0.4542725045647077,-0.9875918130138195,42.25269175266021,0.04682845246465568,-0.14985974497188737,0.9983161848206197,0.05051704193465412
3.7818178140466996,-0.4542725045647077,-0.9875918130138195,42.30337100316538,0.05035442744068762,-0.15283725269210807,0.998250349272981,0.05076807690784335
3.7896500170659184,-0.4667247906746572,-1.0420310221879658,42.352018217141854,0.02800372526389989,-0.13244406188012534,0.9986050907623949,0.048715167213231325
3.7896500170659184,-0.4667247906746572,-1.0420310221879658,42.40199507441808,0.030603590158332958,-0.13510063519203303,0.99854401468168,0.0500497289467603
3.7896500170659184,-0.4667247906746572,-1.0420310221879658,42.45181828237571,0.03423817021739493,-0.13774046413083404,0.9984877165089403,0.049898668890818954
3.7896500170659184,-0.4667247906746572,-1.0420310221879658,42.50168670231961,0.03781892775699306,-0.14050421380336056,0.9984879637175658,0.04994393698871136
3.7896500170659184,-0.4667247906746572,-1.0420310221879658,42.551627943028556,0.04139134374634906,-0.143329877797887,0.9984242038194656,0.05002006213180721
3.7896500170659184,-0.4667247906746572,-1.0420310221879658,42.601543133887276,0.044956919763540354,-0.14617881595609394,0.9983612218708995,0.04999712505377829
3.7896500170659184,-0.4667247906746572,-1.0420310221879658,42.65577237158217,0.04851098309082173,-0.14904939076851867,0.9982992743683559,0.054321623872965574
3.797339644462003,-0.48081652325968127,-1.0934802952667109,42.70141821659836,0.023497018374088127,-0.12948316588575032,0.9986293995641811,0.045708493096753955
3.797339644462003,-0.48081652325968127,-1.0934802952667109,42.75143049836172,0.02620743811391466,-0.1315539667373064,0.9985902915053047,0.05008288403041661
3.797339644462003,-0.48081652325968127,-1.0934802952667109,42.801353891892845,0.029873523615524148,-0.1342570397341365,0.998593895759271,0.04999368987046182
3.797339644462003,-0.48081652325968127,-1.0934802952667109,42.851257401193,0.03352500019675381,-0.13698534356652192,0.9985316055080089,0.04997689509764314
3.797339644462003,-0.48081652325968127,-1.0934802952667109,42.901163099632086,0.03716790968277223,-0.1397360445959324,0.9984701466013928,0.04998216382227838
3.797339644462003,-0.48081652325968127,-1.0934802952667109,42.95106907108612,0.04080482638142758,-0.1425100586055939,0.9984095432999979,0.049985471181571484
3.797339644462003,-0.48081652325968127,-1.0934802952667109,43.00094594171895,0.04443555918138054,-0.14530680061116769,0.9983497329012349,0.04995931684970856
3.797339644462003,-0.48081652325968127,-1.0934802952667109,43.0509681580006,0.04805801199972672,-0.1481243471708228,0.9982906734051188,0.05010786699131131
3.8038723079046797,-0.49319486796985956,-1.1459778287460718,43.10080002819291,0.026559558167518087,-0.1283007570724986,0.9986427765858197,0.04989959509111941
3.8038723079046797,-0.49319486796985956,-1.1459778287460718,43.15078360066957,0.030100903483285885,-0.13028641139609975,0.9986161718194587,0.05005283700302243
3.8038723079046797,-0.49319486796985956,-1.1459778287460718,43.20079856808136,0.033850418190016,-0.13303857885550555,0.9985586196961127,0.050087162060663104
3.8038723079046797,-0.49319486796985956,-1.1459778287460718,43.250654011417495,0.03759759473455843,-0.13573493325306005,0.9984997598139044,0.049930350854992867
3.8038723079046797,-0.49319486796985956,-1.1459778287460718,43.30051866561433,0.04133342820306791,-0.13845251259816474,0.9984419113382786,0.04994246899150312
3.8038723079046797,-0.49319486796985956,-1.1459778287460718,43.35047392200681,0.04506728321811928,-0.14119094757918,0.9983845504592739,0.05003608716651797
3.8078697765129403,-0.5031846511036688,-1.18334214135644,43.40064984505938,0.02952731500201537,-0.12626603867113878,0.9986576783315765,0.05024336581118405
3.8078697765129403,-0.5031846511036688,-1.18334214135644,43.45032437270072,0.03351399285415761,-0.12801286456047906,0.9986311863213764,0.0497426160145551
3.8078697765129403,-0.5031846511036688,-1.18334214135644,43.500221908625576,0.037331334719287824,-0.13077464654270243,0.9985727668759476,0.04996885312721133
3.8078697765129403,-0.5031846511036688,-1.18334214135644,43.55018349115092,0.04115123077152767,-0.13349717575903947,0.9985139183518171,0.050035940017551184
3.8078697765129403,-0.5031846511036688,-1.18334214135644,43.60013822370245,0.04497877653145382,-0.13625360129381847,0.9984558380733007,0.050031990045681596
3.8078697765129403,-0.5031846511036688,-1.18334214135644,43.65003772777686,0.04880549990987277,-0.13903340189487565,0.9983985507153463,0.04997954377904534
3.8078697765129403,-0.5031846511036688,-1.18334214135644,43.69990315544048,0.05260740898151514,-0.14202783485189924,0.9983863482500913,0.049946023151278496
3.8120396651807402,-0.5139944068832488,-1.2185100356469059,43.74989827220924,0.035239848128477885,-0.12778700859681605,0.9985904486322449,0.05006568692624569
3.8120396651807402,-0.5139944068832488,-1.2185100356469059,43.79977086859677,0.03955549497398764,-0.12923320612354852,0.9985750032673082,0.049943766091018915
3.8120396651807402,-0.5139944068832488,-1.2185100356469059,43.85001881245638,0.04349863044479943,-0.1321011497289344,0.9985160713850536,0.05032261903397739
3.8120396651807402,-0.5139944068832488,-1.2185100356469059,43.899661797419924,0.04745112425099234,-0.13492507730824635,0.9984572340233754,0.049719690810889006
3.8120396651807402,-0.5139944068832488,-1.2185100356469059,43.94959228166747,0.05136018802903737,-0.13775983167746572,0.998400657546788,0.05001046811230481
3.8120396651807402,-0.5139944068832488,-1.2185100356469059,43.99950217791131,0.05531861602794906,-0.1408241597198858,0.998383724689136,0.0499906949698925
3.8165660564832815,-0.5253527837677116,-1.2542944923154395,44.04944027775348,0.03659435917068017,-0.1266740827244282,0.9985712499150348,0.050009550992399454
3.8165660564832815,-0.5253527837677116,-1.2542944923154395,44.0993167053754,0.041299618908197416,-0.12790136652635817,0.9985718775801765,0.04994775913655758
3.8165660564832815,-0.5253527837677116,-1.2542944923154395,44.149381150868955,0.0454099209099375,-0.13086376226992152,0.9985119922361999,0.0501390527933836
3.8165660564832815,-0.5253527837677116,-1.2542944923154395,44.19914077249902,0.04951223410378118,-0.13375641408383748,0.9984531790885012,0.04983671009540558
3.8165660564832815,-0.5253527837677116,-1.2542944923154395,44.24961215613855,0.05359679430125113,-0.13667467693121055,0.998395758714881,0.05055248201824725
3.8165660564832815,-0.5253527837677116,-1.2542944923154395,44.29903196435997,0.0578878618633045,-0.13985358550773505,0.9983692955183494,0.049500528955832124
3.8211042463144924,-0.5393207673361422,-1.2885443232481875,44.348958049574655,0.03454184650784179,-0.1249493779549608,0.9985890871339418,0.04999662609770894
3.8211042463144924,-0.5393207673361422,-1.2885443232481875,44.3988716763511,0.03976693202854517,-0.12568738234590487,0.9985918446194744,0.049984012031927705
3.8211042463144924,-0.5393207673361422,-1.2885443232481875,44.44884312680866,0.04417985500827586,-0.12874597639053903,0.9985290372603935,0.05004506488330662
3.8211042463144924,-0.5393207673361422,-1.2885443232481875,44.498760241964796,0.048565672008283496,-0.13171966991606654,0.9984685681643045,0.04999367706477642
3.8211042463144924,-0.5393207673361422,-1.2885443232481875,44.54865066802834,0.05295582957872315,-0.13473444535831475,0.9984088254826251,0.04996993695385754
3.8211042463144924,-0.5393207673361422,-1.2885443232481875,44.598562886186016,0.0577876847538664,-0.1379862581539379,0.9983717177679148,0.049993621883913875
3.8261840810673076,-0.55356766841878,-1.3223433221177099,44.64855442484866,0.033841037291684,-0.12461912043727803,0.9985610997727873,0.05006357515230775
3.8261840810673076,-0.55356766841878,-1.3223433221177099,44.698437582962924,0.039891629016592024,-0.12509190434724612,0.9985822173914791,0.049953982001170516
3.8261840810673076,-0.55356766841878,-1.3223433221177099,44.748381846744024,0.044901279292784924,-0.12829543481940536,0.9985144475483656,0.050018568988889456
3.8261840810673076,-0.55356766841878,-1.3223433221177099,44.79826357327385,0.04987792277011979,-0.13138574224749297,0.9984498242048377,0.049959172029048204
3.8261840810673076,-0.55356766841878,-1.3223433221177099,44.848231981889114,0.05485913388594916,-0.13452430162441203,0.9983858405606479,0.05004919599741697
3.8261840810673076,-0.55356766841878,-1.3223433221177099,44.89808418600083,0.061043264354731404,-0.13789577233581876,0.9983228973479621,0.049935951828956604
3.8296975737111008,-0.5685905480198118,-1.3567822343752585,44.94807971624327,0.03837955938171299,-0.11994832811575931,0.9985936174728058,0.050065942108631134
3.8296975737111008,-0.5685905480198118,-1.3567822343752585,44.99800711796242,0.04629604659234587,-0.12030878982268561,0.9986115079623933,0.04999682190828025
3.8296975737111008,-0.5685905480198118,-1.3567822343752585,45.047927396279285,0.052671740428238606,-0.1235198952734469,0.998530779098142,0.049993730150163174
3.8296975737111008,-0.5685905480198118,-1.3567822343752585,45.09786727889751,0.059009695999960976,-0.12660625677779866,0.9984538645298482,0.05001721601001918
3.8296975737111008,-0.5685905480198118,-1.3567822343752585,45.147821719805904,0.06535825224279561,-0.12974662227110678,0.9983772977251885,0.05003563384525478
3.8296975737111008,-0.5685905480198118,-1.3567822343752585,45.197685282522585,0.07478451323159806,-0.13306816161956658,0.9982710428306497,0.04994992399588227
3.832656608037482,-0.5825706718303185,-1.3908362216623376,45.247562823178185,0.05755579548618862,-0.11378102032532095,0.9985698121915866,0.04994897707365453
3.832656608037482,-0.5825706718303185,-1.3908362216623376,45.29749291631429,0.0689482118142885,-0.11406831999699152,0.9985668709985193,0.050001752097159624
3.832656608037482,-0.5825706718303185,-1.3908362216623376,45.34740139447103,0.07853367160695851,-0.11701418405215619,0.9984526041700197,0.04998582601547241
3.832656608037482,-0.5825706718303185,-1.3908362216623376,45.39734495894663,0.08807851434094888,-0.11983025698223074,0.9983417287657488,0.050026522018015385
3.835070136201496,-0.5950108529087097,-1.4099618153528628,45.447350933455844,0.07321692888507592,-0.11046431844562035,0.9985364934614942,0.05007926584221423
3.835070136201496,-0.5950108529087097,-1.4099618153528628,45.497252561738094,0.08393604890084999,-0.11051703034667071,0.9984925303691105,0.049976967042312026
3.835070136201496,-0.5950108529087097,-1.4099618153528628,45.54711430367576,0.09361377672775306,-0.11322022744371281,0.9983825006127569,0.04994252393953502
3.835070136201496,-0.5950108529087097,-1.4099618153528628,45.59701082608505,0.10323241188760812,-0.11584415409179971,0.9982756510478633,0.04998271004296839
3.8370051010270956,-0.6105407312590794,-1.4318978899820956,45.64695666843649,0.0828534474197222,-0.10187746915415025,0.9985550107163726,0.0500181179959327
3.8370051010270956,-0.6105407312590794,-1.4318978899820956,45.6968795986085,0.0939414272025736,-0.10131365852434694,0.9985176166294503,0.049997044960036874
3.8370051010270956,-0.6105407312590794,-1.4318978899820956,45.746790063580406,0.10371029195725191,-0.1037325970450667,0.9984104373193455,0.04998992709442973
3.8370051010270956,-0.6105407312590794,-1.4318978899820956,45.796708985637935,0.1134285914434436,-0.10606289372812744,0.9983064639848803,0.05000360496342182
3.8387384754944893,-0.6273610253144274,-1.44992865885795,45.84668709822337,0.09033532167717773,-0.09427831240186119,0.9985927179801383,0.05004854500293732
3.8387384754944893,-0.6273610253144274,-1.44992865885795,45.89659509141284,0.10124011017983688,-0.09330860295819254,0.9985426458797815,0.049980832962319255
3.8405081185346597,-0.6375242313480792,-1.4582074624751087,45.94653178184039,0.09065636749377855,-0.09153319614168831,0.9986475256778083,0.05000431998632848
3.8405081185346597,-0.6375242313480792,-1.4582074624751087,45.99640991087014,0.10085576830768295,-0.0914157627348301,0.998574577024192,0.04994932794943452
3.8405081185346597,-0.6375242313480792,-1.4582074624751087,46.04633235490812,0.11069829208755666,-0.0934434610707517,0.9984713461871008,0.04999887500889599
3.8405081185346597,-0.6375242313480792,-1.4582074624751087,46.09629877182226,0.12050697475997629,-0.09543498695791598,0.9983701225396159,0.05004798900336027
3.8423763584793593,-0.6566102128188421,-1.4737763314599472,46.146257171116176,0.09266738015120661,-0.08593919862893876,0.9986813455638351,0.05002436414361
3.8423763584793593,-0.6566102128188421,-1.4737763314599472,46.19613980219247,0.10346140444153859,-0.08427525856694723,0.9986275023699366,0.049951188964769244
3.843028811852945,-0.6681396174511851,-1.4819192654609734,46.246192240756656,0.09066748028551862,-0.07946604136462149,0.9987709923935041,0.050114029087126255
3.843028811852945,-0.6681396174511851,-1.4819192654609734,46.296016004237956,0.10108807076766368,-0.07891954542121846,0.9986943728634291,0.049888899782672524
3.843028811852945,-0.6681396174511851,-1.4819192654609734,46.34598585621069,0.11098372719101514,-0.08059893439099776,0.9985929081966599,0.05004026321694255
3.843028811852945,-0.6681396174511851,-1.4819192654609734,46.395962348118005,0.12086927048593335,-0.08223926016018199,0.9984929449616298,0.05005192290991545
3.844234645923523,-0.6873517693975592,-1.4958833573643393,46.44583636802191,0.09286043109410386,-0.0727952273321128,0.9987992920055179,0.04993397602811456
3.844234645923523,-0.6873517693975592,-1.4958833573643393,46.4957550617925,0.10358932224752457,-0.07106397369095484,0.9987385947353187,0.049981741001829505
3.845083296035372,-0.6985968072775957,-1.503001706934655,46.54570009143936,0.09119982009247248,-0.06784463837862785,0.9988678698230145,0.050001638010144234
3.845083296035372,-0.6985968072775957,-1.503001706934655,46.59565779314293,0.10151224728651015,-0.06718663207421759,0.9987895779790498,0.05001824488863349
3.845083296035372,-0.6985968072775957,-1.503001706934655,46.64556870127589,0.11147433953437146,-0.06853995864610225,0.9986887418669657,0.04997644014656544
3.845083296035372,-0.6985968072775957,-1.503001706934655,46.695507472389565,0.12139545564975107,-0.06985925368784099,0.9985896659761825,0.05000930093228817
3.8470770914771335,-0.7184090193769758,-1.5113739360710188,46.74545458615855,0.09164660583016818,-0.0676341996121724,0.9988884573251219,0.050002693897113204
3.8470770914771335,-0.7184090193769758,-1.5113739360710188,46.7953867096186,0.10194025883855301,-0.06545656167652474,0.9988163031652023,0.049991298001259565
3.847846596641377,-0.7303572553842149,-1.5147848096343708,46.845420583557456,0.08805772256065986,-0.06498871737919863,0.9989546203750407,0.050086233066394925
3.847846596641377,-0.7303572553842149,-1.5147848096343708,46.89527417241768,0.09817486567014835,-0.06397641548995532,0.9988662793727593,0.04991017305292189
3.847846596641377,-0.7303572553842149,-1.5147848096343708,46.94517770593108,0.10814225432623487,-0.06519727278656016,0.9987658528715712,0.04996519791893661
3.847846596641377,-0.7303572553842149,-1.5147848096343708,46.99520116682331,0.11808242069750706,-0.06638521569720553,0.9986670219375233,0.05009023007005453
3.8494731838605905,-0.7485624409383553,-1.5257666061581572,47.04507402772867,0.09172833382540649,-0.0617332822824943,0.9989349218090282,0.04992603603750467
3.8494731838605905,-0.7485624409383553,-1.5257666061581572,47.09501276614421,0.10224808587729603,-0.059739743772213263,0.9988715388850592,0.04999515600502491
3.850780211068075,-0.7595265955041566,-1.5311625744919184,47.145060090922215,0.09024653315823515,-0.0595937042164345,0.9989890983986105,0.0500979688949883
3.850780211068075,-0.7595265955041566,-1.5311625744919184,47.19498285300264,0.10045681595452546,-0.05857745038999385,0.9989098027549352,0.04997724713757634
3.850780211068075,-0.7595265955041566,-1.5311625744919184,47.24484185049324,0.1104574636981543,-0.05960439090929309,0.9988093483964929,0.049918432952836156
3.850780211068075,-0.7595265955041566,-1.5311625744919184,47.29482759448719,0.12041368525063405,-0.06058695853453311,0.9987106172013573,0.05005027796141803
3.85212421625743,-0.7791560691969507,-1.538228575383134,47.34471901990853,0.09115691718752301,-0.058630705376056226,0.9990040755952287,0.049941163044422865
3.85212421625743,-0.7791560691969507,-1.538228575383134,47.3947479538973,0.10145892401038087,-0.05609031809288325,0.9989299457886568,0.050082525005564094
3.85212421625743,-0.7791560691969507,-1.538228575383134,47.44474372020632,0.11150769148592918,-0.05703565232656242,0.9988278434457184,0.050054437946528196
3.8508996382529217,-0.7882393881851677,-1.543554596947337,47.494661118428176,0.1037566541413332,-0.049908647981222604,0.9989090313757063,0.0499719160143286
3.8508996382529217,-0.7882393881851677,-1.543554596947337,47.54457165391058,0.11420939565545886,-0.04918910062259896,0.9988208894407584,0.04996945499442518
3.8507799161907923,-0.799396086737799,-1.5471980324388046,47.594499144799805,0.10203684063039557,-0.04636530670347863,0.9989425217095902,0.04998034401796758
3.8507799161907923,-0.799396086737799,-1.5471980324388046,47.64444639792158,0.11225062952736355,-0.045324272245015784,0.9988521477802357,0.05000465107150376
3.8514268366622577,-0.8097362053944729,-1.5499121882237559,47.694377356361095,0.10156952539044137,-0.04544874200896737,0.9989583371493799,0.04998302389867604
3.8514268366622577,-0.8097362053944729,-1.5499121882237559,47.74434390934861,0.11164959713229694,-0.04448769941298572,0.9988676272251794,0.05002319789491594
3.852111031160117,-0.8212756791580985,-1.5536351156455015,47.79426492272011,0.09859226015658622,-0.04395322264276953,0.998997544941077,0.049971107160672545
3.8534128813472512,-0.8334762232257615,-1.556801440141644,47.844209444097494,0.08423839685994869,-0.043907301541319825,0.9991557225105161,0.049986724043264985
3.8534128813472512,-0.8334762232257615,-1.556801440141644,47.894286997409836,0.09430609281014311,-0.04253394042742177,0.9990674647109447,0.050124295987188816
3.8534128813472512,-0.8334762232257615,-1.556801440141644,47.9441201538474,0.10435493221255207,-0.043146766225667,0.9989658465257364,0.04988474491983652
3.8534128813472512,-0.8334762232257615,-1.556801440141644,47.994079152785815,0.11432882542843578,-0.043726723709130194,0.9988662965476613,0.0500157019123435
3.8534128813472512,-0.8334762232257615,-1.556801440141644,48.04400672676551,0.12432865543451517,-0.044287971957002646,0.9987662324795065,0.04998924909159541
3.8538287762846877,-0.8529076944842107,-1.5628963222736263,48.09400494445891,0.09556019393734899,-0.04112250550316172,0.9990524797427165,0.05004563694819808
3.8538287762846877,-0.8529076944842107,-1.5628963222736263,48.14391063116391,0.10587925063653984,-0.03876467900824706,0.9989701327124945,0.04995713592506945
3.853885771245962,-0.8645910860706426,-1.5660808046742716,48.19385514763178,0.09259559725804435,-0.03710623784898593,0.999099719921562,0.0499895210377872
3.853885771245962,-0.8645910860706426,-1.5660808046742716,48.24380588056874,0.10276136919665088,-0.03579945036768468,0.9990083636593444,0.05000031506642699
3.8544613766649767,-0.8750909568791649,-1.5697104217959947,48.29399122426317,0.09179573517988088,-0.03527001038455798,0.9991170501385069,0.05022969399578869
3.8544613766649767,-0.8750909568791649,-1.5697104217959947,48.343796757836934,0.10198979874563768,-0.034104553590021756,0.9990272522152402,0.04985402897000313
3.8544613766649767,-0.8750909568791649,-1.5697104217959947,48.39366833804989,0.1119792780606517,-0.034487167369195465,0.9989261151632641,0.04992519412189722
3.8544613766649767,-0.8750909568791649,-1.5697104217959947,48.443615822051754,0.12196453249824099,-0.03482644492706076,0.9988255261255274,0.05000621499493718
3.854836772887554,-0.8935781793061531,-1.5748652223505704,48.493582860925066,0.0950529175959651,-0.032626470476732415,0.9990924646932989,0.05001242691650987
3.854836772887554,-0.8935781793061531,-1.5748652223505704,48.543501375088994,0.10529044008589365,-0.03043867911253318,0.9990064321587556,0.04996816092170775
3.854942498511066,-0.9049942899580221,-1.5770626501241594,48.59349085407106,0.09250458946737103,-0.029762258418268253,0.9991314496519662,0.05003293510526419
3.854942498511066,-0.9049942899580221,-1.5770626501241594,48.64346273661598,0.10260595957527069,-0.02844379624572734,0.9990367993916109,0.050020061898976564
3.855603864971444,-0.914783811431279,-1.5802179886043708,48.69338377794679,0.09305796724641441,-0.028556499095030746,0.999132585709428,0.04996438114903867
3.855603864971444,-0.914783811431279,-1.5802179886043708,48.743322299521395,0.10315792563878545,-0.02742668295452058,0.9990413344869635,0.04998644185252488
3.855603864971444,-0.914783811431279,-1.5802179886043708,48.793256011374964,0.11316933797225295,-0.027626013759960568,0.998939134954039,0.04998674103990197
3.855603864971444,-0.914783811431279,-1.5802179886043708,48.84321829602254,0.12316641659622093,-0.0277888904876908,0.9988377073159179,0.05002042301930487
3.8561895789329803,-0.936431238399893,-1.5853346237422585,48.893278122320716,0.08992294043145815,-0.02664257904686443,0.999169588820483,0.05010143108665943
3.8561895789329803,-0.936431238399893,-1.5853346237422585,48.94315602500753,0.10013986581294461,-0.024075327696369043,0.9990834170630302,0.049923661863431334
3.8559440976324897,-0.9484114136760534,-1.586839205564754,48.993138324839435,0.08621232553741581,-0.02310093570508143,0.9992174712270819,0.05002144305035472
3.8559440976324897,-0.9484114136760534,-1.586839205564754,49.043091377693656,0.09628942917696377,-0.021661109403844046,0.9991199058113122,0.04999705497175455
3.8559440976324897,-0.9484114136760534,-1.586839205564754,49.09299060779363,0.10630086847519465,-0.021743990232547167,0.9990172042788484,0.04994831909425557
3.8559440976324897,-0.9484114136760534,-1.586839205564754,49.142910147210216,0.11628763646788455,-0.02179224556358964,0.9989153999018738,0.04997374094091356
3.8564828935699813,-0.9672917822760603,-1.5899873788040426,49.19295555307317,0.0885541607333087,-0.022095684787274188,0.9991944394510425,0.05008575296960771
3.8564828935699813,-0.9672917822760603,-1.5899873788040426,49.242888945809845,0.09865826689111817,-0.01988048436773401,0.9991025818831738,0.04997824411839247
3.855962990862078,-0.9766857058621117,-1.5881015137897712,49.29281021581995,0.08987509710641309,-0.02051393226498965,0.9991864617816257,0.049961915938183665
3.855962990862078,-0.9766857058621117,-1.5881015137897712,49.34277804502172,0.0997949841985333,-0.019400855785456875,0.9991793303662293,0.05000886996276677
3.855962990862078,-0.9766857058621117,-1.5881015137897712,49.39277325484563,0.10980355436808721,-0.019427177486654307,0.9990765630603023,0.05004141991958022
3.855962990862078,-0.9766857058621117,-1.5881015137897712,49.44272432241754,0.11980720960707676,-0.019424910795816746,0.9989736785162137,0.050002386095002294
3.8557676555263183,-0.9959616292258285,-1.5919826364715315,49.49268217186882,0.091295719185691,-0.017032930169737094,0.9992521399581108,0.04999523889273405
3.8557676555263183,-0.9959616292258285,-1.5919826364715315,49.54258107948529,0.10145094347147196,-0.01499385854654851,0.9991585353402486,0.049940931145101786
3.8558065828259758,-1.0057721265323434,-1.5922000217732535,49.59258144743568,0.09183736880136711,-0.01557183239522355,0.9992525641717553,0.05003776797093451
3.8558065828259758,-1.0057721265323434,-1.5922000217732535,49.64254958511531,0.10182994356675226,-0.014456067009154158,0.9991674959337794,0.05000977101735771
3.8558065828259758,-1.0057721265323434,-1.5922000217732535,49.69248173126636,0.11183118063988821,-0.014379238162334471,0.9990640488211555,0.04997892398387194
3.8558065828259758,-1.0057721265323434,-1.5922000217732535,49.74252734235788,0.12181739363452396,-0.01427251127616674,0.9989609132455018,0.05009766691364348
3.8561008106663452,-1.0254920321243104,-1.591635629273409,49.79234725032833,0.09241761535909745,-0.016858397536732784,0.9992587357917607,0.049856865080073476
3.8561008106663452,-1.0254920321243104,-1.591635629273409,49.84246862961771,0.10230354425611446,-0.014708251741262515,0.9991579197710576,0.050163621082901955
3.85565395708348,-1.037034306126459,-1.593320516663174,49.89233495201271,0.08927316170550137,-0.012908985479485071,0.9992791020619075,0.04990229685790837
3.85565395708348,-1.037034306126459,-1.593320516663174,49.94224719136934,0.09932464637626474,-0.011673204961493901,0.9991899596351077,0.049952703062444925
3.85565395708348,-1.037034306126459,-1.593320516663174,49.992223765014536,0.10931133123117362,-0.011554740037480193,0.9990860413647387,0.05002229195088148
3.85565395708348,-1.037034306126459,-1.593320516663174,50.04216624450984,0.11930356741924218,-0.011405214172348476,0.9989821720150379,0.04999336414039135
3.855976372300164,-1.0569899658060975,-1.5961410405766259,50.09213271430174,0.0894277559182901,-0.011400779362934363,0.9992798935315252,0.05000247689895332
3.855976372300164,-1.0569899658060975,-1.5961410405766259,50.14208704452315,0.09949030581514207,-0.009469518056503269,0.9991833447237126,0.04999515903182328
3.8557668283584525,-1.0693094316391736,-1.5976247520040987,50.19212262924783,0.08486297987424754,-0.008554959466174614,0.9993225757442566,0.050069503020495176
3.8557668283584525,-1.0693094316391736,-1.5976247520040987,50.242050882021864,0.09491572959009557,-0.007278139599099458,0.9992294646126018,0.04996675392612815
3.8557668283584525,-1.0693094316391736,-1.5976247520040987,50.29202788505771,0.10489923455207907,-0.007075502256857801,0.999124662693817,0.05002078809775412
3.8557668283584525,-1.0693094316391736,-1.5976247520040987,50.341916649337435,0.11488642396704131,-0.0068405204379464735,0.9990197261435189,0.049937716918066144
3.8555537713861625,-1.0880984355435208,-1.5994990090692474,50.39189093900536,0.08730766725658573,-0.006032688893337761,0.9992896742284461,0.050009812926873565
3.8555537713861625,-1.0880984355435208,-1.5994990090692474,50.44189261315138,0.09734750002393289,-0.004333030347826998,0.99918888527228,0.05004226416349411
3.855857645366846,-1.0972895147678132,-1.598374437354376,50.491817432249164,0.08899997348510891,-0.00650851270734812,0.999273596120829,0.049961111042648554
3.855857645366846,-1.0972895147678132,-1.598374437354376,50.541808718769026,0.09890934225916774,-0.00551766624725949,0.9991751509870656,0.050032555824145675
3.855857645366846,-1.0972895147678132,-1.598374437354376,50.591753000061125,0.10890130739830209,-0.005271228311068732,0.9990692736187553,0.04999080905690789
3.855857645366846,-1.0972895147678132,-1.598374437354376,50.6417167929715,0.118879718993793,-0.004998998392367451,0.9989635409843397,0.050015632063150406
3.8554533897272862,-1.1163590399178225,-1.6003655724486432,50.69162993243373,0.09074266230357259,-0.003534323934376276,0.999236184380441,0.04995129304006696
3.8554533897272862,-1.1163590399178225,-1.6003655724486432,50.74166097651012,0.10077421837192405,-0.00192868573401956,0.9991340136345412,0.05007440783083439
3.8552921010142107,-1.1270584352819528,-1.6018190044148102,50.79158016595751,0.08938616736900631,-0.000956676583036929,0.9992396368851219,0.049957175040617585
3.8552921010142107,-1.1270584352819528,-1.6018190044148102,50.84157761297374,0.09939600780558408,7.621474557411732e-05,0.9991423938747241,0.05004036193713546
3.8552921010142107,-1.1270584352819528,-1.6018190044148102,50.89149255078356,0.10938055618488024,0.0004283013734960397,0.9990355210788376,0.04996312619186938
3.8552921010142107,-1.1270584352819528,-1.6018190044148102,50.94145082586244,0.11934600397063422,0.0008059224835189952,0.9989288352769312,0.05001184600405395
3.8550136112998894,-1.1468348824485215,-1.6018058850917667,50.991320099966856,0.08980240645046537,0.00028966862603232123,0.999219629640036,0.0499082210008055
3.8550136112998894,-1.1468348824485215,-1.6018058850917667,51.04134497254338,0.09975021710883747,0.0018163467950303015,0.9991140381562534,0.05006923200562596
3.8550975403233263,-1.1585411971701427,-1.6011726665998356,51.09126359579715,0.08636960354057015,0.0005074081544814077,0.9992449896442187,0.04995634080842137
3.8550975403233263,-1.1585411971701427,-1.6011726665998356,51.14125379337821,0.09630657072459992,0.001560278946497262,0.9991448357619888,0.050032983999699354
3.8550975403233263,-1.1585411971701427,-1.6011726665998356,51.191209322235984,0.10628818380774052,0.001923864788547158,0.999037328436867,0.05000366596505046
3.8550975403233263,-1.1585411971701427,-1.6011726665998356,51.241133183959846,0.11626043499417212,0.002312213134546385,0.9989298464085672,0.04997734515927732
3.854432213998819,-1.1784850378904206,-1.6002609195846464,51.291089665986945,0.08634705203901677,0.002266062707631875,0.9992205123713084,0.04999545286409557
3.854432213998819,-1.1784850378904206,-1.6002609195846464,51.34106779399419,0.0962980411327606,0.0036813371610093064,0.9991126596615495,0.0500225150026381
3.8543740097157593,-1.1897300855747694,-1.6008037744685828,51.39092544792497,0.08381168486451998,0.0037644251376931486,0.999230375966036,0.049896055134013295
3.8543740097157593,-1.1897300855747694,-1.6008037744685828,51.441052986372775,0.09377213664475173,0.004684613074415908,0.999130625963024,0.05017115594819188
3.8543740097157593,-1.1897300855747694,-1.6008037744685828,51.49091763826003,0.10377707743649159,0.0050893737713712025,0.9990222633161303,0.04991345410235226
3.8543740097157593,-1.1897300855747694,-1.6008037744685828,51.540892805494146,0.11372824159344835,0.005513405102606413,0.9989146052818295,0.05002946895547211
3.8543740097157593,-1.1897300855747694,-1.6008037744685828,51.590862492208046,0.12370087201891378,0.0059600598209720536,0.9988062958932071,0.0500294070225209
3.8537953914500354,-1.2086049557839729,-1.6007231938465047,51.64080793243543,0.0959310022367795,0.006535096004458471,0.9990741929442982,0.049991722917184234
3.853719282437724,-1.2191930044038608,-1.5999629330023397,51.69067427576879,0.0847506297174401,0.006500550179429735,0.9991804654645313,0.049907244043424726
3.853719282437724,-1.2191930044038608,-1.5999629330023397,51.740757656925645,0.09468472311383885,0.007315213220612408,0.9990790317583409,0.05012954887934029
3.853719282437724,-1.2191930044038608,-1.5999629330023397,51.790676999331744,0.10467815565504418,0.007753928543308919,0.9989704829868552,0.04997078818269074
3.853719282437724,-1.2191930044038608,-1.5999629330023397,51.840624534016264,0.11463808740545892,0.008211187475688985,0.9988623363762775,0.05000442289747298
3.853719282437724,-1.2191930044038608,-1.5999629330023397,51.89055877553889,0.12460313122556989,0.008688057881796689,0.9987538428920256,0.04999654507264495
3.852727158109956,-1.2391287206950299,-1.600238656650652,51.94053548045994,0.09466459968399432,0.010783124102649514,0.9990382357988007,0.05002481699921191
3.852727158109956,-1.2391287206950299,-1.600238656650652,51.990477770534284,0.10463694969039129,0.011689634262274005,0.9989295531224752,0.04999580793082714
3.8529558370741115,-1.2511678784581224,-1.5988111049886817,52.040439854030154,0.09059341446607452,0.00961813382369077,0.9990753815677074,0.05000832211226225
3.8529558370741115,-1.2511678784581224,-1.5988111049886817,52.09034924768685,0.10053772668178985,0.010369760000590934,0.9989669281348305,0.04996100696735084
3.85288377496576,-1.261780178684822,-1.5975152483217463,52.140486498282726,0.0893047302302033,0.009357669670781863,0.9990739364477593,0.05018372391350567
3.85288377496576,-1.261780178684822,-1.5975152483217463,52.19021566038648,0.0992885945170708,0.010058177626924117,0.9989646006697906,0.04978070501238108
3.85288377496576,-1.261780178684822,-1.5975152483217463,52.24017362652406,0.1092098357087925,0.010520057726597615,0.9988566299104995,0.05001515196636319
3.85288377496576,-1.261780178684822,-1.5975152483217463,52.29014368244576,0.11917632686109422,0.011003383845799807,0.9987476176604314,0.05003271601162851
3.8528121142290352,-1.2801495887697178,-1.5946234577170917,52.340117152974095,0.09247698128104818,0.008238956010441454,0.9990198310069961,0.05002250103279948
3.8528121142290352,-1.2801495887697178,-1.5946234577170917,52.3900160372806,0.10240808458589343,0.009123485791797455,0.9989108075671673,0.049953293055295944
3.852731286110284,-1.29315927950054,-1.5926080439067547,52.44003192123504,0.08638708814656088,0.007514205205234746,0.9990664698846077,0.05006261891685426
3.852731286110284,-1.29315927950054,-1.5926080439067547,52.48993687526472,0.096340997796212,0.008223609424813016,0.998957403424704,0.04995703906752169
3.8524295680789793,-1.3024018793024097,-1.5918338216268388,52.54067838055381,0.08782147535798884,0.008404747304258135,0.9990334674212489,0.05079059605486691
3.8524295680789793,-1.3024018793024097,-1.5918338216268388,52.58983745228911,0.09793972361022013,0.008986517744822762,0.9989225401360811,0.04921209579333663
3.8524295680789793,-1.3024018793024097,-1.5918338216268388,52.63980265311931,0.10775187500740895,0.009383787252825905,0.9988241392294173,0.05002402211539447
3.8524295680789793,-1.3024018793024097,-1.5918338216268388,52.68971053893479,0.11772383144175602,0.00980684129608584,0.9987158378489805,0.04997205804102123
3.852368794446101,-1.3210183570728087,-1.5886296061202652,52.73966465085065,0.09051355081804369,0.0069764163765436375,0.9989855990405315,0.050004836870357394
3.852368794446101,-1.3210183570728087,-1.5886296061202652,52.789701433819666,0.10043563464457653,0.0077581209127013835,0.9987670468686057,0.05009855213575065
3.8525240343218137,-1.331575089234322,-1.5871747501837492,52.839545962764895,0.08935201827615703,0.006153976693000392,0.9988762660842843,0.04990060394629836
3.8525240343218137,-1.331575089234322,-1.5871747501837492,52.88947990950682,0.09928462842846686,0.006712676270329468,0.9987718820248728,0.049995346926152706
3.8525240343218137,-1.331575089234322,-1.5871747501837492,52.939404129059746,0.10925551323410405,0.00705287868732888,0.9986751373695552,0.04999045003205538
3.8525240343218137,-1.331575089234322,-1.5871747501837492,52.9893138009272,0.11922355315381095,0.007407152244601434,0.998572115518464,0.04998103901743889
3.852710447988212,-1.3515088113415985,-1.5857945400414555,53.03929585909752,0.0893809657607682,0.005371178793373612,0.9988719903018227,0.05003850208595395
3.852710447988212,-1.3515088113415985,-1.5857945400414555,53.08929234309272,0.09934078506155922,0.0061334780260079,0.9987589571329479,0.05005860887467861
3.8529527202154275,-1.36287530756927,-1.5873447859213885,53.13915784229094,0.0866206036737583,0.006529826449279474,0.9988852847999379,0.04992114705964923
3.8529527202154275,-1.36287530756927,-1.5873447859213885,53.189061752225115,0.0965941694114226,0.007073388478931822,0.998784761379579,0.04996462888084352
3.8529527202154275,-1.36287530756927,-1.5873447859213885,53.23903677733138,0.10655897996462238,0.007417376057523594,0.9986907207840292,0.050040542148053646
3.8529527202154275,-1.36287530756927,-1.5873447859213885,53.28894367471815,0.11653713642089934,0.00777642438194806,0.9985901499987118,0.04997735796496272
3.8527126625811317,-1.381422849283397,-1.5863517218015597,53.338872837021604,0.08943644500693569,0.007333115033280523,0.9988614074839866,0.049986076075583696
3.8527126625811317,-1.381422849283397,-1.5863517218015597,53.38885290924426,0.09939507401252046,0.007983850895178553,0.9987599301339501,0.05004212795756757
3.8528464878662403,-1.3926196212557178,-1.587440577284615,53.43879767618665,0.08700618470375887,0.00837716817155014,0.9988845094155154,0.050000542076304555
3.8528464878662403,-1.3926196212557178,-1.587440577284615,53.48870978032744,0.09698770245004643,0.008877182156227953,0.9987852065802877,0.04997281078249216
3.8528464878662403,-1.3926196212557178,-1.587440577284615,53.53866365654395,0.1069530773173079,0.009249311134193798,0.9986928644390586,0.05001925816759467
3.8528464878662403,-1.3926196212557178,-1.587440577284615,53.588527753004215,0.11692600566682168,0.009635340762978891,0.9985940652930276,0.049934300826862454
3.8529333949596096,-1.410466497408289,-1.58698387980576,53.638529965890726,0.09123410131282361,0.00874707826919602,0.998854678100632,0.05005954718217254
3.8529333949596096,-1.410466497408289,-1.58698387980576,53.688445914227636,0.1012132127064104,0.009316987899742668,0.9987585624466355,0.049977992894127965
3.8532524914513653,-1.422499464900033,-1.5873008914062845,53.73840382686423,0.08715675123187318,0.008599452822632015,0.9989032934582324,0.050012761959806085
3.8532524914513653,-1.422499464900033,-1.5873008914062845,53.78838359402156,0.09713357288893738,0.00910506201291872,0.9988047665268378,0.050039576133713126
3.8532524914513653,-1.422499464900033,-1.5873008914062845,53.83833528050377,0.10711246110753206,0.009480812471730514,0.9987130219647244,0.0500160560477525
3.8532524914513653,-1.422499464900033,-1.5873008914062845,53.888225359517506,0.117084988503654,0.00986969539353588,0.9986151534687248,0.04995926492847502
3.85331027618666,-1.4405246409092534,-1.585550697946102,53.938167415365584,0.09104821696122076,0.00806335700933442,0.9988811320490691,0.049997997004538774
3.85331027618666,-1.4405246409092534,-1.585550697946102,53.988123042914374,0.10100504240525034,0.00865863510465952,0.9987872661596359,0.05001628398895264
3.8536238374523344,-1.4504886845542617,-1.5842536027166763,54.03804680895065,0.09109701443948282,0.00683530818199751,0.998892099359329,0.049979137955233455
3.8536238374523344,-1.4504886845542617,-1.5842536027166763,54.08806750280912,0.1010529722580938,0.007310595918854134,0.998793752996637,0.050081104040145874
3.8536238374523344,-1.4504886845542617,-1.5842536027166763,54.137921766905286,0.11104251883865542,0.0076422495117949955,0.9987021397504577,0.04991905204951763
3.8536238374523344,-1.4504886845542617,-1.5842536027166763,54.18787033982161,0.12099808387449733,0.007985018845476477,0.9986049723935176,0.05001834989525378
3.853980595691609,-1.4701239983839185,-1.5809249774308125,54.237780174371274,0.0917763855087262,0.004089137846549712,0.9989061351150099,0.049964488949626684
3.853980595691609,-1.4701239983839185,-1.5809249774308125,54.28776129866936,0.1017050192703044,0.004816723122325896,0.9988127266210929,0.05004053609445691
3.853649971641128,-1.480972130678615,-1.5813736752617669,54.33768991686338,0.08999695416307985,0.006102541903248099,0.9989293427791819,0.0499821319244802
3.853649971641128,-1.480972130678615,-1.5813736752617669,54.38766049420936,0.09997354790885343,0.0065473461954249565,0.9988314054080505,0.050029041012749076
3.853649971641128,-1.480972130678615,-1.5813736752617669,54.43754292959291,0.10995461006227823,0.0068467418276645835,0.9987397900181761,0.049945377046242356
3.853649971641128,-1.480972130678615,-1.5813736752617669,54.48762918835631,0.11991734836119704,0.00715710047027013,0.998642486828655,0.050154343945905566
3.853589942491263,-1.500972064765415,-1.5791202275950738,54.537382146387515,0.08996425939315499,0.005421526089976313,0.9989463208473938,0.04980543698184192
3.853589942491263,-1.500972064765415,-1.5791202275950738,54.58736763697413,0.09992142733581974,0.006020858276964113,0.9992375900880751,0.050023629097267985
3.8536889379681343,-1.5129929487881504,-1.579032804852518,54.63737408581948,0.0858863186815183,0.005745888876246098,0.9993596098067776,0.05003849300555885
3.8536889379681343,-1.5129929487881504,-1.579032804852518,54.687354654778005,0.09587148337208082,0.006168242238638675,0.9992408629555882,0.050018539885059
3.8536889379681343,-1.5129929487881504,-1.579032804852518,54.737257362142806,0.10585332953873852,0.006444141859091277,0.9991269074405863,0.04994631512090564
3.8536889379681343,-1.5129929487881504,-1.579032804852518,54.787184843667454,0.11581892933428826,0.0067303378398593855,0.9990072970143392,0.04997709393501282
3.8543635212255616,-1.5314431481368453,-1.576210894654529,54.83714262742671,0.08895866554414339,0.0025885812260802695,0.9992622366700069,0.04999466799199581
3.8543635212255616,-1.5314431481368453,-1.576210894654529,54.88716999291555,0.09891318351646874,0.0032182787669343318,0.999262775268228,0.0500642741099
3.8546165372522116,-1.5428418514938966,-1.5756623527079356,54.93717451494226,0.08613461160284427,0.002182473366768122,0.9993735889376868,0.05003586504608393
3.8546165372522116,-1.5428418514938966,-1.5756623527079356,54.98717653266904,0.09611431303504508,0.002629391354202845,0.9992542613962684,0.050039333989843726
3.8546165372522116,-1.5428418514938966,-1.5756623527079356,55.03706923719387,0.10610342051554274,0.0028301058189305426,0.9991412864567369,0.049935584887862206
3.8546165372522116,-1.5428418514938966,-1.5756623527079356,55.08700744629275,0.11606979427577155,0.003041222158849004,0.999022868300571,0.04998705303296447
3.8546165372522116,-1.5428418514938966,-1.5756623527079356,55.136967996358585,0.12604511215946673,0.0032624851144352584,0.9989040565782833,0.05001536407507956
3.8546834306334965,-1.5627103481080358,-1.571259441048525,55.18693102974392,0.09634310226087689,-0.00040917306814851383,0.9992941055751972,0.04999832692556083
3.8546834306334965,-1.5627103481080358,-1.571259441048525,55.236878783838556,0.10627213230042981,0.00032887729515777375,0.9991735608231849,0.049989067018032074
3.8549780907174958,-1.573678905817404,-1.5712551703212732,55.28684815377724,0.09433351216562545,-0.00036924345023318277,0.9992742405159319,0.050005662022158504
3.8549780907174958,-1.573678905817404,-1.5712551703212732,55.33677854530542,0.10431355419525204,4.253644530239579e-05,0.9991611294992927,0.04997231182642281
3.854459268856164,-1.584890393137501,-1.5712731353666636,55.386754527940994,0.09188012746994179,0.0016546879260004761,0.9992638801583102,0.05001279804855585
3.854459268856164,-1.584890393137501,-1.5712731353666636,55.43674639999671,0.10186845112999329,0.00203066746979945,0.9991444543680228,0.050034679006785154
3.854459268856164,-1.584890393137501,-1.5712731353666636,55.48680981330107,0.11186618664340474,0.0021978601885367494,0.9991270370301061,0.05010715499520302
3.854459268856164,-1.584890393137501,-1.5712731353666636,55.53661016676661,0.12186773575916757,0.0023732675706370655,0.9990070850775353,0.04984985012561083
3.85452470575414,-1.6046793807106623,-1.5715720703475582,55.58656724329559,0.09226788343282417,0.0026327137615450875,0.9992825284404733,0.04999294504523277
3.85452470575414,-1.6046793807106623,-1.5715720703475582,55.63656021453883,0.10224984439016663,0.0031054777032600593,0.9991683617295798,0.05003458191640675
3.8549855966785818,-1.617285742410222,-1.569933705120193,55.68649457323951,0.08705326157145013,0.0007744019816780354,0.999302724981889,0.04996920097619295
3.8549855966785818,-1.617285742410222,-1.569933705120193,55.73643872825918,0.09700866308093409,0.0011856910412668547,0.9991821770890471,0.0499850339256227
3.8551479047846984,-1.628091464799783,-1.56923069743227,55.78640890996314,0.08540355040983154,0.0003981864877635211,0.999377791066472,0.05000129295513034
3.8551479047846984,-1.628091464799783,-1.56923069743227,55.83635293371369,0.09537832280125716,0.0007625187192188737,0.9992569932599101,0.04998116008937359
3.8551479047846984,-1.628091464799783,-1.56923069743227,55.8867148726373,0.10535703481430637,0.0008936656049076773,0.9991355889636164,0.05040551000274718
3.8551479047846984,-1.628091464799783,-1.56923069743227,55.93628244911154,0.11541943535763458,0.0010359588995254012,0.9990187382524415,0.04961626301519573
3.855122376444563,-1.6463581231182312,-1.569299443388743,55.98632996495758,0.08881582286318536,0.0014214609882671069,0.9992635184082242,0.05008440208621323
3.855122376444563,-1.6463581231182312,-1.569299443388743,56.03617755317491,0.09881498799223536,0.001892358105826687,0.9991415447601445,0.04989041690714657
3.8549419854412545,-1.6583267542092026,-1.5709657322827681,56.086180847424636,0.0848600054963706,0.003872886196670012,0.9993559008585717,0.050035522086545825
3.8549419854412545,-1.6583267542092026,-1.5709657322827681,56.13609634646714,0.0948599155826461,0.004188590771853192,0.9992342146266879,0.04995375289581716
3.8549419854412545,-1.6583267542092026,-1.5709657322827681,56.18610066808479,0.10483103440211593,0.0043848728169799366,0.9991116585641694,0.05004878202453256
3.8549419854412545,-1.6583267542092026,-1.5709657322827681,56.23607214028358,0.11482036233690207,0.004590006080546882,0.9989944038369682,0.05002177390269935
3.855013874091361,-1.676003903477249,-1.5720688632869773,56.28609028868011,0.08947161467177867,0.005528387101202069,0.9992242893244163,0.05005697812885046
3.855013874091361,-1.676003903477249,-1.5720688632869773,56.335981791351315,0.09946712134263982,0.005855277228449235,0.9991012306486072,0.049936383962631226
3.854079575523868,-1.6869473120539416,-1.5736720535136839,56.38603980126211,0.08754503143073303,0.00993304971737912,0.9992903862599382,0.0500935569871217
3.854079575523868,-1.6869473120539416,-1.5736720535136839,56.43588660625951,0.097532215941918,0.010158652028373747,0.9991667400468061,0.04988837498240173
3.854079575523868,-1.6869473120539416,-1.5736720535136839,56.48587086988318,0.10748670110644068,0.010466239128647905,0.9990430273647847,0.050032143015414476
3.854079575523868,-1.6869473120539416,-1.5736720535136839,56.53578595995678,0.11746894041425811,0.010780880055982336,0.9989241710889593,0.04996884800493717
3.8537834139334683,-1.7069902018303413,-1.572424802155453,56.585771456591786,0.08737685463136413,0.01101745356104491,0.9991998822927548,0.050025522941723466
3.8537834139334683,-1.7069902018303413,-1.572424802155453,56.63570946264054,0.09735601830883725,0.011140577417727202,0.9990752486888905,0.04998422903008759
3.853676970227022,-1.7173148851348115,-1.5719518942752992,56.68566321012627,0.08670293813096887,0.01146120946778277,0.9992556537377086,0.04999095806851983
3.853676970227022,-1.7173148851348115,-1.5719518942752992,56.73561512936377,0.09667749797132205,0.011635654501477438,0.9991311839235845,0.04999535600654781
3.853676970227022,-1.7173148851348115,-1.5719518942752992,56.78553440558622,0.10665305365500623,0.011956140789528296,0.999005665368534,0.04996896209195256
3.853676970227022,-1.7173148851348115,-1.5719518942752992,56.83549970901888,0.11662228438818037,0.01228144058346291,0.9988854395594696,0.05002105492167175
3.8537431724195907,-1.7370830630606708,-1.5689658383853404,56.88542227198395,0.08711324662800879,0.010254743163846853,0.999156102649552,0.04996472806669772
3.8537431724195907,-1.7370830630606708,-1.5689658383853404,56.93540371471247,0.09709118903356259,0.010365563960595148,0.9990303380319122,0.05002995487302542
3.853784938741586,-1.7486589208156027,-1.5664075143025953,56.985366512234656,0.08396254431064516,0.008797680708478585,0.9992367463398985,0.05000096093863249
3.853784938741586,-1.7486589208156027,-1.5664075143025953,57.035327227045315,0.09394810330687717,0.0089400480769869,0.9991112243694668,0.05000515817664564
3.853784938741586,-1.7486589208156027,-1.5664075143025953,57.08530270640414,0.1039275734938255,0.009184342140567433,0.9989842816546914,0.050026291981339455
3.853784938741586,-1.7486589208156027,-1.5664075143025953,57.13529136031688,0.11391037585252113,0.009432414798644354,0.9988622568517761,0.05004559294320643
3.854074130909837,-1.767723933560347,-1.5634160247969773,57.18519079649099,0.08581033422624144,0.006947024086292775,0.999117228820604,0.04994352487847209
3.854074130909837,-1.767723933560347,-1.5634160247969773,57.23515778665386,0.09578278428066679,0.007083554669028889,0.998989695058255,0.05001752311363816
3.8541781529016053,-1.7795500233638648,-1.56297574047757,57.285123396660346,0.08214042814488132,0.006986108007544937,0.9992003902668725,0.05000559496693313
3.8541781529016053,-1.7795500233638648,-1.56297574047757,57.335041452370646,0.09212186442206441,0.007096735482256801,0.9990731147235881,0.04996436694636941
3.8541781529016053,-1.7795500233638648,-1.56297574047757,57.385007022307654,0.10209383384299374,0.007292788529122999,0.9989448438955781,0.050018347101286054
3.8541781529016053,-1.7795500233638648,-1.56297574047757,57.43494181533749,0.11207567165013962,0.0074920917619281865,0.9988212121016334,0.04999372502788901
3.854390766643271,-1.7984505103849127,-1.563014943619297,57.48486820678011,0.08427573635882288,0.00767197916584492,0.9990697256063679,0.049972879933193326
3.854390766643271,-1.7984505103849127,-1.563014943619297,57.53482567066182,0.09424772512453639,0.007708345575535913,0.9989402395989042,0.050010462990030646
3.8546021383381057,-1.8095470048875948,-1.5637495612980579,57.5848109520562,0.08205773014308278,0.008190917810791868,0.9991365777043045,0.050028477096930146
3.8546021383381057,-1.8095470048875948,-1.5637495612980579,57.634725008761876,0.09204066085215076,0.00829405225261962,0.9990078954456073,0.04996362584643066
3.8546021383381057,-1.8095470048875948,-1.5637495612980579,57.68469985027597,0.10201131322773101,0.008517623989806222,0.998878361952989,0.05003095814026892
3.8546021383381057,-1.8095470048875948,-1.5637495612980579,57.734623496687696,0.11199436027600657,0.008744503175131467,0.9987531198009634,0.04998597293160856
3.8551370832428598,-1.8274673385161981,-1.5629455048547851,57.784538280026425,0.08615830774759262,0.007334120755002479,0.9989817889730689,0.049965658923611045
3.8551370832428598,-1.8274673385161981,-1.5629455048547851,57.83456582527086,0.09613147170648219,0.007426228583837693,0.9988508213336467,0.050085101975128055
3.8549481776002636,-1.8387915678494742,-1.5636118848288785,57.884477725052456,0.08349811037515431,0.008983815072173641,0.9990515801209227,0.04995928215794265
3.8549481776002636,-1.8387915678494742,-1.5636118848288785,57.93440441137924,0.09346175254940822,0.00908162815314452,0.998921947540525,0.04998056800104678
3.8549481776002636,-1.8387915678494742,-1.5636118848288785,57.98432232030912,0.10343463193553781,0.009320538934372838,0.9987911377371177,0.04997832584194839
3.8549481776002636,-1.8387915678494742,-1.5636118848288785,58.034261810671026,0.11340595299607747,0.009562422179259988,0.9986647339330352,0.0500062620267272
3.8546771753133604,-1.857724965650528,-1.5607192568272799,58.0842422816393,0.08554951585534872,0.008902449112778795,0.9989112172043214,0.05003494815900922
3.8546771753133604,-1.857724965650528,-1.5607192568272799,58.13422850727424,0.09554013725857902,0.00893547479206531,0.9987794290131778,0.050047311931848526
3.853872406993613,-1.8702541886164545,-1.5596449814077726,58.18412100344159,0.08049440256112363,0.011058107677903415,0.999005092780141,0.04994218400679529
3.853872406993613,-1.8702541886164545,-1.5596449814077726,58.234058134093004,0.09045208982324118,0.011029499160106232,0.998875441449252,0.049993351101875305
3.853872406993613,-1.8702541886164545,-1.5596449814077726,58.28398099509693,0.10042784329236357,0.011275771901660516,0.9987437200931465,0.04998565698042512
3.853872406993613,-1.8702541886164545,-1.5596449814077726,58.33397566518942,0.11040062969730288,0.011522033518462241,0.9986163155448503,0.05006394279189408
3.853802975550518,-1.8892586217420044,-1.5579548321999086,58.38384299829483,0.08240946828339431,0.011469240267117346,0.9988630561487615,0.049924093997105956
3.853802975550518,-1.8892586217420044,-1.5579548321999086,58.433822061627446,0.09237786672375572,0.011267213570532687,0.9987308242537142,0.050042576156556606
3.854507646292815,-1.8983997374130508,-1.5571812391918602,58.48378354333324,0.08410929431244259,0.009400909212869188,0.998892407331863,0.05001688003540039
3.854507646292815,-1.8983997374130508,-1.5571812391918602,58.53372968771789,0.09410221134487949,0.00942690087622268,0.9987612885137258,0.050008089980110526
3.854507646292815,-1.8983997374130508,-1.5571812391918602,58.58364753474764,0.10408010442552922,0.009636074885206096,0.9986290059444468,0.049986378056928515
3.854507646292815,-1.8983997374130508,-1.5571812391918602,58.63369661712141,0.11405242885187213,0.009845320557936648,0.9985009328752207,0.050124221947044134
3.8552221317768525,-1.9184650679943764,-1.555822635410986,58.683546919240634,0.08395027498024629,0.007919065675935637,0.9987690089145611,0.04991174302995205
3.8552221317768525,-1.9184650679943764,-1.555822635410986,58.73345543000419,0.09391812317751713,0.007830798788152597,0.9986357193124231,0.049976693000644445
3.8553804141632018,-1.9285908605026985,-1.5555607616946932,58.78340037996591,0.08366145687451504,0.007871257713401957,0.9988176364882901,0.050004072953015566
3.8553804141632018,-1.9285908605026985,-1.5555607616946932,58.83331761375029,0.09363954108274074,0.007900995948595732,0.9986862675908491,0.04998289793729782
3.8553804141632018,-1.9285908605026985,-1.5555607616946932,58.88324634825843,0.10361182276890125,0.008081454600948298,0.9985538810250297,0.05000104196369648
3.8553804141632018,-1.9285908605026985,-1.5555607616946932,58.93315529536604,0.11358658602632182,0.008262387376287442,0.9984254739921107,0.04998765396885574
3.8554624639067003,-1.945639693030457,-1.553799094293639,58.98311475152847,0.08948845840374428,0.007718771151718206,0.9986329016453972,0.05002784915268421
3.8554624639067003,-1.945639693030457,-1.553799094293639,59.03307905849681,0.09947518228616598,0.007668942653249793,0.9984992638798896,0.05003940290771425
3.8554624639067003,-1.945639693030457,-1.553799094293639,59.082924000782555,0.10946834444542078,0.00783928664153866,0.9984798770605541,0.04992082808166742
3.8551772365525983,-1.9562500454101286,-1.5517577767587025,59.13287218133466,0.09823189524038077,0.0078421169542889,0.9985608115605484,0.050020169001072645
3.8556908487996826,-1.965655655293443,-1.5512433015413924,59.182802402648385,0.08941287635444058,0.006573878073489915,0.9986174086321257,0.04999934998340905
3.8556908487996826,-1.965655655293443,-1.5512433015413924,59.23267841828984,0.09939305703141632,0.006579309310578898,0.9984846903952806,0.04995170794427395
3.8556908487996826,-1.965655655293443,-1.5512433015413924,59.28270622401131,0.10935792578082905,0.006714265104672002,0.9983563562431168,0.05011016898788512
3.8556908487996826,-1.965655655293443,-1.5512433015413924,59.33258077945254,0.11935241592994379,0.0068522805434508205,0.9982222444369646,0.04996337811462581
3.8556908487996826,-1.965655655293443,-1.5512433015413924,59.38241266617132,0.1293278085790494,0.006993558818179244,0.9982041193752136,0.04992153984494507
3.85634595742806,-1.986454645398946,-1.5503364077237234,59.43271586376485,0.09770541506197793,0.005812421854702819,0.9984895676099372,0.050379292108118534
3.85634595742806,-1.986454645398946,-1.5503364077237234,59.48228233206421,0.10775892550257962,0.005734319229795389,0.9983569823754642,0.049648040905594826
3.856703681948852,-1.9991632367603658,-1.5495394110233272,59.532224267072884,0.09225741647916698,0.005036852009252798,0.9984802851000016,0.05001794802956283
3.856703681948852,-1.9991632367603658,-1.5495394110233272,59.582165525507556,0.10223782754379951,0.0050377340607454775,0.9983523705148091,0.05002367892302573
3.8574911944163452,-2.0096363649198175,-1.5479059566411821,59.63218906665259,0.09126758073687066,0.0023744051183833457,0.9984290921566661,0.05010224715806544
3.8574911944163452,-2.0096363649198175,-1.5479059566411821,59.68196017634074,0.10126293236685299,0.0024312909553676834,0.998302215546155,0.04985575401224196
3.8574911944163452,-2.0096363649198175,-1.5479059566411821,59.73199882126733,0.11121760983730591,0.0024944577660455484,0.998281011172479,0.050124808913096786
3.8574911944163452,-2.0096363649198175,-1.5479059566411821,59.781808750088395,0.12121495901532567,0.0025559185321143013,0.9981513602030244,0.049902179976925254
3.8576404639714124,-2.029976161971059,-1.5475033266709184,59.83179203778707,0.09051880665710094,0.0032671901159211855,0.998427066400277,0.05006203195080161
3.8576404639714124,-2.029976161971059,-1.5475033266709184,59.88173538726937,0.10050385055300136,0.003281585871024698,0.9983002148524209,0.05002838699147105
3.8577343213490565,-2.040617110946331,-1.5469335740884613,59.93158794812746,0.0892164919138344,0.0033938687601626806,0.9983810187351582,0.04993340210057795
3.8577343213490565,-2.040617110946331,-1.5469335740884613,59.98146722006519,0.09917693242931518,0.0034212659735945532,0.9982563688312648,0.049966394901275635
3.8577343213490565,-2.040617110946331,-1.5469335740884613,60.03158843007692,0.10915306013151418,0.0034974694698570396,0.9982348071751515,0.05020984006114304
3.8577343213490565,-2.040617110946331,-1.5469335740884613,60.08129102054141,0.11916688370925309,0.0035715873785292108,0.9981063774025505,0.049796886974945664
3.858367556772297,-2.060210937304548,-1.5457874482848044,60.13120142239673,0.08984383237387727,0.0023172962933788012,0.9975791407752032,0.05003152112476528
3.858367556772297,-2.060210937304548,-1.5457874482848044,60.181054621551674,0.09981572061498958,0.0023524891066547832,0.9974521112755993,0.04998054401949048
3.8586798397698714,-2.071979948607877,-1.547630414777717,60.23092709904171,0.0862451965787964,0.003754058600777565,0.9975633114398242,0.049994298024103045
3.8586798397698714,-2.071979948607877,-1.547630414777717,60.28077457472231,0.09620750120324717,0.003763888992431339,0.9974493558951124,0.04997494397684932
3.8586798397698714,-2.071979948607877,-1.547630414777717,60.330732885872756,0.10617800593247216,0.003848130190267853,0.997435793657408,0.0500867438968271
3.8586798397698714,-2.071979948607877,-1.547630414777717,60.38056397631096,0.11616067840087167,0.003931043889118922,0.9973228463791903,0.04996485402807593
3.8587923030236935,-2.091601486465134,-1.5472171346320986,60.43044033349949,0.08689804048690127,0.004745634131437385,0.9975224559599638,0.050000234972685575
3.8587923030236935,-2.091601486465134,-1.5472171346320986,60.48025939180554,0.09686299484420725,0.0046992238190735214,0.9974237747453264,0.04994773492217064
3.858877344770614,-2.1017080921784537,-1.5475219757960859,60.5301147912184,0.08661937401784915,0.00549234926476503,0.9975247119657228,0.04997911211103201
3.858877344770614,-2.1017080921784537,-1.5475219757960859,60.58004055690699,0.09658015306489161,0.005493984846624099,0.997433376196891,0.05005423608236015
3.858877344770614,-2.1017080921784537,-1.5475219757960859,60.629920507690386,0.10656772358738606,0.0056067784842172355,0.9974362560548956,0.05000815889798105
3.858877344770614,-2.1017080921784537,-1.5475219757960859,60.679781012879886,0.11653646669930705,0.005718279610546703,0.9973438663851188,0.04999329405836761
3.859241803224333,-2.121139966273326,-1.5483213947737058,60.72963722756207,0.08765464983261005,0.006805705447608229,0.9976302751316872,0.04997464083135128
3.859241803224333,-2.121139966273326,-1.5483213947737058,60.77951202206981,0.09761298024746448,0.006652434973478624,0.9975465217745995,0.0499974621925503
3.8590688111728046,-2.133789425600116,-1.5482825439491312,60.82942665641688,0.08230665536991895,0.008113628294452776,0.9977101860810538,0.050029191887006164
3.8590688111728046,-2.133789425600116,-1.5482825439491312,60.879241089013796,0.09227474153655449,0.008034921523906717,0.997630703317188,0.04993273806758225
3.8590688111728046,-2.133789425600116,-1.5482825439491312,60.929153329697776,0.1022404147117014,0.008195359038067227,0.9976394279928855,0.050030340906232595
3.8590688111728046,-2.133789425600116,-1.5482825439491312,60.97905702574267,0.11221591695062201,0.008354390768757757,0.997555670174506,0.050025976030156016
3.8597431713853334,-2.153685751850054,-1.5461812391359029,61.0289493728345,0.08242122093879031,0.006397881685224339,0.9978969778640159,0.049997492926195264
3.8597431713853334,-2.153685751850054,-1.5461812391359029,61.07881653584495,0.09240418277094073,0.006256835307077365,0.9978185404805899,0.04997618403285742
3.8597374141394374,-2.164905706142061,-1.5458763328032985,61.128728367085856,0.07995073179196381,0.006996723788117265,0.997957077601828,0.05001400597393513
3.8597374141394374,-2.164905706142061,-1.5458763328032985,61.178656775789044,0.08992317010587739,0.0069213155125514,0.9978800744039525,0.05003447807393968
3.8597374141394374,-2.164905706142061,-1.5458763328032985,61.22846730673528,0.09991135611367354,0.007051078330242975,0.9978850888948566,0.04991609905846417
3.8597374141394374,-2.164905706142061,-1.5458763328032985,61.27838865502253,0.1098667778194323,0.007179989462965281,0.9978023241885512,0.05003130086697638
3.8604741265858835,-2.184136896755624,-1.544464708255595,61.3282598151055,0.08139858974586306,0.005618012754770127,0.9981470778407109,0.049963739002123475
3.8604741265858835,-2.184136896755624,-1.544464708255595,61.37824373353126,0.0913742331675694,0.005445040042013444,0.9980664280689586,0.05008075316436589
3.8609721291145074,-2.194435347760214,-1.5427747776512537,61.42817613553273,0.08077082702724826,0.0037257193102520157,0.998183925359777,0.050023247953504324
3.8609721291145074,-2.194435347760214,-1.5427747776512537,61.47803576106881,0.0907578250515524,0.003678943400397614,0.9981040378597015,0.04995433706790209
3.8609721291145074,-2.194435347760214,-1.5427747776512537,61.52792463575751,0.10073158738157886,0.0037383503771025364,0.998101661070812,0.0499837608076632
3.8609721291145074,-2.194435347760214,-1.5427747776512537,61.57785062148255,0.11070259616722994,0.0037979592024082855,0.9980143775169203,0.050025317119434476
3.8610744787900226,-2.212732806755961,-1.5422239433504419,61.627739960726956,0.08412376286850065,0.004663712596893966,0.9983422848958033,0.049972178880125284
3.8610744787900226,-2.212732806755961,-1.5422239433504419,61.67770435528731,0.09408987535164338,0.004462799623260032,0.9982562920400933,0.05005167005583644
3.8608799669600966,-2.2236998695669636,-1.5406297252617385,61.72758223374676,0.08217536614300402,0.004805864331973376,0.9983806911728415,0.04995877714827657
3.8608799669600966,-2.2236998695669636,-1.5406297252617385,61.777457694240354,0.09214405487285035,0.004671046372083925,0.9982959092980944,0.04996059788390994
3.8608799669600966,-2.2236998695669636,-1.5406297252617385,61.82738961579296,0.10212032233332234,0.004727537752779238,0.9982844978031165,0.050017727073282
3.8608799669600966,-2.2236998695669636,-1.5406297252617385,61.877306425231545,0.11209935406963144,0.0047838348264219715,0.9981912526223152,0.0500072599388659
3.86170153727808,-2.2419372105536635,-1.5382580722957437,61.92725911440138,0.08560723894229208,0.0023120273245508397,0.9985153844514969,0.0500269599724561
3.86170153727808,-2.2419372105536635,-1.5382580722957437,61.977179296668865,0.0956017961479795,0.0020980678295709097,0.9984233712772904,0.049999012146145105
3.861976892434868,-2.253512449581263,-1.5373960265634898,62.02709922277241,0.08246131037718049,0.0017656397356034825,0.9987738815945062,0.049981208983808756
3.861976892434868,-2.253512449581263,-1.5373960265634898,62.077031894303616,0.09244565786088879,0.0015917616935689858,0.9987464545074594,0.049995342968031764
3.861976892434868,-2.253512449581263,-1.5373960265634898,62.12694337413996,0.10242317179293875,0.001575768833864041,0.9986312462499126,0.04997988999821246
3.861976892434868,-2.253512449581263,-1.5373960265634898,62.176922710707764,0.1123960243626522,0.0015581168991183462,0.9985145663747333,0.05005368799902499
3.863007013676065,-2.2748134969905314,-1.5364142264601208,62.226998128379165,0.07977309600331314,-0.00010399570443963137,0.9988784100422672,0.05013164482079446
3.863007013676065,-2.2748134969905314,-1.5364142264601208,62.27676866903416,0.08978364354079264,-0.00036957569678164467,0.9987645425394253,0.04983210610225797
3.863007013676065,-2.2748134969905314,-1.5364142264601208,62.32679355104953,0.09973313604382378,-0.0004239541277875891,0.9986906303676295,0.05009046895429492
3.8629390608282543,-2.2843172739085347,-1.5350505330783273,62.37676646777651,0.09075975204939651,-0.0004089646302591941,0.9988435436339395,0.05003077513538301
3.8629390608282543,-2.2843172739085347,-1.5350505330783273,62.42664441601449,0.10074268531616978,-0.0006001782526793367,0.9987251581491561,0.04994161590002477
3.8629390608282543,-2.2843172739085347,-1.5350505330783273,62.47655186039578,0.11070906426857302,-0.0006771283249800297,0.9986054074584059,0.049977142130956054
3.8640041704731325,-2.3042280972627824,-1.5357744273631497,62.52643519531092,0.08084272524077467,-0.0012263081114769732,0.9989391904571933,0.04993630782701075
3.8640041704731325,-2.3042280972627824,-1.5357744273631497,62.57645422584612,0.09081344103878224,-0.0015700063594214395,0.9988225463640175,0.050077995052561164
3.8640041704731325,-2.3042280972627824,-1.5357744273631497,62.626330645935326,0.10081183377332556,-0.001662356315107599,0.9987324325454775,0.04993972205556929
3.8640920405101693,-2.3147119115130033,-1.535088947313885,62.67642023036696,0.0898417591284188,-0.001514671786611075,0.9989018275931928,0.05014465190470219
3.8640920405101693,-2.3147119115130033,-1.535088947313885,62.72621681113776,0.09984731462157354,-0.0017574849201982803,0.9987801152060205,0.04985740105621517
3.8640920405101693,-2.3147119115130033,-1.535088947313885,62.77616019927559,0.10979800976875986,-0.0018679049680983782,0.9986583419263197,0.05001048510894179
3.8640920405101693,-2.3147119115130033,-1.535088947313885,62.826108945540504,0.11978329084907796,-0.0019809338552549812,0.9985911880791742,0.05001921392977238
3.8647700570745456,-2.3330749468224314,-1.5354559865788584,62.876003364612565,0.09304087553238019,-0.0019263456336922349,0.9988387566616197,0.04995242599397898
3.8647700570745456,-2.3330749468224314,-1.5354559865788584,62.92595155216229,0.10301296624427514,-0.002326548976148774,0.9987416905410723,0.05001111701130867
3.8651241894428927,-2.3436509888084833,-1.5353353124359093,62.97593488572697,0.09185459790760205,-0.0025252744308542625,0.9989098002963772,0.050037884851917624
3.8651241894428927,-2.3436509888084833,-1.5353353124359093,63.025893966352434,0.10184263570022051,-0.0028291216574387362,0.9987864100653058,0.050019784132018685
3.865444246224588,-2.3545255793476296,-1.5360582276331414,63.076017396671716,0.09008686733684369,-0.0022842575756346815,0.9988794542406191,0.05017965892329812
3.865444246224588,-2.3545255793476296,-1.5360582276331414,63.12574934662088,0.1001060216563799,-0.0026166825426720947,0.9988100466147035,0.049791199155151844
3.865444246224588,-2.3545255793476296,-1.5360582276331414,63.17563947022607,0.11004565135547227,-0.0027657866552904505,0.998689588661466,0.04995558597147465
3.865444246224588,-2.3545255793476296,-1.5360582276331414,63.225574221159654,0.1200183161460181,-0.002923507118194897,0.9985879738757266,0.05000535980798304
3.8667169519727236,-2.3737138745589976,-1.5365402548514908,63.27554974537174,0.09158545172728963,-0.0045304798592803765,0.9989269892172546,0.050029206089675426
3.8667169519727236,-2.3737138745589976,-1.5365402548514908,63.325486027081084,0.10158439770611795,-0.005007583450708321,0.9988018636976823,0.04999618395231664
3.8672050508762257,-2.385967820870152,-1.536977575461505,63.37543132234192,0.08705671917651678,-0.005137833923064761,0.9989211056788515,0.04999923915602267
3.8672050508762257,-2.385967820870152,-1.536977575461505,63.4253720068589,0.09704614518913665,-0.00551524062727668,0.9988510483510286,0.0499981299508363
3.867130502412108,-2.3972876795013986,-1.5376175747492025,63.475382429223075,0.08443456060751972,-0.00404298571077915,0.998953504655273,0.050062812864780426
3.867130502412108,-2.3972876795013986,-1.5376175747492025,63.52526722321912,0.09442087134360341,-0.004469409261084108,0.9988496696109469,0.04994224407710135
3.867130502412108,-2.3972876795013986,-1.5376175747492025,63.575313375902674,0.10440082654199351,-0.00468832807139614,0.9988021157621997,0.050106174079701304
3.867130502412108,-2.3972876795013986,-1.5376175747492025,63.6251146761612,0.11440438397369083,-0.004916869497102028,0.9986751340222721,0.04986736783757806
3.8678531707732655,-2.4161606572747187,-1.539890565170773,63.675265564330125,0.0866202651269423,-0.0037648092791385257,0.9989270934541663,0.05020475317724049
3.8678531707732655,-2.4161606572747187,-1.539890565170773,63.72506421192804,0.09664842252119467,-0.004475279174523134,0.9988546092144933,0.04985575191676617
3.8682509488404215,-2.4277056912622914,-1.5385464190934202,63.7751712347081,0.08351407856272929,-0.005875926740912599,0.9989606236624979,0.05015915702097118
3.8682509488404215,-2.4277056912622914,-1.5385464190934202,63.82489564381347,0.09353742313706327,-0.006389288160499787,0.9988553775867021,0.049781390000134706
3.8682509488404215,-2.4277056912622914,-1.5385464190934202,63.874854323549755,0.10348723898277658,-0.0066761063450063,0.9988065139092932,0.05001837597228587
3.8682509488404215,-2.4277056912622914,-1.5385464190934202,63.92481521905422,0.11347512508106565,-0.006975409494922239,0.9986783443697215,0.050027013989165425
3.8689599735939275,-2.446770447405123,-1.5404702676074213,63.9747878564725,0.08534268944685382,-0.00620615264224728,0.9989322241944989,0.05002605402842164
3.8689599735939275,-2.446770447405123,-1.5404702676074213,64.02475382997304,0.09533974096794785,-0.007024650279086007,0.9988599155996606,0.050023003946989775
3.8688598369369798,-2.4578378255645923,-1.541911563896123,64.07468333485646,0.08324967975727238,-0.005119437769924994,0.9989550960790287,0.04998173099011183
3.8688598369369798,-2.4578378255645923,-1.541911563896123,64.12458316045357,0.09321501045906033,-0.005770977062904749,0.9988491881955454,0.049957317067310214
3.8688598369369798,-2.4578378255645923,-1.541911563896123,64.17452330764841,0.10320365047513469,-0.006083741190490792,0.9987977291795216,0.050000261049717665
3.8688598369369798,-2.4578378255645923,-1.541911563896123,64.22449285213148,0.11319066186837767,-0.006408164349807488,0.998668614467025,0.050036161905154586
3.8693672023393675,-2.4769810408623574,-1.5424207882477274,64.27438019501061,0.08491486140409202,-0.006364493437776865,0.9989214297414954,0.04994120798073709
3.8693672023393675,-2.4769810408623574,-1.5424207882477274,64.32435374323269,0.0948963833582033,-0.007383805985108883,0.9988495603982751,0.05003110598772764
3.869440457575839,-2.4889376185937753,-1.5429180360641692,64.37451629049883,0.0810154280936614,-0.0067231004692553074,0.9989608458811802,0.05021472810767591
3.869440457575839,-2.4889376185937753,-1.5429180360641692,64.42426506986784,0.09103889021385568,-0.007565999531910833,0.9988539367442665,0.04980586003512144
3.869440457575839,-2.4889376185937753,-1.5429180360641692,64.47416619686926,0.10100112216025882,-0.00796334872336588,0.9988016056316775,0.04996099998243153
3.869440457575839,-2.4889376185937753,-1.5429180360641692,64.52408039213992,0.11098300244566348,-0.008377936344589915,0.9986712709757226,0.04998060595244169
3.8689744504949894,-2.507327324310143,-1.5432865367051092,64.57410025661554,0.08428967512109208,-0.0058776668862341504,0.9989062439502844,0.05007463390938938
3.8689744504949894,-2.507327324310143,-1.5432865367051092,64.62399906949747,0.09425546783327454,-0.007183345159626586,0.9988346331235909,0.04995703115127981
3.8694600568126267,-2.5185897789412395,-1.5449498375588273,64.6739448166211,0.08172278831806833,-0.006956047185094422,0.9989337435023702,0.04999905894510448
3.8694600568126267,-2.5185897789412395,-1.5449498375588273,64.72383930795648,0.09171307872242351,-0.0079945239668964,0.9988259246549231,0.049953140085563064
3.8694600568126267,-2.5185897789412395,-1.5449498375588273,64.77384137764125,0.10170959751582828,-0.008464781744467903,0.9987711183118151,0.05006359191611409
3.8694600568126267,-2.5185897789412395,-1.5449498375588273,64.82372837693634,0.11171514946939176,-0.008954194733267664,0.9986395998553385,0.04995495802722871
3.8698622427837037,-2.537222715215172,-1.5456600624808299,64.87373369197789,0.08445693733043591,-0.008884918623500064,0.9988803957041577,0.05006136395968497
3.8698622427837037,-2.537222715215172,-1.5456600624808299,64.92366946474921,0.09446463841236274,-0.010413976301348717,0.998808126922226,0.049995360895991325
3.8711154644604133,-2.5484096646659795,-1.5453958022294705,64.97365766536775,0.08200487820416108,-0.014041815573354616,0.9989023579850519,0.05004313006065786
3.8711154644604133,-2.5484096646659795,-1.5453958022294705,65.02352515580772,0.09205911937154539,-0.015173597100661362,0.9987941426360369,0.049927696119993925
3.8711154644604133,-2.5484096646659795,-1.5453958022294705,65.07350342322509,0.10204784312529394,-0.015840472595466597,0.9987379953984666,0.05004141991958022
3.8711154644604133,-2.5484096646659795,-1.5453958022294705,65.12341135393302,0.11204714205739943,-0.016529037226288738,0.9986050895924138,0.049977645045146346
3.8718630498687383,-2.567726755115479,-1.5472939612660357,65.1733057201411,0.08340048585272775,-0.016868089237988694,0.9988605161401366,0.04995128489099443
3.8718630498687383,-2.567726755115479,-1.5472939612660357,65.22328108791778,0.09339767300884053,-0.01845774797443181,0.9987870504081555,0.05003605899401009
3.8717853986278197,-2.5784089096664005,-1.549446849097255,65.27320768478093,0.0821032369021313,-0.01686615609982943,0.9988728301546825,0.04998293612152338
3.8717853986278197,-2.5784089096664005,-1.549446849097255,65.32314937309656,0.09206555617812097,-0.018131800789311765,0.9987641513397113,0.05000348505564034
3.8717853986278197,-2.5784089096664005,-1.549446849097255,65.37312428318663,0.10206802274973202,-0.018919175400540385,0.9987062707620786,0.05003964784555137
3.8717853986278197,-2.5784089096664005,-1.549446849097255,65.42312072466112,0.11206486088623571,-0.019727928991788088,0.9985723083179274,0.05006792303174734
3.87211255970953,-2.5974429292597554,-1.5513747845737855,65.47300462279256,0.08404264670598267,-0.019251209875862176,0.9988210542397249,0.04994277795776725
3.87211255970953,-2.5974429292597554,-1.5513747845737855,65.52285986369921,0.09401880180735339,-0.021072414278347783,0.9987480178566499,0.049917737022042274
3.872258409179641,-2.6081182020438063,-1.5525710872712277,65.57286820481818,0.08266485002052863,-0.021096348905008184,0.9988315815957229,0.05006684013642371
3.872258409179641,-2.6081182020438063,-1.5525710872712277,65.62277284692841,0.09265664450236336,-0.022543521863648643,0.9987220200102359,0.049968500854447484
3.872258409179641,-2.6081182020438063,-1.5525710872712277,65.6726743262854,0.10264316813811881,-0.023485632261710597,0.9986629782035937,0.049968288047239184
3.872258409179641,-2.6081182020438063,-1.5525710872712277,65.7226604320939,0.11261596572016158,-0.024451768954428892,0.9985280943837698,0.05005978909321129
3.8728716920305293,-2.6267057391493966,-1.5574472396506045,65.77255447606461,0.08548468278031508,-0.022984378485289246,0.9987736237955613,0.049955307971686125
3.8728716920305293,-2.6267057391493966,-1.5574472396506045,65.82251730258385,0.09542214413277396,-0.02502820255075428,0.9984759222414565,0.05003908998332918
3.872723082703594,-2.6375274658669583,-1.5604617915330183,65.8724035172726,0.0838283769340645,-0.02322052189993799,0.9985705011835478,0.04995762906037271
3.872723082703594,-2.6375274658669583,-1.5604617915330183,65.92232730888725,0.093743843795903,-0.02484830710429379,0.9984664301314458,0.0500004708301276
3.872723082703594,-2.6375274658669583,-1.5604617915330183,65.97223518347182,0.10371605115412545,-0.02589314063099033,0.9984136631097138,0.0499871710781008
3.872723082703594,-2.6375274658669583,-1.5604617915330183,66.02219158806292,0.11367038136480993,-0.026962919148527456,0.9982858798413999,0.050042182905599475
3.872655511822209,-2.6557914691001843,-1.565564079319161,66.07206347415635,0.08723880879516555,-0.023922541358081636,0.9985347318699573,0.0499450690113008
3.872655511822209,-2.6557914691001843,-1.565564079319161,66.12205167609484,0.09712515391583103,-0.026228504645800736,0.9984483402469896,0.05006588716059923
3.872190449204309,-2.6668381680501767,-1.5708668415640048,66.17199079735879,0.0850832920260128,-0.022183767172860268,0.9985613256108612,0.05001107091084123
3.872190449204309,-2.6668381680501767,-1.5708668415640048,66.22187053416805,0.09489202554772194,-0.02406967402798331,0.9984590842703924,0.0499567158985883
3.872190449204309,-2.6668381680501767,-1.5708668415640048,66.27181476536903,0.10481345027928575,-0.02515928040927577,0.9984112539967736,0.050023706164211035
3.872190449204309,-2.6668381680501767,-1.5708668415640048,66.3217162805908,0.1147288944818468,-0.026277786913472802,0.9982877451648131,0.04998710588552058
3.8722923858297,-2.686781895910811,-1.575391832290824,66.37165227685387,0.0848307712625209,-0.024867036087526113,0.9985706560625266,0.05000747414305806
3.8722923858297,-2.686781895910811,-1.575391832290824,66.4215641949097,0.09469734134561654,-0.027601948699371832,0.9985077989319715,0.049986507976427674
3.872377641464627,-2.6973269567367693,-1.5774573074042022,66.4714842535945,0.08333025346725295,-0.02793732108656093,0.9986023920986826,0.04998992499895394
3.872377641464627,-2.6973269567367693,-1.5774573074042022,66.52139167396169,0.0931062139770031,-0.029919591144175393,0.9985055928340314,0.04998211399652064
3.872377641464627,-2.6973269567367693,-1.5774573074042022,66.57130598324358,0.10290210262483382,-0.031174764754887587,0.9984606597719061,0.049991262843832374
3.872377641464627,-2.6973269567367693,-1.5774573074042022,66.621304552605,0.11268123453720158,-0.03245919823166879,0.9983401766818786,0.050081696128472686
3.8726061306701256,-2.7159212808528377,-1.5831830702756184,66.67116508919226,0.08537258782110227,-0.031173221952604472,0.9985974270090147,0.04993056785315275
3.8726061306701256,-2.7159212808528377,-1.5831830702756184,66.72117861839669,0.09508977612859032,-0.033903716872103855,0.9985454554602788,0.050086382078006864
3.8729566429318694,-2.726851782425564,-1.5851798907658907,66.77111305548145,0.08244949722122986,-0.03554233437480999,0.9986447024071392,0.05000220495276153
3.8729566429318694,-2.726851782425564,-1.5851798907658907,66.82102621688904,0.09193958126490694,-0.037617918023468616,0.9985519701966439,0.049985541962087154
3.8729566429318694,-2.726851782425564,-1.5851798907658907,66.87090472339261,0.10141963409465014,-0.03905101383916118,0.9985115827817176,0.049952857196331024
3.8729566429318694,-2.726851782425564,-1.5851798907658907,66.92081343440543,0.11087566173343867,-0.040512166672483134,0.9983958253696461,0.04998890194110572
3.872025182917055,-2.7459038848393784,-1.5917510662763925,66.97078470574941,0.08245904009569673,-0.03608314471415772,0.998667098183721,0.050037967041134834
3.872025182917055,-2.7459038848393784,-1.5917510662763925,67.0207005381138,0.09181042664054177,-0.03896148918806585,0.9986242668258852,0.04998459783382714
3.872861120965233,-2.7558534971883786,-1.5951698400272478,67.07065047892092,0.07990951873995596,-0.041306220026936236,0.9987047775448449,0.05001472099684179
3.872861120965233,-2.7558534971883786,-1.5951698400272478,67.12052443714241,0.08865201567173951,-0.04338675645926141,0.998622004989495,0.049942779121920466
3.872861120965233,-2.7558534971883786,-1.5951698400272478,67.17050950441588,0.09736769346656589,-0.04494672176747296,0.9985943030679598,0.050055430037900805
3.872861120965233,-2.7558534971883786,-1.5951698400272478,67.2204053070039,0.10608482786715724,-0.046540538493019555,0.9984906836885764,0.049971224972978234
3.872861120965233,-2.7558534971883786,-1.5951698400272478,67.27029154461552,0.1147780504093705,-0.04818646642806016,0.9983863645524022,0.04996686591766775
3.8729132031676143,-2.7734788361405274,-1.6020721458040479,67.32029409546415,0.08833172529191419,-0.04699820637235975,0.9986880650203325,0.05006823712028563
3.8729132031676143,-2.7734788361405274,-1.6020721458040479,67.37023497563882,0.09698559189671346,-0.04962001732117473,0.9985776073135686,0.05001201690174639
3.8733491807128573,-2.7845483353388905,-1.6049672341403085,67.42029969054184,0.08350564458572612,-0.05198222144833749,0.9986878021048552,0.050130496034398675
3.8733491807128573,-2.7845483353388905,-1.6049672341403085,67.47012450321292,0.09221205589131765,-0.05415809338003347,0.9986552849271331,0.049891903065145016
3.8733491807128573,-2.7845483353388905,-1.6049672341403085,67.52010108064039,0.10085786877185482,-0.055935162011633864,0.9985496182936525,0.05004916782490909
3.8733491807128573,-2.7845483353388905,-1.6049672341403085,67.56988505375203,0.10951902232486319,-0.05777866430933896,0.998441951537187,0.049861659994348884
3.8728391582084303,-2.8040183506805945,-1.613168176602835,67.61981618457929,0.07939696700431033,-0.05520210519898838,0.9987826173902282,0.04999199020676315
3.8728391582084303,-2.8040183506805945,-1.613168176602835,67.66981308227919,0.0880019536653858,-0.05778581655211183,0.9986698071461052,0.05006349179893732
3.8724393625925564,-2.814382037523814,-1.6180077445991792,67.71976391929438,0.07604082585508426,-0.05697340485073358,0.998780406828504,0.050011831102892756
3.8724393625925564,-2.814382037523814,-1.6180077445991792,67.76969128941323,0.08466950758370058,-0.05915028094567237,0.9987454917408228,0.04999008309096098
3.8724393625925564,-2.814382037523814,-1.6180077445991792,67.81982299823652,0.09330073108902803,-0.06104838107048978,0.9986369142590741,0.05020013591274619
3.8724393625925564,-2.814382037523814,-1.6180077445991792,67.86953993477873,0.10195745422544138,-0.06301640763419745,0.9985263324790785,0.049790310906246305
3.8712259133646914,-2.8321634628817915,-1.6290667802507204,67.9194671803914,0.07533247153590235,-0.05710427821792088,0.9988570315216412,0.04998437617905438
3.8712259133646914,-2.8321634628817915,-1.6290667802507204,67.96942354437695,0.08388225374256597,-0.059728340262615136,0.9987404900367679,0.05001936387270689
3.8712259133646914,-2.8321634628817915,-1.6290667802507204,68.01936964437724,0.09251430573287349,-0.06165648824450616,0.9986514054995643,0.05001354799605906
3.8712259133646914,-2.8321634628817915,-1.6290667802507204,68.06929062678023,0.10113474835896642,-0.06367589137686781,0.9986156749032791,0.0499901850707829
3.871423497612639,-2.8505483916059147,-1.6365752902234676,68.11920522123881,0.07300065707212412,-0.06497975738736848,0.9988315590653206,0.049972984939813614
3.871423497612639,-2.8505483916059147,-1.6365752902234676,68.16914209308325,0.08159974843459475,-0.06738290812378266,0.9987175219142741,0.050000997027382255
3.871423497612639,-2.8505483916059147,-1.6365752902234676,68.21910131923964,0.09020504008324333,-0.06945938508934468,0.9986864401104454,0.05002493690699339
3.871423497612639,-2.8505483916059147,-1.6365752902234676,68.26900619305493,0.0987971280128531,-0.07159685059784324,0.9985714551692452,0.0499762671533972
3.870558952146517,-2.8695652603515778,-1.6462001935556532,68.31892107895514,0.06952443826990723,-0.0692603288899948,0.998840290320656,0.04997283988632262
3.870558952146517,-2.8695652603515778,-1.6462001935556532,68.3688774096088,0.07812757209058487,-0.07163865449319314,0.9987990640187957,0.05001639714464545
3.870558952146517,-2.8695652603515778,-1.6462001935556532,68.41883749965778,0.08671094681388877,-0.07382195872181135,0.9986848238330903,0.050025882897898555
3.870558952146517,-2.8695652603515778,-1.6462001935556532,68.46875679204976,0.09528744946056637,-0.0760688986380635,0.998569166539643,0.04999082093127072
3.8682860733618107,-2.890285046257898,-1.6599590108877535,68.51876758549913,0.06284631941453338,-0.06809845743548902,0.9989655397769429,0.05006258119828999
3.8682860733618107,-2.890285046257898,-1.6599590108877535,68.56864380349168,0.07144903790465544,-0.07068714429106833,0.9988447137782367,0.04993390594609082
3.8682860733618107,-2.890285046257898,-1.6599590108877535,68.61857173407084,0.08002711173626767,-0.07286394566444698,0.9987501116903036,0.04999041301198304
3.8682860733618107,-2.890285046257898,-1.6599590108877535,68.6685160334211,0.08861096096576901,-0.07513238543318516,0.9987083797261774,0.05000889184884727
3.8665887068803246,-2.906289223685864,-1.6719742560899427,68.71844957850122,0.06548894215290751,-0.06937520287872885,0.9989269070045498,0.049987185979261994
3.8665887068803246,-2.906289223685864,-1.6719742560899427,68.76845207438978,0.07409585701121445,-0.07184943815858168,0.9988075396344133,0.05006219306960702
3.8665887068803246,-2.906289223685864,-1.6719742560899427,68.8183592089713,0.0827067759562469,-0.07408440065342163,0.9987720963205083,0.04996849107556045
3.8665887068803246,-2.906289223685864,-1.6719742560899427,68.86826975352797,0.09128563482161559,-0.07637485167687512,0.9986529934133992,0.0499778650701046
3.8643594700704327,-2.924188196898772,-1.684704244753081,68.91824208207899,0.06434862263942376,-0.06981198270660403,0.9989305644495426,0.05002582794986665
3.8643594700704327,-2.924188196898772,-1.684704244753081,68.96818916578064,0.07297347025391523,-0.0724675447453129,0.9988839583343919,0.050002889009192586
3.8643594700704327,-2.924188196898772,-1.684704244753081,69.01818570625748,0.08157817035417367,-0.07474421915694072,0.9987661105552642,0.05005830689333379
3.8643594700704327,-2.924188196898772,-1.684704244753081,69.06806147278321,0.09018387765209433,-0.07709348627302758,0.9986465175478378,0.049943363992497325
3.861723345519683,-2.9403262232042082,-1.6983795214628863,69.1180122020255,0.06681182963661153,-0.06870632832013447,0.9989685914698352,0.050002302043139935
3.861723345519683,-2.9403262232042082,-1.6983795214628863,69.16791653495719,0.07541320202717637,-0.07142848867237504,0.9988432215064833,0.049962128046900034
3.861723345519683,-2.9403262232042082,-1.6983795214628863,69.217829401621,0.08403003417229998,-0.0737240701676166,0.9987443605456955,0.049975618021562696
3.861723345519683,-2.9403262232042082,-1.6983795214628863,69.26777543776134,0.09266984913700049,-0.07610792107073597,0.9986991508188746,0.050011093029752374
3.858517448379867,-2.9570214046049763,-1.7148071202936925,69.31772009292608,0.06825427330732495,-0.06485587611622763,0.9989711459803381,0.04999609384685755
3.858517448379867,-2.9570214046049763,-1.7148071202936925,69.36765944358115,0.07681309047537906,-0.06787273427647708,0.9988423663668334,0.049997229129076004
3.858517448379867,-2.9570214046049763,-1.7148071202936925,69.41764412771892,0.08549238844904605,-0.07014189192100763,0.9988035283198392,0.050044561037793756
3.858517448379867,-2.9570214046049763,-1.7148071202936925,69.46757888721503,0.09416036715055205,-0.07247591828412264,0.998680949251168,0.050000712973997
3.8564598357438955,-2.9747846796095043,-1.7269151562705256,69.51753749822142,0.06738544714474069,-0.06867680861182432,0.9989393889577205,0.050011653918772936
3.8564598357438955,-2.9747846796095043,-1.7269151562705256,69.56743400383836,0.07613071532990028,-0.07173758830040879,0.9988885679860091,0.04995202389545739
3.8564598357438955,-2.9747846796095043,-1.7269151562705256,69.61739968089258,0.08484189310106902,-0.07410884833476557,0.9987665560781562,0.05002738302573562
3.8564598357438955,-2.9747846796095043,-1.7269151562705256,69.66738180613956,0.09355438527979061,-0.07656576781201747,0.9986425842914727,0.050050063990056515
3.8532128794677623,-2.99145947016051,-1.740074349337147,69.71729368846904,0.06898894426163368,-0.06880850806503948,0.9989729511717155,0.04996319697238505
3.8532128794677623,-2.99145947016051,-1.740074349337147,69.76719369740394,0.07766591916861047,-0.07194662798323549,0.9988418206199948,0.04995786910876632
3.8532128794677623,-2.99145947016051,-1.740074349337147,69.81712560763093,0.08640091322306001,-0.0743873659636071,0.9987380363169958,0.049995002103969455
3.8532128794677623,-2.99145947016051,-1.740074349337147,69.86708069898053,0.09531957873770372,-0.07690772199939226,0.998686453043045,0.050020796013996005
3.8502479228667474,-3.009003747613287,-1.7522833526877641,69.91700138920316,0.06904447818543749,-0.07173952369966953,0.9989358497444224,0.04997386992909014
3.8502479228667474,-3.009003747613287,-1.7522833526877641,69.96696904601967,0.07788523671252627,-0.07503053130195911,0.9988037356754118,0.0500275029335171
3.8502479228667474,-3.009003747613287,-1.7522833526877641,70.01686890297775,0.08676340431651199,-0.07760139899738101,0.9987570132356036,0.04996195901185274
3.8502479228667474,-3.009003747613287,-1.7522833526877641,70.06685948644265,0.0956082162702153,-0.08023560604794454,0.9986265001086231,0.050059339962899685
3.847232039607241,-3.0275300652520403,-1.7667249357200703,70.11673142688836,0.06744576799874949,-0.07459697095207907,0.9989202447336711,0.049925848143175244
3.847232039607241,-3.0275300652520403,-1.7667249357200703,70.16668418746131,0.07680463123175131,-0.07808188334128861,0.9988611346350534,0.050009714905172586
3.847232039607241,-3.0275300652520403,-1.7667249357200703,70.21664946060875,0.08596590972951033,-0.08073817671004745,0.9987266612125831,0.05002897698432207
3.847232039607241,-3.0275300652520403,-1.7667249357200703,70.26656927499239,0.0951131949027445,-0.08348404273171033,0.9985904355918876,0.04999027890153229
3.8444307260109336,-3.0448189371894316,-1.7796516301980276,70.31651264716028,0.0696489878798478,-0.07980736992175053,0.9989154279456406,0.049997598165646195
3.8444307260109336,-3.0448189371894316,-1.7796516301980276,70.36643001362074,0.07888148095904582,-0.08325822288086872,0.998774565200707,0.04997861199080944
3.8444307260109336,-3.0448189371894316,-1.7796516301980276,70.41636979420412,0.0880375428036806,-0.08609242728747118,0.9986572997172284,0.05000692489556968
3.8444307260109336,-3.0448189371894316,-1.7796516301980276,70.46632491465127,0.09837256221784625,-0.08896832455413606,0.9985807891467028,0.050026118056848645
3.8444307260109336,-3.0448189371894316,-1.7796516301980276,70.51626986174222,0.10821286970029906,-0.09194839514857155,0.9984286227976473,0.05002355296164751
3.840817351411119,-3.0610125720432477,-1.7953678449245352,70.56619533937236,0.08573760563090654,-0.08356260515880747,0.998699806015608,0.04999047494493425
3.840817351411119,-3.0610125720432477,-1.7953678449245352,70.61612305233612,0.09567464743556832,-0.0872244004081726,0.9986255182008599,0.04999643214978278
3.840817351411119,-3.0610125720432477,-1.7953678449245352,70.66606205459212,0.105535367903965,-0.09020441974942733,0.9984711597284807,0.05001546791754663
3.8362911426980753,-3.0813559272539646,-1.8103191487011192,70.7160601384431,0.07439921966081689,-0.08392576226751453,0.9988349723590154,0.05005640094168484
3.8362911426980753,-3.0813559272539646,-1.8103191487011192,70.76596813660865,0.08432124021125509,-0.08786052063419547,0.9987473232942875,0.04997059516608715
3.8362911426980753,-3.0813559272539646,-1.8103191487011192,70.8158845749349,0.0941559033823111,-0.09079044620350687,0.9985945541963775,0.04998669191263616
3.8362911426980753,-3.0813559272539646,-1.8103191487011192,70.86581553660834,0.10396473956824563,-0.09381071972830034,0.9984398932361093,0.05000898102298379
3.830988296718002,-3.1002532366693973,-1.8280633377584825,70.91574944586162,0.07573067008367747,-0.08300113466666242,0.9988725878499859,0.049990268889814615
3.830988296718002,-3.1002532366693973,-1.8280633377584825,70.96569661630643,0.08554665003906703,-0.08725289848828435,0.9987087293926666,0.05001174914650619
3.830988296718002,-3.1002532366693973,-1.8280633377584825,71.01567421068906,0.09539779752802645,-0.09024677898009872,0.9985739045906156,0.05004896898753941
3.830988296718002,-3.1002532366693973,-1.8280633377584825,71.06559653717751,0.10516088583486122,-0.09319325584348456,0.9984908626360891,0.04999778000637889
3.826254926831523,-3.12069392214852,-1.8451772852848576,71.11544068723481,0.07363365308334235,-0.08736127934188839,0.9988351459313137,0.04990227892994881
3.826254926831523,-3.12069392214852,-1.8451772852848576,71.16535723893278,0.0834180641560414,-0.091787049399609,0.9986742959263015,0.049982814118266106
3.826254926831523,-3.12069392214852,-1.8451772852848576,71.21533613670168,0.09317542740068942,-0.09484095100871615,0.9986004671121015,0.05004894291050732
3.826254926831523,-3.12069392214852,-1.8451772852848576,71.26526558178533,0.10289969947275733,-0.09793344706087553,0.9984414929266952,0.050007381942123175
3.8216605965174506,-3.137805821413505,-1.8595517348047588,71.31532009974245,0.07786138944794922,-0.09305451690128674,0.9987323320585934,0.05011805100366473
3.8216605965174506,-3.137805821413505,-1.8595517348047588,71.36506916819626,0.08747503935668566,-0.09707018903618533,0.9986417913662751,0.049816729966551065
3.8216605965174506,-3.137805821413505,-1.8595517348047588,71.41508093727879,0.09697391892012416,-0.1000608606932103,0.9984885262723572,0.050087474985048175
3.8216605965174506,-3.137805821413505,-1.8595517348047588,71.46504332355146,0.10648815346519779,-0.10314221847180806,0.9983324733060047,0.05004583904519677
3.8153575502710306,-3.1557890532276134,-1.8757940855781328,71.5149110513692,0.0792381569429623,-0.09362586458613252,0.9987393651874632,0.04993067216128111
3.8153575502710306,-3.1557890532276134,-1.8757940855781328,71.564843837417,0.08865624568235708,-0.09806892964417545,0.9985748197375195,0.05000405083410442
3.8153575502710306,-3.1557890532276134,-1.8757940855781328,71.61481969001356,0.09816527598000317,-0.10113456848837209,0.9984388775816537,0.050053993007168174
3.8153575502710306,-3.1557890532276134,-1.8757940855781328,71.66471313742768,0.10720507800993447,-0.10410182510609842,0.9983664328337868,0.04997508507221937
3.8153575502710306,-3.1557890532276134,-1.8757940855781328,71.71465726863077,0.11622022800470044,-0.10714255373073979,0.9982190476097467,0.05003323801793158
3.809885600292205,-3.17452950862561,-1.890510065662512,71.7645189450986,0.08681180608907285,-0.10343875360163239,0.998503006219869,0.049936430994421244
3.809885600292205,-3.17452950862561,-1.890510065662512,71.81444785101198,0.09579223561713313,-0.10777841239044697,0.9984294327443614,0.05000744597055018
3.806174122697574,-3.186178874816093,-1.8993558468463285,71.86441276599163,0.08070182586644366,-0.10690984464544592,0.9985478127764503,0.05003757891245186
3.806174122697574,-3.186178874816093,-1.8993558468463285,71.91429808416733,0.08968527776305263,-0.11048290454147547,0.9984157150368234,0.04996447614394128
3.806174122697574,-3.186178874816093,-1.8993558468463285,71.96420163352197,0.0974976249468233,-0.11338920574586404,0.9983621521593715,0.04998541786335409
3.806174122697574,-3.186178874816093,-1.8993558468463285,72.01413484964354,0.10533707580722536,-0.11634783249832605,0.9982344615030848,0.05002153106033802
3.7990718596042834,-3.2059805727100557,-1.9194970431523177,72.06404998463192,0.07242458016667838,-0.1078737027318462,0.9985645037519362,0.049986890982836485
3.7990718596042834,-3.2059805727100557,-1.9194970431523177,72.11408673631622,0.08012720238756348,-0.11234650732097005,0.9985068831335701,0.05011157412081957
3.7990718596042834,-3.2059805727100557,-1.9194970431523177,72.1638845604348,0.08796393294828828,-0.11524851668877727,0.9983775479967936,0.04987874999642372
3.7990718596042834,-3.2059805727100557,-1.9194970431523177,72.21377177376276,0.0957224644143036,-0.118200368055623,0.998270477877591,0.049973643850535154
3.7928157000632137,-3.2232377265999346,-1.938585020496996,72.26391649055788,0.0649638658358532,-0.111886024561535,0.9985977465198032,0.050215131137520075
3.7928157000632137,-3.2232377265999346,-1.938585020496996,72.3136535209689,0.06992841503741204,-0.11576512024535583,0.998510845564502,0.04981120699085295
3.7928157000632137,-3.2232377265999346,-1.938585020496996,72.36357079603674,0.07494977378736073,-0.11848994412084765,0.998435362618495,0.04999549989588559
3.7928157000632137,-3.2232377265999346,-1.938585020496996,72.41343635932289,0.07994985094697503,-0.12139770363970845,0.9984381625237062,0.04994356702081859
3.7875723523609373,-3.239951060442195,-1.959134853737676,72.46338124590235,0.05042475095584295,-0.11803274802152397,0.9986227922492088,0.05001376592554152
3.7875723523609373,-3.239951060442195,-1.959134853737676,72.51330381841574,0.05532443574575266,-0.12152073506475829,0.9985590341399073,0.04999461304396391
3.7875723523609373,-3.239951060442195,-1.959134853737676,72.56322348924687,0.0602575556933705,-0.12428821966225201,0.9984818593088576,0.049995571142062545
3.7875723523609373,-3.239951060442195,-1.959134853737676,72.61321878622101,0.0651589436244405,-0.12710793063370635,0.9984042805891874,0.05007520294748247
3.7815060035566015,-3.2543877867436932,-1.9814635706962815,72.66317589757514,0.04004200861732843,-0.11959170649756856,0.9986091717256098,0.05002668988890946
3.7815060035566015,-3.2543877867436932,-1.9814635706962815,72.71308131339813,0.044858626202765366,-0.12300314410141058,0.9986044222643569,0.04997516004368663
3.7815060035566015,-3.2543877867436932,-1.9814635706962815,72.76297689185904,0.04971767027636496,-0.12576642902374682,0.9985271818386389,0.04996917396783829
3.7815060035566015,-3.2543877867436932,-1.9814635706962815,72.81287328368535,0.0545439251257828,-0.12858487796603768,0.9984711847374279,0.04997279099188745
3.7815060035566015,-3.2543877867436932,-1.9814635706962815,72.86283395845277,0.05933938466138657,-0.13144537705103115,0.9983934154936557,0.05004106997512281
3.7815060035566015,-3.2543877867436932,-1.9814635706962815,72.91271992673033,0.06411087818465505,-0.13435295851346335,0.9983154576255214,0.04997014510445297
3.7753389354634157,-3.2682012482033542,-2.01667122303105,72.96264517816013,0.040922579848776675,-0.12039297444831251,0.9985919651166909,0.049995647044852376
3.7753389354634157,-3.2682012482033542,-2.01667122303105,73.01256892861491,0.04557982067943396,-0.12404929145959434,0.9985837767381631,0.04999455390498042
3.7753389354634157,-3.2682012482033542,-2.01667122303105,73.06252954510974,0.05035219028609461,-0.1268097782767217,0.9985079605117906,0.050035271095111966
3.7753389354634157,-3.2682012482033542,-2.01667122303105,73.11241658200127,0.05509969284631651,-0.12962740324814256,0.9984530961835808,0.0499643268994987
3.7753389354634157,-3.2682012482033542,-2.01667122303105,73.16238991838493,0.05981110809687527,-0.13248214623549245,0.9983767002925179,0.0500545899849385
3.7753389354634157,-3.2682012482033542,-2.01667122303105,73.21226531558686,0.06450251980075487,-0.13538371957805853,0.9982999926837122,0.04996033012866974
3.7667892886092176,-3.285126632207286,-2.0550717684114175,73.26218733091015,0.033858225088112655,-0.11961937156804989,0.9986360396898036,0.049990199971944094
3.7667892886092176,-3.285126632207286,-2.0550717684114175,73.31211359864866,0.03828043658344563,-0.12358857935564681,0.9986235800871044,0.04999508196488023
3.7667892886092176,-3.285126632207286,-2.0550717684114175,73.36205347342346,0.04298176771197174,-0.12630028328311466,0.9985493363106653,0.05001242598518729
3.7667892886092176,-3.285126632207286,-2.0550717684114175,73.41198791013394,0.04766046392401657,-0.12906708461061803,0.9984957838337253,0.05000966205261648
3.7667892886092176,-3.285126632207286,-2.0550717684114175,73.46202713523755,0.05231170738534501,-0.1318740296000621,0.9984205023453998,0.050118386978283525
3.7667892886092176,-3.285126632207286,-2.0550717684114175,73.51179790484359,0.05694674242942844,-0.13472747441042937,0.9983449364243482,0.049853279953822494
3.758908423438155,-3.299671187349836,-2.090651540956041,73.56181922152403,0.030677869222084195,-0.12120832022761237,0.9986297758944145,0.050089951138943434
3.758908423438155,-3.299671187349836,-2.090651540956041,73.61167646181053,0.03510732757860609,-0.12473106182772097,0.9986232108746675,0.04992597782984376
3.758908423438155,-3.299671187349836,-2.090651540956041,73.66161835110904,0.03973546304797888,-0.127433524680351,0.9985499819121998,0.050014411099255085
3.758908423438155,-3.299671187349836,-2.090651540956041,73.71158482663235,0.044351148144468056,-0.13018644637337384,0.9984972052139681,0.05004167789593339
3.758908423438155,-3.299671187349836,-2.090651540956041,73.76150128069045,0.048944380904234065,-0.13298058663996692,0.9984227118415184,0.04999531107023358
3.758908423438155,-3.299671187349836,-2.090651540956041,73.8114854091193,0.05350929163990015,-0.13581138324019337,0.9983483549835594,0.05006682104431093
3.7520302095751537,-3.3124962879448168,-2.12870774839733,73.8615810060939,0.030985635632401816,-0.12265613229520596,0.9986048225129972,0.050165586872026324
3.7520302095751537,-3.3124962879448168,-2.12870774839733,73.91125389830235,0.03546388706885431,-0.12589180381348303,0.9986052355521369,0.0497422709595412
3.7520302095751537,-3.3124962879448168,-2.12870774839733,73.9612010869075,0.04002452956067382,-0.12858487948924055,0.9985335114306267,0.050020543159917
3.7520302095751537,-3.3124962879448168,-2.12870774839733,74.01106629301033,0.04459486383262906,-0.1313300609607803,0.9984814501469811,0.04994104406796396
3.7520302095751537,-3.3124962879448168,-2.12870774839733,74.06102583299733,0.04913554428637074,-0.13411044383102516,0.9984082081858863,0.0500391919631511
3.7520302095751537,-3.3124962879448168,-2.12870774839733,74.11092576457456,0.053663978880644704,-0.1369334400721297,0.9983346547203308,0.04998317081481218
3.744792469998138,-3.324751021998573,-2.1663779733459174,74.16089346101892,0.03172481111455253,-0.12376260905768308,0.9985841961925992,0.050038541201502085
3.744792469998138,-3.324751021998573,-2.1663779733459174,74.21077138350628,0.03624004609279212,-0.12675377683120495,0.9985898337312031,0.04994835797697306
3.744792469998138,-3.324751021998573,-2.1663779733459174,74.26083478551625,0.04078484975089106,-0.1294612146511469,0.998518361471418,0.0501376879401505
3.744792469998138,-3.324751021998573,-2.1663779733459174,74.3107049624391,0.045334660485451504,-0.13220852507938768,0.9984670676461878,0.049946741899475455
3.744792469998138,-3.324751021998573,-2.1663779733459174,74.36055729093324,0.049847439380607754,-0.13498499685262907,0.9983948422983713,0.04993247799575329
3.744792469998138,-3.324751021998573,-2.1663779733459174,74.41046302739352,0.0543405853435195,-0.1377963695710885,0.998322478557163,0.04998959507793188
3.738066392674057,-3.3347704771735733,-2.202564348791572,74.46058477694886,0.03682217163227723,-0.12427590071461102,0.9985521018065119,0.050194425974041224
3.738066392674057,-3.3347704771735733,-2.202564348791572,74.51029833425335,0.04143967689603204,-0.12706820529768276,0.9985627097464181,0.04978511296212673
3.738066392674057,-3.3347704771735733,-2.202564348791572,74.56022658560745,0.045954227333053974,-0.12978818652794186,0.9984923762701704,0.05000363802537322
3.738066392674057,-3.3347704771735733,-2.202564348791572,74.61018133728798,0.05047760252610379,-0.13253881497918715,0.9984421325671059,0.050032695988193154
3.738066392674057,-3.3347704771735733,-2.202564348791572,74.66012123361511,0.054986862898483584,-0.13533002800279828,0.9983704431465398,0.050021409057080746
3.738066392674057,-3.3347704771735733,-2.202564348791572,74.70997103080563,0.05947923383175735,-0.13815625524362687,0.9982988222509264,0.049934745067730546
3.72781651824504,-3.3484966900709625,-2.2401070480301954,74.76029593489172,0.03191411064181293,-0.12361360231195118,0.9985859093482888,0.050396168837323785
3.72781651824504,-3.3484966900709625,-2.2401070480301954,74.80987223249652,0.03648236437354118,-0.126355868928295,0.9985927728403486,0.049646161030977964
3.72781651824504,-3.3484966900709625,-2.2401070480301954,74.85982753049305,0.040976692503689884,-0.12905296665928107,0.9985239371683938,0.050029144156724215
3.72781651824504,-3.3484966900709625,-2.2401070480301954,74.90971812783113,0.04550302266082224,-0.13178123472793551,0.9984741147291945,0.049966841004788876
3.72781651824504,-3.3484966900709625,-2.2401070480301954,74.95960166814305,0.05000950216715359,-0.13454703371537496,0.998403194837383,0.04996332200244069
3.72781651824504,-3.3484966900709625,-2.2401070480301954,75.00967275771129,0.05450264077207296,-0.13734744430183057,0.9983322366212563,0.050154735799878836
3.7174223699851225,-3.359730426874807,-2.2806566170850004,75.0594488868627,0.03146826013806277,-0.11877160284910177,0.9986483683165577,0.04984349920414388
3.7174223699851225,-3.359730426874807,-2.2806566170850004,75.10945242526734,0.03602058520005321,-0.12157488221657617,0.9986592451595577,0.050070670899003744
3.7174223699851225,-3.359730426874807,-2.2806566170850004,75.15935938778482,0.04058897922211575,-0.12424360443372602,0.9985894760388375,0.049977456917986274
3.7174223699851225,-3.359730426874807,-2.2806566170850004,75.2093066076016,0.04514762908106762,-0.12691862746731475,0.998541223470394,0.050020188093185425
3.7174223699851225,-3.359730426874807,-2.2806566170850004,75.25915901205616,0.04969920584094827,-0.12963548490892748,0.998471112121692,0.049928739899769425
3.7174223699851225,-3.359730426874807,-2.2806566170850004,75.30910665776163,0.05423205909009526,-0.13238387452041864,0.9984012568350865,0.050027627032250166
3.7174223699851225,-3.359730426874807,-2.2806566170850004,75.3589906627377,0.05876360945186465,-0.13517325972227298,0.9983310107181115,0.04996740003116429
3.7174223699851225,-3.359730426874807,-2.2806566170850004,75.4089575254358,0.06323870635188635,-0.138256750566958,0.9983275050606969,0.05005057202652097
3.7033838088176787,-3.3756920401070847,-2.3330559638976442,75.45888926511287,0.028336390847989758,-0.11572227468547581,0.998741480872164,0.04999465891160071
3.7033838088176787,-3.3756920401070847,-2.3330559638976442,75.50888409771002,0.032907322963454125,-0.11870466748244418,0.9986941025446986,0.05006020609289408
3.7033838088176787,-3.3756920401070847,-2.3330559638976442,75.55881077749464,0.037515740483149894,-0.1212874892644183,0.9986272083475509,0.04999531293287873
3.7033838088176787,-3.3756920401070847,-2.3330559638976442,75.60868468928587,0.042137200891487404,-0.12389581933422633,0.9985590350651387,0.04994588205590844
3.7033838088176787,-3.3756920401070847,-2.3330559638976442,75.65855869322765,0.04674704010863632,-0.12653943919274752,0.9984907721422994,0.049949388951063156
3.7033838088176787,-3.3756920401070847,-2.3330559638976442,75.70850835129221,0.05131301447959612,-0.12948451326432575,0.9984922365886065,0.05002508405596018
3.7033838088176787,-3.3756920401070847,-2.3330559638976442,75.75844022865171,0.05589290278740175,-0.13239330459480078,0.9984202493059459,0.05001088208518922
3.7033838088176787,-3.3756920401070847,-2.3330559638976442,75.80838116835021,0.06046494605431229,-0.13530208169880614,0.9983706269805971,0.05002244492061436
3.68805827430763,-3.39099293336704,-2.380175785815558,75.85835517593372,0.02452068949772123,-0.11433477969192161,0.9987601078190332,0.05003604688681662
3.68805827430763,-3.39099293336704,-2.380175785815558,75.90824533025206,0.029325257547747563,-0.11684554381711267,0.9986981350540213,0.04995518922805786
3.68805827430763,-3.39099293336704,-2.380175785815558,75.95816665155905,0.03399969035127247,-0.1193984685694631,0.9986320868582019,0.04998970287851989
3.68805827430763,-3.39099293336704,-2.380175785815558,76.00814586540827,0.038669771727218305,-0.12224411911172828,0.9986369889972592,0.050047429045662284
3.68805827430763,-3.39099293336704,-2.380175785815558,76.05799948488901,0.04334832973259104,-0.12506715760556125,0.9985656451237115,0.04992522997781634
3.68805827430763,-3.39099293336704,-2.380175785815558,76.10793213351663,0.04801232294668436,-0.12788083326008812,0.9985168142743803,0.050006818026304245
3.68805827430763,-3.39099293336704,-2.380175785815558,76.15783819505295,0.052680280864802975,-0.1307434243995737,0.998445644575543,0.049983754055574536
3.68805827430763,-3.39099293336704,-2.380175785815558,76.20796573303699,0.05734247422508232,-0.13364565463077432,0.9983745598730673,0.05020914995111525
3.6742518228156134,-3.402862265797779,-2.426909025573394,76.25773879627441,0.028633756816227426,-0.1108652441529022,0.9987415326970638,0.04983577993698418
3.6742518228156134,-3.402862265797779,-2.426909025573394,76.30773907090571,0.03373329571715321,-0.11351858427464336,0.9987654271911206,0.050062079913914204
3.6742518228156134,-3.402862265797779,-2.426909025573394,76.3576404471701,0.03852917483685556,-0.11627249520507997,0.998694992531078,0.04996658302843571
3.6742518228156134,-3.402862265797779,-2.426909025573394,76.4075807675671,0.04333411597865627,-0.11900078474652495,0.9986464642483982,0.05000800802372396
3.6742518228156134,-3.402862265797779,-2.426909025573394,76.45748846621406,0.04814152188410503,-0.12178193950255864,0.9985758880657045,0.049978874158114195
3.6742518228156134,-3.402862265797779,-2.426909025573394,76.50735781377387,0.05294489229446982,-0.12460667936951612,0.9985052986650639,0.04994399892166257
3.6742518228156134,-3.402862265797779,-2.426909025573394,76.55727576593418,0.057743685983183086,-0.12747327052264903,0.998434584482108,0.04999621701426804
3.6742518228156134,-3.402862265797779,-2.426909025573394,76.60728548085433,0.06261042144578406,-0.13071077396091826,0.9984241326356598,0.0500886479858309
3.6742518228156134,-3.402862265797779,-2.426909025573394,76.65717885583733,0.06744199846234253,-0.13395541791500012,0.9983474250764514,0.049975964007899165
3.658499438983702,-3.4158346942323656,-2.4751802035709023,76.70708535862371,0.034410659105817684,-0.10951749743547078,0.9987758060614546,0.04996767290867865
3.658499438983702,-3.4158346942323656,-2.4751802035709023,76.7570398581923,0.039900326796530175,-0.1120501471330492,0.9987254145214102,0.05001825210638344
3.658499438983702,-3.4158346942323656,-2.4751802035709023,76.80701856477344,0.044881511830820404,-0.11480505763520941,0.9986554490404635,0.050045995973050594
3.658499438983702,-3.4158346942323656,-2.4751802035709023,76.85692487493588,0.049890003047622984,-0.11758670174278629,0.9985847317392752,0.04997704108245671
3.658499438983702,-3.4158346942323656,-2.4751802035709023,76.90677125407149,0.05515469189815559,-0.12073417169427583,0.9985790371611608,0.04991730977781117
3.658499438983702,-3.4158346942323656,-2.4751802035709023,76.95673800658628,0.060276904535923014,-0.12389398680169152,0.9985014210332565,0.05004174401983619
3.644250313225152,-3.427403855833229,-2.509212883145723,77.00703858118753,0.030334726849158528,-0.1089028006226509,0.9988085037242971,0.050360579043626785
3.644250313225152,-3.427403855833229,-2.509212883145723,77.05663076737005,0.03611629180969235,-0.11096656838589834,0.9987577415246912,0.04965386912226677
3.644250313225152,-3.427403855833229,-2.509212883145723,77.10657423707343,0.04132809106986552,-0.11380264612212113,0.9986856568298794,0.05000919895246625
3.644250313225152,-3.427403855833229,-2.509212883145723,77.15646895106201,0.04658961590666851,-0.11667887282148214,0.9986119224068001,0.04996406799182296
3.644250313225152,-3.427403855833229,-2.509212883145723,77.20642784163243,0.0525947477914204,-0.11993390399120503,0.9985987629383788,0.05002899304963648
3.644250313225152,-3.427403855833229,-2.509212883145723,77.25633598289089,0.05824134808432897,-0.12322905701807474,0.9985148016432799,0.049982374999672174
3.630976099453755,-3.4373473660739826,-2.542454374219667,77.30625975160748,0.03242020064363285,-0.10750890844636288,0.9988181089924003,0.04998284298926592
3.630976099453755,-3.4373473660739826,-2.542454374219667,77.35619179116816,0.03886944961170078,-0.10962507707907423,0.9987693127575924,0.0499935660045594
3.630976099453755,-3.4373473660739826,-2.542454374219667,77.40618261063896,0.04464021503283125,-0.11259354962808384,0.9986900900122043,0.05005638883449137
3.630976099453755,-3.4373473660739826,-2.542454374219667,77.45609589966756,0.0504273478955458,-0.11559787066616606,0.998610597042648,0.04998273518867791
3.630976099453755,-3.4373473660739826,-2.542454374219667,77.50602546151651,0.058173967194701276,-0.11896976805144094,0.9985833496219227,0.050000394927337766
3.630976099453755,-3.4373473660739826,-2.542454374219667,77.55593573713685,0.0649836892579165,-0.12236678398521846,0.9984857265989132,0.04998596804216504
3.620580130178265,-3.443367688590424,-2.5747199846417144,77.60589400635158,0.050042298823690726,-0.10276663248295079,0.9987839496367551,0.05001909495331347
3.620580130178265,-3.443367688590424,-2.5747199846417144,77.65579350755641,0.05780547961340995,-0.10518476602451703,0.998722889044929,0.04996330989524722
3.620580130178265,-3.443367688590424,-2.5747199846417144,77.70576792387972,0.06475270772656744,-0.10820114904601374,0.9986303618291112,0.050042957067489624
3.620580130178265,-3.443367688590424,-2.5747199846417144,77.7556712226235,0.07171294255865598,-0.11126650409881485,0.9985373429579961,0.04997639707289636
3.620580130178265,-3.443367688590424,-2.5747199846417144,77.80567487058353,0.0837012934945953,-0.11465473602632317,0.9986611313270072,0.05007068603299558
3.620580130178265,-3.443367688590424,-2.5747199846417144,77.8555430401843,0.09332494427955818,-0.11794826623878162,0.99852533934947,0.049941816832870245
3.6036960779982814,-3.4516382757348096,-2.606746810433289,77.90579366088389,0.0681527157563387,-0.09355011802203222,0.9990167318567929,0.050300079165026546
3.6036960779982814,-3.4516382757348096,-2.606746810433289,77.95546854919648,0.07855390591713032,-0.09620256450270795,0.9989001795795053,0.04972958192229271
3.6036960779982814,-3.4516382757348096,-2.606746810433289,78.00542172338545,0.08822549349828829,-0.09907738773000666,0.998769323858665,0.05001472611911595
3.6036960779982814,-3.4516382757348096,-2.606746810433289,78.05531526558062,0.09795023138722873,-0.10202532545128994,0.9986363785713396,0.04996167100034654
3.584210580416341,-3.464136144463267,-2.6275589268484967,78.10526611696136,0.0621354398746347,-0.09409485747999104,0.9991097457052954,0.04999535996466875
3.584210580416341,-3.464136144463267,-2.6275589268484967,78.15519102840871,0.07221961053555113,-0.09630910418719794,0.9989895950827179,0.0499754068441689
3.584210580416341,-3.464136144463267,-2.6275589268484967,78.20519441758529,0.0819466014986727,-0.09911951324405728,0.9988804523921192,0.050059433095157146
3.584210580416341,-3.464136144463267,-2.6275589268484967,78.255188149535,0.09168811287965292,-0.10200012320683409,0.9987488686018626,0.050056359032168984
3.569458385726683,-3.4718032199042734,-2.64831297041646,78.30520767369745,0.06942467065854586,-0.0895935826608826,0.9990622520875756,0.05006647389382124
3.569458385726683,-3.4718032199042734,-2.64831297041646,78.35503617909485,0.07961243334337839,-0.09191744147441344,0.9989427944729281,0.0498812401201576
3.569458385726683,-3.4718032199042734,-2.64831297041646,78.40497067672263,0.08936005911840016,-0.09466536890877418,0.9988648136031281,0.049991247011348605
3.569458385726683,-3.4718032199042734,-2.64831297041646,78.45484150528179,0.09911708451327567,-0.09746335373042608,0.9987333223834847,0.04993407893925905
3.5541851911879347,-3.4810327352380517,-2.667294148577633,78.50495818977839,0.07381591802240527,-0.09042847448710714,0.9990525428583741,0.05016421293839812
3.5541851911879347,-3.4810327352380517,-2.667294148577633,78.55475398138132,0.08394823342448861,-0.09262144741586124,0.9989330505602237,0.0498489779420197
3.5541851911879347,-3.4810327352380517,-2.667294148577633,78.60492584848583,0.09365677312246272,-0.09529947527890832,0.9988031522600952,0.05023198714479804
3.5541851911879347,-3.4810327352380517,-2.667294148577633,78.65469497761093,0.10343174560938757,-0.09805194212933675,0.9986708075562819,0.04983536992222071
3.540604422212359,-3.48677487089066,-2.6840788800390354,78.7046051545886,0.08490127879886802,-0.08644803932738773,0.9989800462599218,0.04996113502420485
3.540604422212359,-3.48677487089066,-2.6840788800390354,78.75451299762189,0.09495864311317612,-0.08875832805966861,0.9988554219777906,0.049965031910687685
3.540604422212359,-3.48677487089066,-2.6840788800390354,78.80456007089589,0.10459301609080235,-0.09132408143598507,0.998748071513305,0.05010980716906488
3.540604422212359,-3.48677487089066,-2.6840788800390354,78.85439614229345,0.11427558054002585,-0.09395953817858438,0.9986178667797116,0.049905046820640564
3.522136874796028,-3.4958587886387478,-2.702863011705827,78.90433884056806,0.08364879059389704,-0.08426598542164725,0.9989806534850514,0.04999365913681686
3.522136874796028,-3.4958587886387478,-2.702863011705827,78.95430413002757,0.0935666173442467,-0.08669436548034666,0.9988545258376813,0.050022589042782784
3.522136874796028,-3.4958587886387478,-2.702863011705827,79.00427809758578,0.1032400314325519,-0.0892515585527122,0.9987706850622757,0.050035476917400956
3.522136874796028,-3.4958587886387478,-2.702863011705827,79.05420211574926,0.11290359228502023,-0.09185396781437251,0.9986395273936065,0.04999203095212579
3.5029834540243483,-3.5037678866756155,-2.7189661402545693,79.1041674519065,0.08190031680115427,-0.08133277432578914,0.9990261367838822,0.05001404299400747
3.5029834540243483,-3.5037678866756155,-2.7189661402545693,79.15408203699785,0.09151670931366382,-0.0837983061411221,0.9989000088880569,0.04996955115348101
3.5029834540243483,-3.5037678866756155,-2.7189661402545693,79.20407421232571,0.10097139272583112,-0.08622979381455029,0.9987737422032347,0.05005355388857424
3.5029834540243483,-3.5037678866756155,-2.7189661402545693,79.25392996037507,0.1104302239026654,-0.08872452748084922,0.998646204428839,0.04992333403788507
3.4835773870786824,-3.5109057462953785,-2.735087767309735,79.3038653724083,0.07975361178267495,-0.07699645528170829,0.9990595717679824,0.04998241690918803
3.4835773870786824,-3.5109057462953785,-2.735087767309735,79.35378915487573,0.08924670823303645,-0.07974417899896777,0.998929382111632,0.0499772890470922
3.4835773870786824,-3.5109057462953785,-2.735087767309735,79.4038308885902,0.09798649495068623,-0.08205601848095365,0.9988319570130494,0.05010025296360254
3.4835773870786824,-3.5109057462953785,-2.735087767309735,79.45377446320829,0.1069429238523398,-0.0844463781111345,0.9987149140635452,0.05000783898867667
3.465124405403235,-3.5191721618212486,-2.7504644285784865,79.50371265892927,0.07597988471462863,-0.07849662039022297,0.9990273563341429,0.049986815080046654
3.465124405403235,-3.5191721618212486,-2.7504644285784865,79.55361122385524,0.08491904465405795,-0.08111875954209863,0.9989073564962337,0.049953145906329155
3.465124405403235,-3.5191721618212486,-2.7504644285784865,79.60368943065697,0.09382953772172521,-0.08347956343581925,0.9988363306865596,0.05013654916547239
3.465124405403235,-3.5191721618212486,-2.7504644285784865,79.65345772553276,0.10275689300443626,-0.08589225596452768,0.9987180757324262,0.04983217595145106
3.44625400741382,-3.5276568890989597,-2.7693161947545994,79.70355934088634,0.06906874272182698,-0.07882194853824649,0.9990574323914362,0.05014888406731188
3.44625400741382,-3.5276568890989597,-2.7693161947545994,79.75334559322434,0.07673924511203387,-0.08141513014542243,0.9989613843878077,0.049838014878332615
3.44625400741382,-3.5276568890989597,-2.7693161947545994,79.80334624545273,0.08433666657903813,-0.08367485951777577,0.9988691378979508,0.050057260086759925
3.44625400741382,-3.5276568890989597,-2.7693161947545994,79.85324915778911,0.09195378993400344,-0.08600189088179157,0.9987752905256005,0.04996410384774208
3.4304912427022947,-3.53357995115144,-2.786006138158166,79.9031870915552,0.06662575396702576,-0.07796093272700434,0.9990663472990672,0.049984602024778724
3.4304912427022947,-3.53357995115144,-2.786006138158166,79.95317721211553,0.07423335849928221,-0.08036438331931996,0.9989719849410799,0.05004156404174864
3.4304912427022947,-3.53357995115144,-2.786006138158166,80.00310163687675,0.08183088613159323,-0.08261905902957137,0.9988793975013855,0.04998043295927346
3.4304912427022947,-3.53357995115144,-2.786006138158166,80.05305621931969,0.08940487311718948,-0.08492471163806144,0.9987864378633224,0.05001527909189463
3.4143712022655404,-3.5398528089558567,-2.8023075469633105,80.10299684472778,0.06294974134356225,-0.07857308914654991,0.9990237203645842,0.049989429069682956
3.4143712022655404,-3.5398528089558567,-2.8023075469633105,80.15294786418197,0.07051083239088643,-0.08085435733572706,0.9989295279017784,0.05000454792752862
3.4143712022655404,-3.5398528089558567,-2.8023075469633105,80.20288719936893,0.07807007144358734,-0.08312465465893384,0.998884094168427,0.049995125038549304
3.4143712022655404,-3.5398528089558567,-2.8023075469633105,80.2529546660699,0.08561303040320023,-0.08543465857042415,0.9987913890977913,0.05012805201113224
3.400232856537359,-3.5427026382571216,-2.818079443839964,80.30275321559732,0.06586883482691604,-0.07295158582642453,0.9990297605860463,0.049846912967041135
3.400232856537359,-3.5427026382571216,-2.818079443839964,80.35273903362463,0.07332606653584932,-0.0753543901397885,0.9989337152559022,0.050039174035191536
3.400232856537359,-3.5427026382571216,-2.818079443839964,80.40271973760493,0.08088348777429077,-0.07751575199840247,0.9988418970789555,0.05003865389153361
3.400232856537359,-3.5427026382571216,-2.818079443839964,80.45266417759547,0.08842754748874776,-0.07972986644338927,0.9987495542271443,0.050006970996037126
3.384355318203501,-3.5478955864265425,-2.83187332242742,80.50259649877474,0.06309001545961501,-0.07383571368901926,0.999022234653616,0.049981191055849195
3.384355318203501,-3.5478955864265425,-2.83187332242742,80.55254046481109,0.07051668181591644,-0.07623060740402839,0.9989274873074163,0.04999758908525109
3.384355318203501,-3.5478955864265425,-2.83187332242742,80.60245869334736,0.07803925111733903,-0.07840315408065628,0.9988360239883107,0.049976399866864085
3.384355318203501,-3.5478955864265425,-2.83187332242742,80.65242455821812,0.08554695626077681,-0.0806260108516491,0.998743996787931,0.05002870108000934
3.3701123289725943,-3.552275388323482,-2.8435664435579864,80.702349209352,0.06372064055611008,-0.07589633416189911,0.9989306334482971,0.049978096038103104
3.3701123289725943,-3.552275388323482,-2.8435664435579864,80.75234151546351,0.07114873781440856,-0.07806181415180641,0.9988364585571936,0.050050541991367936
3.3701123289725943,-3.552275388323482,-2.8435664435579864,80.80220567261259,0.07865323776806862,-0.08029475681053051,0.9987930821880723,0.049924411810934544
3.3701123289725943,-3.552275388323482,-2.8435664435579864,80.85221332772309,0.08612482239980868,-0.0825618206496978,0.9987013853330353,0.05007268022745848
3.3552961563119132,-3.5561088601124693,-2.857339681643463,80.90207731447649,0.06374989517945137,-0.07514366865859393,0.9989163227264264,0.049918081844225526
3.3552961563119132,-3.5561088601124693,-2.857339681643463,80.95200127939623,0.07114193982475563,-0.07731765468693871,0.99882227169111,0.04998283111490309
3.3552961563119132,-3.5561088601124693,-2.857339681643463,81.00198165043668,0.07862309322261349,-0.07948688345092735,0.9987303581967959,0.05004390887916088
3.3552961563119132,-3.5561088601124693,-2.857339681643463,81.05191817569289,0.08610309183149148,-0.08170733993482204,0.9986375732270871,0.05000465293414891
3.3391740131023897,-3.5612000237108425,-2.8705425009103265,81.1018169993079,0.06012533200882508,-0.07765247532993001,0.99889415392795,0.0499540651217103
3.3391740131023897,-3.5612000237108425,-2.8705425009103265,81.15175043690945,0.06749754137608062,-0.07960935446335385,0.998802989384376,0.04999328008852899
3.3391740131023897,-3.5612000237108425,-2.8705425009103265,81.20170382281968,0.07496101783994327,-0.08180696914296995,0.9987112385932579,0.050017846981063485
3.3391740131023897,-3.5612000237108425,-2.8705425009103265,81.25162051869931,0.08241825084731709,-0.08405040937276399,0.9986188472261668,0.049985733814537525
3.3391740131023897,-3.5612000237108425,-2.8705425009103265,81.30156658970286,0.08985941435018752,-0.08634058460864937,0.9985260230735864,0.05001979903317988
3.320392572941105,-3.565099804211446,-2.8883473239998136,81.35149694267508,0.060079361397491156,-0.07493599412397729,0.9988297376138346,0.049988853046670556
3.320392572941105,-3.565099804211446,-2.8883473239998136,81.40143087098193,0.0674720412237012,-0.07698107003969794,0.9987856163059742,0.04999464098364115
3.320392572941105,-3.565099804211446,-2.8883473239998136,81.45145483071882,0.07493676343351238,-0.07913877510984382,0.9986949645812061,0.050089328084141016
3.3066841728710914,-3.568483620656268,-2.9017978355611627,81.50136851141741,0.05468598093140521,-0.07334514251011452,0.9988734393649025,0.04996997490525246
3.3066841728710914,-3.568483620656268,-2.9017978355611627,81.55134602128318,0.06209171598955953,-0.07512577795408185,0.9987842265338484,0.05003834515810013
3.3066841728710914,-3.568483620656268,-2.9017978355611627,81.6012518543953,0.06957849273110686,-0.07718973050072873,0.9986933081964892,0.049971129978075624
3.3066841728710914,-3.568483620656268,-2.9017978355611627,81.6511900202546,0.07704671211895316,-0.07929286956600498,0.9986019855874737,0.050008077872917056
3.2932049136822314,-3.5715985101825596,-2.915690472076164,81.70111078229847,0.05738575323165963,-0.07308744377688017,0.9988274948907515,0.04997936310246587
3.2932049136822314,-3.5715985101825596,-2.915690472076164,81.75106739786806,0.06482697823331514,-0.07475936394428218,0.9987409452030169,0.050019592978060246
3.2932049136822314,-3.5715985101825596,-2.915690472076164,81.80104046093905,0.07232127191585064,-0.07682284051377657,0.9986508985246658,0.05004057288169861
3.2932049136822314,-3.5715985101825596,-2.915690472076164,81.85092841128571,0.07981087518403764,-0.07892460492778902,0.9985604504458125,0.04995987005531788
3.2781535648662423,-3.57302747887169,-2.9308789787836043,81.90084969319848,0.05833931903472685,-0.06699345447434696,0.9985022819680236,0.04999616206623614
3.2781535648662423,-3.57302747887169,-2.9308789787836043,81.95076073198398,0.0658169931925146,-0.06870885884962051,0.9984139083211916,0.0499903280287981
3.2781535648662423,-3.57302747887169,-2.9308789787836043,82.00061286395386,0.07334927446480134,-0.07069099603194956,0.9983806321210782,0.04993299185298383
3.2781535648662423,-3.57302747887169,-2.9308789787836043,82.05057407582618,0.08086204711139024,-0.07270768395317696,0.9982977162081113,0.050046405056491494
3.2630129510842845,-3.5753572059956054,-2.9421931842585005,82.10040234076652,0.05836943248629778,-0.06598318011336016,0.9985115570226487,0.049902542028576136
3.2630129510842845,-3.5753572059956054,-2.9421931842585005,82.15044291059732,0.06584246586668553,-0.06756200608406521,0.9984307188874892,0.05011922097764909
3.2630129510842845,-3.5753572059956054,-2.9421931842585005,82.20040557866669,0.07340683546728785,-0.06947275502110915,0.9983240403788035,0.050046544056385756
3.2630129510842845,-3.5753572059956054,-2.9421931842585005,82.25054488219352,0.08095672596187829,-0.07142103828572288,0.9982463083272143,0.05022738687694073
3.2630129510842845,-3.5753572059956054,-2.9421931842585005,82.30018532829223,0.08856620292707326,-0.07348597765263724,0.998217885444626,0.04972906899638474
3.247711235267433,-3.576743092100564,-2.954345417367929,82.35010739679944,0.06632805417237692,-0.06390624952650664,0.9984668901760165,0.04999872203916311
3.247711235267433,-3.576743092100564,-2.954345417367929,82.4000342534496,0.07389917583325914,-0.06548206068687208,0.9983912658825087,0.05000730510801077
3.247711235267433,-3.576743092100564,-2.954345417367929,82.44993958433747,0.08150321042979042,-0.06738225256858639,0.9983164252560152,0.04998949193395674
3.247711235267433,-3.576743092100564,-2.954345417367929,82.49987598364967,0.0891008434274848,-0.06931805629300739,0.9982434605127326,0.050024268915876746
3.2310737962695013,-3.580232221478401,-2.9656201527137904,82.54975547882908,0.06297458466299809,-0.06552034547334581,0.9984590219419569,0.04995647701434791
3.2310737962695013,-3.580232221478401,-2.9656201527137904,82.59969968914766,0.07060613191791171,-0.0668181993100862,0.998440615471598,0.0500222141854465
3.2310737962695013,-3.580232221478401,-2.9656201527137904,82.64968616078141,0.07830931617051112,-0.06874362885039535,0.9983680193187612,0.050068181939423084
3.2310737962695013,-3.580232221478401,-2.9656201527137904,82.69958083435853,0.08609804361338048,-0.07075298970640613,0.9993814131105158,0.04992555687204003
3.216246559735107,-3.5820378843181233,-2.9782324203246255,82.74948717165667,0.06453130583780442,-0.06283341781125555,0.9995181127653967,0.04993039811961353
3.216246559735107,-3.5820378843181233,-2.9782324203246255,82.79950554753164,0.07227116183393732,-0.06403896624447604,0.9993589032979594,0.05005046306177974
3.216246559735107,-3.5820378843181233,-2.9782324203246255,82.84945753174297,0.08001890769499936,-0.0658472868059327,0.9991878061645508,0.04999258788302541
3.216246559735107,-3.5820378843181233,-2.9782324203246255,82.8993724180793,0.0880031543535714,-0.06774988734588787,0.9990628067080182,0.049961710115894675
3.2009640281513314,-3.584168867428613,-2.9885885794426006,82.94930226260266,0.0653813734533741,-0.06230284362761452,0.9982455323253349,0.05001759878359735
3.2009640281513314,-3.584168867428613,-2.9885885794426006,82.99906609587234,0.07313350932635297,-0.06319416751964106,0.9953581616298407,0.04999590618535876
3.2009640281513314,-3.584168867428613,-2.9885885794426006,83.0488908047427,0.0808465027195755,-0.0648537209522108,0.9924705431713821,0.050202707992866635
3.2009640281513314,-3.584168867428613,-2.9885885794426006,83.09825322995594,0.08856334129714032,-0.06654200255172918,0.989579421851575,0.049882226856425405
3.1874331685383117,-3.5861332154624814,-2.998214810900762,83.14754870285128,0.0691733749041378,-0.06191447469535331,0.9869570917682088,0.049946926068514585
3.1874331685383117,-3.5861332154624814,-2.998214810900762,83.19680075660716,0.07740854793117588,-0.06272142593885797,0.9841158104068221,0.05004700995050371
3.1874331685383117,-3.5861332154624814,-2.998214810900762,83.24577495846894,0.08554562807957376,-0.06437624569766136,0.9812488492325373,0.049910073168575764
3.1874331685383117,-3.5861332154624814,-2.998214810900762,83.29475613692341,0.09362972114202534,-0.06604959041985574,0.9783984991413265,0.05006260587833822
3.170827849370763,-3.5878719164095716,-3.008916538800541,83.34356940095243,0.06879119730993061,-0.05919313972889804,0.9758680631276238,0.05002035200595856
3.170827849370763,-3.5878719164095716,-3.008916538800541,83.39222552239221,0.07698842063527324,-0.059722031974213954,0.9730349922701463,0.05000449297949672
3.170827849370763,-3.5878719164095716,-3.008916538800541,83.4407371368401,0.0850644321655262,-0.061271213544572115,0.9702038209955364,0.05000146711245179
3.170827849370763,-3.5878719164095716,-3.008916538800541,83.48904803541791,0.09310848249126773,-0.06283659957592508,0.9673814635032523,0.049939863849431276
3.156775891219192,-3.5897467509630245,-3.0191030624621407,83.53734080443704,0.07540174852813036,-0.05784667405513125,0.9648379764862477,0.05005272408016026
3.156775891219192,-3.5897467509630245,-3.0191030624621407,83.58544827772921,0.08473039279408037,-0.05832039877938246,0.9620170527633762,0.05000688205473125
3.156775891219192,-3.5897467509630245,-3.0191030624621407,83.63339740348992,0.09392767054259125,-0.05980498104307602,0.9591978184630043,0.04998877691105008
3.156775891219192,-3.5897467509630245,-3.0191030624621407,83.68118667320789,0.10308429059301487,-0.06130174799842681,0.9563975281759106,0.04996799794025719
3.1366102975718477,-3.591211003022456,-3.029264969704908,83.72888081096806,0.07228294652668785,-0.05351475136997321,0.9540288740012192,0.04999234201386571
3.1366102975718477,-3.591211003022456,-3.029264969704908,83.7764271002595,0.08158222218446982,-0.05355385632250556,0.9512424724732322,0.04998335405252874
3.1366102975718477,-3.591211003022456,-3.029264969704908,83.82397514610906,0.09069840716511872,-0.05490215710666294,0.9484573891116341,0.050131978932768106
3.1366102975718477,-3.591211003022456,-3.029264969704908,83.8711131840502,0.09980291244409027,-0.05626271444071586,0.9456728050262101,0.04984603310003877
3.119454329367327,-3.5927626776662467,-3.0374550456519236,83.91855193333913,0.07465966276782174,-0.05139880766725088,0.9432672286734021,0.05029195104725659
3.119454329367327,-3.5927626776662467,-3.0374550456519236,83.96534269876909,0.08388428899846721,-0.051435801319204826,0.9404965945487196,0.04975112690590322
3.119454329367327,-3.5927626776662467,-3.0374550456519236,84.01220007739154,0.09287227864505762,-0.05269883876244725,0.937756945744164,0.04996750899590552
3.119454329367327,-3.5927626776662467,-3.0374550456519236,84.0590446950026,0.10186113093630621,-0.053969416186054095,0.935013814832562,0.050100455060601234
3.096755036027371,-3.593936248212067,-3.049399272920464,84.1056127658825,0.06594283200572959,-0.04414692332077245,0.9327518508568711,0.04992546606808901
3.096755036027371,-3.593936248212067,-3.049399272920464,84.15221870832586,0.07510257312481973,-0.04399045841419555,0.9300345111076533,0.05011205701157451
3.096755036027371,-3.593936248212067,-3.049399272920464,84.19852517994923,0.08407777221562887,-0.0450740089914548,0.9273065952970996,0.049936527851969004
3.096755036027371,-3.593936248212067,-3.049399272920464,84.2446943022931,0.09298735324323752,-0.04616125240762553,0.924596792058196,0.04993433109484613
3.0817026288412483,-3.5940848598308066,-3.0561643851820945,84.29083724671675,0.07218671190564394,-0.03952012473763781,0.922214281762536,0.05003494885750115
3.0817026288412483,-3.5940848598308066,-3.0561643851820945,84.33678206368981,0.0812152103552027,-0.03963185850218552,0.9195186872931504,0.04996615904383361
3.0817026288412483,-3.5940848598308066,-3.0561643851820945,84.38275037583603,0.09007669988798424,-0.040604428573064566,0.9168301999833922,0.05013830494135618
3.0817026288412483,-3.5940848598308066,-3.0561643851820945,84.4283590264985,0.09893566521201953,-0.04158733166910222,0.9141406070213024,0.04989238013513386
3.063938040322009,-3.5938000571647315,-3.0647807926740436,84.4739616847213,0.07277916227565215,-0.03182925108932183,0.9118520663182774,0.050011026905849576
3.063938040322009,-3.5938000571647315,-3.0647807926740436,84.51943124026458,0.08171202637604491,-0.03199316263578873,0.9091885425393321,0.05001114006154239
3.063938040322009,-3.5938000571647315,-3.0647807926740436,84.56471483827168,0.09049619229311491,-0.032801197649298064,0.9065284124943929,0.04995276196859777
3.063938040322009,-3.5938000571647315,-3.0647807926740436,84.61000139502677,0.09924183997655059,-0.03361730819596827,0.9038882530745843,0.05010194191709161
3.0430889731914337,-3.594129385160525,-3.073435144309283,84.65504921240148,0.06665183761160182,-0.025141912792415528,0.9016696010810786,0.04996044817380607
3.0430889731914337,-3.594129385160525,-3.073435144309283,84.69998195173595,0.07542360859621901,-0.02537049576721385,0.899037039635691,0.049978740978986025
3.0430889731914337,-3.594129385160525,-3.073435144309283,84.74479824876272,0.08411589303317281,-0.02602599522312794,0.896408985998854,0.049995367880910635
3.0430889731914337,-3.594129385160525,-3.073435144309283,84.78950108185714,0.09278456481552735,-0.026690873406889318,0.893787860894275,0.05001503718085587
3.026051981757261,-3.5956054182983,-3.0783912963413873,84.83409074619732,0.06729176340196605,-0.025122655198740462,0.8915067230180584,0.05001607188023627
3.026051981757261,-3.5956054182983,-3.0783912963413873,84.87850824801126,0.07592978946555634,-0.02521133834532124,0.8889011003797712,0.049969003070145845
3.026051981757261,-3.5956054182983,-3.0783912963413873,84.92287828914272,0.0845279677246342,-0.02583614849808539,0.8863035634465324,0.050061900867149234
3.026051981757261,-3.5956054182983,-3.0783912963413873,84.96695628384875,0.0931144753484735,-0.026468922519150836,0.8837088962890759,0.04987841006368399
3.010775181819377,-3.5956546343233113,-3.0824654646902236,85.01108765737384,0.07128799836745703,-0.021960855314659564,0.8814400838872515,0.050067354924976826
3.010775181819377,-3.5956546343233113,-3.0824654646902236,85.05511519798213,0.07987571652203553,-0.022082665718216276,0.8788606726702582,0.050096155144274235
3.010775181819377,-3.5956546343233113,-3.0824654646902236,85.09885336750328,0.08840356725871384,-0.02263856216011465,0.8762861151167101,0.04991311486810446
3.010775181819377,-3.5956546343233113,-3.0824654646902236,85.14251845700583,0.09687327966178437,-0.023200179994377845,0.8737286033157446,0.04997557518072426
2.9915458145629934,-3.5959407413243163,-3.087556395777028,85.18610074339128,0.06704479171235712,-0.01807561183426503,0.871560457399332,0.0500048918183893
2.9915458145629934,-3.5959407413243163,-3.087556395777028,85.22960749425269,0.07551802217853268,-0.018202052393902175,0.8690131372076314,0.05006454908289015
2.9915458145629934,-3.5959407413243163,-3.087556395777028,85.27289642335329,0.08394989240406305,-0.01866970498371365,0.8664692280039191,0.04996014595963061
2.9915458145629934,-3.5959407413243163,-3.087556395777028,85.31607764990798,0.09233853830018363,-0.019143500954378122,0.8639381412166236,0.049981849966570735
2.9753202113372743,-3.596428911467477,-3.0905108645261787,85.35920176795126,0.06832050076983313,-0.0167047269107096,0.8617336673114193,0.05004344112239778
2.9753202113372743,-3.596428911467477,-3.0905108645261787,85.4021019515942,0.07669196108656307,-0.016816363414038037,0.8592128247674495,0.04992963606491685
2.9753202113372743,-3.596428911467477,-3.0905108645261787,85.4449259252701,0.08500988192605931,-0.01724540657027918,0.856713202616545,0.049986358964815736
2.9753202113372743,-3.596428911467477,-3.0905108645261787,85.48766711546806,0.09331101061440852,-0.0176808688200123,0.854209527365916,0.05003595585003495
2.960638426595741,-3.5953702532143366,-3.0911025581222416,85.53027637920638,0.07250215695489456,-0.012765071784772139,0.85200815808117,0.050010394072160125
2.960638426595741,-3.5953702532143366,-3.0911025581222416,85.57278148678024,0.08078825925357151,-0.012975094776383143,0.8495171246317323,0.05003443290479481
2.960638426595741,-3.5953702532143366,-3.0911025581222416,85.61512940962587,0.08903090800331429,-0.013343646533972194,0.8470319620971841,0.049995661014690995
2.960638426595741,-3.5953702532143366,-3.0911025581222416,85.65733185619828,0.09724237435418906,-0.013719771369886486,0.8445560181478269,0.04996997909620404
2.9413438526905105,-3.595803647691324,-3.0943476325462655,85.6994550459248,0.06691511708062418,-0.010470872491408599,0.8424696234053012,0.04999965406022966
2.9413438526905105,-3.595803647691324,-3.0943476325462655,85.74145907296565,0.07507806748224766,-0.01078773337109497,0.840006755782971,0.05000439193099737
2.9413438526905105,-3.595803647691324,-3.0943476325462655,85.78334146529905,0.08322551922600424,-0.011102863249763931,0.8375509934445079,0.050005781929939985
2.9413438526905105,-3.595803647691324,-3.0943476325462655,85.82510720799674,0.09134938728716786,-0.011425650373956103,0.8351023525215535,0.050012723077088594
2.9241974647857685,-3.5966328632045212,-3.094820168764303,85.86669492995453,0.06514170127532364,-0.011664716845388525,0.8329935854118043,0.04992562090046704
2.9241974647857685,-3.5966328632045212,-3.094820168764303,85.90824687749718,0.07320450644793718,-0.011831389115530295,0.830562139965406,0.05002870410680771
2.9241974647857685,-3.5966328632045212,-3.094820168764303,85.94963442612384,0.08126440197389309,-0.012157054933485767,0.8281328065573909,0.0499769460875541
2.9241974647857685,-3.5966328632045212,-3.094820168764303,85.99090885745949,0.08929185904004469,-0.012489159429971272,0.8257131216526649,0.049986405996605754
2.9241974647857685,-3.5966328632045212,-3.094820168764303,86.0320985246695,0.09729725196275271,-0.01282833749324452,0.8233000420612482,0.05002995883114636
2.9079708499764534,-3.596157543260619,-3.0963427986609546,86.07317869572455,0.07299658951673693,-0.008704150659740863,0.8212156085892345,0.050023612100631
2.9079708499764534,-3.596157543260619,-3.0963427986609546,86.11407437378804,0.08096927560514255,-0.008971085326656594,0.8188139462357011,0.04994501895271242
2.9079708499764534,-3.596157543260619,-3.0963427986609546,86.15492224299906,0.08890360828245375,-0.00924811138490642,0.8164229844516233,0.05003272811882198
2.8906359520657907,-3.595234792266541,-3.0991803373341376,86.19561890497623,0.06237304339737512,-0.0028168007233540177,0.8143922637189858,0.04997181799262762
2.8906359520657907,-3.595234792266541,-3.0991803373341376,86.23627894050271,0.0702313533628723,-0.003350993048043986,0.8120127685860087,0.05007314798422158
2.8906359520657907,-3.595234792266541,-3.0991803373341376,86.27669944715929,0.07812379485562262,-0.0035250225398002276,0.8096356492072552,0.04992431681603193
2.8906359520657907,-3.595234792266541,-3.0991803373341376,86.31712673757522,0.08596949383801197,-0.003707174528714909,0.8072726077379656,0.05007885815575719
2.872053645324218,-3.5967623552356462,-3.1007936851490197,86.35737604064552,0.05657358679649607,-0.004981230534784851,0.8052669556580953,0.04998255893588066
2.872053645324218,-3.5967623552356462,-3.1007936851490197,86.39751884303047,0.06437280210159976,-0.005401048853451759,0.8029134571025778,0.049996424932032824
2.872053645324218,-3.5967623552356462,-3.1007936851490197,86.43754376780768,0.07216396708884468,-0.005593500669529051,0.8005667009914823,0.04999574017710984
2.872053645324218,-3.5967623552356462,-3.1007936851490197,86.47745226988626,0.07993231362101552,-0.005793234641639441,0.7982268445324604,0.04999644192866981
2.872053645324218,-3.5967623552356462,-3.1007936851490197,86.51724266725518,0.08767797192127535,-0.005999450613134607,0.7958937926362577,0.049994606990367174
2.858411890458251,-3.597082720573082,-3.099245744031758,86.55694985157282,0.06813205006068351,-0.006677667394417491,0.7938327595624447,0.05001958389766514
2.858411890458251,-3.597082720573082,-3.099245744031758,86.59651591735712,0.07584602174400584,-0.006902469549159635,0.7915116403938103,0.04998797713778913
2.858411890458251,-3.597082720573082,-3.099245744031758,86.63599478270748,0.08352430019044402,-0.0071281229939301645,0.7891985395385323,0.05002399696968496
2.858411890458251,-3.597082720573082,-3.099245744031758,86.67529453875821,0.09118551052289658,-0.007360405443477732,0.7868905224049825,0.04994310508482158
2.84272298433804,-3.596903467791711,-3.1003961745432798,86.71453047178156,0.06752662661773792,-0.004465959361517801,0.7849030832115119,0.04998825187794864
2.84272298433804,-3.596903467791711,-3.1003961745432798,86.7536546399971,0.07513366670107265,-0.004806359373231406,0.7826092379887969,0.049991958076134324
2.84272298433804,-3.596903467791711,-3.1003961745432798,86.79271887372073,0.0827273257528029,-0.004994583135588118,0.7803219290194968,0.05006168899126351
2.84272298433804,-3.596903467791711,-3.1003961745432798,86.83156258693575,0.09030933557804652,-0.005190003339119233,0.7780381160154939,0.04992520599626005
2.828196374466615,-3.5978592737455553,-3.100044492349627,86.87046633085723,0.06875263197432033,-0.006748026258904752,0.7760471621543579,0.050130643881857395
2.828196374466615,-3.5978592737455553,-3.100044492349627,86.90912449284028,0.07630120023207146,-0.0069701076172062745,0.7737810722497458,0.04996007704176009
2.828196374466615,-3.5978592737455553,-3.100044492349627,86.94767553651687,0.08380344226048814,-0.007189598699980701,0.7715211888033988,0.04996757605113089
2.828196374466615,-3.5978592737455553,-3.100044492349627,86.98613970621973,0.09128479621403716,-0.007414980998367102,0.7692675171145447,0.0500010319519788
2.810943354306616,-3.5982991762925485,-3.1016411104203723,87.02449740243307,0.06427434930028048,-0.005862646234677858,0.7673564750446906,0.04998680204153061
2.810943354306616,-3.5982991762925485,-3.1016411104203723,87.06275072698932,0.07171308473286181,-0.00611017332836253,0.7651139901908525,0.049996895948424935
2.810943354306616,-3.5982991762925485,-3.1016411104203723,87.10087917113691,0.07913745363363471,-0.0063069552457708285,0.7628777408417816,0.04997975705191493
2.810943354306616,-3.5982991762925485,-3.1016411104203723,87.13889661850682,0.08653759986424191,-0.006509128071836479,0.760648795134183,0.049980290001258254
2.792178106434196,-3.5983690122664793,-3.1039292381669426,87.17698347868395,0.056461165845782285,-0.0033117192716557047,0.7587955975597422,0.05019383388571441
2.792178106434196,-3.5983690122664793,-3.1039292381669426,87.21470513483584,0.06384011685545812,-0.0036613246793380395,0.7565687198285483,0.04985886299982667
2.792178106434196,-3.5983690122664793,-3.1039292381669426,87.2524322720072,0.07116281461007196,-0.0038070934286930707,0.7543636120566056,0.050011873012408614
2.792178106434196,-3.5983690122664793,-3.1039292381669426,87.29008303986288,0.07848658355843371,-0.003959441813632234,0.7521581067978578,0.050056986045092344
2.775871893122641,-3.5986346714564346,-3.1034628775576887,87.3275590094187,0.05321351630467405,-0.0034913710412485064,0.7502751564604029,0.049949634121730924
2.775871893122641,-3.5986346714564346,-3.1034628775576887,87.36504812589172,0.060490857061949864,-0.0037456337767513104,0.7480845384112729,0.05011347588151693
2.775871893122641,-3.5986346714564346,-3.1034628775576887,87.40225210570217,0.06776829274415225,-0.0038928459194284503,0.7458928914391322,0.0498784480150789
2.775871893122641,-3.5986346714564346,-3.1034628775576887,87.43942653115063,0.07499037365333046,-0.004044758355042411,0.7437179768894379,0.04998457292094827
2.76074700285964,-3.598628113674331,-3.1048215556524923,87.47662159364751,0.052013796969898995,-0.001711644771786772,0.7418420596406418,0.05013878899626434
2.76074700285964,-3.598628113674331,-3.1048215556524923,87.51352173182205,0.05922295913219512,-0.002046367547834505,0.7396755513683259,0.04988692421466112
2.76074700285964,-3.598628113674331,-3.1048215556524923,87.55038561722172,0.06638706195835346,-0.00216022715290296,0.7375185231045898,0.04998367396183312
2.76074700285964,-3.598628113674331,-3.1048215556524923,87.58717501076839,0.07354401994220917,-0.002280527094850166,0.7353635511195974,0.050028851022943854
2.745471002786992,-3.598730420393602,-3.106077099998194,87.62411187096065,0.050176335444327064,-0.0003189038996207899,0.7335124405100598,0.05035614687949419
2.745471002786992,-3.598730420393602,-3.106077099998194,87.66040915823815,0.05733357819454257,-0.0006945189535184034,0.7313529002483512,0.049630332039669156
2.745471002786992,-3.598730420393602,-3.106077099998194,87.69687011159871,0.0643814604367007,-0.0007804689215304353,0.7292311587879716,0.04999917093664408
2.745471002786992,-3.598730420393602,-3.106077099998194,87.73321532024069,0.07146084642290118,-0.0008743156336879441,0.727099689826543,0.04998655500821769
2.733500009924573,-3.598370264757037,-3.1044786022284683,87.76947439821646,0.054636900712950257,0.00022361066898520952,0.7252102466535549,0.04999802215024829
2.733500009924573,-3.598370264757037,-3.1044786022284683,87.80585034039586,0.06168551549895594,-8.298829470134133e-05,0.7230915159861042,0.05030613881535828
2.733500009924573,-3.598370264757037,-3.1044786022284683,87.84229779129203,0.0687485246837188,-0.00017039450602441053,0.7209649088050331,0.05055370996706188
2.733500009924573,-3.598370264757037,-3.1044786022284683,87.87766829864313,0.07582526111047727,-0.00026443138190055656,0.7188341464333783,0.04920538002625108
2.7219795552932635,-3.5984643481337617,-3.102790180739995,87.91354393475646,0.059677666347253785,-0.0005025141397143806,0.7169910686463521,0.0500363779719919
2.7219795552932635,-3.5984643481337617,-3.102790180739995,87.94929493609388,0.06665633223796577,-0.0008081833623336277,0.7148943901350857,0.050008787075057626
2.7219795552932635,-3.5984643481337617,-3.102790180739995,87.98506994802129,0.07359744467179735,-0.0009135984596758324,0.7128042836804467,0.050189109053462744
2.7219795552932635,-3.5984643481337617,-3.102790180739995,88.02039990606276,0.08054307774097462,-0.001025930803687912,0.7107127538863086,0.049710600869730115
2.708845038374606,-3.5992442266542928,-3.1046068447698056,88.05604901583466,0.061111130291254444,-0.0007547147058972682,0.7089021914471283,0.05028776917606592
2.708845038374606,-3.5992442266542928,-3.1046068447698056,88.09117003832174,0.06801985822793027,-0.0011072226171908832,0.7068254583781428,0.04968839487992227
2.708845038374606,-3.5992442266542928,-3.1046068447698056,88.12643734312266,0.07483893266334359,-0.001207804400997588,0.7047724538032546,0.050040696980431676
2.708845038374606,-3.5992442266542928,-3.1046068447698056,88.16157695248478,0.0816861734203869,-0.0013157647176951527,0.7027107435104741,0.05000579496845603
2.6916260428057077,-3.5992202363115218,-3.1046123537157713,88.19664938776164,0.054125628747171056,0.00047792748505574053,0.7009941079678419,0.050032425206154585
2.6916260428057077,-3.5992202363115218,-3.1046123537157713,88.2315647196386,0.0609286285201999,5.9266277665014284e-05,0.698944062453526,0.04995440086349845
2.6916260428057077,-3.5992202363115218,-3.1046123537157713,88.26642214421074,0.06770825422391692,-2.0826012231005685e-05,0.6969029162374741,0.05001761903986335
2.6916260428057077,-3.5992202363115218,-3.1046123537157713,88.30115246308881,0.07447632456828289,-0.00010716846759083656,0.6948651599366342,0.04998137895017862
2.6764719301522355,-3.6003101339158334,-3.1054594685879517,88.33583593668445,0.05087147967373395,-0.0011927537639922503,0.6931271947604158,0.05003911815583706
2.6764719301522355,-3.6003101339158334,-3.1054594685879517,88.37047389832354,0.05760109941724808,-0.0015064529905089545,0.6910993934548917,0.05012008687481284
2.6764719301522355,-3.6003101339158334,-3.1054594685879517,88.40481478010467,0.06432626320071574,-0.0016039900624932868,0.6890744793799927,0.049836240941658616
2.6764719301522355,-3.6003101339158334,-3.1054594685879517,88.43917223505925,0.07099366025531685,-0.0017053795747211935,0.687066992120991,0.05000597517937422
2.662258275433679,-3.601066320994737,-3.106292285475901,88.47372274745689,0.04921987029438384,-0.002009480212106509,0.6853338906397782,0.050414130790159106
2.662258275433679,-3.601066320994737,-3.106292285475901,88.50763416181331,0.05592337168830442,-0.0022298023171107777,0.6833139180865664,0.04962787008844316
2.662258275433679,-3.601066320994737,-3.106292285475901,88.54183457263503,0.06250738718826285,-0.002331632875483298,0.6813324324315341,0.050196364056319
2.662258275433679,-3.601066320994737,-3.106292285475901,88.57693255268613,0.06914739918313596,-0.002439475254621006,0.6793330169572178,0.05166535289026797
2.662258275433679,-3.601066320994737,-3.106292285475901,88.61117999200997,0.07596240904124689,-0.0025553318194269643,0.6772888788770343,0.050565483048558235
2.662258275433679,-3.601066320994737,-3.106292285475901,88.6439610376794,0.08261153406053431,-0.0026700520187758784,0.6752870956194434,0.04854386509396136
2.662258275433679,-3.601066320994737,-3.106292285475901,88.67711813598719,0.08897594990974145,-0.0027832828880375066,0.6733711612323875,0.049240448977798223
2.6489687521247083,-3.6006090609487247,-3.105282799543218,88.71055062778665,0.06891111028570848,-0.0008466777229602567,0.6716942238633145,0.04977337992750108
2.6489687521247083,-3.6006090609487247,-3.105282799543218,88.74406377516436,0.07540476629007135,-0.0010534246512156518,0.6697401090468789,0.05003903293982148
2.6489687521247083,-3.6006090609487247,-3.105282799543218,88.77782496734679,0.08191154866241974,-0.001150605415197177,0.6677809286756519,0.050557287177070975
2.633500197075424,-3.6003904119888603,-3.1050074858076973,88.81179897592406,0.05759279410510953,0.0008487479015091735,0.6661109935045465,0.051003524800762534
2.633500197075424,-3.6003904119888603,-3.1050074858076973,88.8439721408823,0.0641838898092495,0.0005005417998700415,0.6641251069698942,0.04844443406909704
2.633500197075424,-3.6003904119888603,-3.1050074858076973,88.87749609575516,0.07043124059474201,0.00043627690981106696,0.6622446152086219,0.05062171001918614
2.633500197075424,-3.6003904119888603,-3.1050074858076973,88.91015707860434,0.07694049218281615,0.0003569916767705329,0.6602844618113111,0.04946501809172332
2.6213414393679857,-3.6002971707152263,-3.1043403188962615,88.94317029025996,0.05900604554925716,0.0014309233580611597,0.6586135641261083,0.05012531392276287
2.6213414393679857,-3.6002971707152263,-3.1043403188962615,88.97599128864967,0.06541580686822716,0.0011073139054669,0.6566839026080452,0.049979903968051076
2.6213414393679857,-3.6002971707152263,-3.1043403188962615,89.00853839597413,0.07178904769980973,0.0010432601152298665,0.654765097616712,0.04970806697383523
2.6213414393679857,-3.6002971707152263,-3.1043403188962615,89.04121656877409,0.07810879588333701,0.0009746769386601076,0.6528623473342076,0.0500536949839443
2.6072552238006903,-3.600103146240068,-3.1028985934273274,89.07374369149592,0.056336409871760994,0.0021024207628283255,0.651235838018614,0.0499467640183866
2.6072552238006903,-3.600103146240068,-3.1028985934273274,89.10621476572364,0.06265701326468678,0.0017024380458689336,0.6493353053861998,0.05000663595274091
2.6072552238006903,-3.600103146240068,-3.1028985934273274,89.13893300219884,0.06896249265220765,0.001643701925145546,0.6474369321448955,0.050535017158836126
2.6072552238006903,-3.600103146240068,-3.1028985934273274,89.17094839576254,0.07531548812641144,0.0015775877516205391,0.6455240816354139,0.04959597089327872
2.5943724471438325,-3.6007752852775514,-3.10181305091362,89.20309947907644,0.055752652067696265,0.0003306529507045002,0.6439013510629983,0.04993169102817774
2.5943724471438325,-3.6007752852775514,-3.10181305091362,89.23518272057372,0.062005907994698906,-5.8748419271227505e-06,0.6420221910376548,0.04997216910123825
2.5943724471438325,-3.6007752852775514,-3.10181305091362,89.26726453686663,0.06823519230960652,-9.050202400090847e-05,0.6401464762077878,0.05011636787094176
2.5943724471438325,-3.6007752852775514,-3.10181305091362,89.29912919558187,0.07446393152854591,-0.0001807377631304378,0.6382708516027792,0.049923412036150694
2.5943724471438325,-3.6007752852775514,-3.10181305091362,89.33096502940076,0.08065047822504451,-0.0002744191340336295,0.6364079674135679,0.05002425401471555
2.581373472815636,-3.600301500307488,-3.102313303583723,89.36277149369705,0.06091530229537938,0.002880484942963793,0.634804678061714,0.050104331923648715
2.581373472815636,-3.600301500307488,-3.102313303583723,89.3945042220336,0.06706682462726006,0.002439338748041231,0.6329451091216225,0.050135039957240224
2.581373472815636,-3.600301500307488,-3.102313303583723,89.42584398080919,0.07322944322900157,0.002387325307672922,0.6310897920267807,0.04965974600054324
2.565286029885524,-3.600334628986106,-3.1032233721243747,89.45732005048278,0.04718174765649402,0.004681323630021727,0.629573811350785,0.0499958370346576
2.565286029885524,-3.600334628986106,-3.1032233721243747,89.48869589958142,0.05326555673785826,0.004022978139782832,0.6277331600113731,0.04998278105631471
2.565286029885524,-3.600334628986106,-3.1032233721243747,89.5199760451953,0.059361427929043364,0.00400591048760859,0.6259062373481898,0.04997576912865043
2.565286029885524,-3.600334628986106,-3.1032233721243747,89.55123402690421,0.06543594564185248,0.00398353161026648,0.6240775344869699,0.05008669593371451
2.551817001178753,-3.5999293896837643,-3.1037951330073845,89.5823241232822,0.04462707652321686,0.007012287506617043,0.6225168252379192,0.04994258005172014
2.551817001178753,-3.5999293896837643,-3.1037951330073845,89.61334639130042,0.050623460489723895,0.006357976968384333,0.6206991763786974,0.049979554023593664
2.551817001178753,-3.5999293896837643,-3.1037951330073845,89.64431030314917,0.05665141580994776,0.006378642193345188,0.6188853456808673,0.05003174184821546
2.551817001178753,-3.5999293896837643,-3.1037951330073845,89.67522116286636,0.0626651884474742,0.006392577823382146,0.6170750631792324,0.05009254394099116
2.5401058598993,-3.599804461170606,-3.1036297555567685,89.7059511813377,0.045277858753096735,0.008001201467964517,0.6154982694383357,0.04992705909535289
2.5401058598993,-3.599804461170606,-3.1036297555567685,89.73662264502008,0.05122631728249936,0.0073890579067146965,0.6137021875883037,0.04997776495292783
2.5401058598993,-3.599804461170606,-3.1036297555567685,89.76718214286089,0.05718661176647696,0.007423285175658162,0.6119088028328257,0.04994126199744642
2.5401058598993,-3.599804461170606,-3.1036297555567685,89.79770473504095,0.06312209776333787,0.007450954529346805,0.6101221217205879,0.050027020974084735
2.529112022065887,-3.600663510122254,-3.1020974663781153,89.82813032828787,0.04704392288356973,0.005351239513458622,0.6085482075157779,0.04999701399356127
2.529112022065887,-3.600663510122254,-3.1020974663781153,89.85844956626046,0.05298702129980232,0.004863193807685192,0.6067705916329966,0.04996820609085262
2.529112022065887,-3.600663510122254,-3.1020974663781153,89.88872717132013,0.05887679217881884,0.00485678197364997,0.604997814174519,0.05004580901004374
2.529112022065887,-3.600663510122254,-3.1020974663781153,89.91893600355871,0.06475750406924706,0.004843046002086209,0.603234994937588,0.050078050000593066
2.517488701576176,-3.600600300159555,-3.1012647777616755,89.94900841329651,0.04741108220291658,0.005890961015594359,0.6016970563118635,0.04997932002879679
2.517488701576176,-3.600600300159555,-3.1012647777616755,89.97898215410551,0.0532469376284206,0.005351514701907338,0.5999398416826525,0.04996124398894608
2.517488701576176,-3.600600300159555,-3.1012647777616755,90.00890332216731,0.05907005617637191,0.00534936658943841,0.5981872817287688,0.05001973290927708
2.517488701576176,-3.600600300159555,-3.1012647777616755,90.03872884866547,0.06488090454983819,0.005340525058797062,0.5964378953560704,0.050006089033558965
2.504517102207456,-3.600661069680155,-3.1019959716143006,90.06846596416091,0.04475533041519622,0.007166670801162595,0.5949491981069139,0.04998261295258999
2.504517102207456,-3.600661069680155,-3.1019959716143006,90.09809288417574,0.05049931475364062,0.006480421401681738,0.5932101977987406,0.049943376099690795
2.504517102207456,-3.600661069680155,-3.1019959716143006,90.12770035786707,0.056256759926449615,0.006498788189328574,0.5914778522902424,0.05005677486769855
2.504517102207456,-3.600661069680155,-3.1019959716143006,90.15718462165218,0.062007013370463784,0.006510211741898451,0.5897467740577915,0.049994786037132144
2.4931776462995123,-3.6003967953590497,-3.1018266639167233,90.18661142326745,0.045094407916154,0.008547940071534503,0.5882470365936963,0.0500245641451329
2.4931776462995123,-3.6003967953590497,-3.1018266639167233,90.2159428819924,0.050781061690561985,0.007902557702343499,0.5865270614768187,0.050008704885840416
2.4931776462995123,-3.6003967953590497,-3.1018266639167233,90.24517874020317,0.056481776481944586,0.007939910563562727,0.5848119025587664,0.049991900101304054
2.4931776462995123,-3.6003967953590497,-3.1018266639167233,90.27435852351431,0.06216022503242381,0.007970408512393355,0.5831025024739308,0.05004228791221976
2.4821866106431973,-3.6011572342379865,-3.0999750279671794,90.30340323863385,0.04583328019384066,0.006041714608782912,0.5816145614730652,0.04993808106519282
2.4821866106431973,-3.6011572342379865,-3.0999750279671794,90.33239415198098,0.05151366310376869,0.0054961571066982715,0.5799182210311153,0.049991382053121924
2.4821866106431973,-3.6011572342379865,-3.0999750279671794,90.3613194880967,0.05714615383745561,0.005494734194038058,0.5782230577888591,0.05002452898770571
2.4821866106431973,-3.6011572342379865,-3.0999750279671794,90.39013199084616,0.0627635922944945,0.005486784336529398,0.57653185248116,0.049975560978055
2.471011094724372,-3.602009913885738,-3.0979350741178533,90.41887495135299,0.04598308412409381,0.0031982836864705446,0.575060987251316,0.049982456024736166
2.471011094724372,-3.602009913885738,-3.0979350741178533,90.4475391913563,0.051599822730127934,0.00273725629041606,0.5733820362539831,0.04999152082018554
2.471011094724372,-3.602009913885738,-3.0979350741178533,90.4761429617485,0.057166834294922114,0.002692992512116657,0.5717059692989328,0.05003231018781662
2.471011094724372,-3.602009913885738,-3.0979350741178533,90.5046302672252,0.06272083961991859,0.002642641260719999,0.5700335089473855,0.04997479100711644
2.45812888477837,-3.602482815828481,-3.097425715114144,90.53305514722193,0.04248920207946001,0.0025765211281657857,0.5686184095617037,0.04998937691561878
2.45812888477837,-3.602482815828481,-3.097425715114144,90.5613937289625,0.048011523089116236,0.002059668439214428,0.5669568926539064,0.04998366208747029
2.45812888477837,-3.602482815828481,-3.097425715114144,90.58967378827667,0.053515204812361335,0.0020080471282028097,0.5652998253499605,0.05002665496431291
2.45812888477837,-3.602482815828481,-3.097425715114144,90.61789790054343,0.05900610766719848,0.0019505494461535464,0.5636462467304001,0.0500741598661989
2.4466180644892135,-3.602160142230812,-3.09577031174766,90.6459506965616,0.041529861362736176,0.0033616795105641402,0.5622235682511516,0.04989615804515779
2.4466180644892135,-3.602160142230812,-3.09577031174766,90.67404607468372,0.046976561142431136,0.0028586111887576775,0.5605919997584672,0.050117336912080646
2.4466180644892135,-3.602160142230812,-3.09577031174766,90.70197768741275,0.052433264434930626,0.002814466129676388,0.5589490992747737,0.049971657106652856
2.4466180644892135,-3.602160142230812,-3.09577031174766,90.72979101271807,0.05785667583233609,0.0027645024173606624,0.5573159102411758,0.04990585194900632
2.434088630338203,-3.6014407537449142,-3.096752610887343,90.75762603931861,0.03829976261039057,0.0070448605788894815,0.5559423161856235,0.05006819195114076
2.434088630338203,-3.6014407537449142,-3.096752610887343,90.78531390953755,0.043629407378724325,0.006277156029543665,0.5543140452320056,0.04994979011826217
2.434088630338203,-3.6014407537449142,-3.096752610887343,90.81296521570074,0.049011231076062506,0.006286066964705757,0.5526948481889054,0.05002996907569468
2.434088630338203,-3.6014407537449142,-3.096752610887343,90.84055087954681,0.05438142039348077,0.006287433411264366,0.5510779627206289,0.05005764286033809
2.434088630338203,-3.6014407537449142,-3.096752610887343,90.86799913955817,0.05973888525846906,0.006284023995595786,0.5494649159555308,0.04995452705770731
2.434088630338203,-3.6014407537449142,-3.096752610887343,90.89536139650032,0.0650696428735276,0.006276070935019955,0.5478599145458591,0.04994389298371971
2.4177639201073955,-3.6011804409725188,-3.0956289057042072,90.92273142031976,0.037796642349240586,0.008622564255557729,0.5465827996018803,0.05007479898631573
2.4177639201073955,-3.6011804409725188,-3.0956289057042072,90.94994233099276,0.04308294633063093,0.0075298825077421885,0.5449851823396863,0.049929633969441056
2.4177639201073955,-3.6011804409725188,-3.0956289057042072,90.97713413184123,0.04837511317363292,0.007555430373750327,0.5433936059325934,0.05004070815630257
2.4177639201073955,-3.6011804409725188,-3.0956289057042072,91.0042026342367,0.05365719013315121,0.007569501902213168,0.5418106923397714,0.04995933594182134
2.4177639201073955,-3.6011804409725188,-3.0956289057042072,91.03128184946355,0.05891468110506502,0.007581394712108609,0.5402278802360253,0.05012554186396301
2.4071843193548625,-3.6012003295812676,-3.0933700407771316,91.05819790306607,0.04304540983595125,0.0077302399228397125,0.5388515489048014,0.04995077708736062
2.4071843193548625,-3.6012003295812676,-3.0933700407771316,91.08504249711574,0.04829566330712077,0.007014716069993359,0.5372806895327878,0.0499638170003891
2.4071843193548625,-3.6012003295812676,-3.0933700407771316,91.11184187842773,0.05351397473092914,0.007020374637952067,0.535710610730726,0.050025854958221316
2.394742159670033,-3.6017641223594765,-3.092523150801016,91.13854596356143,0.03382783702789398,0.0067223933238946265,0.5343849116223869,0.04997163009829819
2.394742159670033,-3.6017641223594765,-3.092523150801016,91.16521957282563,0.03902687757268067,0.005859464766870453,0.5328246323128879,0.050060766050592065
2.394742159670033,-3.6017641223594765,-3.092523150801016,91.19176022832306,0.04421274514228448,0.0058573318023400905,0.5312644737031775,0.04995751986280084
2.394742159670033,-3.6017641223594765,-3.092523150801016,91.2182513110322,0.04936713195128509,0.005847843919684613,0.5297123631453152,0.0500103160738945
2.394742159670033,-3.6017641223594765,-3.092523150801016,91.24466429776109,0.054511885952084914,0.005832392571720431,0.5281631243831237,0.050009145867079496
2.394742159670033,-3.6017641223594765,-3.092523150801016,91.27103645987863,0.059641448671186925,0.005811675514899437,0.5266184517687104,0.05007831007242203
2.3794376549751592,-3.6033254058894766,-3.0898723225268387,91.29726496569666,0.034079414107433224,0.001977403152339677,0.5253725291327193,0.049923633923754096
2.3794376549751592,-3.6033254058894766,-3.0898723225268387,91.32344697617586,0.039234533716715585,0.0012152390132153515,0.5238415633736155,0.04998078104108572
2.3794376549751592,-3.6033254058894766,-3.0898723225268387,91.34956399755204,0.044320140264645314,0.0011440061530490111,0.5223102677978833,0.05000288714654744
2.3794376549751592,-3.6033254058894766,-3.0898723225268387,91.37562493845658,0.04939033500489035,0.0010652358081227635,0.5207829353392371,0.05004184879362583
2.3794376549751592,-3.6033254058894766,-3.0898723225268387,91.40155664485849,0.054449611556806804,0.000981216569877324,0.5192588775117765,0.049939842196181417
2.3794376549751592,-3.6033254058894766,-3.0898723225268387,91.42744928205823,0.059483759359986586,0.0008926100282161398,0.5177423930237055,0.05001065693795681
2.365929341114604,-3.6027619154682546,-3.0914020230289756,91.45334033785149,0.03761196808076531,0.005372664490577022,0.5165018981602193,0.050127706956118345
2.365929341114604,-3.6027619154682546,-3.0914020230289756,91.47908653510487,0.04255167532977035,0.004467017705253902,0.51498626859295,0.04999394901096821
2.365929341114604,-3.6027619154682546,-3.0914020230289756,91.50470352356606,0.04755708966312623,0.004439814564881985,0.5134803637712216,0.049888934940099716
2.365929341114604,-3.6027619154682546,-3.0914020230289756,91.53028469796034,0.05253167524262196,0.004405768753119155,0.5119822424750085,0.04996496415697038
2.365929341114604,-3.6027619154682546,-3.0914020230289756,91.55578839380591,0.05749931268964673,0.0043659799671770475,0.5104861856040095,0.049959619995206594
2.365929341114604,-3.6027619154682546,-3.0914020230289756,91.58127351652999,0.062452585199446735,0.004320341041067826,0.5090016618198441,0.05006883991882205
2.365929341114604,-3.6027619154682546,-3.0914020230289756,91.60663799713647,0.06740153299620394,0.004269995259490081,0.5075113042085636,0.04997815890237689
2.3495116080384046,-3.602585140432622,-3.0921404349180976,91.6319757469272,0.03956277092817924,0.007699636744949117,0.5063553382331848,0.05003946414217353
2.3495116080384046,-3.602585140432622,-3.0921404349180976,91.65720240320574,0.044408610291477,0.006448223393364415,0.5048731288852575,0.04996632784605026
2.3495116080384046,-3.602585140432622,-3.0921404349180976,91.68241183945217,0.04931802872900534,0.006447429708965117,0.5033974643529484,0.05007859203033149
2.3495116080384046,-3.602585140432622,-3.0921404349180976,91.7074862334827,0.054214303903697636,0.006437813132750611,0.5019231788178403,0.0499566369690001
2.339069864389896,-3.6033136034109448,-3.0904520530559116,91.73256773259054,0.03817732377706841,0.004934871580582259,0.5006567535036259,0.05009719519875944
2.339069864389896,-3.6033136034109448,-3.0904520530559116,91.75760259310643,0.0430883137097586,0.004207898139312347,0.4991922366600265,0.05015074089169502
2.339069864389896,-3.6033136034109448,-3.0904520530559116,91.78247489144643,0.047954621420071446,0.00417445658595558,0.49772789917997473,0.049971678061410785
2.339069864389896,-3.6033136034109448,-3.0904520530559116,91.8071849468608,0.052784729069700526,0.004134298844943409,0.49627329744731163,0.04979122499935329
2.339069864389896,-3.6033136034109448,-3.0904520530559116,91.83192869474176,0.057583325975930424,0.004089214148486702,0.494828176817771,0.05000472697429359
2.339069864389896,-3.6033136034109448,-3.0904520530559116,91.85656941707389,0.06238911113716225,0.004036454601824253,0.4933879707007945,0.0499418789986521
2.326047352163825,-3.603816210443872,-3.090490730280087,91.88123665266399,0.041128724800969525,0.00452825459156767,0.4922014155855457,0.05011614109389484
2.326047352163825,-3.603816210443872,-3.090490730280087,91.90572194279568,0.04590864152929084,0.003626137866659011,0.4907591495840829,0.04989268188364804
2.326047352163825,-3.603816210443872,-3.090490730280087,91.93024486626072,0.050669459125159126,0.0035830787522743,0.48932699949139513,0.05011561489664018
2.326047352163825,-3.603816210443872,-3.090490730280087,91.95456454196325,0.05543161695314014,0.0035311332213211048,0.48789282705374026,0.04984634811989963
2.315579746844944,-3.603593805368094,-3.0895139000330176,91.97894180054273,0.03927925213300924,0.005194896221316052,0.4866789711547417,0.050088990945369005
2.315579746844944,-3.603593805368094,-3.0895139000330176,92.00317831345576,0.04398996429268061,0.004417749053225088,0.4852546531746707,0.049945967039093375
2.315579746844944,-3.603593805368094,-3.0895139000330176,92.02738550819399,0.04870242362506997,0.004383660988454619,0.48383694897043256,0.05003171996213496
2.315579746844944,-3.603593805368094,-3.0895139000330176,92.05146839385895,0.05340368448774034,0.004341267620089938,0.48242116391451056,0.04992087301798165
2.315579746844944,-3.603593805368094,-3.0895139000330176,92.07552485117252,0.05808084896666195,0.004294513904824658,0.4810126648355847,0.05001210793852806
2.315579746844944,-3.603593805368094,-3.0895139000330176,92.09951283518899,0.06275283748208972,0.0042416841249076,0.47960567782955293,0.050016055116429925
2.3023871213513676,-3.6046143540290885,-3.088031054711012,92.12345586930171,0.04097986186618481,0.002395182543917786,0.47846185658494855,0.05004167789593339
2.3023871213513676,-3.6046143540290885,-3.088031054711012,92.14730972700731,0.0456671667825633,0.00153160136190683,0.4770637469080949,0.05000140517950058
2.3023871213513676,-3.6046143540290885,-3.088031054711012,92.17107108578642,0.050303772464145254,0.001455396811942107,0.4756684437659316,0.04995361599139869
2.3023871213513676,-3.6046143540290885,-3.088031054711012,92.19479559254398,0.05491745062896391,0.0013715797364554495,0.47427876047319606,0.05002228380180895
2.289759331383707,-3.604553692803058,-3.087549994595966,92.2184876332626,0.03433102982795888,0.0032002426742294863,0.4731422281578863,0.05007382412441075
2.289759331383707,-3.604553692803058,-3.087549994595966,92.24205362700826,0.038901190188649994,0.0022837030083203173,0.47175730831570506,0.049953637877479196
2.289759331383707,-3.604553692803058,-3.087549994595966,92.26559127143554,0.04348364119636353,0.0022219402789731314,0.47037872882333576,0.05003977217711508
2.289759331383707,-3.604553692803058,-3.087549994595966,92.28902594149994,0.04805437702548017,0.0021519230878877284,0.469002033838848,0.04996709688566625
2.289759331383707,-3.604553692803058,-3.087549994595966,92.31241023690052,0.052605153553149216,0.0020772646468467135,0.4676313723059523,0.050005831057205796
2.289759331383707,-3.604553692803058,-3.087549994595966,92.33570840493798,0.05714610672810717,0.0019967916331615886,0.4662636342106746,0.049967800034210086
2.27639279452368,-3.604995354152701,-3.0881747473979533,92.35898779614588,0.03494858296772199,0.003096483952023109,0.4651706507434301,0.05004484090022743
2.27639279452368,-3.604995354152701,-3.0881747473979533,92.38217364688599,0.039442193211321905,0.0020723799344521524,0.4638087833353064,0.049990107072517276
2.27639279452368,-3.604995354152701,-3.0881747473979533,92.40529524221793,0.043952527520281066,0.002007771279832545,0.46245245885022,0.049997777910903096
2.27639279452368,-3.604995354152701,-3.0881747473979533,92.42835764687133,0.04844272061254192,0.0019355743867313267,0.4611001529764414,0.05001604207791388
2.27639279452368,-3.604995354152701,-3.0881747473979533,92.45133832718334,0.05292144729125909,0.0018581132475707128,0.4597513010370791,0.04998502507805824
2.27639279452368,-3.604995354152701,-3.0881747473979533,92.4742246545168,0.057384285403043474,0.0017754991628611307,0.4584072269220544,0.04992575594224036
2.26303159080757,-3.605555095704399,-3.0877053541418906,92.49710774689952,0.03510393504586895,0.0019023639558260349,0.45732907736369016,0.05003638193011284
2.26303159080757,-3.605555095704399,-3.0877053541418906,92.51993042527911,0.039546967238899784,0.0009243867838203009,0.45599167540264524,0.050050646997988224
2.26303159080757,-3.605555095704399,-3.0877053541418906,92.5426612815284,0.043985777493177225,0.0008431044135413562,0.45465745229714744,0.04999556508846581
2.26303159080757,-3.605555095704399,-3.0877053541418906,92.56530752964825,0.04839991489076084,0.0007545865488667186,0.4533279255448651,0.04995555500499904
2.26303159080757,-3.605555095704399,-3.0877053541418906,92.58794362377728,0.052798310592275584,0.000660286624642106,0.45201012129139573,0.0500787328928709
2.26303159080757,-3.605555095704399,-3.0877053541418906,92.61046232294642,0.05719403734838874,0.0005609310417552234,0.45068618127188104,0.04996536416001618
2.250221492371232,-3.6058596877947005,-3.088135305568644,92.63295371278535,0.03597292816633563,0.0018360332483736918,0.4496218439096047,0.05002290289849043
2.250221492371232,-3.6058596877947005,-3.088135305568644,92.65534613877402,0.0403121122596728,0.0008476486728470141,0.44830617716719146,0.04994895705021918
2.250221492371232,-3.6058596877947005,-3.088135305568644,92.6777022667944,0.04466826521947885,0.0007644311205860789,0.4469962219736715,0.050014131935313344
2.250221492371232,-3.6058596877947005,-3.088135305568644,92.6999852655311,0.04900998162270133,0.0006734693440521414,0.4456886231320097,0.04999678605236113
2.250221492371232,-3.6058596877947005,-3.088135305568644,92.72219701334035,0.05333753533799859,0.0005776042850521441,0.44438530089563316,0.0499830839689821
2.250221492371232,-3.6058596877947005,-3.088135305568644,92.74445689595728,0.057651229582858655,0.0004764021540232356,0.443086133893943,0.05023827403783798
2.2359762271356605,-3.6068467053310216,-3.0879528600536026,92.76645737263354,0.033436879228366315,-0.0004165162653201203,0.4420587602171719,0.04976821783930063
2.2359762271356605,-3.6068467053310216,-3.0879528600536026,92.78850335087076,0.03772300501610853,-0.0014117931977618823,0.44077292694154147,0.05001663416624069
2.2359762271356605,-3.6068467053310216,-3.0879528600536026,92.81050489518596,0.04201107799195433,-0.0015237959402143527,0.43948992748901955,0.05006154393777251
2.2359762271356605,-3.6068467053310216,-3.0879528600536026,92.8323834039792,0.04628336934234942,-0.001641932105482666,0.4382030822418124,0.04992778389714658
2.2359762271356605,-3.6068467053310216,-3.0879528600536026,92.8542418605267,0.05053177586652757,-0.00176484828967445,0.4369234383322409,0.05002811620943248
2.2359762271356605,-3.6068467053310216,-3.0879528600536026,92.87600796756801,0.0547762428007685,-0.0018939528358659532,0.4356449278764689,0.0499629529658705
2.2204063341882656,-3.6084622659641243,-3.08825779228627,92.8977425051667,0.02774107903785007,-0.004248665178830579,0.43466794220775307,0.050002623815089464
2.2204063341882656,-3.6084622659641243,-3.08825779228627,92.91941001777133,0.03198621604269904,-0.005120718921129826,0.43339770884696815,0.04999452503398061
2.2204063341882656,-3.6084622659641243,-3.08825779228627,92.94102156155665,0.036196587810745036,-0.005275453999906811,0.43213026616047406,0.050011641113087535
2.2204063341882656,-3.6084622659641243,-3.08825779228627,92.96257527997317,0.04039185883580654,-0.005437155960581986,0.43086618223766127,0.05002415901981294
2.2204063341882656,-3.6084622659641243,-3.08825779228627,92.98406119604732,0.04457588336272954,-0.0056038613280703685,0.42960546451846104,0.05001313495449722
2.2204063341882656,-3.6084622659641243,-3.08825779228627,93.00548070472867,0.048747349347019506,-0.005775676786494266,0.4283553739509073,0.050004062009975314
2.210010547511095,-3.608714418271046,-3.089316138019298,93.02683574123814,0.03214665174509869,-0.004579226277437679,0.42730836045501597,0.04997570486739278
2.210010547511095,-3.608714418271046,-3.089316138019298,93.04813623146524,0.036272717170646354,-0.005216772412305095,0.4260585190251493,0.04999428312294185
2.210010547511095,-3.608714418271046,-3.089316138019298,93.06936994565655,0.040411000082782665,-0.005376371638323001,0.4248125686400232,0.049983724020421505
2.210010547511095,-3.608714418271046,-3.089316138019298,93.0905682489947,0.04453340215698458,-0.005541596819274391,0.4235705953641795,0.05004668305628002
2.210010547511095,-3.608714418271046,-3.089316138019298,93.11166522306758,0.04864889773684947,-0.005712217386375309,0.42233066942324715,0.04995368700474501
2.210010547511095,-3.608714418271046,-3.089316138019298,93.1327822057881,0.05274469617867884,-0.005887283045643165,0.4210966711068345,0.050147588830441236
2.210010547511095,-3.608714418271046,-3.089316138019298,93.15369783369492,0.056844313433610315,-0.006068577891232738,0.41986145065018515,0.049815547186881304
2.196997399373542,-3.6093100730679075,-3.0887714657171066,93.17479328272516,0.03487000514890205,-0.006376073560320967,0.4188906312787868,0.050360278924927115
2.196997399373542,-3.6093100730679075,-3.0887714657171066,93.19554022283825,0.03896885841434966,-0.0070659635182928745,0.4176639422456156,0.049673764035105705
2.196997399373542,-3.6093100730679075,-3.0887714657171066,93.21644277371024,0.042998951204804674,-0.007250647510889308,0.4164503655214312,0.050192177994176745
2.196997399373542,-3.6093100730679075,-3.0887714657171066,93.23721017565926,0.04705648093793673,-0.007445783000148575,0.4152276149009554,0.050014500971883535
2.196997399373542,-3.6093100730679075,-3.0887714657171066,93.25789972696754,0.05108780723956155,-0.007644309632948148,0.4140128303846411,0.04997321288101375
2.196997399373542,-3.6093100730679075,-3.0887714657171066,93.27854385948883,0.055103949508902204,-0.007848125390120933,0.4128025666947973,0.05000970000401139
2.1830968212661213,-3.609366639088653,-3.0912574677930738,93.29927423901675,0.0314098755903591,-0.004814231724754737,0.4118743424572878,0.050331806065514684
2.1830968212661213,-3.609366639088653,-3.0912574677930738,93.31961247152759,0.03538259397472787,-0.0057392352233315985,0.4106593266495685,0.04952580202370882
2.1830968212661213,-3.609366639088653,-3.0912574677930738,93.34004779267966,0.0393378195475366,-0.005902927025981676,0.4094695920812755,0.049906810047104955
2.1830968212661213,-3.609366639088653,-3.0912574677930738,93.36048042333368,0.04330614997256674,-0.006076032025160693,0.40827415156233793,0.050046348944306374
2.1830968212661213,-3.609366639088653,-3.0912574677930738,93.38081546621395,0.04727462093895518,-0.006253801029533703,0.4070854635059454,0.049952761037275195
2.1830968212661213,-3.609366639088653,-3.0912574677930738,93.40110656862959,0.05122347667930424,-0.006436130860950253,0.4058959697614135,0.049990894040092826
2.1699637211680103,-3.6104764250849124,-3.0918144897271653,93.42141973448238,0.028818638739539906,-0.007794159999935245,0.4049609147453634,0.050160805927589536
2.1699637211680103,-3.6104764250849124,-3.0918144897271653,93.44157445877259,0.032776771332437574,-0.008542855247853831,0.4037733092079643,0.049915940035134554
2.1699637211680103,-3.6104764250849124,-3.0918144897271653,93.46177671817361,0.03669314819876834,-0.008743331390647237,0.4025942550229939,0.05018019792623818
2.1699637211680103,-3.6104764250849124,-3.0918144897271653,93.48177844891492,0.040615318279952954,-0.008952233426932979,0.40141239752875396,0.04982838314026594
2.1699637211680103,-3.6104764250849124,-3.0918144897271653,93.50178518965318,0.044498572766489525,-0.009164015432704831,0.4002423131206257,0.04998657084070146
2.1699637211680103,-3.6104764250849124,-3.0918144897271653,93.52175642477464,0.04838268644075033,-0.009382499040208698,0.39907185109697124,0.05004420899786055
2.1569835393028556,-3.6113510760623053,-3.0930978229416186,93.54165395967499,0.026254812608407885,-0.009779494288288716,0.3981553093072148,0.04997430508956313
2.1569835393028556,-3.6113510760623053,-3.0930978229416186,93.561508988751,0.030121417884731157,-0.010456190018033416,0.3969978230969584,0.05001294193789363
2.1569835393028556,-3.6113510760623053,-3.0930978229416186,93.5812836624703,0.03397833181042983,-0.010681182237615716,0.3958362367082001,0.04995670402422547
2.1569835393028556,-3.6113510760623053,-3.0930978229416186,93.6010149762854,0.037817061412610965,-0.010911847290834375,0.3946793535899975,0.049993275897577405
2.1569835393028556,-3.6113510760623053,-3.0930978229416186,93.62068041464721,0.041647293152372006,-0.011148156777327965,0.39352496810991283,0.04997253022156656
2.1569835393028556,-3.6113510760623053,-3.0930978229416186,93.64030312375462,0.04546466171371661,-0.011389686051033247,0.3923744126906889,0.05001016496680677
2.1439854891922177,-3.6117006652880725,-3.096539955417257,93.65996105999699,0.02333602674087979,-0.009227274627828635,0.39148642030863146,0.050213583977892995
2.1439854891922177,-3.6117006652880725,-3.096539955417257,93.67937859329072,0.027127560150265757,-0.010010818687333936,0.3903342273808104,0.04974591499194503
2.1439854891922177,-3.6117006652880725,-3.096539955417257,93.6988420339468,0.030902234936502893,-0.010224880905631381,0.38919918589913155,0.05000894493423402
2.1439854891922177,-3.6117006652880725,-3.096539955417257,93.71827495522395,0.03468171442910426,-0.010446392969798681,0.38806041726614265,0.05007705092430115
2.1439854891922177,-3.6117006652880725,-3.096539955417257,93.73763321862212,0.03845583803478488,-0.010671395364338343,0.3869299979586506,0.050030402140691876
2.1439854891922177,-3.6117006652880725,-3.096539955417257,93.75691628226953,0.04221477954679923,-0.010903326645591054,0.3857974066643491,0.04998235683888197
2.133432512214051,-3.612576070555934,-3.09768666299286,93.77626049311704,0.024787485699141486,-0.011906323649221336,0.38487239485662866,0.05026136222295463
2.133432512214051,-3.612576070555934,-3.09768666299286,93.79535463735077,0.0285535860706258,-0.012473259940468231,0.3837409749465906,0.04975789785385132
2.133432512214051,-3.612576070555934,-3.09768666299286,93.81446378582926,0.032262339634957025,-0.012720510016106145,0.3826237908113499,0.04994239495135844
2.133432512214051,-3.612576070555934,-3.09768666299286,93.83354515792307,0.03597210354919389,-0.012975246623406081,0.3815056181659688,0.05001596617512405
2.133432512214051,-3.612576070555934,-3.09768666299286,93.85260516209027,0.039676391019611866,-0.013235619356303213,0.38038904132399487,0.05010660691186786
2.133432512214051,-3.612576070555934,-3.09768666299286,93.87151581788115,0.04337642300470509,-0.013501872721604382,0.3792736716282744,0.04986018594354391
2.1224496479151105,-3.6129648557470984,-3.0983709923503215,93.89046538570341,0.025094605946090427,-0.013308534171553288,0.3783884918566534,0.050079662119969726
2.1224496479151105,-3.6129648557470984,-3.0983709923503215,93.9093233169855,0.02877158792485538,-0.013857972450586665,0.37727950674076494,0.04998397990129888
2.1224496479151105,-3.6129648557470984,-3.0983709923503215,93.92820592154125,0.03243369225582153,-0.014127029391283973,0.3761759161817717,0.05019620805978775
2.1224496479151105,-3.6129648557470984,-3.0983709923503215,93.94696690995252,0.0360990325399385,-0.014403510418152998,0.3750708195262932,0.050019856076687574
2.1224496479151105,-3.6129648557470984,-3.0983709923503215,93.96563539427854,0.03974067293118642,-0.014684425154768008,0.373972837988884,0.04991935892030597
2.1224496479151105,-3.6129648557470984,-3.0983709923503215,93.98421470637099,0.04336421211745339,-0.014970517902602334,0.3728802177688306,0.04982648906297982
2.1111249293766288,-3.613613320223741,-3.1032568522393222,94.00285871584377,0.024330037697058698,-0.013530632297021896,0.3720197091981736,0.05011564982123673
2.1111249293766288,-3.613613320223741,-3.1032568522393222,94.02139262110096,0.027951357310733567,-0.014191729170819622,0.3709271901325501,0.04996642400510609
2.1111249293766288,-3.613613320223741,-3.1032568522393222,94.03987294322198,0.031553050137715234,-0.01445951114758752,0.36984903388938944,0.04996720398776233
2.1111249293766288,-3.613613320223741,-3.1032568522393222,94.05830093151121,0.035141071746200576,-0.014734858317679235,0.3687674479198956,0.04997184104286134
2.1111249293766288,-3.613613320223741,-3.1032568522393222,94.0767320449291,0.03871881132682108,-0.01501543837489222,0.3676888756345736,0.050126926973462105
2.1111249293766288,-3.613613320223741,-3.1032568522393222,94.09503943564303,0.04229699605543551,-0.01530264248391242,0.3666100568293926,0.0499369571916759
2.1111249293766288,-3.613613320223741,-3.1032568522393222,94.11331726911843,0.04585104590251149,-0.015594216179092141,0.3655384661495495,0.05000248993746936
2.101946347946016,-3.613898586415767,-3.1060511626244636,94.13154774064489,0.031078184100031422,-0.01445650087894106,0.36465217505153724,0.04999413900077343
2.101946347946016,-3.613898586415767,-3.1060511626244636,94.14972159096094,0.03461606437337005,-0.015011240631539144,0.3635842417170486,0.04998525301925838
2.101946347946016,-3.613898586415767,-3.1060511626244636,94.16784652564569,0.038146522499766945,-0.015295039231051345,0.3625204160498813,0.04999700398184359
2.101946347946016,-3.613898586415767,-3.1060511626244636,94.18592386477125,0.04166631060174971,-0.015581612494229175,0.3614658872606789,0.050011189887300134
2.101946347946016,-3.613898586415767,-3.1060511626244636,94.20395143940833,0.045176037341075226,-0.015876700905883247,0.360407632023839,0.050019958056509495
2.090309544522009,-3.6138655941414983,-3.111819810668078,94.22194798920677,0.025539814851411397,-0.012133336710017999,0.35959250390214736,0.05004706606268883
2.090309544522009,-3.6138655941414983,-3.111819810668078,94.23984640175742,0.028999510096199922,-0.01296760745158994,0.35853560608293883,0.04992087883874774
2.090309544522009,-3.6138655941414983,-3.111819810668078,94.25775790171048,0.032482088504387656,-0.013219041160721558,0.35748798120290964,0.05010378221049905
2.090309544522009,-3.6138655941414983,-3.111819810668078,94.27554548003108,0.03596208462072486,-0.01347677146721668,0.35643950204715186,0.04990349896252155
2.090309544522009,-3.6138655941414983,-3.111819810668078,94.29334338634048,0.03941792984788625,-0.013738705628817549,0.35539826052133766,0.0500787659548223
2.090309544522009,-3.6138655941414983,-3.111819810668078,94.31101232514067,0.04287560424216369,-0.014007661260562021,0.35435631812918333,0.049862067913636565
2.090309544522009,-3.6138655941414983,-3.111819810668078,94.32866305061198,0.04630875603406382,-0.01427667181129779,0.3533283987294242,0.04995558108203113
2.0797267266736874,-3.614000715992522,-3.113633246331311,94.3462774877641,0.028619483832186716,-0.013260228365690052,0.35250506182136526,0.04996931692585349
2.0797267266736874,-3.614000715992522,-3.113633246331311,94.3638562328969,0.03203053921981928,-0.014000424126747178,0.35147308810569705,0.05001448397524655
2.0797267266736874,-3.614000715992522,-3.113633246331311,94.3814105042796,0.035449626037046385,-0.014269066793501354,0.3504438694609989,0.05009153508581221
2.0797267266736874,-3.614000715992522,-3.113633246331311,94.39889905550667,0.03886007716977998,-0.014544471700020203,0.3494160522269837,0.05005079507827759
2.0797267266736874,-3.614000715992522,-3.113633246331311,94.41630218267308,0.04225761904889249,-0.014825531648850485,0.3483920327146192,0.04995271284133196
2.0797267266736874,-3.614000715992522,-3.113633246331311,94.43369614913445,0.04563839909137058,-0.015112063099962377,0.3473729563756981,0.05007288604974747
2.069453622627958,-3.613906800933603,-3.1180592117450483,94.45099911999029,0.028583440302633573,-0.012184094203742698,0.34657212958127503,0.04992603091523051
2.069453622627958,-3.613906800933603,-3.1180592117450483,94.46827150328413,0.031902789222340404,-0.013063768670509202,0.345555975449434,0.04998432821594179
2.069453622627958,-3.613906800933603,-3.1180592117450483,94.48550610231898,0.03526618641663695,-0.013320054065688551,0.3445446200470543,0.050021384842693806
2.069453622627958,-3.613906800933603,-3.1180592117450483,94.5026644352768,0.03861587575899626,-0.013582311518255012,0.34353546436239846,0.04994632210582495
2.069453622627958,-3.613906800933603,-3.1180592117450483,94.51983393499273,0.041950610777729776,-0.013850143055681928,0.34253072262182943,0.05012542987242341
2.069453622627958,-3.613906800933603,-3.1180592117450483,94.53693617999814,0.045287307126639066,-0.01412552360813029,0.3415252351700705,0.05007608002051711
2.0586703573933476,-3.6140585416251136,-3.1211619737463256,94.55391433951212,0.02709641938091471,-0.012743789012208557,0.3407408994396108,0.049827184062451124
2.0586703573933476,-3.6140585416251136,-3.1211619737463256,94.57092692331844,0.030375301357211597,-0.013681674111221525,0.3397448991254647,0.05007458198815584
2.0586703573933476,-3.6140585416251136,-3.1211619737463256,94.58783091036831,0.03368956920519867,-0.013940935205156173,0.33875492737865487,0.049900342943146825
2.0586703573933476,-3.6140585416251136,-3.1211619737463256,94.60472944958337,0.036974994943334845,-0.01421103950642536,0.3377649494814483,0.05003047012723982
2.0586703573933476,-3.6140585416251136,-3.1211619737463256,94.62156172752206,0.04025926015744874,-0.014487093544118678,0.33677519790365784,0.04998075286857784
2.0586703573933476,-3.6140585416251136,-3.1211619737463256,94.63849526604609,0.04353044135901394,-0.014769087634543043,0.3357892743999853,0.050429063150659204
2.0488602187402485,-3.613840899773027,-3.124006093225214,94.65520521389072,0.027300560162904403,-0.012500324056560696,0.33499739052715233,0.04988082987256348
2.0488602187402485,-3.613840899773027,-3.124006093225214,94.67187410462036,0.030502682733797533,-0.013452816762773535,0.33401658172423987,0.049904380924999714
2.0488602187402485,-3.613840899773027,-3.124006093225214,94.68861619151133,0.03375103633758741,-0.013715441333155607,0.33304014332959925,0.05027047707699239
2.0488602187402485,-3.613840899773027,-3.124006093225214,94.7050777882074,0.037006239754175815,-0.013981609251120023,0.33206582270407664,0.049573294119909406
2.0488602187402485,-3.613840899773027,-3.124006093225214,94.72166096471794,0.04020617842472997,-0.014253824464179386,0.331101605726391,0.05008485680446029
2.0488602187402485,-3.613840899773027,-3.124006093225214,94.73828652618579,0.0434294245560319,-0.014536278062525549,0.3301300791217923,0.05036063818261027
2.0488602187402485,-3.613840899773027,-3.124006093225214,94.75461893451119,0.0466606924841026,-0.014826749317418314,0.3291560138542836,0.049619048833847046
2.037592977118935,-3.613290335535926,-3.127052013110107,94.77123483000672,0.027455676398103143,-0.011350637043850555,0.3284321113858217,0.05059156799688935
2.037592977118935,-3.613290335535926,-3.127052013110107,94.78738030834097,0.03059609518436378,-0.01258992354560484,0.3274558253716664,0.049305821070447564
2.037592977118935,-3.613290335535926,-3.127052013110107,94.8037144075116,0.033749272871374185,-0.01283901723204227,0.32650997831888934,0.05002633994445205
2.037592977118935,-3.613290335535926,-3.127052013110107,94.81997673689833,0.03692612734337425,-0.013096907541651211,0.32555935267413,0.04995196498930454
2.037592977118935,-3.613290335535926,-3.127052013110107,94.83619557647552,0.04008831415297715,-0.01336443714593337,0.3246066583409549,0.0499645930249244
2.026157980544523,-3.613102837937189,-3.1305647850659755,94.85240074092921,0.020466637930671005,-0.01102826806778505,0.3238898576818363,0.05003294814378023
2.026157980544523,-3.613102837937189,-3.1305647850659755,94.86854607823125,0.02354629851173206,-0.0124244513508929,0.32293732840105743,0.04999526496976614
2.026157980544523,-3.613102837937189,-3.1305647850659755,94.88464456544826,0.02670379347398626,-0.012670446570772941,0.32199131874737436,0.04999664984643459
2.026157980544523,-3.613102837937189,-3.1305647850659755,94.90073997761439,0.029835157853141683,-0.012923597515732469,0.3210481935877288,0.050133944023400545
2.026157980544523,-3.613102837937189,-3.1305647850659755,94.91669935370356,0.032965727053278666,-0.013184159356005908,0.3201051533081443,0.04985666717402637
2.026157980544523,-3.613102837937189,-3.1305647850659755,94.93268280665613,0.03606949398220493,-0.013443241735946333,0.31917635372379244,0.050077183870598674
2.026157980544523,-3.613102837937189,-3.1305647850659755,94.94858605969195,0.0391768899025805,-0.013717308626222115,0.3182397861366652,0.04997254814952612
2.026157980544523,-3.613102837937189,-3.1305647850659755,94.96442145040038,0.04226866724119475,-0.013996306854465946,0.31730786349599793,0.04990544682368636
2.0117531728742883,-3.6128354631841857,-3.138974047092291,94.98028801562558,0.016704421520142954,-0.00921642369992043,0.31668459615935346,0.050102106062695384
2.0117531728742883,-3.6128354631841857,-3.138974047092291,94.99605112643171,0.019610305703385737,-0.011326931866130704,0.31574444617887737,0.04992363601922989
2.0117531728742883,-3.6128354631841857,-3.138974047092291,95.01178808271813,0.022712074414532882,-0.01155385794441834,0.3148207404932943,0.04998703789897263
2.0117531728742883,-3.6128354631841857,-3.138974047092291,95.0274927253293,0.02577396930581204,-0.011786328284273536,0.31389882516828277,0.05003090598620474
2.0117531728742883,-3.6128354631841857,-3.138974047092291,95.04314400330621,0.02882771668701131,-0.012017989603660854,0.3129849765551584,0.05000648321583867
2.0117531728742883,-3.6128354631841857,-3.138974047092291,95.05874815693676,0.03187060934845673,-0.012264754988948837,0.31206803771972297,0.05000240891240537
2.0117531728742883,-3.6128354631841857,-3.138974047092291,95.07431104459246,0.03490438018325244,-0.012516336603529741,0.3111537781320322,0.05001670797355473
2.0117531728742883,-3.6128354631841857,-3.138974047092291,95.08982927633335,0.03792977948521979,-0.012774819366071024,0.31024185294253465,0.05001978809013963
2.0117531728742883,-3.6128354631841857,-3.138974047092291,95.10528668249157,0.04094620479466148,-0.01304013024471919,0.30933246049862373,0.04997020401060581
2.0017758027344206,-3.6125851732202228,3.1401472891857667,95.11796288407145,1.0017681129070866e-12,-0.7999999999996684,0.25342920386297546,0.05001870892010629
2.0017758027344206,-3.6125851732202228,3.1401472891857667,95.13393130331575,0.1980713141042737,-0.7713779622801222,0.3197440014098525,0.04994126292876899
2.0017758027344206,-3.6125851732202228,3.1401472891857667,95.14986602514655,0.15608494756306607,-0.5360490710096254,0.31650332789348545,0.05034614307805896
2.0017758027344206,-3.6125851732202228,3.1401472891857667,95.16593924251916,0.1612962919786558,-0.41605872188063686,0.322511742610548,0.0498376190662384
2.0017758027344206,-3.6125851732202228,3.1401472891857667,95.18306049922568,0.14176653954980867,0.1347444069534407,0.34292020897142117,0.04992781486362219
2.0017758027344206,-3.6125851732202228,3.1401472891857667,95.19826955700742,0.03488000520288917,-0.02652460431713216,0.3042977075745905,0.04998084902763367
1.9808158098737578,-3.612760197408662,3.0707306442098212,95.2134479893971,0.002338839213793069,0.014602285600120113,0.3037020822816009,0.0499780320096761
1.9808158098737578,-3.612760197408662,3.0707306442098212,95.22858191661857,0.0016757457417540395,0.0074259064841558885,0.3026961436484227,0.049997092923149467
1.9657400118343624,-3.612047846545615,3.0549868522941117,95.24375921343047,1.584593112106958e-11,0.011938861731194555,0.3025860299469616,0.050158617086708546
1.9657400118343624,-3.612047846545615,3.0549868522941117,95.25880034103274,1.589413827190491e-11,0.00681360728215144,0.30159127762193333,0.04987255507148802
1.9657400118343624,-3.612047846545615,3.0549868522941117,95.27385204985481,1.089507953174543e-10,0.006930890431061235,0.3006232969290454,0.05006833793595433
1.9657400118343624,-3.612047846545615,3.0549868522941117,95.28881850294012,1.0737418195090789e-10,0.007070684670897233,0.29967702852868006,0.049941943027079105
1.9657400118343624,-3.612047846545615,3.0549868522941117,95.30372074371535,2.7284414913120203e-11,0.007241912231866129,0.29876043085799064,0.04988023592159152
1.9657400118343624,-3.612047846545615,3.0549868522941117,95.31863899040617,3.428283682419946e-11,0.007445507475293796,0.29784790585914234,0.05008679395541549
1.9657400118343624,-3.612047846545615,3.0549868522941117,95.33348261266784,4.6936656996363466e-11,0.007645868417157896,0.2969343916808835,0.04998956900089979
1.9657400118343624,-3.612047846545615,3.0549868522941117,95.34827150295915,4.830297025419057e-10,0.007842842627220459,0.29603368536932056,0.0499567820224911
1.9657400118343624,-3.612047846545615,3.0549868522941117,95.36305464775515,9.9052217278796e-10,0.008015278475865247,0.29512960784392644,0.050090348115190864
1.9657400118343624,-3.612047846545615,3.0549868522941117,95.37773624427892,0.00035600565728938465,0.008193628673496899,0.2942309259026177,0.04989820998162031
1.9657400118343624,-3.612047846545615,3.0549868522941117,95.39244403871967,0.0031428255092066045,0.008361205481853111,0.29337316298286564,0.050133401062339544
1.9657400118343624,-3.612047846545615,3.0549868522941117,95.40702602482665,0.0059404578705895845,0.00842011136791071,0.29251407113144284,0.049850545823574066
1.9657400118343624,-3.612047846545615,3.0549868522941117,95.42162213453443,0.00872370415107301,0.008478504731748462,0.29166239303488073,0.050044537987560034
1.9657400118343624,-3.612047846545615,3.0549868522941117,95.43617754809837,0.011419712291621196,0.008529600986473826,0.2908180926045439,0.050049890065565705
1.9657400118343624,-3.612047846545615,3.0549868522941117,95.45076630193607,0.014129164605072872,0.008566227116164508,0.2899694825170533,0.05031134211458266
1.9657400118343624,-3.612047846545615,3.0549868522941117,95.46512480360518,0.016844255277063278,0.008602051101151741,0.2891189086499533,0.0496629630215466
1.9657400118343624,-3.612047846545615,3.0549868522941117,95.47957484836073,0.019517161965208085,0.008638104460488441,0.2882819028915438,0.05012470297515392
1.9657400118343624,-3.612047846545615,3.0549868522941117,95.49391073183949,0.022207034658205404,0.008667009875787512,0.2874394362317691,0.0498744489159435
1.9657400118343624,-3.612047846545615,3.0549868522941117,95.50825302820151,0.02487613778058493,0.008695476190887529,0.28660372996325684,0.050042252987623215
1.9657400118343624,-3.612047846545615,3.0549868522941117,95.52254865287219,0.02736530970086123,0.008717091286397327,0.2857812456971125,0.05002296296879649
1.9657400118343624,-3.612047846545615,3.0549868522941117,95.53682829223494,0.02985312103956331,0.008733096260775655,0.28495145755150414,0.05011253315024078
1.9657400118343624,-3.612047846545615,3.0549868522941117,95.55097970789818,0.03233657460532528,0.008745040053305739,0.28412260017767355,0.04980742698535323
1.9558413273812196,-3.61101207181257,3.061944743780659,95.56514812643064,0.01491939692206655,0.006722539041907155,0.2834639040582216,0.04998314892873168
1.9558413273812196,-3.61101207181257,3.061944743780659,95.57928199728507,0.01758279303220206,0.004373923205140696,0.2826607913739385,0.05000294093042612
1.9558413273812196,-3.61101207181257,3.061944743780659,95.59339517977315,0.02011558773420604,0.004374565627864415,0.281839351725043,0.050075273029506207
1.9558413273812196,-3.61101207181257,3.061944743780659,95.60742810055103,0.022572321201817867,0.0043449203092481735,0.28102015085240384,0.04993563890457153
1.9558413273812196,-3.61101207181257,3.061944743780659,95.62147266487995,0.024188106129688358,0.004318091807142987,0.28022414551394836,0.050119037041440606
1.9558413273812196,-3.61101207181257,3.061944743780659,95.63543694501837,0.026196202027099005,0.004320055084331781,0.2794173258479395,0.04997642897069454
1.9558413273812196,-3.61101207181257,3.061944743780659,95.64937076852443,0.028189625720494466,0.004302968420882437,0.2786152298327495,0.05001099011860788
1.9558413273812196,-3.61101207181257,3.061944743780659,95.66322035445853,0.03017968535313975,0.004280984590095837,0.2778148626386854,0.049851853866130114
1.9558413273812196,-3.61101207181257,3.061944743780659,95.6770941088438,0.03215741335652241,0.004255310210131144,0.27701936744605027,0.050082254223525524
1.9558413273812196,-3.61101207181257,3.061944743780659,95.69090173727339,0.03413813283605027,0.004223413372371156,0.2762224418895975,0.04998735198751092
1.944870900713719,-3.610492778009139,3.0665159929688843,95.70467489855835,0.01416547813553505,0.001345614568766243,0.27557511556604175,0.04997969884425402
1.944870900713719,-3.610492778009139,3.0665159929688843,95.71842407357981,0.016353486504270306,-0.0011527925017344284,0.27479604497635074,0.050034108106046915
1.944870900713719,-3.610492778009139,3.0665159929688843,95.73210600161308,0.01838547409641681,-0.0012032971869714196,0.2740048390880145,0.04993316205218434
1.944870900713719,-3.610492778009139,3.0665159929688843,95.74575896456454,0.020336767532841107,-0.0012755185522820576,0.27321860082185145,0.04997083987109363
1.944870900713719,-3.610492778009139,3.0665159929688843,95.75939133501409,0.022283731496840608,-0.0013472460919826013,0.27243493197610175,0.05003899591974914
1.944870900713719,-3.610492778009139,3.0665159929688843,95.77298084866115,0.024226840593609508,-0.0014236146743746966,0.2716514909251239,0.05002554412931204
1.944870900713719,-3.610492778009139,3.0665159929688843,95.78652574727519,0.026163358371602555,-0.0015044528642853923,0.27087050636997495,0.05000506993383169
1.944870900713719,-3.610492778009139,3.0665159929688843,95.80004546010774,0.028093023896698047,-0.001590025902554056,0.2700920716929635,0.050055941101163626
1.944870900713719,-3.610492778009139,3.0665159929688843,95.8134823320033,0.030018581028657437,-0.0016807864810511176,0.26931505921577414,0.04989276104606688
1.944870900713719,-3.610492778009139,3.0665159929688843,95.82690318069466,0.03193190167803938,-0.0017754001758137768,0.26854281388525647,0.04997656983323395
1.944870900713719,-3.610492778009139,3.0665159929688843,95.84029264441598,0.03384234509861937,-0.001875960478738455,0.2677714408998988,0.050003329990431666
1.934348109278832,-3.6097255150016685,3.066331879895986,95.85365812486593,0.014653417257714255,-0.0020359200755335795,0.2671508993812813,0.0500297041144222
1.934348109278832,-3.6097255150016685,3.066331879895986,95.86697534398142,0.016559698942779914,-0.004493817511420689,0.2663848145605566,0.04999241093173623
1.934348109278832,-3.6097255150016685,3.066331879895986,95.88026488161753,0.01852108593208903,-0.004592386896579572,0.26561824957916674,0.05003247200511396
1.934348109278832,-3.6097255150016685,3.066331879895986,95.89350456192138,0.02040974944847187,-0.004703731244033012,0.26485430016792744,0.049988541984930634
1.934348109278832,-3.6097255150016685,3.066331879895986,95.90670583266017,0.02229126188160851,-0.004814766906994167,0.2640931913815926,0.04998716805130243
1.934348109278832,-3.6097255150016685,3.066331879895986,95.9198690261148,0.024166406243983238,-0.0049309307110441325,0.26333425780279074,0.04998663510195911
1.934348109278832,-3.6097255150016685,3.066331879895986,95.93301437391945,0.026035571674443782,-0.005052081957773181,0.26257748004346626,0.050062738824635744
1.934348109278832,-3.6097255150016685,3.066331879895986,95.9461375866082,0.027901594407188472,-0.005178722221065824,0.26182168518797155,0.050122711108997464
1.934348109278832,-3.6097255150016685,3.066331879895986,95.95915805951648,0.029763890555643772,-0.005310574170005126,0.26106712840897617,0.049874041927978396
