x,y,theta,s0,v,omega,w,time_elapsed
-0.10010113721082455,0.07055322275327842,0.017626342094796525,0.22749385585172247,0.1468852650421845,7.683982273816497e-16,0.9960111364611357,0.22840493195690215
-0.10010113721082455,0.07055322275327842,0.017626342094796525,6.845020140380981,0.19259787626087171,-0.2607339563895073,0.9981147714063492,6.630025397986174
-0.10010113721082455,0.07055322275327842,0.017626342094796525,6.880983307842283,0.9999999999999742,0.0047913206444241685,0.8641864900979637,0.04161505401134491
-0.10010113721082455,0.07055322275327842,0.017626342094796525,6.928260360894969,0.9999999999988648,0.03861010915005967,0.9430321627363282,0.05013302294537425
-0.10010113721082455,0.07055322275327842,0.017626342094796525,6.976112076333871,0.9999999999999117,-0.0034325763632577153,0.9583696806895704,0.049930331064388156
-0.10010113721082455,0.07055322275327842,0.017626342094796525,7.0246660293245204,0.9999999999980669,0.055286412702981395,0.9691732954273502,0.050098319072276354
-0.10010113721082455,0.07055322275327842,0.017626342094796525,7.077633798428714,0.9999999999992936,0.04869595507688546,0.9850812063937202,0.05376995191909373
-0.11240966717814212,0.09594111752463107,0.006350912901814655,7.12279426136914,0.9999999999992262,0.017491335989334125,0.9775005726349246,0.046199935022741556
-0.11240966717814212,0.09594111752463107,0.006350912901814655,7.172157288527006,0.9999999999984243,0.017952099035408953,0.9796547595449375,0.05038818693719804
-0.09384963755076993,0.11559350319075545,-0.009894180020604123,7.2206813563532135,0.9999999999996199,0.00896829941758966,0.9793656124302177,0.04954642802476883
-0.09384963755076993,0.11559350319075545,-0.009894180020604123,7.269548697690204,0.9999999999994194,0.01023937675505482,0.9778398931124209,0.04997478798031807
-0.03911201751142199,0.12244742712689513,-0.030121952169621876,7.31848667527239,0.999999999998981,0.04399849699588221,0.980105785911528,0.04993132199160755
0.028709796631155592,0.12509776498195302,-0.04608213460113168,7.367736149044647,0.9999999999986708,0.07735152094795807,0.9826868626631008,0.050117159029468894
0.028709796631155592,0.12509776498195302,-0.04608213460113168,7.416928993947888,0.9999999999989978,0.08065645825067937,0.9824755557376544,0.05007029906846583
0.11566146796246861,0.13143400805560598,-0.06737301334329292,7.466691379233403,0.9999999999928963,0.11107854856323685,0.9862755372822916,0.05045485100708902
0.11566146796246861,0.13143400805560598,-0.06737301334329292,7.515423320986947,0.9999999999958916,0.11143242932750917,0.986066497463418,0.049420543015003204
0.21787863632562082,0.11769914444402714,-0.0672384404983574,7.564938317219753,0.9285343240268848,0.154559172861082,0.9892534123356768,0.05005289404653013
0.21787863632562082,0.11769914444402714,-0.0672384404983574,7.614331509176013,0.9346913731924663,0.15407568788592277,0.9889970140516745,0.049942710902541876
0.21787863632562082,0.11769914444402714,-0.0672384404983574,7.663792509624176,0.9440626583917765,0.15700937029547424,0.9887817591332275,0.05002216110005975
0.32047596367835646,0.1139321330287045,-0.06286323310151663,7.7133532812996135,0.7482172688251824,0.15311538675403555,0.9906190822771024,0.050030099926516414
0.32047596367835646,0.1139321330287045,-0.06286323310151663,7.7628301336479995,0.7569302728227676,0.14600549917997582,0.9904810750961774,0.049952344968914986
0.417681383671044,0.11089364056603779,-0.05930137880533022,7.812361356731653,0.5722133632610522,0.1436524525973105,0.9922744536116122,0.04991685808636248
0.417681383671044,0.11089364056603779,-0.05930137880533022,7.86203429473161,0.5808959657280692,0.13283635991901793,0.9921062227209518,0.0500681649427861
0.521972134095087,0.10710187199426877,-0.04364178591122604,7.911689437752377,0.38282913693964654,0.11299771700698702,0.9940695746311865,0.0499513759277761
0.521972134095087,0.10710187199426877,-0.04364178591122604,7.961344216753848,0.3926080146262767,0.09818701730136224,0.9937262379759941,0.04996826802380383
0.6055108445151999,0.09767574741628648,-0.032017234478919514,8.01108600485212,0.23444692315154655,0.11369993473986134,0.9949712356858674,0.04999319207854569
0.6055108445151999,0.09767574741628648,-0.032017234478919514,8.060917519911467,0.2418824378078275,0.09519628841373773,0.9949583544142129,0.05008402094244957
0.6735299615953907,0.08904385705148646,-0.018911485649711658,8.110758796183044,0.11498895620186048,0.11073088595811513,0.995878702139175,0.05004753707908094
0.6735299615953907,0.08904385705148646,-0.018911485649711658,8.160509082668087,0.12231490627793372,0.08743605872187077,0.9959187114510446,0.04995416384190321
0.7261920312139252,0.08377055231606502,-0.004028818094303105,8.210371169172145,0.02719872504748222,0.09351656579302223,0.9965932030797616,0.05003253719769418
0.7261920312139252,0.08377055231606502,-0.004028818094303105,8.260127055222744,0.03597169007139654,0.06972865254925148,0.996673312716925,0.0499219608027488
0.76747647456886,0.07585875218126632,0.0194093682271216,8.310079342754076,1.1672204869306313e-11,0.07897426746002711,0.9975459169588183,0.050075176171958447
0.76747647456886,0.07585875218126632,0.0194093682271216,8.359953963287813,5.49306672224758e-12,0.05232509600309446,0.9977865394779774,0.049985260935500264
0.7920881532830286,0.07340235639657865,0.03575724140520739,8.409875072928806,9.20774883278076e-12,0.053866734611793816,0.9985557785134136,0.0499933110550046
0.7920881532830286,0.07340235639657865,0.03575724140520739,8.459848679304566,6.191431408754155e-12,0.03401961544494111,0.9985757683905752,0.05004488187842071
0.7920881532830286,0.07340235639657865,0.03575724140520739,8.509678443876544,6.794108897754696e-12,0.03630014109651246,0.9982645689255716,0.04991639102809131
0.7920881532830286,0.07340235639657865,0.03575724140520739,8.559622780333946,1.2759797099206649e-12,0.03719091189281592,0.9980246142824747,0.050043191062286496
0.7920881532830286,0.07340235639657865,0.03575724140520739,8.609460459640227,1.5839019731654108e-11,0.03875925651265856,0.9979551835042563,0.04993979702703655
0.7920881532830286,0.07340235639657865,0.03575724140520739,8.659340329428446,3.492588956010067e-11,0.039031378911467775,0.9977368792806652,0.04999301000498235
0.7920881532830286,0.07340235639657865,0.03575724140520739,8.709282864550866,1.7585826265164448e-10,0.03970069082346367,0.997548044821523,0.05006529297679663
0.7920881532830286,0.07340235639657865,0.03575724140520739,8.759099022597454,0.007685994141828695,0.04030675885760081,0.997409380762159,0.0499455479439348
0.7920881532830286,0.07340235639657865,0.03575724140520739,8.808995944482087,0.017539762138175978,0.040443185444610986,0.9973291302047349,0.05003054696135223
0.7920881532830286,0.07340235639657865,0.03575724140520739,8.859084478159145,0.027533266160954042,0.04045800475760228,0.9972394143965717,0.05022719013504684
0.7920881532830286,0.07340235639657865,0.03575724140520739,8.90880609071861,0.03760296271810858,0.04048599649828154,0.9973229716886344,0.04985507600940764
0.7920881532830286,0.07340235639657865,0.03575724140520739,8.958686803298912,0.047596731570675385,0.039257754327604276,0.9972782292090778,0.05001684697344899
0.7920881532830286,0.07340235639657865,0.03575724140520739,9.008637642761082,0.057814000389166696,0.038339160586986235,0.9972468161435789,0.050088742980733514
0.7920881532830286,0.07340235639657865,0.03575724140520739,9.05845245225416,0.06794983917507373,0.0373165753807774,0.9971470973640494,0.04995733289979398
0.7920881532830286,0.07340235639657865,0.03575724140520739,9.10817694947375,0.0780566037502394,0.036300316217421955,0.997065842636545,0.04987082607112825
0.7920881532830286,0.07340235639657865,0.03575724140520739,9.158022948522659,0.08811245235364913,0.03528716233286647,0.9969765678956347,0.04999716207385063
0.8103615523655262,0.06691702676998117,0.06687807671325971,9.208619864244174,0.06214726694650391,0.03289708476499038,0.9972409183376029,0.05073690298013389
0.8103615523655262,0.06691702676998117,0.06687807671325971,9.257895377419802,0.07635386922787055,0.021249336653797052,0.9977837418939554,0.04938496300019324
0.8103615523655262,0.06691702676998117,0.06687807671325971,9.307711007987406,0.086826040939574,0.019195596997098625,0.9976554160582514,0.04993270197883248
0.8103615523655262,0.06691702676998117,0.06687807671325971,9.357670374066881,0.09711854757993939,0.016704864112284248,0.9975351436918701,0.05008281301707029
0.8333822507236387,0.05951956514447009,0.08295327330640456,9.40745041768152,0.0629200552248798,0.03208266519094513,0.9979165200097218,0.04988397588022053
0.8333822507236387,0.05951956514447009,0.08295327330640456,9.45743741989209,0.07291872077697191,0.015818921274180747,0.9983126382619203,0.05007149092853069
0.8333822507236387,0.05951956514447009,0.08295327330640456,9.50727098824298,0.0839046994271141,0.014278015704237439,0.998287092685685,0.04991907509975135
0.8333822507236387,0.05951956514447009,0.08295327330640456,9.557117516368168,0.0940466002798898,0.011811955524687263,0.9983396188461792,0.049929430009797215
0.8524049458420008,0.05495442278694509,0.09167554350464863,9.607115286727812,0.06765560136069895,0.023898218180144794,0.9988557263404131,0.050055047031491995
0.8524049458420008,0.05495442278694509,0.09167554350464863,9.657107421026636,0.07724303703339937,0.008069930195621446,0.9990647531073715,0.050038933055475354
0.8524049458420008,0.05495442278694509,0.09167554350464863,9.707021384005168,0.08819015327687213,0.005411484232442419,0.9988635761880872,0.049970750929787755
0.8524049458420008,0.05495442278694509,0.09167554350464863,9.75693011287559,0.09833124153737903,0.0019400819344894938,0.9987212567061693,0.04997263103723526
0.8524049458420008,0.05495442278694509,0.09167554350464863,9.806958391491618,0.10850502572987998,-0.0012417539645579036,0.9987534351718448,0.05009071994572878
0.8732752744437512,0.049290072548296926,0.09581433752928517,9.856862655165322,0.07941187090542279,0.01994047925610293,0.999457250407337,0.049931363901123405
0.8732752744437512,0.049290072548296926,0.09581433752928517,9.90686335291195,0.08715538609281312,0.003713933227804167,0.9999017639363271,0.05000561010092497
0.8732752744437512,0.049290072548296926,0.09581433752928517,9.956824120506823,0.09787241688746087,0.0010570566050934322,0.999804297213779,0.049970546970143914
0.8732752744437512,0.049290072548296926,0.09581433752928517,10.006822886592222,0.1077656178581246,-0.003884811195979699,0.9996416822973483,0.050016687950119376
0.8918254751702844,0.048652924450458566,0.09876825650219996,10.056832295006453,0.08152882253007897,-0.0016409635520712737,0.9998971962177541,0.050014550099149346
0.8918254751702844,0.048652924450458566,0.09876825650219996,10.106787473794467,0.0915801807588198,-0.016921838287801257,0.9999873841455063,0.04995580902323127
0.8918254751702844,0.048652924450458566,0.09876825650219996,10.156865915324163,0.1018497788610491,-0.020551287132550694,0.9999786675421514,0.050079509848728776
0.8918254751702844,0.048652924450458566,0.09876825650219996,10.206795636335332,0.11166660937001191,-0.024717528310637622,0.9999806894573375,0.049930685199797153
0.9131815034367741,0.04558846180701328,0.0994505308288404,10.256832860160362,0.08102032380667094,-0.00968435359610915,0.9999999995864942,0.05003722384572029
0.9131815034367741,0.04558846180701328,0.0994505308288404,10.30676920313595,0.08921184149707831,-0.025870956628216507,0.9999999998227922,0.04993634298443794
0.9131815034367741,0.04558846180701328,0.0994505308288404,10.356757943235378,0.09897306265667283,-0.0311495931515054,0.9999999995122654,0.049988740123808384
0.9131815034367741,0.04558846180701328,0.0994505308288404,10.406796681170967,0.10862186864221289,-0.03603059376674369,0.9999999998439664,0.05003873794339597
0.9346698253312443,0.044658899516299956,0.09787303205005914,10.45676734222798,0.07668417313255921,-0.028047833775115334,0.9999999999970824,0.049970661057159305
0.9346698253312443,0.044658899516299956,0.09787303205005914,10.507121328206015,0.08501932689077465,-0.04445357973892797,0.999999999994909,0.05035398597829044
0.9346698253312443,0.044658899516299956,0.09787303205005914,10.556869060205981,0.09461231049871396,-0.04885535851446735,0.9999999999533332,0.0497477320022881
0.9346698253312443,0.044658899516299956,0.09787303205005914,10.60706729714529,0.10385831018969958,-0.05332217091600372,0.9999999998663939,0.05019823694601655
0.9547882776360969,0.04487822491097418,0.09358007191134002,10.656814641249456,0.07394717579275523,-0.04823958587055726,0.9999999999543637,0.049747344106435776
0.9547882776360969,0.04487822491097418,0.09358007191134002,10.706758985225603,0.08139351959102718,-0.06438958983045681,0.9999999999894047,0.049944343976676464
0.9547882776360969,0.04487822491097418,0.09358007191134002,10.756816508178064,0.0903498807790475,-0.06947097602082507,0.9999999999980702,0.05005752295255661
0.9547882776360969,0.04487822491097418,0.09358007191134002,10.806728263082178,0.09909404198403182,-0.07482241236741266,0.999999999995967,0.049911754904314876
0.974077907299145,0.04118164382890031,0.0872539611055173,10.856878486157271,0.07380883584584585,-0.05188980283512101,0.9999999999750769,0.050150223076343536
0.974077907299145,0.04118164382890031,0.0872539611055173,10.907142649096764,0.080028575274344,-0.06575023616459603,0.9999999999348789,0.05026416294276714
0.974077907299145,0.04118164382890031,0.0872539611055173,10.956752756068196,0.08862490264033002,-0.07071039223050342,0.9999999999688655,0.04961010697297752
0.974077907299145,0.04118164382890031,0.0872539611055173,11.00691689706158,0.09736908537399683,-0.07509021373662243,0.9999999999931066,0.050164140993729234
0.9956522595495354,0.038115824877198584,0.07779186272605482,11.056961180099544,0.06698085445835246,-0.0523807651529485,0.9999999999991713,0.05004428303800523
0.9956522595495354,0.038115824877198584,0.07779186272605482,11.106938894062521,0.07243704683995439,-0.06744613091013721,0.9999999999992072,0.04997771396301687
0.9956522595495354,0.038115824877198584,0.07779186272605482,11.156741889116299,0.08066628645614124,-0.072980759709621,0.9999999999945124,0.04980299505405128
0.9956522595495354,0.038115824877198584,0.07779186272605482,11.206807016083385,0.08909798423176667,-0.07812860286157373,0.9999999999708004,0.0500651269685477
1.0148228579088099,0.03522254686253558,0.06804550164156682,11.256746329054375,0.06345650422605825,-0.05527809364289486,0.9999999999771976,0.04993931297212839
1.0148228579088099,0.03522254686253558,0.06804550164156682,11.306975337130693,0.06922058297956912,-0.06762107217591201,0.9999999999921624,0.05022900807671249
1.0148228579088099,0.03522254686253558,0.06804550164156682,11.356840918225856,0.07745844266320022,-0.07236115766582288,0.9999999999988853,0.04986558109521866
1.0148228579088099,0.03522254686253558,0.06804550164156682,11.406963077060539,0.08551893627710636,-0.0782636683994181,0.9999999999994239,0.05012215883471072
1.0148228579088099,0.03522254686253558,0.06804550164156682,11.456846852240556,0.0936019724733047,-0.08374250448984563,0.9999999999962201,0.0498837751802057
1.0313697547386522,0.03060546965957773,0.05762776258470363,11.50690273513317,0.07494845071485316,-0.050319853091737005,0.9999999999822675,0.05005588289350271
1.0313697547386522,0.03060546965957773,0.05762776258470363,11.556844942189336,0.08067244563030072,-0.061897723483396914,0.9999999999827195,0.04994220705702901
1.0313697547386522,0.03060546965957773,0.05762776258470363,11.606812054208671,0.08857707914454492,-0.06719102790840187,0.9999999999935442,0.04996711201965809
1.051916930593224,0.02844875822816337,0.04649942201706215,11.656766729113802,0.05935236587990267,-0.04506528848969951,0.9999999999992736,0.04995467490516603
1.051916930593224,0.02844875822816337,0.04649942201706215,11.70687447107504,0.06534688962762902,-0.056377726722743396,0.9999999999996493,0.05010774196125567
1.051916930593224,0.02844875822816337,0.04649942201706215,11.756873191251438,0.07376355248380514,-0.06055797983667369,0.999999999997616,0.04999872017651796
1.051916930593224,0.02844875822816337,0.04649942201706215,11.806890343232324,0.08200057113524126,-0.06597550662992684,0.9999999999858815,0.05001715198159218
1.0667935444695105,0.02589301847274952,0.03804396554153774,11.856696419100805,0.0639805228795651,-0.044256178499941054,0.9999999999870004,0.04980607586912811
1.0667935444695105,0.02589301847274952,0.03804396554153774,11.906804671193775,0.071063074244103,-0.05335176910359799,0.9999999999954825,0.050108252093195915
1.0667935444695105,0.02589301847274952,0.03804396554153774,11.956776608162832,0.07924993479009332,-0.05792954314235519,0.9999999999993955,0.04997193696908653
1.0667935444695105,0.02589301847274952,0.03804396554153774,12.006840516262946,0.08774486525163264,-0.062078044983177975,0.9999999999997028,0.050063908100128174
1.0667935444695105,0.02589301847274952,0.03804396554153774,12.056834373072869,0.09621358866993177,-0.06609834457826899,0.9999999999977996,0.04999385681003332
1.0842028773159516,0.022369461287800343,0.0300656007212058,12.106785849117225,0.07389852477683892,-0.036936310370028966,0.9999999999880416,0.04995147604495287
1.0842028773159516,0.022369461287800343,0.0300656007212058,12.156905064273577,0.08269967883734315,-0.044067793478178865,0.9999999999894128,0.050119215156883
1.0842028773159516,0.022369461287800343,0.0300656007212058,12.206924622094034,0.09080312151948647,-0.04940610543531453,0.9999999999964815,0.050019557820633054
1.0842028773159516,0.022369461287800343,0.0300656007212058,12.256749976107605,0.09928797300356787,-0.05365312643681513,0.9999999999995586,0.049825354013592005
1.1036282972883409,0.02256038347667258,0.021125106602657623,12.306771586097518,0.06970290112429561,-0.046542632354542535,0.9999999999997686,0.05002160998992622
1.1036282972883409,0.02256038347667258,0.021125106602657623,12.356747250219446,0.0767836627042799,-0.052322274228141216,0.9999999999979404,0.04997566412203014
1.1036282972883409,0.02256038347667258,0.021125106602657623,12.406731318130156,0.08540659752587548,-0.055647465662763615,0.9999999999885659,0.04998406791128218
1.1036282972883409,0.02256038347667258,0.021125106602657623,12.456729391269835,0.09425542618820323,-0.05858434062744299,0.9999999999903992,0.04999807314015925
1.122425394840151,0.021001512800763338,0.012524367390578833,12.50681764716874,0.06753053085212188,-0.03898873584976459,0.9999999999975427,0.05008825589902699
1.122425394840151,0.021001512800763338,0.012524367390578833,12.55684035611929,0.07645953092948164,-0.04405120145726179,0.9999999999997101,0.050022708950564265
1.122425394840151,0.021001512800763338,0.012524367390578833,12.606769542122562,0.08502174392644508,-0.04747143792414098,0.9999999999997774,0.049929186003282666
1.122425394840151,0.021001512800763338,0.012524367390578833,12.656841372052394,0.09388544366138032,-0.05043574575611165,0.9999999999977056,0.05007182992994785
1.140359557421426,0.021377258388456916,0.003664558815872429,12.706766644171982,0.06735747422188318,-0.04496219498722322,0.9999999999884862,0.049925272120162845
1.140359557421426,0.021377258388456916,0.003664558815872429,12.756804600269684,0.07530920561786564,-0.045561116439695244,0.9999999999921692,0.05003795609809458
1.140359557421426,0.021377258388456916,0.003664558815872429,12.806840150062978,0.08511022231366792,-0.047016037560139376,0.9999999999980508,0.05003554979339242
1.140359557421426,0.021377258388456916,0.003664558815872429,12.856816251208116,0.09330171144803143,-0.05091154150942551,0.9999999999997842,0.04997610114514828
1.1580749836023028,0.019647788758723955,-0.004038571699904037,12.906809311271676,0.06913273817536328,-0.027402295104629,0.9999999999997708,0.04999306006357074
1.1580749836023028,0.019647788758723955,-0.004038571699904037,12.956806618166048,0.08090875660800409,-0.027184535284364326,0.9999999999972233,0.049997306894510984
1.1580749836023028,0.019647788758723955,-0.004038571699904037,13.006769909201429,0.09089405476997628,-0.028503954267007133,0.9999999999882866,0.049963291035965085
1.1580749836023028,0.019647788758723955,-0.004038571699904037,13.056874314233585,0.10103555208841353,-0.029171525651202925,0.9999999999937321,0.05010440503247082
1.17474532551981,0.0155354452291306,-0.0108713985565426,13.106755294049039,0.0807904531737095,0.020179275311737885,0.9999999999990982,0.049880979815497994
1.17474532551981,0.0155354452291306,-0.0108713985565426,13.156761412186423,0.09787350977232331,0.02246446169954273,0.9999999999998759,0.05000611813738942
1.17474532551981,0.0155354452291306,-0.0108713985565426,13.206773670067872,0.10954008155339144,0.023988167733867333,0.9999999999997244,0.050012257881462574
1.17474532551981,0.0155354452291306,-0.0108713985565426,13.256838068043502,0.12117755801192148,0.026364873529064956,0.9999999999965609,0.05006439797580242
1.1935208288031367,0.015081431318488882,-0.011501066893896506,13.30687256707162,0.09310228451760796,0.032653697942051356,0.99999999998842,0.05003449902869761
1.1935208288031367,0.015081431318488882,-0.011501066893896506,13.356798040124408,0.10484425011781683,0.03884766623061893,0.9999999999955833,0.04992547305300832
1.2070463334966735,0.017211184510043682,-0.010301653823272073,13.406785151132159,0.0883359972292321,0.014933872039720863,0.9999999999990961,0.04998711100779474
1.2070463334966735,0.017211184510043682,-0.010301653823272073,13.456933237056019,0.09534926114680017,0.02530165548844493,0.9999999999998945,0.05014808592386544
1.2192076234990528,0.017590814644461696,-0.005991620433412813,13.506777991217318,0.0836598606117255,0.01868875344512516,0.9999999999996977,0.049844754161313176
1.2192076234990528,0.017590814644461696,-0.005991620433412813,13.55678177708994,0.0833672904140122,0.02838637942531569,0.9999999999958039,0.05000378587283194
1.2192076234990528,0.017590814644461696,-0.005991620433412813,13.606774393144875,0.0935829201886028,0.03216083936245434,0.9999999999880202,0.04999261605553329
1.2192076234990528,0.017590814644461696,-0.005991620433412813,13.656780520129647,0.10424376744956351,0.037583759856225724,0.9999999999963782,0.05000612698495388
1.2382675639447225,0.01652792132507118,-0.001996270607897521,13.706837133180027,0.07562750383338662,0.05116536583198479,0.99999999999957,0.05005661305040121
1.2382675639447225,0.01652792132507118,-0.001996270607897521,13.756815219206409,0.09253135241867334,0.06828848798778131,0.9999999999999231,0.049978086026385427
1.2382675639447225,0.01652792132507118,-0.001996270607897521,13.806932404080053,0.10666778028155009,0.07590295753549094,0.9999999999994846,0.05011718487367034
1.2382675639447225,0.01652792132507118,-0.001996270607897521,13.856839348237315,0.12001723474970247,0.08453376868754708,0.9999999999941159,0.0499069441575557
1.2576903133523285,0.015553393027925971,0.006560147598657093,13.906754640071359,0.0933416112593222,0.09704631841794978,0.999999999988401,0.04991529183462262
1.2576903133523285,0.015553393027925971,0.006560147598657093,13.956771199266019,0.1119993244820984,0.11774409571056219,0.9999999999977245,0.050016559194773436
1.2709410550923972,0.014937956382188792,0.013556323353819923,14.006681530178104,0.0997286285104257,0.13151955325654358,0.9999999999997523,0.04991033091209829
1.2709410550923972,0.014937956382188792,0.013556323353819923,14.056931184046476,0.11676260745861486,0.1493887589094673,0.9999999999998902,0.05024965386837721
1.2836801407502791,0.014533780324797298,0.023408303040173464,14.106942456122939,0.1050635932244504,0.1595058617238475,0.9999999999988846,0.050011272076517344
1.2836801407502791,0.014533780324797298,0.023408303040173464,14.156849198183124,0.12072484188815669,0.17758118538786405,0.9999999999925758,0.04990674206055701
1.2836801407502791,0.014533780324797298,0.023408303040173464,14.206820707209056,0.1337346142024363,0.19033798462996618,0.9999999999913594,0.04997150902636349
1.2961688329696217,0.013805729840663564,0.03502301836126043,14.256788898165853,0.11943356534662243,0.20435874982587116,0.9999999999987057,0.04996819095686078
1.2961688329696217,0.013805729840663564,0.03502301836126043,14.306802786094641,0.13272667781797493,0.2214991572213279,0.9999999999997862,0.050013887928798795
1.3076377539841229,0.014343411194870632,0.050567956176462855,14.356832556100104,0.12450330855808764,0.21771713200890816,0.9999999999993524,0.050029770005494356
1.3076377539841229,0.014343411194870632,0.050567956176462855,14.406762568186235,0.1373178666186832,0.23580880289037087,0.9999999999944783,0.04993001208640635
1.3203852919528976,0.013245160162825556,0.06939692143909526,14.456751684098036,0.12020796259032454,0.24849561002966428,0.9999999999866587,0.04998911591246724
1.3203852919528976,0.013245160162825556,0.06939692143909526,14.507127444165054,0.13155534561920834,0.2649629091500881,0.999999999995315,0.050375760067254305
1.3352409528553415,0.01258740643084917,0.08975957369206222,14.55687656616627,0.1085196311663615,0.2769735480889927,0.9999999999997145,0.04974912200123072
1.3352409528553415,0.01258740643084917,0.08975957369206222,14.606797274107317,0.1190526836221534,0.29267488711102774,0.9999999999998369,0.0499207079410553
1.350170246123846,0.014433528317977857,0.11137211350063132,14.65682135606011,0.1035897591986474,0.28254990598798213,0.999999999998469,0.05002408195286989
1.350170246123846,0.014433528317977857,0.11137211350063132,14.706747283132419,0.11503089817498824,0.2999750424665608,0.9999999999908883,0.04992592707276344
1.3631434859674858,0.015018785852023313,0.13605951097501226,14.756764344076704,0.09928933613418517,0.2983491573507822,0.9999999999894845,0.05001706094481051
1.3631434859674858,0.015018785852023313,0.13605951097501226,14.806754795039952,0.10989107123318123,0.31425278824641145,0.9999999999973901,0.04999045096337795
1.374032583899683,0.0164742861853389,0.16298922770621346,14.85673427618754,0.10335079102517127,0.3004527541694668,0.9999999999997199,0.0499794811476022
1.387243755624789,0.01894639378673494,0.19062036513045483,14.907018431133498,0.09615904672086045,0.2880146027815386,0.9999999999994634,0.05028415494598448
1.387243755624789,0.01894639378673494,0.19062036513045483,14.956932991181283,0.10755334148370381,0.3047418701569433,0.9999999999975125,0.04991456004790962
1.387243755624789,0.01894639378673494,0.19062036513045483,15.006766817202957,0.11513375878937003,0.3178951494037829,0.9999999999889809,0.04983382602222264
1.3970946921221035,0.022556150523417764,0.21817358426774358,15.05713126426187,0.11817108032487622,0.28577619867169146,0.9999999999960891,0.05036444705910981
1.3970946921221035,0.022556150523417764,0.21817358426774358,15.10678592803496,0.1304307730200781,0.30384144726976714,0.9999999999967214,0.04965466377325356
1.4069234391251084,0.02468265115886909,0.24762297223542726,15.15675515625232,0.12767214779630134,0.28467201950028914,0.9999999999996607,0.04996922821737826
1.4069234391251084,0.02468265115886909,0.24762297223542726,15.206938652224613,0.13817659288723425,0.30152772765193425,0.9999999999997609,0.050183495972305536
1.418096716809659,0.02833444698700577,0.27393460623520655,15.256809320203681,0.13341822479368204,0.2770247155981592,0.9999999999989411,0.04987066797912121
1.418096716809659,0.02833444698700577,0.27393460623520655,15.306852578088021,0.1449429912517186,0.2943432030761122,0.9999999999931697,0.050043257884681225
1.432721815249782,0.032213087498215186,0.30139049203949886,15.3568015840321,0.12823999176532835,0.28155418897512796,0.9999999999884728,0.049949005944654346
1.432721815249782,0.032213087498215186,0.30139049203949886,15.406925437175163,0.1380765910347011,0.29766702314842786,0.9999999999951957,0.050123853143304586
1.4455737740655796,0.036118842221284544,0.33198472572488474,15.456929524098001,0.12705771873134072,0.27714621666812683,0.9999999999996945,0.050004086922854185
1.4455737740655796,0.036118842221284544,0.33198472572488474,15.50687335421744,0.137569587218693,0.2930570564012918,0.9999999999998549,0.04994383011944592
1.4587099026356838,0.040256279199481985,0.36056697365070145,15.55676889526132,0.123395457870974,0.2753687934293715,0.9999999999985376,0.04989554104395211
1.4587099026356838,0.040256279199481985,0.36056697365070145,15.606695021171022,0.13442791503867482,0.28890712262840545,0.9999999999913851,0.04992612591013312
1.4700942452951526,0.04502703760861097,0.38915048554771137,15.656671469233224,0.12782913479100394,0.26407362087294617,0.999999999987883,0.04997644806280732
1.4700942452951526,0.04502703760861097,0.38915048554771137,15.706708989239257,0.14031176163303746,0.2777346832068092,0.9999999999946728,0.05003752000629902
1.4812489365304873,0.04903358661193301,0.41513928838169734,15.756724439228835,0.12969400904529624,0.26442700919183537,0.9999999999998312,0.05001544998958707
1.4812489365304873,0.04903358661193301,0.41513928838169734,15.806708375125138,0.140405150297104,0.2758062479015921,0.9999999999999287,0.04998393589630723
1.4935551466155295,0.055289015720353975,0.4428091252422819,15.856813640233948,0.13223113236763645,0.244120178014041,0.999999999998819,0.05010526510886848
1.4935551466155295,0.055289015720353975,0.4428091252422819,15.90670766112637,0.14829052115209396,0.25436697144853837,0.9999999999948482,0.04989402089267969
1.5051208686518223,0.06072043121305384,0.46846310810539454,15.956733865096885,0.139182984749825,0.23509871305145483,0.9999999999831848,0.050026203971356153
1.5051208686518223,0.06072043121305384,0.46846310810539454,16.00669161709143,0.1528045925166904,0.2426147148185918,0.9999999999918703,0.04995775199495256
1.5166148417629486,0.06797154869592992,0.4939529890491664,16.056719999193444,0.1480639248754339,0.20980695756256731,0.9999999999997412,0.050028382102027535
1.5166148417629486,0.06797154869592992,0.4939529890491664,16.106760084062113,0.16549480993371393,0.21744960498356786,0.9999999999999662,0.05004008486866951
1.5262197771402706,0.07371128353666809,0.5180380115333731,16.156733349097163,0.16382814199216827,0.1871010901988554,0.9999999999994482,0.04997326503507793
1.5262197771402706,0.07371128353666809,0.5180380115333731,16.206906127176335,0.18153366280650796,0.18994853555439714,0.9999999999977239,0.05017277807928622
1.5399789061111953,0.08262439623815915,0.5389182574253524,16.256716762101238,0.1687842567258728,0.16522245444641803,0.9999999999787119,0.049810634925961494
1.5399789061111953,0.08262439623815915,0.5389182574253524,16.306733238175468,0.1856566592366715,0.1639893933510219,0.9999999999999261,0.05001647607423365
1.5549908085777222,0.09152040043653721,0.5572435016267245,16.356702397242042,0.16331796680998378,0.1503589489975235,0.9999999999979043,0.049969159066677094
1.5549908085777222,0.09152040043653721,0.5572435016267245,16.406677572186744,0.176040450982715,0.14473932734786188,0.9999999999970691,0.04997517494484782
1.5705927655853538,0.10094473077602359,0.5731188650088517,16.456748693147354,0.14856840924482786,0.1317473509106321,0.9999999999994271,0.05007112096063793
1.5705927655853538,0.10094473077602359,0.5731188650088517,16.506742174168707,0.16112078188088383,0.11914831115938214,0.999999999999609,0.049993481021374464
1.584669378214294,0.1106138045087866,0.5899967876063851,16.55677188014576,0.13875927963310863,0.10328137981737034,0.9999999999996866,0.05002970597706735
1.584669378214294,0.1106138045087866,0.5899967876063851,16.606734758140156,0.15049420840726524,0.0898383369819683,0.9999999999998453,0.04996287799440324
1.5992861039811481,0.11958755728616652,0.601563788171164,16.656705810119853,0.1178546037325853,0.08596521778466533,0.9999999999977396,0.04997105197981
1.5992861039811481,0.11958755728616652,0.601563788171164,16.706689851255437,0.12585491807330765,0.06970229130220094,0.9999999999965353,0.04998404113575816
1.6112353090468088,0.12833539831003207,0.610296265656322,16.756698062074587,0.10541295964218172,0.05768688833675503,0.9999999999987509,0.05000821081921458
1.6112353090468088,0.12833539831003207,0.610296265656322,16.806727744070063,0.11565180164520864,0.042430137279796644,0.9999999999992665,0.050029681995511055
1.6112353090468088,0.12833539831003207,0.610296265656322,16.856743217109866,0.12380807673986538,0.04012655312056541,0.9999999999996698,0.05001547303982079
1.6112353090468088,0.12833539831003207,0.610296265656322,16.906689582056515,0.13078572325021856,0.036355281866636883,0.9999999999997234,0.04994636494666338
1.6313841260579145,0.14196299664656956,0.6229836758662496,16.956711845136244,0.07864923441302529,0.026865190444562665,0.9999999999969309,0.05002226307988167
1.6313841260579145,0.14196299664656956,0.6229836758662496,17.00688351005199,0.09269795160482112,0.0032858641126824253,0.999999999995311,0.05017166491597891
1.6412604747799746,0.14818912545034538,0.6257397579443064,17.056746781234185,0.0793634595236222,0.00033704250920305436,0.9999999999958764,0.04986327118240297
1.6412604747799746,0.14818912545034538,0.6257397579443064,17.106709454104703,0.08930054444278884,-0.013321446863503924,0.9999999999982471,0.049962672870606184
1.6412604747799746,0.14818912545034538,0.6257397579443064,17.1567256831456,0.09876362858853488,-0.016984083705489837,0.9999999999995121,0.050016229040920734
1.6412604747799746,0.14818912545034538,0.6257397579443064,17.20671314409783,0.10768937161682549,-0.021481307425260842,0.9999999999995948,0.04998746095225215
1.6561168017500902,0.15847786186030635,0.6264384177075735,17.25676422322941,0.08042542181960985,-0.026099161483963067,0.9999999999983749,0.050051079131662846
1.6561168017500902,0.15847786186030635,0.6264384177075735,17.306833190040688,0.08958128865115446,-0.04259882851117189,0.9999999999951004,0.05006896681152284
1.6561168017500902,0.15847786186030635,0.6264384177075735,17.356764936249416,0.09865599142497222,-0.0466946575849343,0.999999999993762,0.049931746209040284
1.6561168017500902,0.15847786186030635,0.6264384177075735,17.406717839080475,0.10720686908210134,-0.05140866780650739,0.9999999999984259,0.04995290283113718
1.6724043122238441,0.17040414120169295,0.622725385774227,17.456718075217278,0.07533887909195056,-0.05517737349696445,0.999999999999268,0.050000236136838794
1.6724043122238441,0.17040414120169295,0.622725385774227,17.50670872408668,0.08316681692048268,-0.07108663119205963,0.9999999999994815,0.04999064886942506
1.6724043122238441,0.17040414120169295,0.622725385774227,17.556677252182116,0.0917749659811766,-0.07551451022114686,0.9999999999961101,0.04996852809563279
1.6724043122238441,0.17040414120169295,0.622725385774227,17.60675779509994,0.10002456445188367,-0.08031454949507504,0.9999999999906248,0.05008054291829467
1.6724043122238441,0.17040414120169295,0.622725385774227,17.656788916221544,0.10823880579517287,-0.08516339076979113,0.9999999999976716,0.05003112112171948
1.6877008291532847,0.18214462356950165,0.6108874846193425,17.706811144143952,0.07808643761258595,-0.08557324693432773,0.9999999999990623,0.050022227922454476
1.6877008291532847,0.18214462356950165,0.6108874846193425,17.756926763231462,0.08407135552890938,-0.09860853721858634,0.9999999999983565,0.05011561908759177
1.6877008291532847,0.18214462356950165,0.6108874846193425,17.80673946010539,0.09227137018194169,-0.1035495862942238,0.999999999995698,0.04981269687414169
1.6877008291532847,0.18214462356950165,0.6108874846193425,17.85677760409721,0.10024866225954618,-0.10848761899730476,0.9999999999879255,0.05003814399242401
1.7044334608967966,0.19326403653114912,0.5935353156706132,17.906749271214924,0.06909665083127628,-0.10291528294404,0.9999999999868815,0.04997166711837053
1.7044334608967966,0.19326403653114912,0.5935353156706132,17.956979576158215,0.07413427243860587,-0.11464989183497398,0.9999999999979099,0.05023030494339764
1.7044334608967966,0.19326403653114912,0.5935353156706132,18.0068997171566,0.08221950387679708,-0.11959425829464702,0.9999999999989281,0.049920140998438
1.7044334608967966,0.19326403653114912,0.5935353156706132,18.056809711162042,0.09014885006194565,-0.12451338248968181,0.9999999999856999,0.04990999400615692
1.7187563134719022,0.20254560876162173,0.5732987792657172,18.10685405613289,0.06516397698039567,-0.11761232771244082,0.9999999999977659,0.050044344970956445
1.7187563134719022,0.20254560876162173,0.5732987792657172,18.156846926205557,0.07016423471066363,-0.12691291515069408,0.9999999999780252,0.049992870073765516
1.7187563134719022,0.20254560876162173,0.5732987792657172,18.206864746178066,0.07814085361159878,-0.13185394325793767,0.9999999999960122,0.05001781997270882
1.7187563134719022,0.20254560876162173,0.5732987792657172,18.25690299215026,0.08606246382613102,-0.13679573757797675,0.9999999999989061,0.05003824597224593
1.7312760833860537,0.21188558786487102,0.552169669113181,18.306787504239363,0.06351593744961469,-0.13286262237841476,0.9999999999982551,0.04988451208919287
1.7312760833860537,0.21188558786487102,0.552169669113181,18.356762635176356,0.06895449833661062,-0.14049794467323376,0.9999999999427134,0.04997513093985617
1.7312760833860537,0.21188558786487102,0.552169669113181,18.406700207038337,0.0768952621705089,-0.145509440287426,0.9999999999480764,0.04993757186457515
1.7312760833860537,0.21188558786487102,0.552169669113181,18.456857969573374,0.08474002790870952,-0.150501754461215,0.9999999894558771,0.05015776306390762
1.743449275794886,0.21875863535273238,0.5267620547775492,18.507303917597408,0.06660763407606769,-0.13970982269979138,0.999999999902845,0.05044594802893698
1.743449275794886,0.21875863535273238,0.5267620547775492,18.556796577850776,0.07215915672156673,-0.14629051445617317,0.9999998456045246,0.04949266789481044
1.743449275794886,0.21875863535273238,0.5267620547775492,18.606965380510875,0.08005688659329702,-0.1512288490483089,0.99996947606687,0.05017033405601978
1.743449275794886,0.21875863535273238,0.5267620547775492,18.6569920900905,0.0880222729941337,-0.15626918670640008,0.9997324061495737,0.05004010000266135
1.7554385796409016,0.22652351910596874,0.5002788467842239,18.70677157196309,0.0688822931781626,-0.14769767912129939,0.9999497766908919,0.04978198208846152
1.7554385796409016,0.22652351910596874,0.5002788467842239,18.756745961096176,0.07469625974852105,-0.15345225271038487,0.9996616846205515,0.04999130195938051
1.7554385796409016,0.22652351910596874,0.5002788467842239,18.806744397107302,0.08263345864267517,-0.15844189994416671,0.9993903715193188,0.05002893507480621
1.7554385796409016,0.22652351910596874,0.5002788467842239,18.85670136287471,0.09053702502325578,-0.16347557308302096,0.999122653716974,0.05000083381310105
1.7554385796409016,0.22652351910596874,0.5002788467842239,18.906775694215725,0.09839785366590437,-0.16863509169802804,0.9988545044591985,0.050131757045164704
1.7703909842551024,0.23455272806860053,0.4720889769583602,18.95661474350355,0.074400284754906,-0.15682921912810996,0.9991659924364427,0.04988065012730658
1.7703909842551024,0.23455272806860053,0.4720889769583602,19.006599718867776,0.0808650522489234,-0.1619496224939925,0.9989838377218769,0.05003581987693906
1.7703909842551024,0.23455272806860053,0.4720889769583602,19.05651514577427,0.08887023171779876,-0.1669768018905515,0.9987343756663888,0.049978681141510606
1.7703909842551024,0.23455272806860053,0.4720889769583602,19.106429060660943,0.09682589221128544,-0.17205274078738717,0.9984828071676645,0.04998975899070501
1.7850823432281482,0.24172919574725452,0.44303740470944686,19.15650680261999,0.07434579888971765,-0.15894021303093595,0.9988138953112062,0.05013720993883908
1.7850823432281482,0.24172919574725452,0.44303740470944686,19.206330029025104,0.08140928675516519,-0.16337754353115477,0.9985615083575442,0.049894999945536256
1.7850823432281482,0.24172919574725452,0.44303740470944686,19.256194853733774,0.08951616085225898,-0.16829543149825818,0.9983278446544073,0.04994834610261023
1.7850823432281482,0.24172919574725452,0.44303740470944686,19.306319266175525,0.09759699479651343,-0.17327659612067892,0.9981972592121268,0.05021493695676327
1.801070712954692,0.24848493974986308,0.41357197263513285,19.356077426656142,0.07354087441887527,-0.15849718525890472,0.9985847417848,0.049828680930659175
1.801070712954692,0.24848493974986308,0.41357197263513285,19.40595803250414,0.08108938786822155,-0.1623117595523477,0.9983589499987198,0.04996259696781635
1.801070712954692,0.24848493974986308,0.41357197263513285,19.455931096793176,0.08934806754546733,-0.16709808451440925,0.9981395892377313,0.05006620800122619
1.801070712954692,0.24848493974986308,0.41357197263513285,19.505765004040057,0.09757966299597602,-0.17192834221109723,0.9979182161153661,0.0499378670938313
1.8170812513081414,0.2556976616457572,0.38293303450562355,19.555627249058773,0.07279361179030495,-0.1583768682745076,0.9982516561077976,0.04994957405142486
1.8170812513081414,0.2556976616457572,0.38293303450562355,19.60571274850581,0.08081217578260218,-0.161573874184286,0.9981657822635726,0.050177535973489285
1.8170812513081414,0.2556976616457572,0.38293303450562355,19.65548705142435,0.0892523206978689,-0.16623876453194716,0.997959281933916,0.049876085948199034
1.8170812513081414,0.2556976616457572,0.38293303450562355,19.70568163958677,0.0975898751921603,-0.17090425159759845,0.9977524321882274,0.05030765803530812
1.832999917716068,0.2613653214779511,0.3530226967594364,19.755322871818947,0.07471927388299088,-0.1551470720866072,0.9981285416362387,0.049734307918697596
1.832999917716068,0.2613653214779511,0.3530226967594364,19.80539600924806,0.08328824929646124,-0.15785332912482417,0.9979595090114365,0.05017552012577653
1.832999917716068,0.2613653214779511,0.3530226967594364,19.8551387795692,0.09187946823404512,-0.1623405883532472,0.9977625895541881,0.049854314886033535
1.832999917716068,0.2613653214779511,0.3530226967594364,19.905215327214496,0.10037175212776671,-0.16682746275912283,0.9976773051919431,0.05019313097000122
1.8482646067177764,0.26696654130503034,0.3224401104546698,19.954887566860076,0.07860218661634322,-0.15169486552982314,0.998005154913738,0.04977152612991631
1.8482646067177764,0.26696654130503034,0.3224401104546698,20.004841161297865,0.0875889964371594,-0.15401014776453711,0.9978635785130316,0.050060544861480594
1.8482646067177764,0.26696654130503034,0.3224401104546698,20.05482135048173,0.09630994930065687,-0.15831544318263113,0.9976802730556883,0.050096399150788784
1.8482646067177764,0.26696654130503034,0.3224401104546698,20.104453405326222,0.10498736889008217,-0.16261010297928194,0.9974961732444245,0.04975663684308529
1.8656726407528283,0.2729872752400338,0.293632519710379,20.15449867610197,0.07864678994077362,-0.1489781365716452,0.9978327076640467,0.050153969088569283
1.8656726407528283,0.2729872752400338,0.293632519710379,20.204199727697006,0.08802350440237425,-0.1505319851679069,0.9978159852184246,0.04980983701534569
1.8656726407528283,0.2729872752400338,0.293632519710379,20.25433938673098,0.09683959878032274,-0.1546371690601483,0.9976432665073617,0.05025810399092734
1.8656726407528283,0.2729872752400338,0.293632519710379,20.304047684939597,0.10567928589897775,-0.15873551199257568,0.9974674034392466,0.049834508914500475
1.8838193663634908,0.2781176681848955,0.2659497064623566,20.353861550354427,0.07870669889490527,-0.14411038513668328,0.9978316086253056,0.049922116100788116
1.8838193663634908,0.2781176681848955,0.2659497064623566,20.403744600422296,0.08842155671166785,-0.14511208600201517,0.9977170727869044,0.04999719001352787
1.8838193663634908,0.2781176681848955,0.2659497064623566,20.453741406833267,0.09740450691548652,-0.1490106232321799,0.9975488944793601,0.050119654973968863
1.8838193663634908,0.2781176681848955,0.2659497064623566,20.503613807033886,0.10635792678610002,-0.15288096859933464,0.9974953072489988,0.04999762889929116
1.8838193663634908,0.2781176681848955,0.2659497064623566,20.553834353430698,0.11527236124932325,-0.15681352707846796,0.9973334881700103,0.05035481811501086
1.9019185945958705,0.2828232884718234,0.23933067674457423,20.603263273374832,0.08869581909825855,-0.1425462723772516,0.9976743162194459,0.049544143956154585
1.9019185945958705,0.2828232884718234,0.23933067674457423,20.653393223819503,0.09868303910706494,-0.14307017326295515,0.9975817721778931,0.05025146994739771
1.9130231214687128,0.2850999560234407,0.2244702206673251,20.70301098273638,0.0862153894265982,-0.13616876811303522,0.9977220009229001,0.04973104619421065
1.9130231214687128,0.2850999560234407,0.2244702206673251,20.75291998575111,0.09594152526523148,-0.13743972655069162,0.9976061213930322,0.05002876580692828
1.9130231214687128,0.2850999560234407,0.2244702206673251,20.80282676670017,0.10512423091434177,-0.1409827098496481,0.9975619377622251,0.050028754165396094
1.9130231214687128,0.2850999560234407,0.2244702206673251,20.852732417406433,0.11423873203473062,-0.14450468382828158,0.9974105382237158,0.050035214982926846
1.9335355643560987,0.28901696268321275,0.20149723834414845,20.902631231160157,0.08323762680181981,-0.13109741595381763,0.9977841219945449,0.05000962899066508
1.9335355643560987,0.28901696268321275,0.20149723834414845,20.952497962799917,0.0934949885337048,-0.13070091674396606,0.9976901328219508,0.049982183845713735
1.9415111284013342,0.29027290481502915,0.1887852422464354,21.002329412449296,0.087492338187867,-0.12468627521880093,0.9977571561859716,0.04994346504099667
1.9415111284013342,0.29027290481502915,0.1887852422464354,21.052213377536173,0.09743109981071767,-0.12615437859531384,0.9976470367272755,0.050001617055386305
1.9415111284013342,0.29027290481502915,0.1887852422464354,21.102095826492445,0.1067551264034959,-0.1293291337868722,0.99761192574787,0.05000185710377991
1.9415111284013342,0.29027290481502915,0.1887852422464354,21.151917013654096,0.11602717174372018,-0.13248038236472623,0.9974685352650077,0.04994762782007456
1.9593092207565264,0.29295412572472707,0.16693056478682547,21.201896417179423,0.09080215568669586,-0.11892294296437178,0.9977764839709463,0.05009078118018806
1.9593092207565264,0.29295412572472707,0.16693056478682547,21.251927656589896,0.1013325742827364,-0.11868395695760196,0.9976922327234987,0.05014696693979204
1.9679630916671886,0.2934363304577557,0.1553807902601267,21.30185067292104,0.09446672291944011,-0.11126246221879851,0.9977818753149192,0.05003399797715247
1.9679630916671886,0.2934363304577557,0.1553807902601267,21.351822955727883,0.10461374885042861,-0.11233534223712975,0.9976708978256338,0.050088945077732205
1.9679630916671886,0.2934363304577557,0.1553807902601267,21.401499030923276,0.1141083882357794,-0.11510837655306809,0.997641545393657,0.04979351093061268
1.9679630916671886,0.2934363304577557,0.1553807902601267,21.451591648955873,0.12349971297300802,-0.11784970747332431,0.9975051920274256,0.0502179020550102
1.9878996365585295,0.296406199102355,0.13474805909217927,21.50119907704513,0.09378776772891488,-0.10604669884869786,0.9978252096272138,0.04971554898656905
1.9878996365585295,0.296406199102355,0.13474805909217927,21.551384780087794,0.10427101390778788,-0.10523225918164533,0.9977448150457905,0.05029913689941168
2.0001096890284487,0.29701792468265537,0.12256259509947608,21.600979025949634,0.09039678408158465,-0.0968347087826643,0.9978999778996326,0.04969861404970288
2.0001096890284487,0.29701792468265537,0.12256259509947608,21.65118208826335,0.10064216064248364,-0.09700548811883276,0.9977946384239719,0.05031402292661369
2.010889257489873,0.2985922727336968,0.11405366182972618,21.701002467142782,0.08884220439436517,-0.09457493543998617,0.9979955658350074,0.04992044111713767
2.010889257489873,0.2985922727336968,0.11405366182972618,21.75066314446941,0.09880289194299262,-0.09479888251912298,0.9978884761222373,0.049765758914873004
2.010889257489873,0.2985922727336968,0.11405366182972618,21.80056932348108,0.1085404145683991,-0.09703788401890699,0.9977504990835652,0.05001869611442089
2.010889257489873,0.2985922727336968,0.11405366182972618,21.850460896233905,0.11827550877915297,-0.09926015626453064,0.997618526568137,0.050010671839118004
2.010889257489873,0.2985922727336968,0.11405366182972618,21.900194709320584,0.12793021857192813,-0.10148264713195253,0.9966662436815353,0.04990016808733344
2.030264736765188,0.3009730704742008,0.09856920649908683,21.9500211747202,0.09921190875464425,-0.09356401433801387,0.9969414241997532,0.049979330971837044
2.030264736765188,0.3009730704742008,0.09856920649908683,21.999900096070036,0.10973922035354866,-0.09232111192258449,0.9969615679397048,0.05003093695268035
2.038996371931566,0.30184274110395626,0.08920577056843895,22.049846528313026,0.10240098220603402,-0.08796769959069442,0.9970296396957871,0.050095233134925365
2.038996371931566,0.30184274110395626,0.08920577056843895,22.100287884046416,0.11273426428035123,-0.08826600796598337,0.9969361215729173,0.05059637688100338
2.053270007522994,0.30410367527114546,0.08123189736508446,22.149589828841503,0.09390271532241558,-0.08796616151413056,0.997096982034953,0.0494454859290272
2.0631336950144274,0.3053211414462357,0.07339704147844231,22.200040330346816,0.08418496853751464,-0.08317267709381312,0.9971311834262555,0.05059565114788711
2.0631336950144274,0.3053211414462357,0.07339704147844231,22.249259916321584,0.0945729886193109,-0.08301676375686678,0.9970456450371542,0.049365428974851966
2.0631336950144274,0.3053211414462357,0.07339704147844231,22.29904378908391,0.10433615054229678,-0.08481156797467573,0.9970486376164794,0.04993123793974519
2.0728485200360662,0.306820109545247,0.064491118246038,22.34893519520761,0.09472225963555973,-0.08271689680543261,0.9971494418409985,0.050034031039103866
2.0728485200360662,0.306820109545247,0.064491118246038,22.398763768454273,0.10502483118451392,-0.08245982546312242,0.9970848818934361,0.04997425409965217
2.0728485200360662,0.306820109545247,0.064491118246038,22.44864304500763,0.11492001204127852,-0.08417486581402929,0.9969884560166493,0.050029943929985166
2.0728485200360662,0.306820109545247,0.064491118246038,22.498783133978904,0.12478902143875928,-0.08584813978524199,0.9968887741678345,0.05029657296836376
2.092695986699373,0.3072190857240489,0.05045772215175542,22.548284861103863,0.09573867640210722,-0.07529798617135244,0.997221496158723,0.0496396510861814
2.092695986699373,0.3072190857240489,0.05045772215175542,22.598266815981273,0.10647666870801688,-0.0734083858703773,0.9972734067687398,0.05011860793456435
2.10656564488189,0.30861874690466606,0.0421448132402828,22.648037394501205,0.08872785951921647,-0.07141090670685449,0.9974661331093614,0.049897010903805494
2.10656564488189,0.30861874690466606,0.0421448132402828,22.6979607264751,0.09899721726308554,-0.07022901615842095,0.9974108798021442,0.050052925013005733
2.117309625793522,0.3095930189753399,0.03541417461129625,22.747725495923692,0.08272672637215739,-0.00859564990428966,0.9955769982410562,0.04998585698194802
2.117309625793522,0.3095930189753399,0.03541417461129625,22.797593988591732,0.10240986835563157,-0.08538775261714876,0.9974252674329548,0.049997222144156694
2.117309625793522,0.3095930189753399,0.03541417461129625,22.847383279652217,0.10138607285872898,0.013314080668974049,0.9953974385064188,0.050019508926197886
2.117309625793522,0.3095930189753399,0.03541417461129625,22.897274525832646,0.12355779106606955,-0.09474052421276653,0.9974611891266707,0.05001823301427066
2.1352980400903805,0.3108260122218546,0.024757790640973894,22.947064731639845,0.08521470251844548,0.02571181916128018,0.9949941120267835,0.050040703965350986
2.1352980400903805,0.3108260122218546,0.024757790640973894,22.996822056743927,0.10865607955765827,-0.09216563436971081,0.9976269201996363,0.04987568408250809
2.146597359836304,0.3111270156556692,0.020566815112807068,23.046703422701718,0.08329689116158943,0.03718667620090685,0.995575457515709,0.05010304902680218
2.146597359836304,0.3111270156556692,0.020566815112807068,23.09658147191239,0.10668330922065208,-0.0934732289031815,0.9976451670595644,0.04999578092247248
2.1574750797610003,0.3113375311053305,0.01630326479521229,23.14631266808957,0.08229737686030043,0.05223166918036776,0.995017651435459,0.049980215029791
2.1574750797610003,0.3113375311053305,0.01630326479521229,23.19615197790479,0.10593447528127344,-0.09352844987554901,0.997952123685075,0.04994158400222659
2.1574750797610003,0.3113375311053305,0.01630326479521229,23.245933247213124,0.10321452414352614,0.06597970382263937,0.9951648440037971,0.050023138988763094
2.1574750797610003,0.3113375311053305,0.01630326479521229,23.2958158899111,0.12676083563075705,-0.09782131904269123,0.9976251608820258,0.05000138795003295
2.177322650866526,0.3118430061293149,0.013076268778838747,23.34556757395436,0.08344417147484688,0.07050444355849189,0.9959248156689001,0.04995526093989611
2.177322650866526,0.3118430061293149,0.013076268778838747,23.395471238267234,0.10779473710235787,-0.09947720206482452,0.9978053557070329,0.050013425992801785
2.1883223419071003,0.3122486759437308,0.011034589404564024,23.445359486979374,0.08229548916854684,0.08857746337250302,0.9955954488423181,0.050108956173062325
2.1883223419071003,0.3122486759437308,0.011034589404564024,23.495232956995977,0.10730485964100202,-0.10209525575105752,0.9983506045153632,0.04995586699806154
2.199142158227449,0.3118229463713104,0.0060317887863500395,23.54487254375808,0.08203978029287853,0.1091369895162411,0.9952944031889999,0.049874274991452694
2.199142158227449,0.3118229463713104,0.0060317887863500395,23.594834237092144,0.10711949261932666,-0.10068881587280903,0.9982834601206607,0.05004760203883052
2.199142158227449,0.3118229463713104,0.0060317887863500395,23.64462616448106,0.10343576993524968,0.12573294623973882,0.9946665729069645,0.050058912951499224
2.199142158227449,0.3118229463713104,0.0060317887863500395,23.69444160094777,0.1284904464236245,-0.10562254394058751,0.9979030015319259,0.049920118879526854
2.199142158227449,0.3118229463713104,0.0060317887863500395,23.744266527900137,0.12387905149307804,0.1340970216184641,0.99507208274031,0.0500716760288924
2.21728176015157,0.31161867673798144,0.007269109265364359,23.794276905695657,0.11275076890766988,-0.11010386913864686,0.9983684185027869,0.05009210715070367
2.21728176015157,0.31161867673798144,0.007269109265364359,23.843928600757078,0.10892443132396092,0.152027175487891,0.9948905678667441,0.04990668990649283
2.2276331606207007,0.31144658378057993,0.009950203042193921,23.893898768142293,0.11443276816566439,-0.114706901863706,0.998233278309197,0.05005860701203346
2.2276331606207007,0.31144658378057993,0.009950203042193921,23.943572921312917,0.10956822171244135,0.16854943069311631,0.9944040427651252,0.04995369189418852
2.240611770571214,0.3121427463417862,0.009484094186692762,23.993539359716106,0.11064587920185442,-0.11944777584762153,0.9980703987593678,0.05006304010748863
2.240611770571214,0.3121427463417862,0.009484094186692762,24.043221748665736,0.10474951959718617,0.18123637061447065,0.9949709721223604,0.04993350594304502
2.2522171174618255,0.31255143130353963,0.011083450901535877,24.093220008084135,0.11010809876223648,-0.12864677175098208,0.9983414233054314,0.05008132313378155
2.2522171174618255,0.31255143130353963,0.011083450901535877,24.14301086592685,0.10337079854845206,0.1975272976531823,0.9946517856953567,0.05005858186632395
2.263187926026022,0.31253283277254473,0.013086274259711756,24.192859425356804,0.11115419269813658,-0.13363183828860534,0.9981970945925249,0.04993859399110079
2.263187926026022,0.31253283277254473,0.013086274259711756,24.24252321234905,0.10373865651328575,0.21623451151755077,0.994090218628615,0.04995903396047652
2.2743974895167383,0.3126101986493871,0.015540677837822356,24.292359528458316,0.11217112899829991,-0.13913668135989124,0.9979691706212326,0.04993773112073541
2.2743974895167383,0.3126101986493871,0.015540677837822356,24.34202780000993,0.10352294492984633,0.23041724178871395,0.9944856624810435,0.04994367784820497
2.285046428279218,0.3124539761251835,0.018034323452157497,24.391960340023694,0.11455224942356731,-0.14913543555608835,0.9981766443988248,0.05002375110052526
2.285046428279218,0.3124539761251835,0.018034323452157497,24.441656273571688,0.10548326377537934,0.2505096686384366,0.99398974257763,0.049996424932032824
2.295831943375835,0.3123500500952663,0.021561165768413496,24.49162233957969,0.11749816848888486,-0.15461549078068404,0.9979803116054692,0.05006718612276018
2.295831943375835,0.3123500500952663,0.021561165768413496,24.541222550374993,0.10749835038069623,0.2718392243432486,0.9932841621416523,0.04993556998670101
2.3067038437068863,0.31288488651791385,0.02556423023014928,24.591096721282685,0.12132084957030387,-0.16214768453980588,0.9976713804085907,0.04999057995155454
2.3067038437068863,0.31288488651791385,0.02556423023014928,24.640987436360938,0.10982571577223457,0.2868540824355818,0.9935283186911509,0.050215695053339005
2.3184269225254757,0.31368813149976654,0.03267384034723936,24.690780799241914,0.12510800864166155,-0.179487095360093,0.9978001974057948,0.04990313993766904
2.3184269225254757,0.31368813149976654,0.03267384034723936,24.740524252759272,0.11131749899730904,0.3045450972367606,0.9930179034882938,0.05009320913814008
2.3321373482606838,0.31459173286446485,0.03883209616961807,24.79033001537395,0.12427417140374131,-0.18719293073618443,0.9975434378632836,0.049928414868190885
2.3321373482606838,0.31459173286446485,0.03883209616961807,24.83994744932899,0.10914601479438131,0.324386918000177,0.9922657245924839,0.05000418005511165
2.3434368889505,0.3144092369318723,0.04538834582744556,24.889787611585252,0.12907955311160407,-0.19192440458482235,0.9971519691205515,0.049982513999566436
2.3434368889505,0.3144092369318723,0.04538834582744556,24.939420347695982,0.11416446797140067,0.3441204090409446,0.9921571743569172,0.0500250740442425
2.356031222199651,0.31539475777687004,0.04969878715707928,24.98921514401592,0.13431385157356443,-0.2064503382283322,0.9971768814816524,0.049935770919546485
2.356031222199651,0.31539475777687004,0.04969878715707928,25.03870364873765,0.11660271033740102,0.370889123303309,0.9912413746303225,0.04992578597739339
2.356031222199651,0.31539475777687004,0.04969878715707928,25.088602141951647,0.1653905889836519,-0.20990028135755362,0.9965357690138563,0.05007195402868092
2.3680912332958672,0.3158866414166222,0.056368589964179025,25.138145144356024,0.12398636464914176,0.38959614378017876,0.9914099641836741,0.04997226595878601
2.3680912332958672,0.3158866414166222,0.056368589964179025,25.18794341356748,0.17375506260112966,-0.22407484805903527,0.9959791856607432,0.049999307142570615
2.380052510716738,0.31631243627013694,0.07096470183228973,25.237445523827738,0.1253839604958138,0.41264846822006035,0.9901058896697307,0.04999678395688534
2.380052510716738,0.31631243627013694,0.07096470183228973,25.28722948724106,0.17997448961410306,-0.22719482692147602,0.9955790132759357,0.050005035009235144
2.3929772664497917,0.31738232273931494,0.08510858137559657,25.336668118759818,0.12596795364725547,0.4386412905734887,0.9888698180237321,0.04999508592300117
2.3929772664497917,0.31738232273931494,0.08510858137559657,25.386389085009927,0.18628888465575413,-0.22878258540889002,0.9951698013551528,0.04996229405514896
2.4071051299196853,0.3187831829383087,0.10235445219204883,25.435828241558834,0.13870611886544462,0.45831844582268394,0.9881868818528894,0.050030168844386935
2.42032674882445,0.3202919428131011,0.1250523747649868,25.48604041779431,0.17055763490320358,-0.24388928216674027,0.9944156724308687,0.05049415212124586
2.42032674882445,0.3202919428131011,0.1250523747649868,25.5348510614199,0.14067685863892643,0.4975222754424042,0.9852211046282687,0.049542831955477595
2.4341896290708362,0.32184414935224065,0.14655751705065612,25.58449772198016,0.18054276814075565,-0.23660824669001396,0.9935772660792057,0.049967589089646935
2.4341896290708362,0.32184414935224065,0.14655751705065612,25.633675813220357,0.16282205499403657,0.5416730727133383,0.9829375633841337,0.050031754886731505
2.4469024599714575,0.3240389117278088,0.16653627404013321,25.68364861198431,0.011705691643766947,3.8843799417209723e-05,0.9848301831921649,0.050742554012686014
2.4469024599714575,0.3240389117278088,0.16653627404013321,25.73219991679221,0.013266788142665005,0.3022783335204085,0.9849180307003051,0.04929476696997881
2.4469024599714575,0.3240389117278088,0.16653627404013321,25.78163497240309,8.881784197001252e-14,0.328533319702679,0.9890188017525796,0.04998393915593624
2.4621364698467665,0.32681519922320595,0.18828513417857606,25.83117206749062,2.1605909160792326e-12,0.29727414084550463,0.9910255739633669,0.049985687946900725
2.4621364698467665,0.32681519922320595,0.18828513417857606,25.88078561337296,4.476051581763649e-13,0.27022632120874923,0.9923879616291638,0.049994102912023664
2.4621364698467665,0.32681519922320595,0.18828513417857606,25.930410326935366,4.1232610909845066e-12,0.27370321935347336,0.9923499013753895,0.05000727414153516
2.4621364698467665,0.32681519922320595,0.18828513417857606,25.980046785919335,3.261162531717458e-13,0.2762604563727342,0.992439804673664,0.05001457897014916
2.4668116899531944,0.3276503913615929,0.2553327809761449,26.029655666725755,2.5553549574659586e-15,0.24859886568252532,0.9924315224819034,0.0499872078653425
2.4668116899531944,0.3276503913615929,0.2553327809761449,26.07937619920209,7.114477059134149e-13,0.24911676404861466,0.9925285182713799,0.05009481497108936
2.4668116899531944,0.3276503913615929,0.2553327809761449,26.12896720211242,2.1035452171988685e-12,0.2559188204805102,0.9926887393484278,0.049956246046349406
2.4668116899531944,0.3276503913615929,0.2553327809761449,26.17858893793581,4.105321769130231e-12,0.261209574636971,0.992471577073513,0.049998142989352345
2.466970024495275,0.3274433568793043,0.30634352641561435,26.228163528163012,2.482201490563085e-12,0.23708346806838443,0.9924687284142372,0.049950783140957355
2.466970024495275,0.3274433568793043,0.30634352641561435,26.277787105455648,3.989038770182372e-12,0.24722230234651066,0.9925774545579923,0.049994664965197444
2.466970024495275,0.3274433568793043,0.30634352641561435,26.327421276934906,3.4801865237907394e-12,0.2558351311219542,0.992569643955019,0.0500057318713516
2.466970024495275,0.3274433568793043,0.30634352641561435,26.377145071512178,1.080084936841513e-12,0.2624826712754579,0.9926271402729878,0.05009312415495515
2.466970024495275,0.3274433568793043,0.30634352641561435,26.42662981707794,4.275950645060038e-12,0.2686698915121135,0.9928563462622448,0.0498407909180969
2.466970024495275,0.3274433568793043,0.30634352641561435,26.476463671168627,2.9927934177467208e-12,0.2747177602035252,0.9926852769390158,0.05020106094889343
2.4671128393901247,0.3278446237157843,0.38098527273728106,26.526136317106523,5.530119107519966e-12,0.22411331883191493,0.9928098356795337,0.050032387021929026
2.4671128393901247,0.3278446237157843,0.38098527273728106,26.575555732586338,3.1681869745664894e-13,0.2409246711286586,0.9934270692713454,0.04974639508873224
2.4671128393901247,0.3278446237157843,0.38098527273728106,26.625260109757033,6.237200534404711e-12,0.25913228307005254,0.9935508867535168,0.050027007004246116
2.4671128393901247,0.3278446237157843,0.38098527273728106,26.67506134552795,1.963081046497657e-12,0.2639000835167519,0.9937542083110107,0.05011423886753619
2.4671128393901247,0.3278446237157843,0.38098527273728106,26.724617934348007,2.1480447774110626e-11,0.2719877602645552,0.9941264218478679,0.04984938306733966
2.4671128393901247,0.3278446237157843,0.38098527273728106,26.77426449663316,1.4882912558908177e-11,0.2787960240285941,0.9940893178883281,0.04994175210595131
2.461137416702951,0.3263477672459412,0.4529558632002651,26.824061180598477,0.02974424441799518,0.2103531273986436,0.9944212436066725,0.05007604602724314
2.461137416702951,0.3263477672459412,0.4529558632002651,26.873867887333788,0.06100770751027981,0.23394896683544508,0.9953539372095993,0.0500391919631511
2.461137416702951,0.3263477672459412,0.4529558632002651,26.92373523979506,0.056686200129019725,0.24808579188978816,0.9956483132969653,0.05008530803024769
2.461137416702951,0.3263477672459412,0.4529558632002651,26.973557550663703,0.06350497545573267,0.25562175320019687,0.995977275699601,0.050023541785776615
2.4647887434975364,0.3286792164255533,0.5006156062574435,27.023270545056516,0.07355034481456471,0.19777852074589813,0.9966302932513923,0.04988107900135219
2.4647887434975364,0.3286792164255533,0.5006156062574435,27.073073529615307,0.09742501249915393,0.2059770171735236,0.9971207229958519,0.04994679521769285
2.4647887434975364,0.3286792164255533,0.5006156062574435,27.122995551732522,0.10596977642183616,0.21417963644352891,0.9975761042381606,0.05004332191310823
2.4647887434975364,0.3286792164255533,0.5006156062574435,27.17282761858115,0.11600802656260169,0.21977083978689177,0.9979047046361204,0.04993669898249209
2.476806484222749,0.33525108537083453,0.5412083522547122,27.222815716834507,0.10705516474083566,0.16482364770829888,0.9982596822778579,0.05007524508982897
2.476806484222749,0.33525108537083453,0.5412083522547122,27.272755586204223,0.11226466992008974,0.15936396040528542,0.9988313074521799,0.04999830201268196
2.476806484222749,0.33525108537083453,0.5412083522547122,27.322735718191304,0.12285232052811897,0.16528941215469567,0.9994360353946034,0.05000833491794765
2.476806484222749,0.33525108537083453,0.5412083522547122,27.372678930020196,0.13245979810982556,0.16622231579728602,0.99932104634246,0.0499771439936012
2.476806484222749,0.33525108537083453,0.5412083522547122,27.42271105009597,0.14276608904861748,0.16644814720458123,0.9996146771560552,0.050051406025886536
2.4930221975650166,0.34686692137306485,0.5773640688109771,27.47261111723796,0.12049767515451294,0.08470174947576604,0.9999107133093637,0.04990452295169234
2.4930221975650166,0.34686692137306485,0.5773640688109771,27.522669051130897,0.15486861468237437,0.07005834760918826,0.9999999998860192,0.05005793389864266
2.5044450349563623,0.35440907098960417,0.5958767827341074,27.572677178129425,0.14495409241515458,0.03079988145752715,0.9999999999669109,0.05000812700018287
2.5044450349563623,0.35440907098960417,0.5958767827341074,27.62262879223687,0.1759021811562089,0.012961626474234895,0.9999999998783309,0.049951614113524556
2.5149386474101316,0.3621959301789546,0.609038629525524,27.672718110309248,0.16814482277439713,-0.030004443051875166,0.99999999999909,0.05008931807242334
2.5149386474101316,0.3621959301789546,0.609038629525524,27.722918634117757,0.19633855895858293,-0.04999132160295343,0.9999999999982381,0.05020052380859852
2.5262867902215933,0.3709179539549139,0.613011449959662,27.772697689290823,0.18265682957600737,-0.08218476800506172,0.9999999999723733,0.049779055174440145
2.5262867902215933,0.3709179539549139,0.613011449959662,27.822651281300203,0.2040406688907847,-0.10300436619859886,0.9999999999907379,0.049953592009842396
2.541558408465479,0.3816439400607396,0.6105249156600194,27.872657987333838,0.17932874493133283,-0.11962700779918176,0.9999999999773775,0.05000670603476465
2.541558408465479,0.3816439400607396,0.6105249156600194,27.92261020028392,0.19774008418689537,-0.14361628879379285,0.9999999999227425,0.049952212953940034
2.5590154571172414,0.39337970267339917,0.6022485516490567,27.972691979300063,0.16906513415061344,-0.14993357101294294,0.9999999999992316,0.05008177901618183
2.5590154571172414,0.39337970267339917,0.6022485516490567,28.02272774422895,0.18512992260772104,-0.17586017372621965,0.9999999999995706,0.050035764928907156
2.5754586045577583,0.40457123705150533,0.5920340222701572,28.07275001312934,0.15572656364966497,-0.18466831582581442,0.9999999999948868,0.05002226890064776
2.5754586045577583,0.40457123705150533,0.5920340222701572,28.12278652218243,0.16835884428592693,-0.2084140834253017,0.9999999999489723,0.050036509055644274
2.588286486511572,0.41379951464701,0.5772419153693631,28.172659751297086,0.14412731001010204,-0.2154296079053878,0.999999999968999,0.0498732291162014
2.588286486511572,0.41379951464701,0.5772419153693631,28.222608399147916,0.15283995169964285,-0.23468572858800069,0.9999999999941009,0.049948647851124406
2.6047708341807643,0.42379526219991803,0.5577507315838641,28.272688378150313,0.12767989230537619,-0.22821163991860935,0.9999999999984351,0.05007997900247574
2.6047708341807643,0.42379526219991803,0.5577507315838641,28.32274196323818,0.13677084286152058,-0.2498562707755067,0.9999999999997448,0.05005358508788049
2.6182009911898634,0.43201740370523306,0.5379324479327364,28.372641830275445,0.11580640501167325,-0.24687178119496228,0.9999999999990424,0.049899867037311196
2.6182009911898634,0.43201740370523306,0.5379324479327364,28.422787092195744,0.12350445117616306,-0.26558094562004014,0.9999999999862327,0.05014526192098856
2.6312077784243866,0.43973844731030726,0.5177453694415142,28.47268097129407,0.10220603532065176,-0.263681375602989,0.9999999999901454,0.049893879098817706
2.6312077784243866,0.43973844731030726,0.5177453694415142,28.522918506326413,0.1092593581613782,-0.2809550365295456,0.9999999999794059,0.050237535033375025
2.642707815039352,0.4459007054368328,0.49323926920404676,28.572698572218485,0.09691384017963799,-0.27063527616448113,0.999999999996116,0.04978006589226425
2.642707815039352,0.4459007054368328,0.49323926920404676,28.622720539137763,0.10453362822684008,-0.28764091476878834,0.999999999999507,0.05002196691930294
2.642707815039352,0.4459007054368328,0.49323926920404676,28.672733266172955,0.11131847521538993,-0.30047667491790364,0.9999999999996569,0.05001272703520954
2.642707815039352,0.4459007054368328,0.49323926920404676,28.722677741233102,0.11789486280584956,-0.31321215913394496,0.9999999999963967,0.04994447506032884
2.6626643250034348,0.4560220185239065,0.442012690957057,28.77269285222122,0.09644695113618332,-0.2756223414223108,0.9999999999989018,0.05001511098816991
2.6626643250034348,0.4560220185239065,0.442012690957057,28.82269741132398,0.1032897896310822,-0.2983940037673739,0.9999999999871924,0.050004559103399515
2.6626643250034348,0.4560220185239065,0.442012690957057,28.872778145163046,0.10985839253791094,-0.31120667972276456,0.9999999999928925,0.050080733839422464
2.6626643250034348,0.4560220185239065,0.442012690957057,28.92283995522618,0.11630386147348847,-0.32392186311118043,0.9999999999986872,0.05006181006319821
2.6626643250034348,0.4560220185239065,0.442012690957057,28.972699351175333,0.12264195811647964,-0.3365730689624872,0.9999999999996553,0.04985939594916999
2.6799872535535862,0.4637692817960474,0.3853458209320519,29.022681740144776,0.1131288042961598,-0.28906734995173133,0.999999999998667,0.049982388969510794
2.6799872535535862,0.4637692817960474,0.3853458209320519,29.07271644522819,0.1230918823540054,-0.3115050723128979,0.9999999999919289,0.050034705083817244
2.6799872535535862,0.4637692817960474,0.3853458209320519,29.122698561320046,0.12997606344792237,-0.3248017995665299,0.9999999999972382,0.04998211609199643
2.6799872535535862,0.4637692817960474,0.3853458209320519,29.172608183262813,0.13668713885076472,-0.3375049087204829,0.999999999999589,0.04990962194278836
2.7021248235952666,0.47242835695232865,0.32675397065887124,29.222671134196045,0.11687956101901113,-0.28849591675035485,0.9999999999976134,0.05006295093335211
2.7021248235952666,0.47242835695232865,0.32675397065887124,29.273110317097778,0.1267521119942811,-0.3133824408763692,0.999999999999598,0.050439182901754975
2.7154104377283024,0.47697294242023636,0.2952002059657756,29.32276849824353,0.11513131982615933,-0.2957120956660467,0.999999999999294,0.04965818114578724
2.7154104377283024,0.47697294242023636,0.2952002059657756,29.37297120018261,0.1250682185786036,-0.3133029105753906,0.9999999999962744,0.0502027019392699
2.72659397360156,0.4800764361026234,0.26702358066643533,29.422791990249888,0.11976121143144966,-0.29455492333441385,0.9999999999992231,0.0498207900673151
2.72659397360156,0.4800764361026234,0.26702358066643533,29.47269530318064,0.12989909483534864,-0.3112695783918302,0.9999999999982834,0.049903312930837274
2.74084565522935,0.48464314350815374,0.23974112476009035,29.522719599104747,0.10966597035832927,-0.30492463043747536,0.9999999999974968,0.05002429592423141
2.74084565522935,0.48464314350815374,0.23974112476009035,29.572645838170544,0.11869914850336367,-0.32085294103477724,0.9999999999994637,0.04992623906582594
2.7535878971555756,0.48812731465515463,0.2119828109155316,29.62276150824802,0.10442328673724079,-0.3100382182789513,0.9999999999994512,0.05011567007750273
2.7535878971555756,0.48812731465515463,0.2119828109155316,29.672622939136893,0.11429520014442106,-0.32568689268706796,0.9999999999975471,0.04986143088899553
2.7675626393641353,0.49113502111364843,0.18443180967981557,29.722816172319526,0.09874964366238323,-0.31269468739120154,0.9999999999995973,0.050193233182653785
2.7675626393641353,0.49113502111364843,0.18443180967981557,29.77262062116799,0.10857431291600556,-0.3280122384086173,0.9999999999975175,0.049804448848590255
2.7788200571502117,0.4930705956021436,0.15813718519897604,29.822636334256078,0.1007461591143993,-0.313140036565181,0.9999999999974367,0.0500157130882144
2.7788200571502117,0.4930705956021436,0.15813718519897604,29.87266375523318,0.11092434462001911,-0.3281785519677662,0.9999999999994632,0.05002742097713053
2.7894095599814945,0.49455712356055137,0.1300989848406955,29.922728329228924,0.10628395408382799,-0.3094677890404897,0.9999999999995075,0.050064573995769024
2.7894095599814945,0.49455712356055137,0.1300989848406955,29.97272084423587,0.11692641073294682,-0.3248673023827004,0.9999999999981996,0.049992515007033944
2.8009740310890967,0.49615601903031975,0.10264713146044323,30.022642088153056,0.1074102401398235,-0.3092201105459812,0.9999999999997958,0.04992124391719699
2.8009740310890967,0.49615601903031975,0.10264713146044323,30.073339211319063,0.11756611959706634,-0.32382073772872594,0.9999999999967242,0.050697123166173697
2.8139253270297906,0.4973512053780885,0.07788996875997882,30.122657111177528,0.10480525072100375,-0.3110450300173056,0.9999999999977129,0.04931789985857904
2.8139253270297906,0.4973512053780885,0.07788996875997882,30.172995640227857,0.11412050877109926,-0.32475834778567425,0.9999999999995561,0.05033852905035019
2.825724566786378,0.49861709319867104,0.051586839760301845,30.222706660192728,0.1018341873654064,-0.31328826653505376,0.9999999999996322,0.04971101996488869
2.825724566786378,0.49861709319867104,0.051586839760301845,30.272743539216187,0.11146541002271307,-0.3267534708278164,0.9999999999984572,0.05003687902353704
2.8368143355308666,0.4996719209866939,0.025203087960382866,30.32261510312761,0.09974516186513088,-0.314727053212425,0.9999999999997131,0.04987156391143799
2.8368143355308666,0.4996719209866939,0.025203087960382866,30.372706239141646,0.10999065615207235,-0.32733505710431704,0.9999999999989502,0.05009113601408899
2.8481912544643446,0.5006554828821921,-0.0021572100134838105,30.422685762198707,0.09728407850778127,-0.3168352061350965,0.9999999999988402,0.04997952305711806
2.8481912544643446,0.5006554828821921,-0.0021572100134838105,30.4727378711403,0.10784233375577118,-0.32906990237467354,0.9999999999998602,0.05005210894159973
2.8577203941632137,0.49964148378186535,-0.029895141795881493,30.52270197522086,0.10883458638752254,-0.2980275579949963,0.9999999999997259,0.049964104080572724
2.8577203941632137,0.49964148378186535,-0.029895141795881493,30.573435290280706,0.12133580288777314,-0.3118999667296564,0.9999999999986843,0.050733315059915185
2.8577203941632137,0.49964148378186535,-0.029895141795881493,30.622735020268532,0.12684907962492664,-0.3211846401203451,0.9999999999968706,0.049299729987978935
2.8688596260869543,0.49872198169745924,-0.05692890854287516,30.672773467173542,0.1227351583907258,-0.293819484062551,0.9999999999983793,0.050038446905091405
2.8811228884979823,0.4978005558966746,-0.08258446159145358,30.722645867179747,0.11842923275298611,-0.2750368026849613,0.9999999999985015,0.04987240000627935
2.8811228884979823,0.4978005558966746,-0.08258446159145358,30.772649441176686,0.12983422741357345,-0.2868701054426419,0.9999999999998341,0.050003573996946216
2.8811228884979823,0.4978005558966746,-0.08258446159145358,30.82267025814544,0.1361437153011221,-0.2971442329267812,0.9999999999999717,0.050020816968753934
2.8940594108415385,0.49710451243838305,-0.10920382457359365,30.87263903024756,0.12268090140279063,-0.2786171005400232,0.9999999999994365,0.04996877210214734
2.8940594108415385,0.49710451243838305,-0.10920382457359365,30.922886330198022,0.13421827441693374,-0.2859523693578928,0.9999999999978728,0.05024729995056987
2.9046119454246284,0.4949587041279044,-0.13491536110989585,30.972780491254003,0.1329891768106105,-0.2529668673765127,0.9999999999850469,0.04989416105672717
2.9046119454246284,0.4949587041279044,-0.13491536110989585,31.02264211120118,0.14750437556474927,-0.2620649957435206,0.9999999999939401,0.049861619947478175
2.9178756024047474,0.49343822702011386,-0.1587930807507774,31.072651895257046,0.13410440482512914,-0.24591097967031728,0.9999999999998511,0.05000978405587375
2.9178756024047474,0.49343822702011386,-0.1587930807507774,31.122739548124702,0.1459244272480071,-0.25219765024235974,0.9999999999999627,0.050087652867659926
2.9326091097981473,0.4917582614242663,-0.18261398107485852,31.172662018128044,0.12762031480392147,-0.23791051252689494,0.999999999999498,0.04992247000336647
2.9326091097981473,0.4917582614242663,-0.18261398107485852,31.222670103218665,0.1408428562757964,-0.2372945916265854,0.9999999999990671,0.05000808509066701
2.944594981460776,0.4892660507002766,-0.2033042312658526,31.27265352223016,0.13214097052458174,-0.21788709359685027,0.9999999999843566,0.04998341901227832
2.944594981460776,0.4892660507002766,-0.2033042312658526,31.323087851311048,0.1463801068520947,-0.21740778089221094,0.9999999999912913,0.05043432908132672
2.9575851223576,0.48645087844592033,-0.22611860383387045,31.372702913152946,0.13556515255075222,-0.19521325211829302,0.9999999999998636,0.04961506184190512
2.9575851223576,0.48645087844592033,-0.22611860383387045,31.42267776213489,0.1502934044601753,-0.19342549190609232,0.9999999999999397,0.04997484898194671
2.971428092732531,0.48330932356324213,-0.24809604180471342,31.472681600161764,0.13753204862689147,-0.16931833972185018,0.9999999999996066,0.05000383802689612
2.971428092732531,0.48330932356324213,-0.24809604180471342,31.522692074094813,0.15476354181616972,-0.16002411926624396,0.9999999999995517,0.0500104739330709
2.985304655765249,0.4789620673486717,-0.2663937597014433,31.572717631261813,0.14324694915632674,-0.13761968110510467,0.9999999999834637,0.05002555716782808
2.985304655765249,0.4789620673486717,-0.2663937597014433,31.622704802106508,0.1589217488823649,-0.12669017044182293,0.9999999999884542,0.04998717084527016
2.9997165781539707,0.4754931417970314,-0.2811177317094006,31.672734679214088,0.13874526046723637,-0.11743606244912237,0.9999999999997742,0.05002987710759044
2.9997165781539707,0.4754931417970314,-0.2811177317094006,31.72319088320004,0.15031266799179552,-0.1039015735080299,0.9999999999998648,0.05045620398595929
3.014079878173365,0.4717247411772987,-0.2946187442362455,31.77272630811424,0.13185216153250906,-0.0890848467327128,0.9999999999998095,0.049535424914211035
3.014079878173365,0.4717247411772987,-0.2946187442362455,31.822939058092754,0.14532576749489476,-0.07206189068836638,0.9999999999997508,0.05021274997852743
3.028909435271035,0.4668283071351987,-0.30299167540258776,31.872676424241398,0.12367159754468851,-0.06231707249782567,0.9999999999888088,0.04973736614920199
3.028909435271035,0.4668283071351987,-0.30299167540258776,31.922738313233943,0.1342286214804076,-0.04388383270006086,0.9999999999951442,0.05006188899278641
3.0442650929655004,0.46303617300698663,-0.3107154493085864,31.972598673101896,0.10378373740379959,-0.04055445962076564,0.9999999999983656,0.04986035986803472
3.0442650929655004,0.46303617300698663,-0.3107154493085864,32.023049769249155,0.12151027337859864,-0.019208126749013472,0.9999999999992311,0.05045109614729881
3.057307342499727,0.4587999158158175,-0.31477150977692053,32.072779762117534,0.10477447508365736,-0.011462646990700629,0.9999999999999506,0.04972999286837876
3.057307342499727,0.4587999158158175,-0.31477150977692053,32.1227017352603,0.11608933402922902,0.006104708083621131,0.9999999999999121,0.04992197314277291
3.071293864477804,0.45497212406226195,-0.3187828198971749,32.172785523138316,0.0972308467190686,0.011405043076968664,0.9999999999808,0.05008378787897527
3.071293864477804,0.45497212406226195,-0.3187828198971749,32.22269235809752,0.10775111523614665,0.028972467563847273,0.9999999999843222,0.049906834959983826
3.0815732852492133,0.45143133897606363,-0.32051930197573997,32.27273024713999,0.09563272837350603,0.03582761694973306,0.9999999999920611,0.05003788904286921
3.0815732852492133,0.45143133897606363,-0.32051930197573997,32.32268267313391,0.10546427847634496,0.049993539429392,0.9999999999989265,0.04995242599397898
3.0815732852492133,0.45143133897606363,-0.32051930197573997,32.37261717116832,0.1147445179856073,0.05508702389026883,0.9999999999999143,0.04993449803441763
3.0815732852492133,0.45143133897606363,-0.32051930197573997,32.422739642228905,0.12341351840194169,0.060943322421854094,0.9999999999996253,0.05012247106060386
3.0815732852492133,0.45143133897606363,-0.32051930197573997,32.47414131720799,0.1320927476651946,0.06617516025639912,0.9999999999763847,0.051401674980297685
3.1000096942205926,0.4448311121256399,-0.3156223899142305,32.522764639250695,0.10151009561412219,0.07222156962072321,0.9999999999823618,0.048623322043567896
3.1000096942205926,0.4448311121256399,-0.3156223899142305,32.57362146910426,0.1092247539816958,0.09018653545680272,0.9999999999967975,0.050856829853728414
3.110379139784493,0.44082141764828486,-0.3092898735638404,32.62279499324184,0.09589456974720079,0.09499459793327261,0.9999999999998719,0.049173524137586355
3.110379139784493,0.44082141764828486,-0.3092898735638404,32.672711537239636,0.10299234447690382,0.10719300769599456,0.9999999999994795,0.04991654399782419
3.121623031697033,0.4371524331196709,-0.30432113429301205,32.72270841409559,0.08772238961224024,0.11171652440166469,0.9999999999928311,0.049996876856312156
3.121623031697033,0.4371524331196709,-0.30432113429301205,32.77270501015786,0.09506314551671188,0.12331065033184446,0.9999999999942094,0.04999659606255591
3.121623031697033,0.4371524331196709,-0.30432113429301205,32.822735014158035,0.10313721617184343,0.12900716832983236,0.9999999999976706,0.05003000400029123
3.121623031697033,0.4371524331196709,-0.30432113429301205,32.87303694013571,0.1109427042889892,0.13487174941279717,0.9999999999997046,0.05030192597769201
3.1416404863382708,0.43152948507685923,-0.2856738407086418,32.9229520661949,0.07876811464769792,0.13046971485180656,0.9999999999997508,0.04991512605920434
3.1416404863382708,0.43152948507685923,-0.2856738407086418,32.97269408010921,0.08334488220653145,0.14583989144176537,0.9999999999958005,0.04974201391451061
3.1416404863382708,0.43152948507685923,-0.2856738407086418,33.02272783617342,0.09123799060779333,0.1516358471767448,0.9999999999618857,0.05003375606611371
3.1416404863382708,0.43152948507685923,-0.2856738407086418,33.07269982405267,0.09874657882394408,0.15691013876036594,0.9999999984042303,0.04997198795899749
3.1576225698472546,0.426020321592296,-0.2642665651074686,33.12279635403163,0.07337934218641208,0.15543932416328093,0.9999999995478956,0.05009653000161052
3.1576225698472546,0.426020321592296,-0.2642665651074686,33.17276888146591,0.07799884706757987,0.16716180633533914,0.9999998091077122,0.049972536973655224
3.1576225698472546,0.426020321592296,-0.2642665651074686,33.222694385184326,0.0855220462285079,0.17279163930087435,0.9999844692155196,0.04992627911269665
3.1576225698472546,0.426020321592296,-0.2642665651074686,33.27312264034091,0.09282214417310614,0.17845643094772798,0.9998522096327416,0.05043570906855166
3.174838195334327,0.4215642826906852,-0.2390819354476439,33.32278185011089,0.06662607815906794,0.1732189831836772,0.9999995119543206,0.04965923400595784
3.174838195334327,0.4215642826906852,-0.2390819354476439,33.37271773116042,0.07042600853361305,0.18334679516282387,0.9996144963757735,0.04995513893663883
3.174838195334327,0.4215642826906852,-0.2390819354476439,33.422600497002406,0.07748178086404547,0.1887669538609707,0.9993210467048377,0.049916656920686364
3.174838195334327,0.4215642826906852,-0.2390819354476439,33.472511881823216,0.08438622516735184,0.19402677183690997,0.9990276587278155,0.0499599629547447
3.189516873115941,0.4187167139073023,-0.20816349075490942,33.52259608605414,0.06460624419061284,0.18464861125113513,0.9993827262479614,0.05011513899080455
3.189516873115941,0.4187167139073023,-0.20816349075490942,33.572511101048605,0.06827605240292199,0.1933278544040824,0.9990092729776104,0.04996451619081199
3.189516873115941,0.4187167139073023,-0.20816349075490942,33.623148378805034,0.07527106939848784,0.19858420078512456,0.9987559624373445,0.05070035089738667
3.189516873115941,0.4187167139073023,-0.20816349075490942,33.67501562192575,0.08086707875724516,0.20332989511907382,0.9983846975642862,0.05195115995593369
3.204687441826879,0.4170533303542634,-0.17695780741549064,33.72285240718613,0.060559516794254795,0.19270973370722255,0.9987996084861906,0.04789427714422345
3.204687441826879,0.4170533303542634,-0.17695780741549064,33.77289319491984,0.06333564280133913,0.20025537948520555,0.9984971257971105,0.05011610593646765
3.204687441826879,0.4170533303542634,-0.17695780741549064,33.822159993715815,0.06938930515876082,0.20512560598950003,0.998258554784148,0.049352743895724416
3.204687441826879,0.4170533303542634,-0.17695780741549064,33.872142589669544,0.0752629927210075,0.20987450146062164,0.9980409817562532,0.05008070496842265
3.204687441826879,0.4170533303542634,-0.17695780741549064,33.921910080240416,0.08116629633460708,0.21473660359182273,0.9978406581237014,0.049875188153237104
3.216950605238415,0.41439652167781227,-0.14389384384828852,33.971806210275965,0.06037458933981213,0.2076930919732868,0.9979641358531229,0.04999791900627315
3.216950605238415,0.41439652167781227,-0.14389384384828852,34.021715431949374,0.06133441008127908,0.21369873644986545,0.9977539617301108,0.0500215720385313
3.216950605238415,0.41439652167781227,-0.14389384384828852,34.071627908080444,0.06468900413700521,0.21827684960208787,0.9975986132552411,0.05003262381069362
3.216950605238415,0.41439652167781227,-0.14389384384828852,34.12227731188081,0.06795959459029068,0.22278322619297516,0.9974412772689475,0.05077933403663337
3.232053800363123,0.4124739672551292,-0.1080280269730187,34.17137061580037,0.043723701997575415,0.21404846752688012,0.9977499171253124,0.04920401703566313
3.232053800363123,0.4124739672551292,-0.1080280269730187,34.22117455600417,0.04456617454133156,0.21970706862156128,0.9975804018671177,0.0499247380066663
3.232053800363123,0.4124739672551292,-0.1080280269730187,34.27105173638749,0.04783229432206208,0.22415364836670743,0.997446155854318,0.05000488506630063
3.232053800363123,0.4124739672551292,-0.1080280269730187,34.32094627151202,0.05102278826512865,0.2285308107130684,0.997292864635541,0.05002997303381562
3.243543858566291,0.41180662207410434,-0.07097587383620248,34.370897456520126,0.03463499237008262,0.21854117514312074,0.9975940280996464,0.050071656005457044
3.243543858566291,0.41180662207410434,-0.07097587383620248,34.42071148404409,0.03582482043337317,0.2232356179626604,0.9974008517221106,0.04994383896701038
3.243543858566291,0.41180662207410434,-0.07097587383620248,34.470627410112826,0.0390322260235789,0.2276286693914348,0.9972654279982905,0.05005279905162752
3.243543858566291,0.41180662207410434,-0.07097587383620248,34.52120708379557,0.04217417703684783,0.2319680205646182,0.9971532785258533,0.050724070984870195
3.243543858566291,0.41180662207410434,-0.07097587383620248,34.57040629410251,0.04530143393528333,0.23641668000803914,0.9970182697461639,0.0493463478051126
3.243543858566291,0.41180662207410434,-0.07097587383620248,34.62027233445232,0.04828828255464043,0.24077829173202717,0.9968744257433014,0.050022389041259885
3.243543858566291,0.41180662207410434,-0.07097587383620248,34.67130411146737,0.051259226724731426,0.24524697118726907,0.9967254704410835,0.05119943106546998
3.2548152947398212,0.4116479893588861,-0.014373243457494932,34.72019325126185,0.03748073465781529,0.22723631600084843,0.9972066240348052,0.049026088090613484
3.2548152947398212,0.4116479893588861,-0.014373243457494932,34.77342776166556,0.03835053398594589,0.23144318406591108,0.9970384575269813,0.05339263495989144
3.2548152947398212,0.4116479893588861,-0.014373243457494932,34.819527264495335,0.04169547312442489,0.23619590061663542,0.9969217685210199,0.046241845935583115
3.2548152947398212,0.4116479893588861,-0.014373243457494932,34.86993922333733,0.04450368392143235,0.2402511061222258,0.9968196116803122,0.0505727999843657
3.2548152947398212,0.4116479893588861,-0.014373243457494932,34.922663715356244,0.04753799276674281,0.2447139454635631,0.9966706614457461,0.05290061607956886
3.2548152947398212,0.4116479893588861,-0.014373243457494932,34.9690011123693,0.05065161107926395,0.24942784960783895,0.9965181868052148,0.04649929888546467
3.271472225742604,0.4110510951341324,0.04433631485992334,35.01891254831614,0.02444143591252298,0.23292556946270557,0.9969693469533016,0.050063160015270114
3.271472225742604,0.4110510951341324,0.04433631485992334,35.068669873544074,0.025725065795050645,0.23667119050166122,0.9968017734637915,0.04991697100922465
3.271472225742604,0.4110510951341324,0.04433631485992334,35.118600055562034,0.028829815058911985,0.2410570966754417,0.9967124750799139,0.05009487015195191
3.271472225742604,0.4110510951341324,0.04433631485992334,35.168421600892295,0.03183722158277069,0.24537237076770196,0.9965947104331035,0.04999178182333708
3.271472225742604,0.4110510951341324,0.04433631485992334,35.21831468411285,0.03480072825288467,0.24971764940617286,0.9964609002369679,0.05007028696127236
3.271472225742604,0.4110510951341324,0.04433631485992334,35.26830634711781,0.0377205167745949,0.25410996615498066,0.9963267653885831,0.05017597111873329
3.282807917135967,0.41165521601548694,0.10340447720697885,35.3177963982827,0.023073702600434516,0.2363772068280452,0.9967519943716721,0.04965131892822683
3.282807917135967,0.41165521601548694,0.10340447720697885,35.36782913993135,0.0254368209307769,0.23978894656903432,0.9966374452505063,0.05020154709927738
3.282807917135967,0.41165521601548694,0.10340447720697885,35.41757060861314,0.028547645166647616,0.24421572525982774,0.9965494975255054,0.04991369601339102
3.282807917135967,0.41165521601548694,0.10340447720697885,35.46737764111339,0.03154288130284621,0.24853155382490877,0.9964395043239267,0.04998500389046967
3.282807917135967,0.41165521601548694,0.10340447720697885,35.51712269156469,0.03451137623230388,0.2528877964637704,0.9963120425829909,0.049929187167435884
3.282807917135967,0.41165521601548694,0.10340447720697885,35.56696463007688,0.03743240471991625,0.2572787307065965,0.9961850350146435,0.050032811937853694
3.2902713819530622,0.41233069778144976,0.16622996329704756,35.61685035905551,0.031098480841070707,0.23727316598673914,0.9966097001769744,0.050055431900545955
3.2902713819530622,0.41233069778144976,0.16622996329704756,35.66705021507826,0.03448474559958767,0.24102773320575938,0.9965362706053145,0.050374339101836085
3.2902713819530622,0.41233069778144976,0.16622996329704756,35.71656198384661,0.037625775918414185,0.24554960746990764,0.9964527813702841,0.049688023049384356
3.2902713819530622,0.41233069778144976,0.16622996329704756,35.76628226138183,0.04065223588295904,0.24990306075031973,0.9963507474597794,0.049902383936569095
3.2902713819530622,0.41233069778144976,0.16622996329704756,35.81606973381106,0.04366654184653448,0.25430155237532437,0.9962301700664035,0.049975872971117496
3.2902713819530622,0.41233069778144976,0.16622996329704756,35.86597123402204,0.046645961118515704,0.2587436160047936,0.9961097025326006,0.05009639007039368
3.2902713819530622,0.41233069778144976,0.16622996329704756,35.91565901803516,0.04959404927074106,0.2632321642165511,0.9959890864995866,0.04988787998445332
3.300726534025176,0.4135965630292114,0.22876107366202836,35.96547410119281,0.0368778963004713,0.24329606872102155,0.9964024214323624,0.04999494389630854
3.300726534025176,0.4135965630292114,0.22876107366202836,36.0153382635185,0.04088570214899694,0.2465214187820089,0.9963841870208348,0.050045116106048226
3.300726534025176,0.4135965630292114,0.22876107366202836,36.065071489881355,0.04402358805206343,0.25112521759165257,0.9962894763998894,0.04991844994947314
3.300726534025176,0.4135965630292114,0.22876107366202836,36.11492065845425,0.04708250414298535,0.2555336095782052,0.9961752540222202,0.05004056100733578
3.300726534025176,0.4135965630292114,0.22876107366202836,36.16471008322916,0.05012635952310364,0.2599974617498241,0.9960603990982514,0.04998635104857385
3.3077611496741914,0.4159088074419858,0.2970477583478583,36.21462214653085,0.045891653827352656,0.2337435309981789,0.9965887019436611,0.05008291103877127
3.3077611496741914,0.4159088074419858,0.2970477583478583,36.26442394428226,0.05073015664461266,0.23755475980683952,0.9965485621654449,0.04997428087517619
3.3077611496741914,0.4159088074419858,0.2970477583478583,36.31424948351667,0.05398367315849534,0.2421262621918766,0.9964767060854778,0.05000170995481312
3.3077611496741914,0.4159088074419858,0.2970477583478583,36.36401428673445,0.05719862155921649,0.24652903014885238,0.9963842950345914,0.049945391016080976
3.3077611496741914,0.4159088074419858,0.2970477583478583,36.4137834541479,0.06038881617617241,0.2509602139375883,0.9962753348657462,0.04995523393154144
3.3077611496741914,0.4159088074419858,0.2970477583478583,36.463697917165796,0.0635501085054007,0.2554238081257604,0.996166409168925,0.05010655103251338
3.3077611496741914,0.4159088074419858,0.2970477583478583,36.513498582314455,0.06669207984492304,0.25993186630956544,0.996057166000609,0.049997798167169094
3.3226418093576484,0.4210932369339455,0.3670754450868495,36.56337141908569,0.04560035818188533,0.23222935593865796,0.9966448491218411,0.05004073097370565
3.3226418093576484,0.4210932369339455,0.3670754450868495,36.613155805809335,0.050401523675667276,0.23490599823000066,0.9966221475965482,0.049953120993450284
3.3226418093576484,0.4210932369339455,0.3670754450868495,36.66298364155625,0.05376916486254654,0.23949594457819376,0.9965397529833451,0.050000851042568684
3.3226418093576484,0.4210932369339455,0.3670754450868495,36.71276840012837,0.057074293061590425,0.243836125356665,0.9964353454929178,0.04996285890229046
3.3336966138389297,0.4256689367135391,0.41403692881650167,36.76259280100822,0.040784917006469884,0.22726740606061424,0.9967821891754715,0.04998524393886328
3.3336966138389297,0.4256689367135391,0.41403692881650167,36.81240402099377,0.04547070581988764,0.22947904947918027,0.9967332912793339,0.04997447202913463
3.3336966138389297,0.4256689367135391,0.41403692881650167,36.86224014322476,0.04892332843529158,0.23394993805604983,0.9966201124190099,0.0500051339622587
3.3336966138389297,0.4256689367135391,0.41403692881650167,36.912138683709124,0.05230724817275996,0.2382978431512165,0.9965545257744419,0.050071059027686715
3.3336966138389297,0.4256689367135391,0.41403692881650167,36.96199585133115,0.05567280941697101,0.24271134808557313,0.9964681655271358,0.05003387900069356
3.3336966138389297,0.4256689367135391,0.41403692881650167,37.01185462883463,0.0590156443332468,0.24714603640491167,0.9963652231455427,0.05004066415131092
3.345400312762328,0.4311754874329045,0.4822143964184473,37.06160980070403,0.04309033301666622,0.2197844553052662,0.9968863888857935,0.04991057398729026
3.345400312762328,0.4311754874329045,0.4822143964184473,37.1114318069414,0.048922055053414605,0.2223871553669011,0.9968786330632788,0.04997800593264401
3.345400312762328,0.4311754874329045,0.4822143964184473,37.161186544160394,0.05246937323322819,0.22691793512459602,0.9967694170129769,0.049915994983166456
3.345400312762328,0.4311754874329045,0.4822143964184473,37.211087622224426,0.055987138793439216,0.23123048826986492,0.9967079194799784,0.05006589903496206
3.345400312762328,0.4311754874329045,0.4822143964184473,37.261012250813366,0.059495715376886076,0.23561625173645584,0.9966250969991582,0.05009368993341923
3.345400312762328,0.4311754874329045,0.4822143964184473,37.311331196756726,0.06299061569088024,0.24002992542238485,0.9965255509339501,0.05049438611604273
3.358818546877198,0.43919487096121324,0.553072324114126,37.360691201760815,0.04240221382714114,0.209246982801719,0.9971081046901508,0.04950316296890378
3.358818546877198,0.43919487096121324,0.553072324114126,37.41061991786473,0.04854181871144285,0.2115046270630478,0.9971028183394478,0.05007378896698356
3.358818546877198,0.43919487096121324,0.553072324114126,37.46029590152899,0.05225748988483121,0.21595574970344694,0.996998939628483,0.04982551303692162
3.358818546877198,0.43919487096121324,0.553072324114126,37.51030638440041,0.05593874364764042,0.2201935354974888,0.9969408910632032,0.05016393982805312
3.358818546877198,0.43919487096121324,0.553072324114126,37.560074864584365,0.059627269997072616,0.22451879825769977,0.9968606669964623,0.04992521204985678
3.358818546877198,0.43919487096121324,0.553072324114126,37.60989841414137,0.06328479755583107,0.22886010730452105,0.9967646980432985,0.049985266989097
3.3707767278749436,0.4483874038715401,0.6141585650786132,37.659847412647835,0.04338477181097203,0.20035336064574286,0.9972965523097984,0.050084399059414864
3.3707767278749436,0.4483874038715401,0.6141585650786132,37.70967819548624,0.04954263266907379,0.20251004552300403,0.9972797261298009,0.049966705963015556
3.3707767278749436,0.4483874038715401,0.6141585650786132,37.759538393034624,0.05340298989920388,0.20688672348873868,0.9971781648352244,0.05000129295513034
3.3707767278749436,0.4483874038715401,0.6141585650786132,37.809406214790904,0.05724625917723086,0.21112231425763034,0.9971211350332106,0.05001179897226393
3.3707767278749436,0.4483874038715401,0.6141585650786132,37.8592340075484,0.06107088321815434,0.2154296294898674,0.9970425679132301,0.04997559217736125
3.3707767278749436,0.4483874038715401,0.6141585650786132,37.90909425747698,0.06488358521525825,0.21976698292847768,0.9969474281046401,0.05001291795633733
3.3707767278749436,0.4483874038715401,0.6141585650786132,37.95882906959116,0.06868872091705591,0.22414599222737308,0.9968523135505265,0.049891856033355
3.381828924055735,0.4570549815722375,0.6739994021553091,38.00870929280684,0.05018134560436068,0.1963393081349964,0.997332035246638,0.050013657892122865
3.381828924055735,0.4570549815722375,0.6739994021553091,38.058637342727465,0.056681922484796254,0.19889605079837794,0.9973232808418587,0.050062051974236965
3.381828924055735,0.4570549815722375,0.6739994021553091,38.108504686534125,0.06068754089300662,0.2033892940572204,0.9972662573974151,0.05000404198653996
3.381828924055735,0.4570549815722375,0.6739994021553091,38.15837767369691,0.06467912547181327,0.20770467871600382,0.9971887046054968,0.05001359013840556
3.381828924055735,0.4570549815722375,0.6739994021553091,38.20811526896101,0.06866628594453368,0.21207472043002526,0.9970941811555939,0.049882544903084636
3.381828924055735,0.4570549815722375,0.6739994021553091,38.25804264164632,0.07263359476362358,0.21647862423647585,0.997000166376889,0.05007759714499116
3.3961496205290436,0.46948907141732044,0.736624713716808,38.30786815924818,0.04450779445397249,0.18607743982198688,0.9975415312278093,0.049948313971981406
3.3961496205290436,0.46948907141732044,0.736624713716808,38.357726790432736,0.051252884426835274,0.1881949394005364,0.9975340324424021,0.04998188489116728
3.3961496205290436,0.46948907141732044,0.736624713716808,38.40762567315402,0.05546729984826482,0.1926537107550783,0.9974774199871356,0.050025074975565076
3.3961496205290436,0.46948907141732044,0.736624713716808,38.45779772368404,0.059692612259312695,0.19695404698488056,0.9974000356089759,0.05030283611267805
3.3961496205290436,0.46948907141732044,0.736624713716808,38.50749267060212,0.0639376141155504,0.20134050185158553,0.9973047765935079,0.04982924787327647
3.3961496205290436,0.46948907141732044,0.736624713716808,38.55717699188506,0.06813209660068177,0.20575115052376708,0.9972111087435644,0.049823272973299026
3.4062897557474483,0.48183493899182106,0.7922449642167861,38.60720014435314,0.04681655023420703,0.17399940012139817,0.9977438771522295,0.050136266043409705
3.4062897557474483,0.48183493899182106,0.7922449642167861,38.65699896396309,0.05383259983664138,0.176615353123221,0.9977305799196912,0.04991209111176431
3.4062897557474483,0.48183493899182106,0.7922449642167861,38.70688150952195,0.058378983504608455,0.1810166675069235,0.9976710635892777,0.04999899002723396
3.4062897557474483,0.48183493899182106,0.7922449642167861,38.75673060501986,0.0629392153156048,0.18533260243121696,0.997590841257147,0.04996947990730405
3.4062897557474483,0.48183493899182106,0.7922449642167861,38.806638972996524,0.06748977017555087,0.1897202344123769,0.9974937537235294,0.05003376491367817
3.4062897557474483,0.48183493899182106,0.7922449642167861,38.856817402400075,0.0720387563060446,0.19417392290873184,0.9973963404110757,0.0503094180021435
3.4148696655626916,0.49294599676784245,0.8475385841340195,38.90656935322396,0.054400366359268704,0.16174247317684382,0.997896972417983,0.04985680105164647
3.4148696655626916,0.49294599676784245,0.8475385841340195,38.95654696988491,0.06189444545192112,0.16485162787385105,0.9978935951359772,0.050083111971616745
3.4148696655626916,0.49294599676784245,0.8475385841340195,39.006246693150814,0.06706860114477722,0.1692130495027612,0.997828580788872,0.049807877046987414
3.4148696655626916,0.49294599676784245,0.8475385841340195,39.05624277628056,0.07222636764903678,0.1735186199054594,0.9977439846275258,0.050109130097553134
3.4148696655626916,0.49294599676784245,0.8475385841340195,39.105995498018174,0.07740890783717363,0.17792033231867171,0.9976411989423642,0.04987035598605871
3.4148696655626916,0.49294599676784245,0.8475385841340195,39.15598646698552,0.08255625157606991,0.18238595853998946,0.9975389660742764,0.05011430196464062
3.429056019980018,0.5083975983096514,0.8976833627285402,39.205756399847026,0.04956441705078033,0.15709877475412468,0.9980073302301945,0.04986930591985583
3.429056019980018,0.5083975983096514,0.8976833627285402,39.256076995878495,0.05787906150366957,0.15966883973991547,0.9979899035863421,0.05042194901034236
3.429056019980018,0.5083975983096514,0.8976833627285402,39.3055891536094,0.06431725187919425,0.16407594736185374,0.9979114236814195,0.04961578408256173
3.429056019980018,0.5083975983096514,0.8976833627285402,39.35584849474822,0.07067448825621096,0.168418676999398,0.997815024474383,0.05036939703859389
3.44022874648311,0.5227955127557398,0.9303149616837058,39.40533562029967,0.04312913018080256,0.15264907920365334,0.998172298544811,0.04957773885689676
3.44022874648311,0.5227955127557398,0.9303149616837058,39.455338847972165,0.05095684703907069,0.15465261234777422,0.9981187012289101,0.05009747599251568
3.44022874648311,0.5227955127557398,0.9303149616837058,39.505215510671185,0.057516115840058994,0.15887195199391352,0.9980055886428177,0.049976336071267724
3.44022874648311,0.5227955127557398,0.9303149616837058,39.55499131483115,0.06680078024139084,0.16326066634814557,0.9978814627012825,0.04988147993572056
3.44022874648311,0.5227955127557398,0.9303149616837058,39.60493291151457,0.07598517593954769,0.1675752958023357,0.9977726966128955,0.05005308007821441
3.44022874648311,0.5227955127557398,0.9303149616837058,39.654836977483704,0.08519309430871587,0.17199944776418308,0.9976369334347223,0.05002227192744613
3.44022874648311,0.5227955127557398,0.9303149616837058,39.7047486996264,0.09437374038812088,0.17651632768614578,0.9974841516250642,0.05003760918043554
3.450402269096676,0.5399294891267786,0.9765897298356093,39.75460019899395,0.0688513184834278,0.144310990064221,0.9981284287304637,0.049944974947720766
3.450402269096676,0.5399294891267786,0.9765897298356093,39.8045249561206,0.08040108072597413,0.14692703509334265,0.998055979686006,0.050022000912576914
3.450402269096676,0.5399294891267786,0.9765897298356093,39.854382883843755,0.08977560952702238,0.1510148819401658,0.997909461144173,0.049962376011535525
3.450402269096676,0.5399294891267786,0.9765897298356093,39.904316895228156,0.09909978887130562,0.15497176054790207,0.9978077063904727,0.05004372191615403
3.4592719295009347,0.5554591194874482,1.0083940406906233,39.954214359734,0.07576971045599504,0.1341421189521781,0.9982781028823062,0.049983531003817916
3.4592719295009347,0.5554591194874482,1.0083940406906233,40.004280429762225,0.08652787738077707,0.13647760952430563,0.9981785518511082,0.050157429184764624
3.4592719295009347,0.5554591194874482,1.0083940406906233,40.05398126583299,0.09600700677793314,0.14022802578120425,0.998036857501144,0.04979859781451523
3.4592719295009347,0.5554591194874482,1.0083940406906233,40.103932595513186,0.1054053088688579,0.14398934601471514,0.9978966722905707,0.050056615145877004
3.468159498433948,0.5706470569214194,1.0351553655294052,40.15383032894987,0.08178410993306216,0.12859286872209563,0.998283404218679,0.04998353496193886
3.468159498433948,0.5706470569214194,1.0351553655294052,40.20373995971305,0.09211053551199602,0.1307234312727145,0.998215595546805,0.049998848931863904
3.468159498433948,0.5706470569214194,1.0351553655294052,40.2537000724553,0.10152663356840447,0.13421875204080322,0.9980960251088722,0.05005541699938476
3.468159498433948,0.5706470569214194,1.0351553655294052,40.30354069795651,0.11093654793996904,0.13776164468445892,0.9979593648293199,0.049942540004849434
3.479540455121653,0.5884204109429558,1.062132988002463,40.35348827644569,0.07957856211145684,0.12621230391581592,0.9983716162933823,0.05002904497087002
3.479540455121653,0.5884204109429558,1.062132988002463,40.40339441035734,0.08985402135450121,0.12806958385047237,0.9982660289318872,0.04999282001517713
3.479540455121653,0.5884204109429558,1.062132988002463,40.45328468507129,0.09927737887490949,0.13147364020246305,0.9981305029186562,0.04998371913097799
3.479540455121653,0.5884204109429558,1.062132988002463,40.50320890817106,0.10831762449613719,0.1347718537017592,0.9980439055624298,0.050022070994600654
3.489602645454432,0.6067800022856534,1.0887781918741273,40.55313620803083,0.0773955075566711,0.12097793996363043,0.9984786431955204,0.0500033728312701
3.489602645454432,0.6067800022856534,1.0887781918741273,40.603031521307216,0.08746652631022363,0.12271436597936429,0.9983747209258059,0.04997653909958899
3.489602645454432,0.6067800022856534,1.0887781918741273,40.65294707146906,0.0966822422029933,0.12588242448134954,0.9982461983200703,0.05000324593856931
3.489602645454432,0.6067800022856534,1.0887781918741273,40.702877596242594,0.10588992214714224,0.1290876395235616,0.9981173441292019,0.050024704076349735
3.4966047730423604,0.622272863392659,1.1120642427451997,40.75278844071178,0.08300095596126926,0.11498832646164053,0.9984591939118416,0.04998786607757211
3.4966047730423604,0.622272863392659,1.1120642427451997,40.80279601641929,0.09199192454291358,0.11680588362403967,0.9983962332683677,0.050087905023247004
3.4966047730423604,0.622272863392659,1.1120642427451997,40.85264398618461,0.1006749895772381,0.11978060836918394,0.9982980536920951,0.04993295297026634
3.4966047730423604,0.622272863392659,1.1120642427451997,40.90258193295778,0.10930918032946238,0.12278165984531048,0.9981835441559362,0.0500288219191134
3.504425285324204,0.6399266578215468,1.1319953943333403,40.952507759754454,0.0808030664094118,0.1116832639587286,0.9985301355756945,0.04999931901693344
3.504425285324204,0.6399266578215468,1.1319953943333403,41.00246933009795,0.08993349952206846,0.1133950738811739,0.9984267352785454,0.05004029697738588
3.504425285324204,0.6399266578215468,1.1319953943333403,41.05229706603301,0.09858698016410826,0.11628193546295791,0.9983132454161731,0.04991192510351539
3.504425285324204,0.6399266578215468,1.1319953943333403,41.10222511812054,0.10477507984865464,0.11910304879687597,0.9982855955737658,0.05001379596069455
3.513804240495337,0.6572293797900032,1.152297987160102,41.15204615155935,0.07326342748700176,0.11364307471327205,0.9985798394230445,0.04989188793115318
3.513804240495337,0.6572293797900032,1.152297987160102,41.20204900721854,0.08080066880723101,0.11503676626606783,0.9985109405803133,0.05007742391899228
3.513804240495337,0.6572293797900032,1.152297987160102,41.252072811484595,0.08798373768678382,0.11787894647504196,0.9984261128398757,0.05010266019962728
3.513804240495337,0.6572293797900032,1.152297987160102,41.301872130515626,0.09514618536435392,0.12076205559857008,0.9983414514030833,0.0498820508364588
3.523176891021699,0.6765597308628704,1.171355256887556,41.351981451113424,0.0599459072798254,0.11536825298099694,0.9986436011252977,0.050177381141111255
3.523176891021699,0.6765597308628704,1.171355256887556,41.40182970153641,0.0674670942249915,0.11623705818218004,0.9985742937506755,0.04991942085325718
3.523176891021699,0.6765597308628704,1.171355256887556,41.4517289977184,0.07458460670929963,0.11909807563338241,0.9985060239312462,0.049973956076428294
3.523176891021699,0.6765597308628704,1.171355256887556,41.501787829447835,0.08168099881376656,0.12197290359881773,0.9984220881855792,0.05013794498518109
3.523176891021699,0.6765597308628704,1.171355256887556,41.55151409357603,0.08877968151463028,0.12490610721983864,0.9983377335129271,0.04980906005948782
3.5309478410299535,0.6914571808126018,1.1909811977654352,41.60144136261701,0.06276570003507193,0.12073168757511893,0.9985557677385503,0.049999479902908206
3.5309478410299535,0.6914571808126018,1.1909811977654352,41.651380751868736,0.07029047761494535,0.12162889136738536,0.9984986380854213,0.05001447908580303
3.5309478410299535,0.6914571808126018,1.1909811977654352,41.70132086080348,0.07737025397007517,0.12451560658035107,0.998414994363606,0.05001938994973898
3.5309478410299535,0.6914571808126018,1.1909811977654352,41.75118724997055,0.08441014944068694,0.1274724613476342,0.9983459170444925,0.04994900897145271
3.534938270435758,0.705398211054875,1.2114483144700159,41.801178796117135,0.06434403808506953,0.11485922328025071,0.99860511384665,0.05006137606687844
3.534938270435758,0.705398211054875,1.2114483144700159,41.85108563831811,0.07212891873037275,0.11613884701172457,0.9985416519352329,0.049979730043560266
3.534938270435758,0.705398211054875,1.2114483144700159,41.90099657627802,0.07919410983593214,0.11893897495213948,0.9984605293643406,0.04998789285309613
3.534938270435758,0.705398211054875,1.2114483144700159,41.95094696243207,0.08623129632201947,0.12175765012847045,0.9983798422149605,0.0500314449891448
3.539878681075878,0.7187221258799199,1.231288574033861,42.00084479192751,0.06592143465580863,0.11316040756933249,0.9985964488850994,0.04996796208433807
3.539878681075878,0.7187221258799199,1.231288574033861,42.050987296737695,0.07351178042570303,0.11441011938259082,0.9985534000350068,0.05021514603868127
3.539878681075878,0.7187221258799199,1.231288574033861,42.100684370445165,0.08059873782192858,0.11718778520564546,0.9984733259196561,0.04977306094951928
3.539878681075878,0.7187221258799199,1.231288574033861,42.15058247258525,0.08759324889195522,0.11996059055733545,0.998394825497433,0.049978326074779034
3.544795255373592,0.7334474366064277,1.2536796597738271,42.20059610016452,0.06485498501713387,0.10916614173143971,0.9986468574496127,0.0500813948456198
3.544795255373592,0.7334474366064277,1.2536796597738271,42.25108599155105,0.07252064200775438,0.11026833878492583,0.9985923817486612,0.050561062060296535
3.544795255373592,0.7334474366064277,1.2536796597738271,42.300436424136926,0.07966130731254926,0.11293734746726264,0.9985137886273693,0.04942388692870736
3.544795255373592,0.7334474366064277,1.2536796597738271,42.350957067802824,0.08660904046560673,0.11564016246189521,0.9984517202489918,0.05059898504987359
3.5490550682991646,0.748159335408088,1.2754766817569916,42.40031114135217,0.0644238275615075,0.10439961779687133,0.9987019663144384,0.04941822006367147
3.5490550682991646,0.748159335408088,1.2754766817569916,42.450228635725516,0.0719654106554645,0.10547236948740897,0.9986491440878277,0.049985016928985715
3.5490550682991646,0.748159335408088,1.2754766817569916,42.500213860794766,0.07903518332947357,0.10801848645461512,0.9985732745563918,0.05005664215423167
3.5490550682991646,0.748159335408088,1.2754766817569916,42.55007216666341,0.08609205601067778,0.11058770151553013,0.9984979577997027,0.04993330780416727
3.5490550682991646,0.748159335408088,1.2754766817569916,42.59995931768837,0.09311883497276989,0.11319777305473142,0.9984228635429759,0.0499659541528672
3.553661491332333,0.7648443894836954,1.2935317957518075,42.64986257209691,0.06654282096846159,0.10453110134561544,0.9986951838276955,0.04996845405548811
3.553661491332333,0.7648443894836954,1.2935317957518075,42.699814219950824,0.07401902985816561,0.1052489213893438,0.9986376972208323,0.05001978995278478
3.553661491332333,0.7648443894836954,1.2935317957518075,42.74971278782181,0.08109264821123316,0.10779482821488912,0.9985629659591221,0.04997037700377405
3.553661491332333,0.7648443894836954,1.2935317957518075,42.799630574982146,0.08813025525315377,0.11035217923345975,0.9984889247426593,0.04999333084560931
3.558401432531659,0.7817742054398991,1.3136593445514733,42.84960030481432,0.06095776783344416,0.10134333607331074,0.998749163975657,0.05003231205046177
3.558401432531659,0.7817742054398991,1.3136593445514733,42.89967937724748,0.06848339725221093,0.10191041764891913,0.9986979255993405,0.05014436412602663
3.558401432531659,0.7817742054398991,1.3136593445514733,42.949609062220816,0.07558928520679642,0.1044172772882311,0.9986370808707982,0.04999782796949148
3.558401432531659,0.7817742054398991,1.3136593445514733,42.99939013699152,0.08264702337190916,0.10692670041451492,0.9985641634208613,0.04985265503637493
3.5614030943690604,0.7944929571005772,1.3321995532755735,43.04938885106523,0.06452262102259615,0.09785238902156783,0.9987597097266393,0.05006080400198698
3.5614030943690604,0.7944929571005772,1.3321995532755735,43.099319971011106,0.07210816365240001,0.098752898226689,0.9987105084105562,0.04999558883719146
3.5614030943690604,0.7944929571005772,1.3321995532755735,43.14919872349404,0.07921783411085122,0.10112596416586772,0.9986386406937857,0.04994674795307219
3.5614030943690604,0.7944929571005772,1.3321995532755735,43.19915302556717,0.08629688169162801,0.1035036373549542,0.9985673023749716,0.05002597416751087
3.5647249962414866,0.80806137358264,1.3500436839423091,43.24915930888739,0.0662256440372113,0.09566971542845722,0.9987739268737054,0.05006766994483769
3.5647249962414866,0.80806137358264,1.3500436839423091,43.29910524523211,0.07378940423543187,0.09639315271593202,0.9987269503269867,0.05000960105098784
3.5647249962414866,0.80806137358264,1.3500436839423091,43.34912823205713,0.08092947189661448,0.09872975163383499,0.9986557473018765,0.050090320874005556
3.5647249962414866,0.80806137358264,1.3500436839423091,43.39891738727347,0.08805714842636292,0.10107099566111896,0.9985849937995859,0.049859707010909915
3.5668471297645805,0.822609939950159,1.3677202359439211,43.44881809368436,0.06694445567060084,0.09010028074764136,0.9988161769709201,0.049959850031882524
3.5668471297645805,0.822609939950159,1.3677202359439211,43.49878289483523,0.07459453158580005,0.09070465348708105,0.9987653399540127,0.05002656695432961
3.5668471297645805,0.822609939950159,1.3677202359439211,43.548734999891536,0.08179102661251669,0.09297028112921978,0.9987075736293036,0.05001674802042544
3.5668471297645805,0.822609939950159,1.3677202359439211,43.59859351930478,0.08895642480367935,0.09525292238014048,0.9986375656614225,0.04992654104717076
3.5695839087773407,0.8393130861616637,1.3844728908802142,43.64861393307497,0.06314735536108645,0.08595902210640234,0.9988859931883435,0.05007619899697602
3.5695839087773407,0.8393130861616637,1.3844728908802142,43.698802188165764,0.07075908145336364,0.08631047062928322,0.9988349720625596,0.05024679400958121
3.5695839087773407,0.8393130861616637,1.3844728908802142,43.74867513628,0.07802348585243764,0.08843313071848823,0.9987651468252571,0.04993461002595723
3.5695839087773407,0.8393130861616637,1.3844728908802142,43.79841557938104,0.08522031755589947,0.0905520614288946,0.9986967298669659,0.04980535292997956
3.57107947869244,0.854420664190889,1.400004625814656,43.84834885818077,0.06315827000480645,0.08014103444016601,0.998942080616263,0.049986160127446055
3.57107947869244,0.854420664190889,1.400004625814656,43.898231556583454,0.07083824587895549,0.0806979258585465,0.9988881371183513,0.049938222859054804
3.57107947869244,0.854420664190889,1.400004625814656,43.948204844171414,0.07812891127298192,0.08273617700084064,0.9988187160215293,0.05003239004872739
3.57107947869244,0.854420664190889,1.400004625814656,43.99843337173364,0.08541659237231235,0.08478333442487349,0.9987497552128072,0.050291404128074646
3.5739636166186135,0.8707293253164875,1.413327913469194,44.04806857077909,0.060057022170424315,0.07929626327806105,0.9989607736284172,0.04968683491460979
3.5739636166186135,0.8707293253164875,1.413327913469194,44.09814162000715,0.06757147238843453,0.07944984325190307,0.998910446979825,0.05012766597792506
3.5739636166186135,0.8707293253164875,1.413327913469194,44.14811194264532,0.0750680357475045,0.08148789062897124,0.9988522718146686,0.05002774088643491
3.5739636166186135,0.8707293253164875,1.413327913469194,44.19794962237223,0.08247376341499707,0.08355914568358445,0.9987819200276815,0.049898460041731596
3.577997781301155,0.886205210715304,1.4277904964269745,44.24791899765636,0.058138383979944246,0.08107411749042752,0.9989536973748268,0.05002171313390136
3.577997781301155,0.886205210715304,1.4277904964269745,44.29789206156508,0.06579695885653102,0.0810130055804716,0.9989131755743652,0.05002743494696915
3.577997781301155,0.886205210715304,1.4277904964269745,44.34777883039447,0.07327268268707868,0.08300426028884157,0.9988428321849112,0.04994456307031214
3.577997781301155,0.886205210715304,1.4277904964269745,44.397728945396416,0.08070916834155493,0.08498341153573276,0.9987737630489124,0.05001144087873399
3.577997781301155,0.886205210715304,1.4277904964269745,44.447703817237326,0.08850687162325956,0.08708606151807648,0.9987065984075985,0.05003959313035011
3.5798249578372854,0.8994383545288672,1.4420569967367178,44.497917315879775,0.07001073904494928,0.08003974437685724,0.9988798588734548,0.05026980792172253
3.5798249578372854,0.8994383545288672,1.4420569967367178,44.547650972766526,0.07824616550507131,0.08019667318129373,0.9988344219946197,0.049791692988947034
3.5798249578372854,0.8994383545288672,1.4420569967367178,44.59750544587793,0.08595908375785209,0.08218310178798639,0.9987614076013943,0.04991629905998707
3.5798249578372854,0.8994383545288672,1.4420569967367178,44.647481186838554,0.09366809653635888,0.08415005347121712,0.9986890833045424,0.05004134098999202
3.5825112573571714,0.9157186196237634,1.455519099822508,44.69727046236655,0.06875654115779599,0.07919231695882985,0.9988934898016507,0.04984442889690399
3.5825112573571714,0.9157186196237634,1.455519099822508,44.74727732574018,0.0777921950780569,0.07879357264822033,0.9988524836243778,0.05006431299261749
3.5825112573571714,0.9157186196237634,1.455519099822508,44.79719306066519,0.0861670471524141,0.08077886278648044,0.9987696981862676,0.04997722199186683
3.5825112573571714,0.9157186196237634,1.455519099822508,44.84719637827933,0.09450050959630352,0.08272643819570487,0.9986890568092307,0.05006895516999066
3.58487547524731,0.9340215444047977,1.4707380805068402,44.89705499686076,0.06642134636839124,0.07552324940124792,0.9989468207737893,0.049911184003576636
3.58487547524731,0.9340215444047977,1.4707380805068402,44.947046178038555,0.07535012027291135,0.07471212445738461,0.9989013610249383,0.05004616384394467
3.58487547524731,0.9340215444047977,1.4707380805068402,44.996983425389786,0.08378386689515194,0.07652367207476311,0.9988197174472981,0.04999625706113875
3.58487547524731,0.9340215444047977,1.4707380805068402,45.04690009716893,0.09441896897922755,0.07836541379450841,0.998714823378647,0.04998090607114136
3.5857553558206328,0.9494884543385629,1.4838765661599658,45.096845212854454,0.07386201531041242,0.0696401972083022,0.9989550403311998,0.04999736091122031
3.5857553558206328,0.9494884543385629,1.4838765661599658,45.14682474888641,0.0843246063415135,0.06910137012424072,0.9988811575058707,0.05003551789559424
3.5857553558206328,0.9494884543385629,1.4838765661599658,45.19672139253879,0.09422034968333995,0.07073843449654844,0.9987777165993554,0.04995770612731576
3.5857553558206328,0.9494884543385629,1.4838765661599658,45.24701505285858,0.10407075033722438,0.07234996085147177,0.9986761254786657,0.050360331078991294
3.5869981915197964,0.9657444146643533,1.4956533849309257,45.29672060364241,0.08180032400183608,0.06560436206243597,0.9989186339306829,0.049759358866140246
3.5869981915197964,0.9657444146643533,1.4956533849309257,45.3466468741579,0.09213782087444952,0.06485084302368711,0.9988444606367449,0.04998402902856469
3.5869981915197964,0.9657444146643533,1.4956533849309257,45.39647253769505,0.1020514359450341,0.06632952714703902,0.9987420045641251,0.04988842294551432
3.5869981915197964,0.9657444146643533,1.4956533849309257,45.446563737341904,0.11191676511797811,0.06778417323563278,0.9986415030774883,0.050159340957179666
3.58794704155276,0.9826338265735874,1.5079454412537647,45.49630456435383,0.08843796456644731,0.05985345162952924,0.9988975144303828,0.049795726081356406
3.58794704155276,0.9826338265735874,1.5079454412537647,45.546329702434804,0.0988485243874777,0.05898871968966664,0.9988237379914173,0.050084050046280026
3.588245201540896,0.9930302568902262,1.5134163877830644,45.596276733470106,0.08821136360091163,0.055729482483449305,0.9989380660100741,0.050000127870589495
3.588245201540896,0.9930302568902262,1.5134163877830644,45.64631853337241,0.09838460251072625,0.05551630425509008,0.9988491071571397,0.05009945901110768
3.588245201540896,0.9930302568902262,1.5134163877830644,45.69648962940862,0.10834902780030986,0.056714848704331355,0.998747976213291,0.050233990186825395
3.588245201540896,0.9930302568902262,1.5134163877830644,45.746202350086136,0.11832102720304756,0.057903722162146815,0.9986474672150343,0.049780049826949835
3.589839182772529,1.0120091076382585,1.5241077243235264,45.79606832783472,0.09033309021860347,0.05312789279506623,0.9989336896714041,0.049919207114726305
3.589839182772529,1.0120091076382585,1.5241077243235264,45.846085343405534,0.10064566966290389,0.05188018336463242,0.9988579474920666,0.05007420293986797
3.590241065919871,1.0235215404425042,1.5288515993358418,45.89589038332414,0.08771818068880552,0.049522872062667596,0.9989905373867085,0.04985536704771221
3.590241065919871,1.0235215404425042,1.5288515993358418,45.94583975919178,0.0978375645940152,0.04899831854727646,0.9989014311626119,0.05000430904328823
3.590241065919871,1.0235215404425042,1.5288515993358418,45.99605878657566,0.10780848277415538,0.04998886338336318,0.9988009486833727,0.050279314862564206
3.590241065919871,1.0235215404425042,1.5288515993358418,46.04571969271662,0.11781507131610594,0.050966797570657474,0.998700749393457,0.04972551204264164
3.5915262346035157,1.0435858516829417,1.5359892960785584,46.09571057091938,0.08761869598311683,0.048519812428939546,0.9990047555020254,0.050040680915117264
3.5915262346035157,1.0435858516829417,1.5359892960785584,46.14572376043334,0.09782466105797845,0.04692179451411078,0.998921577395455,0.05006718309596181
3.5915262346035157,1.0435858516829417,1.5359892960785584,46.195599139620384,0.10782649960014762,0.047842745061927615,0.9988206314808757,0.04993427009321749
3.5915173270781326,1.0540071590128028,1.5394532496793325,46.245479992489905,0.0970632636860152,0.04545863790461094,0.9989322753610876,0.0499341688118875
3.5915173270781326,1.0540071590128028,1.5394532496793325,46.29540316523391,0.10718385834922303,0.044955703904886436,0.9988397554487235,0.049981163116171956
3.5915173270781326,1.0540071590128028,1.5394532496793325,46.34535624001593,0.11716102971662742,0.04579481693384121,0.9987396399811408,0.050016113091260195
3.591769925870665,1.0742752549278927,1.5474366225647624,46.395820385419476,0.08681011293484193,0.040078940180925074,0.9990488749289461,0.050512188812717795
3.591769925870665,1.0742752549278927,1.5474366225647624,46.44535311068798,0.0972191157486972,0.03857157551787546,0.9989632391895268,0.04958413215354085
3.5912604382064632,1.084320664337865,1.549559423915647,46.49515940642267,0.0871811181392787,0.03595615672182182,0.9990661867764816,0.04985284898430109
3.5912604382064632,1.084320664337865,1.549559423915647,46.54517418086642,0.09725300136833524,0.035469225198884076,0.9989696369735952,0.05006636097095907
3.5912604382064632,1.084320664337865,1.549559423915647,46.59526604815757,0.10725394302781233,0.036109148663930335,0.9988693477294134,0.0501485678832978
3.5912604382064632,1.084320664337865,1.549559423915647,46.645090563717964,0.117259355087323,0.036738204052658735,0.9987695220073394,0.04988589906133711
3.5912604382064632,1.084320664337865,1.549559423915647,46.69500921203581,0.12721176343160534,0.03736317743113494,0.9986704296430501,0.04998510703444481
3.5914157622976584,1.1008868992577585,1.5557501902134843,46.74496092024415,0.10418555336857885,0.03299171366971384,0.9989030698740858,0.050006561912596226
3.5914157622976584,1.1008868992577585,1.5557501902134843,46.79492443898895,0.11439454343718335,0.031950089660052174,0.9988138555823142,0.05002285307273269
3.5926148379778464,1.1125235911142295,1.5588886223244038,46.844866440675,0.10106138234984986,0.033289437776410295,0.9989459427994584,0.04999469895847142
3.5926148379778464,1.1125235911142295,1.5588886223244038,46.895088243070134,0.1110812497213125,0.0325669490254948,0.9988542302840036,0.050279411021620035
3.5924002183739168,1.1245985317958493,1.5607478281450842,46.94472370386712,0.09705091043670473,0.030957134738487834,0.9989942695898811,0.04968543094582856
3.5924002183739168,1.1245985317958493,1.5607478281450842,46.99468491038908,0.10705410267352918,0.03018233191826956,0.998898567497332,0.05001629609614611
3.591918864126273,1.1376161391365769,1.5645327836510592,47.044651766084655,0.09113345421100476,0.02635430772251565,0.999057295720384,0.05001400411128998
3.591918864126273,1.1376161391365769,1.5645327836510592,47.09461904000984,0.10128160043101442,0.025553360428064168,0.9989628962926321,0.0500191489700228
3.5914010606713314,1.1488175087592327,1.567397250830704,47.14456212647398,0.08896305527285558,0.022366670507067,0.9990851064085031,0.04998882091604173
3.5914010606713314,1.1488175087592327,1.567397250830704,47.194536788163205,0.09906328412550085,0.02175127751494494,0.9989888826730193,0.050025243079289794
3.5914010606713314,1.1488175087592327,1.567397250830704,47.24449978935833,0.10906076210626567,0.02206084226894938,0.9988886568314076,0.05001858901232481
3.5914010606713314,1.1488175087592327,1.567397250830704,47.29473114785608,0.11904987692374809,0.022355570885837565,0.9987887936250136,0.05029227281920612
3.591958709636851,1.1662395786857058,1.5717978494279703,47.344389049936076,0.09428347815637858,0.02095165990190067,0.9990361302406696,0.04970581200905144
3.591958709636851,1.1662395786857058,1.5717978494279703,47.3943816986327,0.10431648012648376,0.019890300782502767,0.9989443337600606,0.05004548002034426
3.59257080645661,1.1774039922206565,1.5734695362131028,47.444252985178494,0.09199189788323031,0.020809992810418256,0.9990677586168014,0.04991782200522721
3.59257080645661,1.1774039922206565,1.5734695362131028,47.49429499762376,0.10197936131760678,0.020115767255670085,0.9989716334657305,0.05009352695196867
3.5920414971237404,1.1883230578737087,1.5728597515092841,47.54414597699285,0.09018162397608705,0.019581499543481217,0.9990880191285816,0.049896484008058906
3.5920414971237404,1.1883230578737087,1.5728597515092841,47.594180014539106,0.10014825390843846,0.01891784870632874,0.998987203751358,0.05008476320654154
3.5920414971237404,1.1883230578737087,1.5728597515092841,47.64413069653232,0.11015856370488623,0.01914188138245326,0.9988866223813527,0.050006357952952385
3.5920414971237404,1.1883230578737087,1.5728597515092841,47.694004756867926,0.12014643921328666,0.01935330727340316,0.9987866612822098,0.04993464797735214
3.591529598391716,1.207024925996494,1.5759487775583223,47.74414990218594,0.09278164746099762,0.016057701404617646,0.9990581097633565,0.05019242106936872
3.591529598391716,1.207024925996494,1.5759487775583223,47.79394680634637,0.10290545840767228,0.014971280024093321,0.998961103474019,0.04984869179315865
3.591420960733723,1.2187870048361054,1.578709393155085,47.844063986873984,0.08937696972059188,0.013040381024496523,0.9990948123483804,0.05016258708201349
3.591420960733723,1.2187870048361054,1.578709393155085,47.89375441520943,0.09946722134230052,0.012401903137293589,0.9989974375205367,0.04974029609002173
3.591420960733723,1.2187870048361054,1.578709393155085,47.94366143938752,0.10940516765986763,0.012494080827227612,0.9988978506556982,0.049962089862674475
3.591420960733723,1.2187870048361054,1.578709393155085,47.993576137995255,0.11938311037933588,0.012567237918548364,0.9987976248662672,0.049974787048995495
3.5914670480153936,1.2381559397223938,1.583534346272201,48.04393620396436,0.09067253258156663,0.009613531430153963,0.9990826943752064,0.05040630395524204
3.5914670480153936,1.2381559397223938,1.583534346272201,48.09370701367617,0.10084503625137033,0.00865840311818642,0.9989867129761734,0.049821292981505394
3.5914670480153936,1.2381559397223938,1.583534346272201,48.14357680631271,0.11079728434672112,0.0086622927412856,0.99888686750933,0.04992536618374288
3.590606827493521,1.2503970833927531,1.5843975610928278,48.193456142776846,0.09629512457075765,0.006052228792698555,0.9990275906460716,0.04992788680829108
3.590606827493521,1.2503970833927531,1.5843975610928278,48.24342154285668,0.10629793798646675,0.005444577516413321,0.99892778655157,0.05001903115771711
3.590606827493521,1.2503970833927531,1.5843975610928278,48.293339953627694,0.11628637763247704,0.005383148123492523,0.9988272599244327,0.04997702082619071
3.590606827493521,1.2503970833927531,1.5843975610928278,48.34569102126831,0.12626381588328878,0.005308927977639101,0.9987270061057039,0.05241779517382383
3.5901758938223844,1.2700166031281133,1.5862241500843062,48.39314726460863,0.09751239658427407,0.0033476424219254742,0.999010474401409,0.04750324902124703
3.5901758938223844,1.2700166031281133,1.5862241500843062,48.44317371137739,0.10702956619314975,0.0025858845614924355,0.998919496588166,0.05008055898360908
3.5895316854960093,1.28032824797657,1.5861284052389142,48.49307542318465,0.0964027889626704,0.0011716334378614496,0.9990211500212371,0.049950605956837535
3.5895316854960093,1.28032824797657,1.5861284052389142,48.543181402221684,0.10638003448633182,0.000722737211576541,0.9989208365020771,0.050160109996795654
3.589125664689219,1.2922607974210822,1.5861905232491358,48.593007002697085,0.09253517956295874,-0.00010310821912963043,0.9990573096348334,0.04987261490896344
3.589125664689219,1.2922607974210822,1.5861905232491358,48.64293607440729,0.10249438183831427,-0.0005600942427374464,0.9989575186401594,0.049981176154688
3.5894118020550128,1.3044170687140606,1.5871298940769594,48.69282243126877,0.08819062627394741,-0.00010948621030877018,0.9991014031834737,0.04993122490122914
3.5894118020550128,1.3044170687140606,1.5871298940769594,48.74278534852249,0.09816510552762953,-0.0005753807331509541,0.9990020812955737,0.05001282598823309
3.5894118020550128,1.3044170687140606,1.5871298940769594,48.792787282331346,0.1081488282078295,-0.0007372260655367754,0.9989016258222244,0.05005691503174603
3.5894118020550128,1.3044170687140606,1.5871298940769594,48.84296530769766,0.11813991876958371,-0.0009106146220408739,0.9988011397037975,0.05023825401440263
3.588720959227716,1.3234471711855005,1.5884573825873665,48.89273002359016,0.0901113233772473,-0.003259423718694412,0.9990776235627578,0.04981066007167101
3.588720959227716,1.3234471711855005,1.5884573825873665,48.9428522002865,0.10006741933015036,-0.0037650749203315074,0.9989784399933058,0.0501734318677336
3.587805912785917,1.3336640713145747,1.5896712092790148,48.99272795779792,0.08961855153690614,-0.006998695302952839,0.999077187553295,0.049921825993806124
3.587805912785917,1.3336640713145747,1.5896712092790148,49.04283581231008,0.09958453296257433,-0.0073204556429072205,0.9989773029011094,0.05015915213152766
3.587805912785917,1.3336640713145747,1.5896712092790148,49.09251713250114,0.10959316956921147,-0.007601860068137447,0.9988765192473753,0.049737198976799846
3.587805912785917,1.3336640713145747,1.5896712092790148,49.14337076471405,0.11951657202272889,-0.00788943120288795,0.9987769885314429,0.05091590294614434
3.5868279796415488,1.352139396994453,1.5875280809670833,49.192415214954195,0.09271380463706277,-0.008468297906279402,0.9990415289600176,0.04909150302410126
3.5868279796415488,1.352139396994453,1.5875280809670833,49.24242923996953,0.10250057469286021,-0.008754986038654886,0.9989443133828959,0.05006687995046377
3.5852798391348455,1.3628048194221167,1.585689049929526,49.29223563094225,0.09109874345394359,-0.01160102658567698,0.9990516031021498,0.04985367204062641
3.5852798391348455,1.3628048194221167,1.585689049929526,49.34228104344396,0.10104523196813787,-0.011757463216576202,0.9990961702782425,0.050090685952454805
3.5851522135184246,1.3741205803877417,1.584238777821599,49.39222400334174,0.08843419233979594,-0.010990445412021025,0.9992211760857705,0.049981886986643076
3.5851522135184246,1.3741205803877417,1.584238777821599,49.442083693711865,0.09841497819823355,-0.011104252565688994,0.9991197704662,0.049903617007657886
3.5851522135184246,1.3741205803877417,1.584238777821599,49.492055142971644,0.1083749031827807,-0.01140045796054455,0.9990179067818754,0.0500205741263926
3.5851522135184246,1.3741205803877417,1.584238777821599,49.542037375455656,0.11835672516512322,-0.011700601057544528,0.998915581347277,0.05003649299032986
3.5851522135184246,1.3741205803877417,1.584238777821599,49.59200312430811,0.12834067861032608,-0.0120054066479975,0.9988131750701621,0.0500251199118793
3.5851066528115014,1.3939754817364047,1.5823866942090907,49.64225885406979,0.09866232599301973,-0.010405591271387543,0.9991361229927339,0.05029918206855655
3.5851066528115014,1.3939754817364047,1.5823866942090907,49.69240648839976,0.10870955343749196,-0.010402209907252845,0.9990339955741866,0.05019612400792539
3.585146880527355,1.4055531467768174,1.5811765369673132,49.74185316517322,0.09560267147958439,-0.009364726464533771,0.9991636148243662,0.04948806785978377
3.585146880527355,1.4055531467768174,1.5811765369673132,49.79186766922416,0.10548634992686068,-0.00945123182286257,0.9990631885852091,0.05006140214391053
3.585406932684251,1.4165514032748423,1.5809269146981741,49.84185543766491,0.09351497312381372,-0.008546578637331034,0.9991809193946289,0.050028746016323566
3.585406932684251,1.4165514032748423,1.5809269146981741,49.89174199969414,0.10350554557747978,-0.008646226835897426,0.999078398385046,0.04993257997557521
3.585037271723046,1.425736426832686,1.5805342940097111,49.94171607081401,0.09510573115386016,-0.009437933472839478,0.9991778924083105,0.05001518898643553
3.585037271723046,1.425736426832686,1.5805342940097111,49.991597476996915,0.10508635420986162,-0.009539694644473212,0.999075586084235,0.04992755991406739
3.585037271723046,1.425736426832686,1.5805342940097111,50.04181545696861,0.11505217747138043,-0.009785478871629257,0.9989729973978912,0.05026960698887706
3.585037271723046,1.425736426832686,1.5805342940097111,50.09160988801147,0.1250848934293292,-0.010034800869128327,0.9988692265327741,0.04985080100595951
3.58440322200637,1.4455768958766528,1.5790224910262556,50.1415024046917,0.09536542593499912,-0.01054695553441187,0.999161992276158,0.049934362061321735
3.58440322200637,1.4455768958766528,1.5790224910262556,50.19147257324347,0.10533209501135246,-0.010435437626845985,0.9990593979645155,0.050017214845865965
3.5842955143892223,1.456305706232507,1.5779949355484046,50.241429049780834,0.09387888703147898,-0.010058095093433127,0.9991861221023506,0.04999716812744737
3.5842955143892223,1.456305706232507,1.5779949355484046,50.29139420308019,0.10386468478569352,-0.01007119379745613,0.9990831859922029,0.0500110040884465
3.5840109110835483,1.4644398133682042,1.5779389838938551,50.34137990947661,0.09758165013394152,-0.010973672766990804,0.9991412645847314,0.0500286677852273
3.5840109110835483,1.4644398133682042,1.5779389838938551,50.39129671691552,0.10756313027196075,-0.011019438545113726,0.9990373494737976,0.04996490618214011
3.583329503247967,1.4740402757596498,1.5779615873499588,50.44117926753375,0.09832191914041617,-0.013114871905023692,0.9991235236842366,0.04992630984634161
3.583329503247967,1.4740402757596498,1.5779615873499588,50.49142380555233,0.10827055948954038,-0.013085393328412792,0.9990194807354713,0.05029385210946202
3.5830405126490943,1.48510083817342,1.576792178228858,50.541334766565974,0.09620178216395153,-0.013190123628832037,0.9991493309309663,0.049953454872593284
3.5830405126490943,1.48510083817342,1.576792178228858,50.59261623667889,0.10617927468514496,-0.013095234386198279,0.9990459288831435,0.05133044300600886
3.5830405126490943,1.48510083817342,1.576792178228858,50.64108240352753,0.11642620531422185,-0.013365761052032367,0.9989373535993272,0.04851772403344512
3.5827636110100527,1.495092570045367,1.577186150875552,50.691762223684954,0.10612673080747959,-0.014680402318162714,0.9990359896036464,0.05072872317396104
3.5832199948687933,1.5046406434550568,1.5762485878418657,50.74088830242151,0.09718558778358108,-0.012527517524463832,0.9991192033093391,0.04916938696987927
3.5832199948687933,1.5046406434550568,1.5762485878418657,50.79090749918668,0.10702247005567923,-0.012473516679130476,0.9990162416490245,0.05006845202296972
3.5832199948687933,1.5046406434550568,1.5762485878418657,50.8408012578538,0.11701861089429026,-0.012725025616685441,0.9989239272548482,0.049947505816817284
3.5834187100387314,1.5153112807207334,1.5746008078667697,50.89081141329285,0.10568143115477328,-0.011073385392273427,0.9990321634579152,0.050058603985235095
3.5834686993522475,1.5242487112062162,1.5731238512264842,50.940672780625114,0.09784164645229365,-0.009723573104196089,0.9991053011351057,0.04990601819008589
3.5834686993522475,1.5242487112062162,1.5731238512264842,50.990656589313474,0.10781918600770919,-0.009685165754341706,0.9989997506536948,0.05003385501913726
3.5834686993522475,1.5242487112062162,1.5731238512264842,51.04063888450606,0.11780750737944119,-0.009875175976791195,0.998892762278218,0.050037698820233345
3.582934944930479,1.5353374642883801,1.5724670823111138,51.09064226170387,0.10562128780412804,-0.01110733600315488,0.9990065179194575,0.0500531040597707
3.582772012530258,1.546354157922874,1.573017241547428,51.140480524327316,0.0935830301404389,-0.011906507314463702,0.9991339404842211,0.049881462939083576
3.582772012530258,1.546354157922874,1.573017241547428,51.1905126227692,0.10352997046452081,-0.011746455357216568,0.9990272205882107,0.050080816028639674
3.582772012530258,1.546354157922874,1.573017241547428,51.240700773284416,0.11352857054283126,-0.011966248925557298,0.9989195685124014,0.050242434022948146
3.58277256864555,1.5576734239078098,1.5716655412230873,51.2903937246243,0.10094252897829954,-0.011181512555899407,0.9990375362434964,0.04974082508124411
3.58277256864555,1.5576734239078098,1.5716655412230873,51.34032778558542,0.11088670997138617,-0.011020851319598854,0.9989311739398121,0.04998748889192939
3.582354384845306,1.5679541722732089,1.5708924113165226,51.3902713217896,0.10031075701964229,-0.01188548185064679,0.9990277496463811,0.049992141081020236
3.582354384845306,1.5679541722732089,1.5708924113165226,51.44019213409305,0.11029014165001687,-0.011721975193312686,0.9989347741494639,0.049974045949056745
3.581689244131875,1.577193946200708,1.5691483348566668,51.49014773964956,0.10179071083996835,-0.012566961006718053,0.9990111523179208,0.050005052937194705
3.581689244131875,1.577193946200708,1.5691483348566668,51.54010623949107,0.11178022130601536,-0.012397406521341591,0.9989044876236844,0.05001329001970589
3.5816052546593786,1.5877201190888566,1.5684827624700328,51.59001616794149,0.10072829865422295,-0.012479553474312146,0.9990059664287496,0.04995958996005356
3.5816052546593786,1.5877201190888566,1.5684827624700328,51.6402880054752,0.1107072427655028,-0.012240024891068747,0.998897685457026,0.05032731406390667
3.581941681602271,1.5982759577214194,1.5682277571326522,51.69009140500419,0.09966684592547663,-0.011452261000653765,0.9989981118008393,0.049853347009047866
3.581941681602271,1.5982759577214194,1.5682277571326522,51.74015254984699,0.10963027375974431,-0.011223724050528185,0.9989043596205794,0.05011605401523411
3.5818927314245093,1.6094806767486285,1.5674985490679536,51.789932940383046,0.09724402357824152,-0.011163765658776307,0.999018879312813,0.04982927907258272
3.5818927314245093,1.6094806767486285,1.5674985490679536,51.839866533249484,0.10719847539844347,-0.010909302718810417,0.9989108572346935,0.04998803697526455
3.582382789895251,1.6197303344560072,1.5658323677585835,51.8897870342408,0.0967105678784332,-0.008602376213119942,0.9990057658087945,0.04997018305584788
3.582382789895251,1.6197303344560072,1.5658323677585835,51.93975204432979,0.1067146305860793,-0.008406056247926607,0.9988967272254845,0.05002019600942731
3.5823740317710793,1.6301774811468894,1.564480600574087,51.989684560348884,0.09582552115659648,-0.007737032547246213,0.9989950137339187,0.04998274799436331
3.5823740317710793,1.6301774811468894,1.564480600574087,52.03969437820362,0.10581915680425158,-0.007530513074566402,0.9989010635013235,0.050064835930243134
3.5821640098532694,1.6401284117689403,1.564979390042397,52.08967715350401,0.0959234645926445,-0.008836348084503141,0.9989904398633229,0.05003328691236675
3.5821640098532694,1.6401284117689403,1.564979390042397,52.139561060018806,0.10589867783602097,-0.008619652252830935,0.9988805628021504,0.04993981099687517
3.582145467554531,1.6493561216542778,1.563621629380689,52.189558607198016,0.09743088068458364,-0.007970126708872713,0.9989548642656838,0.05004985607229173
3.582145467554531,1.6493561216542778,1.563621629380689,52.23936033256949,0.1074372182229229,-0.007774145161701257,0.9988451362524035,0.04985930607654154
3.5822654789691306,1.6583546981202901,1.5642087870277364,52.289316267213785,0.09940435030419745,-0.008210941618509273,0.9989146141229456,0.050010215025395155
3.5822654789691306,1.6583546981202901,1.5642087870277364,52.33927279963778,0.10938202573989958,-0.008019750942688923,0.9988192972740232,0.05001558596268296
3.5823655827252145,1.669708892115974,1.5638024239424098,52.38921787789844,0.09667561914306849,-0.007806631546637864,0.9989362098405534,0.049998265923932195
3.5823655827252145,1.669708892115974,1.5638024239424098,52.43924894804891,0.10666098661595201,-0.0075502155750170495,0.9988264124654168,0.050089854979887605
3.581934793836645,1.680951098585715,1.5641650159513376,52.489216998632585,0.09418904011209421,-0.009426073939227623,0.9989408383743725,0.05002103094011545
3.581934793836645,1.680951098585715,1.5641650159513376,52.53909247761661,0.10415642474397004,-0.009136434130062671,0.99883037046188,0.04993388312868774
3.581599692391684,1.6911256290087107,1.5629964862590624,52.589285290181515,0.09379190673860073,-0.009578988023197533,0.9989230123198275,0.05024692788720131
3.581599692391684,1.6911256290087107,1.5629964862590624,52.638926240634845,0.10383105166113299,-0.00930661843212207,0.9988284991652198,0.049699173076078296
3.581599692391684,1.6911256290087107,1.5629964862590624,52.68890546958237,0.1137534828463914,-0.00941559705318309,0.9987195663493118,0.05004330608062446
3.581599692391684,1.6911256290087107,1.5629964862590624,52.738725968545694,0.12374231045956474,-0.0095147688831176,0.9986090973924566,0.04988989094272256
3.581474147353937,1.7112559200794542,1.5605967564994234,52.78869867754625,0.09347472156980649,-0.008686996114027483,0.998901106932797,0.05002768407575786
3.581474147353937,1.7112559200794542,1.5605967564994234,52.83872492083852,0.10348863000869957,-0.008093699933376207,0.9987921856411144,0.05008673877455294
3.581474147353937,1.7112559200794542,1.5605967564994234,52.888857084134344,0.11348839179239396,-0.00816733509276442,0.9986808968564663,0.0501983801368624
3.5818917785114834,1.7229038351458794,1.5605132068914525,52.938563149841876,0.10022847890803842,-0.007388761817308374,0.9988178953754665,0.049764893017709255
3.5818917785114834,1.7229038351458794,1.5605132068914525,52.988472325061956,0.1101506018393954,-0.007059293865773105,0.9985327112700741,0.049982513999566436
3.5820203485997344,1.7341256125405815,1.5612985716581256,53.03842565975573,0.09769566581681408,-0.0077377453194531695,0.9986492195156378,0.05002090195193887
3.5820203485997344,1.7341256125405815,1.5612985716581256,53.08834242791704,0.10766769192069642,-0.007421809418861597,0.9985428794533873,0.0499896090477705
3.5825695081243043,1.744512820368149,1.5613613204712027,53.138302599179,0.09688350257395062,-0.006317370325449264,0.9986441653672226,0.050028000958263874
3.5825695081243043,1.744512820368149,1.5613613204712027,53.18819587608902,0.10687448249532427,-0.00606463335466786,0.9985385550562584,0.049966299906373024
3.582796911209119,1.7570725261286457,1.5613789722819607,53.23818491444657,0.09174561448560106,-0.005875765613126172,0.9987005708992445,0.0500540800858289
3.582796911209119,1.7570725261286457,1.5613789722819607,53.288078537589726,0.1017353391623474,-0.005578913888726596,0.9985815974411597,0.049964492907747626
3.5826792767682565,1.7670101047973494,1.560846690214968,53.33792907107513,0.09184928749932501,-0.005858418515948705,0.9986787004545252,0.049916488118469715
3.5826792767682565,1.7670101047973494,1.560846690214968,53.38791992889825,0.10181445488177623,-0.005627235344075187,0.9985780397861176,0.05006204405799508
3.5826792767682565,1.7670101047973494,1.560846690214968,53.4378568001709,0.1118066788063057,-0.005664861285397753,0.9984766469393103,0.05001305881887674
3.5826792767682565,1.7670101047973494,1.560846690214968,53.48778350331471,0.12178760810389642,-0.005697019714104319,0.9983756967370793,0.050007931189611554
3.5828932344921944,1.7875298386887422,1.5608468573950443,53.5376807786715,0.09075644298666559,-0.005789838866601388,0.9987008460327553,0.04996218392625451
3.5828932344921944,1.7875298386887422,1.5608468573950443,53.58764921909688,0.1007276087560306,-0.005284067884103759,0.9986017639806747,0.05003840592689812
3.582988915973134,1.7989895252745363,1.5620368705312564,53.63757476538739,0.08780991583925316,-0.006311313996079017,0.9987323451782357,0.04998891497962177
3.582988915973134,1.7989895252745363,1.5620368705312564,53.68760122019849,0.09777382201635301,-0.006036908564756703,0.9986336671836457,0.050094901118427515
3.5831032029465186,1.8083011527836956,1.5622281038028716,53.737509182465146,0.08916257164598247,-0.006187873934820672,0.99872116478637,0.049971868051216006
3.5831032029465186,1.8083011527836956,1.5622281038028716,53.787384235563536,0.09913532430201577,-0.005988753672576116,0.9986231174011326,0.0499438198748976
3.5831032029465186,1.8083011527836956,1.5622281038028716,53.83743739025995,0.10910620690052007,-0.006044053010478223,0.9985406415612126,0.050126306945458055
3.5831032029465186,1.8083011527836956,1.5622281038028716,53.88726068883479,0.11911139785996878,-0.006093647677338256,0.9984502911395507,0.04990063002333045
3.5831781118570207,1.8275544197792926,1.5602768821478155,53.937123717706065,0.09059544852741817,-0.00496591642571077,0.9987384695455088,0.04992601205594838
3.5831781118570207,1.8275544197792926,1.5602768821478155,53.987160200580526,0.10057889146518555,-0.004573540686506417,0.9986429349862758,0.050104477908462286
3.5837111111521027,1.839086416291507,1.5597659017093362,54.03706547072304,0.08752819003841536,-0.0030954495888495187,0.9987754213863923,0.049966457998380065
3.5837111111521027,1.839086416291507,1.5597659017093362,54.08692152560689,0.09751041922373441,-0.002872718299348505,0.9986789128504837,0.04992200620472431
3.5837111111521027,1.839086416291507,1.5597659017093362,54.13686275852269,0.10747689852471125,-0.0028664100711985946,0.9985972777282369,0.050011384999379516
3.5837111111521027,1.839086416291507,1.5597659017093362,54.18691730627959,0.11745972962904258,-0.002854700982567568,0.9985114412520598,0.05012916796840727
3.584246721197037,1.8567689478189133,1.5602935487804581,54.23672144482928,0.09211663615675755,-0.002309433360673688,0.9987679205096356,0.04986557690426707
3.584246721197037,1.8567689478189133,1.5602935487804581,54.286599284332745,0.10206904704357751,-0.0020163632001333268,0.9986721667925688,0.04994415701366961
3.5840192748421367,1.8680972631416966,1.5606401873444853,54.336579448660906,0.08940300176278394,-0.0032533960278659938,0.9988027443700791,0.050040075089782476
3.5840192748421367,1.8680972631416966,1.5606401873444853,54.386547591134885,0.09938565604608735,-0.003054232417669758,0.9987061808650002,0.0500328759662807
3.5840192748421367,1.8680972631416966,1.5606401873444853,54.43653615292894,0.10937450230708325,-0.0030573612160545056,0.9986240989247879,0.050057435873895884
3.5840192748421367,1.8680972631416966,1.5606401873444853,54.48648114779707,0.11936694956731125,-0.0030558106174621495,0.9985396800903972,0.05001803720369935
3.5848204181355094,1.8862242124771609,1.56040528607949,54.53639730829493,0.0931116038867662,-0.001130750437232242,0.9988047365732381,0.049975894857198
3.5848204181355094,1.8862242124771609,1.56040528607949,54.586285809946574,0.1030911180381908,-0.0009085357264889578,0.9987084810791047,0.04995301691815257
3.585127993679527,1.8969469470112277,1.5612410053283463,54.63619330914681,0.09162726468346087,-0.0009623359194592708,0.998826087671231,0.04996615508571267
3.585127993679527,1.8969469470112277,1.5612410053283463,54.686197221952526,0.1016425723417049,-0.0008381279531930325,0.9991679515791773,0.050045553129166365
3.585127993679527,1.8969469470112277,1.5612410053283463,54.736116506278,0.11163555157206463,-0.0008159742228306816,0.9990608930568964,0.04996620793826878
3.585127993679527,1.8969469470112277,1.5612410053283463,54.78600846560482,0.12161103961908253,-0.0007903240028218116,0.998948778445714,0.0499444620218128
3.584835038602352,1.9167767405875902,1.561685575638265,54.83617771348752,0.09195655535182191,-0.0025170610227175554,0.9992212039956154,0.050208349945023656
3.584835038602352,1.9167767405875902,1.561685575638265,54.88601444555827,0.10197388817860052,-0.002265751475736796,0.9990960656323484,0.04988182196393609
3.5849822837386216,1.9266558124837632,1.5622096803478385,54.93590998069199,0.09218640502106709,-0.00251930373393613,0.999169315712117,0.04993701702915132
3.5849822837386216,1.9266558124837632,1.5622096803478385,54.98597189244166,0.10216650066476965,-0.0023988658108126232,0.9991805439026321,0.050102968933060765
3.5849822837386216,1.9266558124837632,1.5622096803478385,55.035855860672974,0.1121711272892907,-0.002407441497505669,0.9990716079145165,0.04993032314814627
3.5849822837386216,1.9266558124837632,1.5622096803478385,55.085830609566685,0.1221398750058121,-0.0024130362449372982,0.9989609346416118,0.05002672993578017
3.5849822837386216,1.9266558124837632,1.5622096803478385,55.13577817494501,0.13212550433600465,-0.002416107793132425,0.9988375382906135,0.0500056950841099
3.585590960217147,1.9461660524195583,1.561166782588784,55.18568721688448,0.10310798309153285,-0.0003198839248487878,0.9991033510862193,0.04995383298955858
3.585590960217147,1.9461660524195583,1.561166782588784,55.236124717951725,0.11308313863980993,-0.00019819704916053437,0.9989802356428608,0.05048898793756962
3.5857828479394276,1.9584895495535188,1.5604040942215558,55.28565290146787,0.09854169094037112,0.0006327053959046087,0.9992232999105246,0.04956668196246028
3.5857828479394276,1.9584895495535188,1.5604040942215558,55.335801032907376,0.1084402514161407,0.0007084208866915744,0.9991158930478139,0.05019250698387623
3.586120650170469,1.9707457082939728,1.5627510457280456,55.385593014555404,0.09396197152761147,-0.0004293326247181518,0.9992484282329447,0.0498294320423156
3.586120650170469,1.9707457082939728,1.5627510457280456,55.43553952162113,0.10390557853977657,-0.00034303920720857577,0.9991251887855286,0.04999023908749223
3.5861681052588965,1.9814604353849432,1.561850084383572,55.485473751352636,0.09247167329383037,0.00024139404269483088,0.9992151379380795,0.049973451998084784
3.5861681052588965,1.9814604353849432,1.561850084383572,55.53541728640968,0.10244994361983166,0.00028715684206789783,0.999091223072326,0.049988963874056935
3.5863754846498073,1.993419534241717,1.5630287403787761,55.585335258061875,0.0885373530438751,-0.0002845942266495961,0.9993211190716349,0.049951883032917976
3.5863754846498073,1.993419534241717,1.5630287403787761,55.635323023857936,0.09851021396518682,-0.00023034846403388297,0.9992109258436807,0.05002724099904299
3.5863754846498073,1.993419534241717,1.5630287403787761,55.68526667876429,0.10849935627076028,-0.0002182015915942952,0.9990985765038725,0.049988715909421444
3.5859956350880307,2.0130111908773243,1.56325669452162,55.735171006871994,0.0793310228326571,-0.0018933996670801392,0.9993656286658905,0.049936006078496575
3.5859956350880307,2.0130111908773243,1.56325669452162,55.78518670339952,0.08929855947037989,-0.0017673515596386402,0.9992410645868502,0.050053684040904045
3.5859956350880307,2.0130111908773243,1.56325669452162,55.83512936242008,0.09929214068718802,-0.0017826157572821898,0.9991157290879509,0.049986860947683454
3.5859956350880307,2.0130111908773243,1.56325669452162,55.88509361492997,0.10928226322121566,-0.0017961403876584352,0.9991023528805959,0.05000914307311177
3.585515233304814,2.033550667090467,1.563853368356134,55.935032968357376,0.07822361077597334,-0.0041024467965389624,0.9994015634807164,0.04996925685554743
3.585515233304814,2.033550667090467,1.563853368356134,55.98499055105414,0.08819297128475685,-0.0038607705943613487,0.9992885158573956,0.04999315203167498
3.585515233304814,2.033550667090467,1.563853368356134,56.035308452346975,0.09817524066313454,-0.003914861725175327,0.9991626728795125,0.05036006914451718
3.585515233304814,2.033550667090467,1.563853368356134,56.08494904183971,0.10822917086784667,-0.00396574361852837,0.9990354620537699,0.04968851595185697
3.5849630868242177,2.054216812929228,1.5635775775399372,56.13487360414462,0.0768484986855276,-0.005849251039047505,0.9993237032748242,0.04995834897272289
3.5849630868242177,2.054216812929228,1.5635775775399372,56.1848759969911,0.08682700858810245,-0.0055271781468870795,0.9993079715843585,0.05003701988607645
3.5849630868242177,2.054216812929228,1.5635775775399372,56.23479598190384,0.09681989116750851,-0.005607750797407264,0.9991949136399323,0.04996020719408989
3.5849630868242177,2.054216812929228,1.5635775775399372,56.28476271151504,0.10679565399995,-0.005684389882911449,0.9990806065538644,0.050012710969895124
3.5849630868242177,2.054216812929228,1.5635775775399372,56.33467362115997,0.1167794899053294,-0.005758697482893186,0.9989534831511194,0.04996319697238505
3.5848359123232583,2.0727400311120365,1.5635065642983978,56.3846596744486,0.0897321446786678,-0.006615192926566843,0.999196509434163,0.05002624890767038
3.5850242747321954,2.083808143033379,1.5629829092132375,56.43476626879716,0.07759581733482056,-0.005674721010534637,0.9992899071709543,0.05014219996519387
3.5850242747321954,2.083808143033379,1.5629829092132375,56.48460497093642,0.08762387376296069,-0.005523765057062649,0.9992719615874891,0.04987501306459308
3.5850242747321954,2.083808143033379,1.5629829092132375,56.53454505302681,0.0975837447318328,-0.005602741495036561,0.9991581022590441,0.04998216195963323
3.5850242747321954,2.083808143033379,1.5629829092132375,56.58447736474402,0.10756337895893377,-0.005678015464913471,0.9990422712072285,0.049980179173871875
3.5850242747321954,2.083808143033379,1.5629829092132375,56.63445996747467,0.11754020341238396,-0.005751336822511475,0.9989138797767484,0.050036948872730136
3.5851999720140264,2.104013094138549,1.5604125079496907,56.68445663530675,0.08715199522940605,-0.0038623615446970946,0.9991883812370886,0.05003727902658284
3.5855202400136066,2.1169602289894844,1.560036628410709,56.73445516916889,0.07128040942369251,-0.0029001270609050928,0.9993182224096588,0.050032644998282194
3.5855202400136066,2.1169602289894844,1.560036628410709,56.784364721309515,0.0812840083987727,-0.00274921103536556,0.9992997076212293,0.04994452791288495
3.5855202400136066,2.1169602289894844,1.560036628410709,56.8343524284164,0.09125742398261964,-0.002770974838387293,0.9991839482997682,0.05002853297628462
3.5855202400136066,2.1169602289894844,1.560036628410709,56.88427141610288,0.10124619596635352,-0.002789967225090284,0.9990665482416546,0.04996562818996608
3.5855202400136066,2.1169602289894844,1.560036628410709,56.934183850638306,0.1112199709556122,-0.0028068093275076026,0.9989367216967557,0.04996556183323264
3.585783431284193,2.134006558680541,1.5605350973468954,56.98417761312795,0.08712101439835478,-0.003016559937141759,0.9991469291785469,0.05003644712269306
3.585783431284193,2.134006558680541,1.5605350973468954,57.03414568249658,0.0971062285391658,-0.00283038864425554,0.9990158894594702,0.050017291912809014
3.5859173540240423,2.145316295353698,1.5613573992896441,57.08403736457201,0.08449575028697175,-0.0034443922299930443,0.9992230621013002,0.049930474953725934
3.5859173540240423,2.145316295353698,1.5613573992896441,57.13417387473193,0.09446005504358365,-0.0033391617488322404,0.999105587085327,0.050181393045932055
3.5859173540240423,2.145316295353698,1.5613573992896441,57.18395346918467,0.10447851148621809,-0.0033801285260224535,0.9989862249403056,0.0498301109764725
3.5859173540240423,2.145316295353698,1.5613573992896441,57.234135827438145,0.11442431616089732,-0.003419305531150603,0.9988554124216057,0.050239862175658345
3.585507010545936,2.1635703794869166,1.5611163699284942,57.283903876495266,0.08797419748160293,-0.004991290917721036,0.9990877617938021,0.04981349082663655
3.585507010545936,2.1635703794869166,1.5611163699284942,57.33393484336034,0.09791280160679748,-0.004767620123859453,0.9989562929032898,0.05008323909714818
3.5852201390205383,2.174892446965408,1.5627322415327944,57.38383816671453,0.08529135336366814,-0.007190390188136284,0.9991640707823807,0.04994507390074432
3.5852201390205383,2.174892446965408,1.5627322415327944,57.433764600513314,0.09524111937731351,-0.007028154116670077,0.9990445814084272,0.04997418005950749
3.5852201390205383,2.174892446965408,1.5627322415327944,57.48365708021882,0.10521800275047853,-0.007138907252293761,0.9989244347527337,0.04994620010256767
3.5852201390205383,2.174892446965408,1.5627322415327944,57.53376288076257,0.1151863224922005,-0.0072465801364094695,0.9987915737353662,0.050166422966867685
3.5857861907915116,2.192647517714926,1.561792373213688,57.58364334992921,0.08971514850880538,-0.005520703548902875,0.9990117776698296,0.04992981092073023
3.5857861907915116,2.192647517714926,1.561792373213688,57.63358550912314,0.09969012320176085,-0.005313358208862312,0.9988781660442957,0.04999824892729521
3.585626646323021,2.204228176784092,1.5621405979742102,57.68353141027274,0.08653502096973083,-0.006448162297991009,0.9990918025517614,0.049991303123533726
3.585626646323021,2.204228176784092,1.5621405979742102,57.733465848708654,0.09650805579331012,-0.006317483837482649,0.9989709379417698,0.04998587700538337
3.585626646323021,2.204228176784092,1.5621405979742102,57.7835369622714,0.10648612948122757,-0.006418752954876735,0.9988494563978296,0.050128788920119405
3.585626646323021,2.204228176784092,1.5621405979742102,57.83336961615147,0.11648987648511323,-0.006517345786991197,0.9987145414949562,0.04989679413847625
3.5869119676353654,2.2236256573744044,1.558527344172569,57.88333478246028,0.08768712483083364,-0.0007007765318104353,0.9989664976931347,0.05001685884781182
3.5869119676353654,2.2236256573744044,1.558527344172569,57.93325459063018,0.09767577897576171,-0.0007078572163081639,0.9988309118742908,0.04997823713347316
3.5869119676353654,2.2236256573744044,1.558527344172569,57.98326422977257,0.1076607056903098,-0.0007042153810282696,0.9988140824120391,0.05006901687011123
3.5873946483790893,2.234554323357882,1.5574961569289578,58.03318951254103,0.0958025945695692,0.0010715465049009388,0.9989092726763116,0.04997979709878564
3.5873946483790893,2.234554323357882,1.5574961569289578,58.083122618732716,0.10577576217226412,0.0010652559574421394,0.9987868338423509,0.049993756925687194
3.5873946483790893,2.234554323357882,1.5574961569289578,58.13305428953538,0.11575130140102229,0.001100794786646631,0.9986510724316979,0.049999115988612175
3.5873946483790893,2.234554323357882,1.5574961569289578,58.18297694151487,0.12572644784399042,0.0011363796979470748,0.9985146889839167,0.04999691294506192
3.587642925709013,2.254673716330784,1.556608648033404,58.23290723791192,0.09548721358520354,0.001840932470601886,0.9987794345744341,0.04999131406657398
3.587642925709013,2.254673716330784,1.556608648033404,58.282831645239455,0.10547236241306043,0.0017475754498883357,0.9987637460524326,0.04998620296828449
3.5878573382410375,2.2674278279575644,1.5565480480126606,58.33279556502537,0.0899542779238089,0.001956362105061579,0.9988947372132273,0.050019204150885344
3.5878573382410375,2.2674278279575644,1.5565480480126606,58.38270496292481,0.09993597405476425,0.001915967527536609,0.998771262520937,0.04997079889290035
3.5877719472097995,2.2776827880967754,1.5556676786779173,58.43264100590792,0.08941664446712069,0.001989283209437489,0.9988395203751202,0.04999406007118523
3.5877719472097995,2.2776827880967754,1.5556676786779173,58.48273307933845,0.09939251640266954,0.0019679095984474187,0.9987019295047485,0.05015718098729849
3.5877719472097995,2.2776827880967754,1.5556676786779173,58.53287590943302,0.1093993703501613,0.002020624322072329,0.9985631419988427,0.05021498189307749
3.5877719472097995,2.2776827880967754,1.5556676786779173,58.582463657100945,0.11942865672338886,0.0020713867792463395,0.9985480322587909,0.04965985217131674
3.5874192939565335,2.2978017494459517,1.5582988138231053,58.63239710105236,0.08914866495021383,-0.0017971236656940778,0.9988272963367383,0.04999206983484328
3.5874192939565335,2.2978017494459517,1.5582988138231053,58.682468406309766,0.09911875281922623,-0.001711203947200871,0.9987029797113005,0.05013633309863508
3.5876903978534243,2.3094384004205133,1.5580131328419267,58.73218061413828,0.08586158425433477,-0.0011892157558027268,0.9987971332058615,0.049772077007219195
3.5876903978534243,2.3094384004205133,1.5580131328419267,58.78224409047809,0.09579254079834376,-0.001198164052218383,0.9986596490918658,0.05013066902756691
3.5876903978534243,2.3094384004205133,1.5580131328419267,58.832248196507905,0.10579387286185332,-0.0012165840798557194,0.9985199993713079,0.05007822182960808
3.5876903978534243,2.3094384004205133,1.5580131328419267,58.88209330397161,0.11579594349154901,-0.0012374786111148455,0.9985065082771768,0.049919662065804005
3.5879620236453174,2.328711330426341,1.5572956002632852,58.931973184399816,0.08723444083888032,-0.0006476775231123711,0.9987661845950151,0.04994149901904166
3.5879620236453174,2.328711330426341,1.5572956002632852,58.98191525763553,0.09719997654493112,-0.00069723750843486,0.9986422546449749,0.05000997404567897
3.587799040733537,2.3398331862342445,1.5563111717880018,59.03192534053408,0.08495596785818811,-0.0008591643966706329,0.99872638160923,0.05007385788485408
3.587799040733537,2.3398331862342445,1.5563111717880018,59.08210640231675,0.0949477385707499,-0.0008751954982222164,0.9985873535812452,0.050252050161361694
3.587799040733537,2.3398331862342445,1.5563111717880018,59.13173450439449,0.10497237416844035,-0.000884188705785807,0.9984469901120445,0.04970529489219189
3.587799040733537,2.3398331862342445,1.5563111717880018,59.18171007085298,0.11489931131630038,-0.0008957182713080274,0.9984358732729998,0.05005385703407228
3.5879891251805125,2.3596659524511265,1.5589435272152847,59.23246065831399,0.08524491759261241,-0.0032412297452221496,0.9987058204691918,0.05081635294482112
3.5879891251805125,2.3596659524511265,1.5589435272152847,59.281538377910366,0.09537766778566369,-0.0031494509697036254,0.9985790259079261,0.049147557001560926
3.5879891251805125,2.3596659524511265,1.5589435272152847,59.33142819650572,0.1051822818082429,-0.003216536188098018,0.9984440418010702,0.049967566039413214
3.5876193550960185,2.3706320018698763,1.5592882926392824,59.381288934174044,0.09323800382217057,-0.004990105047767121,0.9985239563414344,0.04993444308638573
3.5876193550960185,2.3706320018698763,1.5592882926392824,59.43130986328673,0.10319331284902329,-0.004979528503901805,0.9983845531502792,0.05010186601430178
3.5876193550960185,2.3706320018698763,1.5592882926392824,59.481160664263406,0.11318590374134438,-0.005077733140416539,0.9982438004255024,0.04993850295431912
3.5876193550960185,2.3706320018698763,1.5592882926392824,59.53109659163792,0.1231586142439472,-0.005177402098119819,0.9982456418089531,0.05002368683926761
3.5875129915523565,2.389812185152399,1.5584806409600074,59.581083057410204,0.09480623933061005,-0.0056759307502089905,0.9985070210240222,0.05006120610050857
3.5875129915523565,2.389812185152399,1.5584806409600074,59.63099240024707,0.10479202685297755,-0.005575901992378539,0.9983691577765926,0.04999087005853653
3.5874465144573775,2.402349244967452,1.5591481241593905,59.6808803479838,0.08970493292151113,-0.006873633830505733,0.9984811157106548,0.04996383702382445
3.5874465144573775,2.402349244967452,1.5591481241593905,59.73079036261898,0.09966306082769776,-0.006800737713943103,0.9983419388619346,0.04999290592968464
3.587712273983241,2.4142297455172192,1.5579409825541275,59.78072041564252,0.08589132404150336,-0.005742981751470678,0.9984394110855617,0.050008095102384686
3.587712273983241,2.4142297455172192,1.5579409825541275,59.83064561929207,0.09588609031031094,-0.005707134236150442,0.9984417334874484,0.05000312183983624
3.587712273983241,2.4142297455172192,1.5579409825541275,59.88054442797006,0.10586135805197788,-0.005817646814927158,0.9983211922718682,0.04998272005468607
3.587712273983241,2.4142297455172192,1.5579409825541275,59.93045658601345,0.1158295364623173,-0.0059283779759240094,0.9981841097519548,0.05000295792706311
3.5880909821346183,2.4341735241678895,1.5575826883725687,59.98037030321814,0.08593810869326525,-0.005515795827215715,0.9984448356012324,0.04999146214686334
3.5880909821346183,2.4341735241678895,1.5575826883725687,60.03068766121874,0.09591004343447374,-0.005397150354310644,0.9983067377177829,0.05040270299650729
3.5882919759411784,2.445491683399405,1.5567691230121365,60.080211961910315,0.08334146555226493,-0.004812569803270963,0.9983925470835802,0.04960403684526682
3.5882919759411784,2.445491683399405,1.5567691230121365,60.13043799509011,0.09325144201497408,-0.004797812375452555,0.9983964960935997,0.05030670017004013
3.5882919759411784,2.445491683399405,1.5567691230121365,60.180019952665575,0.10328533344602063,-0.004890824750320887,0.9982620222249402,0.04966827994212508
3.5882919759411784,2.445491683399405,1.5567691230121365,60.22996053797601,0.1131917007366217,-0.0049892448252347585,0.9981418319730112,0.05003355606459081
3.588843919202298,2.465148510749601,1.5554842962366484,60.27983556068598,0.08387835538638683,-0.0033919703475024177,0.9983979350005212,0.0499550539534539
3.588843919202298,2.465148510749601,1.5554842962366484,60.32980870304042,0.09384452936819096,-0.0033698268689413284,0.9982614601400833,0.05006017396226525
3.588552020960799,2.4753363923421317,1.5562131794617833,60.380068731647796,0.08347246478891579,-0.00525192704684705,0.9983271099466204,0.050344249000772834
3.588552020960799,2.4753363923421317,1.5562131794617833,60.4297045195958,0.09351856075272885,-0.005232806836860896,0.9983278396986647,0.0497189259622246
3.588552020960799,2.4753363923421317,1.5562131794617833,60.47947988488704,0.10343463834402546,-0.0053340145502969085,0.9981972286893006,0.049865260953083634
3.588552020960799,2.4753363923421317,1.5562131794617833,60.52942551112306,0.1133795940059266,-0.00543987954252433,0.9980783098767692,0.050041791051626205
3.588552020960799,2.4753363923421317,1.5562131794617833,60.57936623624612,0.12335697776818087,-0.005544256095435616,0.9979434563922144,0.050043642055243254
3.5881905333901316,2.494855099852035,1.556363616116713,60.629437719838755,0.09423679716835714,-0.007706453125595009,0.9972702583589429,0.05020853993482888
3.5881905333901316,2.494855099852035,1.556363616116713,60.67904630292761,0.10422603771647017,-0.007481768475274266,0.9971313720180645,0.04975130106322467
3.5881092036422255,2.5062974590650784,1.5572211229095911,60.728822584583305,0.09127811399285313,-0.009032118241362394,0.9973562209007987,0.04990822798572481
3.5881092036422255,2.5062974590650784,1.5572211229095911,60.778803359233294,0.10121060613640857,-0.008906006085291622,0.9972456190721752,0.050118820974603295
3.5881194447798865,2.5171211231153006,1.5565831564781782,60.82870077900153,0.08956754549547188,-0.009057711183336281,0.9973568214913285,0.050029657082632184
3.5881194447798865,2.5171211231153006,1.5565831564781782,60.87846665277097,0.099537547186551,-0.008950230324287505,0.9972396144695526,0.04990362701937556
3.5881194447798865,2.5171211231153006,1.5565831564781782,60.92838685712821,0.10947136474137528,-0.009103660649043546,0.997026419672046,0.050069088814780116
3.5881194447798865,2.5171211231153006,1.5565831564781782,60.97819356754788,0.11944612402418052,-0.00925753029791341,0.9969211567896431,0.04996053106151521
3.5884470524522434,2.5358529754553647,1.5570259475051924,61.02811961851975,0.09196693753808234,-0.009733367384205058,0.9973128559238634,0.05006057093851268
3.5884470524522434,2.5358529754553647,1.5570259475051924,61.07789538600345,0.10193907716492362,-0.009394061327937858,0.9972281283789962,0.04991412302479148
3.5880749105473035,2.5475029891325494,1.5564035136604635,61.12774805149181,0.08860779046352585,-0.01068888247725559,0.9973822036394994,0.04998351214453578
3.5880749105473035,2.5475029891325494,1.5564035136604635,61.17762062362698,0.09856083630800083,-0.010512449772826355,0.9972890646958259,0.050008140970021486
3.5880749105473035,2.5475029891325494,1.5564035136604635,61.22750859091744,0.10852670291316721,-0.01069161794306967,0.9971818804663571,0.050028954865410924
3.5880749105473035,2.5475029891325494,1.5564035136604635,61.277560240002835,0.11849645032074949,-0.010868476441076061,0.997094832471047,0.05019748117774725
3.587329054605784,2.5663841670101415,1.5577306331319325,61.327276963881104,0.09076580875081469,-0.015182317555589606,0.9974961011817824,0.04984152200631797
3.587329054605784,2.5663841670101415,1.5577306331319325,61.37709385798369,0.10064043687588536,-0.014567669473717505,0.9974253361496153,0.04994548694230616
3.587229751034458,2.5767183018840503,1.5580898267301164,61.42694378215958,0.08994018600417314,-0.015874707431973487,0.9975646437390888,0.04997162288054824
3.587229751034458,2.5767183018840503,1.5580898267301164,61.47692527890733,0.09988241238087173,-0.015625956864427536,0.9974809604740121,0.050107720075175166
3.587088720154843,2.587547674751927,1.5565076231733666,61.52675417381637,0.08823686566848492,-0.015631725981411472,0.9976416026742693,0.049946689046919346
3.587088720154843,2.587547674751927,1.5565076231733666,61.57687188616552,0.0982061674825637,-0.015340027826130613,0.9975616030989312,0.05024021794088185
3.587088720154843,2.587547674751927,1.5565076231733666,61.62665764393166,0.10823486324550975,-0.01558965630300694,0.997583550866042,0.04990635393187404
3.587088720154843,2.587547674751927,1.5565076231733666,61.676434585678294,0.11818541642279158,-0.01583025814654676,0.9975138288783659,0.0499010041821748
3.587088720154843,2.587547674751927,1.5565076231733666,61.726293518276094,0.1281344265412921,-0.016079232928661143,0.9974484448874825,0.04998647584579885
3.588198306397892,2.607743278477604,1.5532891070798431,61.77620988279673,0.09775909167821469,-0.011636027760698102,0.9977686602271256,0.050027993973344564
3.588198306397892,2.607743278477604,1.5532891070798431,61.826089117254035,0.1078021886018396,-0.011047486878790425,0.9977351278418061,0.049992460990324616
3.5880787224025252,2.619226550223597,1.5535557334100685,61.87593819254151,0.09482108187597088,-0.012423946641915906,0.9978782591861948,0.04995506699196994
3.5880787224025252,2.619226550223597,1.5535557334100685,61.925807848872346,0.10477420361406006,-0.012078770577212888,0.9978922707875179,0.04997499007731676
3.5877057008555133,2.632051800569968,1.5530724493019876,61.975687412105394,0.08911414541919638,-0.013681627031892107,0.9980717361027384,0.04997593001462519
3.5877057008555133,2.632051800569968,1.5530724493019876,62.025663140519576,0.09906311348611938,-0.013225597833278873,0.998002253629804,0.05007576709613204
3.5873294309016637,2.6438633327229906,1.555370135890637,62.075653990673686,0.08543289828253076,-0.01689331727930747,0.9981474826156438,0.05008363095112145
3.5873294309016637,2.6438633327229906,1.555370135890637,62.12542317213609,0.09534769830713852,-0.016392456409279377,0.998112728660267,0.04986328701488674
3.5873294309016637,2.6438633327229906,1.555370135890637,62.17532170294728,0.10529831588494942,-0.0166430471945529,0.9980204771952899,0.049997502006590366
3.5873294309016637,2.6438633327229906,1.555370135890637,62.22544040162192,0.11527870705340143,-0.016879226922269175,0.9980227137621676,0.05021799402311444
3.5874629371210074,2.663135694372252,1.5542089667017747,62.27508660351959,0.0867777442553341,-0.01694520160141493,0.9983230323367351,0.0497295968234539
3.5874629371210074,2.663135694372252,1.5542089667017747,62.325066235536404,0.09670528692096181,-0.015966007498961498,0.9982486169846246,0.0500673190690577
3.5869820677026722,2.6741865919321954,1.5520502161018075,62.3749339033726,0.0846228587632194,-0.016579823181226083,0.9983697387948216,0.04994909791275859
3.5869820677026722,2.6741865919321954,1.5520502161018075,62.42485875951192,0.09460085743468369,-0.016039514151222903,0.9983362106836701,0.05000805901363492
3.5869820677026722,2.6741865919321954,1.5520502161018075,62.474772846035684,0.1045840361347862,-0.01624947887697537,0.9982402795974534,0.05000207619741559
3.5869820677026722,2.6741865919321954,1.5520502161018075,62.525075164903654,0.11456816768213948,-0.016439619463519486,0.9982304352389098,0.05039148987270892
3.586592501093858,2.694263018782835,1.5494999974322474,62.57457834069758,0.08450771055858437,-0.01709652537717344,0.9985352876799466,0.049575790064409375
3.586592501093858,2.694263018782835,1.5494999974322474,62.624590668532036,0.0944093878667952,-0.015843272248200497,0.9984557657947728,0.05008967802859843
3.586117918514817,2.706098992100392,1.548328945737413,62.67455037602291,0.08076752965032567,-0.01731586573600405,0.998583778214696,0.05003056186251342
3.586117918514817,2.706098992100392,1.548328945737413,62.724479900136565,0.0907368770236674,-0.016519432465029876,0.9985418906925414,0.05000243312679231
3.586117918514817,2.706098992100392,1.548328945737413,62.77437749237144,0.10072558577026784,-0.016694958956529223,0.9984336294379005,0.049975872971117496
3.586117918514817,2.706098992100392,1.548328945737413,62.82448657644968,0.11070936167409964,-0.016842968245512235,0.9984249103501046,0.050188134890049696
3.586439689456171,2.725278080734188,1.5446649735500544,62.874307702296136,0.08241004885200026,-0.014728159462644596,0.9987141860428996,0.049885269021615386
3.586439689456171,2.725278080734188,1.5446649735500544,62.92479730144218,0.09244924014483547,-0.01334799303433365,0.9986109740768895,0.05055982805788517
3.5867674768787787,2.737331001139441,1.542978555928332,62.97411770213053,0.07846456879148457,-0.012267448576091548,0.9987360110546312,0.04938282002694905
3.5867674768787787,2.737331001139441,1.542978555928332,63.02402527710038,0.08836971237158005,-0.011362461562246092,0.9986917308627394,0.04997295304201543
3.5867674768787787,2.737331001139441,1.542978555928332,63.073904235085166,0.0983556631411167,-0.011392398106826575,0.9985768969689461,0.049950042041018605
3.5867674768787787,2.737331001139441,1.542978555928332,63.12391399014007,0.10833798833222653,-0.011394492413557018,0.9985614783493223,0.05008179880678654
3.587420888187519,2.7573503923196387,1.5431701744143795,63.173745109884884,0.07830888845833966,-0.01142598159056498,0.9988647053224046,0.04988775704987347
3.587420888187519,2.7573503923196387,1.5431701744143795,63.2237791612709,0.08826657632807142,-0.009805613375224481,0.9987517771246496,0.05009658308699727
3.58720088723542,2.768997671639908,1.540556454392138,63.27366812889376,0.07502828167433245,-0.00945234936116396,0.9988645010668431,0.049945680890232325
3.58720088723542,2.768997671639908,1.540556454392138,63.32364888560059,0.08503923639329636,-0.008464576097739176,0.9988151029607968,0.05004004901275039
3.58720088723542,2.768997671639908,1.540556454392138,63.373608151568256,0.09504283769013015,-0.008403796855401635,0.9986966346506466,0.05002446612343192
3.58720088723542,2.768997671639908,1.540556454392138,63.42343465162421,0.10504378342575411,-0.008306214573025097,0.9986759584076472,0.04989255988039076
3.58720088723542,2.768997671639908,1.540556454392138,63.47336184635208,0.11501127120451729,-0.008203547990209791,0.9985769457296224,0.04999834508635104
3.5872772530794643,2.7866214724861518,1.5392347723362727,63.52335772449035,0.0897851923644583,-0.008441224647876458,0.9988083668146374,0.05005552596412599
3.587531842128769,2.7984775713373673,1.539046320171961,63.57326404947075,0.07608646434413689,-0.007098719674721805,0.9989284012444997,0.04995986190624535
3.587531842128769,2.7984775713373673,1.539046320171961,63.62334554400597,0.08608435517765664,-0.0059204743669090745,0.9988714857439764,0.05013807606883347
3.587531842128769,2.7984775713373673,1.539046320171961,63.67332580333154,0.09611359666124837,-0.005759202689564236,0.998749277674817,0.05004284903407097
3.587531842128769,2.7984775713373673,1.539046320171961,63.72318178957874,0.1061222224032343,-0.0055593712273428394,0.9987247741469637,0.04991964506916702
3.587531842128769,2.7984775713373673,1.539046320171961,63.77306105976163,0.11609927138131824,-0.005350257414989352,0.9986225132371963,0.049948072992265224
3.588380137983362,2.81773167981857,1.537261297848899,63.823069052002346,0.08756361757465782,-0.0030653014273260394,0.9988824553662133,0.05006394092924893
3.588380137983362,2.81773167981857,1.537261297848899,63.87294726175482,0.09762918466768143,-0.0012542978232406665,0.9987636311704613,0.04993995395489037
3.5890279501970164,2.8278590600113045,1.5371385372019513,63.92289211910312,0.08735429608722281,1.9562886577538475e-05,0.9989038395564289,0.04999966500326991
3.5890279501970164,2.8278590600113045,1.5371385372019513,63.97282889450572,0.09737172322021036,0.0011556357660774254,0.9987805514212786,0.04999774508178234
3.5890279501970164,2.8278590600113045,1.5371385372019513,64.02276255286841,0.10738132841480656,0.0015329842296282431,0.9987525881064893,0.04999602399766445
3.5890279501970164,2.8278590600113045,1.5371385372019513,64.07275366554695,0.1173756999865596,0.0019303817331086208,0.998647327556688,0.0500588258728385
3.5899582992572467,2.8475146856628877,1.537664489640778,64.12266506384442,0.08805301033316396,0.0028214434131397454,0.9989153775335469,0.049965592101216316
3.5899582992572467,2.8475146856628877,1.537664489640778,64.17251283724684,0.09805307568447541,0.004745957044050364,0.9987919467153574,0.04990806500427425
3.5902498778078207,2.8591901564306728,1.5372342631013325,64.22248601901252,0.08471000192744323,0.005342252920922659,0.998960559131798,0.050025179982185364
3.5902498778078207,2.8591901564306728,1.5372342631013325,64.27249933245123,0.09472711284767478,0.006715537056406206,0.9989215394307552,0.050067309057340026
3.5902498778078207,2.8591901564306728,1.5372342631013325,64.32239332122639,0.104747086712154,0.007234706804636577,0.9988061109240408,0.04995362786576152
3.5902498778078207,2.8591901564306728,1.5372342631013325,64.3723540651776,0.1147355139670324,0.007797390631307871,0.9986982530183929,0.05002586496993899
3.591109692378682,2.879207173746589,1.5378603641953736,64.42234090067315,0.08469108241456312,0.008660127883615781,0.9989714933157394,0.0500383002217859
3.591109692378682,2.879207173746589,1.5378603641953736,64.47255973896031,0.09470712642707561,0.010722707801178769,0.9988460181103683,0.05027685686945915
3.590872940354648,2.891013469247632,1.5392331728194018,64.5221784766056,0.08125392983234976,0.008704418737228848,0.9990181031485273,0.04966750601306558
3.590872940354648,2.891013469247632,1.5392331728194018,64.5721080732514,0.0911326942348158,0.010258646259992356,0.9989777799153294,0.04998068790882826
3.590872940354648,2.891013469247632,1.5392331728194018,64.62209320024874,0.10114108773690188,0.010903892301387653,0.9988604571918118,0.05004215217195451
3.590872940354648,2.891013469247632,1.5392331728194018,64.67212140757518,0.11115123763403915,0.011602236738805099,0.9987503360664679,0.05009080399759114
3.5909491190551823,2.9094427564238474,1.5426534814623754,64.72194309144297,0.0844084857816513,0.008457923010694469,0.9989974280474827,0.04987168381921947
3.5909491190551823,2.9094427564238474,1.5426534814623754,64.7719051460411,0.09428202023731824,0.010776631429255673,0.9988686904137501,0.05001864116638899
3.5909673320031477,2.9205586842836673,1.5448625394650832,64.8218996616016,0.08214352711212757,0.009126570130842086,0.9990280924609796,0.05004315287806094
3.5909673320031477,2.9205586842836673,1.5448625394650832,64.87219008222117,0.09209921842919129,0.010859172540815303,0.9989830375700376,0.050341616151854396
3.5909673320031477,2.9205586842836673,1.5448625394650832,64.92176520103034,0.10218866440712016,0.011580134069585461,0.9988632230013725,0.049631538800895214
3.5909673320031477,2.9205586842836673,1.5448625394650832,64.97170183011175,0.11212293106672837,0.012347256593939971,0.9987539139651451,0.04999893205240369
3.591250834556405,2.9391479223075434,1.5463669904170971,65.02158518809057,0.08499744766589776,0.011699727003480728,0.9989981646217199,0.04993338300846517
3.591250834556405,2.9391479223075434,1.5463669904170971,65.07161197523932,0.0949562315862134,0.014259871801350132,0.9988700884885235,0.05008337693288922
3.5914207964020313,2.9504752621296264,1.546633512055825,65.12150229446046,0.08237588124432785,0.014787530078880763,0.9990274718534754,0.049938886193558574
3.5914207964020313,2.9504752621296264,1.546633512055825,65.17166995097188,0.09237817125664845,0.01673233395534586,0.9989839148589574,0.050218682968989015
3.5914207964020313,2.9504752621296264,1.546633512055825,65.22137689813577,0.10244076627176404,0.017642600647212216,0.9988626661452646,0.0497635449282825
3.5914207964020313,2.9504752621296264,1.546633512055825,65.27172838052236,0.11239803203779276,0.01861625713622241,0.9987508207778001,0.05041445908136666
3.591176512867324,2.9691034045034956,1.5479447219219233,65.32133177930456,0.08533957549335322,0.016982812362596883,0.9989943448270558,0.049653332913294435
3.591176512867324,2.9691034045034956,1.5479447219219233,65.37139252174391,0.09520848397281012,0.019790243441527654,0.9988677071584222,0.05011749011464417
3.5910639672165408,2.9787539136019134,1.550106475541587,65.4212150777028,0.08604556104728361,0.018466933711554962,0.9989966042367106,0.049872597912326455
3.5910639672165408,2.9787539136019134,1.550106475541587,65.4713095335538,0.09596092025795523,0.020500754171051426,0.9989455836407967,0.050147332018241286
3.5910639672165408,2.9787539136019134,1.550106475541587,65.52110205913618,0.1060004161510329,0.02157534560590773,0.9988231473164173,0.049851193092763424
3.5910639672165408,2.9787539136019134,1.550106475541587,65.57098576612464,0.11596551693920334,0.022727225312834616,0.9987096237433574,0.04994815890677273
3.59127966891376,2.997384501258427,1.5535762916123341,65.62104222415222,0.08877616612509885,0.02120476243007561,0.9989594404093702,0.05010859901085496
3.59127966891376,2.997384501258427,1.5535762916123341,65.67095216104852,0.09870956292270996,0.024362962304860257,0.9988253203553129,0.049968634033575654
3.59127966891376,2.997384501258427,1.5535762916123341,65.72089010882102,0.10873143959270509,0.025569502655930623,0.9987550431841464,0.05000019585713744
3.591352214893981,3.006721791709721,1.5542247757461793,65.77140019594995,0.10008026324333816,0.02637884628920322,0.9988934467991453,0.050566041143611073
3.591352214893981,3.006721791709721,1.5542247757461793,65.82073466727024,0.110147821752131,0.028608677713150336,0.9987694843821525,0.04939525295048952
3.591352214893981,3.006721791709721,1.5542247757461793,65.87068939152013,0.12000051016581534,0.02996120338269575,0.9986562764023847,0.050021939910948277
3.5915954903392078,3.0274060042115623,1.559384138727887,65.92055636107825,0.08872171185668602,0.027766083480157917,0.998950156711859,0.04991937708109617
3.5915954903392078,3.0274060042115623,1.559384138727887,65.97049508947521,0.09855132859191651,0.0313819724254827,0.9988133803319852,0.04999805707484484
3.5913767922488264,3.038456801595689,1.562865897992035,66.02045643388391,0.08657464783408741,0.029588562396546433,0.9989747482839545,0.050012619933113456
3.5913767922488264,3.038456801595689,1.562865897992035,66.07050699610366,0.0964381605097731,0.03219746694089435,0.9989226349957628,0.05010454310104251
3.5913767922488264,3.038456801595689,1.562865897992035,66.12043938714567,0.10636244476836253,0.03363593720199905,0.9987982198353482,0.049992471002042294
3.5913767922488264,3.038456801595689,1.562865897992035,66.17028662865863,0.11624458029641592,0.035179291711973065,0.998681879362593,0.04991303291171789
3.5913767922488264,3.038456801595689,1.562865897992035,66.22032451508676,0.1261050930318038,0.03677174737375822,0.9985476818317167,0.05011066305451095
3.5911757714824697,3.0572368335229543,1.5684355151831042,66.2702095856374,0.09863781218258356,0.03378482494744632,0.9988062726462026,0.04994469089433551
3.5911757714824697,3.0572368335229543,1.5684355151831042,66.3201395661738,0.10835750958319341,0.03745041827372129,0.99873184336577,0.04999337997287512
3.5906550308846286,3.069335729664791,1.5728430772699997,66.37009869391056,0.09426498944236857,0.03467833062930875,0.9989408106141162,0.05001210002228618
3.5906550308846286,3.069335729664791,1.5728430772699997,66.4200867730041,0.10381186847827051,0.03763305653081273,0.9988155012751946,0.05004736012779176
3.5907859778026405,3.0810469083173433,1.5754103578849594,66.47006639390722,0.0901568774237972,0.03837454952791683,0.9989344411012461,0.05003293394111097
3.5907859778026405,3.0810469083173433,1.5754103578849594,66.51994644540125,0.09982518254283691,0.041359695531749424,0.9988009107599307,0.049939933931455016
3.5911298582724087,3.092280821627869,1.5776799781158044,66.56990169118556,0.08704067072170305,0.04311734603101695,0.9988881764654558,0.050010849023237824
3.5911298582724087,3.092280821627869,1.5776799781158044,66.61982340089965,0.09672597369214751,0.046037573862796125,0.99881662093877,0.04998085601255298
3.5911298582724087,3.092280821627869,1.5776799781158044,66.66969314052959,0.10641486682069354,0.047863719427124356,0.9987667984161904,0.04993131500668824
3.5911298582724087,3.092280821627869,1.5776799781158044,66.71966730780571,0.1156238354027327,0.04971720973639739,0.9986546200334094,0.050041492097079754
3.5907911103893135,3.11077603544868,1.5844108572999946,66.76964310887422,0.08809581333474423,0.04706460271125604,0.9989174329257345,0.05002996185794473
3.5907911103893135,3.11077603544868,1.5844108572999946,66.8198244328741,0.09717192813955768,0.050902495618902435,0.9987863584017102,0.050242300145328045
3.590604808639296,3.1220613330605214,1.5887462150163274,66.86954435309288,0.08401032303557067,0.05031186675394171,0.9988841974523748,0.04977545980364084
3.590604808639296,3.1220613330605214,1.5887462150163274,66.91947041010228,0.0931026726727604,0.05332407859836634,0.9988188476797916,0.04998509702272713
3.590604808639296,3.1220613330605214,1.5887462150163274,66.96934539727248,0.1023232951945109,0.055298895018198006,0.9987755571566791,0.04993613110855222
3.590604808639296,3.1220613330605214,1.5887462150163274,67.01929470328646,0.11039892059687555,0.057306250416199404,0.9986870132181194,0.050014975015074015
3.590075264216114,3.1413588733536066,1.5972143983695553,67.06921661514828,0.08020278119404728,0.05394716829124205,0.9989509590582012,0.04997433698736131
3.590075264216114,3.1413588733536066,1.5972143983695553,67.11914461048909,0.08811777012873656,0.05791236272727511,0.9988371033160961,0.04998612403869629
3.59011857348935,3.15245134447144,1.6009282360701673,67.16911738682968,0.07408505400587487,0.05902254173745039,0.9989183293296372,0.05002688895910978
3.59011857348935,3.15245134447144,1.6009282360701673,67.2194017499893,0.08214368100464045,0.06201781963439363,0.9988712062833864,0.050341187976300716
3.59011857348935,3.15245134447144,1.6009282360701673,67.26904450575319,0.09028944022693047,0.06413933233461229,0.9988462139761685,0.04970009904354811
3.59011857348935,3.15245134447144,1.6009282360701673,67.31895819681102,0.0983022591160987,0.0662936986095851,0.998739313027522,0.04997669602744281
3.589589570006386,3.168409101484153,1.610283409969486,67.36887254296467,0.07472908748764541,0.06300852783375786,0.9989492479809962,0.04996684892103076
3.589589570006386,3.168409101484153,1.610283409969486,67.4189079275942,0.08258711005476548,0.06653487396008634,0.9988324258968804,0.05009387293830514
3.589589570006386,3.168409101484153,1.610283409969486,67.46884344598995,0.09064979464427789,0.0687669061270541,0.9987375737801433,0.049998637987300754
3.589589570006386,3.168409101484153,1.610283409969486,67.51890266870899,0.09867602863488197,0.07105347187922229,0.9986915376236436,0.05012480914592743
3.588753478998575,3.1840169071145046,1.6202992164349457,67.5688256106137,0.07585178412870464,0.06695829214185943,0.9989702533544637,0.049974402878433466
3.588753478998575,3.1840169071145046,1.6202992164349457,67.61868604553194,0.08366124187175135,0.0704259636741308,0.9988531874250481,0.0499176811426878
3.588753478998575,3.1840169071145046,1.6202992164349457,67.66857294747301,0.09165449084224608,0.0727634335819009,0.9987585513377395,0.049948910949751735
3.588753478998575,3.1840169071145046,1.6202992164349457,67.71856386032498,0.09962775635774838,0.07516425181459202,0.9986471026936308,0.050058637047186494
3.588753478998575,3.1840169071145046,1.6202992164349457,67.76849184314544,0.10760296486359822,0.07764066029327775,0.9985363739441192,0.050001165829598904
3.5878565246436245,3.2011749518993713,1.6334989464992726,67.81888153398202,0.08172463016018973,0.07200919230773052,0.9988340549428202,0.050448511028662324
3.5878565246436245,3.2011749518993713,1.6334989464992726,67.86833282624168,0.08953486341172605,0.07566011051548992,0.9987954826029384,0.049510929035022855
3.5878565246436245,3.2011749518993713,1.6334989464992726,67.91819775577244,0.0974203998443996,0.07806361372297016,0.9986858830632716,0.0499305441044271
3.5878565246436245,3.2011749518993713,1.6334989464992726,67.96817126682424,0.10534699448004337,0.08061488779173914,0.9985881310818907,0.05004416685551405
3.5869241395927403,3.220663062507932,1.6449286627748876,68.01817282561603,0.07459433696347242,0.0775235658937941,0.9988385827894417,0.0500596989877522
3.5869241395927403,3.220663062507932,1.6449286627748876,68.06839369098117,0.08237621196590704,0.08117640697598323,0.9987173655497562,0.0502853631041944
3.5869241395927403,3.220663062507932,1.6449286627748876,68.1180560553596,0.09035346383477262,0.0837378892968644,0.9986667143207799,0.04972866689786315
3.5869241395927403,3.220663062507932,1.6449286627748876,68.16793895096659,0.09822046226768331,0.08632667961683171,0.9986394126546322,0.04995085811242461
3.5854837576310126,3.2375536630894794,1.6600459674627446,68.21788925545478,0.07288003452860031,0.07941642453508227,0.9988809521683252,0.05000626388937235
3.5854837576310126,3.2375536630894794,1.6600459674627446,68.26782237124876,0.08059061865813161,0.08294046160020829,0.9987722388683155,0.04999449709430337
3.5854837576310126,3.2375536630894794,1.6600459674627446,68.31771134756916,0.08849705872929998,0.08554524062528905,0.9986574485544303,0.04995604488067329
3.5854837576310126,3.2375536630894794,1.6600459674627446,68.36769636767634,0.09637905765031836,0.0882233209671902,0.9985423529542149,0.05005798698402941
3.5833484754747356,3.2548415122546825,1.6756106238595647,68.41762438124293,0.07027770432552714,0.08005955028084433,0.9988678030924266,0.049984605982899666
3.5833484754747356,3.2548415122546825,1.6756106238595647,68.46762403908323,0.07796861958304385,0.08359060168680064,0.9988283619749514,0.05005830805748701
3.5833484754747356,3.2548415122546825,1.6756106238595647,68.51759163406479,0.08588090619879633,0.08618567523602895,0.9987135403281477,0.05003195907920599
3.5833484754747356,3.2548415122546825,1.6756106238595647,68.56743726741452,0.0937688563741064,0.08891487124976807,0.998612426635114,0.04991489392705262
3.5818790283784576,3.271146064885756,1.6885162860846028,68.61736479136913,0.0693349841784232,0.08484046784496566,0.9988214573472733,0.04998643510043621
3.5818790283784576,3.271146064885756,1.6885162860846028,68.66734386860708,0.07709693382877124,0.08821332937675887,0.9986976001996408,0.05004425486549735
3.5818790283784576,3.271146064885756,1.6885162860846028,68.71725317772055,0.08499311219530839,0.09094588901195014,0.9986451198135349,0.04997702199034393
3.5818790283784576,3.271146064885756,1.6885162860846028,68.76722454305948,0.09286223824552593,0.09371465160492837,0.9986143136788461,0.05004070606082678
3.5795447187877545,3.2871339721717088,1.703083227089122,68.81715430149721,0.0691828486245667,0.08670365944178263,0.998845720704233,0.04998745792545378
3.5795447187877545,3.2871339721717088,1.703083227089122,68.86712312395957,0.0769331714313962,0.09010645133631792,0.9987354808162627,0.05003208899870515
3.5795447187877545,3.2871339721717088,1.703083227089122,68.91700979554447,0.08481563937972968,0.09291428549952371,0.9986171264635119,0.049955754075199366
3.5795447187877545,3.2871339721717088,1.703083227089122,68.96693069763867,0.09267188160400294,0.09579944194222265,0.9984981399456853,0.049995989073067904
3.5771641185520777,3.3034658610898626,1.718893581552118,69.01681951480867,0.06829338931344331,0.08866978826914386,0.998802835890046,0.04994861385785043
3.5771641185520777,3.3034658610898626,1.718893581552118,69.0667600487272,0.07606357270226731,0.0920467766058535,0.9987626341503302,0.05000240518711507
3.5771641185520777,3.3034658610898626,1.718893581552118,69.11667782277934,0.08394539795123629,0.09486297184721813,0.9986441706932171,0.049985545920208097
3.5771641185520777,3.3034658610898626,1.718893581552118,69.16664205832286,0.09181560491072732,0.09782982801587674,0.9985375238470874,0.050037414068356156
3.5741679182768262,3.316727535496772,1.7351954027903447,69.21654294880562,0.0736613417918036,0.08792066374628699,0.9987576112124178,0.04996296390891075
3.5741679182768262,3.316727535496772,1.7351954027903447,69.26671687822258,0.08142447539601105,0.09129663423388633,0.9986289849220699,0.050242813071236014
3.5741679182768262,3.316727535496772,1.7351954027903447,69.31641769606387,0.08937689159961361,0.09422631084585734,0.9985720646658818,0.04977188888005912
3.5741679182768262,3.316727535496772,1.7351954027903447,69.36636558562455,0.09724231364194645,0.0971436542476613,0.9985399998263793,0.05002092011272907
3.571312459055538,3.332606861579027,1.7521445927237036,69.416286903038,0.07373556999826587,0.08888186915430951,0.998783851892608,0.04998210305348039
3.571312459055538,3.332606861579027,1.7521445927237036,69.4661600453861,0.08155198966387647,0.09250904948194255,0.998668423550709,0.049939640797674656
3.571312459055538,3.332606861579027,1.7521445927237036,69.51615344019852,0.08948480330377569,0.09548127462321611,0.9985466371763989,0.05006615910679102
3.571312459055538,3.332606861579027,1.7521445927237036,69.56616370451263,0.09742367457041576,0.0985543326004911,0.9984230993351895,0.05008925008587539
3.568416026928777,3.3492429145701577,1.7683871525558639,69.61601726579316,0.07232102700361219,0.09194778532448245,0.9987313171222133,0.04991688998416066
3.568416026928777,3.3492429145701577,1.7683871525558639,69.66602107253834,0.08020013227556488,0.09551585709563366,0.9986881398846228,0.050069490913301706
3.568416026928777,3.3492429145701577,1.7683871525558639,69.71607045143082,0.08816569852987595,0.09852535341376362,0.9985653759914163,0.05012128408998251
3.568416026928777,3.3492429145701577,1.7683871525558639,69.765801399087,0.0961874990493638,0.10170966268996146,0.9984520702616955,0.04980804701335728
3.565416690421536,3.3646408081165933,1.784913821962102,69.81574139075374,0.0735784314010929,0.09461368694613803,0.9986836679844819,0.05000581592321396
3.565416690421536,3.3646408081165933,1.784913821962102,69.86568703976123,0.08158139449097757,0.09823692954451997,0.9985504061774397,0.05001815501600504
3.565416690421536,3.3646408081165933,1.784913821962102,69.91552167164033,0.08962120392203582,0.10143766528751712,0.9984885581176898,0.0499100680463016
3.565416690421536,3.3646408081165933,1.784913821962102,69.96548990899586,0.09763294977946854,0.10462103376861452,0.9984511064807895,0.05004575289785862
3.5613388185851957,3.381177870119846,1.8038231511237808,70.01545489113913,0.07276068358314838,0.09416445334026567,0.9987341796830734,0.05002830899320543
3.5613388185851957,3.381177870119846,1.8038231511237808,70.06540514119324,0.0809492392307066,0.09801733840148023,0.998610867878197,0.0500197340734303
3.5613388185851957,3.381177870119846,1.8038231511237808,70.11533151452973,0.0891742885412554,0.10125274084158534,0.9984804775784085,0.050002353033050895
3.5613388185851957,3.381177870119846,1.8038231511237808,70.16538699954283,0.09738108301776978,0.10459246385569174,0.998348550718416,0.0501382858492434
3.5613388185851957,3.381177870119846,1.8038231511237808,70.21512515573745,0.10560664347833114,0.10807143913210585,0.9982792402986846,0.04982389113865793
3.5574111983051777,3.3957721999084702,1.8199898857135848,70.26510493840622,0.08463447682558467,0.09924909952463337,0.9986099669140901,0.050049352925270796
3.5574111983051777,3.3957721999084702,1.8199898857135848,70.31501783800158,0.09287908918277607,0.10301201381298292,0.9984713237296137,0.04998931707814336
3.5574111983051777,3.3957721999084702,1.8199898857135848,70.36487252101834,0.10153631284499612,0.10644839742676684,0.9983397084217442,0.049937593983486295
3.5574111983051777,3.3957721999084702,1.8199898857135848,70.41481077976059,0.11014850096037589,0.10999376976969892,0.9981977191749926,0.05002842401154339
3.552713438178394,3.414111156613902,1.8404576032322633,70.46487904824052,0.08213922139322088,0.099515922310428,0.9985316792518579,0.05014189286157489
3.552713438178394,3.414111156613902,1.8404576032322633,70.51475330225936,0.09085265945494986,0.10385357433262522,0.9984275557436659,0.04995280201546848
3.552713438178394,3.414111156613902,1.8404576032322633,70.56454558729655,0.09952057522842393,0.10723881230337932,0.9983782245955994,0.04987316811457276
3.552713438178394,3.414111156613902,1.8404576032322633,70.61444341069611,0.10814302586530675,0.1107418558663135,0.9982375515138284,0.04998592101037502
3.5466861965379257,3.434459221007259,1.8606589066275634,70.66449319332152,0.07678655558649283,0.09961906850090976,0.9986348004802487,0.05011820397339761
3.5466861965379257,3.434459221007259,1.8606589066275634,70.71437069851196,0.08653373164789525,0.10419632114505983,0.998463000250573,0.04995428491383791
3.5466861965379257,3.434459221007259,1.8606589066275634,70.76425181900368,0.09625426986015773,0.10772941820468024,0.9983030126861681,0.0499659120105207
3.5466861965379257,3.434459221007259,1.8606589066275634,70.81489318780041,0.10595645689776946,0.11141986003816616,0.9982034139773789,0.050732514122501016
3.5411053369344527,3.4528237630187326,1.880662053783572,70.86418674926551,0.07869063788903799,0.10149123783131682,0.9985616933349399,0.049364562844857574
3.5411053369344527,3.4528237630187326,1.880662053783572,70.9140727175286,0.08829266706569806,0.10575617474089034,0.9984869613870798,0.04996156203560531
3.5411053369344527,3.4528237630187326,1.880662053783572,70.96397852578458,0.09798889895862252,0.10926838571565582,0.9983265140017471,0.04998946492560208
3.5411053369344527,3.4528237630187326,1.880662053783572,71.01383662171183,0.10766074041822249,0.11287346095422102,0.9981648729502808,0.04994976008310914
3.5348625140138323,3.472874813629823,1.9019131832853782,71.06375621901313,0.07659436375579452,0.10317696064119654,0.9985611228654075,0.04999152896925807
3.5348625140138323,3.472874813629823,1.9019131832853782,71.1136950757103,0.08632898162690734,0.10804668604556915,0.9984510798794968,0.05001632799394429
3.5348625140138323,3.472874813629823,1.9019131832853782,71.16365431510533,0.09597772024139206,0.11146458262000256,0.9983833823632254,0.05004013516008854
3.5348625140138323,3.472874813629823,1.9019131832853782,71.21375901976954,0.10558030880477552,0.1149956459762445,0.9982232668122161,0.05019388580694795
3.528113268329957,3.492958039116716,1.9204187098905172,71.26346495997815,0.07390212033132929,0.10776009232053212,0.9985954278688693,0.04977585398592055
3.528113268329957,3.492958039116716,1.9204187098905172,71.3134915323423,0.08350019739821997,0.11238493221511382,0.9984257446124037,0.05010545114055276
3.528113268329957,3.492958039116716,1.9204187098905172,71.36332290314155,0.09310236448329956,0.11592926421497289,0.9982630495580828,0.049918076023459435
3.528113268329957,3.492958039116716,1.9204187098905172,71.41320665470909,0.10263804345008198,0.1196281550537505,0.9981636114081025,0.04997552605345845
3.5219724208465357,3.511345715360593,1.9405503539074471,71.4631299836258,0.07447752961853957,0.11292420124164583,0.998501049782224,0.04999827384017408
3.5219724208465357,3.511345715360593,1.9405503539074471,71.5130741341938,0.08378915923871404,0.11712467823299447,0.9984278261589201,0.05002279509790242
3.5219724208465357,3.511345715360593,1.9405503539074471,71.56294198095893,0.09314906379272063,0.12056461491704973,0.9982691757291061,0.049954308895394206
3.5219724208465357,3.511345715360593,1.9405503539074471,71.61335369015093,0.10246221766664042,0.12408056203323507,0.9981091840009054,0.050507209030911326
3.5155580322777245,3.5281874133590247,1.9642018190224284,71.66288117593157,0.07743597619687266,0.11377623547981676,0.9984503743357603,0.049604353960603476
3.5155580322777245,3.5281874133590247,1.9642018190224284,71.71274993475856,0.08677553023273847,0.11831233751869069,0.9983451467823435,0.04995142109692097
3.5155580322777245,3.5281874133590247,1.9642018190224284,71.76259957414483,0.09565525978887827,0.12156015338239472,0.998289005791545,0.04993507801555097
3.5155580322777245,3.5281874133590247,1.9642018190224284,71.81276754248164,0.10448494911566811,0.12486939338846846,0.9981402910143791,0.05026143998838961
3.509115548875523,3.54223140144978,1.9844658269329294,71.8623543125366,0.08420960566825911,0.11465373150439073,0.99841869611428,0.04966530599631369
3.509115548875523,3.54223140144978,1.9844658269329294,71.9127306419838,0.09298669224098036,0.11874697430408278,0.9982593470515694,0.050464170053601265
3.509115548875523,3.54223140144978,1.9844658269329294,71.96227379408894,0.10189453885196707,0.1220203179538247,0.9981085136105642,0.049637039890512824
3.509115548875523,3.54223140144978,1.9844658269329294,72.01227488606597,0.11062301822256694,0.12540138473257623,0.9980246308864921,0.050100058084353805
3.5017358180549802,3.5611831178292945,2.007563233604762,72.06214634196571,0.07981804866009673,0.1191379808777697,0.9983633877560778,0.04995320993475616
3.5017358180549802,3.5611831178292945,2.007563233604762,72.11202980456338,0.0862700794542886,0.12317300684662177,0.9983208957131742,0.04996736301109195
3.5017358180549802,3.5611831178292945,2.007563233604762,72.16186473156147,0.09387248947445437,0.12618017068518336,0.9981975340381122,0.04992491495795548
3.5017358180549802,3.5611831178292945,2.007563233604762,72.21194675285999,0.10143336689397094,0.12925289936476622,0.9980731705006383,0.050178707111626863
3.493636638961661,3.579383635081688,2.028882183774471,72.2616949308455,0.07025831921236052,0.12317774991396159,0.9983730647877506,0.0498292469419539
3.493636638961661,3.579383635081688,2.028882183774471,72.31167028801538,0.07771389932679855,0.1270906205044896,0.9983012968874867,0.05006039491854608
3.493636638961661,3.579383635081688,2.028882183774471,72.36159000278417,0.08524283203408554,0.13009938917049982,0.9981759118805652,0.05001093912869692
3.493636638961661,3.579383635081688,2.028882183774471,72.41147929823613,0.08694838707973332,0.13285752393840147,0.9982441230827244,0.04997704899869859
3.493636638961661,3.579383635081688,2.028882183774471,72.46382270020332,0.09150660023524418,0.13581649687124794,0.9981748929125008,0.052439108956605196
3.486203956676853,3.5939587778216984,2.053022113307491,72.51134642159755,0.06527145563296388,0.1267272891006955,0.9984990785763703,0.04759515798650682
3.486203956676853,3.5939587778216984,2.053022113307491,72.56122417556371,0.06952880802187603,0.13009848180398614,0.9984938231705899,0.0499529920052737
3.486203956676853,3.5939587778216984,2.053022113307491,72.61115458397546,0.074036749054506,0.13298526118346066,0.9984230612822712,0.050009269965812564
3.486203956676853,3.5939587778216984,2.053022113307491,72.66114245023016,0.0785176029574905,0.13591930632479315,0.9983536398805477,0.050070299999788404
3.4790638242422185,3.6091756151620773,2.077024831605955,72.71103175943281,0.05036399696348412,0.13025586562299757,0.9985540316843784,0.049961552023887634
3.4790638242422185,3.6091756151620773,2.077024831605955,72.76086884751012,0.05475250420745818,0.133400902372345,0.9984761140465211,0.04991315002553165
3.4790638242422185,3.6091756151620773,2.077024831605955,72.81078506975788,0.059164536579184204,0.13621811750765336,0.9984256077423795,0.049994933884590864
3.4790638242422185,3.6091756151620773,2.077024831605955,72.86085144287615,0.06355350361231416,0.13908837144272457,0.9983580453866678,0.05014871503226459
3.4727688914269614,3.6215177733340758,2.101354529864861,72.91068308514734,0.041383454973660236,0.13291246391259115,0.998599507616531,0.0499015289824456
3.4727688914269614,3.6215177733340758,2.101354529864861,72.9605607507813,0.04576100903799061,0.1357451284000726,0.9985256343611789,0.04995131213217974
3.4727688914269614,3.6215177733340758,2.101354529864861,73.01052580444936,0.05009630437780403,0.13856322329883025,0.998457958347584,0.05004222085699439
3.4727688914269614,3.6215177733340758,2.101354529864861,73.06039654813401,0.054410768888139296,0.14143002731159984,0.9983889591238672,0.049951217137277126
3.4727688914269614,3.6215177733340758,2.101354529864861,73.1103242482137,0.05868547727971097,0.14433123310261955,0.9983306146433009,0.050011188024654984
3.4727688914269614,3.6215177733340758,2.101354529864861,73.1602641665547,0.06293308882980843,0.14727254385455182,0.9982622426882026,0.05002685287036002
3.4632665602439214,3.6369847993159516,2.13928170200726,73.2101595070818,0.03358833737724659,0.1328259987066313,0.9986468881583609,0.04996294598095119
3.4632665602439214,3.6369847993159516,2.13928170200726,73.2604029544691,0.03777511472838059,0.13602897457324026,0.9985608168949807,0.050315861124545336
3.4632665602439214,3.6369847993159516,2.13928170200726,73.31018507075845,0.04204426637065067,0.13881343118527914,0.9984941248349708,0.04985719500109553
3.4632665602439214,3.6369847993159516,2.13928170200726,73.36012233694184,0.0462551145937911,0.1416188264856783,0.998426488676615,0.05001596687361598
3.4632665602439214,3.6369847993159516,2.13928170200726,73.40995228744455,0.05044948436729603,0.14447034686780766,0.9983658768114357,0.049911512061953545
3.4632665602439214,3.6369847993159516,2.13928170200726,73.45981293778004,0.054604826302625344,0.14735146702902205,0.9982982188288898,0.04994564689695835
3.4632665602439214,3.6369847993159516,2.13928170200726,73.50975113613731,0.058715868486432475,0.1504308639263936,0.998287322808154,0.050023873103782535
3.4557061674371865,3.6489652604788057,2.178542387858667,73.55990829090447,0.03710771245062519,0.13640575113102255,0.9985648154072048,0.050229243002831936
3.4557061674371865,3.6489652604788057,2.178542387858667,73.609627179043,0.041348168281475695,0.13923023436458914,0.9984886791367956,0.049794143065810204
3.4557061674371865,3.6489652604788057,2.178542387858667,73.6595820715794,0.04547475926063402,0.1419994752588837,0.9984236773826429,0.0500337618868798
3.4557061674371865,3.6489652604788057,2.178542387858667,73.7094664299709,0.04960252502586531,0.14481693674558385,0.998362581182028,0.04996617394499481
3.4557061674371865,3.6489652604788057,2.178542387858667,73.75942216456558,0.053696556424248226,0.14766580659664652,0.9982953480545628,0.050041037146002054
3.446735881351741,3.6614821159224467,2.2196906780141252,73.80929020686087,0.02976765713674058,0.13252997379586356,0.9986544040858242,0.049935234943404794
3.446735881351741,3.6614821159224467,2.2196906780141252,73.8591496436489,0.03387917139132117,0.13531192680929557,0.9985780779007263,0.04993043397553265
3.446735881351741,3.6614821159224467,2.2196906780141252,73.90911614979552,0.037989803626724536,0.13800135118681922,0.9985133202628932,0.05004090094007552
3.446735881351741,3.6614821159224467,2.2196906780141252,73.95902003124665,0.04209520201337477,0.1407277851219457,0.9984458540080151,0.049981560092419386
3.446735881351741,3.6614821159224467,2.2196906780141252,74.00893728701841,0.04617088756278646,0.14348534006914737,0.998385431452592,0.04999798093922436
3.446735881351741,3.6614821159224467,2.2196906780141252,74.0589006002395,0.0502230352358061,0.14627560529146366,0.9983187204841143,0.05004745698533952
3.446735881351741,3.6614821159224467,2.2196906780141252,74.10874654766299,0.05422869287383872,0.14928628941916985,0.9983068719602733,0.04993048612959683
3.446735881351741,3.6614821159224467,2.2196906780141252,74.15873083786391,0.058219221560709855,0.1522365489810955,0.9982385994365605,0.05007248790934682
3.446735881351741,3.6614821159224467,2.2196906780141252,74.20862038289798,0.06219419229159779,0.15521308361757363,0.9981688449117679,0.049981068121269345
3.4342642957449265,3.678147222111632,2.2731169165594927,74.2585019637284,0.02796942650156243,0.13526835753458327,0.9985625201799392,0.04995338781736791
3.4342642957449265,3.678147222111632,2.2731169165594927,74.30847966692879,0.03195519256760368,0.1379501844131368,0.9984920639464208,0.05005318019539118
3.4342642957449265,3.678147222111632,2.2731169165594927,74.35835966846032,0.03598441991235883,0.14059648214695775,0.9984312841222244,0.04995837202295661
3.4342642957449265,3.678147222111632,2.2731169165594927,74.40868475339248,0.03997942103785255,0.14345127217310447,0.9984223098771969,0.05040460778400302
3.4342642957449265,3.678147222111632,2.2731169165594927,74.45833336407424,0.04400828417064258,0.1462828106176618,0.998353838792341,0.049730475060641766
3.4342642957449265,3.678147222111632,2.2731169165594927,74.50817969772021,0.04795952706639242,0.149093471657752,0.9982865973903653,0.049931887071579695
3.425191110692381,3.6877263513180014,2.316224889511579,74.55813619460922,0.028792953251634553,0.1317661146365392,0.9985797210467507,0.050027549965307117
3.425191110692381,3.6877263513180014,2.316224889511579,74.607984922038,0.03301263100617132,0.13397987896313285,0.9985229185926319,0.0499224669765681
3.425191110692381,3.6877263513180014,2.316224889511579,74.65793543227616,0.037048519828903934,0.13655971884670043,0.9984608904055853,0.05002750805579126
3.425191110692381,3.6877263513180014,2.316224889511579,74.70786725751361,0.04104764429753179,0.13935885434100567,0.9984531311005613,0.05000918288715184
3.425191110692381,3.6877263513180014,2.316224889511579,74.75781079541483,0.04504707899405524,0.14211284183910253,0.9983866602405932,0.050024244002997875
3.425191110692381,3.6877263513180014,2.316224889511579,74.80826874130241,0.04902826794103666,0.14487336035354725,0.9983193822767277,0.050542889162898064
3.425191110692381,3.6877263513180014,2.316224889511579,74.85768334877132,0.05303516748029485,0.14768706106867402,0.998250863210083,0.049501191824674606
3.425191110692381,3.6877263513180014,2.316224889511579,74.9075138008784,0.05694133491471145,0.1504788744290208,0.9981925748148851,0.04992068000137806
3.413071879616183,3.7001469279165624,2.373882119532926,74.95736669506731,0.03020415205340589,0.12662236648886657,0.9985827756949206,0.049923647195100784
3.413071879616183,3.7001469279165624,2.373882119532926,75.00756263085815,0.03430626485167752,0.12921449060943022,0.998582412590048,0.05026719393208623
3.413071879616183,3.7001469279165624,2.373882119532926,75.05727109416623,0.03836140139633703,0.13183993830964535,0.9985209386369116,0.049782094080001116
3.413071879616183,3.7001469279165624,2.373882119532926,75.10727076255498,0.04238297560281287,0.13441419079316508,0.9984566431939088,0.05007695499807596
3.413071879616183,3.7001469279165624,2.373882119532926,75.15716051083514,0.046417676560135186,0.13702782450365214,0.9983911865793952,0.04997014091350138
3.413071879616183,3.7001469279165624,2.373882119532926,75.20712593900673,0.050430734045527385,0.13966431901450277,0.9983337118457325,0.050048823934048414
3.413071879616183,3.7001469279165624,2.373882119532926,75.25690834524946,0.05443704773723823,0.14232928863439118,0.9982697979390387,0.049868689151480794
3.413071879616183,3.7001469279165624,2.373882119532926,75.30694285396095,0.05837131513282632,0.145251643799366,0.9982558097730567,0.05012193089351058
3.3985627956936897,3.7138619176823138,2.4291393340913103,75.35674189727432,0.025821967918943485,0.12310866892404862,0.9986360810236363,0.049867057939991355
3.3985627956936897,3.7138619176823138,2.4291393340913103,75.40681295354669,0.02998929297825847,0.12511342006166418,0.9985818568432312,0.05014216504059732
3.3985627956936897,3.7138619176823138,2.4291393340913103,75.45666229509138,0.03407280939771834,0.12759433604111323,0.9985223202253651,0.049923111917451024
3.3985627956936897,3.7138619176823138,2.4291393340913103,75.5066375934626,0.0381508100058645,0.13005073395460467,0.9984672179187596,0.05005201720632613
3.3985627956936897,3.7138619176823138,2.4291393340913103,75.5565224207661,0.04223110715282436,0.13253908144491852,0.9984053555763759,0.0499645029194653
3.3985627956936897,3.7138619176823138,2.4291393340913103,75.60657184504917,0.04624952160039992,0.1352919330696003,0.9983966876339317,0.050129798008129
3.3985627956936897,3.7138619176823138,2.4291393340913103,75.65629501795014,0.05029097379297031,0.13802579741341597,0.9983318959624584,0.04980625491589308
3.3985627956936897,3.7138619176823138,2.4291393340913103,75.7063010219136,0.05429601222519882,0.14072933210105623,0.9982676142347691,0.05009278398938477
3.3836751638495493,3.727502254229093,2.4804372848025085,75.75694014491725,0.02040680599613058,0.12207363043020464,0.9985796605956812,0.050711150048300624
3.3836751638495493,3.727502254229093,2.4804372848025085,75.80607132379073,0.024931560540616245,0.12325547594584658,0.9985529917953703,0.04920237511396408
3.3836751638495493,3.727502254229093,2.4804372848025085,75.85597211771284,0.02899869031706083,0.12564092253461046,0.9984990152267342,0.0499758068472147
3.3836751638495493,3.727502254229093,2.4804372848025085,75.90596411454885,0.03308867630840416,0.12823147229815174,0.9983877598570952,0.05007272609509528
3.3836751638495493,3.727502254229093,2.4804372848025085,75.95590780042089,0.03720040472562666,0.13084059451114136,0.9983269545917698,0.05002738395705819
3.3836751638495493,3.727502254229093,2.4804372848025085,76.00581755236414,0.04130224855868277,0.13342479336337865,0.9982672344729137,0.04999638395383954
3.3836751638495493,3.727502254229093,2.4804372848025085,76.0557798130167,0.04540073866631064,0.13603008445385123,0.9982079557620009,0.050051955971866846
3.3836751638495493,3.727502254229093,2.4804372848025085,76.10560046324318,0.049500048767322134,0.13865948608332535,0.9981566233598119,0.04991265805438161
3.3836751638495493,3.727502254229093,2.4804372848025085,76.15554112731718,0.05358368004306443,0.14130481489922814,0.9980997790170001,0.05003574304282665
3.3696152823686885,3.738485745991964,2.5320138464813087,76.20543736203814,0.024742467899885746,0.12048932014944432,0.9984513172216337,0.049973628018051386
3.3696152823686885,3.738485745991964,2.5320138464813087,76.25535042460142,0.02974280785567836,0.1214506672662865,0.9984454445819695,0.04999077599495649
3.3696152823686885,3.738485745991964,2.5320138464813087,76.30536013361667,0.03394603015344297,0.12398902269330474,0.9983923406145937,0.05009023705497384
3.3696152823686885,3.738485745991964,2.5320138464813087,76.35522014287514,0.03816070336856627,0.1264570956799905,0.9983374747768352,0.04994304082356393
3.3696152823686885,3.738485745991964,2.5320138464813087,76.40524016042406,0.04236436450257325,0.12894988696847373,0.9982909394207528,0.05010565114207566
3.3696152823686885,3.738485745991964,2.5320138464813087,76.45522836725465,0.04658128859276647,0.13146711415960674,0.9982380307756554,0.0500764399766922
3.3696152823686885,3.738485745991964,2.5320138464813087,76.50501670623997,0.05075570721032193,0.13428811272533464,0.9982267489514584,0.04987678304314613
3.3696152823686885,3.738485745991964,2.5320138464813087,76.55487336741788,0.05491679724776959,0.1371321503722826,0.9981719242912312,0.049947969848290086
3.3564137365592996,3.747205364515529,2.576502263896498,76.60473114104205,0.030021436542366765,0.11744575371910647,0.998451981203121,0.04993507405743003
3.3564137365592996,3.747205364515529,2.576502263896498,76.65470083904475,0.035326055685389504,0.11811764645938536,0.9984534947843458,0.05004709609784186
3.3564137365592996,3.747205364515529,2.576502263896498,76.70459639766894,0.03966623619071146,0.12061473625478457,0.9984099805135054,0.04997501987963915
3.3564137365592996,3.747205364515529,2.576502263896498,76.75447288791128,0.043990740173353624,0.12303104245718756,0.9983603577288999,0.049958404153585434
3.3564137365592996,3.747205364515529,2.576502263896498,76.8044321385436,0.04831322481080825,0.12575958992201416,0.9983581370854965,0.05004141177050769
3.3564137365592996,3.747205364515529,2.576502263896498,76.85450630931915,0.05262886613117225,0.1285444661211221,0.9983046720839494,0.050159207079559565
3.3427755377874027,3.756936415440485,2.613489676931112,76.90427033653366,0.024854583723137674,0.11516015243333527,0.9985101426477453,0.04983827914111316
3.3427755377874027,3.756936415440485,2.613489676931112,76.95419193155553,0.030166873000675262,0.1152078075784935,0.9985233458784945,0.04999542096629739
3.3427755377874027,3.756936415440485,2.613489676931112,77.00406851303796,0.034637084028487884,0.11770677799635083,0.9984804457648768,0.049952486995607615
3.3427755377874027,3.756936415440485,2.613489676931112,77.05401247169607,0.039078489378257704,0.12011981313771994,0.9984323546600075,0.05002237600274384
3.3427755377874027,3.756936415440485,2.613489676931112,77.10392452030287,0.04361330600411316,0.12285560355272886,0.9984282401110022,0.049990621861070395
3.3427755377874027,3.756936415440485,2.613489676931112,77.1539858104017,0.048087418874120415,0.12568433253111508,0.9983755577590004,0.05014274409040809
3.3332300056525,3.763163927433788,2.646859193252051,77.20382701239075,0.031209174122006907,0.11237296171831926,0.9985310913159028,0.04991452186368406
3.3332300056525,3.763163927433788,2.646859193252051,77.25386890582546,0.03696608903264581,0.11299410798024921,0.9985529983615039,0.0501144090667367
3.3332300056525,3.763163927433788,2.646859193252051,77.30367710038055,0.04165296595283849,0.11558185199194898,0.9993083547684735,0.04984266799874604
3.3332300056525,3.763163927433788,2.646859193252051,77.35367797282387,0.04625860321321559,0.11805847744101991,0.9991811118555658,0.05004185112193227
3.3332300056525,3.763163927433788,2.646859193252051,77.4035882558343,0.051185259357018835,0.12084536969620863,0.9990844369131961,0.04995602089911699
3.3332300056525,3.763163927433788,2.646859193252051,77.45357524717059,0.05593634773530265,0.12375320310893491,0.9989438463925682,0.050039841094985604
3.3234334085765576,3.7671146251571046,2.6806522779835222,77.50380878195,0.041897059700172046,0.10472952105488555,0.9990624387964595,0.05028067599050701
3.3234334085765576,3.7671146251571046,2.6806522779835222,77.55426747993864,0.048230194902029,0.10558269947033531,0.9980599664225892,0.050556779839098454
3.3234334085765576,3.7671146251571046,2.6806522779835222,77.6034447568223,0.05306686691981372,0.10797441601300384,0.9951633732787198,0.04941628500819206
3.3234334085765576,3.7671146251571046,2.6806522779835222,77.65281392359186,0.057764820346575964,0.11020630476801874,0.9923357815830001,0.049750465201213956
3.3234334085765576,3.7671146251571046,2.6806522779835222,77.70242681346707,0.06326359432387545,0.11273192180956995,0.9895252254804345,0.05013807490468025
3.3234334085765576,3.7671146251571046,2.6806522779835222,77.75163866471932,0.06840404326749468,0.11537470348324486,0.9866633108564474,0.04987704590894282
3.3234334085765576,3.7671146251571046,2.6806522779835222,77.80083491809037,0.07351999343254056,0.11794552877473644,0.9838251301843164,0.050005079014226794
3.309650295469616,3.7727137470963865,2.707445605902302,77.84988374327835,0.05067335958686399,0.10155852814331866,0.9812640302463378,0.04998534917831421
3.309650295469616,3.7727137470963865,2.707445605902302,77.89883200573541,0.05705551969678467,0.10166287808756164,0.9784865357098275,0.050024461932480335
3.309650295469616,3.7727137470963865,2.707445605902302,77.9475809615553,0.06229183541843422,0.10398677268222065,0.9756640345850593,0.04996489989571273
3.309650295469616,3.7727137470963865,2.707445605902302,77.99659894616643,0.06922718522797663,0.10647196075956847,0.9728699715925452,0.05038492917083204
3.2978991623765594,3.778859802167489,2.7282342202703087,78.04473268008131,0.04975076673873495,0.09797671017477856,0.9702511791796806,0.04960955982096493
3.2978991623765594,3.778859802167489,2.7282342202703087,78.09321986530904,0.05680786881196469,0.09813721287547879,0.9675140297570478,0.050115227000787854
3.2978991623765594,3.778859802167489,2.7282342202703087,78.14127879859204,0.06314924712220332,0.10048505327952237,0.9647048529382302,0.04981724009849131
3.2978991623765594,3.778859802167489,2.7282342202703087,78.1894661789035,0.0694065180690656,0.10278663993919675,0.9619227824866708,0.05009485292248428
3.2870789203722213,3.7827569104104537,2.747119808756599,78.23739643655078,0.05380536985544662,0.09110989495361196,0.9593570390586312,0.04996081301942468
3.2870789203722213,3.7827569104104537,2.747119808756599,78.28529999134966,0.0650837608498462,0.09154245431382738,0.9566533529779483,0.050074099097400904
3.2870789203722213,3.7827569104104537,2.747119808756599,78.33292954178368,0.07414855425284525,0.09368213286242838,0.9538442643194017,0.04993430501781404
3.2870789203722213,3.7827569104104537,2.747119808756599,78.38082402041609,0.08314487279868625,0.09581348785922032,0.9510529876805625,0.050359421875327826
3.2743910660756126,3.7886328409912826,2.7641680472704677,78.42795000118323,0.06480751821467845,0.08852904559536015,0.9485473463654391,0.049682265147566795
3.2743910660756126,3.7886328409912826,2.7641680472704677,78.47523777559012,0.07447635483687982,0.08828538957388699,0.945830757900568,0.049996020970866084
3.2743910660756126,3.7886328409912826,2.7641680472704677,78.52238145136003,0.08348696979332061,0.09030141414144735,0.9430597125935696,0.049990128027275205
3.2743910660756126,3.7886328409912826,2.7641680472704677,78.56969500963085,0.09243642158598718,0.09228326380307852,0.9402990662411773,0.050317563815042377
3.2613241238570145,3.7934953921144317,2.7810758287828636,78.6162646761225,0.07430978042630508,0.08232507036545923,0.9378457261164422,0.049655999056994915
3.2613241238570145,3.7934953921144317,2.7810758287828636,78.66299956666309,0.08404494499709908,0.08198406614616133,0.9351607517866397,0.04997524805366993
3.2613241238570145,3.7934953921144317,2.7810758287828636,78.70966003204362,0.09299342485739284,0.08380406031298542,0.9324241496977306,0.0500421030446887
3.2613241238570145,3.7934953921144317,2.7810758287828636,78.75626983368869,0.10189797170260731,0.08559086799236598,0.9296936154452112,0.05013458291068673
3.242981649992522,3.800293404839363,2.7984668117029723,78.80248915306736,0.07234849674579813,0.07567652950274631,0.927381291851129,0.0498385289683938
3.242981649992522,3.800293404839363,2.7984668117029723,78.8487174125118,0.08201537315130272,0.07451323820642937,0.924716692008231,0.04999180813319981
3.242981649992522,3.800293404839363,2.7984668117029723,78.89488911509446,0.09090910388696134,0.07613799839939588,0.9220104686712315,0.050077199935913086
3.242981649992522,3.800293404839363,2.7984668117029723,78.94083873966254,0.0997598655939848,0.07772329840117827,0.9193095787398087,0.04998275404796004
3.242981649992522,3.800293404839363,2.7984668117029723,78.98667939175031,0.10856767296401584,0.07932496633509646,0.9166217248049131,0.05001043598167598
3.2265843370671834,3.8077504304581797,2.8127034535242905,79.03229636936166,0.08162634203775268,0.07583513902583175,0.914292921677632,0.04989317595027387
3.2265843370671834,3.8077504304581797,2.8127034535242905,79.07789998448447,0.09093660071073174,0.07452697676269132,0.9116644798838172,0.05002236692234874
3.2265843370671834,3.8077504304581797,2.8127034535242905,79.12342908190949,0.09973728350576042,0.07606385286503344,0.9089955299086033,0.050087262177839875
3.207298843310374,3.8137316521680793,2.8239130147147278,79.16865636165903,0.06858891472152043,0.06905598817160889,0.9067456524141226,0.049878683872520924
3.207298843310374,3.8137316521680793,2.8239130147147278,79.21402429939563,0.07788984413372062,0.06726002922746886,0.9041269354448443,0.050178725970909
3.207298843310374,3.8137316521680793,2.8239130147147278,79.25899170151865,0.08667137171349738,0.06864487141430635,0.9014721065817586,0.04988218913786113
3.207298843310374,3.8137316521680793,2.8239130147147278,79.30395112919825,0.09533257959029431,0.0699939945953145,0.8988429131082949,0.05001922696828842
3.207298843310374,3.8137316521680793,2.8239130147147278,79.34871007042022,0.10399079142479856,0.07135107325210865,0.8962142207877639,0.04994223499670625
3.189235658953384,3.818491550349653,2.8359084289223953,79.39343512266005,0.0759113613251851,0.061793973638529856,0.8939836992551353,0.05002893484197557
3.189235658953384,3.818491550349653,2.8359084289223953,79.43816000315611,0.0852121291618094,0.06037341064601732,0.891393473199379,0.05017411708831787
3.189235658953384,3.818491550349653,2.8359084289223953,79.48257692771905,0.09387512392361096,0.06158533983747869,0.8887768356068982,0.04997534002177417
3.189235658953384,3.818491550349653,2.8359084289223953,79.52696827275358,0.10244820420664955,0.06276580799575537,0.8861816349075962,0.050092828925698996
3.172160324847492,3.8228986024166987,2.847428344879053,79.5709944961132,0.07628755772863383,0.05377472226362821,0.8839474828453785,0.049806379014626145
3.172160324847492,3.8228986024166987,2.847428344879053,79.61505862771132,0.08537708439979237,0.05261606384603559,0.8813955368200432,0.049993595108389854
3.172160324847492,3.8228986024166987,2.847428344879053,79.65902367585149,0.09391255699503993,0.05365000165278247,0.8788182977959405,0.05002746102400124
3.172160324847492,3.8228986024166987,2.847428344879053,79.70278676115872,0.1024099391106265,0.05466128646186425,0.8762479252876577,0.04994372487999499
3.157374156957519,3.828211312250081,2.8555175848924463,79.74651627299355,0.07956451370761225,0.05282272059550676,0.8739971749366623,0.05003392812795937
3.157374156957519,3.828211312250081,2.8555175848924463,79.79011262537237,0.08829499067511185,0.05173383199373807,0.8714590930025159,0.050026848912239075
3.157374156957519,3.828211312250081,2.8555175848924463,79.83353605111756,0.0967493524758969,0.05271286772739583,0.868909259787021,0.049974638037383556
3.157374156957519,3.828211312250081,2.8555175848924463,79.87719463228464,0.10514799666116437,0.05366857513556301,0.8663707880035777,0.05039248988032341
3.1395332233652637,3.8338591953461996,2.862789087241927,79.9200663602196,0.07627518295207672,0.05129416151050232,0.8641855746950655,0.049609400099143386
3.1395332233652637,3.8338591953461996,2.862789087241927,79.96312335048614,0.08482792889232779,0.049727632176959864,0.8616953063053632,0.04996776697225869
3.1395332233652637,3.8338591953461996,2.862789087241927,80.00608193751033,0.09317825089163032,0.05064534868688073,0.8591767767583375,0.04999970691278577
3.1395332233652637,3.8338591953461996,2.862789087241927,80.04913611367293,0.10148244822292256,0.05154371037236716,0.8566653375606158,0.050257871160283685
3.1221359226593997,3.839980183993227,2.872022386656991,80.09164206654512,0.07304442926527788,0.04975985767346935,0.8545085142868799,0.0497431589756161
3.1221359226593997,3.839980183993227,2.872022386656991,80.13440986937708,0.0815826868724074,0.04815927776347558,0.8520464007230898,0.05019421805627644
3.1221359226593997,3.839980183993227,2.872022386656991,80.17680574150606,0.08984938378971591,0.04902690544395593,0.8495451391532853,0.049904201878234744
3.1221359226593997,3.839980183993227,2.872022386656991,80.21912834570077,0.0980271926993828,0.04986773996377555,0.8470668512376679,0.04996371199376881
3.1072867321466484,3.843257117025169,2.8802178343465097,80.26135416560041,0.0761224589993726,0.04318555312129503,0.8448921223151608,0.04997776495292783
3.1072867321466484,3.843257117025169,2.8802178343465097,80.30349042811889,0.08469376571739624,0.042046105888627644,0.8424391044811178,0.05001698317937553
3.1072867321466484,3.843257117025169,2.8802178343465097,80.34545204003796,0.092845282662199,0.04278098429072551,0.8399766796891682,0.04995568678714335
3.1072867321466484,3.843257117025169,2.8802178343465097,80.38729135076531,0.10094495965564576,0.04349510255754122,0.8375239697771039,0.04995595617219806
3.0896975639581803,3.847052715063627,2.8853352937000794,80.42908339124362,0.07328956913914642,0.03865212973035433,0.8354284249507715,0.050024681026116014
3.0896975639581803,3.847052715063627,2.8853352937000794,80.47084416672526,0.08160691489479138,0.037269011926930176,0.832993600300699,0.05013336893171072
3.0896975639581803,3.847052715063627,2.8853352937000794,80.51237058600395,0.08968824928271685,0.0379183780213533,0.8305516597616152,0.04999859887175262
3.0896975639581803,3.847052715063627,2.8853352937000794,80.55370488860083,0.09770586366844809,0.03855284385629248,0.8281243878889111,0.04991315701045096
3.073930825074518,3.8494051763750265,2.8921443209176325,80.59499900705484,0.07431395013751238,0.029873365536058124,0.8260176516078612,0.04999181115999818
3.073930825074518,3.8494051763750265,2.8921443209176325,80.6361830867632,0.08259811282809153,0.029029344144293832,0.8236116386124523,0.050004246877506375
3.073930825074518,3.8494051763750265,2.8921443209176325,80.67721556830284,0.0905613404527719,0.029530879850511466,0.8212040263152576,0.04996624495834112
3.073930825074518,3.8494051763750265,2.8921443209176325,80.71816328798425,0.09848683390120658,0.030022153037467116,0.8188057637132373,0.0500090760178864
3.073930825074518,3.8494051763750265,2.8921443209176325,80.75900875391716,0.10639586139612194,0.030513019972497453,0.8164126121040272,0.05003042006865144
3.0568784734867,3.853284760474463,2.898384684850012,80.79972615456794,0.07946677099388465,0.0256173400739345,0.8143652591088058,0.04999894113279879
3.0568784734867,3.853284760474463,2.898384684850012,80.84036097205254,0.08752121890796845,0.0248256924160493,0.8119925813828084,0.05004333588294685
3.0568784734867,3.853284760474463,2.898384684850012,80.8808344972763,0.0953769505404644,0.02524033378989122,0.809617302876376,0.049990934086963534
3.0568784734867,3.853284760474463,2.898384684850012,80.92125277899999,0.10319595977876717,0.025646244198437956,0.8072518207159803,0.050068987999111414
3.0361394267351307,3.8578295302078214,2.9022158355524494,80.96144041430325,0.06866854730039007,0.02207015671612845,0.805300251060503,0.04990391503088176
3.0361394267351307,3.8578295302078214,2.9022158355524494,81.00155878751164,0.07653825640736878,0.02112010239870984,0.8029549729411563,0.049963415833190084
3.0361394267351307,3.8578295302078214,2.9022158355524494,81.04157710819877,0.08429470524602235,0.021480657587917527,0.8006099568584566,0.049984790151938796
3.0361394267351307,3.8578295302078214,2.9022158355524494,81.08152690266185,0.09202642196887865,0.021834202560175736,0.7982727501239609,0.05004529398865998
3.016923000589729,3.8626956643201162,2.9053590758140464,81.12131915331906,0.06014217805460134,0.020885539477161562,0.796322249457534,0.04997003497555852
3.016923000589729,3.8626956643201162,2.9053590758140464,81.16110182886408,0.06788777124993554,0.02003112931412409,0.7940001028144239,0.05010411888360977
3.016923000589729,3.8626956643201162,2.9053590758140464,81.20060395620656,0.07557888752490416,0.020376763962230312,0.7916748058227812,0.04989691101945937
3.016923000589729,3.8626956643201162,2.9053590758140464,81.2401635989822,0.0832108680484229,0.02071619158709326,0.7893662602081476,0.05011570011265576
3.0011770146179546,3.8655680458585118,2.9095134353095444,81.27966167547359,0.0590086107409761,0.01597820443700049,0.7873628233496704,0.05016502598300576
3.0011770146179546,3.8655680458585118,2.9095134353095444,81.31871029007584,0.06673932004707799,0.015526947617971847,0.7850572595692018,0.049739829963073134
3.0011770146179546,3.8655680458585118,2.9095134353095444,81.35781763819573,0.07428626862376074,0.015793885693298353,0.7827752497527849,0.049959867959842086
3.0011770146179546,3.8655680458585118,2.9095134353095444,81.39700461676047,0.08184274469713486,0.016055531014772802,0.7804902350472127,0.050208159955218434
2.9877193311107484,3.869356423729233,2.9115459128092276,81.43578457907101,0.06148041201961821,0.016845545066930617,0.7784716664938456,0.049815509002655745
2.9877193311107484,3.869356423729233,2.9115459128092276,81.47476826344857,0.06899130167352177,0.01642778295134855,0.7762076717956651,0.0502232660073787
2.9877193311107484,3.869356423729233,2.9115459128092276,81.513306752747,0.07652605141819864,0.016702575504870514,0.7739292425455099,0.049795882077887654
2.9877193311107484,3.869356423729233,2.9115459128092276,81.55190961289645,0.08397262462756552,0.016974619355206867,0.7716771066281429,0.05002462794072926
2.9724026979141582,3.872977748967457,2.91388135447079,81.59038453574034,0.05998977327855641,0.016004243526248997,0.7697258487076271,0.049985229037702084
2.9724026979141582,3.872977748967457,2.91388135447079,81.62881775506838,0.0674626623778029,0.015526740742789785,0.7674793065751055,0.05007720598950982
2.9724026979141582,3.872977748967457,2.91388135447079,81.66694506306992,0.07489126197837373,0.01578579352249637,0.7652331369228602,0.04982443409971893
2.9724026979141582,3.872977748967457,2.91388135447079,81.70524683847178,0.08225866478217797,0.01604082697242604,0.7630050378674345,0.050198587821796536
2.9591201998552026,3.8767944500862614,2.915905798914655,81.7431841916099,0.0620525807472329,0.01720896653288297,0.7610367777955963,0.04984956607222557
2.9591201998552026,3.8767944500862614,2.915905798914655,81.78117183057938,0.06939696956781886,0.01676592824119395,0.7588221605794675,0.05006131995469332
2.9591201998552026,3.8767944500862614,2.915905798914655,81.81901590680793,0.07673989278236458,0.017038131960100147,0.7566020035393954,0.050018472131341696
2.9591201998552026,3.8767944500862614,2.915905798914655,81.85671741091029,0.0840528724475072,0.017306793403035398,0.7543904842628311,0.049976113019511104
2.9591201998552026,3.8767944500862614,2.915905798914655,81.89434608977623,0.09133832477677654,0.01757428355089178,0.7521873014171497,0.05002567684277892
2.946388260111808,3.8788730580832347,2.917017026274849,81.93181996799785,0.07293139456586065,0.014872582740211734,0.7502359313944198,0.04994945810176432
2.946388260111808,3.8788730580832347,2.917017026274849,81.96921876970524,0.08020786561161165,0.014553462919046736,0.7480463520852173,0.04999529989436269
2.946388260111808,3.8788730580832347,2.917017026274849,82.00652006562585,0.08743657163718029,0.014787667116758664,0.7458607851400172,0.05001106997951865
2.946388260111808,3.8788730580832347,2.917017026274849,82.04371166304803,0.09464496938942285,0.015019892932752344,0.7436810079267708,0.050010148203000426
2.930392106458494,3.882542798777305,2.92011663764331,82.08077520659172,0.06905195250936329,0.013387561989978619,0.7418256390824886,0.049962607910856605
2.930392106458494,3.882542798777305,2.92011663764331,82.11774120134929,0.07625879856862156,0.013052408563188796,0.7396617981976121,0.049976887879893184
2.930392106458494,3.882542798777305,2.92011663764331,82.15468211247651,0.08340382249420723,0.013261686458656293,0.7375016023360472,0.05008926219306886
2.930392106458494,3.882542798777305,2.92011663764331,82.19144131216763,0.09054323591448757,0.013468503082519496,0.7353429311463487,0.04998919297941029
2.9156828184991794,3.8868363730138142,2.919197742427621,82.22815398163573,0.06703052188003429,0.01730738455454901,0.7334921734147309,0.05005188984796405
2.9156828184991794,3.8868363730138142,2.919197742427621,82.26466450701645,0.07407184235927028,0.01679569821464022,0.7313466110349235,0.04992232797667384
2.9156828184991794,3.8868363730138142,2.919197742427621,82.30108635353247,0.08113064951975828,0.017067376587656297,0.7292128689766969,0.04994679614901543
2.9156828184991794,3.8868363730138142,2.919197742427621,82.33744517308526,0.08817018200501293,0.017335666538892236,0.7270845451042542,0.05000631604343653
2.900733942644509,3.8902338617608954,2.921872844460307,82.3738099898794,0.06457743990175649,0.016094096577133194,0.7252585205520496,0.050140488892793655
2.900733942644509,3.8902338617608954,2.921872844460307,82.4098459307016,0.07164925530437186,0.015675553353660377,0.7231355650163388,0.049832897959277034
2.900733942644509,3.8902338617608954,2.921872844460307,82.44596584023064,0.07861629066583717,0.015928264140167236,0.7210296903183385,0.05009489902295172
2.900733942644509,3.8902338617608954,2.921872844460307,82.48188910452114,0.0855978620766726,0.016177185095553725,0.7189189389990933,0.04996844893321395
2.8862679316322,3.893823686461062,2.924167371102109,82.51775672680189,0.06275736050812966,0.016144005883471996,0.7171089132398449,0.05001698015257716
2.8862679316322,3.893823686461062,2.924167371102109,82.55349559614402,0.06971812355815508,0.015726149023586742,0.7150149294293865,0.04998338897712529
2.8862679316322,3.893823686461062,2.924167371102109,82.58911826040413,0.07663046986601554,0.015976157487219637,0.7129263558601028,0.049966821912676096
2.8862679316322,3.893823686461062,2.924167371102109,82.62469118569192,0.08351759091430155,0.016222942803806973,0.710844790625745,0.050043168012052774
2.8706030423809983,3.897188346577485,2.927508395659874,82.66011156228075,0.05840301402401438,0.01422277509909093,0.7090763760089666,0.049952836940065026
2.8706030423809983,3.897188346577485,2.927508395659874,82.69558931214642,0.06530538246289692,0.013840007714942978,0.7070088597595365,0.05018006404861808
2.8706030423809983,3.897188346577485,2.927508395659874,82.73070360785108,0.07216615104042602,0.014059000948279821,0.7049355129296269,0.049812067998573184
2.8706030423809983,3.897188346577485,2.927508395659874,82.76583201912288,0.0789556463980868,0.014275145482994332,0.7028836492892971,0.049977562157437205
2.858005697799917,3.8993810028910505,2.92821768574295,82.80096487291893,0.060248059040371754,0.012642803300379188,0.7010768083597299,0.05011270288378
2.858005697799917,3.8993810028910505,2.92821768574295,82.83600177360279,0.0670606005620532,0.012406466442008558,0.6990238957302367,0.050122607965022326
2.858005697799917,3.8993810028910505,2.92821768574295,82.87073290225206,0.07383911506242544,0.012605427091486002,0.6969763744072518,0.049831141950562596
2.858005697799917,3.8993810028910505,2.92821768574295,82.90551842782801,0.08055779408017309,0.012802988921624722,0.6949469177715548,0.05005493899807334
2.8438073677859643,3.9028610829633674,2.9291247364746766,82.94016267246273,0.058066748808211305,0.013737939765416613,0.6931994375217899,0.04997731209732592
2.8438073677859643,3.9028610829633674,2.9291247364746766,82.9747330680648,0.06477095845464204,0.01344216247331688,0.6911756778200439,0.050016799941658974
2.8438073677859643,3.9028610829633674,2.9291247364746766,83.00916477020742,0.07146897190330079,0.013659284772944608,0.6891553043183524,0.04996218113228679
2.8438073677859643,3.9028610829633674,2.9291247364746766,83.04353528232114,0.07813727146517253,0.013874764914079678,0.6871431512976658,0.050019434886053205
2.8438073677859643,3.9028610829633674,2.9291247364746766,83.07780015164877,0.08479378328861929,0.014090291927161804,0.6851345443845234,0.050011883955448866
2.8286017081326675,3.906565766375286,2.9309447105047552,83.11200603721184,0.06015162208166778,0.014541859474558933,0.6834365411843342,0.05004983418621123
2.8286017081326675,3.906565766375286,2.9309447105047552,83.14601086441019,0.06679208495601752,0.014213448890253638,0.6814389263618642,0.04990150383673608
2.8286017081326675,3.906565766375286,2.9309447105047552,83.17999864378274,0.07337890009141929,0.014439853706517356,0.6794515319199445,0.050022375071421266
2.8137750519533924,3.9096649464309947,2.932953072389125,83.21402185545189,0.04972508603086355,0.013389010474203728,0.6777592410962057,0.0501995540689677
2.8137750519533924,3.9096649464309947,2.932953072389125,83.24768603804841,0.056360015183975494,0.013110047739830502,0.6757717090599725,0.049815909937024117
2.8137750519533924,3.9096649464309947,2.932953072389125,83.28135578837356,0.06289891718841656,0.013324424419279028,0.6738039789817775,0.04996965196914971
2.8137750519533924,3.9096649464309947,2.932953072389125,83.3149641060151,0.06943815592554146,0.013536471093023557,0.6718359034066305,0.05002459301613271
2.8137750519533924,3.9096649464309947,2.932953072389125,83.34843739427302,0.07596547859078678,0.013749250596010825,0.6698718144427522,0.04996969201602042
2.80198899900732,3.9108778002452365,2.936188788645734,83.38184788318648,0.05900550471035172,0.008376102529437398,0.6681418957802808,0.05000507994554937
2.80198899900732,3.9108778002452365,2.936188788645734,83.41516636970927,0.06552017178308124,0.008397470547366786,0.6661898587547908,0.05001350003294647
2.80198899900732,3.9108778002452365,2.936188788645734,83.44835014331939,0.0719914577287779,0.008535848845300722,0.6642439047600638,0.049957212060689926
2.80198899900732,3.9108778002452365,2.936188788645734,83.48152567478294,0.07843648115877698,0.008675152052091644,0.6623044266386775,0.05009106104262173
2.7869657999405577,3.9137110995546722,2.9382889141841106,83.51451579110666,0.05435015011819127,0.006742055333337849,0.6606619281761226,0.049934943905100226
2.7869657999405577,3.9137110995546722,2.9382889141841106,83.54754665898838,0.06076651125168314,0.006847812064978061,0.658734022875765,0.050142951076850295
2.7869657999405577,3.9137110995546722,2.9382889141841106,83.58031281767663,0.06718182024376101,0.006965233974584628,0.6568033331713391,0.04988732095807791
2.7869657999405577,3.9137110995546722,2.9382889141841106,83.61303565334296,0.07354566608877665,0.007083458770970468,0.6548881798164019,0.04996705800294876
2.774203452631447,3.916315436454798,2.939780579354423,83.64568603407564,0.053875097986635506,0.006279464821211708,0.6532289044358062,0.04998306185007095
2.774203452631447,3.916315436454798,2.939780579354423,83.6782674330477,0.06022203807941524,0.006426017156521479,0.6513206471695722,0.05002359300851822
2.774203452631447,3.916315436454798,2.939780579354423,83.71072650548477,0.06654998885472753,0.006539526155054161,0.6494162498097096,0.04998192214407027
2.774203452631447,3.916315436454798,2.939780579354423,83.743208254687,0.07285403261864823,0.006654878515550885,0.647519007881679,0.050163391046226025
2.761365410313358,3.9193511616388386,2.9406576842237264,83.77550142809382,0.05280047027493828,0.0074871513781386645,0.6458778468850933,0.04999888688325882
2.761365410313358,3.9193511616388386,2.9406576842237264,83.80756544242415,0.059078380591642304,0.007613174240462814,0.6439904433380308,0.04978958098217845
2.761365410313358,3.9193511616388386,2.9406576842237264,83.83969270996631,0.06530556787389387,0.0077467017760448455,0.6421162100251043,0.050033416133373976
2.761365410313358,3.9193511616388386,2.9406576842237264,83.87166617880725,0.07154476423870453,0.007882913636027132,0.6402383030618498,0.04993994999676943
2.748949971421818,3.9202402145387927,2.9421822098323167,83.90368376573034,0.05314603988274949,0.0024584980072852175,0.6386068217667562,0.050136619014665484
2.748949971421818,3.9202402145387927,2.9421822098323167,83.93548435492748,0.05932140677277382,0.002806095168972642,0.6367358442447921,0.049943142803385854
2.748949971421818,3.9202402145387927,2.9421822098323167,83.96721379492396,0.06549879429538903,0.0028761540467512115,0.6348772353533331,0.04997728415764868
2.748949971421818,3.9202402145387927,2.9421822098323167,83.9991766609798,0.07166119834797235,0.002950269242376535,0.6330227579267008,0.05049244384281337
2.736474569725091,3.9219065168072182,2.9429016043446543,84.0304575791669,0.05278623048481339,0.00016317254807056382,0.6313967413796969,0.04954241309314966
2.736474569725091,3.9219065168072182,2.9429016043446543,84.06195268146072,0.05882793233895316,0.0006749539715760396,0.6295690410415863,0.05002644704654813
2.736474569725091,3.9219065168072182,2.9429016043446543,84.09330941108963,0.06494723057055492,0.0007219737136328302,0.6277283734793959,0.0499527039937675
2.736474569725091,3.9219065168072182,2.9429016043446543,84.12462006945894,0.07103735533052853,0.0007741520114815322,0.6258959000145186,0.050025345059111714
2.723915690689341,3.9247178253584796,2.9448788118962312,84.15578702065346,0.05140348924157161,0.00044739810037364077,0.6243171809723617,0.04992166184820235
2.723915690689341,3.9247178253584796,2.9448788118962312,84.18697914036862,0.05745170589828982,0.0010390860982649724,0.6224947048903255,0.05010824906639755
2.723915690689341,3.9247178253584796,2.9448788118962312,84.21800110499994,0.06351296068356165,0.0010924462121134518,0.6206715969616464,0.049981286050751805
2.723915690689341,3.9247178253584796,2.9448788118962312,84.24907087318972,0.06953785415983929,0.0011505506703467676,0.6188585397253725,0.050204959930852056
2.7136138532628995,3.9272916234911257,2.9442524333460893,84.27983537363228,0.054366660604549456,0.0031228337887666355,0.6172492801955005,0.049841290106996894
2.7136138532628995,3.9272916234911257,2.9442524333460893,84.3106126034048,0.06035864272340151,0.0035433794273926978,0.6154513063650002,0.050007578916847706
2.7136138532628995,3.9272916234911257,2.9442524333460893,84.34126685375995,0.0663367897180045,0.0036421305027862475,0.6136539016059186,0.0499536469578743
2.7136138532628995,3.9272916234911257,2.9442524333460893,84.37209846505422,0.07228937637575555,0.003746626854732481,0.6118623183519881,0.05038978601805866
2.7136138532628995,3.9272916234911257,2.9442524333460893,84.40234723605327,0.07827636702763409,0.0038573906187479275,0.610060284323779,0.04958324902690947
2.7006446650474394,3.9292843522068144,2.9438772580603065,84.43303900687559,0.05796432253993239,0.0025003692537377835,0.6085461643833572,0.05043458100408316
2.7006446650474394,3.9292843522068144,2.9438772580603065,84.46313138573105,0.06390883022777963,0.0030865018911836054,0.6067531146463865,0.04959575505927205
2.7006446650474394,3.9292843522068144,2.9438772580603065,84.49339542018761,0.06975253539455027,0.0031896976629823977,0.6049946133837846,0.05002364283427596
2.7006446650474394,3.9292843522068144,2.9438772580603065,84.52354576727352,0.07562794974807943,0.0033039438224361064,0.6032258400676138,0.04998185602016747
2.686857920752666,3.931796348165617,2.94462059249708,84.55361472443771,0.05348536399140475,0.002289750682229861,0.6017361045452942,0.04997033905237913
2.686857920752666,3.931796348165617,2.94462059249708,84.58364197732641,0.05930775169018017,0.0030147213533229817,0.5999788935426865,0.05004718201234937
2.686857920752666,3.931796348165617,2.94462059249708,84.61383604330068,0.06514088900976724,0.0031250619433611224,0.5982239520245004,0.050472846953198314
2.686857920752666,3.931796348165617,2.94462059249708,84.6433393961725,0.07100276495042487,0.0032447523734736323,0.5964592741885802,0.04946415312588215
2.673450850039412,3.9340340368068367,2.9440474183571115,84.67308029977224,0.04958142531061571,0.002497171685780856,0.5949985728012009,0.04998483182862401
2.673450850039412,3.9340340368068367,2.9440474183571115,84.70276595845587,0.05534271871332841,0.003248732717934906,0.5932617134033754,0.0500380489975214
2.673450850039412,3.9340340368068367,2.9440474183571115,84.73237359069353,0.06110567389583455,0.003371136640177113,0.5915282748121392,0.050052776001393795
2.673450850039412,3.9340340368068367,2.9440474183571115,84.76184530187831,0.06684969218164787,0.0035024811524469344,0.5897980935771795,0.04996915301308036
2.661389893414002,3.936251388684344,2.9418136739820424,84.79125440551486,0.04805831213576626,0.004462988170076929,0.588311970263572,0.04998896014876664
2.661389893414002,3.936251388684344,2.9418136739820424,84.820606821997,0.053784401651105755,0.005142767993738483,0.5865955967672543,0.05003858986310661
2.661389893414002,3.936251388684344,2.9418136739820424,84.84979641107911,0.05948104324067506,0.005304902959550703,0.5848801730853329,0.049906956031918526
2.661389893414002,3.936251388684344,2.9418136739820424,84.87898117327309,0.06512569835866112,0.005475373338839257,0.5831747704868725,0.050044624134898186
2.6509365190274643,3.9378526477384557,2.942383560537667,84.90801294663704,0.049683636697613526,0.0039003460739704208,0.5816757384024838,0.049910579808056355
2.6509365190274643,3.9378526477384557,2.942383560537667,84.93703610839039,0.055279053815305235,0.004617537299999083,0.5799799475327033,0.050041664158925414
2.6509365190274643,3.9378526477384557,2.942383560537667,84.96599795735463,0.060902309920960546,0.004781588350358335,0.578284037488205,0.050082393921911716
2.6509365190274643,3.9378526477384557,2.942383560537667,84.99480807875315,0.0665102104213725,0.004955261176193035,0.5765918225233656,0.049966233083978295
2.6404340552347745,3.940144403624576,2.94192394901646,85.02353428329373,0.05059895804276502,0.005972061719376541,0.5751152650646612,0.049948603846132755
2.6404340552347745,3.940144403624576,2.94192394901646,85.05220826591899,0.05613569862396351,0.0066686865864650745,0.5734374936471824,0.050003675976768136
2.6404340552347745,3.940144403624576,2.94192394901646,85.08082296451187,0.06166293658063847,0.006869627440906877,0.5717624372139299,0.050046482123434544
2.6404340552347745,3.940144403624576,2.94192394901646,85.1093154860398,0.0671760897104054,0.007080282718219672,0.5700923102898093,0.04997878591530025
2.629320552476867,3.9418701685929207,2.942648349292397,85.1377629586741,0.050235004165418734,0.005443200676953111,0.5686473637226162,0.05002656206488609
2.629320552476867,3.9418701685929207,2.942648349292397,85.16622142045944,0.05568840326908664,0.006232111081611033,0.5669861910299714,0.05019251303747296
2.629320552476867,3.9418701685929207,2.942648349292397,85.19441894616222,0.061174661810595526,0.006433918966595976,0.5653237750676949,0.04987854207865894
2.629320552476867,3.9418701685929207,2.942648349292397,85.22266701898286,0.06652249054069742,0.0066437457916772805,0.5636790087889502,0.050113756908103824
2.617417871229796,3.9436450885600687,2.9433320463782646,85.25067436241444,0.047904850262228335,0.0047412437972231,0.5622629566034959,0.049811823992058635
2.617417871229796,3.9436450885600687,2.9433320463782646,85.27884405799695,0.053201246195118415,0.0056450899457577385,0.5606292243958443,0.05024657002650201
2.617417871229796,3.9436450885600687,2.9433320463782646,85.3066499922303,0.05856690347938134,0.005843080717767376,0.5589850380849698,0.04974361089989543
2.617417871229796,3.9436450885600687,2.9433320463782646,85.33453831062933,0.0638587617021159,0.0060479487700094625,0.5573623253625946,0.050036245957016945
2.6051406120602016,3.945647391365779,2.945023129395854,85.3623125208362,0.04434576061276452,0.00403158721631017,0.5559760422827273,0.049955768045037985
2.6051406120602016,3.945647391365779,2.945023129395854,85.39012765582909,0.04958185119993491,0.005049141347643919,0.5543548506460458,0.050175686134025455
2.6051406120602016,3.945647391365779,2.945023129395854,85.41769420165309,0.054880934482288375,0.0052376099253011645,0.552731418063885,0.04987331083975732
2.6051406120602016,3.945647391365779,2.945023129395854,85.44538912724374,0.06012680728313866,0.005434942752935182,0.5511227153757626,0.050251831067726016
2.6051406120602016,3.945647391365779,2.945023129395854,85.47270970501538,0.06539681647131203,0.005645012270295214,0.54950788848588,0.04971826309338212
2.5936818882341672,3.9473649996224034,2.9468479048915133,85.50012013689337,0.04749314427797931,0.0032389055205570374,0.5481399882148604,0.0500062620267272
2.5936818882341672,3.9473649996224034,2.9468479048915133,85.52744608029923,0.05264684151645127,0.004261322553977425,0.5465400091326665,0.049998065922409296
2.5936818882341672,3.9473649996224034,2.9468479048915133,85.55470910472913,0.057852777052608904,0.004445320795278515,0.5449452168017654,0.050028926925733685
2.5936818882341672,3.9473649996224034,2.9468479048915133,85.58320760817055,0.06304041483406722,0.004641139427862422,0.5433542516009324,0.05244921403937042
2.581901820281708,3.949622274051482,2.94742494631575,85.60906786659076,0.04449440876238416,0.004413295386608895,0.5419200284221506,0.04771969490684569
2.581901820281708,3.949622274051482,2.94742494631575,85.63602265741277,0.049402440834975185,0.0054110071203150875,0.5404116648192493,0.04987825499847531
2.581901820281708,3.949622274051482,2.94742494631575,85.66296385653673,0.054535236447480796,0.0056164835377336565,0.538838141170979,0.04999868618324399
2.581901820281708,3.949622274051482,2.94742494631575,85.68977780482635,0.059660071924242615,0.005828617076702135,0.5372658382094283,0.04990815790370107
2.570406385062995,3.9506803708968454,2.949319715075317,85.71659247005047,0.04186440410195165,0.0015886437643388837,0.5359323760477598,0.050033672945573926
2.570406385062995,3.9506803708968454,2.949319715075317,85.74326442762752,0.04685597520656077,0.0027267074737428124,0.5343681923674587,0.04991307109594345
2.570406385062995,3.9506803708968454,2.949319715075317,85.76992867461966,0.051939381088769526,0.002888640985531912,0.5328115683293155,0.050044422037899494
2.570406385062995,3.9506803708968454,2.949319715075317,85.79648398044596,0.057013213484720805,0.0030639807107140237,0.5312570164372405,0.04998579784296453
2.570406385062995,3.9506803708968454,2.949319715075317,85.82297278669826,0.06206589334333639,0.003249463795640274,0.5297074310274068,0.050006484147161245
2.570406385062995,3.9506803708968454,2.949319715075317,85.8493775853944,0.06710552656268594,0.0034454964438649896,0.5281616774898282,0.049993779975920916
2.555261696781176,3.9535174459206206,2.9506772460492265,85.87580884965236,0.04134233880738594,0.0026201202208062943,0.5269166215245452,0.05016213795170188
2.555261696781176,3.9535174459206206,2.9506772460492265,85.90201841456089,0.04633398303105739,0.004064274068625945,0.5253736309889512,0.049887476954609156
2.555261696781176,3.9535174459206206,2.9506772460492265,85.92821825201243,0.05132889450908239,0.0042467255804889215,0.5238439215561808,0.05001458711922169
2.555261696781176,3.9535174459206206,2.9506772460492265,85.95430132357592,0.05631219111825864,0.004443869341289794,0.5223148899935146,0.04993744590319693
2.5448876429863723,3.9560643301065865,2.9515587378597323,85.98045424551626,0.03993405348672513,0.005785498082212917,0.5209911756901133,0.050198397133499384
2.5448876429863723,3.9560643301065865,2.9515587378597323,86.00640365102625,0.04491084769739065,0.006732996726805413,0.519463368496024,0.04995425487868488
2.5448876429863723,3.9560643301065865,2.9515587378597323,86.03224801996565,0.0498481505821121,0.006951835693154982,0.5179486662188393,0.04989754897542298
2.5448876429863723,3.9560643301065865,2.9515587378597323,86.05809319365706,0.05476080721816877,0.007182375518146736,0.5164401742850414,0.05004485510289669
2.5448876429863723,3.9560643301065865,2.9515587378597323,86.08385149138682,0.05967328934385621,0.007423866249634246,0.5149329484792631,0.050022624898701906
2.5448876429863723,3.9560643301065865,2.9515587378597323,86.1095089753124,0.06456865208326597,0.007675555382301891,0.5134294448197718,0.04997275513596833
2.531697469248497,3.958187435085257,2.9534182707417913,86.1350828015132,0.04278467296796447,0.005784524994485224,0.5121929694943333,0.04993006098084152
2.531697469248497,3.958187435085257,2.9534182707417913,86.16062061668434,0.04759248639468721,0.006906095844039063,0.510699760502468,0.05000553582794964
2.531697469248497,3.958187435085257,2.9534182707417913,86.18608300800354,0.052450981857218075,0.007133282320874361,0.5092089218147527,0.05000382009893656
2.531697469248497,3.958187435085257,2.9534182707417913,86.21146575858403,0.05728982800489885,0.007371897721457644,0.5077226410170547,0.04999333992600441
2.52260019101313,3.9590245841580782,2.9537230237134313,86.23678642976166,0.04398197590067119,0.0049363349932927715,0.5064249288601309,0.04999886406585574
2.52260019101313,3.9590245841580782,2.9537230237134313,86.26220911548077,0.048752253613220595,0.005797965183828768,0.50494883442519,0.05034705298021436
2.52260019101313,3.9590245841580782,2.9537230237134313,86.28719092334907,0.05358806803182501,0.006017963738746415,0.5034647146042676,0.049619778990745544
2.52260019101313,3.9590245841580782,2.9537230237134313,86.3123038916827,0.058336089783283786,0.006244062374384296,0.5020065750413796,0.050025178119540215
2.52260019101313,3.9590245841580782,2.9537230237134313,86.33729315751448,0.06310849125791156,0.006485649712706303,0.5005406336580956,0.04992454987950623
2.52260019101313,3.9590245841580782,2.9537230237134313,86.3622583581137,0.0678570919960308,0.0067354493738471365,0.49908318615408825,0.05002212314866483
2.5065384541617695,3.960744436900684,2.9550753769871068,86.38715522054788,0.04048906038905414,0.002388584927640623,0.49795147153808844,0.049998571863397956
2.5065384541617695,3.960744436900684,2.9550753769871068,86.41202165434517,0.045121268402350416,0.00394501355429841,0.49650040477372487,0.0500834109261632
2.5065384541617695,3.960744436900684,2.9550753769871068,86.4367276888053,0.0498582141022816,0.004135063479967823,0.49504857705404914,0.049906283151358366
2.5065384541617695,3.960744436900684,2.9550753769871068,86.46146952256889,0.05455486469891414,0.004337664160173229,0.493606460234728,0.05012461496517062
2.495391707386194,3.9625920157572434,2.9550172351877304,86.4860400674173,0.036689354633116775,0.003910207141961441,0.49238011890197747,0.049901577876880765
2.495391707386194,3.9625920157572434,2.9550172351877304,86.51062899949024,0.04135188842787871,0.005027916308676901,0.4909471131433917,0.05008468613959849
2.495391707386194,3.9625920157572434,2.9550172351877304,86.53505567967493,0.0460309296592185,0.00523029199487853,0.4895114916638954,0.04990011593326926
2.495391707386194,3.9625920157572434,2.9550172351877304,86.55946960395048,0.050672957098919696,0.005443704590757663,0.4880854381250806,0.05001977598294616
2.495391707386194,3.9625920157572434,2.9550172351877304,86.58380300950245,0.05531208812209536,0.005668798430550105,0.4866600406928681,0.05000082915648818
2.495391707386194,3.9625920157572434,2.9550172351877304,86.60807778467081,0.05993544758709534,0.005904016919264797,0.4852393172006818,0.05002639791928232
2.481067377909877,3.965666757819229,2.956680729984389,86.63267591237282,0.035266071434344695,0.00643338123627677,0.48409815628855457,0.05081227305345237
2.481067377909877,3.965666757819229,2.956680729984389,86.65641844921018,0.039913863977885426,0.007686242054045339,0.4826599437165085,0.049191023921594024
2.481067377909877,3.965666757819229,2.956680729984389,86.68050062075697,0.04442776302792027,0.00791166733491945,0.48127366830639784,0.050038415007293224
2.481067377909877,3.965666757819229,2.956680729984389,86.70444184148735,0.04900064867893488,0.008158702761008505,0.47986749202647766,0.049891316099092364
2.481067377909877,3.965666757819229,2.956680729984389,86.7284289705489,0.05354636000480421,0.008412629473274565,0.4784694702196953,0.05013303994201124
2.481067377909877,3.965666757819229,2.956680729984389,86.75232053600814,0.05810024553956071,0.008678615781652603,0.477068677273919,0.05007992894388735
2.481067377909877,3.965666757819229,2.956680729984389,86.77604440181065,0.06263548857467352,0.008953716271285368,0.4756734635062814,0.049874268006533384
2.467897123297683,3.967999323307232,2.9592798131050313,86.79975153757611,0.040429938301239324,0.007552640384295489,0.4745481113127788,0.04995728610083461
2.467897123297683,3.967999323307232,2.9592798131050313,86.82340742388358,0.04487313683089752,0.00860353105817551,0.4731620898120803,0.04999531200155616
2.467897123297683,3.967999323307232,2.9592798131050313,86.8469867405133,0.049366594571029855,0.008852942736081842,0.47178050948400474,0.049979420844465494
2.467897123297683,3.967999323307232,2.9592798131050313,86.87054440342777,0.05384218385240967,0.00911267423473651,0.47040351983627215,0.05007969099096954
2.4573771619886826,3.96930677033592,2.959677341963713,86.89398798704751,0.03719899823182146,0.007442349899227318,0.46924124677415363,0.04996062000282109
2.4573771619886826,3.96930677033592,2.959677341963713,86.91738016203598,0.04162588836239262,0.008284731127359918,0.46787348050241295,0.04999679606407881
2.4573771619886826,3.96930677033592,2.959677341963713,86.94073966063274,0.04606818597926109,0.008525365193395949,0.46650723866062077,0.05007317499257624
2.4573771619886826,3.96930677033592,2.959677341963713,86.96398806616382,0.05050189522836158,0.008777417573905813,0.4651429576202839,0.049981205025687814
2.4573771619886826,3.96930677033592,2.959677341963713,86.98717578893012,0.05491405117437502,0.009038222629329573,0.4637851480941037,0.04999669105745852
2.4573771619886826,3.96930677033592,2.959677341963713,87.0103290906604,0.059314189826944426,0.009308852725293998,0.4624308313337377,0.050068680895492435
2.4451722288312503,3.9712952734601332,2.961111064517658,87.0333635993922,0.03901978784091435,0.008186163354711215,0.4613196445525334,0.0499317750800401
2.4451722288312503,3.9712952734601332,2.961111064517658,87.05651235540088,0.043357536638736094,0.00908186324005673,0.4599740846003998,0.05032621789723635
2.4451722288312503,3.9712952734601332,2.961111064517658,87.07928958773364,0.04775170832685865,0.00933572238490743,0.4586217880071993,0.04966452298685908
2.4451722288312503,3.9712952734601332,2.961111064517658,87.10215438508233,0.05207338317338568,0.009594632982025175,0.4572913916992641,0.050000498071312904
2.4451722288312503,3.9712952734601332,2.961111064517658,87.1249451394638,0.05641130736456934,0.009865478670809847,0.4559570814955041,0.04998442903161049
2.4451722288312503,3.9712952734601332,2.961111064517658,87.14765138821213,0.06073456163546607,0.010145315023554398,0.4546257907402111,0.049944919999688864
2.4315721098836756,3.97334024509157,2.96210469613803,87.17037132640186,0.03759852208826017,0.008753911071798938,0.45356937667463865,0.050091428915038705
2.4315721098836756,3.97334024509157,2.96210469613803,87.1929639124381,0.04188379459939211,0.0096343571489087,0.452242656784836,0.049956778064370155
2.4315721098836756,3.97334024509157,2.96210469613803,87.21551326135072,0.0461706327130992,0.009888296041499257,0.45092294733609833,0.05000709998421371
2.4315721098836756,3.97334024509157,2.96210469613803,87.23800092528805,0.05044780219742017,0.010152585428282561,0.4496055930192146,0.05001642392016947
2.4315721098836756,3.97334024509157,2.96210469613803,87.26041853092414,0.05471280721949753,0.010425664413008184,0.4482918163349548,0.05000672512687743
2.4315721098836756,3.97334024509157,2.96210469613803,87.28275274714868,0.05896405079271114,0.010707473779387236,0.4469821048835801,0.049966689897701144
2.4157271927448423,3.976052099224109,2.9635085025811527,87.30504140010953,0.03108877092122683,0.009950982568091758,0.4459869992002401,0.049976014997810125
2.4157271927448423,3.976052099224109,2.9635085025811527,87.32750423103784,0.035289848793440166,0.01080371493405511,0.4446843994279365,0.05051409709267318
2.4157271927448423,3.976052099224109,2.9635085025811527,87.34945330375605,0.039549678614784076,0.011062598653724989,0.4433732256492423,0.04950473201461136
2.4157271927448423,3.976052099224109,2.9635085025811527,87.37160913253652,0.043711323811393005,0.011325087518782308,0.44209109309563177,0.050115980906412005
2.4157271927448423,3.976052099224109,2.9635085025811527,87.39362287680436,0.047911692581694865,0.011600375699100156,0.44079646145891294,0.04994083708152175
2.4157271927448423,3.976052099224109,2.9635085025811527,87.41560844272738,0.05208467015031422,0.011882431473172998,0.43951019992659207,0.05002287984825671
2.4157271927448423,3.976052099224109,2.9635085025811527,87.43748642954513,0.05625185232959331,0.012173371437440315,0.4382255316081939,0.04992403509095311
2.403147918316812,3.9787011543578963,2.9646948622299876,87.45933399957387,0.03469445449264931,0.013150100071471315,0.4371846478419998,0.049973323941230774
2.403147918316812,3.9787011543578963,2.9646948622299876,87.48112989114084,0.038813386869162594,0.013627907960481724,0.4359068453882763,0.050001260126009583
2.403147918316812,3.9787011543578963,2.9646948622299876,87.50286071577506,0.04294219613121723,0.013919847226951904,0.4346331835353797,0.049998079892247915
2.403147918316812,3.9787011543578963,2.9646948622299876,87.52453649365445,0.04705886847263856,0.014220385955921353,0.4333634035978655,0.05001755501143634
2.403147918316812,3.9787011543578963,2.9646948622299876,87.54613319734563,0.05116459832668097,0.014528713294727045,0.43209665366591526,0.04998118709772825
2.391108369935171,3.9802463142256053,2.9672926539084803,87.56770035972339,0.03109300525550408,0.011911508523066652,0.431081254146668,0.050030387938022614
2.391108369935171,3.9802463142256053,2.9672926539084803,87.58916417751159,0.03515032832428431,0.012379467641606454,0.42982126679999344,0.04993661190383136
2.391108369935171,3.9802463142256053,2.9672926539084803,87.61063042481021,0.039217849026407375,0.012644991849586814,0.42856701579176404,0.0500884260982275
2.391108369935171,3.9802463142256053,2.9672926539084803,87.6319498005816,0.043285900535625144,0.012918481407099123,0.4273126125913673,0.04989175405353308
2.391108369935171,3.9802463142256053,2.9672926539084803,87.65324883627875,0.047325749942192075,0.013198421472758726,0.4260671716162404,0.049989853985607624
2.391108369935171,3.9802463142256053,2.9672926539084803,87.67448961889986,0.0513620339282037,0.013486905374351802,0.4248225600201854,0.04999918700195849
2.391108369935171,3.9802463142256053,2.9672926539084803,87.69567605507297,0.05538661686783338,0.013782344699486825,0.42358118945436274,0.05001741508021951
2.3790841361735224,3.9823641455027845,2.9718224881621325,87.71681637937324,0.035033572678611555,0.011895809779031504,0.4225808286829316,0.050026699900627136
2.3790841361735224,3.9823641455027845,2.9718224881621325,87.73792405533676,0.03899044447514345,0.012294224573336959,0.4213445801749739,0.0500959949567914
2.3790841361735224,3.9823641455027845,2.9718224881621325,87.75891072917548,0.0429915533198437,0.012552242424251523,0.4201124510219802,0.0499548960942775
2.3790841361735224,3.9823641455027845,2.9718224881621325,87.77983942690499,0.046969927151015604,0.012815549230667684,0.41888617550940666,0.04996273200958967
2.3790841361735224,3.9823641455027845,2.9718224881621325,87.80069484817777,0.0509370120376778,0.01308528436812514,0.41766325919417285,0.049933578819036484
2.3790841361735224,3.9823641455027845,2.9718224881621325,87.82154777880766,0.0548921246918041,0.013362013626226535,0.41644459657921795,0.050073721213266253
2.366533244781816,3.9838609504184217,2.9747604605748776,87.84238235881719,0.033685555568017875,0.010342637288484774,0.4154815515990971,0.0501456200145185
2.366533244781816,3.9838609504184217,2.9747604605748776,87.86305202243096,0.03761347745786747,0.010684330994513434,0.4142646212198466,0.04989483184181154
2.366533244781816,3.9838609504184217,2.9747604605748776,87.88370852001736,0.04153482438520463,0.010911733158027601,0.41305680655249816,0.050008854130283
2.366533244781816,3.9838609504184217,2.9747604605748776,87.90442171825151,0.04545382672586386,0.011145067479147678,0.41184975075973596,0.050293094012886286
2.366533244781816,3.9838609504184217,2.9747604605748776,87.92482625989406,0.0493833385318102,0.011385804106644764,0.4106393513952569,0.0496896889526397
2.366533244781816,3.9838609504184217,2.9747604605748776,87.9452702916112,0.05325837760270931,0.011630190760452174,0.40944837682967805,0.04993066983297467
2.353739543976499,3.9847007659126374,2.979026667865938,87.96575423885614,0.03176144447701383,0.005920443200786271,0.40852561134117366,0.05014115804806352
2.353739543976499,3.9847007659126374,2.979026667865938,87.98607630943673,0.03559167120262471,0.006435392270576375,0.4073294055820264,0.04989099805243313
2.353739543976499,3.9847007659126374,2.979026667865938,88.0063701121825,0.03945461847236786,0.00659715696421288,0.4061418823332506,0.04996727406978607
2.353739543976499,3.9847007659126374,2.979026667865938,88.02659863037233,0.043312389016199354,0.006764458778323322,0.40495603535877656,0.04995238105766475
2.353739543976499,3.9847007659126374,2.979026667865938,88.04679066327441,0.04715757285391485,0.006937324280412048,0.4037740038939381,0.05000825389288366
2.353739543976499,3.9847007659126374,2.979026667865938,88.0670019595571,0.051003561546662184,0.007116343289181355,0.40259401885355345,0.05020267399959266
2.341084094331713,3.986529178916184,2.980437325298861,88.08703797114717,0.029317105575796257,0.005944223174379573,0.4016619924196456,0.04988276702351868
2.341084094331713,3.986529178916184,2.980437325298861,88.10705938436476,0.033114874453507054,0.0063333234500949345,0.40049095737594687,0.04999217297881842
2.341084094331713,3.986529178916184,2.980437325298861,88.12701809321776,0.03692825840162749,0.0064848291346160285,0.39932206922956387,0.04998148209415376
2.341084094331713,3.986529178916184,2.980437325298861,88.14694022221238,0.04072980717453037,0.006641393296662001,0.3981555901242193,0.05003603990189731
2.341084094331713,3.986529178916184,2.980437325298861,88.1667825848801,0.04452424825046172,0.006803310088851483,0.3969912412790068,0.04998186510056257
2.341084094331713,3.986529178916184,2.980437325298861,88.18667526480179,0.04830335389270996,0.00697007242538885,0.3958315644441454,0.050255415961146355
2.3289913781311387,3.9877602935809526,2.981859757105144,88.20633888017628,0.02791182252311493,0.004334477244367554,0.3949146958298377,0.04979205783456564
2.3289913781311387,3.9877602935809526,2.981859757105144,88.22604571049004,0.031657997339745454,0.00471226565281479,0.393765960676377,0.05004706420004368
2.3289913781311387,3.9877602935809526,2.981859757105144,88.24563166269479,0.03543092172527532,0.0048361914279998934,0.39261367771004163,0.04988606693223119
2.3289913781311387,3.9877602935809526,2.981859757105144,88.26525703682694,0.03918090573094792,0.0049644434930588115,0.3914685251046411,0.0501327000092715
2.3289913781311387,3.9877602935809526,2.981859757105144,88.2847529310208,0.04293835678758475,0.00509845447461142,0.3903213907526925,0.04994831094518304
2.3289913781311387,3.9877602935809526,2.981859757105144,88.304209437862,0.04667101069508895,0.00523591710527797,0.38918283194627973,0.049993230029940605
2.3177981254556834,3.9889492597579723,2.9846352098158757,88.32359686167418,0.028038497596423587,0.0022337668832591575,0.3882742457026659,0.0499322940595448
2.3177981254556834,3.9889492597579723,2.9846352098158757,88.3429707836112,0.03175406901979327,0.002642361126714199,0.3871397160409285,0.0500437468290329
2.3177981254556834,3.9889492597579723,2.9846352098158757,88.3622657325397,0.035510387290895,0.0027320509750630374,0.3860059624424832,0.049986142199486494
2.3177981254556834,3.9889492597579723,2.9846352098158757,88.38154764225726,0.03925152659804982,0.002825630519801574,0.3848769007900302,0.050098900916054845
2.3177981254556834,3.9889492597579723,2.9846352098158757,88.40071089758248,0.04299004932482764,0.0029238043231527553,0.38374859195452493,0.04993700492195785
2.3177981254556834,3.9889492597579723,2.9846352098158757,88.4200326033635,0.04670548231222476,0.003025688292037661,0.3826272577563452,0.05049746297299862
2.3073893449512815,3.9906573550815283,2.984892512985499,88.43890979848044,0.02936982835444473,0.003223431949028091,0.3817002054026091,0.04945555399172008
2.3073893449512815,3.9906573550815283,2.984892512985499,88.45798259396125,0.03302533616604727,0.003454828909166092,0.3805968172801701,0.05011286120861769
2.3073893449512815,3.9906573550815283,2.984892512985499,88.47691075232947,0.03672273737988827,0.003550502470601716,0.37948074518679664,0.04987910087220371
2.3073893449512815,3.9906573550815283,2.984892512985499,88.49583456889252,0.0403922667027177,0.0036493949761015865,0.3783732328877739,0.05001362389884889
2.3073893449512815,3.9906573550815283,2.984892512985499,88.51469893786715,0.0440608837233856,0.0037523342681150254,0.3772659499207989,0.05000284011475742
2.3073893449512815,3.9906573550815283,2.984892512985499,88.53351908376071,0.047717907532790524,0.0038588163371239435,0.37616216664604935,0.05003200098872185
2.297443300263077,3.9917793673442894,2.9836592355759657,88.55226086326205,0.03138973668779045,0.0032668018682243884,0.37526115042054786,0.04994329810142517
2.297443300263077,3.9917793673442894,2.9836592355759657,88.57097208951616,0.03504261635563309,0.0034057142243714795,0.3741656387157617,0.0500078690238297
2.297443300263077,3.9917793673442894,2.9836592355759657,88.58961356739941,0.03866995934775476,0.003499931852576583,0.37307074961083087,0.0499676747713238
2.297443300263077,3.9917793673442894,2.9836592355759657,88.60821023832987,0.0422836896926401,0.0035979387976424653,0.37197993732817364,0.04999374714680016
2.297443300263077,3.9917793673442894,2.9836592355759657,88.62674971556454,0.045888812086891384,0.003698666332162965,0.37089306186475707,0.04998604487627745
2.297443300263077,3.9917793673442894,2.9836592355759657,88.64526494164596,0.04948265624271919,0.0038022554956350426,0.3698082529111153,0.050067098112776875
2.297443300263077,3.9917793673442894,2.9836592355759657,88.66375512208049,0.053071751030520475,0.003909406579750907,0.36872486656168724,0.05014628008939326
2.2848112753555077,3.9938291054839925,2.9828414922415307,88.68214148168266,0.031076232552260264,0.004602897848177262,0.36788974110209216,0.04997790791094303
2.2848112753555077,3.9938291054839925,2.9828414922415307,88.70041135367974,0.0346443508567086,0.0045996637685405675,0.36681383346539204,0.0498069329187274
2.2848112753555077,3.9938291054839925,2.9828414922415307,88.71871570595961,0.03818600457773688,0.004702726717972425,0.3657448247134686,0.05004678410477936
2.2848112753555077,3.9938291054839925,2.9828414922415307,88.736925216886,0.041733558617718304,0.004809215159308957,0.3646737614471745,0.04993370198644698
2.2848112753555077,3.9938291054839925,2.9828414922415307,88.7551114714888,0.04526268746317996,0.004918590713713795,0.36360828748595964,0.05001606186851859
2.2724229292254554,3.995478549907401,2.9833771084963985,88.77321501257552,0.02382940984382132,0.0038231301885342586,0.3627932373471965,0.04990043700672686
2.2724229292254554,3.995478549907401,2.9833771084963985,88.79132129420017,0.027341356517048138,0.0038052122933529657,0.36173452467351985,0.050054060062393546
2.2724229292254554,3.995478549907401,2.9833771084963985,88.80938117557882,0.03085194240835592,0.0038884109311035663,0.3606754491860991,0.050072388956323266
2.2724229292254554,3.995478549907401,2.9833771084963985,88.82734741402366,0.03435283984934572,0.003974072495161122,0.3596187488706991,0.049959126161411405
2.2724229292254554,3.995478549907401,2.9833771084963985,88.8452821025365,0.03783556287247277,0.004062278562904048,0.3585675481755525,0.05001760087907314
2.2724229292254554,3.995478549907401,2.9833771084963985,88.8631722031904,0.04131214781637052,0.004153079702777251,0.3575181869257121,0.050039693946018815
2.2724229292254554,3.995478549907401,2.9833771084963985,88.8809882161742,0.04478006982961027,0.004246393998676378,0.3564714458868357,0.04997879406437278
2.2724229292254554,3.995478549907401,2.9833771084963985,88.89874496622194,0.048233612403225753,0.004341990664414669,0.35542905482287007,0.04995863395743072
2.2724229292254554,3.995478549907401,2.9833771084963985,88.91647947243659,0.051675792954269245,0.004438991834649679,0.35439144932163297,0.05004213913343847
2.257176841751452,3.9978719891476273,2.9831114788550024,88.93415428648328,0.024269604955421555,0.004617255029493702,0.3536533532935252,0.049977792892605066
2.257176841751452,3.9978719891476273,2.9831114788550024,88.95180118650488,0.02769612811708568,0.004329490431139312,0.3526192331736006,0.05004519992507994
2.257176841751452,3.9978719891476273,2.9831114788550024,88.9693641793792,0.031119621259290863,0.004412065501477525,0.3515867411787154,0.0499535130802542
2.257176841751452,3.9978719891476273,2.9831114788550024,88.98693091615323,0.034524145521140054,0.004496143028649091,0.350559207397148,0.050110612995922565
2.257176841751452,3.9978719891476273,2.9831114788550024,89.00436321032223,0.03792940629556408,0.0045823412955212795,0.3495314421511796,0.04987332201562822
2.257176841751452,3.9978719891476273,2.9831114788550024,89.02179244234219,0.04130861107723038,0.004670354610458659,0.34851158597221904,0.05001048091799021
2.2477688937627702,3.9984906381688488,2.9837975607177367,89.03916353794314,0.02595032079739726,0.0017973999787754542,0.3476872942396245,0.04996183607727289
2.2477688937627702,3.9984906381688488,2.9837975607177367,89.05649284603011,0.029339050115195088,0.0017070241184818009,0.34667370304493306,0.04998737410642207
2.2477688937627702,3.9984906381688488,2.9837975607177367,89.07379305689271,0.032700807488777336,0.00175154831901168,0.34565978103501205,0.05004982301034033
2.2477688937627702,3.9984906381688488,2.9837975607177367,89.09101299625766,0.03605606158966203,0.0017978917914300628,0.34464756904891863,0.049963907804340124
2.2477688937627702,3.9984906381688488,2.9837975607177367,89.1082383223444,0.03939575788226346,0.0018458482045140175,0.3436400745749588,0.05012606899254024
2.2477688937627702,3.9984906381688488,2.9837975607177367,89.12537138668974,0.042736512162372446,0.0018953572990543259,0.34263225157386684,0.05000423709861934
2.2389728514426404,3.9985285635524597,2.985428585991155,89.14243280741813,0.02870195812203604,-0.002978768086954918,0.34181813978945014,0.0499137369915843
2.2389728514426404,3.9985285635524597,2.985428585991155,89.15947438044391,0.03200692495200991,-0.0029124725780340787,0.3408216790572041,0.05000143498182297
2.2389728514426404,3.9985285635524597,2.985428585991155,89.17647517660977,0.03531413520856004,-0.002928079256449595,0.33982562711272113,0.050027999095618725
2.2389728514426404,3.9985285635524597,2.985428585991155,89.19340453356276,0.0386134356110649,-0.0029433618418053965,0.33883080688911116,0.04996404284611344
2.2389728514426404,3.9985285635524597,2.985428585991155,89.21029385039607,0.04189888935022389,-0.0029571948590198485,0.33784018038441244,0.04999203118495643
2.2389728514426404,3.9985285635524597,2.985428585991155,89.22713595672573,0.045176582716637326,-0.0029698489263834493,0.33685189545113015,0.04999854997731745
2.2284769679417353,3.9998661016344177,2.9835738453694365,89.24395447197833,0.027305390584342382,-0.0031082569710829976,0.3360756076146468,0.0500438439194113
2.2284769679417353,3.9998661016344177,2.9835738453694365,89.26071244487638,0.030592703000186273,-0.003116655530892586,0.33509278810989307,0.050009947968646884
2.2284769679417353,3.9998661016344177,2.9835738453694365,89.27741475334064,0.03384489467762271,-0.0031389195233461746,0.33411214242765097,0.04999012709595263
2.2284769679417353,3.9998661016344177,2.9835738453694365,89.2940829299747,0.03708614056516019,-0.0031595531224598585,0.3331347295082011,0.05003434093669057
2.2284769679417353,3.9998661016344177,2.9835738453694365,89.31068974711245,0.04032083317026056,-0.0031800780345179963,0.33216043760112607,0.04999637301079929
2.2284769679417353,3.9998661016344177,2.9835738453694365,89.3272311263645,0.043543547301986986,-0.0032007323185991306,0.3311886131428907,0.04994549509137869
2.218161982093067,4.00099778466879,2.983396344424308,89.34376997945344,0.0260286977766997,-0.004762198403868561,0.3304283618815276,0.0500527648255229
2.218161982093067,4.00099778466879,2.983396344424308,89.36022899060008,0.029245005320471154,-0.0047262567341550986,0.32946132469700173,0.04995733918622136
2.218161982093067,4.00099778466879,2.983396344424308,89.37665554845844,0.032439345653702274,-0.004773740538811617,0.3284980911161549,0.05000503291375935
2.218161982093067,4.00099778466879,2.983396344424308,89.39307746378468,0.03562747851753126,-0.004820181714745212,0.3275367413194732,0.05013762810267508
2.218161982093067,4.00099778466879,2.983396344424308,89.40935071745231,0.038814721530263524,-0.0048659577095828055,0.3265756592516422,0.049829964991658926
2.218161982093067,4.00099778466879,2.983396344424308,89.42564476030839,0.04197313972441746,-0.004911659322007541,0.3256243705182073,0.05003938381560147
2.208980323493414,4.0022660060144375,2.9814891992784545,89.44188999184666,0.0266143481516558,-0.004732286017707148,0.32485321930787886,0.05000791302882135
2.208980323493414,4.0022660060144375,2.9814891992784545,89.45808156039293,0.029788513379376234,-0.004785864191769288,0.3239031728491736,0.049988916143774986
2.208980323493414,4.0022660060144375,2.9814891992784545,89.47424431415003,0.03293093872217391,-0.004837113122386688,0.3229555412589658,0.050046373857185245
2.208980323493414,4.0022660060144375,2.9814891992784545,89.49044672733642,0.03606760337497524,-0.004887558369604114,0.3220095756665141,0.05031655705533922
2.208980323493414,4.0022660060144375,2.9814891992784545,89.50638747467235,0.039211973407987155,-0.004937821850587225,0.3210612771594252,0.049650171073153615
2.208980323493414,4.0022660060144375,2.9814891992784545,89.52243770170003,0.04230560093912908,-0.004987291072742464,0.320128368698553,0.05013684695586562
2.1982607033084753,4.003840263745983,2.980927019755827,89.53836189009961,0.023764623783362384,-0.005327565782636891,0.3194021894690602,0.04985622805543244
2.1982607033084753,4.003840263745983,2.980927019755827,89.55429985758013,0.026862232524877138,-0.005402623539497838,0.3184705421591933,0.050045342883095145
2.1982607033084753,4.003840263745983,2.980927019755827,89.57015348829742,0.029955384236843945,-0.005467460828100175,0.317537698312379,0.049926767125725746
2.1982607033084753,4.003840263745983,2.980927019755827,89.58607667544574,0.033031997697653664,-0.005532041339880482,0.3166098089455491,0.05029277899302542
2.1982607033084753,4.003840263745983,2.980927019755827,89.60178571910814,0.03612210943620091,-0.005597002498475368,0.3156778175382995,0.04976289998739958
2.1982607033084753,4.003840263745983,2.980927019755827,89.61751740522679,0.03917069948842834,-0.005661491334764383,0.3147584303929212,0.04998018988408148
2.1982607033084753,4.003840263745983,2.980927019755827,89.63322464931261,0.04222367680389627,-0.005726326366129105,0.31383766598764407,0.050048945005983114
2.1982607033084753,4.003840263745983,2.980927019755827,89.64893581767423,0.04527155509787612,-0.005791886609313909,0.3129193568450624,0.050208362052217126
2.1847342611501563,4.00541399959078,2.9792764366320434,89.66448890762963,0.02111151259019312,-0.007145108927416764,0.31227098818012333,0.049806387862190604
2.1847342611501563,4.00541399959078,2.9792764366320434,89.68005756371312,0.02415157108806057,-0.007245712891346768,0.3113617817800548,0.050001821015030146
2.1847342611501563,4.00541399959078,2.9792764366320434,89.69557650680672,0.027172662531266475,-0.007338072495384659,0.3104504269145058,0.04998847399838269
2.1847342611501563,4.00541399959078,2.9792764366320434,89.71104704254708,0.030183844181808306,-0.007430359316383446,0.3095419728461072,0.04997879802249372
2.1847342611501563,4.00541399959078,2.9792764366320434,89.72646707726155,0.033185625410389684,-0.007522948900377773,0.308636356002253,0.04996182210743427
2.1847342611501563,4.00541399959078,2.9792764366320434,89.74184214061896,0.03617760113257505,-0.00761591857910219,0.3077336989268764,0.04996223491616547
2.1847342611501563,4.00541399959078,2.9792764366320434,89.7572087470523,0.03915967804759932,-0.007709500175293472,0.3068345953327067,0.05008107516914606
2.1847342611501563,4.00541399959078,2.9792764366320434,89.77250248356813,0.042140437160726296,-0.007804603919615629,0.3059350370892966,0.04999014385975897
2.1847342611501563,4.00541399959078,2.9792764366320434,89.78776104519389,0.04510705997202054,-0.007900233082671564,0.3050397665479349,0.05002154898829758
2.1724797592886853,4.007201461801748,2.9774004135600456,89.80296512743281,0.023315561787149573,-0.007947303003484623,0.30438963245167494,0.04994940897449851
2.1724797592886853,4.007201461801748,2.9774004135600456,89.8181439231705,0.026282256188374407,-0.008108256250622859,0.30350019077336376,0.0500124751124531
2.1724797592886853,4.007201461801748,2.9774004135600456,89.83387485128738,0.029226676031948742,-0.008214196632606193,0.3026116112814169,0.05198388802818954
2.1724797592886853,4.007201461801748,2.9774004135600456,89.84834055349128,0.032277714312478584,-0.008324385453997557,0.30169056242462816,0.047948805848136544
2.1724797592886853,4.007201461801748,2.9774004135600456,89.8634039979504,0.03507997395585571,-0.008427952406577911,0.30084488420994643,0.050070469034835696
2.1724797592886853,4.007201461801748,2.9774004135600456,89.87848854995235,0.037999504488920616,-0.008536178573587771,0.29996290503584616,0.050288058118894696
2.162548777324927,4.008541720386284,2.9761165158659675,89.8933771067679,0.02089040605783454,-0.009132706957563672,0.2992771533370251,0.049748390913009644
2.162548777324927,4.008541720386284,2.9761165158659675,89.90831324774096,0.02378942884554601,-0.009267344971685946,0.2984060436446091,0.050053077982738614
2.162548777324927,4.008541720386284,2.9761165158659675,89.92317992576751,0.02668413728679049,-0.00939007484991138,0.2975315799389413,0.04996672295965254
2.162548777324927,4.008541720386284,2.9761165158659675,89.93800289492603,0.02956517726524476,-0.00951355253518331,0.29666120107740185,0.049965985119342804
2.162548777324927,4.008541720386284,2.9761165158659675,89.95279471706449,0.03243178778663857,-0.009637581362102054,0.2957942858053842,0.0500071260612458
2.162548777324927,4.008541720386284,2.9761165158659675,89.96754346314746,0.035293331091924576,-0.009762948413147171,0.2949283299072627,0.050007898826152086
2.162548777324927,4.008541720386284,2.9761165158659675,89.9822441783088,0.0381464819803467,-0.009889767463256744,0.29406490578062067,0.049991396022960544
2.162548777324927,4.008541720386284,2.9761165158659675,89.99698366896251,0.04099031762231129,-0.010018055238945826,0.2932046836463956,0.05027031106874347
2.15182007621054,4.009848248297413,2.9738114632746107,90.01153514779702,0.02223809076348776,-0.010792847872878623,0.2925553469297901,0.04973923391662538
2.15182007621054,4.009848248297413,2.9738114632746107,90.02614581872854,0.02507393650275917,-0.010929792332380043,0.291704242179951,0.050087276147678494
2.15182007621054,4.009848248297413,2.9738114632746107,90.04066439502849,0.0278996747731005,-0.0110729377492557,0.2908487691913275,0.049917956814169884
2.15182007621054,4.009848248297413,2.9738114632746107,90.0551451949478,0.03068633273187485,-0.011215618805605938,0.28999969054688995,0.0499338461086154
2.15182007621054,4.009848248297413,2.9738114632746107,90.06961173629283,0.0334745819427782,-0.011359280628684286,0.2891520155483798,0.05003091995604336
2.15182007621054,4.009848248297413,2.9738114632746107,90.08406380033497,0.0362599883573116,-0.011505254330849722,0.28830518049230514,0.05012765992432833
2.15182007621054,4.009848248297413,2.9738114632746107,90.09842485785492,0.03904250215383531,-0.011653199066467418,0.28745920028767935,0.049958594143390656
2.15182007621054,4.009848248297413,2.9738114632746107,90.11290836884015,0.04180738960538991,-0.01180249616055702,0.28661856863445434,0.05053235404193401
2.1402021656542254,4.011304343657519,2.96838359843554,90.1270433666274,0.021209040978989655,-0.0113821940299234,0.2860030865449379,0.04942253581248224
2.1402021656542254,4.011304343657519,2.96838359843554,90.1413019373871,0.02393254336454299,-0.01159129120826197,0.28517779711643065,0.04999888106249273
2.1402021656542254,4.011304343657519,2.96838359843554,90.15551192068892,0.026646689934563175,-0.01173827401640999,0.2843435612601047,0.0499746969435364
2.1402021656542254,4.011304343657519,2.96838359843554,90.16971138880072,0.029351295066628685,-0.011886769847688224,0.283512199715445,0.05008415202610195
2.1402021656542254,4.011304343657519,2.96838359843554,90.18382664315881,0.032053758377588344,-0.012037152062789672,0.28268145956011037,0.04993342817761004
2.1402021656542254,4.011304343657519,2.96838359843554,90.19792436654888,0.03474005681971345,-0.012188879590176284,0.28185567227201475,0.050017525907605886
2.1402021656542254,4.011304343657519,2.96838359843554,90.21197481313469,0.03742287213240343,-0.012342527111268011,0.2810309089585915,0.049996089888736606
2.1402021656542254,4.011304343657519,2.96838359843554,90.22598392373686,0.040012471014100395,-0.012496838265501476,0.28021379691332726,0.04999436414800584
2.1402021656542254,4.011304343657519,2.96838359843554,90.23993752395901,0.0426025937448523,-0.012652217879749317,0.2793956619646829,0.049942079000175
2.1265464572011554,4.013401849995449,2.9652488589266888,90.25388401263402,0.0175660269721469,-0.012590575268931748,0.27884013730195617,0.050016073044389486
2.1265464572011554,4.013401849995449,2.9652488589266888,90.26776881025152,0.02016518679131669,-0.012718094524011682,0.27802642088964374,0.04994056886062026
2.1265464572011554,4.013401849995449,2.9652488589266888,90.28165326060083,0.02273128191366084,-0.012879039473302305,0.27721550612942586,0.0500854030251503
2.1265464572011554,4.013401849995449,2.9652488589266888,90.29546534128397,0.025297128360103244,-0.013041759355771294,0.2764046155002266,0.049970513908192515
2.1265464572011554,4.013401849995449,2.9652488589266888,90.30925628988427,0.027849427706455064,-0.013206111239808924,0.27559836560936035,0.05004002316854894
2.1265464572011554,4.013401849995449,2.9652488589266888,90.32300142888762,0.03002503428597622,-0.013370541373907063,0.2747998893423535,0.05001872102729976
2.1265464572011554,4.013401849995449,2.9652488589266888,90.33669042773687,0.032375753026451945,-0.013537333104291073,0.2740007841278539,0.04995970684103668
2.114926749269798,4.015187223434838,2.962380740174193,90.35033421935212,0.011212321345075434,-0.013602289564733002,0.2734094230892263,0.049902419093996286
2.114926749269798,4.015187223434838,2.962380740174193,90.36398435119885,0.013563215894367962,-0.013686163294131031,0.27261690018901275,0.05007074703462422
