x,y,theta,s0,v,omega,w,time_elapsed
-0.03565180470209352,0.05489468112250514,-0.05421877513317897,0.18022813529562254,0.029714385832089543,1.0835542652710067e-15,0.9972110130292692,0.1807321950327605
-0.03565180470209352,0.05489468112250514,-0.05421877513317897,3.4795546371072694,0.06601184025564828,-0.16808894900506113,0.9999009728679329,3.2996532570105046
-0.03565180470209352,0.05489468112250514,-0.05421877513317897,3.498885457078406,0.7070043557431038,-0.09947712862010898,0.9916432583304589,0.019493723986670375
-0.03565180470209352,0.05489468112250514,-0.05421877513317897,3.548617198502614,0.7222445430963588,-0.2201012444557144,0.9932362292968002,0.05007040617056191
-0.03565180470209352,0.05489468112250514,-0.05421877513317897,3.598252896285461,0.7295925361540849,-0.2174482683815609,0.9933073210337685,0.04997013183310628
-0.03565180470209352,0.05489468112250514,-0.05421877513317897,3.6479293051116635,0.7398414439790727,-0.2173610990305012,0.9931942655380966,0.05001680995337665
-0.03887638238746965,0.10771020492411237,-0.05978244372951763,3.6975784988497358,0.7558034533598009,-0.40543974593414744,0.9935228970753965,0.04997287318110466
-0.03887638238746965,0.10771020492411237,-0.05978244372951763,3.7473482002354985,0.7535266126461209,-0.3986398635701846,0.9940218218677563,0.05006902292370796
-0.03887638238746965,0.10771020492411237,-0.05978244372951763,3.796992867028167,0.7648211157681628,-0.39902018745654105,0.9938696949591419,0.04995088092982769
-0.021483521527560136,0.12220061675089329,-0.07464882658235278,3.846677188565865,0.7407721031125103,-0.43213457450020465,0.9942436225490758,0.04997197911143303
0.02521817424499206,0.12174851613312682,-0.08398694369668443,3.896392980976385,0.6575012269199237,-0.435314189232435,0.9954484514291208,0.04994311090558767
0.02521817424499206,0.12174851613312682,-0.08398694369668443,3.94624171936755,0.6669758339185513,-0.41647557662000406,0.9955694803200108,0.05007057706825435
0.02521817424499206,0.12174851613312682,-0.08398694369668443,3.9959923216747297,0.6779535342579466,-0.4160875569409719,0.9953904957965107,0.04998098989017308
0.08409005763320423,0.12502005103233904,-0.11779330209047206,4.045877536695948,0.5736967766107648,-0.4039522035407299,0.9964187772480151,0.050064507173374295
0.08409005763320423,0.12502005103233904,-0.11779330209047206,4.095724948727779,0.5899499464372945,-0.381531515792457,0.9968998543004842,0.05000242684036493
0.14049440105418945,0.11629424146231575,-0.1594442851412212,4.145604691914105,0.4922375963718075,-0.32223299071271416,0.9975082565900247,0.050004341173917055
0.14049440105418945,0.11629424146231575,-0.1594442851412212,4.195467248013307,0.51418642534415,-0.29941991320019656,0.9979124388297621,0.04996686498634517
0.19834095953267644,0.1053548836582716,-0.19174176709339755,4.245403658171275,0.41049150726196576,-0.25797258306431975,0.9986084101588607,0.050005997996777296
0.19834095953267644,0.1053548836582716,-0.19174176709339755,4.2953816230233555,0.42901152294026446,-0.23279091590701825,0.9989201498044462,0.050031991908326745
0.2511184360482865,0.09124160677940019,-0.23104759330277722,4.345268167294477,0.3346860849930452,-0.17350921740141556,0.9993062498583472,0.04992117709480226
0.2511184360482865,0.09124160677940019,-0.23104759330277722,4.395265424056177,0.3552053868556021,-0.15134850723490323,0.9995844851983908,0.050018039997667074
0.29208478430952267,0.07501217586910267,-0.2533748958973316,4.445263376318147,0.28047827860043023,-0.1044236377179128,0.9997378247347182,0.05001106392592192
0.29208478430952267,0.07501217586910267,-0.2533748958973316,4.495268963510632,0.2965238299641227,-0.08619884556828634,0.9997674059700244,0.0500172208994627
0.3278816163354487,0.05942911173483876,-0.270324499815721,4.545239008118137,0.23043132361575502,-0.046194330848547134,0.9998454591845874,0.04997776821255684
0.3278816163354487,0.05942911173483876,-0.270324499815721,4.595202087171595,0.24424451398090885,-0.03173674628808941,0.9997936140603437,0.049973392859101295
0.3603766537987966,0.038610780465797606,-0.28081737185469857,4.645202406098058,0.1801261002330578,0.018650149854565062,0.9995897677532629,0.05002083908766508
0.3603766537987966,0.038610780465797606,-0.28081737185469857,4.695183776791094,0.19176942065867916,0.029103061692657972,0.9994349056413291,0.05000963085331023
0.38813772325098317,0.018752958686170128,-0.28337638510703006,4.745139893528032,0.1352486397780262,0.0711639268348624,0.9991965331490341,0.04999628709629178
0.38813772325098317,0.018752958686170128,-0.28337638510703006,4.795118579584403,0.14444607501891873,0.07683007186486386,0.9990212421242496,0.05002765101380646
0.414527331789518,0.009799481542690624,-0.27862707037844364,4.845064395111893,0.0978484261105204,0.08192680998680209,0.9993321512971287,0.049979194067418575
0.414527331789518,0.009799481542690624,-0.27862707037844364,4.8950625428273575,0.10681151207350692,0.08607492226310315,0.9991638627961308,0.05003998801112175
0.4333432115681694,0.0006383465709489145,-0.26925127944722665,4.9449497068517765,0.0742100433020691,0.09398462533848126,0.9992418652776394,0.04992501391097903
0.4333432115681694,0.0006383465709489145,-0.26925127944722665,4.994916522526333,0.08287163741646902,0.09682348753135979,0.9990837273836919,0.050012640887871385
0.4491578470177721,-0.008069814328051154,-0.26009051307202835,5.044884525370353,0.056089068017758474,0.10620194361543824,0.9990834693906082,0.050013842061161995
0.4491578470177721,-0.008069814328051154,-0.26009051307202835,5.0948765482481155,0.06473806469035776,0.10799686507752858,0.9989458223094831,0.050044778967276216
0.4491578470177721,-0.008069814328051154,-0.26009051307202835,5.144780277608441,0.07402024016016097,0.1111568362912189,0.9988018311709123,0.04996359418146312
0.4491578470177721,-0.008069814328051154,-0.26009051307202835,5.194676432726357,0.08325148638850814,0.11436900800396227,0.9986594178098286,0.04996313480660319
0.4705115606090862,-0.01919099437962743,-0.23631596325058,5.2446696399152,0.04484752350805256,0.11723513037248803,0.9988203757456814,0.05005225003696978
0.4705115606090862,-0.01919099437962743,-0.23631596325058,5.294567915705644,0.053729142672605194,0.11751443167034574,0.9987345812424357,0.04996149800717831
0.4705115606090862,-0.01919099437962743,-0.23631596325058,5.3445229338503095,0.06306862755317838,0.12073150519755607,0.9986027587209766,0.050024915020912886
0.4705115606090862,-0.01919099437962743,-0.23631596325058,5.394415230905333,0.07236798770919638,0.12393347666590178,0.9984730418094512,0.04996859701350331
0.48858817363007156,-0.028497955475846038,-0.21411890041956633,5.444375608888292,0.04153456481281134,0.12653848263860454,0.9986051220610287,0.05003016395494342
0.48858817363007156,-0.028497955475846038,-0.21411890041956633,5.494302045613623,0.05091920109653228,0.1258768638896994,0.9985629848965698,0.049998285016044974
0.48858817363007156,-0.028497955475846038,-0.21411890041956633,5.544196159288575,0.06036828855409294,0.12916527312047665,0.9984396595308512,0.049972087144851685
0.48858817363007156,-0.028497955475846038,-0.21411890041956633,5.59414906768921,0.06972237607976758,0.13236978424387302,0.9983205896634234,0.05003694095648825
0.5035738198283225,-0.03460113917336442,-0.1909540100055828,5.644083041000809,0.0474263744190894,0.1286053273074032,0.9984908316280726,0.050009445985779166
0.5035738198283225,-0.03460113917336442,-0.1909540100055828,5.693994009684051,0.05772956710535206,0.12802023525054002,0.9984758028014826,0.04998715897090733
0.5035738198283225,-0.03460113917336442,-0.1909540100055828,5.743890559487709,0.0672727003342303,0.13125700453311678,0.9983594910454222,0.04997854004614055
0.5035738198283225,-0.03460113917336442,-0.1909540100055828,5.79381989414649,0.07672640763294189,0.1343590283366049,0.998248047671912,0.05001696199178696
0.5180631205633027,-0.03876872951249511,-0.1670969073759547,5.843735082844414,0.05698388650826978,0.1258318511531603,0.9984645886567869,0.04999194690026343
0.5180631205633027,-0.03876872951249511,-0.1670969073759547,5.893688302367563,0.06798139893148038,0.1250862636988538,0.9984617557382899,0.05003017815761268
0.5180631205633027,-0.03876872951249511,-0.1670969073759547,5.943588540382185,0.07763723302376485,0.12815017000261572,0.998350449264082,0.04998268699273467
0.5180631205633027,-0.03876872951249511,-0.1670969073759547,5.993519679366997,0.0872016640357663,0.13105014774238852,0.9982444052307435,0.050018951995298266
0.532619592265018,-0.04377160131178524,-0.14332292724477447,6.043466472940295,0.0668400217212156,0.12511055721525136,0.9984361558278323,0.05002502491697669
0.532619592265018,-0.04377160131178524,-0.14332292724477447,6.093336862026697,0.0779613863260436,0.12388724192510757,0.9984541408088774,0.04994760104455054
0.532619592265018,-0.04377160131178524,-0.14332292724477447,6.143282125044449,0.08770370941359214,0.12679609608947076,0.9983471245084269,0.05002795299515128
0.532619592265018,-0.04377160131178524,-0.14332292724477447,6.193198324079253,0.0973724151349203,0.12949693242917262,0.9982453606635263,0.05000393791124225
0.550224242382368,-0.04942757808998589,-0.11995277933084904,6.243114455009427,0.07079821823411665,0.12519606967264788,0.9984896073234348,0.0499916379339993
0.550224242382368,-0.04942757808998589,-0.11995277933084904,6.2930574019004855,0.08202583272232897,0.12266010168426432,0.9985227936642994,0.0500168320722878
0.550224242382368,-0.04942757808998589,-0.11995277933084904,6.343058460438674,0.09189532660064846,0.12542164320986696,0.9984170141365688,0.050080335000529885
0.550224242382368,-0.04942757808998589,-0.11995277933084904,6.392904848291017,0.10165961793430929,0.12792436913634145,0.9983183556060748,0.04993035295046866
0.5695466281201615,-0.05168241722229842,-0.09673249686695104,6.4428988769879485,0.07370223703106323,0.11469571898322031,0.9986454101285829,0.05006184196099639
0.5695466281201615,-0.05168241722229842,-0.09673249686695104,6.492721764323155,0.08571270671766777,0.11166455906156438,0.9986608479078313,0.04988969722762704
0.5695466281201615,-0.05168241722229842,-0.09673249686695104,6.542792903957189,0.09563945226247914,0.11407792240290796,0.9985563807035543,0.050143527798354626
0.5695466281201615,-0.05168241722229842,-0.09673249686695104,6.592666030610362,0.1055049443743269,0.11625009309175832,0.9984584130639326,0.04995012911967933
0.585929836155118,-0.056681657148734674,-0.07620706266367896,6.642594313496174,0.08177492501699517,0.11388000918467461,0.9986800861659667,0.04999427101574838
0.585929836155118,-0.056681657148734674,-0.07620706266367896,6.692488001288474,0.09306658749741024,0.11104041614465443,0.9987119957398095,0.049958033952862024
0.585929836155118,-0.056681657148734674,-0.07620706266367896,6.74243866105219,0.10306541193334938,0.11329245998143936,0.9986086187576965,0.050020257011055946
0.585929836155118,-0.056681657148734674,-0.07620706266367896,6.792267714052225,0.11296377265029184,0.11527628284520755,0.9985120030272631,0.04990330897271633
0.605889544019119,-0.06171507262052477,-0.058547104945287996,6.842314406063556,0.08211132693882484,0.11538811531058303,0.9988064235529222,0.05010649794712663
0.605889544019119,-0.06171507262052477,-0.058547104945287996,6.892207690264839,0.0931886622186309,0.11092692310919104,0.9988334542680815,0.04995155497454107
0.6163847462199405,-0.06230056635084888,-0.047733090969707105,6.942200172062773,0.08272696926527358,0.10583629272794805,0.998940018207827,0.05004552914761007
0.6163847462199405,-0.06230056635084888,-0.047733090969707105,6.992107505286116,0.0939190157245935,0.10409314731643034,0.9989066151488312,0.04996196087449789
0.6163847462199405,-0.06230056635084888,-0.047733090969707105,7.0420648109514605,0.10397866675143184,0.10594113347446014,0.9988044000691583,0.05001710611395538
0.6163847462199405,-0.06230056635084888,-0.047733090969707105,7.09197206774954,0.11395682487616202,0.1076186352221227,0.998707168455274,0.04997186199761927
0.6352515023324252,-0.0637806863849088,-0.029612473625712607,7.1419566600453726,0.08671646474183403,0.09842616679095269,0.9989869618616589,0.050035279942676425
0.6352515023324252,-0.0637806863849088,-0.029612473625712607,7.191912008805166,0.09860062210357085,0.09431515088511343,0.9989942905729916,0.050005639903247356
0.6474628535509075,-0.0652616095550429,-0.020418930031047066,7.241841581631806,0.08431106028140647,0.09307299017299393,0.9991324242120725,0.04997292812913656
0.6474628535509075,-0.0652616095550429,-0.020418930031047066,7.2917862413716525,0.09509414659806593,0.09052675634301752,0.9990937352559043,0.04998996388167143
0.6474628535509075,-0.0652616095550429,-0.020418930031047066,7.3417172833357744,0.1052146847822712,0.09196720009927842,0.9989892646767297,0.049981560092419386
0.6474628535509075,-0.0652616095550429,-0.020418930031047066,7.391677689453033,0.1152345776207524,0.09324642192485108,0.9988902556026776,0.0500159109942615
0.6699604379515081,-0.06480383930895328,-0.0028714185236689374,7.441626672999019,0.08111668034251925,0.07983110183068635,0.9992253812649939,0.0499877049587667
0.6699604379515081,-0.06480383930895328,-0.0028714185236689374,7.4924870301328275,0.09312571633954847,0.07481946751348366,0.9992143074162251,0.05090034916065633
0.6816879349103815,-0.06469515590296356,0.007614811905612887,7.5415684735667385,0.08034093065005503,0.06846112352273431,0.9993267275161622,0.049114510882645845
0.6816879349103815,-0.06469515590296356,0.007614811905612887,7.591888046026504,0.0913055341708329,0.06612303971116622,0.9992810453258204,0.05035577598027885
0.6816879349103815,-0.06469515590296356,0.007614811905612887,7.641509970953672,0.10148469614036286,0.06698601628274327,0.9991743706753969,0.049662928096950054
0.6816879349103815,-0.06469515590296356,0.007614811905612887,7.691465561829568,0.11146251279815483,0.06775689053263913,0.9990736351683188,0.050001910887658596
0.6816879349103815,-0.06469515590296356,0.007614811905612887,7.741416038785604,0.1215060247077322,0.06848332829886034,0.9989714583643982,0.05000190599821508
0.7034142811835735,-0.06321553587765402,0.020485909359045294,7.791396973164228,0.08861034142722471,0.05637460134821136,0.9992758358655096,0.050017155008390546
0.71534742385038,-0.0644020268554596,0.028285858276380624,7.8412446300908005,0.0761717489206348,0.050770906896258704,0.9994674585058496,0.049874217016622424
0.71534742385038,-0.0644020268554596,0.028285858276380624,7.891260826776278,0.08677169472157273,0.04842603570567952,0.9994022046806808,0.05004611401818693
0.71534742385038,-0.0644020268554596,0.028285858276380624,7.941276527099442,0.09687307428445795,0.04889133230991994,0.9992959443882916,0.050050938967615366
0.71534742385038,-0.0644020268554596,0.028285858276380624,7.9912186287685545,0.10692299778599305,0.04926769607717881,0.9991918895350125,0.04998249304480851
0.7354276557784146,-0.06341248937378034,0.039125798563524654,8.041178533265715,0.0770135771364234,0.040899140263575336,0.9994629079762617,0.049986751982942224
0.7354276557784146,-0.06341248937378034,0.039125798563524654,8.091122323198004,0.0880084588800081,0.03700361362176032,0.9994038453088242,0.04997358191758394
0.7354276557784146,-0.06341248937378034,0.039125798563524654,8.141201265710354,0.09808616400087704,0.03724295276544196,0.9992958956712525,0.05011422815732658
0.7354276557784146,-0.06341248937378034,0.039125798563524654,8.191121555759766,0.1081363411453858,0.037365111831927894,0.999190385676947,0.049960738979279995
0.7354276557784146,-0.06341248937378034,0.039125798563524654,8.24104615464929,0.1181543235468627,0.03746359847570933,0.9990850959779819,0.049970316933467984
0.7561467697404091,-0.06207546974906103,0.04719730709863993,8.29103448779396,0.08682398695532897,0.030269857788641705,0.9993696939405188,0.05001986096613109
0.7689145352320037,-0.06215611652139378,0.05204926587036392,8.340930834775513,0.0720256096229334,0.025217767333886313,0.9995438615689243,0.04991911700926721
0.7689145352320037,-0.06215611652139378,0.05204926587036392,8.390995115657365,0.08235230558384404,0.02284882733659945,0.9994583648530545,0.05009141215123236
0.7689145352320037,-0.06215611652139378,0.05204926587036392,8.440923824054199,0.09240612067331154,0.022765042787553792,0.9993511073299689,0.0499611278064549
0.7689145352320037,-0.06215611652139378,0.05204926587036392,8.49088802994451,0.10240444261973128,0.02261949249075028,0.9992448447419441,0.05000196513719857
0.7862310426146399,-0.06040823477510865,0.05813425812926222,8.540794945106668,0.07773267448418049,0.015734088097754218,0.9994541431603068,0.049934172071516514
0.7862310426146399,-0.06040823477510865,0.05813425812926222,8.590825392626689,0.0881811680164451,0.012885457589880696,0.9993660590357497,0.05006218398921192
0.7862310426146399,-0.06040823477510865,0.05813425812926222,8.640770774801947,0.09820245555927581,0.012590944368764099,0.9992575459125536,0.04998249188065529
0.7862310426146399,-0.06040823477510865,0.05813425812926222,8.690706229994484,0.10818453869349073,0.012232367388483732,0.9991503701657003,0.04997791792266071
0.7862310426146399,-0.06040823477510865,0.05813425812926222,8.740669360184501,0.11816313596030352,0.011836270895137557,0.9990430722412201,0.05001098709180951
0.8075965508535413,-0.0600904082304796,0.06139129129223493,8.790669960935801,0.08547986561451501,0.011653897175023489,0.9993685833591747,0.050032191909849644
0.8075965508535413,-0.0600904082304796,0.06139129129223493,8.84066004498584,0.09560297674757656,0.008437011522097044,0.999275561552441,0.050026325043290854
0.821314488870639,-0.05838669310656531,0.06334308987271564,8.89060425596963,0.07803154948960445,0.00423387511742645,0.9994186081043741,0.04997326503507793
0.821314488870639,-0.05838669310656531,0.06334308987271564,8.940549644154068,0.08815346831085913,0.0021080527141633626,0.9993165247196804,0.04997954796999693
0.821314488870639,-0.05838669310656531,0.06334308987271564,8.990553492081839,0.09812491748991388,0.001603966166378291,0.999208544566065,0.0500434550922364
0.821314488870639,-0.05838669310656531,0.06334308987271564,9.04044957849728,0.10809684109566328,0.0010489158290347775,0.9991008894164493,0.04994098888710141
0.8385209087582036,-0.058274095266918964,0.064955384838862,9.090474763580087,0.08372580533419346,0.0019575526173397128,0.99934839399598,0.050057803047820926
0.8385209087582036,-0.058274095266918964,0.064955384838862,9.140374004228413,0.09373838654738016,-0.0004305982314684667,0.9992483042494353,0.04993677791208029
0.8497823286701791,-0.05764391841034653,0.06487250654945192,9.190430699265905,0.08115549114013462,-0.0006938979465817001,0.9993654214028598,0.05008848011493683
0.8497823286701791,-0.05764391841034653,0.06487250654945192,9.240318893660083,0.091125945489547,-0.0024354172457348834,0.9992595211262464,0.04992516292259097
0.8497823286701791,-0.05764391841034653,0.06487250654945192,9.290275277175981,0.10107259924689431,-0.003028654649773499,0.9991519097650219,0.04999878699891269
0.8497823286701791,-0.05764391841034653,0.06487250654945192,9.34021946258006,0.11102578369096958,-0.0036690883054874717,0.9990443742488627,0.0499919590074569
0.867819504337253,-0.056459311564744534,0.06629145379551742,9.390223824580561,0.08483961370406533,-0.0055923639493783706,0.9992917223584494,0.05003980407491326
0.867819504337253,-0.056459311564744534,0.06629145379551742,9.440177002940425,0.09486220746760642,-0.007749996173310112,0.9991883273368759,0.049993756925687194
0.8809355957643267,-0.056682560918785756,0.06794317967368069,9.490116193748287,0.07871399142659304,-0.006750106578001449,0.9993555440226114,0.049971395172178745
0.8809355957643267,-0.056682560918785756,0.06794317967368069,9.540150652661524,0.08869356862186073,-0.008498278027039554,0.9992538516663557,0.050071819918230176
0.8809355957643267,-0.056682560918785756,0.06794317967368069,9.59011225659535,0.09865381925476623,-0.009199058719096346,0.9991457946267917,0.05000431789085269
0.8809355957643267,-0.056682560918785756,0.06794317967368069,9.640026532841258,0.1085951873080786,-0.009942489300047956,0.9990382393216585,0.04996232804842293
0.8976583475614457,-0.05548320191750139,0.06773884494954747,9.68996639575241,0.0850144312709814,-0.010941336267191069,0.9992623563882886,0.049976727925240993
0.8976583475614457,-0.05548320191750139,0.06773884494954747,9.739947072073111,0.09494649560886441,-0.012820593592036206,0.9991560504347039,0.050022893119603395
0.9094873263670816,-0.05539145354828471,0.06751370005290735,9.789902011891632,0.08132466072685206,-0.01162725779699011,0.9992959758360819,0.04999013408087194
0.9094873263670816,-0.05539145354828471,0.06751370005290735,9.839859149038395,0.0912408390534884,-0.013146529849895892,0.999190368502907,0.04999761679209769
0.9094873263670816,-0.05539145354828471,0.06751370005290735,9.889825572356445,0.101176160400856,-0.013922127057037903,0.9990830496854464,0.050012282095849514
0.9094873263670816,-0.05539145354828471,0.06751370005290735,9.939762097975537,0.11111080330058981,-0.014737075918134123,0.9989759008764142,0.04998771799728274
0.9271117547871313,-0.053984284171327876,0.0656351853297382,9.989753450336554,0.08570751239155362,-0.015040453081375424,0.999219799857183,0.050030386075377464
0.9271117547871313,-0.053984284171327876,0.0656351853297382,10.039715760878844,0.0955969966924565,-0.016751888778997196,0.9991118696363223,0.050006723031401634
0.9384971022528105,-0.05377132143834696,0.0645046015697276,10.089661563073152,0.0828362994138801,-0.015449798720178555,0.9992426570365928,0.04998365696519613
0.9384971022528105,-0.05377132143834696,0.0645046015697276,10.139665651680966,0.0927315460318209,-0.016779387945622466,0.9991363507376122,0.050047311931848526
0.9384971022528105,-0.05377132143834696,0.0645046015697276,10.189582063118497,0.10267210621455679,-0.017594046941096373,0.999029805623127,0.04996488709002733
0.9384971022528105,-0.05377132143834696,0.0645046015697276,10.239551978363334,0.11259390563557745,-0.018441251303110435,0.9989236778729004,0.05002375692129135
0.9570186213586016,-0.053152486154496956,0.062371577499770264,10.289428639858782,0.08556145135537464,-0.016387758760758837,0.9991995529041415,0.0499166171066463
0.9570186213586016,-0.053152486154496956,0.062371577499770264,10.339507566873055,0.09542349431324564,-0.017953295997109896,0.9990931767091941,0.05012438097037375
0.9671579894962451,-0.05251105947540523,0.06035283848497552,10.389380756632455,0.08509286186501364,-0.017490846056357454,0.9991924172810546,0.04991349903866649
0.9671579894962451,-0.05251105947540523,0.06035283848497552,10.439325141923566,0.09496492481733175,-0.018641081065670494,0.999086165157889,0.04999006795696914
0.9671579894962451,-0.05251105947540523,0.06035283848497552,10.489254111316868,0.10489459852698409,-0.019458614101928857,0.9989806382980032,0.04997991700656712
0.9671579894962451,-0.05251105947540523,0.06035283848497552,10.53922663714306,0.11482034734063969,-0.02030617735579669,0.9988753078792402,0.05002879281528294
0.9843887467081764,-0.05200289033993877,0.056798153725325304,10.589135657210049,0.09039218843413327,-0.017262059887185946,0.9991282511713332,0.04995256615802646
0.9843887467081764,-0.05200289033993877,0.056798153725325304,10.639104056063337,0.1002468797339731,-0.01860407892574823,0.9990217979088442,0.05001732590608299
0.9961558934940202,-0.05267348928510317,0.05607409556797274,10.68911994665103,0.08686959947948177,-0.015328459862866751,0.9991718415599994,0.05005734600126743
0.9961558934940202,-0.05267348928510317,0.05607409556797274,10.73904422843002,0.09680460966352003,-0.016482188811071996,0.9991178356353398,0.049968362087383866
0.9961558934940202,-0.05267348928510317,0.05607409556797274,10.788979998011888,0.1067375472653567,-0.017239063776754788,0.9990131803118846,0.049985095858573914
0.9961558934940202,-0.05267348928510317,0.05607409556797274,10.838900393428117,0.116671897520254,-0.01802690264484235,0.9989082398047253,0.04997495608404279
1.0157851817341306,-0.05186846555488391,0.05351268424549919,10.888890107801542,0.08738407888859265,-0.01636159880878467,0.9992030795137989,0.05002958397381008
1.0157851817341306,-0.05186846555488391,0.05351268424549919,10.938821190728381,0.09728138004473827,-0.017715439731663035,0.9990973059837492,0.04997619614005089
1.0277364588188342,-0.05232047135300651,0.05195955947793232,10.988810961857975,0.08349182839875281,-0.014482620966652615,0.9992484947117732,0.050027366960421205
1.0277364588188342,-0.05232047135300651,0.05195955947793232,11.03876073582775,0.09340619609861629,-0.01558374203821942,0.9991512076604253,0.04999220697209239
1.0277364588188342,-0.05232047135300651,0.05195955947793232,11.088692984565023,0.10334908914693801,-0.016293773476851653,0.9990466936657,0.04997989488765597
1.0277364588188342,-0.05232047135300651,0.05195955947793232,11.138662622461883,0.11328772576452453,-0.01703221886270651,0.998942171348051,0.05002255318686366
1.0479197206406763,-0.051711645503320976,0.0510221078652899,11.188618190362476,0.08291557072784718,-0.016166355275568714,0.999246376186606,0.049993243999779224
1.0479197206406763,-0.051711645503320976,0.0510221078652899,11.238659108242455,0.09284229060814178,-0.017419168618495254,0.9991421207391207,0.05008388380520046
1.0588527009795052,-0.05167241721007453,0.0488215765203809,11.288553657473877,0.08102599509632899,-0.015280760971509637,0.999265532180229,0.04993122210726142
1.0588527009795052,-0.05167241721007453,0.0488215765203809,11.338551218886952,0.09091927550222968,-0.016268118749029156,0.9991647867648743,0.050039354944601655
1.0588527009795052,-0.05167241721007453,0.0488215765203809,11.388466931857485,0.10087338675383158,-0.016964533746923877,0.9990602772404698,0.049962664023041725
1.0588527009795052,-0.05167241721007453,0.0488215765203809,11.438377538802705,0.11081061869898388,-0.01768569916970576,0.9989559622934204,0.04996276996098459
1.0770144566982824,-0.05030688723585816,0.04580830144890415,11.488366606557065,0.08435784330930043,-0.017800262459650478,0.9992119409282239,0.05002849316224456
1.0770144566982824,-0.05030688723585816,0.04580830144890415,11.538369138181436,0.0942656497706088,-0.018833366772810188,0.9991066209786478,0.05004724278114736
1.088642748184705,-0.04994708781128548,0.044479513547155916,11.588294969263021,0.08099232915850016,-0.01830033469856268,0.9992376872740378,0.04996391921304166
1.088642748184705,-0.04994708781128548,0.044479513547155916,11.638216251615365,0.0909181568265225,-0.019123726149637733,0.9991362549114384,0.0499644388910383
1.088642748184705,-0.04994708781128548,0.044479513547155916,11.688194108724835,0.10085742738278416,-0.019832586015870693,0.9990322905895574,0.05002626799978316
1.088642748184705,-0.04994708781128548,0.044479513547155916,11.738133830865497,0.11080753764123724,-0.020564743685579416,0.9989280597036562,0.04999331198632717
1.1084026340785806,-0.04974748536259341,0.04140242228533934,11.788095864081606,0.08135168181583315,-0.01741509084032622,0.9992300126120057,0.05000053299590945
1.1084026340785806,-0.04974748536259341,0.04140242228533934,11.838095835316315,0.0912721724440619,-0.01832621828899864,0.9991253882669835,0.05004374007694423
1.118951280632496,-0.04862981007080024,0.039630310304294585,11.888014959597324,0.08004871295883591,-0.01977245812368584,0.9992255350173663,0.049957814859226346
1.118951280632496,-0.04862981007080024,0.039630310304294585,11.93799174248113,0.08996714562338323,-0.020455680702357214,0.9991238563962145,0.050020608119666576
1.118951280632496,-0.04862981007080024,0.039630310304294585,11.987985942760243,0.09992050006130557,-0.021151807734934344,0.9990199144635151,0.05004324694164097
1.118951280632496,-0.04862981007080024,0.039630310304294585,12.037948852861728,0.10987679118859175,-0.021867305914713288,0.9989158320105469,0.050017137080430984
1.13745140907108,-0.047461314210153344,0.03804008192335177,12.087853096323187,0.08277169246559096,-0.023002266846747027,0.9991773089237636,0.049945333041250706
1.13745140907108,-0.047461314210153344,0.03804008192335177,12.137837169163735,0.09268956115939439,-0.0234947864085501,0.9990736422967358,0.05003041890449822
1.1495371210608536,-0.04755572609349975,0.0372465493087702,12.187796943536249,0.07855677882018586,-0.022368596979153957,0.999216592368222,0.049998943926766515
1.1495371210608536,-0.04755572609349975,0.0372465493087702,12.23778856948492,0.08851370432625807,-0.0228983040386427,0.9991145923307156,0.05003592814318836
1.1495371210608536,-0.04755572609349975,0.0372465493087702,12.287847425928705,0.09847042697497645,-0.023615099755599316,0.9990105355515001,0.050108436960726976
1.1495371210608536,-0.04755572609349975,0.0372465493087702,12.33765150069112,0.10843938483480643,-0.024349164534203636,0.9989062039515978,0.04985860991291702
1.1495371210608536,-0.04755572609349975,0.0372465493087702,12.387603470401805,0.11835718846349569,-0.025096812205203142,0.9988025159867187,0.05001185811124742
1.167576749386398,-0.04805489844914236,0.03346214721280043,12.437541543390834,0.0924393416993675,-0.01996191271238392,0.9990745495649204,0.04998433100990951
1.179503607567248,-0.04801477094279819,0.032066944290306106,12.48750770034457,0.07860295171816412,-0.018696020004152634,0.9992128493315041,0.050005518831312656
1.179503607567248,-0.04801477094279819,0.032066944290306106,12.5374514636543,0.0885601549262032,-0.019231500948056653,0.9991107129048366,0.04998821718618274
1.179503607567248,-0.04801477094279819,0.032066944290306106,12.587380604777161,0.0985144564989611,-0.019856867983031608,0.9990067013207129,0.049978784983977675
1.179503607567248,-0.04801477094279819,0.032066944290306106,12.637313316563663,0.10846522137044312,-0.020497739894986447,0.9989025831765276,0.049987568985670805
1.1979245365885915,-0.04743993360072413,0.030477287703025838,12.687271442135852,0.08159491139182563,-0.020248634128725393,0.9991671865116813,0.04999976605176926
1.1979245365885915,-0.04743993360072413,0.030477287703025838,12.737265146947806,0.09154530629544866,-0.02064541080964509,0.9990630778724511,0.05004058894701302
1.1979245365885915,-0.04743993360072413,0.030477287703025838,12.787179265529,0.10151015349455107,-0.021284665507006636,0.9989586068582745,0.04996615299023688
1.1979245365885915,-0.04743993360072413,0.030477287703025838,12.837176806573135,0.11145828220784994,-0.021936610169165427,0.9988563952487236,0.050054783932864666
1.2185670229867642,-0.04750070702995994,0.027166903395997928,12.887063485003138,0.08026470500601332,-0.018512577911387475,0.9991733187569722,0.049927952932193875
1.2185670229867642,-0.04750070702995994,0.027166903395997928,12.937044584220036,0.09021487906752379,-0.018907629132870883,0.9990696181502656,0.05002764402888715
1.2310670052955155,-0.04753316726955913,0.024803170628272614,12.986904196759877,0.07525075750010933,-0.016955552786784147,0.9992198463898523,0.04989854106679559
1.2310670052955155,-0.04753316726955913,0.024803170628272614,13.036948801212864,0.0851943705971234,-0.017383721120949942,0.99911625769987,0.05008887010626495
1.2310670052955155,-0.04753316726955913,0.024803170628272614,13.087043090360279,0.09517548028482846,-0.01793133927898782,0.9990116675303264,0.05014384794048965
1.2310670052955155,-0.04753316726955913,0.024803170628272614,13.13685915419989,0.10516619123588766,-0.01849260644981305,0.9989091097419438,0.049870467046275735
1.2472938845746238,-0.04709140417383451,0.022224067067999585,13.186688407454012,0.08267776865784546,-0.017498540745090573,0.9991312514761145,0.049872579984366894
1.2472938845746238,-0.04709140417383451,0.022224067067999585,13.236798312506249,0.09261365354515412,-0.01783317210529563,0.999027908049106,0.05015866388566792
1.2472938845746238,-0.04709140417383451,0.022224067067999585,13.28676459582116,0.10260954575546838,-0.01837472537639678,0.9989232973953587,0.05002014013007283
1.2472938845746238,-0.04709140417383451,0.022224067067999585,13.33667325645127,0.11257612147180987,-0.01892624407134878,0.99881914909702,0.04996766499243677
1.2472938845746238,-0.04709140417383451,0.022224067067999585,13.386556508738977,0.12253100550201863,-0.019488473231767667,0.9987149754802314,0.04994743596762419
1.266711614610916,-0.04736238518205593,0.02082017700598718,13.436582412554682,0.09374202195112173,-0.01727454702052505,0.9990066400967509,0.050075646955519915
1.266711614610916,-0.04736238518205593,0.02082017700598718,13.486488970006937,0.10373196110491963,-0.017516415061910002,0.9989024601855752,0.049961392069235444
1.2786066701559768,-0.04705874334031531,0.01813002380654551,13.53696042974119,0.08992813127189092,-0.0163643176478161,0.9990379016046299,0.05052006500773132
1.2786066701559768,-0.04705874334031531,0.01813002380654551,13.58640707006122,0.09999967053934822,-0.01669241301169697,0.9989330268759116,0.04949945490807295
1.2906719965943572,-0.04647008428153678,0.01774473348496808,13.636343695958391,0.08571852637709634,-0.018120207923757663,0.9990689231779494,0.04998316406272352
1.2906719965943572,-0.04647008428153678,0.01774473348496808,13.686341114588275,0.0956711997798445,-0.018356258827131218,0.9989647548716836,0.050049231853336096
1.2906719965943572,-0.04647008428153678,0.01774473348496808,13.736199410013441,0.10564812701052585,-0.01887481755582076,0.9988627126536225,0.04991506319493055
1.2906719965943572,-0.04647008428153678,0.01774473348496808,13.78612737961988,0.11559596244978027,-0.019400572865700422,0.998759228280332,0.04998999577946961
1.310078099109656,-0.045956729072756546,0.015084704963323365,13.836084853215874,0.0867736701444784,-0.018698395000430607,0.9990435692386734,0.050005300203338265
1.310078099109656,-0.045956729072756546,0.015084704963323365,13.886090232604607,0.09674819715399798,-0.018730976579519224,0.9989407453941949,0.050058403983712196
1.322449892626499,-0.04625823903754287,0.015172354030350195,13.935973012571587,0.08203056680346334,-0.018146846490751326,0.9990343693790901,0.04993099486455321
1.322449892626499,-0.04625823903754287,0.015172354030350195,13.985972031639808,0.09199274111772407,-0.018296929422889643,0.9989321797755989,0.05005246610380709
1.322449892626499,-0.04625823903754287,0.015172354030350195,14.035905884561025,0.10197221254017899,-0.018796276552499293,0.9988324765457762,0.049992220010608435
1.322449892626499,-0.04625823903754287,0.015172354030350195,14.085843405282912,0.11193702302853326,-0.01930221263649049,0.9987313177124275,0.05000095604918897
1.3425226679029019,-0.0460170242168934,0.01401931541959843,14.135810346956285,0.08179195963982534,-0.019098804385567707,0.9990316727349818,0.05001537292264402
1.3425226679029019,-0.0460170242168934,0.01401931541959843,14.185759213342166,0.09176622538236398,-0.019004760011545437,0.9989309174292097,0.05000232299789786
1.353558349731544,-0.04579378743554259,0.014500426025496078,14.235764628180087,0.07966494485145872,-0.020237318522876115,0.9990437560082236,0.05005327798426151
1.353558349731544,-0.04579378743554259,0.014500426025496078,14.285664164334875,0.08963195206494451,-0.02035387096399185,0.9989427742097071,0.04995234706439078
1.353558349731544,-0.04579378743554259,0.014500426025496078,14.335721642108805,0.09959165980598488,-0.020879166518888027,0.9988447243088157,0.050115374848246574
1.353558349731544,-0.04579378743554259,0.014500426025496078,14.385523881369439,0.10958070700974078,-0.021410600306613712,0.9987444704395423,0.04986484604887664
1.3713055051325869,-0.04629298770846485,0.010954601032088727,14.435459044763137,0.08414447593210245,-0.017420535814941185,0.9990059482798707,0.04998485092073679
1.3713055051325869,-0.04629298770846485,0.010954601032088727,14.485417753417085,0.09415150632872786,-0.017418832692699202,0.9989071607197051,0.05001336522400379
1.3832755542857054,-0.0462494762246982,0.009794547938264661,14.535382752416515,0.08021493542147098,-0.01696083446295849,0.9990459054444611,0.05001271585933864
1.3832755542857054,-0.0462494762246982,0.009794547938264661,14.58530158463168,0.0901969663342671,-0.017052625633979572,0.9989468032891312,0.049971461994573474
1.3832755542857054,-0.0462494762246982,0.009794547938264661,14.63526175679267,0.1001642938310388,-0.017495478029026446,0.9988496305444998,0.05001771100796759
1.3832755542857054,-0.0462494762246982,0.009794547938264661,14.68527921368275,0.11013836159347906,-0.017942941397602045,0.998750574989689,0.05008002812974155
1.4023269986508922,-0.04593272185892743,0.00845652037093352,14.735127019444684,0.08204520689082281,-0.018047712254194246,0.9990316456871069,0.0498961228877306
1.4023269986508922,-0.04593272185892743,0.00845652037093352,14.785166718937312,0.09199887204081648,-0.017873537520526343,0.9989337159685072,0.05009311297908425
1.4135937447304157,-0.045669440947550974,0.008509903256985593,14.835111924380932,0.07945908130739933,-0.019003064471588012,0.9990585247198766,0.04999227193184197
1.4135937447304157,-0.045669440947550974,0.008509903256985593,14.884950061247075,0.08941929404353352,-0.0190198163213616,0.9989597482006187,0.04989003506489098
1.4135937447304157,-0.045669440947550974,0.008509903256985593,14.934951695826049,0.09937136239525768,-0.019483026361181044,0.9988633023603857,0.05005853599868715
1.4135937447304157,-0.045669440947550974,0.008509903256985593,14.984862420747199,0.10935380683086339,-0.019949471302329946,0.9987646384527459,0.0499724589753896
1.4317630638509724,-0.0457895383078331,0.005442957466832458,15.034831958718147,0.08304881279304993,-0.017612384267159976,0.9990318253690319,0.05001796409487724
1.4317630638509724,-0.0457895383078331,0.005442957466832458,15.084743341132494,0.09306115328775762,-0.017425012786053917,0.9989348334809053,0.049964603036642075
1.442207036280415,-0.04635062221796466,0.006128049196889731,15.13471055394591,0.08218438205738951,-0.01679078991800576,0.9990478184963112,0.05001483601517975
1.442207036280415,-0.04635062221796466,0.006128049196889731,15.184630762482799,0.09216878845148167,-0.016832930698846553,0.9989484205882161,0.049972758861258626
1.442207036280415,-0.04635062221796466,0.006128049196889731,15.234605367500706,0.10213885224891985,-0.01724602276202628,0.9988519734640616,0.05003204313106835
1.442207036280415,-0.04635062221796466,0.006128049196889731,15.284504677580673,0.11211803100926614,-0.017662081843226266,0.9987536446276587,0.04996157996356487
1.4597162243232003,-0.045845811096713554,0.004135390382119323,15.334487590630815,0.08707869232710919,-0.01795610659091829,0.9990043131497479,0.05003272998146713
1.4597162243232003,-0.045845811096713554,0.004135390382119323,15.384464234053272,0.09706492781536186,-0.01773091588924728,0.9989073537156868,0.05003130994737148
1.4711184543338318,-0.045906015173181644,0.002231279173575138,15.434361953085366,0.08427961054979657,-0.016603742810059267,0.9990388580243332,0.0499457239639014
1.4711184543338318,-0.045906015173181644,0.002231279173575138,15.4845460647356,0.09426687142513451,-0.016562617951386412,0.9989416167799947,0.05023728194646537
1.4711184543338318,-0.045906015173181644,0.002231279173575138,15.534361499922737,0.10429184552957779,-0.016944592992846903,0.9988444661250242,0.04987306520342827
1.4711184543338318,-0.045906015173181644,0.002231279173575138,15.58429477398507,0.11424142117360427,-0.017326740354028487,0.998746841016278,0.04999592690728605
1.490082721776815,-0.045528311031023415,-0.0009129658658566987,15.634211332125517,0.08631987764952997,-0.016524347384237317,0.9990273042914362,0.04996515903621912
1.490082721776815,-0.045528311031023415,-0.0009129658658566987,15.684098013663238,0.09631520510630415,-0.016196931916525013,0.9989314123642646,0.04994004685431719
1.5010651766820227,-0.04611856980949154,-0.0020478884922777853,15.73404378886055,0.08436425699719124,-0.014241297609403132,0.9990555905175862,0.04999298905022442
1.5010651766820227,-0.04611856980949154,-0.0020478884922777853,15.784017057958804,0.0943668637821491,-0.01417121680723285,0.9989573532759817,0.050025427946820855
1.5010651766820227,-0.04611856980949154,-0.0020478884922777853,15.833959752492277,0.10435191133019425,-0.014485719425255632,0.9988606806481443,0.049999660113826394
1.5010651766820227,-0.04611856980949154,-0.0020478884922777853,15.883870761881703,0.11434218903228521,-0.014799844708063727,0.9988912236021801,0.04996641096659005
1.5182804350506411,-0.04634881958800802,-0.006075071009006865,15.933844752130554,0.08994071388623642,-0.011659687469755469,0.9991347637791096,0.05001726699993014
1.5182804350506411,-0.04634881958800802,-0.006075071009006865,15.983790586001257,0.09996572953057307,-0.011474933574143482,0.9990339423292302,0.049994131084531546
1.529440011888978,-0.045840061897105835,-0.006485809180559632,16.033796500052155,0.08763399408401425,-0.0131405644981485,0.9991541390177101,0.050048247911036015
1.529440011888978,-0.045840061897105835,-0.006485809180559632,16.08371512478874,0.09761229033040893,-0.01300652885221529,0.9990517704385579,0.04996600397862494
1.529440011888978,-0.045840061897105835,-0.006485809180559632,16.133667707740454,0.10758791104668738,-0.013270488263707815,0.9989509435448287,0.05000504106283188
1.529440011888978,-0.045840061897105835,-0.006485809180559632,16.183636065914804,0.11757112391710481,-0.013531973501825022,0.9988719834079787,0.050024786964058876
1.5488655628588495,-0.0459468047151906,-0.009760041540452302,16.233597273711624,0.08875014494229465,-0.011520230551761386,0.9991575098782849,0.05000333511270583
1.5488655628588495,-0.0459468047151906,-0.009760041540452302,16.283521528169945,0.09876747195946697,-0.011166435462501807,0.9990566087942475,0.049971397034823895
1.5609715504374224,-0.04647509981198999,-0.010242479666351506,16.333622102755115,0.08455473441567002,-0.00998519162938479,0.999196976895181,0.05014083883725107
1.5609715504374224,-0.04647509981198999,-0.010242479666351506,16.383486756140346,0.09457772440241989,-0.009811761140733573,0.9990935330989381,0.04990989505313337
1.5609715504374224,-0.04647509981198999,-0.010242479666351506,16.4333933757736,0.10454349189712188,-0.010002271395275856,0.9989925040816245,0.04995695105753839
1.5609715504374224,-0.04647509981198999,-0.010242479666351506,16.483439919925193,0.11451803488287104,-0.010189474367147188,0.9989056024328619,0.05010137497447431
1.58000791535041,-0.0461514386240013,-0.010879320561301283,16.533366167672465,0.08647159218392547,-0.011534298687989981,0.999181459618118,0.04996714787557721
1.58000791535041,-0.0461514386240013,-0.010879320561301283,16.58325855405,0.09643936959605263,-0.011096017485310944,0.999079108557798,0.04993837419897318
1.5920323354107315,-0.046782181220014186,-0.01064835661182011,16.633180511114997,0.08237970758155772,-0.010188559236369906,0.9992171723789157,0.04996106796897948
1.5920323354107315,-0.046782181220014186,-0.01064835661182011,16.68313544304385,0.09236190573356773,-0.009987973651805511,0.9991131859619099,0.04999927198514342
1.5920323354107315,-0.046782181220014186,-0.01064835661182011,16.733158474104155,0.1023459117707071,-0.010177770901764116,0.9990110593099504,0.05007254984229803
1.5920323354107315,-0.046782181220014186,-0.01064835661182011,16.78304667858837,0.11234345073861772,-0.010364681604201027,0.9989200585463537,0.04994213907048106
1.6114054092928365,-0.04821636710468705,-0.011005790984503773,16.833238700066154,0.08359785863696206,-0.006940711401171306,0.9992042623551377,0.05023199296556413
1.6114054092928365,-0.04821636710468705,-0.011005790984503773,16.88299696620584,0.0936457754892128,-0.006672714847108797,0.999099496252451,0.04980311403051019
1.6221624650070516,-0.04786153268635309,-0.010816171046467713,16.93294609565527,0.08209201914829342,-0.00832741593181337,0.9992110892502423,0.04998856596648693
1.6221624650070516,-0.04786153268635309,-0.010816171046467713,16.98286855201185,0.09206170234769961,-0.00821792521503882,0.9991066387505593,0.0499670950230211
1.6221624650070516,-0.04786153268635309,-0.010816171046467713,17.032852072458553,0.1020386921862995,-0.00837875009350245,0.9990037708513759,0.050033365143463016
1.6221624650070516,-0.04786153268635309,-0.010816171046467713,17.08281401063099,0.1120282213784012,-0.00853753577989822,0.998910824226183,0.05001641483977437
1.6405023386819777,-0.04838962565736214,-0.013014715937702074,17.132716873006895,0.08536503961959388,-0.00619414345543616,0.9991728018539915,0.04994417610578239
1.6405023386819777,-0.04838962565736214,-0.013014715937702074,17.182709998157158,0.09535532403364672,-0.005986874572175546,0.9990689445252489,0.050039714900776744
1.6405023386819777,-0.04838962565736214,-0.013014715937702074,17.232657846350804,0.10534659366617392,-0.006097739534455414,0.9989649733303534,0.04999959911219776
1.65119864588449,-0.04842478652814266,-0.016106532262942747,17.282587530190145,0.09395913445535156,-0.004209357870801667,0.9990730950246459,0.0499760068487376
1.65119864588449,-0.04842478652814266,-0.016106532262942747,17.33260121586632,0.10395481220174649,-0.004113412424997677,0.9989702546529727,0.05006524012424052
1.65119864588449,-0.04842478652814266,-0.016106532262942747,17.38246679750903,0.11395124150316699,-0.0041710718154821394,0.9988760115818837,0.0499216930475086
1.671697246325899,-0.048085039904011716,-0.01530888786890338,17.43246154093169,0.08295824845873717,-0.006831152066692045,0.999180058669282,0.05003576981835067
1.671697246325899,-0.048085039904011716,-0.01530888786890338,17.482394173510286,0.0929286724372572,-0.00641859069557226,0.9990746006253033,0.049978883005678654
1.683503023511288,-0.04808519807861073,-0.016959248056350178,17.532433382474114,0.07931905781308807,-0.005867893996212136,0.999205491441849,0.05007899715565145
1.683503023511288,-0.04808519807861073,-0.016959248056350178,17.58229995834504,0.08933038583869002,-0.005670942744323065,0.999099985778792,0.04991149692796171
1.683503023511288,-0.04808519807861073,-0.016959248056350178,17.63226471273352,0.09929696015676134,-0.005749569203634414,0.9989955673124813,0.05001499108038843
1.683503023511288,-0.04808519807861073,-0.016959248056350178,17.68222126322635,0.10928360729619783,-0.005823182247030875,0.9989006855597228,0.050011528888717294
1.7001418035171036,-0.04747945473771134,-0.015500094226473011,17.73215034343451,0.0860244434526429,-0.009615455769148152,0.9991271470927617,0.04997269902378321
1.7001418035171036,-0.04747945473771134,-0.015500094226473011,17.782166872569952,0.09595928297097206,-0.009147469519396335,0.9990208659175505,0.05006555002182722
1.711314630000744,-0.04771354510891503,-0.01611290573029131,17.83213489775191,0.08362667105839129,-0.00874393886666466,0.9991383549913447,0.05001111701130867
1.711314630000744,-0.04771354510891503,-0.01611290573029131,17.882025407123113,0.09362019887173877,-0.008483976675722978,0.9990318617336329,0.04993885708972812
1.711314630000744,-0.04771354510891503,-0.01611290573029131,17.931942701209955,0.10359226306702021,-0.00860735055071787,0.9989264999175042,0.04997093789279461
1.711314630000744,-0.04771354510891503,-0.01611290573029131,17.981920070738013,0.1135695700942169,-0.008724602540887682,0.998831290747053,0.05003584688529372
1.7296107458888303,-0.04789798238613977,-0.017244824781627692,18.031843156136464,0.08699256924940088,-0.008409977305804815,0.9990899311966456,0.049968560226261616
1.7296107458888303,-0.04789798238613977,-0.017244824781627692,18.081814017600102,0.0969790629397809,-0.007923181436159357,0.9989841101919616,0.050021677976474166
1.7432241457180933,-0.04891849583130216,-0.017399212004986574,18.131814085049008,0.07974397587845548,-0.0058041746693269424,0.9991496752193876,0.05004261992871761
1.7432241457180933,-0.04891849583130216,-0.017399212004986574,18.181696538990863,0.08974984227762636,-0.005509207429658511,0.999041904120376,0.04993029194884002
1.7432241457180933,-0.04891849583130216,-0.017399212004986574,18.231739328829416,0.09971987685422674,-0.005578806269854734,0.9989359403096232,0.05009609507396817
1.7432241457180933,-0.04891849583130216,-0.017399212004986574,18.28161575928781,0.10972215576559011,-0.005642500527827819,0.9988401057479238,0.04993434902280569
1.7610143727847383,-0.049342909803670607,-0.018885648533938284,18.33156595859454,0.08413102089088353,-0.004317816702166776,0.9990884117254392,0.04999577486887574
1.7610143727847383,-0.049342909803670607,-0.018885648533938284,18.381509350791866,0.09412630795600185,-0.003988702846837178,0.9989817487361622,0.04999429895542562
1.7716265271615117,-0.049003336670012373,-0.020468950356175453,18.432271410546225,0.0829140584640792,-0.004387461180987584,0.9990874072448561,0.0508084271568805
1.7716265271615117,-0.049003336670012373,-0.020468950356175453,18.481417606401426,0.09306514679659471,-0.004159971720456829,0.9989781357365576,0.04919646796770394
1.7716265271615117,-0.049003336670012373,-0.020468950356175453,18.531407059392823,0.10288788170614033,-0.004187348724470666,0.9988741111530361,0.05004579899832606
1.7716265271615117,-0.049003336670012373,-0.020468950356175453,18.581336555129432,0.11287958253241706,-0.004202832391085891,0.9987778435977349,0.04999059205874801
1.7905241748784175,-0.050461374240902704,-0.021414509305194864,18.631261911214658,0.08504862303951154,-0.00048538490121219965,0.9990469265701918,0.04997298400849104
1.7905241748784175,-0.050461374240902704,-0.021414509305194864,18.681221837969908,0.09503693263089484,-0.00021074159477245066,0.998939431269236,0.05001296894624829
1.7905241748784175,-0.050461374240902704,-0.021414509305194864,18.731182617736707,0.10502134389376147,-0.00016625954322170656,0.998832844326776,0.05001915991306305
1.7998010581132464,-0.050449649267060546,-0.02081557212302885,18.781115093202033,0.09647081366753274,-0.0011638717299915938,0.9989101014692466,0.04998695617541671
1.7998010581132464,-0.050449649267060546,-0.02081557212302885,18.83104460101992,0.10644398656301983,-0.001002670801166292,0.9988031032659432,0.049989339895546436
1.7998010581132464,-0.050449649267060546,-0.02081557212302885,18.880985358295884,0.11642347960627887,-0.0009689466697252726,0.998707464734884,0.05000539100728929
1.7998010581132464,-0.050449649267060546,-0.02081557212302885,18.930904270125037,0.12640387549917836,-0.0009311040281408935,0.9985998683857179,0.0499889028724283
1.819322142247507,-0.05156634409039355,-0.02188797156380765,18.98084974622864,0.09732841492013294,0.002023305073249389,0.998881370845689,0.05000140913762152
1.819322142247507,-0.05156634409039355,-0.02188797156380765,19.03082732247234,0.10731185746321645,0.0021833410027132603,0.9987748781262749,0.0500388799700886
1.830832467831132,-0.05161073395672853,-0.02206968027368667,19.080707696712025,0.09430021489636208,0.00184801057525228,0.9988964212449494,0.04993548197671771
1.830832467831132,-0.05161073395672853,-0.02206968027368667,19.130684173982026,0.10426759623551546,0.0019894815145036285,0.9987895601838438,0.05003704410046339
1.8409035412524484,-0.051471347832451664,-0.020692409884955524,19.18061825906543,0.09414407981613875,3.5596709086630277e-05,0.9988957474694466,0.04998928587883711
1.8409035412524484,-0.051471347832451664,-0.020692409884955524,19.23053493414444,0.10411452481505909,0.000195552006412405,0.9987880910581948,0.049977242946624756
1.850208543606948,-0.05120941545400131,-0.020651989699873464,19.280479202969307,0.09550984266133064,-0.0010596922061045927,0.9988665934762129,0.0500009402167052
1.850208543606948,-0.05120941545400131,-0.020651989699873464,19.330450922806733,0.10548643773057596,-0.0008913946735389608,0.9987602565795138,0.05003374884836376
1.8595354811516704,-0.05171058180850847,-0.020675743021455525,19.380385123768725,0.09681625085037654,3.505588346600498e-05,0.9988378614419635,0.04999229894019663
1.8595354811516704,-0.05171058180850847,-0.020675743021455525,19.430342757376643,0.10678178521232505,0.00018890162355248352,0.9985799446506429,0.050028677098453045
1.8691242240932282,-0.052058942335475054,-0.02042873557970485,19.480294512739846,0.09759315199566815,0.00048795288757784596,0.9986794574783117,0.0500178060028702
1.8691242240932282,-0.052058942335475054,-0.02042873557970485,19.53068109993084,0.10757547245838621,0.0006358992257199151,0.9985768922805965,0.050458394922316074
1.878872036248743,-0.05301138299117786,-0.021095608431214805,19.580108115846265,0.09812591426169426,0.003353198251354431,0.9986672242707253,0.04949297895655036
1.878872036248743,-0.05301138299117786,-0.021095608431214805,19.630039805228993,0.10800272850117232,0.003458410220984093,0.998568357330662,0.05000327620655298
1.8885793175141459,-0.05433596850510557,-0.020520637274828262,19.67997184901882,0.09851862125204594,0.006338308880631154,0.9986588345860858,0.04999910085462034
1.8885793175141459,-0.05433596850510557,-0.020520637274828262,19.729864439840785,0.10848799609081675,0.006382783309838457,0.9985444270070628,0.04996531899087131
1.8997485758566308,-0.05529138255317827,-0.02161360646525694,19.77981207610962,0.09608694669299352,0.009492026312121142,0.9986795236424013,0.05001367814838886
1.8997485758566308,-0.05529138255317827,-0.02161360646525694,19.829780813427295,0.1060473868864346,0.00945178106401281,0.9985802554377333,0.05003978102467954
1.9114249886637746,-0.055462836820238816,-0.021383517729866408,19.8798738698087,0.09269800549193186,0.009346021990595813,0.9987144198470238,0.05015753791667521
1.9114249886637746,-0.055462836820238816,-0.021383517729866408,19.929778400206168,0.10270972186109523,0.009300003559863202,0.9986167786025736,0.04997365502640605
1.9114249886637746,-0.055462836820238816,-0.021383517729866408,19.979983677153704,0.11268285354513878,0.009499761188804755,0.9985177945447044,0.05027980194427073
1.9222438751843056,-0.05540282846496377,-0.019575140820729267,20.029732441641798,0.10111628999251318,0.007561954795623911,0.9986346255282559,0.04981678305193782
1.9222438751843056,-0.05540282846496377,-0.019575140820729267,20.079692521890273,0.11107252694591414,0.007558220923951616,0.9985503117857087,0.050032611936330795
1.9319197623628686,-0.05556031671127447,-0.019256129262953805,20.129347577824625,0.10171853732332509,0.007448209605548673,0.9986464028042804,0.049722359981387854
1.9319197623628686,-0.05556031671127447,-0.019256129262953805,20.17950652377815,0.11164320299266126,0.007452865301008256,0.9985501808354516,0.05023177294060588
1.943552887064406,-0.055317954477365504,-0.018983919683074463,20.229549100903824,0.09844183861963215,0.006149330530791298,0.9986865261744514,0.05010839318856597
1.943552887064406,-0.055317954477365504,-0.018983919683074463,20.27928253057213,0.1084467691852853,0.0061536635040980135,0.9985890760257966,0.049803698901087046
1.9540666786416865,-0.056296555163977434,-0.01820747016293423,20.329284452434948,0.0973304898197424,0.007971175894655362,0.9987077800368376,0.050066618947312236
1.9540666786416865,-0.056296555163977434,-0.01820747016293423,20.379176695647384,0.10731876540680596,0.007948290805499957,0.998623172197157,0.04996103094890714
1.96393653973439,-0.05577947093088149,-0.015950739529277558,20.429008646792102,0.0976097557025037,0.004483558972817716,0.9987248590188476,0.04989557503722608
1.96393653973439,-0.05577947093088149,-0.015950739529277558,20.48079403355278,0.1075803245985302,0.004500077853520428,0.9986291132812953,0.05185647611506283
1.975106572656032,-0.05597441099047724,-0.014395142212929457,20.528924302672856,0.09560636653387078,0.0035065733356420773,0.9987525750176468,0.048190383007749915
1.975106572656032,-0.05597441099047724,-0.014395142212929457,20.578938088756345,0.10522976500734284,0.0035149263583698384,0.998662822658922,0.050080752931535244
1.9862544161004767,-0.056524393630815795,-0.014308730766033962,20.62870048275257,0.09292979120692581,0.004658361061688022,0.9987951426508568,0.049822422908619046
1.9862544161004767,-0.056524393630815795,-0.014308730766033962,20.678795109112688,0.10287326893425103,0.004631625615656117,0.9987109322310154,0.05015928507782519
1.9862544161004767,-0.056524393630815795,-0.014308730766033962,20.72864950452767,0.11288526394988417,0.004723436103946996,0.9986142712611122,0.049923575948923826
1.9862544161004767,-0.056524393630815795,-0.014308730766033962,20.778809635621105,0.12284916869582764,0.004815545611855982,0.9985183323500709,0.05023456201888621
2.0070324239422095,-0.05672447871196818,-0.013463758476592544,20.828456429319665,0.09135034333303894,0.004048518205983404,0.9988382076039883,0.04970454005524516
2.0070324239422095,-0.05672447871196818,-0.013463758476592544,20.87845957266946,0.10127499827645682,0.003959318407718966,0.9987427668897944,0.050066088093444705
2.0173741962028173,-0.05738018656074769,-0.012941649302209255,20.92831730400859,0.09058098829470768,0.005134381317674328,0.9988612427002103,0.049914571922272444
2.0173741962028173,-0.05738018656074769,-0.012941649302209255,20.978283594362477,0.10054404806871398,0.005091980813161719,0.9987761797327822,0.05002751504071057
2.0264364676357407,-0.05735873974018062,-0.013075736054454338,21.02819533805231,0.09242259022605369,0.00493647709163847,0.9988604596333674,0.049968685023486614
2.0264364676357407,-0.05735873974018062,-0.013075736054454338,21.078224374812066,0.102397641890325,0.004911253508526262,0.9987637842362236,0.050090959994122386
2.0264364676357407,-0.05735873974018062,-0.013075736054454338,21.128157672314487,0.1123966224736895,0.0050054506469956956,0.99866842778809,0.04999987594783306
2.0264364676357407,-0.05735873974018062,-0.013075736054454338,21.178298228817635,0.12237612969180074,0.005099075751365029,0.998571235456651,0.050212298054248095
2.0464170972382343,-0.057351046664703614,-0.013345377031473545,21.228007993124855,0.09247211497371952,0.004716895726723484,0.9988816409801577,0.049765419913455844
2.0464170972382343,-0.057351046664703614,-0.013345377031473545,21.277954967570924,0.10240745244514171,0.004579824525623051,0.9987958602853821,0.050007190089672804
2.059276319315814,-0.05789366456980715,-0.014315159913139168,21.32790838284584,0.08671312919596821,0.006507152430989457,0.9993734939169999,0.04998473101295531
2.059276319315814,-0.05789366456980715,-0.014315159913139168,21.377900862709225,0.0966824752594444,0.006418940559277621,0.9992497487759812,0.05003001494333148
2.0698314269059392,-0.057599553514153835,-0.014823159443369609,21.427751379595076,0.08559269065247482,0.005743440994558374,0.9993366939866228,0.04988360498100519
2.0698314269059392,-0.057599553514153835,-0.014823159443369609,21.47774682486221,0.09555350090816647,0.00572218470493668,0.9992108148265365,0.050034932093694806
2.0698314269059392,-0.057599553514153835,-0.014823159443369609,21.52780932693121,0.10554331238436732,0.0058470834271445345,0.9990935776598681,0.05010792100802064
2.0698314269059392,-0.057599553514153835,-0.014823159443369609,21.577681956697027,0.11556076307026433,0.005975601836044135,0.9991209320102122,0.049916509771719575
2.0872797781186527,-0.05754087043016141,-0.014244920935506868,21.627614207838626,0.09066597110872462,0.0048359635163681474,0.999346962037326,0.04996488010510802
2.0872797781186527,-0.05754087043016141,-0.014244920935506868,21.677592052481508,0.10064526255253181,0.004779601708862391,0.9992229744250243,0.050016708904877305
2.0984025292954183,-0.058087948185715714,-0.013712847985407891,21.727553972068115,0.08838470259111209,0.005629312813527511,0.9993226323631084,0.04999578511342406
2.0984025292954183,-0.058087948185715714,-0.013712847985407891,21.77748237552509,0.09836450391396356,0.005605617212071924,0.9991984031882138,0.04996845801360905
2.0984025292954183,-0.058087948185715714,-0.013712847985407891,21.827435293153123,0.10834106810091898,0.005723764977063021,0.9990831114011398,0.0499987609218806
2.0984025292954183,-0.058087948185715714,-0.013712847985407891,21.877420036631264,0.11833556908852233,0.005844773363587147,0.9991002656905251,0.05002975696697831
2.1184609052925127,-0.058602997069780394,-0.014452361357283254,21.92732317906908,0.0882185960043025,0.00733652728760493,0.9993772098873839,0.049934240989387035
2.1184609052925127,-0.058602997069780394,-0.014452361357283254,21.97737566510973,0.09817876636204863,0.007110644920524908,0.9992528843294048,0.05008990899659693
2.1303291253084784,-0.05897100681245025,-0.013784654076481856,22.02735341882964,0.08445072093850606,0.007385156978158027,0.9993668513512891,0.05000941711477935
2.1303291253084784,-0.05897100681245025,-0.013784654076481856,22.077241516562463,0.09443592050615915,0.007304781185269205,0.9992423139861528,0.049925925908610225
2.1303291253084784,-0.05897100681245025,-0.013784654076481856,22.127201922997134,0.1044043701736825,0.007451662885225771,0.9991266988985033,0.05000407504849136
2.1303291253084784,-0.05897100681245025,-0.013784654076481856,22.177163738308725,0.11439938762533397,0.007600169161912404,0.9991368514621152,0.050004977034404874
2.149359529864743,-0.05922516017036119,-0.01366046850312571,22.227091268943024,0.08634487705802761,0.007752943463935163,0.9993927607240827,0.049957867013290524
2.149359529864743,-0.05922516017036119,-0.01366046850312571,22.277092234125735,0.0963182918164977,0.007511219125801837,0.9992677964335545,0.05003760289400816
2.1615772503092123,-0.05906412206597898,-0.011706351518578951,22.327152541797094,0.08191084241426898,0.005375373814202862,0.9993885824035792,0.05009093414992094
2.1615772503092123,-0.05906412206597898,-0.011706351518578951,22.377470647503028,0.09192502930391372,0.005307755171637681,0.9992630709259714,0.05035521392710507
2.1615772503092123,-0.05906412206597898,-0.011706351518578951,22.427877039250117,0.10197931213733145,0.005411718131380522,0.9991452382289688,0.050449514063075185
2.1615772503092123,-0.05906412206597898,-0.011706351518578951,22.47750989891231,0.1120632829186778,0.005517651034102178,0.9991502340898231,0.04967507184483111
2.1615772503092123,-0.05906412206597898,-0.011706351518578951,22.527019691818865,0.12197965250211805,0.005620997249853582,0.9990264905535887,0.04955803812481463
2.1615772503092123,-0.05906412206597898,-0.011706351518578951,22.57696957251628,0.13187127515597413,0.005723685173905859,0.9989016014466247,0.05000480590388179
2.1794258739512324,-0.059517746033702856,-0.011067453336097289,22.626905045751265,0.1061698885999793,0.006117320357081165,0.9991333554293598,0.04997878707945347
2.1794258739512324,-0.059517746033702856,-0.011067453336097289,22.676878812623713,0.11614493604859691,0.005925644277790066,0.9990070812381174,0.050023436080664396
2.1914063389420937,-0.059925297349505864,-0.011222252902796914,22.72687673513913,0.10217515842031169,0.006999038791350216,0.9991283174687506,0.05004154285416007
2.1914063389420937,-0.059925297349505864,-0.011222252902796914,22.77856611512707,0.11216992870477888,0.0068624282213429,0.9991320254056657,0.0517342840321362
2.2028291906982633,-0.06039802334042374,-0.01158271422880438,22.826860422168153,0.09965216488368259,0.008307692622116237,0.9992282463944319,0.0483316071331501
2.2028291906982633,-0.06039802334042374,-0.01158271422880438,22.876721735192326,0.10928896229000873,0.0081507811505834,0.9991076202788574,0.04990584799088538
2.213628924159287,-0.06051282940455689,-0.011191504045508897,22.926790732583104,0.09766774455207056,0.008031741391697881,0.9991970046904871,0.05010923487134278
2.213628924159287,-0.06051282940455689,-0.011191504045508897,22.976612299996244,0.10767267968285174,0.007881234662704859,0.9990688906781487,0.04986799997277558
2.223432355580466,-0.06103716801090389,-0.011650378226651742,23.02654366876265,0.098015172484434,0.009602549780991142,0.9991457709958851,0.049974058056250215
2.223432355580466,-0.06103716801090389,-0.011650378226651742,23.076442881064594,0.1079865312151653,0.009446495021741714,0.9991479321380273,0.04994176607578993
2.233278363068139,-0.06126478586348478,-0.012543300383224213,23.12643293165668,0.09826816291366393,0.010681002259812923,0.99921723095647,0.05002921191044152
2.233278363068139,-0.06126478586348478,-0.012543300383224213,23.17670957749902,0.10823927931087524,0.010505562043678883,0.9990882752569804,0.05032252613455057
2.2440339295161698,-0.06164707528534328,-0.012458456182901258,23.226314947288827,0.09677504646765765,0.011413643087400465,0.9991749633149751,0.04964632983319461
2.2535167545265966,-0.061760720626983345,-0.010534297808432142,23.27622679486114,0.08773177815756297,0.009833459539234635,0.9992367252983353,0.049949973123148084
2.2535167545265966,-0.061760720626983345,-0.010534297808432142,23.326460775472803,0.09772692157171146,0.009643008523641007,0.9991172101071003,0.05027836584486067
2.2535167545265966,-0.061760720626983345,-0.010534297808432142,23.376522133950832,0.10777707998563693,0.009792381903750116,0.9991173331250583,0.05010558501817286
2.263517010494947,-0.06230833975304169,-0.010146253840814124,23.4261737000092,0.0977734678545703,0.010974930782548431,0.999187857867239,0.04969192296266556
2.263517010494947,-0.06230833975304169,-0.010146253840814124,23.476316597176343,0.10768213518167555,0.010724736814561228,0.9990597558012048,0.05019008810631931
2.263517010494947,-0.06230833975304169,-0.010146253840814124,23.526110969864792,0.11770182516665223,0.010877684961475825,0.9989306163797529,0.049847678979858756
2.263517010494947,-0.06230833975304169,-0.010146253840814124,23.57614280013723,0.1276499995711262,0.011026706938708754,0.9988004720259022,0.0500919169280678
2.2844494937750097,-0.06282317028886272,-0.00952253981589119,23.625938066506265,0.09579822926612774,0.011742286101483151,0.9990957577602545,0.04984033410437405
2.2844494937750097,-0.06282317028886272,-0.00952253981589119,23.676027942400864,0.1057530721433681,0.010990734376092494,0.9990978340312646,0.05013510608114302
2.2964609633055675,-0.06346898793422867,-0.010403624726798113,23.725892863545663,0.09173008560095931,0.013417504751377157,0.9992066909578177,0.04990451084449887
2.2964609633055675,-0.06346898793422867,-0.010403624726798113,23.776740421017955,0.10165170403388582,0.012966809837365312,0.9990756668787203,0.050894601037725806
2.3078424297320574,-0.06303490589974212,-0.008215383285408027,23.82582067512818,0.08910529534788171,0.0100659606912418,0.9991700901443735,0.04912102012895048
2.3078424297320574,-0.06303490589974212,-0.008215383285408027,23.875756322895093,0.09895935665098507,0.009691332235295481,0.9990423827099195,0.04998351284302771
2.3078424297320574,-0.06303490589974212,-0.008215383285408027,23.925722088892606,0.10893937319519895,0.009801459602520775,0.9989180280377302,0.050019886111840606
2.3078424297320574,-0.06303490589974212,-0.008215383285408027,23.975662895347664,0.11892321673299923,0.009905563717979828,0.9987930964547062,0.0500011530239135
2.3245118904966455,-0.06325682918746162,-0.005388943229382639,24.02553564469065,0.09560572527683743,0.008166273976080248,0.9991182385184774,0.049916764022782445
2.3245118904966455,-0.06325682918746162,-0.005388943229382639,24.07554563138609,0.10560406560775802,0.007576659342875277,0.9989887400703368,0.05006061098538339
2.3356831866078664,-0.06310745414435462,-0.005806846470281115,24.12547807324706,0.09327659250352874,0.007415822932222815,0.9990801816833876,0.04997841292060912
2.3356831866078664,-0.06310745414435462,-0.005806846470281115,24.175440519956414,0.10325283505716791,0.00699283252596845,0.9989459956345024,0.05001516290940344
2.345922163335148,-0.0625748643292074,-0.004055541567561686,24.225377066670323,0.09279446669421912,0.004092616135088186,0.9990243859117622,0.04998531308956444
2.345922163335148,-0.0625748643292074,-0.004055541567561686,24.275271246662765,0.10280544498920012,0.0037349008688718397,0.9988982407303579,0.04994921199977398
2.345922163335148,-0.0625748643292074,-0.004055541567561686,24.325241066524395,0.11278890093942485,0.0037069722899193574,0.9988918764775164,0.050025254022330046
2.345922163335148,-0.0625748643292074,-0.004055541567561686,24.375170244330473,0.12277359667129617,0.0036682845745645253,0.998758361326982,0.049991248873993754
2.3655479789175016,-0.06208950601687895,-0.0032155337711484437,24.425084125389386,0.0935346452873898,0.00136856957315875,0.9990170520127039,0.04996299208141863
2.3655479789175016,-0.06208950601687895,-0.0032155337711484437,24.475058362145283,0.10352605432634845,0.0007733758604512613,0.9988818096529604,0.05003018002025783
2.3764284327001013,-0.06276109450300006,-0.0041551172951636165,24.525087467546918,0.09176759108229496,0.0031865679091368352,0.9989723050520826,0.0500805729534477
2.3764284327001013,-0.06276109450300006,-0.0041551172951636165,24.575069042761342,0.10173657678449219,0.002752601731142867,0.9988432367853306,0.05003945901989937
2.3868320708769923,-0.0630537527037447,-0.004658349592828644,24.624978528427764,0.09094410915325463,0.003783404649530462,0.9990456370177397,0.049957162933424115
2.3868320708769923,-0.0630537527037447,-0.004658349592828644,24.674878242958545,0.10090318506251304,0.00333231658287711,0.9989110481525368,0.04995411215350032
2.3868320708769923,-0.0630537527037447,-0.004658349592828644,24.724968369940903,0.11087678398159696,0.003271912741435734,0.9987765877094055,0.05015148292295635
2.3868320708769923,-0.0630537527037447,-0.004658349592828644,24.774744334008776,0.12088634412133074,0.0031998821601042678,0.9986388893133259,0.04984380700625479
2.4063522205365904,-0.06302303602886129,-0.0048608773792419,24.82469295092493,0.09182354694363462,0.002959663635130029,0.9989009974102404,0.05000357097014785
2.4063522205365904,-0.06302303602886129,-0.0048608773792419,24.874558039822848,0.10180611958218994,0.002131386461120733,0.9987703876301339,0.049926479114219546
2.4175564906418936,-0.06323422735786327,-0.005229775721930001,24.92457808050688,0.08939468277112621,0.0027636145548797057,0.9989902231624197,0.050070600816980004
2.4175564906418936,-0.06323422735786327,-0.005229775721930001,24.974527902127576,0.0993809310481917,0.0022179834198583865,0.9988540140497562,0.05000712908804417
2.4175564906418936,-0.06323422735786327,-0.005229775721930001,25.024476771379877,0.1093659539152539,0.0021156962001899417,0.9987180595908034,0.05001298291608691
2.4175564906418936,-0.06323422735786327,-0.005229775721930001,25.074393113754745,0.11934829030667407,0.0020008286275910317,0.9985794484040265,0.04998735198751092
2.4370207289683696,-0.06331476391266862,-0.0034004152335797956,25.12429722361288,0.09042404936097861,0.0003824958315421852,0.9988374160928843,0.049962195102125406
2.4370207289683696,-0.06331476391266862,-0.0034004152335797956,25.178147281983865,0.10041784425642314,-0.00046657968779849086,0.9987066605442805,0.05391979496926069
2.448157813329087,-0.0638917489595012,-0.004304853972042311,25.224296214368447,0.0889411582162654,0.0015044818506967138,0.9989138611244829,0.046199111035093665
2.448157813329087,-0.0638917489595012,-0.004304853972042311,25.274185794739548,0.09813489728812738,0.0008970971628028736,0.9987913170071121,0.049949954031035304
2.448157813329087,-0.0638917489595012,-0.004304853972042311,25.324138891992146,0.10810894396802698,0.0007159137455231636,0.9986524586185574,0.05002050194889307
2.448157813329087,-0.0638917489595012,-0.004304853972042311,25.37433367709501,0.11809353632568742,0.0005354099959853077,0.9985124990807558,0.05026956112124026
2.448157813329087,-0.0638917489595012,-0.004304853972042311,25.424019688936156,0.1281273667953938,0.00034024591116556605,0.9983810021406031,0.04976658383384347
2.4676216491646015,-0.06413746903656169,-0.004638992364926056,25.473891984975783,0.09916082681757399,0.0008431502603193178,0.9986372950893009,0.049940349999815226
2.4676216491646015,-0.06413746903656169,-0.004638992364926056,25.52387286649432,0.10913317293751887,-0.0002592416638165096,0.9986362287804216,0.05004913709126413
2.4801881294500707,-0.06444923739482361,-0.00506275070566041,25.573756685721474,0.0940162794380363,0.0005445907252890304,0.9987493206221693,0.04994628601707518
2.4801881294500707,-0.06444923739482361,-0.00506275070566041,25.6237315601043,0.10397241525255135,-0.00029294990209682696,0.9986118612282091,0.05004434287548065
2.4905638973518927,-0.0641839341877841,-0.0049242462023254,25.67356918122093,0.09322977480874337,-0.0015524192849578305,0.99867775190629,0.049903606064617634
2.5005484811812257,-0.06371450609149536,-0.005639534726593191,25.72359125306292,0.0832528615682945,-0.003242152521691957,0.9987467625210753,0.050084840040653944
2.5005484811812257,-0.06371450609149536,-0.005639534726593191,25.773453889108993,0.09326778907683096,-0.003959192917861863,0.9986110133662988,0.049931990914046764
2.5005484811812257,-0.06371450609149536,-0.005639534726593191,25.823452655413828,0.10325219708644046,-0.004262593456604478,0.9986106429988801,0.050068329088389874
2.5005484811812257,-0.06371450609149536,-0.005639534726593191,25.87331532288138,0.11324747479647738,-0.0045870599226048685,0.9984717442974292,0.049938987009227276
2.518383940218212,-0.06358942230573525,-0.006659951135070283,25.92329976476714,0.08757173822760507,-0.004893419809452486,0.9986904270854563,0.05004998599179089
2.518383940218212,-0.06358942230573525,-0.006659951135070283,25.973192894652964,0.09756425107443337,-0.005977145940269244,0.9985486409628147,0.04996564798057079
2.527881268235578,-0.06359540334253273,-0.007573514781446647,26.02313898488712,0.08856573856653426,-0.005880198722141585,0.9986078037279219,0.050015721935778856
2.527881268235578,-0.06359540334253273,-0.007573514781446647,26.07302347219316,0.0985458060452794,-0.006638727692835651,0.9984719859498223,0.049960828153416514
2.527881268235578,-0.06359540334253273,-0.007573514781446647,26.12298374402681,0.10853505144800434,-0.007027450869610757,0.9984723817276744,0.05003670882433653
2.527881268235578,-0.06359540334253273,-0.007573514781446647,26.172927218408017,0.11852314342581376,-0.007438129873772535,0.9983333206705387,0.05002685310319066
2.527881268235578,-0.06359540334253273,-0.007573514781446647,26.222996070895213,0.12850798530257915,-0.007868685980510198,0.9981943070155296,0.050159425009042025
2.5468924498800583,-0.06421383354059479,-0.007960896250044477,26.273068061946507,0.10053118108277653,-0.00679094556840237,0.9984328197495089,0.05015058605931699
2.5468924498800583,-0.06421383354059479,-0.007960896250044477,26.3242033087324,0.11052335789319515,-0.008049766907681132,0.9983020809076492,0.05122221796773374
2.5468924498800583,-0.06421383354059479,-0.007960896250044477,26.380452133926326,0.12075166590303069,-0.008528955476796175,0.9981621936088395,0.056352389976382256
2.5579846858268724,-0.06420829793111713,-0.007187830056191375,26.422788528213477,0.10983217050419035,-0.01010145146488031,0.9983626836463964,0.04240582603961229
2.5579846858268724,-0.06420829793111713,-0.007187830056191375,26.472499976313625,0.11831353225908342,-0.010944300086926173,0.9982533822439875,0.04979842691682279
2.5693194364835747,-0.06426465878699511,-0.007584074663330559,26.522311655388105,0.10559883139401077,-0.01142238592308406,0.9983381398721121,0.04989459691569209
2.5693194364835747,-0.06426465878699511,-0.007584074663330559,26.573149826048656,0.11555649589713375,-0.012436350718952592,0.9981967509133846,0.05093001015484333
2.581062238467297,-0.06428369639942809,-0.007273179940253971,26.62232919811358,0.10224263660574857,-0.013643926919372293,0.9982965443025631,0.04926328989677131
2.581062238467297,-0.06428369639942809,-0.007273179940253971,26.67208544712532,0.11208055029180695,-0.014687730491121093,0.9981643489805345,0.04984775208868086
2.5912750970462914,-0.06501948391049511,-0.00888915311524349,26.72195781019135,0.10166873181851717,-0.01233742894379461,0.9983734744384206,0.0499536138959229
2.5912750970462914,-0.06501948391049511,-0.00888915311524349,26.771966756541282,0.11159664113642209,-0.013413591750389274,0.9982350234536236,0.05009736702777445
2.603517693315819,-0.06484092379481612,-0.009190335227373685,26.821863264786845,0.09711696313310135,-0.014846215173529975,0.9983400839141561,0.049979469971731305
2.603517693315819,-0.06484092379481612,-0.009190335227373685,26.872035844561996,0.10710035874266109,-0.016023776653213553,0.9981992277910755,0.05026309215463698
2.614187902516648,-0.06462151216161285,-0.01011395198227003,26.921544126266447,0.09579200558217729,-0.017117082140603933,0.9982820698598162,0.049593479838222265
2.614187902516648,-0.06462151216161285,-0.01011395198227003,26.972170964516973,0.10568780101726875,-0.01824066202082337,0.9981482189632079,0.05072076199576259
2.6245178359123784,-0.0642596171858211,-0.011375676450307829,27.021608370277335,0.09515951234737619,-0.019594743272594063,0.9983525058766329,0.049518988002091646
2.6245178359123784,-0.0642596171858211,-0.011375676450307829,27.071436715552665,0.10504161621051765,-0.020705807977131396,0.9982160956279108,0.0499173931311816
2.6361208041200004,-0.0647736311676859,-0.0129526058946575,27.121306802335383,0.09183657130362619,-0.019474976888244972,0.9983140542821272,0.04995430703274906
2.6361208041200004,-0.0647736311676859,-0.0129526058946575,27.171312383682,0.10177573813481873,-0.020687828976404962,0.998173894265096,0.050097063882276416
2.645709710238758,-0.06503242585343039,-0.01331288225887612,27.22111251994897,0.09258807862882375,-0.021056649635840804,0.9982377015120004,0.04988805390894413
2.645709710238758,-0.06503242585343039,-0.01331288225887612,27.271445604130328,0.10251938693721056,-0.022233990852847198,0.99810457306487,0.05042866803705692
2.645709710238758,-0.06503242585343039,-0.01331288225887612,27.3209393464084,0.11257372367856823,-0.023123078271941214,0.9981025817473664,0.04958783113397658
2.645709710238758,-0.06503242585343039,-0.01331288225887612,27.370794198029703,0.12244433621369047,-0.024025386116361763,0.9979676004652853,0.049956382950767875
2.6648620087363,-0.06524609268844836,-0.015731994005123755,27.420776270166343,0.09412823022496085,-0.02367261395395422,0.9982173060530718,0.05007133400067687
2.6648620087363,-0.06524609268844836,-0.015731994005123755,27.47054111044759,0.10408434419135466,-0.02527805079583067,0.9980777097224869,0.049860686995089054
2.6778348893665407,-0.06578501396683642,-0.016714950995616634,27.52067630874665,0.0880628928475006,-0.024858659600195634,0.9982139991567156,0.05022490001283586
2.6778348893665407,-0.06578501396683642,-0.016714950995616634,27.570494818441865,0.09791961895178092,-0.02624158629318641,0.997047168783227,0.04996605101041496
2.688471116364261,-0.06575478492796845,-0.020683555021083783,27.6202822106699,0.08662492412434654,-0.025184258556471873,0.99725463604251,0.04992445302195847
2.688471116364261,-0.06575478492796845,-0.020683555021083783,27.67013894386924,0.09650602239050171,-0.026547840130281653,0.9971237979245055,0.05000054487027228
2.688471116364261,-0.06575478492796845,-0.020683555021083783,27.719954233491716,0.1064211669107122,-0.027565447481336946,0.9969975854414994,0.04996530618518591
2.688471116364261,-0.06575478492796845,-0.020683555021083783,27.76990531577918,0.11632429283788585,-0.028613115047526404,0.9968725105840045,0.050107793882489204
2.706662491930035,-0.06563871035510917,-0.026163600835682234,27.81965760734686,0.08984207438368702,-0.027432625149318005,0.9971220004988732,0.049895891919732094
2.706662491930035,-0.06563871035510917,-0.026163600835682234,27.87315305760034,0.09964423820230639,-0.029129219668236343,0.9969091004855944,0.053661311976611614
2.718594798510863,-0.06564779351453252,-0.02871189531246073,27.919869666668408,0.08639108483973577,-0.02961759662150951,0.9971557658541522,0.04684986104257405
2.718594798510863,-0.06564779351453252,-0.02871189531246073,27.969311315300573,0.09561886235446093,-0.0309423375902546,0.9970773435501421,0.04958657315000892
2.718594798510863,-0.06564779351453252,-0.02871189531246073,28.019474834147314,0.10538340088341644,-0.03205412250262927,0.9969789014474376,0.05031552701257169
2.718594798510863,-0.06564779351453252,-0.02871189531246073,28.069022085076273,0.1152871741035879,-0.03321019652475699,0.9968808465260567,0.04970227996818721
2.718594798510863,-0.06564779351453252,-0.02871189531246073,28.12232096457646,0.1248109116184592,-0.03437692450502214,0.9967957386332706,0.053470212034881115
2.718594798510863,-0.06564779351453252,-0.02871189531246073,28.16956309171473,0.13516909484426162,-0.03567889364827252,0.9966937830092696,0.0473988379817456
2.73707059224812,-0.06632828441328237,-0.033530279399265187,28.219323701794846,0.10751239535227894,-0.03325481745898071,0.9971218928491037,0.04990423982962966
2.73707059224812,-0.06632828441328237,-0.033530279399265187,28.268848909490227,0.11715744921509331,-0.03495297409950826,0.9970397881090161,0.049672248074784875
2.748236882945926,-0.06641006393568187,-0.03703490156196521,28.31856448383924,0.10449689652047864,-0.0347472634466554,0.9971860132900459,0.04985586809925735
2.748236882945926,-0.06641006393568187,-0.03703490156196521,28.368377796159557,0.11414503508559369,-0.03619397142725455,0.997105491996999,0.04995791590772569
2.7618161239160055,-0.06728830999411987,-0.04180543713635522,28.419027645902972,0.09611729917985788,-0.03323660352250946,0.9973115760018147,0.050786385079845786
2.7618161239160055,-0.06728830999411987,-0.04180543713635522,28.467731628746094,0.105551350749307,-0.03481188926704044,0.9972876187860334,0.0488364459015429
2.7730428167506136,-0.0682406255849636,-0.0439460504554506,28.51755816006364,0.0922448358682202,-0.033443071321420936,0.997558232033059,0.04994849395006895
2.7730428167506136,-0.0682406255849636,-0.0439460504554506,28.567458471975083,0.1015271450737596,-0.034950581164235314,0.9974891182818304,0.050025921082124114
2.784037720769045,-0.06896217533534664,-0.04611364483726496,28.617391441064886,0.08888035821240227,-0.03431763190527637,0.9976328959050659,0.050051446072757244
2.784037720769045,-0.06896217533534664,-0.04611364483726496,28.66730289134573,0.09817910989910561,-0.03584569845365485,0.9975607616328069,0.050033493898808956
2.784037720769045,-0.06896217533534664,-0.04611364483726496,28.71718842212716,0.1074875310355688,-0.03711241192563443,0.9974871990901545,0.050011198967695236
2.784037720769045,-0.06896217533534664,-0.04611364483726496,28.767045662358957,0.11679267847121547,-0.038416466140502224,0.997488815717218,0.049982756143435836
2.8040806059404484,-0.07001469194439384,-0.05271881209609905,28.816820561268088,0.08611520638343798,-0.035142409165302826,0.9979172910575168,0.0498787818942219
2.8040806059404484,-0.07001469194439384,-0.05271881209609905,28.866784124633497,0.0953353736696915,-0.03706685013079901,0.9978427164538842,0.05007158196531236
2.8155510343871284,-0.0703992673035619,-0.05524572379948336,28.91669575307566,0.08171851124211235,-0.037573932776218705,0.9979849867496143,0.05001240409910679
2.8155510343871284,-0.0703992673035619,-0.05524572379948336,28.966620842287682,0.09099975676482179,-0.03910970992343879,0.9979060555790012,0.050029848935082555
2.8155510343871284,-0.0703992673035619,-0.05524572379948336,29.016471358172918,0.10029321208547617,-0.04043953353078582,0.9978391033865626,0.04995847097598016
2.8155510343871284,-0.0703992673035619,-0.05524572379948336,29.06663552974234,0.10957291593729325,-0.04180848181604834,0.9978298526765828,0.050273271976038814
2.8328319607264953,-0.07112936901422379,-0.05957715183102257,29.116878698984188,0.08438484396274998,-0.04134508462471374,0.9981810789330632,0.0503347241319716
2.8328319607264953,-0.07112936901422379,-0.05957715183102257,29.16625650204134,0.0937052505146179,-0.04299525408532326,0.9980972042365646,0.04947193805128336
2.8328319607264953,-0.07112936901422379,-0.05957715183102257,29.216057159894103,0.10288030778289646,-0.04440877552403781,0.9980155973034157,0.049899678910151124
2.8439186621572645,-0.07239111912091246,-0.06445615082492505,29.266014715869982,0.09004728097923402,-0.04106145595265256,0.9981556604773181,0.05004986491985619
2.8439186621572645,-0.07239111912091246,-0.06445615082492505,29.315929823929434,0.09930514346330524,-0.04261767636872949,0.9980795089857296,0.05001115403138101
2.8439186621572645,-0.07239111912091246,-0.06445615082492505,29.365777683879553,0.10858404784622405,-0.04403890472639689,0.998064949383804,0.04994450509548187
2.8439186621572645,-0.07239111912091246,-0.06445615082492505,29.41582638467286,0.11784798949891089,-0.045517668588540436,0.9980744506363479,0.05014525796286762
2.8631941061490807,-0.07307550776252822,-0.0716460766432229,29.46561484006231,0.08867294456733155,-0.04400055081372504,0.9983542061158543,0.049870532006025314
2.8631941061490807,-0.07307550776252822,-0.0716460766432229,29.51577156461521,0.09789020986933941,-0.04570218351704863,0.9982613016045458,0.05024408386088908
2.8737014169942783,-0.07388456524706002,-0.07502786826677331,29.565517639443815,0.08620659004184623,-0.04502701572016207,0.9983700851083064,0.04982728906907141
2.8737014169942783,-0.07388456524706002,-0.07502786826677331,29.615398031851196,0.09543439900725947,-0.04649358981649398,0.9982875804802703,0.04996595508418977
2.8845393349651403,-0.07466896463462713,-0.0794711134129788,29.665302154038248,0.08306375279104095,-0.045317735018759984,0.9984794384690678,0.04998012003488839
2.8845393349651403,-0.07466896463462713,-0.0794711134129788,29.715255953870702,0.09232731055527382,-0.04679816172640827,0.9984784709657338,0.05002992181107402
2.8845393349651403,-0.07466896463462713,-0.0794711134129788,29.765095178057194,0.10159320984983267,-0.048288999897131576,0.9983792937074158,0.04992013005539775
2.8845393349651403,-0.07466896463462713,-0.0794711134129788,29.815241681408263,0.11083604411849668,-0.04983395968768471,0.9982793828932615,0.050232934998348355
2.90211738206826,-0.07590341987182714,-0.08951409762759355,29.86498227718766,0.08513153545060242,-0.04516385490190177,0.9985302604228896,0.04981380910612643
2.90211738206826,-0.07590341987182714,-0.08951409762759355,29.91518593748728,0.0943575987334006,-0.046770382533082744,0.9984408631179149,0.05028205690905452
2.912987423505786,-0.0774364355441186,-0.0952141658549161,29.964844459085093,0.081974653192495,-0.04306557506179345,0.9986377714810714,0.0497262601274997
2.912987423505786,-0.0774364355441186,-0.0952141658549161,30.015029741461188,0.09119725935150531,-0.044537504701443284,0.9986305882247134,0.050254100933671
2.912987423505786,-0.0774364355441186,-0.0952141658549161,30.06474684325009,0.10051592410166636,-0.045980107402871416,0.9985244356967854,0.049790570978075266
2.912987423505786,-0.0774364355441186,-0.0952141658549161,30.114522346971064,0.10975045865934267,-0.047468853840386294,0.9984198700587779,0.04985427996143699
2.931409244581093,-0.07973080995432863,-0.10463407464122954,30.16451999624747,0.08219626565000779,-0.04122734551682697,0.9986904814009523,0.05006320797838271
2.931409244581093,-0.07973080995432863,-0.10463407464122954,30.21467165337537,0.09145658047483193,-0.042958183245852266,0.9985934334921811,0.05022229813039303
2.9406450100042227,-0.08066759167329163,-0.10808070469853871,30.264366719006876,0.0822942117256228,-0.04234100842692051,0.99874117620666,0.04975770181044936
2.9406450100042227,-0.08066759167329163,-0.10808070469853871,30.314319234117377,0.09153614507012842,-0.043800223323069966,0.9987272739122326,0.05001617199741304
2.9406450100042227,-0.08066759167329163,-0.10808070469853871,30.36422058608146,0.10082264476882014,-0.0452253614663489,0.9986171779334312,0.04997045220807195
2.9406450100042227,-0.08066759167329163,-0.10808070469853871,30.41440005369363,0.11011243119578631,-0.046710218352054744,0.9985066973151205,0.05025451281107962
2.958698552243609,-0.08223358967442856,-0.11502872560337862,30.464166780453994,0.08332549910013577,-0.04489577732122253,0.998744508857303,0.049829286988824606
2.958698552243609,-0.08223358967442856,-0.11502872560337862,30.514178021121094,0.09258588447877389,-0.046464905228343616,0.9986449928316781,0.050079098204150796
2.969572743780011,-0.08383294199990071,-0.11817572936342641,30.564168631636242,0.08004924085777382,-0.04518031122530015,0.9988234991364302,0.050049493787810206
2.969572743780011,-0.08383294199990071,-0.11817572936342641,30.61397527593974,0.08936569159147037,-0.046647133189689834,0.9988038628156901,0.0498662912286818
2.969572743780011,-0.08383294199990071,-0.11817572936342641,30.664038278873697,0.09863663026503866,-0.04813007492735287,0.9986899705775224,0.050128672970458865
2.969572743780011,-0.08383294199990071,-0.11817572936342641,30.713748988870748,0.1079925469860519,-0.04968320404882654,0.9985735135969762,0.04978172294795513
2.9880899456348837,-0.08608583693326603,-0.12601174853251215,30.76399324533409,0.08016719480472959,-0.046056652248452686,0.998828373008729,0.05030319304205477
2.9880899456348837,-0.08608583693326603,-0.12601174853251215,30.81371659723937,0.08955739742840968,-0.047668251204934245,0.9987225344481031,0.04978695302270353
2.9975302014881273,-0.08732286974700805,-0.13144170656606122,30.86361071064557,0.07994989331698038,-0.045531791579691706,0.9988770307044639,0.04995020595379174
2.9975302014881273,-0.08732286974700805,-0.13144170656606122,30.913517915821668,0.0892937017601382,-0.047009670418096304,0.9988525095346816,0.04996453900821507
2.9975302014881273,-0.08732286974700805,-0.13144170656606122,30.963678103615425,0.09861980543313661,-0.04850619860223958,0.9987344597799558,0.05022374796681106
2.9975302014881273,-0.08732286974700805,-0.13144170656606122,31.013408314866936,0.10809153630715501,-0.05007419196292367,0.9986132205323899,0.04979927185922861
2.9975302014881273,-0.08732286974700805,-0.13144170656606122,31.063564166479512,0.11743948140947467,-0.05166492156748609,0.9984927124960283,0.050231565022841096
3.0153326474180067,-0.08893321149333709,-0.1396452590584982,31.11338232878541,0.09125779937652656,-0.04994029724847788,0.9987345777035532,0.049881283193826675
3.0153326474180067,-0.08893321149333709,-0.1396452590584982,31.16351463103642,0.10067743503307225,-0.051457401672609586,0.9986920445253886,0.05019795894622803
3.025318952447847,-0.0904224007908223,-0.1447870303962645,31.21319766266434,0.09007393365536151,-0.04947092974154194,0.9988677514231424,0.049739348934963346
3.025318952447847,-0.0904224007908223,-0.1447870303962645,31.263672440379715,0.09946227322319298,-0.05092120957280635,0.9987482428374395,0.05053803906776011
3.0358232204689206,-0.09168186924491797,-0.1486910769922841,31.312981390305016,0.08812300388976624,-0.0508943144031202,0.9988291923659678,0.04936674889177084
3.0358232204689206,-0.09168186924491797,-0.1486910769922841,31.362957538462812,0.09758246423823821,-0.05233549468346299,0.9987072760894344,0.050040837144479156
3.0358232204689206,-0.09168186924491797,-0.1486910769922841,31.412913848630463,0.10714164252374744,-0.05396709936482914,0.998592575597469,0.050026718992739916
3.0358232204689206,-0.09168186924491797,-0.1486910769922841,31.462812928186445,0.11670093981036465,-0.05561618536608458,0.998543331469688,0.04997187200933695
3.053602738133287,-0.09423784397531908,-0.15602850874199667,31.51281561667561,0.090514429543297,-0.0528678434140814,0.9988736005917254,0.05005907500162721
3.053602738133287,-0.09423784397531908,-0.15602850874199667,31.562885461689966,0.10014545651790684,-0.05436806398747948,0.9987479809563119,0.0501326119992882
3.053602738133287,-0.09423784397531908,-0.15602850874199667,31.612988427751777,0.11035643347742577,-0.05606267213176442,0.9986090497787866,0.05017275386489928
3.06488671468302,-0.0963344454295548,-0.1624279476293091,31.662640076135748,0.09760744258418597,-0.052535332829641374,0.9987242173657581,0.04971507401205599
3.06488671468302,-0.0963344454295548,-0.1624279476293091,31.712573911650097,0.1075419805644441,-0.05407978955054521,0.9986050278029679,0.05000358913093805
3.06488671468302,-0.0963344454295548,-0.1624279476293091,31.762873120892994,0.11747277528219373,-0.0557441480816156,0.9985473050082291,0.0503723849542439
3.06488671468302,-0.0963344454295548,-0.1624279476293091,31.812457977145222,0.12747298048419672,-0.0575045993862711,0.9985024010468336,0.049659225856885314
3.084482461508765,-0.09889422122676474,-0.17255408524856536,31.862416432110216,0.09802239448171624,-0.05416391930147265,0.9987882211272598,0.05001906701363623
3.084482461508765,-0.09889422122676474,-0.17255408524856536,31.912372198391424,0.10805963239984644,-0.055834505975612576,0.9986532295614753,0.050023135961964726
3.0954122261306987,-0.10157050739820801,-0.1771540507362992,31.962470955800157,0.09579967903372155,-0.05240446921163995,0.9987600780286242,0.050160953076556325
3.0954122261306987,-0.10157050739820801,-0.1771540507362992,32.01226454134545,0.10580699852393906,-0.0540125953459171,0.9986368973094432,0.04986155196093023
3.1065267853243372,-0.10311894080621295,-0.18073041597162046,32.06214864840911,0.09330391945388958,-0.05481725233012475,0.9988096340794187,0.04994355817325413
3.1065267853243372,-0.10311894080621295,-0.18073041597162046,32.112082536998564,0.10326189812645489,-0.05643606074133487,0.9987657838396847,0.04999559395946562
3.1065267853243372,-0.10311894080621295,-0.18073041597162046,32.161991654188434,0.11318064934241302,-0.058174250441312615,0.9986286902763418,0.049977652030065656
3.1065267853243372,-0.10311894080621295,-0.18073041597162046,32.21213207799076,0.12309092166073195,-0.05996193285622585,0.9984907635976438,0.050216211937367916
3.127613693505337,-0.10690352300975571,-0.1910858969481793,32.26182090047708,0.09051331788590813,-0.05508026556720134,0.9988106556196729,0.04974798997864127
3.127613693505337,-0.10690352300975571,-0.1910858969481793,32.311685608720815,0.10048679569086921,-0.05694926170724091,0.9986881525507478,0.04993020906113088
3.138735178969301,-0.10903407408141354,-0.19432419847574073,32.36177388373209,0.08780934091605656,-0.056948914053352534,0.9988625059970472,0.05014531500637531
3.138735178969301,-0.10903407408141354,-0.19432419847574073,32.4115720121674,0.09777910840602204,-0.05863580179625187,0.9988167309914645,0.049857122823596
3.138735178969301,-0.10903407408141354,-0.19432419847574073,32.46173161477224,0.10764511596990521,-0.06042488865835528,0.9986797746423568,0.050225912127643824
3.138735178969301,-0.10903407408141354,-0.19432419847574073,32.511509233856394,0.11757800955590975,-0.06227834185641669,0.9985394150071021,0.04985042987391353
3.1578557996078036,-0.11255474807354368,-0.2049185404523776,32.56147461790355,0.0888517037410046,-0.05786473252902754,0.9988204937586351,0.0500243881251663
3.1578557996078036,-0.11255474807354368,-0.2049185404523776,32.61130646778014,0.09886103368099408,-0.05980306161022492,0.9986949097486947,0.04989696992561221
3.1695746772329665,-0.11533844838041322,-0.2105908525951929,32.661369454218274,0.08482815163452674,-0.05712472060607833,0.9988940078597612,0.050118417013436556
3.1695746772329665,-0.11533844838041322,-0.2105908525951929,32.71113461410188,0.09474761509292691,-0.058929429793370854,0.9988483516548772,0.04982253792695701
3.1695746772329665,-0.11533844838041322,-0.2105908525951929,32.76112157091483,0.10454638638218831,-0.060729472728757714,0.9987114197358364,0.05005145212635398
3.1695746772329665,-0.11533844838041322,-0.2105908525951929,32.81098016991344,0.11438276810204623,-0.0625910730975987,0.998571696598545,0.04992991406470537
3.1885410567101498,-0.11867976903396027,-0.21942979602859577,32.8609155501752,0.08583438962496222,-0.0610474974900455,0.9988362191102793,0.04999356181360781
3.1885410567101498,-0.11867976903396027,-0.21942979602859577,32.910892310907336,0.09574888448779555,-0.06301077710338404,0.9987096802832277,0.05004133004695177
3.2001546687475706,-0.12161705454771737,-0.22581701466999893,32.96088094724365,0.08172989008835622,-0.06002367569223631,0.9989080718275871,0.05004328000359237
3.2001546687475706,-0.12161705454771737,-0.22581701466999893,33.01075746997379,0.0914789185468829,-0.06188593055830589,0.9988641369905957,0.04993324005044997
3.2001546687475706,-0.12161705454771737,-0.22581701466999893,33.0607342959007,0.1011369012068519,-0.06374518934624288,0.9987280881528485,0.05004047299735248
3.2001546687475706,-0.12161705454771737,-0.22581701466999893,33.110674839358026,0.11080694202660128,-0.06566293607556507,0.9985901025600599,0.05001105391420424
3.218056287445564,-0.12524929965896633,-0.23717862578598264,33.16071258114927,0.08422572101654341,-0.06175884617603427,0.9988434688277374,0.05009567900560796
3.218056287445564,-0.12524929965896633,-0.23717862578598264,33.210620588586615,0.0940059522735095,-0.06387757250711316,0.9987178295884442,0.049972080159932375
3.227649950594256,-0.12777609120282168,-0.24440454919511098,33.26058969860396,0.0836653805855515,-0.06069057876814634,0.9988783097302371,0.050025222823023796
3.227649950594256,-0.12777609120282168,-0.24440454919511098,33.310590620203705,0.09302237953788725,-0.06259194089377419,0.998840176732078,0.050058981170877814
3.227649950594256,-0.12777609120282168,-0.24440454919511098,33.36046262487902,0.10231808785375418,-0.06446110383390997,0.9987100940911544,0.0499364179559052
3.227649950594256,-0.12777609120282168,-0.24440454919511098,33.410413335290436,0.111580865955008,-0.0663810030317269,0.9985793860205263,0.0500217720400542
3.227649950594256,-0.12777609120282168,-0.24440454919511098,33.46033802668519,0.12084998741718311,-0.06835611777455525,0.9984474028756904,0.05000232486054301
3.244761660134288,-0.13189941564096744,-0.2554992005598062,33.51023182041758,0.09526208355795535,-0.06372654918913528,0.9986974999197923,0.04995886515825987
3.255358128015829,-0.13474049142833605,-0.26122708654089843,33.56006868251117,0.08172524331945435,-0.062382065472795734,0.9988692278408353,0.049893280025571585
3.255358128015829,-0.13474049142833605,-0.26122708654089843,33.61011109720505,0.0900833453410956,-0.06435752653395731,0.9988482834514951,0.05010011582635343
3.2652296930201135,-0.13676702411878416,-0.26684371898745346,33.660210839619666,0.07834649347227424,-0.06466402348909935,0.9989180400819679,0.0501540070399642
3.2652296930201135,-0.13676702411878416,-0.26684371898745346,33.70997722234491,0.08673684593545061,-0.06660807655497235,0.9988041323598994,0.04982596798799932
3.2652296930201135,-0.13676702411878416,-0.26684371898745346,33.75996311096921,0.09501906227749811,-0.06855277996107498,0.998691155735507,0.05005139810964465
3.2652296930201135,-0.13676702411878416,-0.26684371898745346,33.80982373232515,0.10332716096397125,-0.07058618057310073,0.99858900149049,0.049931074026972055
3.2652296930201135,-0.13676702411878416,-0.26684371898745346,33.8600211910503,0.11161161146677719,-0.07264245814408653,0.9985459225591314,0.05027055600658059
3.280732303408775,-0.14109049695371564,-0.27842433823198864,33.90972246105078,0.08818565620109352,-0.06727152480709862,0.9988394465180822,0.04975901800207794
3.280732303408775,-0.14109049695371564,-0.27842433823198864,33.959741590320114,0.09648946472306627,-0.06946983928802783,0.9987264206787729,0.050082913832738996
3.280732303408775,-0.14109049695371564,-0.27842433823198864,34.009592898038456,0.10478041859755183,-0.07152038337539504,0.9986122081564095,0.04992058710195124
3.280732303408775,-0.14109049695371564,-0.27842433823198864,34.05965278314181,0.11303316738490961,-0.07361850572487078,0.9984983408658002,0.0501351710408926
3.298136994173106,-0.14556538581722148,-0.28930913318079576,34.109435156030536,0.08564441194383787,-0.07054175475168248,0.9987328229778466,0.049845536006614566
3.298136994173106,-0.14556538581722148,-0.28930913318079576,34.15949884529834,0.09394569103687948,-0.07276661682243757,0.9986889809434923,0.05012940987944603
3.307844548913658,-0.1485163585309986,-0.2954785251191371,34.20939127076498,0.08214683180284536,-0.07115375168769539,0.9988606933954689,0.04994933307170868
3.307844548913658,-0.1485163585309986,-0.2954785251191371,34.25929927585638,0.0904326587250223,-0.07320418498224825,0.9987477457572569,0.04997058096341789
3.307844548913658,-0.1485163585309986,-0.2954785251191371,34.30914869349829,0.0986699991308027,-0.07534068991862089,0.9986337827457541,0.049917615950107574
3.307844548913658,-0.1485163585309986,-0.2954785251191371,34.359439012230766,0.10688802176648385,-0.0775314562678526,0.9985192202809906,0.050364898052066565
3.32585056536521,-0.15370792523802976,-0.30753930709114696,34.40900241240316,0.07805450332909393,-0.07334949861465208,0.9987725786943854,0.04962431010790169
3.32585056536521,-0.15370792523802976,-0.30753930709114696,34.45916812051097,0.08629963986880654,-0.07561222271040069,0.9987294581570295,0.05022952682338655
3.32585056536521,-0.15370792523802976,-0.30753930709114696,34.5108411329854,0.09456398789930345,-0.07781745852513437,0.9987063470594931,0.05173994600772858
3.32585056536521,-0.15370792523802976,-0.30753930709114696,34.558814326168786,0.10306436241144375,-0.08014666344683768,0.9985859204997712,0.048041127156466246
3.34339157623516,-0.16009951021838092,-0.321119035639092,34.60874418987379,0.07434893441083394,-0.07195172367614729,0.9988603138152281,0.049986833008006215
3.34339157623516,-0.16009951021838092,-0.321119035639092,34.65881573612716,0.082614346618429,-0.0743856217059794,0.998740039865911,0.05013471399433911
3.34339157623516,-0.16009951021838092,-0.321119035639092,34.70861471713072,0.09085402527095048,-0.0766325561259318,0.9986364121471024,0.049866979010403156
3.34339157623516,-0.16009951021838092,-0.321119035639092,34.758636566899966,0.09905002692457315,-0.0788998909692427,0.998593193752557,0.05009231995791197
3.360070296012472,-0.16648442681422418,-0.33555313926271596,34.808650280926834,0.07233083424128087,-0.07016691392961626,0.9989428310166932,0.05006664292886853
3.360070296012472,-0.16648442681422418,-0.33555313926271596,34.85851099638231,0.08057116234791416,-0.07275812654621916,0.9988244952928154,0.04991939594037831
3.360070296012472,-0.16648442681422418,-0.33555313926271596,34.90839708281705,0.0887793892681079,-0.07495141187478495,0.9987108101163158,0.04995048209093511
3.360070296012472,-0.16648442681422418,-0.33555313926271596,34.95838003619784,0.09698275865659843,-0.07720780544886398,0.9985957854174168,0.05005323886871338
3.376391879876873,-0.17257502034844863,-0.34985657902230055,35.00824690558989,0.07098388196196989,-0.06973326413583876,0.9988520255620018,0.04992418107576668
3.376391879876873,-0.17257502034844863,-0.34985657902230055,35.05819961109989,0.07919315799878666,-0.07244017611465227,0.9988027113873222,0.05001258500851691
3.376391879876873,-0.17257502034844863,-0.34985657902230055,35.1081931434611,0.08742442917512878,-0.07463567214649765,0.9987812757495813,0.0500545350369066
3.376391879876873,-0.17257502034844863,-0.34985657902230055,35.158087550681884,0.09564923611699808,-0.0769162501125894,0.9986667467478444,0.04996101791039109
3.391193764428274,-0.178044809889698,-0.3641350737353617,35.20806965152392,0.07284298504570103,-0.0701465105356668,0.9988805677581382,0.0500381151214242
3.391193764428274,-0.178044809889698,-0.3641350737353617,35.257986410659704,0.08106936104441942,-0.07284056380051498,0.998759677646735,0.04997874889522791
3.391193764428274,-0.178044809889698,-0.3641350737353617,35.307955018527025,0.0892951401467458,-0.0751398383409241,0.9986563178372901,0.050035840133205056
3.391193764428274,-0.178044809889698,-0.3641350737353617,35.35789391838471,0.09753072843084251,-0.07748732452887318,0.998611232690595,0.050008349819108844
3.407043003663664,-0.18453328627982046,-0.37629474634426485,35.40775959369456,0.07205663965311407,-0.07126550406119093,0.9989361154870803,0.04991878313012421
3.407043003663664,-0.18453328627982046,-0.37629474634426485,35.457666308091646,0.0802573655746644,-0.07405376873399241,0.9988163384182933,0.049965857062488794
3.407043003663664,-0.18453328627982046,-0.37629474634426485,35.50766284513659,0.08848559970947677,-0.07636515872382925,0.9987007823406658,0.050061577931046486
3.407043003663664,-0.18453328627982046,-0.37629474634426485,35.55761645760385,0.09671975806600153,-0.07875214874073377,0.9985837036024523,0.050024461932480335
3.422407220754601,-0.19078237049420382,-0.3884132053260075,35.60754733127758,0.07226998222183437,-0.07334619054155704,0.9988148370684413,0.04999012011103332
3.422407220754601,-0.19078237049420382,-0.3884132053260075,35.65769527378773,0.08051098190999582,-0.0762309290977942,0.9987632072633984,0.05021004192531109
3.422407220754601,-0.19078237049420382,-0.3884132053260075,35.70741350763416,0.0887963701585868,-0.0785945791828461,0.9987391962890783,0.04978099791333079
3.422407220754601,-0.19078237049420382,-0.3884132053260075,35.75737967541429,0.09699728982355825,-0.0810555907929536,0.9986230576552237,0.05003506317734718
3.438773935601116,-0.19740888772093765,-0.40437384240987345,35.807219537647775,0.0705416896608502,-0.07357634837737353,0.998877310526054,0.049895879812538624
3.438773935601116,-0.19740888772093765,-0.40437384240987345,35.85729337524085,0.07877407255137667,-0.07663349590842246,0.9987523709080016,0.0501363892108202
3.438773935601116,-0.19740888772093765,-0.40437384240987345,35.907177664768504,0.08708063252637435,-0.0791381914580975,0.998644612008071,0.049951993860304356
3.438773935601116,-0.19740888772093765,-0.40437384240987345,35.957144366652635,0.09535490740149562,-0.08169902714665749,0.9985965716378687,0.05003692512400448
3.438773935601116,-0.19740888772093765,-0.40437384240987345,36.00731648610336,0.10363442601724451,-0.08423987218014035,0.9985711234307475,0.05024391179904342
3.453186040315944,-0.20414924015398636,-0.41839853568856794,36.05702739345256,0.08086734816160729,-0.07624678232240496,0.9987998794688617,0.049770638113841414
3.453186040315944,-0.20414924015398636,-0.41839853568856794,36.1070479199568,0.08910647927638517,-0.07930769587945978,0.9986743943256932,0.0500869220122695
3.453186040315944,-0.20414924015398636,-0.41839853568856794,36.15696287253157,0.09741524377648444,-0.08189595080635174,0.9985532220758807,0.04998727305792272
3.453186040315944,-0.20414924015398636,-0.41839853568856794,36.206871862723574,0.10575974131484239,-0.08462170210575205,0.9984407198900089,0.04998693382367492
3.4702815074089415,-0.21231538461118069,-0.4336390200633597,36.256718369031056,0.07701621372677774,-0.0759200571447522,0.998802120220358,0.04990628804080188
3.4702815074089415,-0.21231538461118069,-0.4336390200633597,36.30687173239427,0.08533451054137595,-0.07927711466198833,0.9987654033219637,0.05021535907872021
3.4702815074089415,-0.21231538461118069,-0.4336390200633597,36.35656975346756,0.09374803386106313,-0.0819296081354823,0.9986427584274248,0.04976556496694684
3.4702815074089415,-0.21231538461118069,-0.4336390200633597,36.40671716878983,0.10207418492805266,-0.08463406321221048,0.9985208836763332,0.05022169905714691
3.486257906386994,-0.2201502624992307,-0.4502446467268092,36.45663517057478,0.07574409564100001,-0.07510115833002737,0.9987979278580725,0.04997807904146612
3.486257906386994,-0.2201502624992307,-0.4502446467268092,36.506388162207145,0.08423550829062548,-0.07875573966620784,0.9986744142135258,0.0498190310318023
3.486257906386994,-0.2201502624992307,-0.4502446467268092,36.55633994603812,0.09276707350324423,-0.08149904805053676,0.9986193540396847,0.05002084490843117
3.486257906386994,-0.2201502624992307,-0.4502446467268092,36.6069932098754,0.1013170780155951,-0.08417239196360929,0.9985876717368896,0.05072490405291319
3.5028705561264952,-0.22869346705894028,-0.4660476449753518,36.65621233904881,0.07346419714970799,-0.07506888120327507,0.9988793415941448,0.04927434888668358
3.5028705561264952,-0.22869346705894028,-0.4660476449753518,36.70659734744073,0.0818230788188597,-0.07886183819944297,0.9987454332075142,0.0504482991527766
3.5028705561264952,-0.22869346705894028,-0.4660476449753518,36.75596264467633,0.09048115943406554,-0.08164219708306264,0.9986153075659704,0.04943374777212739
3.5028705561264952,-0.22869346705894028,-0.4660476449753518,36.805927704327424,0.09936469806056027,-0.08451284281695369,0.998492729969076,0.050040484173223376
3.518661119332652,-0.23702422221808142,-0.4788706053969014,36.85594642885115,0.07327941582254356,-0.07805317889151685,0.9988312172836902,0.050077253952622414
3.518661119332652,-0.23702422221808142,-0.4788706053969014,36.905856255150304,0.08218995792084503,-0.08182695806025754,0.9987817528291307,0.04997070296667516
3.518661119332652,-0.23702422221808142,-0.4788706053969014,36.95597279068638,0.09113977906617121,-0.08471711261343047,0.9986470621908756,0.050184431951493025
3.518661119332652,-0.23702422221808142,-0.4788706053969014,37.005721629501096,0.10010666432079629,-0.08770897244130149,0.9985097599539106,0.04982308717444539
3.5341439908640724,-0.24488750714469548,-0.493230956798458,37.055696180722386,0.0749327906669005,-0.0815838104930567,0.9987708147253103,0.050036054803058505
3.5341439908640724,-0.24488750714469548,-0.493230956798458,37.10562413055506,0.08492516261534039,-0.08571034701610769,0.9986312139345936,0.049996384186670184
3.5341439908640724,-0.24488750714469548,-0.493230956798458,37.15543765622303,0.09481219401024976,-0.08884577050482295,0.9985470216811063,0.04988600895740092
3.5341439908640724,-0.24488750714469548,-0.493230956798458,37.20539544462673,0.10463897573433728,-0.09181248138967256,0.9984899982359452,0.05003333883360028
3.5514923911695493,-0.254382130372535,-0.5071785670141857,37.25549366408384,0.07567613418111696,-0.08543979509538664,0.9988162164539018,0.05015759519301355
3.5514923911695493,-0.254382130372535,-0.5071785670141857,37.305375795128406,0.08553289976340786,-0.08986068157470875,0.9986517192854758,0.04994947696104646
3.5514923911695493,-0.254382130372535,-0.5071785670141857,37.355219827471764,0.0953802388988648,-0.093037604484279,0.9984957151740067,0.049919124925509095
3.5514923911695493,-0.254382130372535,-0.5071785670141857,37.40520552770517,0.1051850390092207,-0.09632237058594705,0.9983374544273703,0.050068942131474614
3.5674050711523666,-0.26313450490044676,-0.5223728126135919,37.455007231900794,0.07951085343889777,-0.08993632021454771,0.9987077054879137,0.04986614594236016
3.5674050711523666,-0.26313450490044676,-0.5223728126135919,37.504948803348135,0.08928393670559358,-0.09417552485187598,0.9986379535189243,0.05000968696549535
3.5674050711523666,-0.26313450490044676,-0.5223728126135919,37.55499112069053,0.0990906500698603,-0.09743404078874827,0.9984797101332482,0.05011851200833917
3.5674050711523666,-0.26313450490044676,-0.5223728126135919,37.60489623277498,0.10888432886164977,-0.10078108468592331,0.9983195762373134,0.04998911498114467
3.5674050711523666,-0.26313450490044676,-0.5223728126135919,37.654865078722054,0.11862922869244903,-0.10422462065407347,0.9981582678773501,0.05006104498170316
3.5854355182769417,-0.2736262731549992,-0.5391815775433991,37.70464558447022,0.08770559503800977,-0.09638104089052002,0.9985238870438,0.0498540960252285
3.5854355182769417,-0.2736262731549992,-0.5391815775433991,37.754542310571196,0.09742353325319629,-0.1013507970344396,0.998420931295103,0.04997564107179642
3.5854355182769417,-0.2736262731549992,-0.5391815775433991,37.80443915373239,0.10707009284812628,-0.10450637910894894,0.9983621282827282,0.04997870186343789
3.6033774113206833,-0.28492613634914693,-0.5581400046820647,37.854335099630426,0.07568539807709168,-0.09420321741873691,0.9987548125746395,0.049958153162151575
3.6033774113206833,-0.28492613634914693,-0.5581400046820647,37.90440252456328,0.0852478727432732,-0.09938212502763048,0.9985790020572203,0.05013867188245058
3.6033774113206833,-0.28492613634914693,-0.5581400046820647,37.95427873329168,0.09496839694671477,-0.10269740837031507,0.9984172187293721,0.04995527700521052
3.6033774113206833,-0.28492613634914693,-0.5581400046820647,38.00431250356774,0.10459730844843142,-0.10609283494391936,0.9982545387157451,0.05012125498615205
3.6033774113206833,-0.28492613634914693,-0.5581400046820647,38.05460784474614,0.11423638267596262,-0.10967105567846004,0.9981592306447277,0.050388094037771225
3.6196607204806437,-0.2954657065309925,-0.5754364723575195,38.104061197895184,0.08606111374911472,-0.10115275869106359,0.9986018549147063,0.04952259291894734
3.6196607204806437,-0.2954657065309925,-0.5754364723575195,38.154348174230066,0.09529108455335762,-0.10613100122855253,0.9984320032470022,0.05036594998091459
3.6196607204806437,-0.2954657065309925,-0.5754364723575195,38.20396146778506,0.10478756190262684,-0.109472104288494,0.9982707456932857,0.049699236173182726
3.6196607204806437,-0.2954657065309925,-0.5754364723575195,38.25564214609108,0.11410749072381433,-0.11284255433383183,0.9981120593729683,0.05177843291312456
3.63666287323486,-0.3066919304459405,-0.5982838857899911,38.303630276336975,0.08469647068860503,-0.10189970150336325,0.9984936951874236,0.048060524044558406
3.63666287323486,-0.3066919304459405,-0.5982838857899911,38.35359128634871,0.09351317808600187,-0.10734567495147827,0.9983916975790783,0.05004149186424911
3.63666287323486,-0.3066919304459405,-0.5982838857899911,38.40359515893386,0.1020679958029641,-0.11029991608657136,0.9983441262171672,0.0500868100207299
3.63666287323486,-0.3066919304459405,-0.5982838857899911,38.4536311976115,0.11093738820020675,-0.11352056439982988,0.9981944406235733,0.05012654513120651
3.6509730894626604,-0.3166522471181854,-0.61963708397454,38.503400204590584,0.08647947416721712,-0.10380388177424213,0.9985050205234479,0.04984352202154696
3.6509730894626604,-0.3166522471181854,-0.61963708397454,38.553514769115736,0.09505611993804136,-0.10884088529522438,0.9983359245790697,0.05019809794612229
3.6509730894626604,-0.3166522471181854,-0.61963708397454,38.603365549798966,0.10394834734657517,-0.11197714373431246,0.9981856067299982,0.04994139401242137
3.6509730894626604,-0.3166522471181854,-0.61963708397454,38.653472692475304,0.1127386158970898,-0.11526281210011947,0.9981053590254741,0.05020225793123245
3.6675138836884598,-0.3287929230621014,-0.6391420685378215,38.703004951668646,0.07968346263311467,-0.10715832827429586,0.9985627461035351,0.04960355209186673
3.6675138836884598,-0.3287929230621014,-0.6391420685378215,38.75306449831549,0.08688201842212794,-0.11239930069458409,0.9984214919419904,0.05013869097456336
3.6675138836884598,-0.3287929230621014,-0.6391420685378215,38.80295862461332,0.09447463078411716,-0.11533040238642499,0.9982976201055496,0.049979209899902344
3.6675138836884598,-0.3287929230621014,-0.6391420685378215,38.85301986646595,0.10198198647870929,-0.11829774995749703,0.9981743965877615,0.05015280097723007
3.6675138836884598,-0.3287929230621014,-0.6391420685378215,38.902737581018734,0.10948302821160247,-0.12132077650104857,0.9980498260548513,0.049814862199127674
3.6830084578808817,-0.3406074692790615,-0.6592019628645147,38.95264764495375,0.07930667504382416,-0.11414756711990967,0.9984235315628781,0.0499888698104769
3.6830084578808817,-0.3406074692790615,-0.6592019628645147,39.00253929395728,0.08082585481881284,-0.11883176743633621,0.9984469857057817,0.04996925196610391
3.6830084578808817,-0.3406074692790615,-0.6592019628645147,39.052443884227976,0.08520128619307421,-0.12157138487951547,0.9983818930025661,0.04998547211289406
3.696964360751302,-0.3522667217320471,-0.683181796013699,39.10232074718245,0.05503670137273557,-0.11149560991498669,0.9986400767679566,0.04994478402659297
3.696964360751302,-0.3522667217320471,-0.683181796013699,39.15228747125949,0.05884703449838126,-0.11636766697271657,0.9985500815814101,0.05003927694633603
3.696964360751302,-0.3522667217320471,-0.683181796013699,39.20225529008956,0.0631911208265965,-0.11900400616923963,0.9984869716829302,0.05004353611730039
3.696964360751302,-0.3522667217320471,-0.683181796013699,39.25215173353473,0.06746583418369578,-0.12182373861698496,0.9984924218525223,0.04997177980840206
3.696964360751302,-0.3522667217320471,-0.683181796013699,39.30274551004355,0.07171394824898657,-0.1245917869217087,0.9984279024714661,0.05067344009876251
3.7077064721707655,-0.36141408015062265,-0.7037737483488735,39.35197697330902,0.04917196868259979,-0.11771279190496481,0.9986137909883245,0.04929980309680104
3.7077064721707655,-0.36141408015062265,-0.7037737483488735,39.402063578708365,0.05293057209387064,-0.12174436897192675,0.9985325101961958,0.05016021500341594
3.7077064721707655,-0.36141408015062265,-0.7037737483488735,39.451816148242834,0.057146968021883265,-0.12443250653929108,0.9984678122954871,0.049828916788101196
3.7077064721707655,-0.36141408015062265,-0.7037737483488735,39.50172066651414,0.061289205566521614,-0.12713808099981416,0.9984046818852775,0.04998425906524062
3.7077064721707655,-0.36141408015062265,-0.7037737483488735,39.55169374982512,0.0653994961406164,-0.13004330526648394,0.9984072462258057,0.05005280510522425
3.7077064721707655,-0.36141408015062265,-0.7037737483488735,39.60170100810966,0.06949734745291379,-0.13290045773919695,0.998341961817677,0.050090309930965304
3.723832735533412,-0.37411650918330874,-0.7388847348204265,39.65154375704932,0.034149888811428795,-0.12298765184406747,0.9986277637384078,0.04991123895160854
3.723832735533412,-0.37411650918330874,-0.7388847348204265,39.70139362721444,0.03752192658266319,-0.1277436347274676,0.9985297841185224,0.049923268146812916
3.723832735533412,-0.37411650918330874,-0.7388847348204265,39.751378105873606,0.04158460617014196,-0.13037501290520223,0.998468409355957,0.0500611518509686
3.723832735533412,-0.37411650918330874,-0.7388847348204265,39.80129315375295,0.04561189005135132,-0.13306292273630105,0.9984042521848077,0.04999482701532543
3.723832735533412,-0.37411650918330874,-0.7388847348204265,39.85118259194906,0.049586818307095146,-0.13594205648461397,0.9984061150869458,0.04996908316388726
3.723832735533412,-0.37411650918330874,-0.7388847348204265,39.90113590289645,0.053544810155795534,-0.1387666663387824,0.9983408661371646,0.05003632791340351
3.734255214287017,-0.3847739930842606,-0.7771600897151413,39.95136031062904,0.03077937201875453,-0.12344712132765638,0.9986551309355416,0.05029204394668341
3.734255214287017,-0.3847739930842606,-0.7771600897151413,40.00116605645498,0.03403711058932796,-0.12748421369660648,0.9985543035176286,0.04987785406410694
3.734255214287017,-0.3847739930842606,-0.7771600897151413,40.05119330727019,0.03800718215560332,-0.13007739565754503,0.9984941508917693,0.05010269791819155
3.734255214287017,-0.3847739930842606,-0.7771600897151413,40.10105458427936,0.04195620263760184,-0.13271947024625164,0.998431346649855,0.04993961495347321
3.734255214287017,-0.3847739930842606,-0.7771600897151413,40.15086685296325,0.045843371015985596,-0.13555929083281953,0.9984343993015983,0.04989037709310651
3.734255214287017,-0.3847739930842606,-0.7771600897151413,40.200886207036085,0.04971588568594396,-0.13834076648646124,0.998370612230418,0.05010098800994456
3.734255214287017,-0.3847739930842606,-0.7771600897151413,40.25059402574315,0.053569365936174354,-0.14116075340047224,0.9983055299401362,0.049792190082371235
3.734255214287017,-0.3847739930842606,-0.7771600897151413,40.30050160994243,0.05736922240030119,-0.1439946706069026,0.99824174629743,0.049995488952845335
3.7482751492570268,-0.3988458852341015,-0.8291316934755146,40.35035261669355,0.02495625252934141,-0.12477120676929473,0.9986457510920878,0.04991860897280276
3.7482751492570268,-0.3988458852341015,-0.8291316934755146,40.40077894081381,0.027704293551502442,-0.12936842537898724,0.9985348034398324,0.05050031701102853
3.7482751492570268,-0.3988458852341015,-0.8291316934755146,40.45044094526506,0.03158914663106083,-0.1320995007707615,0.9985442560775789,0.049734405009076
3.7482751492570268,-0.3988458852341015,-0.8291316934755146,40.500274349354,0.03540609984214911,-0.13473686368259324,0.998483307101365,0.049909100867807865
3.7482751492570268,-0.3988458852341015,-0.8291316934755146,40.55020028211938,0.039203957654481224,-0.1374058570551739,0.9984203876769256,0.0500049211550504
3.7482751492570268,-0.3988458852341015,-0.8291316934755146,40.6000627294816,0.04298213620921214,-0.14011035655241982,0.9983577059536299,0.049944470869377255
3.7482751492570268,-0.3988458852341015,-0.8291316934755146,40.64992671786774,0.04672854430962605,-0.14284204394192374,0.9982955536183514,0.04994912398979068
3.7482751492570268,-0.3988458852341015,-0.8291316934755146,40.70095715604116,0.05044782090110096,-0.14560573269332872,0.9982334599257281,0.05112074501812458
3.761424328287226,-0.41308102871810115,-0.8809381732506749,40.74975530533874,0.018589414659888552,-0.12806922685245997,0.9986672236172052,0.04886327311396599
3.761424328287226,-0.41308102871810115,-0.8809381732506749,40.79986224483147,0.02134948495663588,-0.13191575242366063,0.9985732252946666,0.05017853295430541
3.761424328287226,-0.41308102871810115,-0.8809381732506749,40.84978989570788,0.025126468178468066,-0.13447061659512136,0.9985151959487574,0.05000189389102161
3.761424328287226,-0.41308102871810115,-0.8809381732506749,40.89965266256142,0.028875017856235287,-0.13704255326201906,0.9984546206173025,0.04993994301185012
3.761424328287226,-0.41308102871810115,-0.8809381732506749,40.949511574840386,0.0325946998447463,-0.13964081486808844,0.9983942679078883,0.049939101096242666
3.761424328287226,-0.41308102871810115,-0.8809381732506749,40.99954468413929,0.03629030840904664,-0.14226863981875998,0.9983340105685158,0.05011660302989185
3.761424328287226,-0.41308102871810115,-0.8809381732506749,41.04932831734909,0.03994221050283165,-0.14513990001102012,0.9983331215861091,0.04986675502732396
3.761424328287226,-0.41308102871810115,-0.8809381732506749,41.0994130269604,0.043575890344921445,-0.147943701340944,0.9982714816382956,0.05017143185250461
3.7700768392689374,-0.4239049897716106,-0.9348814514345123,41.149098940785244,0.023071033419206848,-0.1284603759632495,0.9986166075397718,0.04975474416278303
3.7700768392689374,-0.4239049897716106,-0.9348814514345123,41.19914868898671,0.026147092725656344,-0.13150551640612962,0.9985390776420876,0.05012297397479415
3.7700768392689374,-0.4239049897716106,-0.9348814514345123,41.249403899196714,0.029880408482121062,-0.13401651494565514,0.9984837799674604,0.050331523874774575
3.7700768392689374,-0.4239049897716106,-0.9348814514345123,41.299547827442254,0.03361611055640187,-0.13654971973027114,0.9984253669659429,0.050223011057823896
3.7700768392689374,-0.4239049897716106,-0.9348814514345123,41.348941513588244,0.037286859891392896,-0.13932391720523682,0.9984296986128088,0.04947137110866606
3.7700768392689374,-0.4239049897716106,-0.9348814514345123,41.4007992630257,0.0409061537588141,-0.142006926791186,0.9983712985580958,0.05194234801456332
3.7700768392689374,-0.4239049897716106,-0.9348814514345123,41.448728555070964,0.04468284833802906,-0.1448199873439553,0.9983057555996785,0.048010633792728186
3.7700768392689374,-0.4239049897716106,-0.9348814514345123,41.4986987208009,0.04815536440572787,-0.1474605338009172,0.9982528249196966,0.050057625165209174
3.7700768392689374,-0.4239049897716106,-0.9348814514345123,41.54859840232069,0.05175776206535787,-0.15022127734334076,0.9981908520987405,0.049990121042355895
3.7783392416713935,-0.43614076510001515,-0.9880502119424195,41.59885353080805,0.029679383073843633,-0.12938860071329392,0.9985495508603331,0.050328126875683665
3.7783392416713935,-0.43614076510001515,-0.9880502119424195,41.648528807693204,0.03284776046864762,-0.13235394238235243,0.9985434091372267,0.04974773898720741
3.7783392416713935,-0.43614076510001515,-0.9880502119424195,41.698432130176435,0.03650701072708923,-0.13496259264549448,0.9984899093211348,0.04997879499569535
3.7783392416713935,-0.43614076510001515,-0.9880502119424195,41.7485048389341,0.04017489704165753,-0.137552812423395,0.9984315235570763,0.050151370000094175
3.7783392416713935,-0.43614076510001515,-0.9880502119424195,41.798214498463956,0.04384154855883956,-0.14017810204544404,0.9983733584473441,0.04979065107181668
3.7783392416713935,-0.43614076510001515,-0.9880502119424195,41.84808517599499,0.04746607650695575,-0.14280984109789305,0.9983166065743473,0.04995477106422186
3.7783392416713935,-0.43614076510001515,-0.9880502119424195,41.898050383845245,0.0510869012313843,-0.14547288517980067,0.9982593622014442,0.05005233082920313
3.7783392416713935,-0.43614076510001515,-0.9880502119424195,41.94850740801003,0.05464957366183072,-0.1484163011705214,0.9982556246843405,0.05054519395343959
3.7783392416713935,-0.43614076510001515,-0.9880502119424195,41.99809740346128,0.05825741018076819,-0.15133921448913562,0.9981949210212792,0.04967967118136585
3.7875688366682585,-0.45110353066285674,-1.0380471303651162,42.04779987582106,0.030074338127066558,-0.13184578173523154,0.998551335903304,0.0497745790053159
3.7875688366682585,-0.45110353066285674,-1.0380471303651162,42.097766207205375,0.03336326461515514,-0.1341079740417275,0.9984890380233377,0.05004194285720587
3.7875688366682585,-0.45110353066285674,-1.0380471303651162,42.14763617822944,0.03703772430511478,-0.13666449072744677,0.9984370767216756,0.049948035972192883
3.7875688366682585,-0.45110353066285674,-1.0380471303651162,42.19750248797825,0.04070144134345273,-0.13920096891357805,0.9983818415314735,0.04994713212363422
3.7875688366682585,-0.45110353066285674,-1.0380471303651162,42.24748718466368,0.04430100634044669,-0.14202097613757936,0.9983820418130163,0.05006570089608431
3.7875688366682585,-0.45110353066285674,-1.0380471303651162,42.29735201001942,0.04792117232731487,-0.14481111718125525,0.9983235995522276,0.049948559142649174
3.7940978903683473,-0.46318493355334356,-1.0776178363796205,42.34725930677208,0.026619133305537526,-0.13001677364581748,0.9985815794075416,0.04997818684205413
3.7940978903683473,-0.46318493355334356,-1.0776178363796205,42.39718513452229,0.03020650177090168,-0.13180177733465365,0.9985341674676356,0.04999911808408797
3.7940978903683473,-0.46318493355334356,-1.0776178363796205,42.447175627959794,0.03391846691832942,-0.1343214440859251,0.9984813869370546,0.05006652511656284
3.7940978903683473,-0.46318493355334356,-1.0776178363796205,42.49714065293938,0.037621535041270686,-0.13682457732184208,0.9984267395947378,0.050043756840750575
3.7940978903683473,-0.46318493355334356,-1.0776178363796205,42.547059969159356,0.04125749951313944,-0.13962154941876476,0.9984269396473282,0.04999796603806317
3.7940978903683473,-0.46318493355334356,-1.0776178363796205,42.59696377421132,0.0449036179475721,-0.1423924422570539,0.9983693416651548,0.04998531402088702
3.7940978903683473,-0.46318493355334356,-1.0776178363796205,42.64683018142796,0.04853919390949314,-0.14513559634162276,0.9983118611362721,0.04995073098689318
3.7940978903683473,-0.46318493355334356,-1.0776178363796205,42.69672718315475,0.052167756475105735,-0.14789815603658427,0.9982549034967791,0.04998422903008759
3.8019848548685315,-0.4785039593240357,-1.1300416652181844,42.74667714921076,0.024514025039299774,-0.127347806144017,0.9985866252592398,0.05002066399902105
3.8019848548685315,-0.4785039593240357,-1.1300416652181844,42.796747179450136,0.028283303190822975,-0.12888996055850346,0.9985525336513428,0.05014260997995734
3.8019848548685315,-0.4785039593240357,-1.1300416652181844,42.846505132632934,0.03200780969366484,-0.1316287411638659,0.9985611620984038,0.04982964997179806
3.8019848548685315,-0.4785039593240357,-1.1300416652181844,42.89637968417836,0.035725297260945865,-0.13427555772608132,0.9985055937811669,0.04994919593445957
3.8019848548685315,-0.4785039593240357,-1.1300416652181844,42.94634491694702,0.03944892156169377,-0.13689669774847835,0.9984496031235455,0.05004281899891794
3.8019848548685315,-0.4785039593240357,-1.1300416652181844,42.99639883620456,0.043178976738722084,-0.13954411444897893,0.9983939833886597,0.050134435994550586
3.8066067990865404,-0.4897927847323701,-1.1659612027930952,43.046153964972596,0.02477234930878032,-0.12534029824381845,0.9986119770713585,0.049824286019429564
3.8066067990865404,-0.4897927847323701,-1.1659612027930952,43.09611810234643,0.028823006049744644,-0.1265778182718896,0.9985846154974574,0.0500349560752511
3.8066067990865404,-0.4897927847323701,-1.1659612027930952,43.146043393682284,0.03261718218823505,-0.12930509524310077,0.9985901869564682,0.04999577603302896
3.8066067990865404,-0.4897927847323701,-1.1659612027930952,43.19596803261624,0.03640384123326147,-0.1319809492281517,0.9985341980536747,0.04999792599119246
3.8066067990865404,-0.4897927847323701,-1.1659612027930952,43.24610852100929,0.04019002417567685,-0.13461931707195185,0.9984785270546094,0.05021689203567803
3.8066067990865404,-0.4897927847323701,-1.1659612027930952,43.29590110893711,0.04399569603341535,-0.1372885764737365,0.9984228963201411,0.049871240044012666
3.8066067990865404,-0.4897927847323701,-1.1659612027930952,43.345712404429754,0.04777322590947926,-0.13996542017188796,0.9983687523353822,0.04989268281497061
3.8066067990865404,-0.4897927847323701,-1.1659612027930952,43.395866920605386,0.05155135597893496,-0.14265824247449824,0.9983147019883485,0.050239184172824025
3.8122503659846023,-0.5048417330549935,-1.215121281720648,43.44570386988379,0.02624758301047862,-0.12138875484117269,0.9986787800560594,0.04990288196131587
3.8122503659846023,-0.5048417330549935,-1.215121281720648,43.496015629172,0.030646789111014584,-0.12260394019616656,0.9986679215851775,0.0503788678906858
3.8122503659846023,-0.5048417330549935,-1.215121281720648,43.545492736068994,0.03459532293229406,-0.1252453907002067,0.9986138843183991,0.04954578308388591
3.8122503659846023,-0.5048417330549935,-1.215121281720648,43.59544740278534,0.038474737362213206,-0.12778504552040398,0.9985611415923695,0.0500266479793936
3.8122503659846023,-0.5048417330549935,-1.215121281720648,43.6454030948099,0.04239722132155514,-0.13036030335051008,0.998507128526309,0.050030380953103304
3.8122503659846023,-0.5048417330549935,-1.215121281720648,43.695927482392776,0.04632174976953698,-0.13296170874430865,0.9984539848133067,0.050602620001882315
3.818169278366502,-0.5189033541649934,-1.2502842834407601,43.745261092260144,0.02113229095913484,-0.12103916053049048,0.9986839468431427,0.04939862107858062
3.818169278366502,-0.5189033541649934,-1.2502842834407601,43.7951678163403,0.025583958532555875,-0.12161114085502628,0.9986847357374598,0.049972451059147716
3.818169278366502,-0.5189033541649934,-1.2502842834407601,43.84499358275525,0.029627332741451008,-0.12426884640498928,0.9986299697516163,0.04989412287250161
3.818169278366502,-0.5189033541649934,-1.2502842834407601,43.89494982780603,0.03363843207526379,-0.12686179098688863,0.9985764623715854,0.05002746102400124
3.818169278366502,-0.5189033541649934,-1.2502842834407601,43.94487902811656,0.03766736901232623,-0.12948860569119536,0.9985230565501433,0.050003051990643144
3.818169278366502,-0.5189033541649934,-1.2502842834407601,43.99482810096919,0.041698210529010724,-0.13213691895920301,0.9984702819405881,0.05002559791319072
3.818169278366502,-0.5189033541649934,-1.2502842834407601,44.04489225808015,0.0457958298466144,-0.13514991149963232,0.9984529067565124,0.05014173104427755
3.818169278366502,-0.5189033541649934,-1.2502842834407601,44.09473050079942,0.04984553296631303,-0.13825924958940344,0.9983941940468332,0.04991840198636055
3.818169278366502,-0.5189033541649934,-1.2502842834407601,44.14464458044902,0.053882645868806665,-0.14127619526743906,0.9983369182466938,0.049997229129076004
3.8213522924173717,-0.5305305632431422,-1.2952603346402516,44.19448757862368,0.036698290122116575,-0.1191101094471465,0.9985938835000169,0.04991318192332983
3.8213522924173717,-0.5305305632431422,-1.2952603346402516,44.24445264254605,0.04230197413331739,-0.1201102968721593,0.9986199786716119,0.05003411206416786
3.8213522924173717,-0.5305305632431422,-1.2952603346402516,44.29438680352555,0.04657041886690685,-0.12283441569982731,0.9985664261854003,0.05000584805384278
3.8213522924173717,-0.5305305632431422,-1.2952603346402516,44.34430990776134,0.05111946843687394,-0.12578320215328911,0.9985535561729928,0.04999541980214417
3.8213522924173717,-0.5305305632431422,-1.2952603346402516,44.394307593509936,0.0554990513929323,-0.12884390887831668,0.9984937539461272,0.05007310817018151
3.8213522924173717,-0.5305305632431422,-1.2952603346402516,44.44416132004289,0.05989954937531708,-0.13182199523194832,0.9984346801036572,0.049931885907426476
3.825426156429466,-0.5465610337661838,-1.3281137506159781,44.49415579765675,0.033077597679934824,-0.11585694671375114,0.9986695375879466,0.0500610820017755
3.825426156429466,-0.5465610337661838,-1.3281137506159781,44.544100551352116,0.03868205247184766,-0.11594409242754082,0.9986760833853673,0.05001096404157579
3.825426156429466,-0.5465610337661838,-1.3281137506159781,44.59401037341028,0.043272805007670875,-0.11868549861942836,0.998619634973676,0.049978811061009765
3.825426156429466,-0.5465610337661838,-1.3281137506159781,44.64395025537185,0.04869240045888304,-0.12167366894474603,0.9986005160811351,0.05000986997038126
3.825426156429466,-0.5465610337661838,-1.3281137506159781,44.69385035105113,0.053667813869199596,-0.12478640673495979,0.9985354112881735,0.04997328598983586
3.825426156429466,-0.5465610337661838,-1.3281137506159781,44.74387506886252,0.058664491393663636,-0.127820826947561,0.998471332361489,0.05010130605660379
3.828212347188002,-0.5612622419063142,-1.3578372644733339,44.79370142260376,0.0356304885754796,-0.11164169128264378,0.9987015112826232,0.04989113681949675
3.828212347188002,-0.5612622419063142,-1.3578372644733339,44.843822291168436,0.041968099997655106,-0.11190688131277524,0.9987060573835052,0.05018580611795187
3.828212347188002,-0.5612622419063142,-1.3578372644733339,44.89348877590221,0.04717780936446707,-0.11470377802259075,0.9986433164942256,0.049733957974240184
3.828212347188002,-0.5612622419063142,-1.3578372644733339,44.943395539925255,0.054599542462606926,-0.11772682719072045,0.9986119198157686,0.04997613490559161
3.828212347188002,-0.5612622419063142,-1.3578372644733339,44.99333401685315,0.060911616590660966,-0.12080309541047048,0.9985334634555892,0.05001182109117508
3.8314105692593308,-0.5774770110177002,-1.3892054975335915,45.04326247435112,0.03588495550051379,-0.10393788951116459,0.9987948388480758,0.049988701939582825
3.8314105692593308,-0.5774770110177002,-1.3892054975335915,45.09681510542655,0.043695527047843796,-0.10398628813112587,0.9988000991081455,0.053616966120898724
3.8314105692593308,-0.5774770110177002,-1.3892054975335915,45.14335826537562,0.050702947603492705,-0.1068356052163564,0.9987168839595072,0.04660295695066452
3.8314105692593308,-0.5774770110177002,-1.3892054975335915,45.19308620501077,0.05675404559315236,-0.10946747608675204,0.9986545762580313,0.04979493492282927
3.8314105692593308,-0.5774770110177002,-1.3892054975335915,45.243256453653736,0.06910076555772986,-0.11230545852545522,0.9985884189713738,0.0502411681227386
3.8314105692593308,-0.5774770110177002,-1.3892054975335915,45.29304650550125,0.07867512513684435,-0.11500741357340301,0.9984749140819118,0.04986610193736851
3.8314105692593308,-0.5774770110177002,-1.3892054975335915,45.342996021116925,0.08820319270606326,-0.11781801386793916,0.9983634784638757,0.05003139306791127
3.834034193589645,-0.5916397418358289,-1.416617446651443,45.39318284961428,0.07036570255010355,-0.10222255275861525,0.9986265198408619,0.05025585391558707
3.834034193589645,-0.5916397418358289,-1.416617446651443,45.44297740893589,0.08152696949342643,-0.10224822172877408,0.9986004708224713,0.049864345928654075
3.834034193589645,-0.5916397418358289,-1.416617446651443,45.49272363074905,0.09120292700156067,-0.10480891841656216,0.9984914459030054,0.04982138006016612
3.834034193589645,-0.5916397418358289,-1.416617446651443,45.54269316840301,0.10083353876672471,-0.10726872153881514,0.9983850371892141,0.05005036713555455
3.8364700361174706,-0.6077708358304514,-1.4352549569329185,45.59248533337261,0.07875209661527871,-0.09708677535880755,0.9986517517869483,0.049859387800097466
3.8364700361174706,-0.6077708358304514,-1.4352549569329185,45.64253893954114,0.08945022638289674,-0.0964108802907038,0.9986022382812955,0.05012366711162031
3.8364700361174706,-0.6077708358304514,-1.4352549569329185,45.692449734399645,0.09926030381930427,-0.09872241665428597,0.9984947562122095,0.04998603602871299
3.8364700361174706,-0.6077708358304514,-1.4352549569329185,45.742481225240375,0.10899274072214901,-0.10097003605919089,0.9983908277892451,0.05011212988756597
3.838461853967655,-0.6266827963578349,-1.4544939539289536,45.79234820927704,0.0817141978841595,-0.0885274028877699,0.9987191085828325,0.049930940149351954
3.838461853967655,-0.6266827963578349,-1.4544939539289536,45.84229473418462,0.09258561914116736,-0.0873352655747914,0.9986693484301501,0.050013074884191155
3.838653273201269,-0.6351076528841731,-1.4621379464977966,45.892169039636244,0.08612043818312383,-0.08219395471050764,0.9987585478080958,0.04993629897944629
3.838653273201269,-0.6351076528841731,-1.4621379464977966,45.94212415929111,0.09643587945919985,-0.08249022844555748,0.9986766155318978,0.0500213170889765
3.838653273201269,-0.6351076528841731,-1.4621379464977966,45.99207404983961,0.1062965204853766,-0.08436040045454582,0.9985734165937596,0.05002125003375113
3.838653273201269,-0.6351076528841731,-1.4621379464977966,46.042099549793654,0.11612785960225468,-0.08621234407755118,0.9984717797534143,0.05010206694714725
3.8414041337103946,-0.6533914899967255,-1.4776467682684482,46.09226658009474,0.0894412029704046,-0.07952101249579281,0.9987521192118118,0.05022971099242568
3.8414041337103946,-0.6533914899967255,-1.4776467682684482,46.141727793214336,0.1000789557438868,-0.07816086770250705,0.9986972056259524,0.04952573496848345
3.8414398373964613,-0.6640461056611446,-1.4846309472624486,46.19166411087745,0.0890911950535035,-0.07267751697468877,0.9988281521840312,0.049994904082268476
3.8414398373964613,-0.6640461056611446,-1.4846309472624486,46.24163772564906,0.09944795567936604,-0.0723645034497654,0.9987443705768408,0.0500364420004189
3.8414398373964613,-0.6640461056611446,-1.4846309472624486,46.29162725403418,0.10937395383240607,-0.0739253448424929,0.9986426282121489,0.05005747498944402
3.8414398373964613,-0.6640461056611446,-1.4846309472624486,46.34154784274587,0.11927251804634098,-0.07546313371811202,0.9985424427026287,0.04999345703981817
3.8429746852740556,-0.6827631381980938,-1.4965871783115001,46.39152134710666,0.09199959666737076,-0.06861406788400674,0.998831754678367,0.05003195395693183
3.8429746852740556,-0.6827631381980938,-1.4965871783115001,46.44149197313509,0.10252420356587374,-0.067084310146326,0.9987634649448638,0.05003249295987189
3.8429746852740556,-0.6827631381980938,-1.4965871783115001,46.49141744570256,0.11248481528388796,-0.0684964313489824,0.9986616480783702,0.049992379965260625
3.84396105858158,-0.695665332410853,-1.5007673045263012,46.54159667396529,0.09662091231480073,-0.06747231218063907,0.9988229773090999,0.05023835995234549
3.84396105858158,-0.695665332410853,-1.5007673045263012,46.59120843709053,0.10676860454379782,-0.06659852352396194,0.9987344235950952,0.0496746301651001
3.845109733089203,-0.7060438232508305,-1.505329555597046,46.641180183486895,0.09584862195243687,-0.06624274521608356,0.9988424170707216,0.05002965987659991
3.8465285304925834,-0.7183348212702158,-1.5111405129025395,46.690980250534736,0.08129696320516361,-0.06376597603325758,0.9990030425531186,0.049849765142425895
3.8465285304925834,-0.7183348212702158,-1.5111405129025395,46.74101641589403,0.09146250064695816,-0.06283107750968642,0.9989219954637422,0.050090162781998515
3.8465285304925834,-0.7183348212702158,-1.5111405129025395,46.790889033455706,0.10145687792626185,-0.06407540669291237,0.9988209337726087,0.049931490095332265
3.8465285304925834,-0.7183348212702158,-1.5111405129025395,46.84098496221079,0.11138427551132558,-0.06529289897569472,0.9987221645421963,0.05016002501361072
3.8469346300655496,-0.7359897907261947,-1.5237314868381504,46.89105822624529,0.08652347933084804,-0.055928562993498604,0.9989862584569966,0.05012407689355314
3.8469346300655496,-0.7359897907261947,-1.5237314868381504,46.94091300490894,0.0972482553532512,-0.05433421358310815,0.9989190379249837,0.049908728105947375
3.8469346300655496,-0.7359897907261947,-1.5237314868381504,46.99079359762611,0.10722340415003034,-0.05537575475704967,0.9988184678675526,0.049939597956836224
3.8478667463031364,-0.7464520225360997,-1.5269188464691748,47.04073480578147,0.09619743401151268,-0.05566447315481116,0.9989283910890864,0.049994783010333776
3.8478667463031364,-0.7464520225360997,-1.5269188464691748,47.09065951399108,0.10626397543703037,-0.05491047403634923,0.9988395434430273,0.04998271097429097
3.8478667463031364,-0.7464520225360997,-1.5269188464691748,47.14063752108722,0.11625207649233504,-0.05589184364401439,0.9987392756985672,0.050041095120832324
3.8478667463031364,-0.7464520225360997,-1.5269188464691748,47.1907370383828,0.1262258456845189,-0.05684663904045241,0.9986401109237878,0.05016773985698819
3.8501548738586227,-0.7678570771198014,-1.5365385718238656,47.24069677596672,0.09331542825755662,-0.05507443014559728,0.9989684216226308,0.050011328188702464
3.8501548738586227,-0.7678570771198014,-1.5365385718238656,47.29095143385439,0.10366819096313934,-0.052640892697021185,0.9989010534472319,0.050309945829212666
3.8502205632106055,-0.778064022306388,-1.540818095141021,47.34044548309392,0.09347502725059632,-0.04995390526808612,0.9990028166192737,0.049543453147634864
3.8502205632106055,-0.778064022306388,-1.540818095141021,47.390349347654144,0.10362749208108032,-0.049089797200768906,0.9989165214367923,0.04995799297466874
3.8503546382271776,-0.7894205488618401,-1.5454099576136147,47.44018316420933,0.09103665711167423,-0.0462878505457801,0.9990424062559768,0.04988158284686506
3.8503546382271776,-0.7894205488618401,-1.5454099576136147,47.49024695175654,0.10126106305897138,-0.04524101172390425,0.9989555133820728,0.050116133177652955
3.8503546382271776,-0.7894205488618401,-1.5454099576136147,47.54018877280683,0.11129397845911837,-0.04595953869032841,0.9988545042473579,0.0499990948010236
3.8503546382271776,-0.7894205488618401,-1.5454099576136147,47.59042055553972,0.12128034874354561,-0.04664867591175277,0.9987551201836395,0.050294393207877874
3.8513468574309044,-0.808017975748049,-1.5510458662872684,47.640068748083785,0.0941549321450256,-0.04510943840585382,0.9990264444794278,0.04969657491892576
3.8513468574309044,-0.808017975748049,-1.5510458662872684,47.690032475007285,0.10431599492685734,-0.04301236327442364,0.9989449273946097,0.050016497960314155
3.8513468574309044,-0.808017975748049,-1.5510458662872684,47.739963046077605,0.1143426246252481,-0.04365536798351507,0.9988432515508177,0.04998839506879449
3.8519497873276376,-0.8179214399946151,-1.553715669156222,47.79143096415274,0.10451680285682681,-0.04371240867878243,0.9989418633412747,0.051522435853257775
3.8519497873276376,-0.8179214399946151,-1.553715669156222,47.839855978037136,0.11490776115993578,-0.042777933999040056,0.9988467799947219,0.04848092305473983
3.852834115247442,-0.8280028434288382,-1.5568572362637685,47.89036088405056,0.10441948271493902,-0.043350599443667155,0.998953394096926,0.0505578201264143
3.852834115247442,-0.8280028434288382,-1.5568572362637685,47.93965368236133,0.11462049348422429,-0.04232025638913427,0.9988620717700827,0.04934895387850702
3.8529448775045148,-0.8386470539210438,-1.5596582786376407,47.98972155558298,0.1032747989412774,-0.040978700733179836,0.9989745503110342,0.05011926800943911
3.8529448775045148,-0.8386470539210438,-1.5596582786376407,48.039660876838525,0.11344140044794787,-0.03986829678424592,0.9988817361317394,0.04999522911384702
3.853286805696285,-0.850078288106976,-1.5643371566925242,48.08952433431564,0.10065469828386714,-0.03773669276264542,0.9990076258485704,0.049912989838048816
3.853286805696285,-0.850078288106976,-1.5643371566925242,48.13980483664035,0.11086682216006227,-0.03652415556818692,0.9989206544366087,0.050334831001237035
3.852610044376009,-0.8606117383889785,-1.5674803784044788,48.18943835714211,0.10000768799756683,-0.03272185361707237,0.9990233574948757,0.049682042095810175
3.852610044376009,-0.8606117383889785,-1.5674803784044788,48.239434410669446,0.11015701188682214,-0.03166410595481733,0.9989302116819099,0.05004959600046277
3.8530679116867907,-0.8711527258507075,-1.5710795320653357,48.289358690484846,0.09912080916067484,-0.03070444318402841,0.9990390835267093,0.04997229902073741
3.8530679116867907,-0.8711527258507075,-1.5710795320653357,48.33932273579383,0.10925630771091535,-0.029626904269687372,0.9989482982872341,0.05001664790324867
3.852612081118225,-0.8823607020507145,-1.5748857568379173,48.38931245312836,0.09693985490421927,-0.0259698966929547,0.9990651273396874,0.050036495085805655
3.852612081118225,-0.8823607020507145,-1.5748857568379173,48.43982642328134,0.10715246243101018,-0.024840519119247555,0.9989718800527428,0.05056595802307129
3.8525876040991243,-0.8917761618538868,-1.577470366773266,48.48920452575173,0.09847709512625052,-0.023281153041425653,0.9990549195221959,0.04942481289617717
3.8525876040991243,-0.8917761618538868,-1.577470366773266,48.53910562646513,0.1084710693842957,-0.02236342942334756,0.9989614349858688,0.04995298013091087
3.8521722436681034,-0.9010119977783059,-1.5775847418885105,48.58908182615718,0.10001578014828169,-0.021558517776336567,0.9990418579189995,0.050024129915982485
3.8521722436681034,-0.9010119977783059,-1.5775847418885105,48.638990359044534,0.11003519555279652,-0.020665984204733957,0.9989409007731487,0.049961447017267346
3.852103684730563,-0.9117563383719619,-1.5785498444640336,48.68888326820935,0.09856012805962508,-0.020212135801003662,0.9990535107269973,0.04994017700664699
3.852103684730563,-0.9117563383719619,-1.5785498444640336,48.73907601168288,0.10857560201111412,-0.019182942105204877,0.9989549745242821,0.050245251040905714
3.85162299363731,-0.9210392218563083,-1.5804186586356739,48.78887335227233,0.10009311446013637,-0.01680366374590822,0.9990336879625181,0.04984550690278411
3.85162299363731,-0.9210392218563083,-1.5804186586356739,48.838997220705,0.11014618243742436,-0.015955710778942922,0.9989359998361554,0.05017725704237819
3.852088879018123,-0.9315099597417974,-1.5814391281031013,48.88875036616382,0.09924893874952956,-0.016924037779002893,0.9990463071700333,0.04980063997209072
3.852088879018123,-0.9315099597417974,-1.5814391281031013,48.93889478130155,0.10920519194691056,-0.015950534979507457,0.9989489057703206,0.05019717710092664
3.852128252292898,-0.9423155502934382,-1.5831206283483887,48.98862470986522,0.09765169770703325,-0.015236453259254821,0.9990620413538304,0.0497766169719398
3.852128252292898,-0.9423155502934382,-1.5831206283483887,49.03890178466419,0.10765116050508543,-0.014238266327439872,0.9989649528348518,0.05032916786149144
3.8526849895383517,-0.9524817104733477,-1.584060076232699,49.08860742026224,0.09739658522483112,-0.015534199921979614,0.9990696555505733,0.0497519220225513
3.8526849895383517,-0.9524817104733477,-1.584060076232699,49.13850546542921,0.10733451263346873,-0.014567749224793957,0.9989723026973032,0.049949378008022904
3.852629766856079,-0.9615952042921869,-1.5852091609917838,49.18847415248269,0.09910967179294224,-0.013946848651539048,0.9990519057360944,0.05001610703766346
3.852629766856079,-0.9615952042921869,-1.5852091609917838,49.23853837946322,0.10914046746575046,-0.013073295965945803,0.99895276282774,0.050116711063310504
3.853088784861116,-0.9708526146655546,-1.586623163705701,49.288297835556776,0.10066343358893193,-0.013700943738290033,0.999038838839639,0.04980732896365225
3.853088784861116,-0.9708526146655546,-1.586623163705701,49.33826706266847,0.11063646643892683,-0.01280266237800432,0.9989414730806592,0.050022176932543516
3.8518380940249934,-0.9807043677722278,-1.5873517988865513,49.38826348688982,0.10094162207778243,-0.009130915360519461,0.9991241487016287,0.05004025204107165
3.8518380940249934,-0.9807043677722278,-1.5873517988865513,49.43862312501696,0.1110031085046633,-0.00824254227447884,0.999022338832368,0.05040892097167671
3.851857250283428,-0.989514250547472,-1.5878081400555648,49.48818007351293,0.1034682148718221,-0.008256429193972304,0.9990954676452722,0.04960181494243443
3.851857250283428,-0.989514250547472,-1.5878081400555648,49.53813266219267,0.11338093389288077,-0.007468942260742999,0.9989955075065354,0.05000281613320112
3.8514899156187505,-1.0016143020573052,-1.5882841491790227,49.588115690864164,0.09917833153665612,-0.006525530395077759,0.9991323147765716,0.05002643587067723
3.8514899156187505,-1.0016143020573052,-1.5882841491790227,49.63806566777254,0.10918785683843482,-0.0055350706615014365,0.9990471289946751,0.04999761818908155
3.850979848331657,-1.012603446989981,-1.5895434448842087,49.688384310981604,0.09719834219670548,-0.00351107323522609,0.999159929790352,0.050360949942842126
3.850979848331657,-1.012603446989981,-1.5895434448842087,49.73799714161731,0.10729503373307417,-0.0026431087350704888,0.999057919582849,0.049659613985568285
3.8510462778987358,-1.0223321834342813,-1.5906993397172484,49.78789194029217,0.09777220282414628,-0.002241836907563551,0.9991511672319805,0.04993718699552119
3.8510462778987358,-1.0223321834342813,-1.5906993397172484,49.837798129439584,0.10776340214308171,-0.0014555185446791508,0.9990501027439275,0.04995363997295499
3.8510462778987358,-1.0223321834342813,-1.5906993397172484,49.887783218346364,0.11773428815848291,-0.0011923330718080689,0.9989471721149463,0.0500377700664103
3.85140422429349,-1.0315670721439216,-1.5901860493355708,49.93773506997157,0.10928691179330072,-0.0028587494786429203,0.9990441075115892,0.04999964591115713
3.85140422429349,-1.0315670721439216,-1.5901860493355708,49.989267808990576,0.11923782395817836,-0.0020928977806723634,0.998941560075037,0.05158734112046659
3.8512317935520954,-1.042359014495639,-1.5898116220899141,50.03770923810746,0.10796387951389456,-0.002208039755986201,0.999050356978767,0.04848747490905225
3.8512317935520954,-1.042359014495639,-1.5898116220899141,50.08959225329569,0.11763095771871616,-0.0014001114891402685,0.9989521675924391,0.05193743691779673
3.851267852552395,-1.0533072407191328,-1.5901491851141383,50.137552868496535,0.1061225732738322,-0.0015333242463757898,0.9990628001463306,0.048005606047809124
3.851267852552395,-1.0533072407191328,-1.5901491851141383,50.18939921811443,0.11570612037643987,-0.0007408622946675828,0.9989665816587538,0.05189998401328921
3.85131940844571,-1.0655649410966386,-1.5896859516705284,50.237444300709676,0.10157648347147508,-0.001605426183774403,0.9991121981938526,0.04808777500875294
3.85131940844571,-1.0655649410966386,-1.5896859516705284,50.288245925548786,0.11115625116324672,-0.0007484998114485794,0.9990150760149862,0.050851709907874465
3.851518688249495,-1.0781084706366486,-1.5889062496989461,50.33744333317849,0.0962534925568198,-0.0022903084260332655,0.9991625375724161,0.049238643143326044
3.851518688249495,-1.0781084706366486,-1.5889062496989461,50.387246832019336,0.10605129641730127,-0.0013961033171419539,0.9990612461870062,0.049850295996293426
3.850672298370459,-1.0886278449073883,-1.5890042252129515,50.43719848053766,0.0949474182263938,0.0007894158021516237,0.9991613841701412,0.04999357392080128
3.850672298370459,-1.0886278449073883,-1.5890042252129515,50.48733252938665,0.10493887193033616,0.0015240743328463467,0.9990569559935346,0.050181372091174126
3.8508366564830956,-1.0978443713176713,-1.5900826138906814,50.537361727899636,0.09654459434665591,0.0017194949416389793,0.9991443855538543,0.050072040874511003
3.8508366564830956,-1.0978443713176713,-1.5900826138906814,50.58720437782067,0.10655257830659595,0.0023877300829180034,0.9990411958237241,0.049890485126525164
3.8508366564830956,-1.0978443713176713,-1.5900826138906814,50.637061580686826,0.11650687443344349,0.002697118012082706,0.9989368721659173,0.049910263856872916
3.8508366564830956,-1.0978443713176713,-1.5900826138906814,50.68706916298133,0.12646316460652798,0.003025625033326694,0.9988322461205519,0.05006604711525142
3.851315059959018,-1.1185089684143124,-1.5886179542645582,50.73691422640513,0.095196157301721,-0.0002562510945558782,0.9991480114431439,0.04988756706006825
3.851315059959018,-1.1185089684143124,-1.5886179542645582,50.786992111580595,0.10510342610739776,0.0009339426285850511,0.9990432346637034,0.05012584384530783
3.8504102684303976,-1.1300671605334824,-1.5872812198716622,50.837040157060244,0.09197473825069001,0.002199811128898099,0.9991705953481981,0.05008959001861513
3.8504102684303976,-1.1300671605334824,-1.5872812198716622,50.886926514517626,0.10195658710788968,0.0029141749547761625,0.9990644160065038,0.04993307404220104
3.850255554853226,-1.1401530022353963,-1.5867075127496544,50.93777587859382,0.09176266588373357,0.0027802778396969494,0.9991611880342234,0.05089205293916166
3.850255554853226,-1.1401530022353963,-1.5867075127496544,50.98707907094403,0.10190824600048803,0.003408064487819225,0.9990532374130654,0.04934991500340402
3.850255554853226,-1.1401530022353963,-1.5867075127496544,51.0367062649637,0.1117550929822482,0.0036938946405444457,0.9989498224802013,0.04967936617322266
3.850255554853226,-1.1401530022353963,-1.5867075127496544,51.08665101702974,0.12166580103262754,0.004003215551764304,0.9988444210349561,0.050002533942461014
3.8494352865634234,-1.1595020192512115,-1.5863289007522245,51.136573735725555,0.09294087657999944,0.005607320701564035,0.999127685491126,0.049966305028647184
3.8494352865634234,-1.1595020192512115,-1.5863289007522245,51.18671394816225,0.10290723612320357,0.006370235152761429,0.9990220309175574,0.0501892960164696
3.8494352865634234,-1.1595020192512115,-1.5863289007522245,51.23706120231996,0.11291890491573967,0.0067062582908085375,0.99891558181094,0.05040191090665758
3.848872184385591,-1.1719354372515887,-1.5867496587368204,51.28641105712338,0.098096717106499,0.00852945502288565,0.9990535323610034,0.04939660709351301
3.848872184385591,-1.1719354372515887,-1.5867496587368204,51.3364447617851,0.10795191424103903,0.009040400673426591,0.9989492299343616,0.05008633388206363
3.849226475019722,-1.181943366324338,-1.5869761078532743,51.386366234148916,0.09796612698944576,0.008227017789393517,0.9990451000739765,0.04996918793767691
3.849226475019722,-1.181943366324338,-1.5869761078532743,51.4362878463834,0.10793429821800561,0.008718946336096687,0.9989386664917519,0.049974652007222176
3.8489989788273045,-1.1921280678014194,-1.58762504224786,51.48623306502539,0.09753554750155574,0.009858783431567484,0.9990413590845143,0.0499931441154331
3.8489989788273045,-1.1921280678014194,-1.58762504224786,51.537215750284815,0.10750948894236059,0.010331542898481644,0.9989350520652096,0.05103703704662621
3.849295296098728,-1.2025854208962559,-1.5852869304214594,51.586748690158615,0.09682883951225528,0.007729631743200722,0.9990397032486482,0.049580551916733384
3.849295296098728,-1.2025854208962559,-1.5852869304214594,51.64690976027441,0.10669722914883298,0.008215412641234076,0.9989341549894876,0.06022526090964675
3.8490054040897568,-1.2120867835237885,-1.583548653325464,51.686060333723916,0.0997168997694295,0.007843612178803572,0.9989890161233542,0.039190194103866816
3.8490054040897568,-1.2120867835237885,-1.583548653325464,51.73623642907623,0.10752235179266934,0.00818838795881842,0.9989241176047416,0.05023013707250357
3.8493229848409483,-1.220988674389391,-1.5819749483805288,51.785896355014124,0.09977838208226568,0.0061940943725540525,0.9989921956668755,0.04971002391539514
3.8493229848409483,-1.220988674389391,-1.5819749483805288,51.835855610888835,0.10968031604044287,0.006621083956849765,0.9988860485015447,0.0500149701256305
3.848829887519593,-1.2308746992488355,-1.5814542198748998,51.88584935082412,0.09988272973265065,0.007688779903484001,0.9989742255387402,0.0500450748950243
3.848829887519593,-1.2308746992488355,-1.5814542198748998,51.936434313235665,0.10986144442385117,0.008093422731180997,0.9988668662655356,0.0506423469632864
3.8491724257018403,-1.2428244586780992,-1.579449232756792,51.98594596659375,0.09611094841543531,0.005646854811222535,0.9990006370455695,0.04956118296831846
3.8491724257018403,-1.2428244586780992,-1.579449232756792,52.03587621107395,0.10598193907694607,0.006083295168865089,0.998894349296271,0.04998551099561155
3.849813247402415,-1.2540940197146109,-1.5780582504422969,52.085777809866315,0.09346510167315787,0.0032882860446258773,0.9990246664174498,0.04995031701400876
3.849813247402415,-1.2540940197146109,-1.5780582504422969,52.13562201058721,0.10341330869083384,0.003741380191492447,0.9989177510900596,0.049898202996701
3.849813247402415,-1.2540940197146109,-1.5780582504422969,52.18549438714933,0.1133700596030249,0.003975625481896466,0.9988108069821472,0.04993175505660474
3.8496731103053783,-1.2645847515365911,-1.5773319156712098,52.23543354944752,0.10236563745461343,0.00388963986722881,0.9989132233558324,0.04999349405989051
3.8496731103053783,-1.2645847515365911,-1.5773319156712098,52.285312003348075,0.11233448627816887,0.004302752550731252,0.998805521687751,0.0499381038825959
3.8496731103053783,-1.2645847515365911,-1.5773319156712098,52.335264615155324,0.12229787261257205,0.004545444549590452,0.9986979377386128,0.050017738016322255
3.8497904113693586,-1.2848549071286732,-1.5777106562912562,52.38522527796333,0.09177111712002459,0.004476398128189193,0.999003986142305,0.0500104739330709
3.8497904113693586,-1.2848549071286732,-1.5777106562912562,52.43530120480341,0.10175275093819888,0.004997375531336157,0.9988973302432302,0.0501312050037086
3.8496955511447415,-1.2991398909779213,-1.5767187570453494,52.48520951988664,0.08320858386471207,0.004563951722590435,0.9990755198815165,0.04995449702255428
3.8496955511447415,-1.2991398909779213,-1.5767187570453494,52.53516719878026,0.09316935131120806,0.0050032986286202745,0.9989682256403218,0.05000927718356252
3.8496955511447415,-1.2991398909779213,-1.5767187570453494,52.58515298109533,0.10314843379851421,0.005239583823845801,0.9988606048801884,0.05004280083812773
3.8496955511447415,-1.2991398909779213,-1.5767187570453494,52.635020022149504,0.11313298938995169,0.005486178804033058,0.9987527347411856,0.04992931615561247
3.8498569325758236,-1.3184930940903885,-1.5746456197022147,52.68494645023007,0.08443142527558715,0.0034602787426166242,0.9990426889437433,0.049974269000813365
3.8498569325758236,-1.3184930940903885,-1.5746456197022147,52.73485799753339,0.09438636666248312,0.0039907569361611345,0.9989354988941256,0.04996473481878638
3.849743312108159,-1.3286512814626095,-1.575189807970623,52.784762106678066,0.08404143575732273,0.004847898190984808,0.9989206770148509,0.04995802999474108
3.849743312108159,-1.3286512814626095,-1.575189807970623,52.834877613202394,0.09401415131048582,0.005176446469755471,0.9988165287774146,0.050174887059256434
3.849743312108159,-1.3286512814626095,-1.575189807970623,52.8848342080144,0.1040254741281601,0.005405650246489164,0.99871229808294,0.050021006958559155
3.849743312108159,-1.3286512814626095,-1.575189807970623,52.93475474172591,0.11400501891829308,0.00564282863418714,0.9986087783298899,0.04999008099548519
3.849743312108159,-1.3286512814626095,-1.575189807970623,52.98459529703393,0.12397812086278387,0.005888383245700917,0.9985138924225188,0.04991473397240043
3.849349696313223,-1.348801487670926,-1.5750326254610858,53.034438715436,0.09365451014122592,0.0070227385830317944,0.9988129766000657,0.04990265402011573
3.849349696313223,-1.348801487670926,-1.5750326254610858,53.08446037029234,0.10360690549099122,0.007342426243009527,0.9987010679510325,0.050086714094504714
3.84894015033538,-1.3595371981519753,-1.5742197975447363,53.134502170063556,0.09213452014187772,0.008094985347827882,0.9988128795320131,0.05010127602145076
3.84894015033538,-1.3595371981519753,-1.5742197975447363,53.18453071139528,0.10212592446517102,0.008343787559629964,0.9987118634660251,0.05009306804277003
3.8490306505483374,-1.371292308442064,-1.5730364770753629,53.2343378462377,0.08863524504393104,0.007448989259872412,0.9988467982816112,0.04986463882960379
3.8490306505483374,-1.371292308442064,-1.5730364770753629,53.28435333263708,0.09858360210177845,0.007685384147729111,0.9987550431200721,0.05007783113978803
3.8490306505483374,-1.371292308442064,-1.5730364770753629,53.3343015108928,0.10857511263719423,0.007938023284026098,0.9986552412725048,0.050015436951071024
3.8490306505483374,-1.371292308442064,-1.5730364770753629,53.384156628293795,0.11855302334861689,0.008196787195306485,0.9985546262375318,0.04992728098295629
3.849013986196036,-1.3903112560476167,-1.5713919747657301,53.433995013058166,0.09050974776180443,0.007248570156193875,0.9988365832324937,0.04989643511362374
3.849013986196036,-1.3903112560476167,-1.5713919747657301,53.483896729129334,0.1004632423251692,0.007467004108714332,0.998737953598159,0.049964773934334517
3.849027045850223,-1.4027277791834822,-1.5708482214266741,53.53396642839451,0.08561996225801326,0.007326211963150892,0.9988872582925925,0.050125475972890854
3.849027045850223,-1.4027277791834822,-1.5708482214266741,53.583854483030656,0.09562269996739771,0.007512193454118276,0.9987963037904193,0.04994817706756294
3.848630111380658,-1.4137881294860686,-1.5699949358628713,53.63389918893724,0.08347924464289878,0.008295850441119612,0.9989184995266971,0.0500988878775388
3.848630111380658,-1.4137881294860686,-1.5699949358628713,53.68372874145545,0.09347390375624604,0.008447813810450401,0.998823239862991,0.04988825903274119
3.848630111380658,-1.4137881294860686,-1.5699949358628713,53.733696315283595,0.10342931891559126,0.008689112965530217,0.9987258150707803,0.05003132298588753
3.848630111380658,-1.4137881294860686,-1.5699949358628713,53.78362192785688,0.11341212529186159,0.008935195576009074,0.998627771373838,0.04999421606771648
3.848699810109036,-1.431863357118003,-1.5670108036184633,53.833507220342845,0.08727720891312897,0.00686984341389376,0.9988923139728095,0.04994061100296676
3.848699810109036,-1.431863357118003,-1.5670108036184633,53.883898139973255,0.09724744262177282,0.00700720237350258,0.9988029393343024,0.050451312912628055
3.849101547702121,-1.4431153982571803,-1.5654852289287127,53.9333577875481,0.08483826866351353,0.005140920423901425,0.9989309713006299,0.04951257794164121
3.849101547702121,-1.4431153982571803,-1.5654852289287127,53.98330200277825,0.09472238465832665,0.005278070472663433,0.9988400939062712,0.05000221310183406
3.849101547702121,-1.4431153982571803,-1.5654852289287127,54.03356709998557,0.10470251121617291,0.005441258010073759,0.9987423858148192,0.05032839090563357
3.849101547702121,-1.4431153982571803,-1.5654852289287127,54.08330802150516,0.11474673448889298,0.005609406681075312,0.9986440535363824,0.04980845912359655
3.8485549986857808,-1.4624363683863437,-1.562997138273248,54.13331197446904,0.08607586435243549,0.005811746812359296,0.9989323868743694,0.0500573948957026
3.8485549986857808,-1.4624363683863437,-1.562997138273248,54.18307744132742,0.09606767632486887,0.005892667554587586,0.9988427828591409,0.04982312303036451
3.8487164200697412,-1.472839715169821,-1.5633038296310235,54.23304162401839,0.08521939779013954,0.006106673345076308,0.9989545187090183,0.05001647397875786
3.8487164200697412,-1.472839715169821,-1.5633038296310235,54.28298723316551,0.09520350250270679,0.006169880803150959,0.9988624966550141,0.05000248714350164
3.8487164200697412,-1.472839715169821,-1.5633038296310235,54.33289698501131,0.10518437835683497,0.006332289292314742,0.9987651945658492,0.049971456872299314
3.8487164200697412,-1.472839715169821,-1.5633038296310235,54.38286962995088,0.11515794343511561,0.00649680222740783,0.9986678250388956,0.05003930605016649
3.8491222345210367,-1.4912973773093128,-1.5624120641896553,54.43298938508803,0.08825807268803715,0.005314295011369854,0.9989395308506146,0.050172962015494704
3.8491222345210367,-1.4912973773093128,-1.5624120641896553,54.48284281186878,0.09827632596668527,0.005346726284276979,0.9988491649050126,0.049910865956917405
3.849719795455525,-1.5030758886878113,-1.5610551552244052,54.53271489590149,0.08470143154378308,0.0031394490661443087,0.9989892153506558,0.04992254497483373
3.849719795455525,-1.5030758886878113,-1.5610551552244052,54.58270072963313,0.09470692105285378,0.0032418574011307804,0.9992828862350166,0.05002170498482883
3.849719795455525,-1.5030758886878113,-1.5610551552244052,54.63270142293894,0.10469456343035156,0.0033466145259450552,0.9991663516421313,0.050042411079630256
3.849719795455525,-1.5030758886878113,-1.5610551552244052,54.68270306987992,0.11468487928055267,0.0034539585130558023,0.9990466817297807,0.050049359910190105
3.8497428441185413,-1.5207130172394878,-1.5591431307691714,54.73260290629393,0.0894310791913556,0.002565074428631979,0.9992856644404342,0.049935507122427225
3.8497428441185413,-1.5207130172394878,-1.5591431307691714,54.78284343157599,0.09939994420493611,0.002679210740954926,0.9991668139669477,0.050282419892027974
3.8502400582976235,-1.5315686829946762,-1.558453910907959,54.8324390884721,0.08773701824341514,0.0012351793938023754,0.9992640210671528,0.049632185138762
3.8502400582976235,-1.5315686829946762,-1.558453910907959,54.88252504558234,0.09765686617301568,0.001330133361296582,0.9992670213753091,0.05012269597500563
3.8502400582976235,-1.5315686829946762,-1.558453910907959,54.93237041080165,0.10766483601692589,0.0013895577223024711,0.9991484745227194,0.04988784599117935
3.8502400582976235,-1.5315686829946762,-1.558453910907959,54.98286097175368,0.11762469798900377,0.0014508918455607125,0.9990301837829358,0.050539575051516294
3.8502400582976235,-1.5315686829946762,-1.558453910907959,55.03229777074646,0.12771403547942287,0.0015154900569790707,0.9989160741107198,0.04949044296517968
3.8505854017978884,-1.55111693306985,-1.558433617226844,55.08224956345081,0.09851972010894189,0.0012922053285825334,0.9991905881282999,0.049992257030680776
3.8505854017978884,-1.55111693306985,-1.558433617226844,55.13224726755172,0.10849972784824931,0.001413332269841174,0.9990720809776328,0.050044141011312604
3.850631707289496,-1.5622669831882436,-1.5587956257459272,55.18219420809291,0.0962169833584076,0.002029325843196667,0.999284483524763,0.04998270398937166
3.850631707289496,-1.5622669831882436,-1.5587956257459272,55.23219276248709,0.10619685486901348,0.0021150127101922755,0.9991662018505867,0.0500402778852731
3.8505168939159113,-1.5731172119062038,-1.5596994577757026,55.28268659794186,0.09450417601600379,0.003594010728313935,0.9992631360037999,0.05053106998093426
3.8505168939159113,-1.5731172119062038,-1.5596994577757026,55.33246219867856,0.10459184762009845,0.003659297099143608,0.9991485140441864,0.04981802008114755
3.8503241409438616,-1.5831611557326342,-1.5608476766803077,55.382388740130516,0.0944642625542483,0.005527203015090541,0.9992307090505552,0.049964979058131576
3.8503241409438616,-1.5831611557326342,-1.5608476766803077,55.432041763796256,0.10443378185466781,0.0055755437063057444,0.9991116737879482,0.049697170965373516
3.850475994029671,-1.5940903089313962,-1.5595509151739322,55.48348834423646,0.09252483985018592,0.004668073595430286,0.9993143120408925,0.05148188094608486
3.850475994029671,-1.5940903089313962,-1.5595509151739322,55.531984658802145,0.10280629287677615,0.004721610720006685,0.99919043989781,0.04853560705669224
3.850475994029671,-1.5940903089313962,-1.5595509151739322,55.58204425846266,0.11249629657633539,0.004840503648621264,0.9990758938793514,0.05010590283200145
3.850475994029671,-1.5940903089313962,-1.5595509151739322,55.632007043750754,0.12249886639345195,0.004961058700088103,0.998960549862809,0.05001477315090597
3.8500466905074284,-1.612447802285209,-1.559810830987101,55.68179087868473,0.0957961209588366,0.007213212361606883,0.999206676375832,0.04982336098328233
3.8500466905074284,-1.612447802285209,-1.559810830987101,55.731878942307304,0.10573273273830361,0.00710532997672741,0.9990873955415125,0.050133815966546535
3.850272536285908,-1.6247408723702432,-1.5584911936868302,55.78169957697106,0.09118498466085787,0.006081592613493449,0.9993119755608314,0.049854936078190804
3.850272536285908,-1.6247408723702432,-1.5584911936868302,55.83167010580349,0.10114517868694901,0.006067012987622883,0.9991924965146981,0.050010912818834186
3.8497596511371857,-1.6350970003849492,-1.5574594816154987,55.88165026411149,0.09043921396632153,0.007281291356058861,0.99927760066743,0.05001629004254937
3.8497596511371857,-1.6350970003849492,-1.5574594816154987,55.931674166869286,0.10042402528251279,0.007244130753139199,0.9991627737855725,0.050065819174051285
3.8497596511371857,-1.6350970003849492,-1.5574594816154987,55.981564591986015,0.11041934321569728,0.007388857342391538,0.9990416421980625,0.04993828386068344
3.8497596511371857,-1.6350970003849492,-1.5574594816154987,56.03151725102968,0.12038770455613326,0.007532646757866109,0.9989206050747869,0.05000663595274091
3.8503837531641927,-1.6549720393598608,-1.554769758700606,56.08147069964141,0.09066037979828351,0.004658056099837488,0.9992950719695155,0.04998868703842163
3.8503837531641927,-1.6549720393598608,-1.554769758700606,56.13149109433541,0.1006552720314863,0.004573037579727501,0.9991741326483546,0.050061739049851894
3.850746175168676,-1.6661491861475104,-1.5540955960052691,56.18127003354815,0.088306857487297,0.003684298630483464,0.9992749842227756,0.049815055914223194
3.850746175168676,-1.6661491861475104,-1.5540955960052691,56.23132186303518,0.09825663884596614,0.0036543048339798354,0.9991589280696106,0.05009396211244166
3.850746175168676,-1.6661491861475104,-1.5540955960052691,56.281264716784804,0.10825761232006272,0.003724457360664792,0.9990361622528604,0.04999103699810803
3.850746175168676,-1.6661491861475104,-1.5540955960052691,56.33121751063871,0.11823673622690306,0.0037943248738009972,0.9989134734938663,0.05000712792389095
3.850746175168676,-1.6661491861475104,-1.5540955960052691,56.381199813466175,0.12822766305500763,0.0038644319965083023,0.998888917636953,0.05003789905458689
3.8508328422350537,-1.6847951024862196,-1.5531550845817097,56.43132290184952,0.10095212487980723,0.003901197254700976,0.9991384557191353,0.050166308879852295
3.8508328422350537,-1.6847951024862196,-1.5531550845817097,56.48121007001992,0.11096861771312581,0.003809127050668785,0.9990145093796169,0.049936380004510283
3.8510161164880206,-1.6974232069708812,-1.5516530226328842,56.53111817514646,0.09569936893435749,0.0028746738119917233,0.9991487376677864,0.04995062621310353
3.8510161164880206,-1.6974232069708812,-1.5516530226328842,56.581108251562156,0.10567630942495579,0.0028288505417301164,0.9990252079421066,0.05003885389305651
3.851692136728073,-1.70915245489995,-1.552488196335449,56.63094502763534,0.09220404653696497,0.002256799115891589,0.999134923520157,0.04987992602400482
3.851692136728073,-1.70915245489995,-1.552488196335449,56.680983158773216,0.10217034488766263,0.0022267808829834826,0.9991098744766355,0.05008271103724837
3.8512058286433377,-1.7197502296551253,-1.5519878606158717,56.73081139015713,0.09100634598867266,0.0038277363074370628,0.999196915325221,0.04986827983520925
3.8512058286433377,-1.7197502296551253,-1.5519878606158717,56.78086918481477,0.10095988120631902,0.003782157366022405,0.9990723859144253,0.050104272086173296
3.8512058286433377,-1.7197502296551253,-1.5519878606158717,56.83077710627043,0.1109623890903301,0.003843388566256327,0.9989518741369461,0.04996028612367809
3.8512058286433377,-1.7197502296551253,-1.5519878606158717,56.88090673042301,0.12093436355924014,0.003903928979681043,0.9988264892131661,0.050188520923256874
3.8519637509833915,-1.738850529270996,-1.5501836699465454,56.9307085732122,0.09276342679835292,0.0014577249036668094,0.9990813382387195,0.04984763590618968
3.8519637509833915,-1.738850529270996,-1.5501836699465454,56.98073145914775,0.10272786670916616,0.0014299207123171982,0.999056422895647,0.05007013096474111
3.8516276494420905,-1.7509042933807217,-1.5511135731685795,57.030623608299834,0.08864917000548082,0.0038093585004206326,0.999171357395012,0.04993352619931102
3.8516276494420905,-1.7509042933807217,-1.5511135731685795,57.080833365412424,0.09860891283593337,0.0037296357000586888,0.9990448086289369,0.050257762894034386
3.8520550040709858,-1.7603417336619516,-1.5511836209393,57.1305557609601,0.08976905197873662,0.0031936090808403197,0.9991051385872436,0.04976693005301058
3.8520550040709858,-1.7603417336619516,-1.5511836209393,57.18085731501289,0.09970460049751197,0.0031596488403980954,0.998984208144582,0.05035270191729069
3.8520550040709858,-1.7603417336619516,-1.5511836209393,57.230382845929,0.10975497200667714,0.0032111652900411645,0.9988551142292295,0.04958229698240757
3.8520550040709858,-1.7603417336619516,-1.5511836209393,57.28048000974159,0.1196605681571042,0.003262878696219008,0.9988310753871298,0.05015579215250909
3.8528022477080315,-1.7800818856950842,-1.5515784128262953,57.3302540782111,0.0901993848817284,0.002641508728085604,0.9990975055463953,0.04981902986764908
3.8528022477080315,-1.7800818856950842,-1.5515784128262953,57.38017114029516,0.10014313815027269,0.0025621305254157393,0.9989699104437164,0.049968534149229527
3.8528022477080315,-1.7800818856950842,-1.5515784128262953,57.43050780822022,0.11011658234688368,0.002610370406241057,0.9988411177567345,0.05039506987668574
3.8529370528578397,-1.7920283899576055,-1.5517643177210632,57.48021444584574,0.09629721487472515,0.00309861947244949,0.9989549660387704,0.04975863709114492
3.8529370528578397,-1.7920283899576055,-1.5517643177210632,57.53066677625695,0.10622697963520912,0.003079624473561804,0.9988264765015058,0.050511606968939304
3.8529372294887265,-1.8024995766831264,-1.5532050882327897,57.58044759771685,0.09539056495925091,0.0048272264630451174,0.9990088228994833,0.04983021202497184
3.8529372294887265,-1.8024995766831264,-1.5532050882327897,57.630214056804284,0.10532843870331343,0.004803714054776903,0.9988809260974383,0.049822213826701045
3.8535508273338976,-1.8125975233345633,-1.5513970426831891,57.679959598322675,0.09508195145331737,0.002336983449871632,0.9989538345549264,0.04979763808660209
3.8535508273338976,-1.8125975233345633,-1.5513970426831891,57.72985500345193,0.10502452617421047,0.0023555054680409232,0.9988243433410365,0.04995413403958082
3.8543060967253853,-1.8232607674089816,-1.5505477932213698,57.77985529495181,0.0936625499906619,0.00023189612208790933,0.9989123431454601,0.05005473387427628
3.8543060967253853,-1.8232607674089816,-1.5505477932213698,57.82981498874018,0.10364950102159218,0.00028188108404024795,0.9987811971636119,0.05002065910957754
3.8546687266537742,-1.8341468368118512,-1.5506545183764862,57.87968717801886,0.09187584193142796,-1.905402596725597e-05,0.9989745136655648,0.04992338502779603
3.8546687266537742,-1.8341468368118512,-1.5506545183764862,57.92969598200778,0.10183922381766437,4.275658804247285e-05,0.9988451790251509,0.0500666219741106
3.854959516220063,-1.8442028120406917,-1.5511710112411878,57.979610669374644,0.09172607568438451,0.00019809782790046818,0.9989151112239224,0.04996889806352556
3.854959516220063,-1.8442028120406917,-1.5511710112411878,58.029596053763235,0.10169866909071185,0.0002651835390271484,0.9987839755519009,0.05004624184221029
3.854959516220063,-1.8442028120406917,-1.5511710112411878,58.07952800070807,0.11168600859195624,0.0002856981104843616,0.998657292939188,0.04999908106401563
3.854959516220063,-1.8442028120406917,-1.5511710112411878,58.1309261577335,0.12166207537947575,0.00030924890056588026,0.9985250621262232,0.051474078092724085
3.854959516220063,-1.8442028120406917,-1.5511710112411878,58.179297507623524,0.13194191296316293,0.0003372017565150913,0.9984974423332954,0.04844414000399411
3.8549179892735506,-1.8647870922536012,-1.5514495963047779,58.22927884482776,0.10047685253781018,0.0019029743147051673,0.9987836517109814,0.0500422059558332
3.8549179892735506,-1.8647870922536012,-1.5514495963047779,58.27973110716188,0.1104618607751552,0.0019629456671449307,0.9986512048673618,0.05052040400914848
3.8545179538317895,-1.876876574259514,-1.5535557505190063,58.32921320458891,0.09639430713124592,0.005461558100145177,0.9987583953100793,0.04954361100681126
3.8545179538317895,-1.876876574259514,-1.5535557505190063,58.37903790714186,0.1062678556732643,0.00544911114436414,0.9986322415061581,0.04989294405095279
3.854415377404152,-1.8890056306347036,-1.551926928093108,58.429709146701875,0.09198874461926033,0.005272329445895611,0.9987414353464162,0.050735092954710126
3.854415377404152,-1.8890056306347036,-1.551926928093108,58.47898097527658,0.1021169364121102,0.005269562250548846,0.998610908649315,0.04934036685153842
3.854698391349423,-1.900744830798011,-1.552011062404649,58.528935012867535,0.08850445660048178,0.005324430848045256,0.9988223527648133,0.05001293518580496
3.854698391349423,-1.900744830798011,-1.552011062404649,58.57893947051945,0.09848387880763587,0.005306703302421706,0.9986909462340552,0.05007000197656453
3.854698391349423,-1.900744830798011,-1.552011062404649,58.62874723802258,0.10847417666081795,0.005418035100727133,0.9985578394645483,0.04987970204092562
3.854698391349423,-1.900744830798011,-1.552011062404649,58.67866265440547,0.11842553492651786,0.005528305578032657,0.9984299385127235,0.049993909895420074
3.8556604414650346,-1.9214580865437116,-1.5496245635292814,58.728553876629014,0.08698775873203027,0.0022285497207300622,0.9987104215325942,0.04995564394630492
3.8556604414650346,-1.9214580865437116,-1.5496245635292814,58.77855651045893,0.0969576552765766,0.0022986302792384577,0.9985819845427164,0.050073639024049044
3.8557627444960327,-1.931969449192488,-1.54967292296539,58.82843517077426,0.08595072226573401,0.0027488097270402727,0.9987673542054507,0.04994021891616285
3.8557627444960327,-1.931969449192488,-1.54967292296539,58.87833800124019,0.09591529430014145,0.002779153799591901,0.9986364171544407,0.04997097002342343
3.85635032679193,-1.9414960661006362,-1.550299888228687,58.928249938470216,0.08682769207149194,0.0022533716300773532,0.9986938259856005,0.049977216171100736
3.85635032679193,-1.9414960661006362,-1.550299888228687,58.97810471308417,0.09679918007188257,0.002306712615138622,0.9985653209450566,0.04992640297859907
3.85635032679193,-1.9414960661006362,-1.550299888228687,59.02808096273842,0.10675950253953712,0.0023694831449704015,0.9984315908173288,0.05005475599318743
3.85635032679193,-1.9414960661006362,-1.550299888228687,59.07801138260575,0.11674461778221096,0.002434345099079177,0.9983028785446675,0.050015301909297705
3.856783971194865,-1.95990112501514,-1.5507097592949202,59.12794584458592,0.08993782828434482,0.0027040286037878806,0.9986472556416379,0.050002102041617036
3.856783971194865,-1.95990112501514,-1.5507097592949202,59.17797956607524,0.09991329300110983,0.0027611347549334137,0.9985163755910665,0.05010806303471327
3.857098020448101,-1.9712621168326245,-1.5497478796819497,59.22791384746682,0.08719836012946379,0.0019058548338078362,0.9986104527013749,0.05000376398675144
3.857098020448101,-1.9712621168326245,-1.5497478796819497,59.277984017539104,0.09717406810953255,0.0019894779739432497,0.9984821009395979,0.05014628707431257
3.857098020448101,-1.9712621168326245,-1.5497478796819497,59.32762716176127,0.10717742976544667,0.002049729913001905,0.9983479909327246,0.04972529085353017
3.857098020448101,-1.9712621168326245,-1.5497478796819497,59.37778103742924,0.11709608099425896,0.0021119207846832526,0.9982211886345215,0.050243248930200934
3.857098020448101,-1.9712621168326245,-1.5497478796819497,59.427502807238064,0.12712721631196172,0.002178780309293985,0.9981977812368109,0.049811541102826595
3.856401695182357,-1.9905072203052148,-1.5499112298988529,59.477851323656886,0.0986293825317346,0.005623041021402802,0.9984519955370951,0.05042657698504627
3.856401695182357,-1.9905072203052148,-1.5499112298988529,59.52731913092691,0.10867851107548783,0.005573459039542427,0.9983186315952985,0.04955112095922232
3.856430013528928,-2.002152159717489,-1.5509170555608713,59.5774131661037,0.0952867017105187,0.007126498980181056,0.9984249126420056,0.050173062132671475
3.856430013528928,-2.002152159717489,-1.5509170555608713,59.62827667904954,0.10528561947536853,0.007099606239413506,0.9982910320426865,0.05095058586448431
3.8563964792099337,-2.0144626225939954,-1.5505235579508632,59.677234677581,0.09084680693399598,0.007817224436948086,0.9984071844739669,0.04903610399924219
3.8563964792099337,-2.0144626225939954,-1.5505235579508632,59.7270095031683,0.100636390446075,0.007773149793555643,0.9983889831139102,0.04985514306463301
3.8564662525232967,-2.024037825194652,-1.5490491286939276,59.776983589802114,0.09144824115020064,0.007237961093807074,0.9984510527488483,0.05005161394365132
3.8564662525232967,-2.024037825194652,-1.5490491286939276,59.8267923663724,0.10143915173121983,0.007225435178259621,0.9983203200527633,0.04989258013665676
3.8564662525232967,-2.024037825194652,-1.5490491286939276,59.87673465766213,0.11139065763986673,0.007364959360138876,0.9981939655427194,0.050032651983201504
3.8564662525232967,-2.024037825194652,-1.5490491286939276,59.92665592346249,0.12136809416151459,0.007506998446419744,0.9980621245924585,0.050018194830045104
3.8564900072613653,-2.0460357225920958,-1.5479221290726366,59.97679527572651,0.08738258800171805,0.00822385010655533,0.9983764972106665,0.05022088601253927
3.8564900072613653,-2.0460357225920958,-1.5479221290726366,60.02701174522622,0.0974098047966145,0.007977152605730833,0.9983543589284261,0.05029924400150776
3.8559988707681447,-2.0581869094444674,-1.5477534666160828,60.0763795038063,0.0831712882183386,0.010235542670284415,0.998468081830882,0.049443501979112625
3.8559988707681447,-2.0581869094444674,-1.5477534666160828,60.126294041890695,0.09294007428649312,0.010061272744387048,0.9975524316273018,0.05003700708039105
3.856181016275786,-2.0701082131474435,-1.5455820781675207,60.176197115507755,0.07909287608980364,0.008994576636195495,0.9976615071458245,0.05002004513517022
3.856181016275786,-2.0701082131474435,-1.5455820781675207,60.22601211413809,0.08908211845827174,0.00883754113556584,0.9975382198405965,0.049937934847548604
3.856181016275786,-2.0701082131474435,-1.5455820781675207,60.275945957368606,0.09903658231265969,0.008984023398063435,0.9974242008168149,0.050062794936820865
3.856181016275786,-2.0701082131474435,-1.5455820781675207,60.325807677396114,0.10902411385397978,0.009128085769273618,0.9974096013510413,0.04999121720902622
3.8564208980903594,-2.0886084647210335,-1.5444322369759733,60.375599476756804,0.08201253515495865,0.009178711299664832,0.997666326529766,0.04990826896391809
3.8564208980903594,-2.0886084647210335,-1.5444322369759733,60.42582595759975,0.09195877616751912,0.008830574075159378,0.9974745581979786,0.050353646045550704
3.8564208980903594,-2.0886084647210335,-1.5444322369759733,60.47541413502129,0.1019972851217683,0.008967128820382076,0.9973735155219956,0.049718762980774045
3.8564208980903594,-2.0886084647210335,-1.5444322369759733,60.525257391744276,0.1119071858182825,0.009103735424998755,0.9972738401279475,0.049979508854448795
3.8571019386830243,-2.1087400466365036,-1.5432629587381992,60.575075032842264,0.08162051064709315,0.008066539974729276,0.9975840604990012,0.0499382889829576
3.8571019386830243,-2.1087400466365036,-1.5432629587381992,60.62493015507782,0.09159710452905559,0.0077063533274788825,0.9975875281855817,0.04997568717226386
3.8569606169552784,-2.1195088351008984,-1.5426282455974059,60.67480094208909,0.08004949147434616,0.008640442815147871,0.9977099068361104,0.0499852579087019
3.8569606169552784,-2.1195088351008984,-1.5426282455974059,60.72471728683561,0.09001221720605221,0.008461422800344242,0.9976087171017015,0.050035994965583086
3.8569606169552784,-2.1195088351008984,-1.5426282455974059,60.774601333572946,0.09998998812972193,0.008584085182973888,0.9975242040367445,0.050007855985313654
3.8569606169552784,-2.1195088351008984,-1.5426282455974059,60.82453312268753,0.10996011644778854,0.008706604558224772,0.997435746711645,0.05006015603430569
3.857408146002741,-2.137881648200745,-1.5405821340445656,60.87430960269556,0.08321716110216738,0.007595133599106461,0.9977227522426885,0.049890092108398676
3.857408146002741,-2.137881648200745,-1.5405821340445656,60.9243230468309,0.09319200328382632,0.007248981971302388,0.9977325079558139,0.05012710695154965
3.8575154140461607,-2.148656586752467,-1.5417538265794226,60.97420048888773,0.08165059366597008,0.008876955389953384,0.9978636099093693,0.04998422786593437
3.8575154140461607,-2.148656586752467,-1.5417538265794226,61.02436929027209,0.09160292827417876,0.008662383836783482,0.997806888407936,0.05027906899340451
3.8575154140461607,-2.148656586752467,-1.5417538265794226,61.073902561692556,0.1016317424162662,0.008784989871707167,0.9977264154793156,0.04964614612981677
3.8580295010013868,-2.1685884452518804,-1.5407526882015223,61.1237708620572,0.07168614335024837,0.008484680164626087,0.9980409241874011,0.049966187914833426
3.8580295010013868,-2.1685884452518804,-1.5407526882015223,61.173693139677496,0.08166019672589425,0.008016709022029684,0.9979640528092344,0.050024124095216393
3.8580295010013868,-2.1685884452518804,-1.5407526882015223,61.223741296870045,0.09164860944710128,0.0081325786590935,0.9979686008975555,0.0501500319223851
3.8580295010013868,-2.1685884452518804,-1.5407526882015223,61.27349599670842,0.10165186539088188,0.008243090332218456,0.9978849584315965,0.04986015614122152
3.8586959665307883,-2.186409175078191,-1.5386375842203677,61.323421457779396,0.0759711895226324,0.006518069267587809,0.9982021762755764,0.05001537990756333
3.8586959665307883,-2.186409175078191,-1.5386375842203677,61.37329855939212,0.08597004357743464,0.0061568379796043135,0.9981215597559047,0.04997096909210086
3.8586959665307883,-2.186409175078191,-1.5386375842203677,61.42326977123081,0.09593953154282175,0.006229598480166823,0.99803337802139,0.05006967997178435
3.8586959665307883,-2.186409175078191,-1.5386375842203677,61.47307683506854,0.1059276466285337,0.006298727269372555,0.9979527027292073,0.049909242894500494
3.8586959665307883,-2.186409175078191,-1.5386375842203677,61.52321492493331,0.11589074366552671,0.006362645487888382,0.9979502593103059,0.050241071032360196
3.859253158388558,-2.204817882997342,-1.5366828943232143,61.572899342850995,0.0891088059938914,0.005100529029632696,0.9982295065295426,0.04977253987453878
3.860051189610129,-2.2149371506341455,-1.5354246955161022,61.62282221283466,0.07879859347633214,0.002616920904871236,0.9983970527951086,0.050003022188320756
3.860051189610129,-2.2149371506341455,-1.5354246955161022,61.672715193196645,0.08878971440478017,0.0024285986193841504,0.9983103439567824,0.04997742502018809
3.860051189610129,-2.2149371506341455,-1.5354246955161022,61.72280920103241,0.09876106090626421,0.0024199921304716415,0.9982167028050223,0.05018349993042648
3.860051189610129,-2.2149371506341455,-1.5354246955161022,61.77269461498632,0.10877301195104608,0.0024087581646057296,0.9981302290057045,0.0499788629822433
3.860051189610129,-2.2149371506341455,-1.5354246955161022,61.82250902313658,0.11875077153524599,0.002390755423890897,0.9981188724337925,0.04990829201415181
3.8604351954382827,-2.2343615393146212,-1.5356051316267487,61.87246567040233,0.089882072058902,0.003416473039004384,0.9984141876284581,0.050035994965583086
3.8604351954382827,-2.2343615393146212,-1.5356051316267487,61.922516028540514,0.09986358809825933,0.003018484220535846,0.9983743113397926,0.05013185692951083
3.859864999944905,-2.243885808254851,-1.5362240562765646,61.97241738370789,0.09087935352049992,0.006030772313003646,0.998471259291876,0.04997775820083916
3.859864999944905,-2.243885808254851,-1.5362240562765646,62.02234512720807,0.10084469469833769,0.005785861149809535,0.9985931390810833,0.04999808385036886
3.859864999944905,-2.243885808254851,-1.5362240562765646,62.07219177004487,0.11082269055641811,0.005825788793767715,0.9984862006436681,0.04992221505381167
3.859864999944905,-2.243885808254851,-1.5362240562765646,62.122056303927316,0.1207904718535748,0.005855224495608034,0.9984490398543646,0.04994199192151427
3.860741558901667,-2.263702608671144,-1.5351098094251234,62.17202624932625,0.09111697723348505,0.004545632861893873,0.998728718932433,0.05003355210646987
3.860741558901667,-2.263702608671144,-1.5351098094251234,62.22195253966542,0.1011191808659934,0.004023408680993861,0.9986679781929408,0.04999288194812834
3.860749068798966,-2.2751369071267007,-1.532824380644581,62.27184981334805,0.08825931385743085,0.003461810648906594,0.9987816744553221,0.04995813895948231
3.860749068798966,-2.2751369071267007,-1.532824380644581,62.321852311385356,0.09824460924679243,0.0031277142122192875,0.9987086757129675,0.050067150965332985
3.860749068798966,-2.2751369071267007,-1.532824380644581,62.37183616723843,0.10823700512816281,0.003097139368178045,0.9985952351632281,0.050054170191287994
3.860749068798966,-2.2751369071267007,-1.532824380644581,62.42171469406513,0.1182318944041686,0.003051120110148296,0.9985523746430612,0.04995083692483604
3.8619296572288624,-2.2945402685623173,-1.5313396840948488,62.47182743688368,0.08936073053408429,0.0006061073159350076,0.9988205702219614,0.050171917071565986
3.8619296572288624,-2.2945402685623173,-1.5313396840948488,62.52157061525105,0.09939629049215057,0.00010845615735381817,0.99875610321331,0.04980513080954552
3.8618666295564372,-2.3075028616649145,-1.532517095920315,62.57153425065213,0.08345915735856582,0.0024914840009461906,0.9988992996422749,0.05001869099214673
3.8618666295564372,-2.3075028616649145,-1.532517095920315,62.62149137044657,0.0934202655329743,0.0020397049700429173,0.9988093133528734,0.05001667398028076
3.8618666295564372,-2.3075028616649145,-1.532517095920315,62.671434864815254,0.10340460613524251,0.0019776552815858562,0.9986934779306319,0.05000883201137185
3.8618666295564372,-2.3075028616649145,-1.532517095920315,62.72130580609576,0.11339167030854232,0.001897038221375163,0.9986467393687544,0.049938521115109324
3.8626732487248336,-2.327401564186155,-1.5306896356416877,62.77131491041686,0.0835561212312669,0.00028884073215816207,0.9989218853520518,0.05006307805888355
3.8626732487248336,-2.327401564186155,-1.5306896356416877,62.821295387271626,0.09356851416726857,-0.0003164344895853151,0.9988559023692462,0.050037724897265434
3.8633728631615756,-2.3393961341447382,-1.5306368117677644,62.871141493531034,0.0795476599028288,-0.0011019728877633868,0.9989758574900762,0.04989720811136067
3.8633728631615756,-2.3393961341447382,-1.5306368117677644,62.9213230615466,0.08951549808550231,-0.0015469354261544578,0.9988789941636429,0.05023788497783244
3.8633728631615756,-2.3393961341447382,-1.5306368117677644,62.971048983298125,0.09954448085928953,-0.0016979821771274234,0.9987602698650012,0.04978764499537647
3.8633728631615756,-2.3393961341447382,-1.5306368117677644,63.02099504241829,0.10948835201315636,-0.0018675363348954394,0.9987114155992964,0.050010501872748137
3.8633728631615756,-2.3393961341447382,-1.5306368117677644,63.07097336799918,0.11946897690177663,-0.0020386400736609306,0.9985872367393054,0.050049033015966415
3.8645515768693666,-2.356314302696664,-1.530010774903076,63.120856482125895,0.09557558595176976,-0.004194468403396287,0.9988564532384911,0.049940223107114434
3.8645515768693666,-2.356314302696664,-1.530010774903076,63.17080910164891,0.10555595069339889,-0.004726819528797499,0.9987354147724041,0.050015868851915
3.864925481036304,-2.3677156239093673,-1.529120080486172,63.22068496359495,0.09274205141393257,-0.005435328741160343,0.998860926638327,0.049932738998904824
3.864925481036304,-2.3677156239093673,-1.529120080486172,63.27060375156922,0.10271062815918511,-0.005883249076376438,0.9987424940106893,0.0499816401861608
3.864894421546701,-2.378782245526133,-1.5288690191962004,63.320559042488384,0.09060784669907665,-0.0050303921197710905,0.9989105923223441,0.05000977194868028
3.864894421546701,-2.378782245526133,-1.5288690191962004,63.37056783550612,0.10058133982363392,-0.005531509612306287,0.9987854696998492,0.05006960406899452
3.864894421546701,-2.378782245526133,-1.5288690191962004,63.42051496723901,0.11058170101189059,-0.005799989078681052,0.9987151900163151,0.050011386862024665
3.864894421546701,-2.378782245526133,-1.5288690191962004,63.47091617192817,0.12056356788036704,-0.006084016207078181,0.9985918916511808,0.0504722751211375
3.8649628102021527,-2.3997021691445455,-1.5302430922413652,63.52127707930581,0.08888457599631691,-0.003107513090419509,0.9989050628232095,0.050416109850630164
3.8649628102021527,-2.3997021691445455,-1.5302430922413652,63.57196151372762,0.09891686081429948,-0.004045778306922602,0.9987838951931182,0.05074614705517888
3.8649628102021527,-2.3997021691445455,-1.5302430922413652,63.62163144559161,0.10905814294529434,-0.004328595478427107,0.9987266826309528,0.04973325808532536
3.865414721412242,-2.410859629666963,-1.5282585073147528,63.67027326249528,0.09666164020638819,-0.006189737127720191,0.9988226492318609,0.04869915288873017
3.865414721412242,-2.410859629666963,-1.5282585073147528,63.72010308596676,0.1064037521205381,-0.006817235429451946,0.9987572421806672,0.04989182692952454
3.865414721412242,-2.410859629666963,-1.5282585073147528,63.77004058290464,0.11636480141111549,-0.00716222642255974,0.9986312590735033,0.05000594211742282
3.866615922789387,-2.431603819910889,-1.5289326988390726,63.81994286896024,0.08481930686827482,-0.008085323715350775,0.9989410107266792,0.04995518806390464
3.866615922789387,-2.431603819910889,-1.5289326988390726,63.86989358013519,0.09480247677443451,-0.009047231058867658,0.9988195361590453,0.05000974587164819
3.8669731803325913,-2.4430000639143112,-1.5295614111151181,63.91987534229674,0.08201812972506178,-0.008763060760971365,0.9989906546634286,0.050032261991873384
3.8669731803325913,-2.4430000639143112,-1.5295614111151181,63.97033934833633,0.09200464554814662,-0.009490051874616282,0.9988621662863606,0.0505214910954237
3.8669731803325913,-2.4430000639143112,-1.5295614111151181,64.01993516145748,0.10209999850562601,-0.009907098754916509,0.9987882279778515,0.04965598485432565
3.8669731803325913,-2.4430000639143112,-1.5295614111151181,64.06965324365744,0.11201488258247479,-0.010333082266127412,0.998663784551057,0.04978460515849292
3.86732496944263,-2.4615132642049224,-1.5315090651024437,64.11960300978612,0.08498692346428814,-0.00829897949179868,0.9989301336876054,0.050003262935206294
3.86732496944263,-2.4615132642049224,-1.5315090651024437,64.16972380442078,0.09495015844293579,-0.009393103351668774,0.9988069410910982,0.0501806631218642
3.8674298662668822,-2.4729757379711006,-1.5336918029014524,64.2194790749505,0.08211014612866543,-0.0073704422247803,0.9989788534818052,0.049806129885837436
3.8674298662668822,-2.4729757379711006,-1.5336918029014524,64.26947321658834,0.09203026422037608,-0.008259519663680277,0.9988494252725709,0.05005172989331186
3.8674298662668822,-2.4729757379711006,-1.5336918029014524,64.31945543504989,0.10203739112478184,-0.008683989079144444,0.9987764284637026,0.05004345020279288
3.8674298662668822,-2.4729757379711006,-1.5336918029014524,64.36939280417994,0.11203303576728682,-0.009128321145598256,0.998648836718045,0.0500049339607358
3.8680811295093207,-2.491164811710308,-1.534552126276861,64.41933509766211,0.0856523484151162,-0.009056887265181194,0.9989066641008244,0.04999695695005357
3.8680811295093207,-2.491164811710308,-1.534552126276861,64.46922653345963,0.09563787092543147,-0.010316355374136953,0.9987830752123594,0.049952223896980286
3.8694292665607097,-2.5029630134491083,-1.5343084304045294,64.51914719972966,0.08192660561034301,-0.013751383256086982,0.9989580968681584,0.04997273301705718
3.8694292665607097,-2.5029630134491083,-1.5343084304045294,64.5691301097822,0.0919464325160823,-0.014710702311023402,0.9988270348162149,0.05004160711541772
3.8694292665607097,-2.5029630134491083,-1.5343084304045294,64.61909348938589,0.10195067613783196,-0.015298968170366073,0.9987537325051861,0.05002572503872216
3.8694292665607097,-2.5029630134491083,-1.5343084304045294,64.6690256793136,0.11194189817866496,-0.015909651136618214,0.9986247875696036,0.050000951858237386
3.8701301325855066,-2.521923373191494,-1.5361200756877005,64.7189531402156,0.08402396449950099,-0.015493255645003713,0.9988988692621736,0.04998249816708267
3.8701301325855066,-2.521923373191494,-1.5361200756877005,64.76891183828349,0.0940081208154882,-0.016803438465132808,0.9987735131489363,0.05002004699781537
3.8707168650378105,-2.5338036827930677,-1.5387005784294387,64.81892546092617,0.08025556398008066,-0.016268750499335592,0.9989518809756762,0.05006609787233174
3.8707168650378105,-2.5338036827930677,-1.5387005784294387,64.8687149006078,0.0902595955640249,-0.017360181579513943,0.9988188904342343,0.04984831600449979
3.8707168650378105,-2.5338036827930677,-1.5387005784294387,64.91866495481939,0.10022785613288482,-0.018036975040257173,0.9987463835942149,0.05001275101676583
3.8707168650378105,-2.5338036827930677,-1.5387005784294387,64.96862198223066,0.11021660233530939,-0.018740438815374943,0.99861603621337,0.05002626194618642
3.8707567877376388,-2.5516704484446513,-1.5426668156193024,65.0185942535561,0.08459628275184282,-0.01521713337441298,0.998871373666474,0.050028735073283315
3.8707567877376388,-2.5516704484446513,-1.5426668156193024,65.06847385766136,0.0945479206383398,-0.016751629463294497,0.9987444526933236,0.04994230903685093
3.871367613038686,-2.5625856025766693,-1.542980625938793,65.11838048228348,0.08268113530588896,-0.01830793861348061,0.998898907476814,0.04996163700707257
3.871367613038686,-2.5625856025766693,-1.542980625938793,65.16842072976804,0.09268154837126232,-0.019505711259647535,0.9987660088199477,0.050102073000743985
3.871367613038686,-2.5625856025766693,-1.542980625938793,65.21838596305291,0.10270110234046811,-0.02028285496312877,0.9986920700601676,0.05003066989593208
3.871367613038686,-2.5625856025766693,-1.542980625938793,65.26821593646918,0.11269028836428804,-0.021083386967514064,0.9985610188627654,0.049901781138032675
3.871367613038686,-2.5625856025766693,-1.542980625938793,65.31811865685142,0.12265681691211922,-0.021930450647592237,0.9984525121742058,0.049980063922703266
3.8723557409972718,-2.5811358614343285,-1.545498774786101,65.36813439240572,0.09551278683222009,-0.022651830178581654,0.9986999337698043,0.05008084396831691
3.872453005139124,-2.5919525749453496,-1.5468176003309184,65.41797716938092,0.08394771191796851,-0.023081227073819714,0.9988521044798647,0.04990005702711642
3.872453005139124,-2.5919525749453496,-1.5468176003309184,65.46854919212991,0.09391353560909257,-0.02440697009590378,0.9987178865064049,0.050636945059522986
3.872453005139124,-2.5919525749453496,-1.5468176003309184,65.5179614822907,0.10403461624198905,-0.025348340415058096,0.9986417067348885,0.04947949782945216
3.8725336708784566,-2.6030105372069032,-1.5497245781865854,65.5678374385974,0.0918595978606623,-0.023833883447466304,0.9987393218799142,0.04993891320191324
3.8725336708784566,-2.6030105372069032,-1.5497245781865854,65.6178679826223,0.10180822507368742,-0.025278466462072876,0.9986285437999743,0.05009925295598805
3.8725336708784566,-2.6030105372069032,-1.5497245781865854,65.66771726658632,0.1118091387045482,-0.026272087638705317,0.9984995640039173,0.049924192018806934
3.872981336060722,-2.6228755116336684,-1.55419529185556,65.7175549137593,0.08212258586834251,-0.024502862836852143,0.9988395819791343,0.0498955468647182
3.872981336060722,-2.6228755116336684,-1.55419529185556,65.76755930494016,0.09206211598010906,-0.02652761227543588,0.9987028403407427,0.050069339107722044
3.872981336060722,-2.6228755116336684,-1.55419529185556,65.81759098020534,0.1020462362900759,-0.027541747751335322,0.9984061838545583,0.050111543852835894
3.8723845206958347,-2.635111476788653,-1.5585182919901344,65.86744889825893,0.08772234599242143,-0.023366004876139213,0.9985333615124776,0.04993114899843931
3.8723845206958347,-2.635111476788653,-1.5585182919901344,65.91741539046835,0.09758845246101404,-0.0251032629191967,0.9984289396699113,0.050045116106048226
3.8723845206958347,-2.635111476788653,-1.5585182919901344,65.96742936365108,0.10756363023563174,-0.026152614583601325,0.9983071089704411,0.050098784966394305
3.8723845206958347,-2.635111476788653,-1.5585182919901344,66.01721450467056,0.11754439663591529,-0.02726121016492573,0.9982470742888423,0.04987256391905248
3.8726576104612778,-2.653885398885573,-1.5619986946630129,66.0671649195635,0.089992093134314,-0.026360295887662453,0.9985018538620214,0.05002536019310355
3.8726576104612778,-2.653885398885573,-1.5619986946630129,66.11708185233965,0.09993525010959523,-0.028637241869211166,0.9984160736900565,0.049996122950688004
3.871807409714518,-2.665835350912257,-1.5657758272096418,66.16710891520931,0.08610805030885349,-0.02454940279837206,0.9985448258310001,0.050099967047572136
3.871807409714518,-2.665835350912257,-1.5657758272096418,66.2174354775844,0.09593513795335831,-0.0265145263667948,0.9984442514903562,0.05040497984737158
3.871558607375369,-2.6764433204362246,-1.5682638724176199,66.26679059196665,0.08480349149134092,-0.025281754930957818,0.9985436380160565,0.049427098128944635
3.871558607375369,-2.6764433204362246,-1.5682638724176199,66.31681592422507,0.09455769957620021,-0.027219888299518637,0.9984903757588629,0.05010096589103341
3.871558607375369,-2.6764433204362246,-1.5682638724176199,66.36667058332445,0.1044952453623252,-0.028392330455976465,0.9983649379852177,0.049936308059841394
3.871558607375369,-2.6764433204362246,-1.5682638724176199,66.4168303178823,0.11439426532521976,-0.02960108213228969,0.9983046754469105,0.050244915997609496
3.8707298160227244,-2.6949542585601813,-1.5743142917247805,66.46645359089136,0.08733931874798985,-0.024264272208585316,0.9985741383274147,0.04969412996433675
3.8707298160227244,-2.6949542585601813,-1.5743142917247805,66.51657405677811,0.09690019320128623,-0.02714729834946066,0.9984766187344436,0.05019693495705724
3.870762572757288,-2.7058060525819125,-1.5777454613709945,66.5663194657822,0.0851089422139331,-0.026417699057670222,0.9985839446537028,0.04981595114804804
3.870762572757288,-2.7058060525819125,-1.5777454613709945,66.61639731487553,0.09481224935138216,-0.028614512269112814,0.9985308166781101,0.05015153088606894
3.870762572757288,-2.7058060525819125,-1.5777454613709945,66.66616074147683,0.10463965024655861,-0.029872136075917537,0.99840900812049,0.04984272597357631
3.870762572757288,-2.7058060525819125,-1.5777454613709945,66.71620429091517,0.1143977589843613,-0.031166579721213398,0.9983618054148156,0.0501256650313735
3.870083833484663,-2.7260725905367433,-1.5820887875174086,66.76603334892475,0.08327283916157988,-0.02836042842934608,0.9986587713030659,0.049895979929715395
3.870083833484663,-2.7260725905367433,-1.5820887875174086,66.81616252975954,0.09262922313710997,-0.03159975961646582,0.9985671365886246,0.05020111217163503
3.8703016859489883,-2.736596741120193,-1.5838602343924215,66.86588159101028,0.08112689789509285,-0.03301119012705112,0.9986596261087286,0.0497857928276062
3.8703016859489883,-2.736596741120193,-1.5838602343924215,66.91585171508025,0.09056833805462314,-0.03530676892005773,0.9986133536807691,0.05003951117396355
3.8703016859489883,-2.736596741120193,-1.5838602343924215,66.96578161552758,0.10005808185500793,-0.03673218180508633,0.998496665064236,0.05000507482327521
3.8703016859489883,-2.736596741120193,-1.5838602343924215,67.01572944892665,0.10953255630698414,-0.03820785441122008,0.9984577551833562,0.05002498417161405
3.8704811855412156,-2.7532164807177977,-1.5896170227941,67.06560777457666,0.0844783533839754,-0.03730346324101947,0.9986814629615705,0.049944178899750113
3.8704811855412156,-2.7532164807177977,-1.5896170227941,67.11549782028037,0.09312417815101613,-0.04017417803659853,0.9985976722770707,0.049960106145590544
3.869707373644159,-2.763767119788508,-1.593573615371247,67.16550898775972,0.08090456762045047,-0.03776587613013902,0.9987056207940012,0.050075984792783856
3.869707373644159,-2.763767119788508,-1.593573615371247,67.21541411558445,0.08953785123346189,-0.040158584698758,0.9986696182102979,0.04997160914354026
3.869707373644159,-2.763767119788508,-1.593573615371247,67.26527640234661,0.09825697619579613,-0.041701072697957156,0.9985663582589264,0.04993387404829264
3.869707373644159,-2.763767119788508,-1.593573615371247,67.31532809711595,0.10695915235675871,-0.043297693738589965,0.9985424156753473,0.05012475582771003
3.869101219487748,-2.7816342711792217,-1.5984620306409731,67.3650988903211,0.08007022843022285,-0.04163249649964213,0.998767664611296,0.04983220319263637
3.869101219487748,-2.7816342711792217,-1.5984620306409731,67.41515310975252,0.08864428665069536,-0.044715665862208584,0.9986837568891619,0.050120189785957336
3.867887643131042,-2.7934096961748067,-1.602497462405998,67.46506549454263,0.07399786596310098,-0.041687861546590065,0.9988163012525528,0.049971536034718156
3.867887643131042,-2.7934096961748067,-1.602497462405998,67.51496454637636,0.08255701887410324,-0.044326322937929895,0.9987794002660857,0.049960033036768436
3.867887643131042,-2.7934096961748067,-1.602497462405998,67.56492118025334,0.0912425546325401,-0.045993528119076726,0.998673724989514,0.05002297810278833
3.867887643131042,-2.7934096961748067,-1.602497462405998,67.61519931050707,0.09992784028585278,-0.04772266337193612,0.9986478071192992,0.05034620803780854
3.8664231850741344,-2.8105109348679633,-1.6115209311590126,67.66491092162724,0.07477502331839697,-0.041327818129363564,0.9988866173656625,0.04976702085696161
3.8664231850741344,-2.8105109348679633,-1.6115209311590126,67.71487251772889,0.08313207485454953,-0.04467570969235751,0.9987955452853384,0.05002184514887631
3.8664231850741344,-2.8105109348679633,-1.6115209311590126,67.76469136580123,0.09182394901487875,-0.04641974778096583,0.9986945960463242,0.04988396679982543
3.8664231850741344,-2.8105109348679633,-1.6115209311590126,67.81462015942337,0.10046893675945195,-0.04819325678945618,0.9986573597835389,0.04999592015519738
3.8656943385642824,-2.8299635287954743,-1.6198694512943488,67.86463395873554,0.07039489661381765,-0.0451853973071084,0.9989196955483697,0.05006788787432015
3.8656943385642824,-2.8299635287954743,-1.6198694512943488,67.91455533066885,0.07888277822669176,-0.0487727040170361,0.9988837275759057,0.049977160058915615
3.8656943385642824,-2.8299635287954743,-1.6198694512943488,67.96449196887022,0.08754772678671251,-0.05055929747458101,0.9987732724405802,0.049997972091659904
3.8656943385642824,-2.8299635287954743,-1.6198694512943488,68.01438348525538,0.09619046723140512,-0.05242399000261466,0.9986852031660302,0.049957199953496456
3.8647194013942725,-2.847406786282043,-1.6292721884321788,68.06427593618609,0.07015984559691052,-0.04830722350074486,0.9989265594794413,0.049946065060794353
3.8647194013942725,-2.847406786282043,-1.6292721884321788,68.11422450534731,0.07857962071303803,-0.05168930165428373,0.9988774522132727,0.050004701828584075
3.8647194013942725,-2.847406786282043,-1.6292721884321788,68.16414023253022,0.08723026470311025,-0.05356376950286448,0.998766286182404,0.049977384973317385
3.8647194013942725,-2.847406786282043,-1.6292721884321788,68.21413967945831,0.09586132631156713,-0.05550171751921808,0.9987356415897558,0.05006274417974055
3.863084614725874,-2.8649810739663066,-1.6375639177673178,68.26405820404455,0.06956105008709147,-0.05091194247875924,0.9989730936297754,0.04996983893215656
3.863084614725874,-2.8649810739663066,-1.6375639177673178,68.31396827777529,0.07797862438316745,-0.05432544524173265,0.9988757560021668,0.04996624798513949
3.863084614725874,-2.8649810739663066,-1.6375639177673178,68.36389134521288,0.086609685390623,-0.056318868059030316,0.9987694315862153,0.04998457687906921
3.863084614725874,-2.8649810739663066,-1.6375639177673178,68.41387754103013,0.09522564285364254,-0.058328956458750435,0.9987262883840219,0.05004994501359761
3.8623257638494914,-2.883415381817784,-1.6466084294784458,68.4638306892859,0.06711953963418879,-0.05635490220164033,0.9989612112446036,0.050005092984065413
3.8623257638494914,-2.883415381817784,-1.6466084294784458,68.51375558590135,0.07559567818130818,-0.0597686876158833,0.9989199137152215,0.04997887811623514
3.8623257638494914,-2.883415381817784,-1.6466084294784458,68.56374907934598,0.08420990382429218,-0.06182970034307314,0.9988035655276835,0.05005337903276086
3.8623257638494914,-2.883415381817784,-1.6466084294784458,68.61359932031971,0.09281875592330999,-0.06397668691165674,0.9987084770353709,0.04991470696404576
3.860696487230109,-2.9012711730040412,-1.6584190835175958,68.66362397473443,0.06597908500470728,-0.05821138741876378,0.9989688423531176,0.05007629096508026
3.860696487230109,-2.9012711730040412,-1.6584190835175958,68.71353314407516,0.07438621589645447,-0.06160081634308848,0.9989125906505711,0.049963500117883086
3.860696487230109,-2.9012711730040412,-1.6584190835175958,68.76369827807012,0.08299635732089689,-0.06372850314209962,0.9987960721254171,0.05022560199722648
3.860696487230109,-2.9012711730040412,-1.6584190835175958,68.8135481769612,0.09164204727418956,-0.06594086008101278,0.9987586518130739,0.049911856884136796
3.8588716221525603,-2.9188919172146544,-1.6704812867392642,68.8634710944848,0.0652529635860897,-0.059980381079004705,0.9990082059840564,0.04997247993014753
3.8588716221525603,-2.9188919172146544,-1.6704812867392642,68.91333990516593,0.07364901384681347,-0.06340216680821556,0.9989015551218183,0.049923649057745934
3.8588716221525603,-2.9188919172146544,-1.6704812867392642,68.96334236454022,0.08226239280913678,-0.06563630135551791,0.9987897345044917,0.05006304895505309
3.8588716221525603,-2.9188919172146544,-1.6704812867392642,69.01315649753795,0.09088347462378789,-0.06786462481820997,0.9987411995448077,0.04987691808491945
3.8568678750325436,-2.9358848596777407,-1.6842146225739476,69.06314873395098,0.06579236217455575,-0.060653314689359125,0.9989914309645994,0.050042707938700914
3.8568678750325436,-2.9358848596777407,-1.6842146225739476,69.11313953411579,0.07419650243710824,-0.064102627307106,0.9989409513393095,0.050043798983097076
3.8568678750325436,-2.9358848596777407,-1.6842146225739476,69.16309986292235,0.0828397840599863,-0.06632548269638099,0.9988200300689545,0.050019350135698915
3.8568678750325436,-2.9358848596777407,-1.6842146225739476,69.21302706313487,0.09146194844102237,-0.06863539457066202,0.9987203607740479,0.04999117087572813
3.8568678750325436,-2.9358848596777407,-1.6842146225739476,69.2632649476795,0.1000939966648249,-0.07107904932849288,0.9986046065560743,0.05030808411538601
3.854842576933144,-2.953390468934641,-1.6963130405697642,69.31288078659844,0.07397108866029971,-0.06569871994184354,0.9989199186415866,0.04966948600485921
3.854842576933144,-2.953390468934641,-1.6963130405697642,69.3628144661855,0.08239535325724245,-0.06915791409519635,0.9987908699835836,0.04999412898905575
3.854842576933144,-2.953390468934641,-1.6963130405697642,69.41275550939642,0.09105038116338264,-0.07155784359236184,0.9987486970413163,0.050003612879663706
3.854842576933144,-2.953390468934641,-1.6963130405697642,69.4626502707545,0.09968304471254313,-0.07402966358199874,0.998623983154442,0.04996351199224591
3.8526279253007747,-2.9711418043670257,-1.7068320585936636,69.51267258111288,0.07290087050977453,-0.0701228938303021,0.9988838701974856,0.050078204134479165
3.8526279253007747,-2.9711418043670257,-1.7068320585936636,69.56294184369649,0.08151934383911934,-0.07365626747212518,0.9987585870470344,0.050331745063886046
3.8526279253007747,-2.9711418043670257,-1.7068320585936636,69.61249423952516,0.09027111967799804,-0.07612963513109154,0.9987036009159947,0.049616718897596
3.8526279253007747,-2.9711418043670257,-1.7068320585936636,69.66249288077667,0.09887803599970219,-0.07872674039265554,0.9985789089284424,0.05006979499012232
3.850366765572951,-2.9868075822315574,-1.7187271770556045,69.71238766412296,0.0764213670734115,-0.07338926079001591,0.9988747427981307,0.04995099105872214
3.850366765572951,-2.9868075822315574,-1.7187271770556045,69.76227495503203,0.08500875943754681,-0.07678367049406838,0.9987400629971162,0.04995022504590452
3.850366765572951,-2.9868075822315574,-1.7187271770556045,69.81215018027562,0.09369785803222995,-0.07943107816187012,0.9986330818481342,0.049943493911996484
3.847449353249184,-3.005205791384732,-1.731094516085608,69.86218053985887,0.06582570617394876,-0.07393725087347447,0.9989077693809038,0.05008506402373314
3.847449353249184,-3.005205791384732,-1.731094516085608,69.91213086541532,0.07456837478630189,-0.07750572420665129,0.9988419639764826,0.05000823689624667
3.847449353249184,-3.005205791384732,-1.731094516085608,69.9622619682234,0.08339412053395971,-0.0801835945648101,0.998711619521777,0.05019577406346798
3.847449353249184,-3.005205791384732,-1.731094516085608,70.01216826655727,0.09224738692516823,-0.08297250301705948,0.9986603077220728,0.04997324710711837
3.847449353249184,-3.005205791384732,-1.731094516085608,70.06196882200041,0.10104449793477069,-0.08582315934718368,0.998526577112202,0.04987404099665582
3.845087956396318,-3.022704329748631,-1.7459206190843188,70.11189098833516,0.07506404280280643,-0.08026293115579397,0.9988026788684242,0.0499820108525455
3.845087956396318,-3.022704329748631,-1.7459206190843188,70.16179516527993,0.08429514398208549,-0.08403644090021295,0.9986651212468008,0.04997088201344013
3.845087956396318,-3.022704329748631,-1.7459206190843188,70.21177346501857,0.09340283193573856,-0.08681177165371771,0.998600206400141,0.05004835710860789
3.845087956396318,-3.022704329748631,-1.7459206190843188,70.26169298313889,0.102499412503052,-0.08979566135426953,0.9984602379522509,0.049996500834822655
3.8419862522913615,-3.041906994762671,-1.760105455852585,70.31163971951544,0.07327001271168138,-0.08452323433039687,0.9988334238876945,0.05000507109798491
3.8419862522913615,-3.041906994762671,-1.760105455852585,70.36155973732318,0.08238642149058256,-0.08836191879924538,0.9986867375123808,0.04998566210269928
3.8419862522913615,-3.041906994762671,-1.760105455852585,70.41145973482939,0.09149637280111211,-0.09139035833263028,0.9985663207944776,0.0499716408085078
3.8419862522913615,-3.041906994762671,-1.760105455852585,70.46202824375794,0.10170301255466033,-0.09456269729738286,0.9984112174227973,0.05064897914417088
3.8384957077547006,-3.0594104669909337,-1.778204941621492,70.51138183606629,0.07692926816103977,-0.08485349472500776,0.9987957501882152,0.04941309802234173
3.8384957077547006,-3.0594104669909337,-1.778204941621492,70.56130827892939,0.08663992554143152,-0.08878431456159383,0.9986376493736514,0.049994552973657846
3.8384957077547006,-3.0594104669909337,-1.778204941621492,70.61123143940236,0.09648364514327178,-0.09186747465182715,0.9985638468617902,0.04999496089294553
3.8384957077547006,-3.0594104669909337,-1.778204941621492,70.66127603270603,0.10629473196206525,-0.09501701174105799,0.9984066899287548,0.050124457105994225
3.834185781303277,-3.078203274400868,-1.7952685291735344,70.71099223206814,0.07859367100822229,-0.08569858635807709,0.9987658189194815,0.04977763397619128
3.834185781303277,-3.078203274400868,-1.7952685291735344,70.76095468125725,0.08835860827449105,-0.08992899206846555,0.9986008940747669,0.05003244988620281
3.834185781303277,-3.078203274400868,-1.7952685291735344,70.81122890227284,0.09817044560303526,-0.09284224576023772,0.9985199835591825,0.05034873797558248
3.834185781303277,-3.078203274400868,-1.7952685291735344,70.86101720228238,0.1080215252333382,-0.09601700311395331,0.9983620206230109,0.049869986018165946
3.8292485075419926,-3.0968749045021537,-1.8123667832178978,70.91093517180404,0.08034868286423964,-0.08576287738908031,0.9987891488402989,0.049978486029431224
3.8292485075419926,-3.0968749045021537,-1.8123667832178978,70.96069759830958,0.09007287157870365,-0.0901931292832507,0.9986219533024053,0.049831096082925797
3.8292485075419926,-3.0968749045021537,-1.8123667832178978,71.01057946097782,0.09986131351698717,-0.09330649159821267,0.9984860859847998,0.04995749401859939
3.8292485075419926,-3.0968749045021537,-1.8123667832178978,71.06057018377825,0.10963473532344406,-0.09652187460021144,0.9983255324422697,0.05007457104511559
3.824390884946376,-3.117061430418919,-1.8299044567492995,71.11062567031527,0.07871599610251895,-0.08856222775092581,0.9987584740065607,0.050117708975449204
3.824390884946376,-3.117061430418919,-1.8299044567492995,71.16048706989763,0.08840782174066683,-0.0932877128073464,0.9985922105901636,0.04993169289082289
3.822188244698572,-3.126837958444119,-1.8380350198896946,71.2103854523471,0.07838684714972899,-0.09280793227579877,0.9987534672248268,0.049960660049691796
3.822188244698572,-3.126837958444119,-1.8380350198896946,71.26041908948338,0.08812571520151488,-0.0964338650163494,0.9985921156858845,0.05010417802259326
3.822188244698572,-3.126837958444119,-1.8380350198896946,71.31026950532289,0.09784497900817374,-0.09962434133466047,0.9984531571587142,0.04992764606140554
3.822188244698572,-3.126837958444119,-1.8380350198896946,71.36014203482479,0.10749910188307246,-0.10288749883413947,0.9982912706506557,0.04995789402164519
3.8163190772339783,-3.14354375973759,-1.8567826119747473,71.40997817835432,0.08318103350208511,-0.08979510820742222,0.9987019189633293,0.049900918966159225
3.8163190772339783,-3.14354375973759,-1.8567826119747473,71.45999258488033,0.09246400787239838,-0.09444618559614139,0.9985354412702185,0.050087762996554375
3.8163190772339783,-3.14354375973759,-1.8567826119747473,71.5101401983593,0.1020295035378355,-0.09757058381047473,0.9984607372811128,0.05022492283023894
3.8163190772339783,-3.14354375973759,-1.8567826119747473,71.55984410928342,0.11156952991377907,-0.10072692923942532,0.9983024147225246,0.04978843103162944
3.8163190772339783,-3.14354375973759,-1.8567826119747473,71.60989680322801,0.12100112961119074,-0.10394211806983915,0.9981668970230293,0.050144614186137915
3.811045195138338,-3.1629105497958423,-1.8744790080718015,71.65984455824645,0.09121849624058556,-0.09790422743623035,0.9984939567788675,0.050023091956973076
3.807942215012718,-3.175124956194501,-1.8817098842447622,71.70967285639546,0.07460513968554758,-0.1013102250477664,0.9986655799934653,0.049894878873601556
3.807942215012718,-3.175124956194501,-1.8817098842447622,71.75948133944016,0.08364375571389689,-0.10506314303481447,0.9985155127550646,0.04988253302872181
3.807942215012718,-3.175124956194501,-1.8817098842447622,71.80946969234009,0.09262612625253627,-0.10816867395476501,0.9984476501765359,0.05006607295945287
3.807942215012718,-3.175124956194501,-1.8817098842447622,71.85934146354141,0.10160538368180848,-0.11128626484514612,0.9982959537884656,0.04995690006762743
3.807942215012718,-3.175124956194501,-1.8817098842447622,71.90921993903572,0.11053623544370123,-0.11446768983720221,0.9981659124013639,0.04997012508101761
3.8021250282020795,-3.1937858462198014,-1.8995579649739922,71.9591242703564,0.08130947311939438,-0.10871576247201768,0.9984726363168877,0.0499806699808687
3.8021250282020795,-3.1937858462198014,-1.8995579649739922,72.00903259263288,0.08805771500829872,-0.11285332288374324,0.9984108955716596,0.04998775804415345
3.8021250282020795,-3.1937858462198014,-1.8995579649739922,72.05898260275154,0.09589238552140503,-0.1157970554456942,0.9982829987954226,0.05003592185676098
3.7957387784436096,-3.213689316564,-1.917354085379098,72.10890440786874,0.0626260909875094,-0.11158954541032458,0.998657523725487,0.04998891404829919
3.7957387784436096,-3.213689316564,-1.917354085379098,72.1588131016156,0.07031935455318655,-0.11581153833051558,0.9985177852150325,0.049982778960838914
3.7957387784436096,-3.213689316564,-1.917354085379098,72.2086978425141,0.07809435266318566,-0.11873623698504955,0.9984096977744618,0.049964199075475335
3.7957387784436096,-3.213689316564,-1.917354085379098,72.2586226644569,0.08582830406080387,-0.12171101545346538,0.998278976477476,0.05001089186407626
3.7907274682899073,-3.228887913325907,-1.937293596505792,72.30861653172775,0.057165087499934396,-0.11631073442160862,0.9985772962221281,0.05006509507074952
3.7907274682899073,-3.228887913325907,-1.937293596505792,72.35862138653609,0.06211705350918135,-0.11986423696976632,0.9984913044119166,0.050080410903319716
3.7907274682899073,-3.228887913325907,-1.937293596505792,72.40886453748595,0.06711806501204272,-0.12275029956660186,0.9984937049255155,0.05031894613057375
3.7907274682899073,-3.228887913325907,-1.937293596505792,72.4583769675182,0.07211133103214241,-0.1256315771652813,0.9984142538881259,0.04959106887690723
3.7845517229656727,-3.244052453565558,-1.9604164841947247,72.50828035502201,0.045769577545236126,-0.11692820054482929,0.9986638688205027,0.04997015418484807
3.7845517229656727,-3.244052453565558,-1.9604164841947247,72.558193532037,0.05057163365623717,-0.12056688668638847,0.9985750971724305,0.04998439992778003
3.7845517229656727,-3.244052453565558,-1.9604164841947247,72.60813465725201,0.05549201459800221,-0.12331631905030059,0.9984982900180268,0.05001623509451747
3.7845517229656727,-3.244052453565558,-1.9604164841947247,72.65801309469666,0.06038130811356211,-0.1261206186839559,0.9984210829367672,0.049957315903156996
3.7804334995016404,-3.256939783076329,-1.9823595220288461,72.70797076874506,0.03882582097658496,-0.12225121809608946,0.9986475676058529,0.05002532992511988
3.7804334995016404,-3.256939783076329,-1.9823595220288461,72.75792209316006,0.043653423743116246,-0.12539157156180086,0.9985644519161254,0.05002313503064215
3.7804334995016404,-3.256939783076329,-1.9823595220288461,72.80793882143642,0.048485405008480524,-0.12818518488840314,0.9985085331532115,0.05009143799543381
3.7804334995016404,-3.256939783076329,-1.9823595220288461,72.85780771745432,0.053293985808167736,-0.1310298696557964,0.9984303450891014,0.04994729603640735
3.7804334995016404,-3.256939783076329,-1.9823595220288461,72.90767433939634,0.058058019314549215,-0.13390974214601137,0.9983525737280039,0.049948909087106586
3.7804334995016404,-3.256939783076329,-1.9823595220288461,72.9575975026758,0.06279149205788952,-0.13683380859937563,0.9982745928112212,0.05000944994390011
3.7736498702265617,-3.2728681455948396,-2.014896718004567,73.00764068189534,0.034745833026531794,-0.125642580017329,0.9986230144186109,0.050112182972952724
3.7736498702265617,-3.2728681455948396,-2.014896718004567,73.05744779726325,0.039428750455065484,-0.12902326837691291,0.9985349958378356,0.04988019005395472
3.7736498702265617,-3.2728681455948396,-2.014896718004567,73.10736429696746,0.04413868386593821,-0.13181899614658343,0.9984804242679233,0.04999246704392135
3.7736498702265617,-3.2728681455948396,-2.014896718004567,73.15731160190616,0.04883639586151705,-0.13467025397149135,0.998402888150534,0.05002720397897065
3.7736498702265617,-3.2728681455948396,-2.014896718004567,73.20733033710619,0.05350829920095568,-0.13756522211161823,0.9983253428674584,0.05010263994336128
3.7736498702265617,-3.2728681455948396,-2.014896718004567,73.25716992827347,0.05815809243809753,-0.14050723447100455,0.9982475689823931,0.049927084939554334
3.766914699643403,-3.286765010776975,-2.0519682731004862,73.30701855013915,0.0342832866321999,-0.12650098934752355,0.9986102161097635,0.049917997093871236
3.766914699643403,-3.286765010776975,-2.0519682731004862,73.35692723786643,0.03890992957339135,-0.12975389462385606,0.9985256558002118,0.04998237895779312
3.766914699643403,-3.286765010776975,-2.0519682731004862,73.40690806604192,0.04355756231998052,-0.13254168320806306,0.9984718935964643,0.05005732108838856
3.766914699643403,-3.286765010776975,-2.0519682731004862,73.45676882360588,0.04819257201878846,-0.13537991451277964,0.9983955767241145,0.049940883880481124
3.766914699643403,-3.286765010776975,-2.0519682731004862,73.50672184841511,0.0527899830436991,-0.13825210664405502,0.9983196039776188,0.05003710696473718
3.766914699643403,-3.286765010776975,-2.0519682731004862,73.55666451719283,0.05736964127055453,-0.14117057297894536,0.9982432074727744,0.05003056209534407
3.766914699643403,-3.286765010776975,-2.0519682731004862,73.6066522967266,0.061907688144439095,-0.1442879310971878,0.9982396066787655,0.05007593287155032
3.7604601648252722,-3.297669045192522,-2.087835123875475,73.65651370375761,0.043948180742556735,-0.12894211364419803,0.9985134862534496,0.049935637041926384
3.7604601648252722,-3.297669045192522,-2.087835123875475,73.70643925077096,0.04854541492538342,-0.13197491601497233,0.998455467099932,0.05000277794897556
3.7604601648252722,-3.297669045192522,-2.087835123875475,73.75640561164033,0.053121129092874274,-0.13480063078971474,0.9983813295338543,0.050047371070832014
3.7604601648252722,-3.297669045192522,-2.087835123875475,73.80626207751918,0.05768275228933123,-0.13766962219203097,0.9983065417012631,0.0499410389456898
3.7604601648252722,-3.297669045192522,-2.087835123875475,73.85614499072969,0.06221004343517229,-0.14057330004738638,0.9982319849227741,0.049971263157203794
3.75257976093881,-3.31138372599915,-2.128787804404423,73.90611699717425,0.037698271792381464,-0.12465112035863654,0.9986154350621194,0.05004129186272621
3.75257976093881,-3.31138372599915,-2.128787804404423,73.95602269677067,0.04215263937572213,-0.12790803418978144,0.9985332944794655,0.049979004077613354
3.75257976093881,-3.31138372599915,-2.128787804404423,74.00616605305079,0.04671506253081348,-0.13064667130198293,0.99848275004533,0.05021955189295113
3.75257976093881,-3.31138372599915,-2.128787804404423,74.05584061794295,0.05128702980587667,-0.13344080848592643,0.998408941227144,0.04975372599437833
3.75257976093881,-3.31138372599915,-2.128787804404423,74.1057881258946,0.05579465877360952,-0.13624868143507812,0.9983364984158081,0.05003073415718973
3.75257976093881,-3.31138372599915,-2.128787804404423,74.15568690650726,0.060306465888435704,-0.13910901554591326,0.998262871496143,0.049985612044110894
3.75257976093881,-3.31138372599915,-2.128787804404423,74.20568174740545,0.06477028011212715,-0.14219405664998724,0.9982607122128323,0.050081947818398476
3.7440552723953004,-3.3246661272238773,-2.165966357781007,74.25554445312233,0.04009559237051109,-0.1276494674321517,0.9985485118243544,0.049935186048969626
3.7440552723953004,-3.3246661272238773,-2.165966357781007,74.30544532185897,0.044559910821123,-0.13055452904627615,0.9984939345251826,0.049976136069744825
3.7440552723953004,-3.3246661272238773,-2.165966357781007,74.35534774994072,0.04907374132363396,-0.13331568963268836,0.9984224919537922,0.049981273943558335
3.7440552723953004,-3.3246661272238773,-2.165966357781007,74.40529879941582,0.05357863757323373,-0.13611363303223598,0.9983501572429515,0.050033597042784095
3.7440552723953004,-3.3246661272238773,-2.165966357781007,74.45525805136614,0.05806926455378507,-0.13895268529499757,0.998277623536799,0.05004544905386865
3.7332940273851873,-3.3402575287824154,-2.207737990710949,74.5052851277615,0.0271333858955725,-0.12293231091357218,0.9986847961995026,0.050092958845198154
3.7332940273851873,-3.3402575287824154,-2.207737990710949,74.55509992130865,0.03152971283051588,-0.1259443923932699,0.9986062229719725,0.04988432116806507
3.7332940273851873,-3.3402575287824154,-2.207737990710949,74.60495202450677,0.03604433533564674,-0.12860031150131243,0.9985580787087899,0.04992408980615437
3.7332940273851873,-3.3402575287824154,-2.207737990710949,74.65492446703973,0.04056076317361125,-0.13129590792260717,0.9984868265002242,0.050048174103721976
3.7332940273851873,-3.3402575287824154,-2.207737990710949,74.70483241437836,0.0450726453656468,-0.134034542435076,0.9984152999307669,0.0499871619977057
3.7332940273851873,-3.3402575287824154,-2.207737990710949,74.75475473757376,0.04956296934552347,-0.13680771538639286,0.9983439732980128,0.05000513303093612
3.7332940273851873,-3.3402575287824154,-2.207737990710949,74.8048998354797,0.05400837178927115,-0.13983148838158874,0.9983417946746983,0.05022838688455522
3.7332940273851873,-3.3402575287824154,-2.207737990710949,74.85464630107856,0.05847272066728135,-0.14282252381687688,0.9982673379083278,0.04983280901797116
3.7332940273851873,-3.3402575287824154,-2.207737990710949,74.90451281951728,0.0628846345833545,-0.14581265552353107,0.9982159629711002,0.049955641152337193
3.722443769110565,-3.3550825438156857,-2.259240636537873,74.95446192283366,0.03367676743010946,-0.12493160203463868,0.9985900013301229,0.05001963092945516
3.722443769110565,-3.3550825438156857,-2.259240636537873,75.00443965298977,0.03828406699455074,-0.12777492326858517,0.9985240663620586,0.05005160300061107
3.722443769110565,-3.3550825438156857,-2.259240636537873,75.05424831928016,0.04280927309951992,-0.13044239929607676,0.9984560755388187,0.04988568602129817
3.722443769110565,-3.3550825438156857,-2.259240636537873,75.10420471161667,0.04729554288960956,-0.13334780942360225,0.9984582622703299,0.0500335309188813
3.722443769110565,-3.3550825438156857,-2.259240636537873,75.15410938145227,0.05179744782985393,-0.1362203187518273,0.9983859029958191,0.04998535104095936
3.722443769110565,-3.3550825438156857,-2.259240636537873,75.20408122493279,0.056282419486158586,-0.1391053960326219,0.9983356461029675,0.05005515296943486
3.7120759203040805,-3.3685144475108078,-2.298312145090338,75.25399629368532,0.02869556214596569,-0.12539115105227477,0.9986034126833678,0.04998487699776888
3.7120759203040805,-3.3685144475108078,-2.298312145090338,75.30389753119844,0.033453206817057234,-0.12750526729364633,0.9985472713606245,0.04997383593581617
3.7120759203040805,-3.3685144475108078,-2.298312145090338,75.35383430435822,0.03800609236184392,-0.13016263657240118,0.9984793892918632,0.050012823194265366
3.7120759203040805,-3.3685144475108078,-2.298312145090338,75.40382907483743,0.042527675191855664,-0.13307042141222147,0.9984798254785565,0.050070886965841055
3.7120759203040805,-3.3685144475108078,-2.298312145090338,75.45525665867055,0.04705896280636754,-0.13595236660754384,0.9984079639272693,0.051509588956832886
3.7120759203040805,-3.3685144475108078,-2.298312145090338,75.51053528487739,0.0517126508703059,-0.13891481260831273,0.9983545548791074,0.05536973406560719
3.7120759203040805,-3.3685144475108078,-2.298312145090338,75.55463333434334,0.05670867269179645,-0.14212528952183723,0.9982715919336456,0.04417440085671842
3.7120759203040805,-3.3685144475108078,-2.298312145090338,75.60348155366829,0.060664885812070066,-0.14483423208378168,0.9982183285118296,0.04893540614284575
3.7120759203040805,-3.3685144475108078,-2.298312145090338,75.65343343776586,0.0650639512350589,-0.14772627227436466,0.998143904325893,0.050044771982356906
3.6996952115098023,-3.382902383144881,-2.3478158078706297,75.70325314874523,0.03433178647163171,-0.12766740045766542,0.998562480491179,0.049891430884599686
3.6996952115098023,-3.382902383144881,-2.3478158078706297,75.75328692437125,0.03949526811100711,-0.12979893475753745,0.9985185323973864,0.05010800901800394
3.6996952115098023,-3.382902383144881,-2.3478158078706297,75.80315442166452,0.04408563914156087,-0.132644153001093,0.998470588502502,0.049943882040679455
3.6996952115098023,-3.382902383144881,-2.3478158078706297,75.85307282274097,0.04867345924287464,-0.13548254233071622,0.9984005275590914,0.0499983720947057
3.6996952115098023,-3.382902383144881,-2.3478158078706297,75.90301806470046,0.05326152770604269,-0.1383604773916846,0.9983301211503687,0.05002878396771848
3.6996952115098023,-3.382902383144881,-2.3478158078706297,75.95295373613148,0.05784712755697933,-0.14127646652887121,0.9982595798689747,0.05002273200079799
3.6873001274130743,-3.3938367375818532,-2.3896307490785604,76.00302817040449,0.032375822260743314,-0.12128436195053582,0.9986588289124096,0.05014168284833431
3.6873001274130743,-3.3938367375818532,-2.3896307490785604,76.0528534986133,0.0376647223759052,-0.12334956766671382,0.9986100542713822,0.0498946791049093
3.6873001274130743,-3.3938367375818532,-2.3896307490785604,76.10278024259824,0.04233713794837082,-0.1261331715072858,0.9985624620871774,0.049998618895187974
3.6873001274130743,-3.3938367375818532,-2.3896307490785604,76.15272343840832,0.04702551614831924,-0.12893203168263015,0.9984924732431548,0.050018600188195705
3.6873001274130743,-3.3938367375818532,-2.3896307490785604,76.20257777852572,0.051712945286702734,-0.1317734417664835,0.9984224334734412,0.04993311292491853
3.6873001274130743,-3.3938367375818532,-2.3896307490785604,76.25244252528692,0.056389315385453845,-0.1346496454967078,0.9983524707366418,0.04994703596457839
3.6873001274130743,-3.3938367375818532,-2.3896307490785604,76.30241276789333,0.061054590362591095,-0.13785606358539101,0.9983398620074617,0.050053338054567575
3.6873001274130743,-3.3938367375818532,-2.3896307490785604,76.35285403889462,0.06572131407061944,-0.14107595654704994,0.9982652541929692,0.050528925843536854
3.6873001274130743,-3.3938367375818532,-2.3896307490785604,76.4038416400238,0.07043102753979005,-0.14430459951363447,0.9982124503066796,0.05107890721410513
3.673200219425608,-3.4066085337603793,-2.440718644665009,76.4531163773014,0.04036987344365027,-0.11950615158429485,0.9986048733313277,0.04934357781894505
3.673200219425608,-3.4066085337603793,-2.440718644665009,76.50548659968831,0.04598766680964345,-0.12166328557372956,0.9985712574742417,0.05244515300728381
3.673200219425608,-3.4066085337603793,-2.440718644665009,76.55199998382176,0.05104285879217457,-0.1245892988524058,0.9984967612715115,0.04658341011963785
3.673200219425608,-3.4066085337603793,-2.440718644665009,76.6018948867033,0.055607757044699384,-0.12755943977344783,0.9984991973167173,0.04996989783830941
3.673200219425608,-3.4066085337603793,-2.440718644665009,76.65186013395684,0.0604707708330512,-0.13065635811431578,0.9984222159497185,0.05004420620389283
3.658682471570673,-3.418831837561399,-2.4772137000768204,76.7016784117568,0.029284444495023387,-0.11445191406441976,0.9987453077017291,0.04988086293451488
3.658682471570673,-3.418831837561399,-2.4772137000768204,76.75169226506956,0.03489009199742964,-0.11617032422519795,0.9987027304417583,0.050078819040209055
3.658682471570673,-3.418831837561399,-2.4772137000768204,76.80160139365883,0.039879829177668615,-0.11898224612309133,0.9986324587849064,0.049977474845945835
3.658682471570673,-3.418831837561399,-2.4772137000768204,76.85150952967082,0.044869575305375956,-0.12180353142390078,0.9985623425848072,0.04997999011538923
3.658682471570673,-3.418831837561399,-2.4772137000768204,76.90141975118429,0.05010668181975779,-0.1249715168983289,0.9985512675456075,0.04998263297602534
3.658682471570673,-3.418831837561399,-2.4772137000768204,76.9514719870587,0.05522322254342757,-0.12818881689503803,0.9984743241846658,0.05012871604412794
3.645499437643978,-3.4298597885626734,-2.5120307971701723,77.00133213052631,0.02758767673432756,-0.11359552032129937,0.9987614783887312,0.04992197290994227
3.645499437643978,-3.4298597885626734,-2.5120307971701723,77.05136355198887,0.03361243157229679,-0.11529927138513855,0.9987261370237743,0.05009523592889309
3.645499437643978,-3.4298597885626734,-2.5120307971701723,77.1012140461323,0.038864976784116614,-0.11822613229203943,0.9986529634056848,0.049917735159397125
3.645499437643978,-3.4298597885626734,-2.5120307971701723,77.15137093936612,0.04410690444171056,-0.12115496799065374,0.9985803640615616,0.05022819899022579
3.645499437643978,-3.4298597885626734,-2.5120307971701723,77.20216317235061,0.0500888437560227,-0.1244561134113398,0.998560420421221,0.050865457858890295
3.645499437643978,-3.4298597885626734,-2.5120307971701723,77.2510429951333,0.055820530796734415,-0.12786575621585208,0.9984755962534729,0.048954449128359556
3.6362034734159394,-3.4356135273763715,-2.5454909008955875,77.30089951611222,0.04177961567219671,-0.109053737833651,0.9987452124351452,0.04991915891878307
3.6362034734159394,-3.4356135273763715,-2.5454909008955875,77.35108931255195,0.04854371472091555,-0.11125220150835491,0.9987056433963807,0.05025484412908554
3.6362034734159394,-3.4356135273763715,-2.5454909008955875,77.40077755489425,0.054356025247971805,-0.11425690482639374,0.9986262419805807,0.049756595864892006
3.6362034734159394,-3.4356135273763715,-2.5454909008955875,77.4506700617152,0.06011350849500952,-0.11726292926586662,0.99854833882343,0.04996503912843764
3.6362034734159394,-3.4356135273763715,-2.5454909008955875,77.50063358493709,0.06775009012759549,-0.12062777508758835,0.9985091032374653,0.05003812490031123
3.6362034734159394,-3.4356135273763715,-2.5454909008955875,77.55052983129575,0.07457289163891723,-0.12403929394260577,0.9984123737048552,0.04997558891773224
3.621591409395313,-3.4453815120202207,-2.5781302238934756,77.60048265955423,0.048148562701450216,-0.10635205892065092,0.9987656247368847,0.05001456500031054
3.621591409395313,-3.4453815120202207,-2.5781302238934756,77.65038136661234,0.0560066328077718,-0.1084523738235238,0.9987095308871852,0.04996318300254643
3.621591409395313,-3.4453815120202207,-2.5781302238934756,77.70036456892382,0.06294511894826889,-0.11151565907948753,0.9986173747176418,0.05005240603350103
3.621591409395313,-3.4453815120202207,-2.5781302238934756,77.75026740209535,0.069903479312788,-0.11461533625125574,0.9985249103154931,0.04997655306942761
3.6104275933407886,-3.450931392486347,-2.602129991154763,77.80019375307953,0.05855756949540009,-0.09884246733417347,0.9990547423276195,0.04997358890250325
3.6104275933407886,-3.450931392486347,-2.602129991154763,77.85011006287628,0.06896318747382163,-0.10107616168258017,0.9989488972741811,0.049968832172453403
3.6104275933407886,-3.450931392486347,-2.602129991154763,77.90003892169385,0.07867285426380952,-0.10401322929191831,0.9988384521542595,0.049986921017989516
3.6104275933407886,-3.450931392486347,-2.602129991154763,77.95011575680462,0.08837451284690448,-0.10700591500489139,0.998706311168445,0.05014170287176967
3.5992174321102794,-3.457054710720786,-2.6220924627461204,78.00002079038143,0.07379515070291044,-0.09523429810302561,0.9989398422827541,0.04995799693278968
3.5992174321102794,-3.457054710720786,-2.6220924627461204,78.05000690678685,0.08405400814602466,-0.09745910302589962,0.9988269992800591,0.050044819014146924
3.5992174321102794,-3.457054710720786,-2.6220924627461204,78.09989345760448,0.0938196501168021,-0.10034365481045429,0.9987584771356249,0.049948563100770116
3.5992174321102794,-3.457054710720786,-2.6220924627461204,78.14986847670191,0.10355148602372019,-0.1032662532633008,0.9986277016426232,0.05004369397647679
3.5856144020518146,-3.464607300536525,-2.641339652541159,78.19983432447975,0.08322882692805167,-0.09251633443639641,0.9989273955595721,0.05001949891448021
3.5856144020518146,-3.464607300536525,-2.641339652541159,78.24974319756319,0.09344344908407769,-0.09469673424745491,0.9988115841821219,0.049968256149441004
3.5856144020518146,-3.464607300536525,-2.641339652541159,78.299730656195,0.1031998402554343,-0.09746289626220882,0.9986818412533953,0.05005343700759113
3.5856144020518146,-3.464607300536525,-2.641339652541159,78.3496131628983,0.11296418249425316,-0.10028955538995765,0.9985510492593971,0.04995488887652755
3.5856144020518146,-3.464607300536525,-2.641339652541159,78.41958204745882,0.12270201907879136,-0.10319813725831332,0.9984720634783927,0.07007595617324114
3.5856144020518146,-3.464607300536525,-2.641339652541159,78.45610357325353,0.13635595824047653,-0.10721145150307027,0.9982707548616537,0.036584789864718914
3.568519997580236,-3.4730201089230603,-2.660145681810322,78.49935496155402,0.10662498469852333,-0.09377358274950963,0.9987135890775584,0.043307099025696516
3.556929720881104,-3.4794493181391686,-2.670348725026372,78.54927762208716,0.08932057813320825,-0.09011884608476925,0.9989073753247645,0.04997726692818105
3.556929720881104,-3.4794493181391686,-2.670348725026372,78.59930289061741,0.09925601461244563,-0.09221528133379595,0.9987777431010844,0.05008648708462715
3.556929720881104,-3.4794493181391686,-2.670348725026372,78.64918050344824,0.10901783471219749,-0.09490190262890966,0.9986467529600728,0.049945201026275754
3.546147128782859,-3.4841130814062296,-2.6823284239945275,78.69933408205519,0.09610605848828098,-0.08743208141906311,0.9988662077983168,0.050210506888106465
3.546147128782859,-3.4841130814062296,-2.6823284239945275,78.74910417983868,0.10613388839718697,-0.08971698697152257,0.9987396634687277,0.04983290401287377
3.546147128782859,-3.4841130814062296,-2.6823284239945275,78.79903182481567,0.11575044060364831,-0.09230603300343898,0.998633845532734,0.049995947163552046
3.525281083294359,-3.4945197784990603,-2.6984924852956604,78.84894476029022,0.07947564445698269,-0.08496973547938402,0.9990337413455046,0.04996121092699468
3.525281083294359,-3.4945197784990603,-2.6984924852956604,78.89874607221864,0.08934652655237323,-0.0872634488006499,0.9989072896070719,0.04985578986816108
3.514349764047813,-3.499090145479222,-2.7081944419710884,78.94875602556354,0.07589239933790236,-0.08225680860554975,0.999062010762217,0.05005690618418157
3.514349764047813,-3.499090145479222,-2.7081944419710884,78.99879992126874,0.08572487345384056,-0.08450044163459816,0.9989809513614822,0.05009494489058852
3.514349764047813,-3.499090145479222,-2.7081944419710884,79.04862082684168,0.09541695540582278,-0.08700174706035262,0.9988503330981466,0.04987824894487858
3.514349764047813,-3.499090145479222,-2.7081944419710884,79.09864549909268,0.10479675372985628,-0.08948369933913035,0.9987461760896519,0.050087473122403026
3.4991456057345807,-3.504740053511615,-2.7244061046925134,79.14852460515864,0.08305395922645975,-0.07787504669108816,0.9990256921044562,0.04992775106802583
3.4991456057345807,-3.504740053511615,-2.7244061046925134,79.19862537469074,0.0926251666315749,-0.08038726749947188,0.9988994833612781,0.05015596700832248
3.4991456057345807,-3.504740053511615,-2.7244061046925134,79.24843449988856,0.10212453195680118,-0.08277301893411097,0.9987728255393981,0.04987032478675246
3.4991456057345807,-3.504740053511615,-2.7244061046925134,79.30208667844313,0.11155948869489737,-0.08523586840730729,0.9986924723978189,0.05372242210432887
3.482633433701936,-3.51279918376875,-2.739983002976917,79.34855090778241,0.08546333663604759,-0.08014084785890233,0.9989645823063246,0.046512389089912176
3.482633433701936,-3.51279918376875,-2.739983002976917,79.39837025400338,0.0936766268337243,-0.0824349963412457,0.998878268121038,0.04987529292702675
3.482633433701936,-3.51279918376875,-2.739983002976917,79.44900841581635,0.10259321279496965,-0.08477353132868629,0.9987593322543187,0.05070106498897076
3.482633433701936,-3.51279918376875,-2.739983002976917,79.49823478591196,0.11164275966812912,-0.087215269548116,0.9986395996754546,0.04929342889226973
3.4628217368763434,-3.520679870995515,-2.7566041322635457,79.54812765055108,0.07865453444135662,-0.07807270502663312,0.9989930870251664,0.049943153047934175
3.4628217368763434,-3.520679870995515,-2.7566041322635457,79.59824224228686,0.08759887275720435,-0.08072457872705593,0.9989187467260238,0.05016883695498109
3.4628217368763434,-3.520679870995515,-2.7566041322635457,79.64816755111865,0.09654155433876166,-0.08305855907758142,0.998801120782849,0.04998523509129882
3.4628217368763434,-3.520679870995515,-2.7566041322635457,79.69801617092634,0.1037902127368837,-0.08538897907732593,0.9987373438118441,0.04991164105013013
3.4628217368763434,-3.520679870995515,-2.7566041322635457,79.74796193645756,0.11140038323770735,-0.0877852018949785,0.9986442995166904,0.05001356895081699
3.445397768634578,-3.527889239201521,-2.7708532032023245,79.79786179596263,0.08184705606086994,-0.08215172938146713,0.99890297663469,0.04995466093532741
3.445397768634578,-3.527889239201521,-2.7708532032023245,79.84789150659452,0.08946716387371068,-0.08450360864420649,0.9988081616778608,0.05008940910920501
3.445397768634578,-3.527889239201521,-2.7708532032023245,79.8977829297271,0.09707605020107483,-0.08689221641324739,0.9987608673191108,0.04995332192629576
3.445397768634578,-3.527889239201521,-2.7708532032023245,79.94785169529302,0.10464690013945038,-0.08931894341477382,0.998667661085295,0.050135563127696514
3.426194410822827,-3.535095931743041,-2.785834118539989,79.997641916347,0.07189325540244415,-0.0824681785074377,0.9989601394889923,0.049842049833387136
3.426194410822827,-3.535095931743041,-2.785834118539989,80.04756581295239,0.07943970731572642,-0.0847912268759183,0.9988648890326937,0.04998063016682863
3.426194410822827,-3.535095931743041,-2.785834118539989,80.09749328255444,0.08699243729313039,-0.08713308108599442,0.9987712804791595,0.049988891929388046
3.426194410822827,-3.535095931743041,-2.785834118539989,80.14750234226615,0.09453247193156866,-0.0895308935661412,0.9986769488200158,0.0500753119122237
3.410041771518354,-3.5399704414782547,-2.8014249441488452,80.19741437402446,0.06938249017470259,-0.07995291790751625,0.9989808765610685,0.049962950171902776
3.410041771518354,-3.5399704414782547,-2.8014249441488452,80.24731169888189,0.07690374721968114,-0.08233642243200279,0.9988852694641971,0.049953009001910686
3.410041771518354,-3.5399704414782547,-2.8014249441488452,80.29729809603602,0.08443042217712331,-0.08464795890232614,0.9987924746019272,0.05004682997241616
3.3955859444514234,-3.5436927329330525,-2.81793791428547,80.34744973089704,0.06329659872707807,-0.07373741247148219,0.9990300837647147,0.05020032497122884
3.3955859444514234,-3.5436927329330525,-2.81793791428547,80.39715518220196,0.07076456045338486,-0.07622459670572468,0.9989322930888324,0.049758578883484006
3.3955859444514234,-3.5436927329330525,-2.81793791428547,80.44704788710614,0.07826799010503727,-0.07839169228419053,0.9988410107497819,0.049950597109273076
3.3955859444514234,-3.5436927329330525,-2.81793791428547,80.49698468447775,0.08578784484936353,-0.0806661242351617,0.9987966375221623,0.04999696183949709
3.3800784878763555,-3.5486302947291977,-2.831955031935463,80.54693658026032,0.061350120033232064,-0.07433094396695464,0.9990192507129515,0.05000093416310847
3.3800784878763555,-3.5486302947291977,-2.831955031935463,80.5968971433523,0.06875669724767197,-0.07674614068184638,0.9989235129275607,0.05001440295018256
3.3800784878763555,-3.5486302947291977,-2.831955031935463,80.64677607065326,0.07627298566382996,-0.07893084122211225,0.9988316825809972,0.04993726988323033
3.3800784878763555,-3.5486302947291977,-2.831955031935463,80.69677125873771,0.08376577633605244,-0.08116431217659281,0.9987393497053468,0.05005829408764839
3.3682303773988767,-3.553998687283327,-2.845757476418264,80.74686933023975,0.06551214567275812,-0.07956210611586238,0.9988639922404811,0.050155048025771976
3.3682303773988767,-3.553998687283327,-2.845757476418264,80.79672743043757,0.07294469312158536,-0.08164668424536592,0.9988222652467498,0.04991688905283809
3.3682303773988767,-3.553998687283327,-2.845757476418264,80.84657530686401,0.08041165757511576,-0.08390765882383673,0.9987306542513186,0.049911231035366654
3.3682303773988767,-3.553998687283327,-2.845757476418264,80.89658832036733,0.08786543290480549,-0.08621306996699331,0.9986380454266615,0.05008122185245156
3.3510366916992043,-3.558918727838497,-2.861379081452525,80.94643994411163,0.06026253291243232,-0.07886501456148552,0.9988883691861614,0.0499071020167321
3.3510366916992043,-3.558918727838497,-2.861379081452525,80.99637991287774,0.06768364355654585,-0.08081827924990907,0.9987958396278932,0.050000176997855306
3.3510366916992043,-3.558918727838497,-2.861379081452525,81.04629654734961,0.07515318841535278,-0.0830138428915099,0.9987031671857804,0.04998145205900073
3.3510366916992043,-3.558918727838497,-2.861379081452525,81.09629406757838,0.08260999386865168,-0.08530563454884862,0.9986588012947063,0.05006466689519584
3.335749676651451,-3.562955132021629,-2.8728594295167387,81.14621778354517,0.05896029474581478,-0.08047271550431412,0.9988598975414035,0.049980699084699154
3.335749676651451,-3.562955132021629,-2.8728594295167387,81.19620269392018,0.06640303728175619,-0.08220104341639228,0.9987688537954128,0.050046524964272976
3.335749676651451,-3.562955132021629,-2.8728594295167387,81.24622919270062,0.0738663483765559,-0.08442684445215357,0.9986764124928895,0.05009280098602176
3.335749676651451,-3.562955132021629,-2.8728594295167387,81.29626810357293,0.08132404574424708,-0.08669739368746242,0.9985833484781572,0.05010989913716912
3.335749676651451,-3.562955132021629,-2.8728594295167387,81.34605640777,0.08877315828961452,-0.08901680796644867,0.9984896673937664,0.049863614840433
3.322924771934652,-3.56659435661008,-2.884795234029083,81.39595292206045,0.06994274795390075,-0.08489562925414501,0.9986911282196417,0.04996190802194178
3.322924771934652,-3.56659435661008,-2.884795234029083,81.44581231433455,0.0773944318675382,-0.08651349200574207,0.9986044647046806,0.04992907005362213
3.322924771934652,-3.56659435661008,-2.884795234029083,81.49830193703588,0.08482098328270042,-0.08882751605466643,0.9985122401868326,0.05256783100776374
3.322924771934652,-3.56659435661008,-2.884795234029083,81.54583309850861,0.09262718864642266,-0.09128608766729861,0.9984127109714527,0.04760672710835934
3.3080115922233078,-3.5691492051479616,-2.8973779707188148,81.5956780799102,0.07041938284684546,-0.08285276478806486,0.9986418017987109,0.04991277283988893
3.3080115922233078,-3.5691492051479616,-2.8973779707188148,81.64563279752367,0.07794007397555418,-0.08434648661581687,0.998549783011969,0.05002726800739765
3.3080115922233078,-3.5691492051479616,-2.8973779707188148,81.69563962998684,0.08539451966615515,-0.08665125816257542,0.9985051087849498,0.05008169915527105
3.3080115922233078,-3.5691492051479616,-2.8973779707188148,81.74577343851718,0.09283964403997126,-0.08899813676647583,0.9984132497069029,0.0502134847920388
3.3080115922233078,-3.5691492051479616,-2.8973779707188148,81.79535795909534,0.10029600817721171,-0.09139131201011444,0.998320536754151,0.049667936051264405
3.292281482058952,-3.57301033406541,-2.9137998568738213,81.84529533790834,0.07595802382039847,-0.08372424956521121,0.9985418950576723,0.050010299077257514
3.292281482058952,-3.57301033406541,-2.9137998568738213,81.89521007187757,0.08346303327237621,-0.08506414098751448,0.9981533416545021,0.050007079960778356
3.292281482058952,-3.57301033406541,-2.9137998568738213,81.94521538235422,0.0909213176247902,-0.08731570866797636,0.9980633351701143,0.050102341920137405
3.292281482058952,-3.57301033406541,-2.9137998568738213,81.99525635852528,0.0983925962675412,-0.08966396273516529,0.9980220048463032,0.050140153151005507
3.2732414415206117,-3.575410844128453,-2.9315300592952362,82.04499560775278,0.06893047372120768,-0.07612083935769838,0.9983511956281672,0.049821394961327314
3.2732414415206117,-3.575410844128453,-2.9315300592952362,82.09483366430655,0.07651754395859,-0.07748685618327084,0.9982714764180991,0.049924351973459125
3.2732414415206117,-3.575410844128453,-2.9315300592952362,82.14470311752045,0.08401200321359897,-0.07960501562594098,0.9981888150629682,0.049959939904510975
3.2732414415206117,-3.575410844128453,-2.9315300592952362,82.19494662689338,0.09150282728246462,-0.08175228587372849,0.9980809580976565,0.050340114161372185
3.255229674783873,-3.5791274392034578,-2.947663527822877,82.24455347400763,0.06287233962957978,-0.07402024345508701,0.99834133481676,0.049689264968037605
3.255229674783873,-3.5791274392034578,-2.947663527822877,82.29452648773524,0.0704173499892579,-0.07519128798802713,0.9983211096687484,0.05005705403164029
3.255229674783873,-3.5791274392034578,-2.947663527822877,82.34430651730538,0.07799156068150517,-0.07726410823111679,0.9982446830297891,0.04986756294965744
3.24081766690914,-3.5824469865103308,-2.960381730316623,82.3942750524041,0.056264256945839,-0.07320728507696478,0.9984243363431158,0.05004739295691252
3.24081766690914,-3.5824469865103308,-2.960381730316623,82.44425571406663,0.06388506497243167,-0.07419005228253034,0.9983601517806552,0.05006275698542595
3.24081766690914,-3.5824469865103308,-2.960381730316623,82.4940798305639,0.0714925226443487,-0.07617294705008366,0.9982873904689634,0.049909592140465975
3.24081766690914,-3.5824469865103308,-2.960381730316623,82.54404427111247,0.07906488015343863,-0.07817582151209226,0.9982151314322274,0.05005377996712923
3.24081766690914,-3.5824469865103308,-2.960381730316623,82.59398466359389,0.08674427570143628,-0.08028265500187738,0.9981860588777073,0.05003114603459835
3.2270189373579896,-3.584521221481942,-2.9735268089699614,82.64384071822533,0.06707727422229591,-0.07324076949924793,0.9983849287933,0.0499367059674114
3.2270189373579896,-3.584521221481942,-2.9735268089699614,82.69374714698083,0.07492397247983865,-0.07414740723326986,0.9983254050042818,0.049990141997113824
3.2270189373579896,-3.584521221481942,-2.9735268089699614,82.7438083359619,0.08270957199225891,-0.07618126360274977,0.9992590180896567,0.050098310923203826
3.2270189373579896,-3.584521221481942,-2.9735268089699614,82.79675723548326,0.09042415384112934,-0.07820131341921621,0.9990989710787136,0.052996651036664844
3.2125111664043025,-3.5862211703174407,-2.985151207757489,82.84370757031795,0.06997163234489848,-0.071188879028552,0.9991987272227377,0.04698798502795398
3.2125111664043025,-3.5862211703174407,-2.985151207757489,82.8935610880513,0.07764723037043132,-0.07188800716373246,0.9990987280208894,0.049898489844053984
3.2125111664043025,-3.5862211703174407,-2.985151207757489,82.94356322975484,0.0855241028526138,-0.0737995992137927,0.9983172628974298,0.05008642398752272
3.2125111664043025,-3.5862211703174407,-2.985151207757489,82.99331094198676,0.0932392214901266,-0.07566502971230112,0.9954218707412053,0.04997651115991175
3.1951600296025857,-3.5890072447713313,-2.996710996462741,83.04288582109935,0.06612188085073609,-0.07058808641127108,0.9928382722569636,0.04993248195387423
3.1951600296025857,-3.5890072447713313,-2.996710996462741,83.0923721252178,0.0739418043413886,-0.07077662925144255,0.9899742891377529,0.04998746397905052
3.1951600296025857,-3.5890072447713313,-2.996710996462741,83.14176116929315,0.08162809114801181,-0.07251766701841536,0.9871032330800599,0.0500343251042068
3.1951600296025857,-3.5890072447713313,-2.996710996462741,83.19108286859668,0.0892829596419552,-0.07426785759380736,0.9842385047162859,0.05011153197847307
3.1767004081261443,-3.5910446924860793,-3.0107956038517183,83.2401734302946,0.06134130892960907,-0.06552006728592855,0.9817283009431118,0.050004223827272654
3.1767004081261443,-3.5910446924860793,-3.0107956038517183,83.28910162542765,0.0697264436180506,-0.0656094058894067,0.978887500033939,0.0499834711663425
3.1767004081261443,-3.5910446924860793,-3.0107956038517183,83.33787384304472,0.07784053502530434,-0.06725116432609286,0.9760409885839182,0.0499694359023124
3.1767004081261443,-3.5910446924860793,-3.0107956038517183,83.38652631854178,0.0859138271677678,-0.0688966196190957,0.9732043664021798,0.04999204399064183
3.159694574629844,-3.593316959296591,-3.024795855911315,83.43506955571308,0.060078285307071405,-0.06169019175526015,0.9706923263635401,0.05000888113863766
3.159694574629844,-3.593316959296591,-3.024795855911315,83.48346339081397,0.06841017493403957,-0.061692738036339026,0.9678870989393199,0.04999946290627122
3.159694574629844,-3.593316959296591,-3.024795855911315,83.53170496721768,0.07868057412165894,-0.06324802035306121,0.9650720442843048,0.049987538950517774
3.159694574629844,-3.593316959296591,-3.024795855911315,83.57989921645863,0.08789316326677261,-0.06474814642688337,0.9622467413305748,0.05008512595668435
3.144423949853809,-3.593818498662811,-3.034550063752498,83.62785496986531,0.06716746142696095,-0.05659808720646767,0.9597616587883541,0.04996631504036486
3.144423949853809,-3.593818498662811,-3.034550063752498,83.67568084208126,0.07663559184844364,-0.05661394482635644,0.956973536700567,0.0499761700630188
3.144423949853809,-3.593818498662811,-3.034550063752498,83.72358474325782,0.08581335191289982,-0.05798639600524383,0.9541730723780489,0.05020462488755584
3.144423949853809,-3.593818498662811,-3.034550063752498,83.77097076806193,0.0949907644470063,-0.05936730926649777,0.9513687063176868,0.049808265175670385
3.1281728379050393,-3.5939410555307885,-3.0444403715797645,83.8183513094416,0.07226901272731338,-0.04987018970899729,0.94895340604812,0.04992926004342735
3.1281728379050393,-3.5939410555307885,-3.0444403715797645,83.86581334771405,0.08164271998771547,-0.049858305851556754,0.9461892710199051,0.05016125179827213
3.1281728379050393,-3.5939410555307885,-3.0444403715797645,83.91289405392195,0.09077305030845184,-0.051070253673596425,0.9434110197516108,0.04990476602688432
3.1281728379050393,-3.5939410555307885,-3.0444403715797645,83.96003600639017,0.09981816754892761,-0.05228450892064883,0.9406557687296927,0.050116050988435745
3.1117199958005726,-3.595494083220443,-3.0534908416586464,84.00671790578124,0.07605646035790763,-0.04747547694553117,0.9382320033917025,0.04975517699494958
3.1117199958005726,-3.595494083220443,-3.0534908416586464,84.05355781700716,0.08520022017222258,-0.04733251298354889,0.9355103417316541,0.050068833166733384
3.1117199958005726,-3.595494083220443,-3.0534908416586464,84.10018013911521,0.09422712933119945,-0.04844848523932044,0.932769405656868,0.049982687924057245
3.1117199958005726,-3.595494083220443,-3.0534908416586464,84.14673504256449,0.10320069311495803,-0.04956742636807896,0.9300418400342602,0.05005678394809365
3.1117199958005726,-3.595494083220443,-3.0534908416586464,84.19308844563874,0.11216107694192097,-0.05070078143134167,0.9273182506155673,0.04998651007190347
3.090029453063711,-3.5966377898146016,-3.0640603899297663,84.23932124578371,0.07803723765829693,-0.04260702106438333,0.9250528322636992,0.0499785509891808
3.0780096294999164,-3.5970844231004944,-3.067302169944817,84.28655448779533,0.06327001534799861,-0.038981382804529854,0.9226001401761365,0.0511957888957113
3.0780096294999164,-3.5970844231004944,-3.067302169944817,84.33150047461766,0.07247018395353311,-0.0389796072665284,0.9198396484550567,0.04886285006068647
3.0780096294999164,-3.5970844231004944,-3.067302169944817,84.3773012030456,0.08115417553714444,-0.0398799094829128,0.9172111070007194,0.049934773007407784
3.0780096294999164,-3.5970844231004944,-3.067302169944817,84.42297842861923,0.08999469574706212,-0.0407819651481157,0.9145322427742321,0.04994599800556898
3.060938998220253,-3.5976257609477975,-3.0743156684036563,84.4686432474521,0.06491308054210396,-0.03526080009527689,0.9122077839881811,0.05005966802127659
3.060938998220253,-3.5976257609477975,-3.0743156684036563,84.51415143718435,0.07388222687960419,-0.03497529983823404,0.9095438126727514,0.050034082029014826
3.060938998220253,-3.5976257609477975,-3.0743156684036563,84.5594568455812,0.08268548279886827,-0.03578257759579655,0.9068822640386648,0.049957321025431156
3.060938998220253,-3.5976257609477975,-3.0743156684036563,84.60464688681351,0.09144224093545049,-0.036590509737844834,0.9042418234783448,0.04997561499476433
3.060938998220253,-3.5976257609477975,-3.0743156684036563,84.64981004590346,0.10017574344661931,-0.03740771478152618,0.9015994266118432,0.050092266872525215
3.0453041675443973,-3.5980711060965254,-3.08023477610455,84.6948431169807,0.0778264961570844,-0.032692463953958875,0.8992738065795076,0.05007715197280049
3.0453041675443973,-3.5980711060965254,-3.08023477610455,84.7396671150025,0.0866588677526462,-0.03245267892835983,0.8966455866460963,0.04999076412059367
3.0453041675443973,-3.5980711060965254,-3.08023477610455,84.78436034322766,0.09533695896874188,-0.0331829185585403,0.8940245609398016,0.04999105189926922
3.0453041675443973,-3.5980711060965254,-3.08023477610455,84.82882729028967,0.10398274437682363,-0.0339133850694017,0.8914114722983375,0.04988375003449619
3.0255014134232043,-3.59890645107389,-3.086699734935712,84.87326050306442,0.07310880511191656,-0.02939482324051925,0.889205230959503,0.049969580955803394
3.0255014134232043,-3.59890645107389,-3.086699734935712,84.9175918064099,0.08182063347800246,-0.028931279586182586,0.886612482953548,0.05000076605938375
3.0255014134232043,-3.59890645107389,-3.086699734935712,84.96182878475334,0.09041079287236106,-0.02957302455185817,0.8840204845175396,0.05004067113623023
3.0255014134232043,-3.59890645107389,-3.086699734935712,85.00899561296092,0.09897597942574812,-0.030214123057073557,0.881434316461438,0.05351144983433187
3.0079823837526822,-3.5980482589572977,-3.090479540851547,85.0498064182012,0.0734463990134316,-0.023396722770032633,0.8790315594441255,0.04642700799740851
3.0079823837526822,-3.5980482589572977,-3.090479540851547,85.0937525402951,0.08145956346072093,-0.023122046526371565,0.8766485016292208,0.050129695096984506
3.0079823837526822,-3.5980482589572977,-3.090479540851547,85.13740664069857,0.08997948084903418,-0.023639542538374594,0.8740784765167458,0.049942998914048076
3.0079823837526822,-3.5980482589572977,-3.090479540851547,85.18089150833943,0.09843805430838452,-0.024172692658657374,0.8715264066459877,0.049895066069439054
2.9909282654223217,-3.598025312132524,-3.094374461529024,85.22436277257397,0.07293051736165754,-0.019696032379898698,0.8693239395713245,0.05000582896173
2.9909282654223217,-3.598025312132524,-3.094374461529024,85.26773109744957,0.08141448938846976,-0.019555548699698947,0.8667840860166179,0.05003359611146152
2.9909282654223217,-3.598025312132524,-3.094374461529024,85.31092580695547,0.08982469915764392,-0.02001082249104794,0.8642486526805997,0.04997949302196503
2.973457535718033,-3.5969356469615934,-3.099295563699536,85.35413439161022,0.06358552243828097,-0.011869952668648454,0.8620772601425842,0.05012147594243288
2.973457535718033,-3.5969356469615934,-3.099295563699536,85.39720702592028,0.07200320319302089,-0.011983658305295523,0.8595519264414002,0.05011056689545512
2.973457535718033,-3.5969356469615934,-3.099295563699536,85.43996551191279,0.08036078225302473,-0.012298269936378167,0.8570425438765208,0.04989073914475739
2.973457535718033,-3.5969356469615934,-3.099295563699536,85.48263289894327,0.08865613387129609,-0.012616864602999026,0.85454307860097,0.0499300598166883
2.973457535718033,-3.5969356469615934,-3.099295563699536,85.52537251841659,0.09693372466629108,-0.012941357008563276,0.8520488775230968,0.05016099498607218
2.954894023033639,-3.5959576660517407,-3.10312515979906,85.56773309292204,0.06833695193588801,-0.005669453367168947,0.8499223685206755,0.04984052199870348
2.954894023033639,-3.5959576660517407,-3.10312515979906,85.61006235989547,0.07654454030713823,-0.006000971177764186,0.8474460228576485,0.04994921898469329
2.954894023033639,-3.5959576660517407,-3.10312515979906,85.65276628131612,0.08476054205002996,-0.006205469208324933,0.8449715753198801,0.05053888517431915
2.954894023033639,-3.5959576660517407,-3.10312515979906,85.69473342080144,0.09304931615302925,-0.0064192115262958075,0.8424751451704057,0.0498140980489552
2.954894023033639,-3.5959576660517407,-3.10312515979906,85.73650978900808,0.10119502251304079,-0.006635722123776659,0.8400220219479171,0.0497324678581208
2.938934629252482,-3.5950912751608306,-3.105843580065754,85.77843420471207,0.07754257151888397,-0.0006901990675580259,0.8378983659297756,0.050035204039886594
2.938934629252482,-3.5950912751608306,-3.105843580065754,85.82016043368702,0.0856428033184913,-0.001153087248446809,0.8354471956632606,0.049944783095270395
2.938934629252482,-3.5950912751608306,-3.105843580065754,85.86182620201313,0.09374465973917129,-0.0012767482603162129,0.8330080057558636,0.05001844884827733
2.918940051705288,-3.5956879928536085,-3.102740858989425,85.90338418949813,0.061853207664182314,-0.0032970473473847087,0.8309594890661676,0.05001204996369779
2.918940051705288,-3.5956879928536085,-3.102740858989425,85.94503553706754,0.06994672465640932,-0.003643851999208846,0.8285311232480277,0.050271313171833754
2.918940051705288,-3.5956879928536085,-3.102740858989425,85.98606341160351,0.07803205636527781,-0.0038095865669308697,0.8260961538935951,0.04966476885601878
2.918940051705288,-3.5956879928536085,-3.102740858989425,86.02949816720353,0.08599640122115879,-0.003980163569622483,0.8236977867322646,0.05273142200894654
2.918940051705288,-3.5956879928536085,-3.102740858989425,86.07228154831948,0.09442777937051003,-0.00417192391660811,0.8211580603333648,0.05210127402096987
2.902651220857514,-3.5956247513684882,-3.1024495484485586,86.10956052013852,0.07021833155685342,-0.002627600141513547,0.8189766096032083,0.04551897011697292
2.902651220857514,-3.5956247513684882,-3.1024495484485586,86.15022697829647,0.07745475814268614,-0.003004069320277152,0.8167988285299029,0.049787605879828334
2.902651220857514,-3.5956247513684882,-3.1024495484485586,86.19090774801565,0.08534990293625569,-0.003168845779517338,0.8144291235484763,0.04995004297234118
2.902651220857514,-3.5956247513684882,-3.1024495484485586,86.23149704286368,0.09324703495425443,-0.0033361932978083456,0.8120509804014521,0.049983678152784705
2.884639112858471,-3.5949800604770616,-3.103228507695237,86.27195128649039,0.06522743184347354,0.0008776619702198017,0.8100352738834922,0.049941335804760456
2.884639112858471,-3.5949800604770616,-3.103228507695237,86.31260844191547,0.07305311097722547,0.00026845733331225176,0.80767079649641,0.05033877119421959
2.884639112858471,-3.5949800604770616,-3.103228507695237,86.35267795030839,0.08094791767739432,0.00016350731186002014,0.8052938790673835,0.04975762194953859
2.884639112858471,-3.5949800604770616,-3.103228507695237,86.39327661275038,0.08872795851896813,5.27064012032728e-05,0.802951541173673,0.050561784068122506
2.884639112858471,-3.5949800604770616,-3.103228507695237,86.43293166162485,0.09661060923139421,-7.000211355584631e-05,0.8005780260941315,0.04953302186913788
2.868748862344362,-3.594184813587004,-3.1055334983766145,86.47312794888478,0.07264646423862345,0.005521145835697117,0.7985771777658511,0.05033488105982542
2.868748862344362,-3.594184813587004,-3.1055334983766145,86.5125761631229,0.08037462900293721,0.004766167416767714,0.7962265894920305,0.04954395489767194
2.868748862344362,-3.594184813587004,-3.1055334983766145,86.55237771650754,0.08803831581971065,0.004736014893300818,0.7939204756838693,0.05013292212970555
2.868748862344362,-3.594184813587004,-3.1055334983766145,86.59222289428384,0.09576829332280426,0.004690962380404062,0.7915935930014557,0.05033539701253176
2.848808702378506,-3.593824398378452,-3.106522364396292,86.63131560339225,0.06369590895002572,0.008556928690112934,0.789657420367841,0.04950590990483761
2.848808702378506,-3.593824398378452,-3.106522364396292,86.67071600530406,0.07122903108263912,0.007473021158102489,0.7873724700054238,0.05004036007449031
2.848808702378506,-3.593824398378452,-3.106522364396292,86.70997940378493,0.07888665168846096,0.007491657958642199,0.7850687810710094,0.050012686057016253
2.848808702378506,-3.593824398378452,-3.106522364396292,86.74908999624449,0.08651325589999591,0.007500881416435734,0.7827734266055596,0.049964128993451595
2.8307967923957618,-3.594777992038508,-3.1065291277795186,86.78818328026514,0.058072136374639066,0.006685426724259121,0.7808355869910175,0.05006596096791327
2.8307967923957618,-3.594777992038508,-3.1065291277795186,86.82703268589133,0.06567129007174018,0.00578532809984764,0.7785501799460991,0.04989968100562692
2.8307967923957618,-3.594777992038508,-3.1065291277795186,86.86584170606987,0.07322005765439454,0.005787498044343385,0.7762788672069468,0.04999365797266364
2.8307967923957618,-3.594777992038508,-3.1065291277795186,86.90455265239848,0.0807586194278724,0.00577810126771937,0.7740184112058224,0.05001295288093388
2.816554474919175,-3.5953129582908137,-3.105725144708021,86.94312497579358,0.05979475295563365,0.005184900405958883,0.7720316518581978,0.04996210103854537
2.816554474919175,-3.5953129582908137,-3.105725144708021,86.9816995826712,0.06729957558562633,0.004549265201393253,0.7697775504777866,0.05011136899702251
2.816554474919175,-3.5953129582908137,-3.105725144708021,87.02102286514106,0.0747930189579776,0.00452704592469885,0.767522397620032,0.051234052050858736
2.816554474919175,-3.5953129582908137,-3.105725144708021,87.0582788030913,0.0824300661734017,0.004491805803052712,0.7652234132042165,0.04868635395541787
2.801930573227114,-3.5960807438978133,-3.1032704676170044,87.09649868310886,0.060408159625824465,0.002162997720075645,0.7633275360259901,0.05007009208202362
2.801930573227114,-3.5960807438978133,-3.1032704676170044,87.13450579845181,0.06786864225565489,0.001636775769050032,0.761094452306402,0.0499374489299953
2.801930573227114,-3.5960807438978133,-3.1032704676170044,87.17250356023189,0.07524947134210322,0.0015629851979565036,0.7588724755296591,0.050071340054273605
2.801930573227114,-3.5960807438978133,-3.1032704676170044,87.21024045798777,0.08262775804211861,0.0014796810180471435,0.7566510576792876,0.04987358092330396
2.7879422554011906,-3.5951215308306232,-3.1013829407754976,87.24886652119697,0.062093156340649464,0.004447571424979621,0.7547232426929753,0.05117910914123058
2.7879422554011906,-3.5951215308306232,-3.1013829407754976,87.28597958351392,0.06959156337932965,0.00383000870707579,0.7524674306781631,0.04932181886397302
2.7879422554011906,-3.5951215308306232,-3.1013829407754976,87.32318207864351,0.07680016185223308,0.003786316672217355,0.7502978112332951,0.049583638086915016
2.7879422554011906,-3.5951215308306232,-3.1013829407754976,87.3605787977793,0.08402469222801046,0.0037250528352301858,0.7481227152906526,0.04998741298913956
2.771274301550211,-3.595157412082448,-3.1002415444511104,87.39833555274724,0.05799602065516181,0.0047703460005801435,0.7462629738451906,0.050594436936080456
2.771274301550211,-3.595157412082448,-3.1002415444511104,87.4351102554754,0.0653322236398732,0.003965011346172001,0.7440570042579026,0.04942457703873515
2.771274301550211,-3.595157412082448,-3.1002415444511104,87.47216496257646,0.07247588730415827,0.003921614578503777,0.7419069147492845,0.049945224076509476
2.771274301550211,-3.595157412082448,-3.1002415444511104,87.50916869555664,0.07967248812573273,0.0038606631912503904,0.7397484747181549,0.05002204701304436
2.771274301550211,-3.595157412082448,-3.1002415444511104,87.54604899819732,0.08685837862180222,0.0037939725799953166,0.7375850629920788,0.0500014228746295
2.7565066421608884,-3.593933850657377,-3.0983249677545373,87.58331745365582,0.06462330103815696,0.007821180124930563,0.7357253695960733,0.050655389903113246
2.7565066421608884,-3.593933850657377,-3.0983249677545373,87.61988506481946,0.07183984472851651,0.006964854000870406,0.7335501879655468,0.04985018307343125
2.7565066421608884,-3.593933850657377,-3.0983249677545373,87.65612375353521,0.07894543053854654,0.0069496653615890485,0.7314120243487877,0.04954620311036706
2.7565066421608884,-3.593933850657377,-3.0983249677545373,87.69270799205256,0.08598397471656674,0.006919358083473269,0.7292932164650556,0.05016396380960941
2.7413267429061094,-3.5944664137860216,-3.0985387748077606,87.72893846461744,0.06273083956669581,0.007463522038750118,0.7274501421906282,0.04980475013144314
2.7413267429061094,-3.5944664137860216,-3.0985387748077606,87.76519532704373,0.06975561328303007,0.006514421498156391,0.72533204362905,0.04998657200485468
2.7413267429061094,-3.5944664137860216,-3.0985387748077606,87.80134542553522,0.07680158876694622,0.006491451377316131,0.7232118621597521,0.0499854888767004
2.7413267429061094,-3.5944664137860216,-3.0985387748077606,87.83737653760876,0.08382272507036966,0.0064577158769807035,0.7210981658549265,0.04996700002811849
2.7228373830987005,-3.5945325822843333,-3.0979939392394344,87.87343482270316,0.05388731251768429,0.00827416457679793,0.7193551701230911,0.05012584407813847
2.7228373830987005,-3.5945325822843333,-3.0979939392394344,87.90927603853325,0.060872795094960526,0.007096518592177865,0.7172484693479965,0.04997043195180595
2.7228373830987005,-3.5945325822843333,-3.0979939392394344,87.94502332026144,0.06783960607723641,0.007093936535420573,0.7151524852119737,0.04998553800396621
2.7228373830987005,-3.5945325822843333,-3.0979939392394344,87.98062636281811,0.07478279377596896,0.007077518947865355,0.7130622598213071,0.049929781118407845
2.705917884597908,-3.595171485082612,-3.0977381570438904,88.01623714118169,0.04785788922773783,0.0072650480651877125,0.711309885849735,0.050063662929460406
2.705917884597908,-3.595171485082612,-3.0977381570438904,88.05162822720328,0.05477363504317002,0.006198191540356251,0.7092283474393214,0.04990083398297429
2.705917884597908,-3.595171485082612,-3.0977381570438904,88.08704043166838,0.061652870090493445,0.006188477057679608,0.7071667205850616,0.05007617501541972
2.705917884597908,-3.595171485082612,-3.0977381570438904,88.12226747953959,0.06853058786196703,0.0061661168237596145,0.7050961630711399,0.04996062908321619
2.692140838861029,-3.59450094076701,-3.096493980151808,88.15740566551237,0.04790693395022966,0.009046391295824458,0.703311939484793,0.04996102582663298
2.692140838861029,-3.59450094076701,-3.096493980151808,88.19257898891823,0.054706926686086066,0.008105324819159935,0.7012603720704245,0.05015729507431388
2.692140838861029,-3.59450094076701,-3.096493980151808,88.22854656367828,0.06154396086491303,0.008119185098724092,0.6992033639801537,0.0514407919254154
2.692140838861029,-3.59450094076701,-3.096493980151808,88.26234704293294,0.06853032579757845,0.008114601023314091,0.6971000116702433,0.04848727397620678
2.679782060055723,-3.5940800241184023,-3.0965812276679765,88.29710076392708,0.05043795033859008,0.011047557268823536,0.6953713831238613,0.04997864714823663
2.679782060055723,-3.5940800241184023,-3.0965812276679765,88.331817528875,0.0571336215046262,0.010081707971069926,0.6933401772730082,0.05007176287472248
2.679782060055723,-3.5940800241184023,-3.0965812276679765,88.36648481212548,0.06388442749470061,0.01012124706824966,0.6913097697589875,0.050147249130532146
2.679782060055723,-3.5940800241184023,-3.0965812276679765,88.40092998292883,0.07061921213666508,0.010148028729552496,0.6892825766894733,0.04997249599546194
2.679782060055723,-3.5940800241184023,-3.0965812276679765,88.43616145938685,0.07731088199083293,0.010167332636068113,0.6872684012502444,0.051263052970170975
2.6672147222772025,-3.5938622257019177,-3.0957642805436145,88.46993991852277,0.059064541316741256,0.012027291829381274,0.6854573863384904,0.04927871492691338
2.6672147222772025,-3.5938622257019177,-3.0957642805436145,88.50361456613476,0.06560604062699947,0.01103639264958587,0.6834847891764043,0.04926905198954046
2.6672147222772025,-3.5938622257019177,-3.0957642805436145,88.53873755615817,0.07215512701456855,0.01107467496558621,0.6815160353404401,0.05153655703179538
2.6672147222772025,-3.5938622257019177,-3.0957642805436145,88.57234367551877,0.0789786171128785,0.01108852178488122,0.6794617430047062,0.04945991397835314
2.6518441860692437,-3.593962018252944,-3.09389961273747,88.6055746289856,0.05480135640926065,0.011819053646967234,0.6778065802586387,0.04902719217352569
2.6518441860692437,-3.593962018252944,-3.09389961273747,88.63934258561457,0.061276761676436135,0.010583926740860717,0.6758672904577311,0.04996240697801113
2.6518441860692437,-3.593962018252944,-3.09389961273747,88.67304834214934,0.06784498062394949,0.010612209176331374,0.6738920050009933,0.05001655500382185
2.6518441860692437,-3.593962018252944,-3.09389961273747,88.70663175412288,0.07439315720171376,0.010630596619029814,0.67192091119126,0.04998119780793786
2.638095795613052,-3.594526463468626,-3.0915906226760175,88.74027724864958,0.05342367179181108,0.009558434178713871,0.6702231376112262,0.05020043719559908
2.638095795613052,-3.594526463468626,-3.0915906226760175,88.77360804973979,0.06001735273215257,0.008501885028633263,0.6682591389953051,0.04987705987878144
2.638095795613052,-3.594526463468626,-3.0915906226760175,88.80689811441538,0.06649762030917464,0.008501629990628905,0.6663095816011713,0.049961857963353395
2.638095795613052,-3.594526463468626,-3.0915906226760175,88.84012121480923,0.07296386536939374,0.008485318720253359,0.6643626722945478,0.05000747600570321
2.624220512857153,-3.59507118346228,-3.0890422457820312,88.87324361809411,0.0516705566110824,0.007380256817965146,0.6626884492381231,0.04998186300508678
2.624220512857153,-3.59507118346228,-3.0890422457820312,88.90631919456484,0.05816241463050093,0.00638085720589211,0.6607550316033008,0.05005724495276809
2.624220512857153,-3.59507118346228,-3.0890422457820312,88.9395199792314,0.06459046515016452,0.006343064231638106,0.6588202473064565,0.050394299207255244
2.624220512857153,-3.59507118346228,-3.0890422457820312,88.97212955850564,0.07103800473203754,0.006290165956597655,0.6568783735797322,0.04964325297623873
2.624220512857153,-3.59507118346228,-3.0890422457820312,89.00583471806446,0.07737075213921019,0.0062339988868794,0.6549712329989484,0.05146051896736026
2.6091977806296507,-3.594308651399194,-3.088353456244828,89.03752380146499,0.05399388865141885,0.010342056215934599,0.653304605032482,0.048505831975489855
2.6091977806296507,-3.594308651399194,-3.088353456244828,89.07422974674806,0.06008474002782607,0.009114354961405046,0.6514623981058267,0.056343920063227415
2.6091977806296507,-3.594308651399194,-3.088353456244828,89.1024874880267,0.06722178695956477,0.009066980979126687,0.6493139701429688,0.04351937980391085
2.6091977806296507,-3.594308651399194,-3.088353456244828,89.13566521593415,0.07271208973985553,0.009118586918698704,0.6476630943796062,0.051226831041276455
2.6091977806296507,-3.594308651399194,-3.088353456244828,89.16719509660582,0.07915551290514766,0.009049913051782208,0.6457214935777038,0.048828916158527136
2.5957115841980727,-3.5946306906327194,-3.0863797391540877,89.19939012600899,0.058327948721455546,0.00903385504030134,0.6441415897378595,0.04998129280284047
2.5957115841980727,-3.5946306906327194,-3.0863797391540877,89.23152263170624,0.06461599582463443,0.007933705226768983,0.6422619807846072,0.0500302161090076
2.5957115841980727,-3.5946306906327194,-3.0863797391540877,89.26357053249286,0.07086305593286912,0.007900645774877906,0.6403821201052478,0.050044964998960495
2.5957115841980727,-3.5946306906327194,-3.0863797391540877,89.29545798829557,0.07708730234471542,0.007853497263746618,0.6385075611799039,0.049940607976168394
2.580144621740609,-3.5947465573977926,-3.083390946723615,89.32728507307343,0.05219693599878299,0.008196220240662777,0.6369490488566202,0.049968023085966706
2.580144621740609,-3.5947465573977926,-3.083390946723615,89.35950842552379,0.058426399284900364,0.006955205254361798,0.6350928760620499,0.05073801591061056
2.580144621740609,-3.5947465573977926,-3.083390946723615,89.39072861454966,0.06469055276213656,0.006905586594116705,0.6332073366722688,0.04930484411306679
2.580144621740609,-3.5947465573977926,-3.083390946723615,89.4238831471253,0.07075343194722478,0.006852776138323283,0.6313811878680078,0.052511118818074465
2.5632175982989893,-3.595261239913687,-3.0829521174939223,89.45377150644482,0.04335217056260285,0.007952469910417368,0.6297747556591302,0.04745880817063153
2.5632175982989893,-3.595261239913687,-3.0829521174939223,89.49632157313249,0.04914220562263254,0.006541244361780914,0.6280287933269069,0.06775177689269185
2.5632175982989893,-3.595261239913687,-3.0829521174939223,89.51780856997112,0.05741262811862828,0.006383092345496409,0.6255438244658913,0.03434930695220828
2.5632175982989893,-3.595261239913687,-3.0829521174939223,89.54778070451482,0.06158885931729655,0.006511536176681487,0.6242916463896577,0.0480098279658705
2.5632175982989893,-3.595261239913687,-3.0829521174939223,89.57884945253056,0.06740669478391136,0.006384348727086931,0.6225365013871186,0.04990670899860561
2.549921423952301,-3.5961344574952605,-3.081644703487531,89.60995194557458,0.04681334833204388,0.005300803012664765,0.6209749278900355,0.05008655204437673
2.549921423952301,-3.5961344574952605,-3.081644703487531,89.64089416528525,0.05288837685957352,0.004268959787666513,0.619157526831351,0.04997471300885081
2.549921423952301,-3.5961344574952605,-3.081644703487531,89.67179662070656,0.05890043452130272,0.004190452286247691,0.6173471579460462,0.05005685216747224
2.5378109801934925,-3.596267107636094,-3.08143180433712,89.70251951891211,0.04071966373755068,0.0057019616430132244,0.615780860148729,0.04989258386194706
2.5378109801934925,-3.596267107636094,-3.08143180433712,89.73411948363314,0.046661354861188525,0.004719385123664738,0.6139847608810612,0.05146701796911657
2.5378109801934925,-3.596267107636094,-3.08143180433712,89.76389684755306,0.05280164471915769,0.004646464608541568,0.6121356151533801,0.048645043978467584
2.5378109801934925,-3.596267107636094,-3.08143180433712,89.79492912733078,0.058583049813368475,0.004584763383924038,0.6103939903609228,0.050839753123000264
2.5378109801934925,-3.596267107636094,-3.08143180433712,89.82479499247414,0.0646074551538463,0.004488075532650219,0.6085782536663982,0.049074814887717366
2.5378109801934925,-3.596267107636094,-3.08143180433712,89.85556760655842,0.0704057364546504,0.004402449379676944,0.606831294594319,0.050710328156128526
2.525561542733349,-3.596343406523971,-3.0817273474778593,89.88539099140213,0.051928403572923956,0.006446040364972393,0.6052762707370465,0.04927235096693039
2.525561542733349,-3.596343406523971,-3.0817273474778593,89.91599847020854,0.05767790978350731,0.005448959098823884,0.6035323052057464,0.05071390303783119
2.525561542733349,-3.596343406523971,-3.0817273474778593,89.94564655012013,0.06362687896327134,0.005371718195740036,0.6017487429815714,0.04926986596547067
2.525561542733349,-3.596343406523971,-3.0817273474778593,89.97572032408524,0.06938343058751846,0.005299751232671895,0.6000145641729658,0.050121739972382784
2.5113913462977147,-3.596446192261273,-3.0819915722865403,90.00575364559003,0.04693225391218982,0.007608995084250671,0.5985388286830635,0.050177732948213816
2.5113913462977147,-3.596446192261273,-3.0819915722865403,90.03537782389125,0.05271525158844373,0.006397747701157769,0.5967826676989495,0.04963981010951102
2.5113913462977147,-3.596446192261273,-3.0819915722865403,90.0660792671789,0.05847557596000971,0.00635523408572802,0.5950493293003132,0.05159478681162
2.4998902740866367,-3.596899452707222,-3.080232426323743,90.09481724320567,0.04143772352672327,0.005981889721754121,0.5934772324719557,0.04842304717749357
2.4998902740866367,-3.596899452707222,-3.080232426323743,90.12446156977234,0.04705257444857179,0.005048453782520356,0.5917994441078256,0.05009184591472149
2.4998902740866367,-3.596899452707222,-3.080232426323743,90.15392360184092,0.05281320233337101,0.004980530495238487,0.5900646191005476,0.04993017902597785
2.4998902740866367,-3.596899452707222,-3.080232426323743,90.18332274406224,0.05853327338979535,0.004908728987572719,0.5883409798280819,0.04996956395916641
2.4998902740866367,-3.596899452707222,-3.080232426323743,90.21271182066432,0.06424097439456854,0.004827082544243035,0.5866209964782251,0.05009891698136926
2.4998902740866367,-3.596899452707222,-3.080232426323743,90.24218588498466,0.06994658575264807,0.004735919953468471,0.584901587316196,0.05039149313233793
2.4998902740866367,-3.596899452707222,-3.080232426323743,90.27118371304816,0.07566855051793027,0.004634771434172102,0.5831771815747968,0.049723872914910316
2.4821802584317463,-3.5984497039904526,-3.0797525739466076,90.30023575701999,0.045784121372042,0.002908563392836763,0.5818269622315067,0.04993244702927768
2.4821802584317463,-3.5984497039904526,-3.0797525739466076,90.32915008050176,0.051448848635583314,0.0016980929947793882,0.5801282952322708,0.049841257045045495
2.4821802584317463,-3.5984497039904526,-3.0797525739466076,90.35813270057258,0.057065562069578746,0.0015870450383693219,0.5784365274662693,0.05010510003194213
2.4821802584317463,-3.5984497039904526,-3.0797525739466076,90.38707733366154,0.06269023993733734,0.001462783241629363,0.5767409914003648,0.0501865369733423
2.4679764576462224,-3.598907499722809,-3.0798913331822084,90.41572052454069,0.03991930871183651,0.0026431976373387633,0.5753284571947309,0.049785805866122246
2.4679764576462224,-3.598907499722809,-3.0798913331822084,90.44442850053517,0.04545909180894148,0.0016631961246756743,0.5736533275444379,0.050044120056554675
2.4679764576462224,-3.598907499722809,-3.0798913331822084,90.47356497203431,0.05103487368756272,0.0015585888356484984,0.5719736147782786,0.05094023700803518
2.4679764576462224,-3.598907499722809,-3.0798913331822084,90.50159230662067,0.056689476602015995,0.001439139646398753,0.5702689681787573,0.049147570971399546
2.4591481172609786,-3.5991076576505363,-3.079976851337141,90.52998776928416,0.0444948382568305,0.002370045946222091,0.5688049624959275,0.04992126394063234
2.4591481172609786,-3.5991076576505363,-3.079976851337141,90.55831795761735,0.049990751148421476,0.001721295186811645,0.5671439712502583,0.04995237500406802
2.4591481172609786,-3.5991076576505363,-3.079976851337141,90.58659411508147,0.05549169439612787,0.0016132114518335049,0.56548644912981,0.05000324500724673
2.4591481172609786,-3.5991076576505363,-3.079976851337141,90.6147729598659,0.06097943007923064,0.0014955250737340815,0.5638322218672515,0.04997735796496272
2.4591481172609786,-3.5991076576505363,-3.079976851337141,90.64297385660667,0.066448181155887,0.001370427978319398,0.5621836962106304,0.05016313516534865
2.4591481172609786,-3.5991076576505363,-3.079976851337141,90.6713436720993,0.07192179732764217,0.0012348993497903128,0.560541161092389,0.05061147594824433
2.4444681600460494,-3.6001777470990195,-3.077095411906193,90.69929420679344,0.04800968431854982,-0.0011289099149990808,0.5591616460237336,0.04998650192283094
2.4444681600460494,-3.6001777470990195,-3.077095411906193,90.72673710761119,0.05348497733230665,-0.0018904963800569796,0.5575294259443757,0.049222336150705814
2.4444681600460494,-3.6001777470990195,-3.077095411906193,90.75457209677623,0.058809894376040915,-0.0020517487706617696,0.5559239038469372,0.05006978288292885
2.4444681600460494,-3.6001777470990195,-3.077095411906193,90.78226565729345,0.06420913136419762,-0.002229752642042545,0.5542953580589088,0.04996173991821706
2.4328141882553904,-3.600511904292246,-3.0763631866882717,90.80991630701543,0.04630061840672858,-0.0016464039128191305,0.5529053548550144,0.050009733997285366
2.4328141882553904,-3.600511904292246,-3.0763631866882717,90.83752559740384,0.05166590327991999,-0.0023108251024877902,0.551288584989719,0.05008137505501509
2.4328141882553904,-3.600511904292246,-3.0763631866882717,90.86500502224789,0.057022598150434985,-0.0024821493134523447,0.5496731786783924,0.049992297077551484
2.4328141882553904,-3.600511904292246,-3.0763631866882717,90.89276777517473,0.06235255266475391,-0.0026617691767559337,0.5480654916471536,0.050655903993174434
2.422642258122823,-3.601889462518127,-3.0751447150645643,90.91968579298205,0.047253676807115716,-0.005682890459933629,0.5466291162428079,0.04924365901388228
2.422642258122823,-3.601889462518127,-3.0751447150645643,90.94692196211743,0.052494001744548074,-0.00615245351363041,0.5450562713485848,0.04996946291066706
2.422642258122823,-3.601889462518127,-3.0751447150645643,90.97408396201621,0.05777430601291157,-0.006377610753104653,0.543462675878927,0.04997951304540038
2.422642258122823,-3.601889462518127,-3.0751447150645643,91.00119512506774,0.06304053246701476,-0.006611175800259351,0.5418807489116897,0.05003160401247442
2.4111107061687544,-3.602585670230353,-3.0751448414281324,91.02818769801334,0.045209315756064614,-0.006723464523602217,0.5405193364855957,0.04993821890093386
2.4111107061687544,-3.602585670230353,-3.0751448414281324,91.05512280535798,0.0504412230187406,-0.007178987650351722,0.5389403359916622,0.04997790209017694
2.4111107061687544,-3.602585670230353,-3.0751448414281324,91.08200847342147,0.055662435277179824,-0.007413448748572612,0.5373645478413871,0.05003245593979955
2.4111107061687544,-3.602585670230353,-3.0751448414281324,91.10903707347488,0.06087376890625471,-0.007655520667455702,0.5357916769843577,0.050446099136024714
2.3988227873581724,-3.6032417566000245,-3.078274002236702,91.13550933237653,0.04154246512077512,-0.005746838090342254,0.5344546422423287,0.049531348049640656
2.3988227873581724,-3.6032417566000245,-3.078274002236702,91.16216277271711,0.04664610572387342,-0.006265249126121143,0.5329047473307544,0.05001539294607937
2.3988227873581724,-3.6032417566000245,-3.078274002236702,91.18872449559404,0.051814561622367375,-0.006475544220773203,0.5313455196187495,0.04998954897746444
2.3988227873581724,-3.6032417566000245,-3.078274002236702,91.21520328796555,0.05696469740468648,-0.006691728471874672,0.5297917371716072,0.04997962503693998
2.387790251885854,-3.6037708613267583,-3.0789275244556475,91.2416189459649,0.040034600917840654,-0.006129684317697887,0.5284595223650513,0.04998615197837353
2.387790251885854,-3.6037708613267583,-3.0789275244556475,91.26802080108364,0.04515011330794527,-0.006545700095418379,0.5269140487260149,0.05010656896047294
2.387790251885854,-3.6037708613267583,-3.0789275244556475,91.29426292904395,0.050270327859282135,-0.00675633426513735,0.525376656166558,0.04994917009025812
2.387790251885854,-3.6037708613267583,-3.0789275244556475,91.3205481303397,0.05535859229952737,-0.0069714901940786285,0.5238416960832993,0.05017775692977011
2.387790251885854,-3.6037708613267583,-3.0789275244556475,91.34656359648457,0.060455074684195934,-0.007194137289194174,0.5223041600765328,0.049809034913778305
2.387790251885854,-3.6037708613267583,-3.0789275244556475,91.3725933351634,0.06549916244228321,-0.007420323653668591,0.5207824841712446,0.049981978023424745
2.3713069068951644,-3.604412886247888,-3.0813816572119155,91.39859371353887,0.037612801944637855,-0.005203921282502105,0.5195867965058858,0.05004049092531204
2.3713069068951644,-3.604412886247888,-3.0813816572119155,91.42449620542219,0.042631939222889645,-0.005782564598366032,0.5180647676949508,0.049998559057712555
2.3713069068951644,-3.604412886247888,-3.0813816572119155,91.4503326933187,0.047656274541299656,-0.005971612853918494,0.5165496985190607,0.050017429050058126
2.3713069068951644,-3.604412886247888,-3.0813816572119155,91.47608722392091,0.05266709006694284,-0.006166980895097929,0.5150385005436634,0.05000505899079144
2.3587298485669748,-3.605057094767314,-3.082716569624668,91.50174408602443,0.03250211055986765,-0.005388239833880463,0.513778839616075,0.049937560921534896
2.3587298485669748,-3.605057094767314,-3.082716569624668,91.5276009589292,0.03746806637387786,-0.00582778851559837,0.5122776624884603,0.05047433217987418
2.3587298485669748,-3.605057094767314,-3.082716569624668,91.55288292503242,0.04248367392860668,-0.006012160361872985,0.5107652196038436,0.04949821392074227
2.3587298485669748,-3.605057094767314,-3.082716569624668,91.57839297063775,0.04738736733917488,-0.006196982391680442,0.509286610107043,0.05008976301178336
2.3587298485669748,-3.605057094767314,-3.082716569624668,91.60375423827007,0.05233583350158343,-0.006392891475110958,0.5078015144251411,0.049943268997594714
2.3587298485669748,-3.605057094767314,-3.082716569624668,91.62907051108844,0.05725472686289133,-0.0065903596160224965,0.5063182577518921,0.050000710878521204
2.3479029560726508,-3.6057052245456847,-3.08388945532346,91.65439617325663,0.04049145599518231,-0.006248089204155798,0.5050489730652951,0.05014496319927275
2.3479029560726508,-3.6057052245456847,-3.08388945532346,91.67953574807287,0.04539770586655869,-0.006599524862871245,0.5035674740341277,0.049922951962798834
2.3479029560726508,-3.6057052245456847,-3.08388945532346,91.70463035705455,0.050273986588542055,-0.006792145741109746,0.502097216421881,0.0499795819632709
2.3479029560726508,-3.6057052245456847,-3.08388945532346,91.72969108455302,0.05514129983425118,-0.006990397972955403,0.5006295556248715,0.0500584258697927
2.3479029560726508,-3.6057052245456847,-3.08388945532346,91.7546960448712,0.06000196406173063,-0.007193779461835531,0.49916387144147256,0.05009369016624987
2.3479029560726508,-3.6057052245456847,-3.08388945532346,91.77989337834971,0.06485173636061779,-0.007401961126943943,0.49770145214363504,0.05062740598805249
2.3319214896523763,-3.605942149241799,-3.0860753870437856,91.80432632991771,0.037860503113721966,-0.004447638173125407,0.4965464145566251,0.04920577583834529
2.3319214896523763,-3.605942149241799,-3.0860753870437856,91.82906934805085,0.042577124008639465,-0.004976355779576864,0.4951163075801062,0.049974153051152825
2.3319214896523763,-3.605942149241799,-3.0860753870437856,91.85376752877926,0.047379193427640624,-0.0051420509341643696,0.4936760085745573,0.05002912902273238
2.3319214896523763,-3.605942149241799,-3.0860753870437856,91.87863832585863,0.05217106940473773,-0.005311343549208841,0.4922316196739999,0.050526614068076015
2.320850951436615,-3.6068637119492823,-3.087038965697468,91.90292016056347,0.03479621410651793,-0.005921799525957886,0.4909904254137932,0.04945480288006365
2.320850951436615,-3.6068637119492823,-3.087038965697468,91.92758559059413,0.03950563582349694,-0.00626169611360944,0.48957059137276,0.05038176407106221
2.320850951436615,-3.6068637119492823,-3.087038965697468,91.95184368519581,0.04429110429896988,-0.006440192664532194,0.4881280415405429,0.04969617095775902
2.320850951436615,-3.6068637119492823,-3.087038965697468,91.97617202620135,0.04899731022903129,-0.006619588535744227,0.48670951332126516,0.04998534102924168
2.320850951436615,-3.6068637119492823,-3.087038965697468,92.00043361616716,0.05371705087619973,-0.006805212098336614,0.48528675249918835,0.049994338070973754
2.320850951436615,-3.6068637119492823,-3.087038965697468,92.02464428060168,0.058423795102089844,-0.00699488429945097,0.48386792445647486,0.05003568786196411
2.320850951436615,-3.6068637119492823,-3.087038965697468,92.04876960061931,0.06312060124898372,-0.007188902640604928,0.48245206606368735,0.0500056310556829
2.3078764300810537,-3.6070083601133867,-3.089535386723383,92.07286700402648,0.041925641029440096,-0.004398561280402771,0.4813002181006658,0.050067302072420716
2.3078764300810537,-3.6070083601133867,-3.089535386723383,92.09679092573023,0.04658049247124146,-0.004845511164079182,0.47988955878276546,0.04985297401435673
2.3078764300810537,-3.6070083601133867,-3.089535386723383,92.12080917701216,0.051224602443760744,-0.005001140110708718,0.4784973827680941,0.0501951570622623
2.298180171412017,-3.6079084336435923,-3.0896836350238024,92.14460582382075,0.03642767589804243,-0.006286309327882348,0.4772782995982813,0.04985905881039798
2.298180171412017,-3.6079084336435923,-3.0896836350238024,92.1684079767031,0.04104782802161753,-0.006568564110390666,0.47588726194012915,0.05001636897213757
2.298180171412017,-3.6079084336435923,-3.0896836350238024,92.19213073452279,0.04566642516001857,-0.0067427106326490415,0.47449538286123916,0.049995761131867766
2.298180171412017,-3.6079084336435923,-3.0896836350238024,92.21580085971016,0.05026942405927546,-0.00692097691191273,0.4731081649994425,0.05003110691905022
2.298180171412017,-3.6079084336435923,-3.0896836350238024,92.23932882599698,0.05486216507059241,-0.007103310541851476,0.47172401251505985,0.049876549979671836
2.298180171412017,-3.6079084336435923,-3.0896836350238024,92.2628764281847,0.05942728591952061,-0.007288760435176251,0.47034819048938364,0.05006419215351343
2.2827103043075154,-3.609053898628899,-3.092654274626156,92.2863210525516,0.03300013463258958,-0.006987449059593955,0.4692720636959109,0.049959556898102164
2.2827103043075154,-3.609053898628899,-3.092654274626156,92.30969634538882,0.037549199461010804,-0.007322204361942516,0.4679009899921709,0.049957775976508856
2.2827103043075154,-3.609053898628899,-3.092654274626156,92.33300784946584,0.04208544398253386,-0.007497877822014344,0.4665341876762859,0.04996740794740617
2.2827103043075154,-3.609053898628899,-3.092654274626156,92.35628842579521,0.046609727985638366,-0.007677990576961241,0.4651778492944118,0.050046614138409495
2.2827103043075154,-3.609053898628899,-3.092654274626156,92.37953008073946,0.051127326777953924,-0.007861013355059628,0.4638165991094497,0.05010957992635667
2.2827103043075154,-3.609053898628899,-3.092654274626156,92.4026457475059,0.05563733601673162,-0.008047814679906586,0.46245761200441826,0.04998440109193325
2.2827103043075154,-3.609053898628899,-3.092654274626156,92.42569097366437,0.06012287122748311,-0.008237428380720833,0.4611060088121602,0.04997815191745758
2.267457879961394,-3.609686858663322,-3.092426259214015,92.44869411992188,0.03408798855135377,-0.008344064213963744,0.4600551139012236,0.05000084894709289
2.267457879961394,-3.609686858663322,-3.092426259214015,92.47161291997416,0.03855044738906914,-0.0085191658901953,0.458710014540969,0.04996359208598733
2.267457879961394,-3.609686858663322,-3.092426259214015,92.49447465752526,0.042997591779589284,-0.008711243797115993,0.45736986688305453,0.049985229037702084
2.267457879961394,-3.609686858663322,-3.092426259214015,92.51727521878175,0.04743363118546574,-0.008906862935881003,0.45603304225639435,0.04999760794453323
2.267457879961394,-3.609686858663322,-3.092426259214015,92.54001953763115,0.051857860982873545,-0.009105816705175759,0.4547007217460206,0.05002041510306299
2.2539631765061126,-3.610002653133155,-3.0961839117579877,92.56268787311959,0.02933870816136459,-0.006420692620800326,0.4536387404562503,0.049970016814768314
2.2539631765061126,-3.610002653133155,-3.0961839117579877,92.58530037446968,0.03373386730479415,-0.006773876980836627,0.452318688975293,0.049992410000413656
2.2539631765061126,-3.610002653133155,-3.0961839117579877,92.60789491333094,0.038123545176913,-0.006934960720522936,0.45099657661629683,0.050099136075004935
2.2539631765061126,-3.610002653133155,-3.0961839117579877,92.63035357248359,0.04250923930386832,-0.007099635544071637,0.4496754514278699,0.04994415212422609
2.2539631765061126,-3.610002653133155,-3.0961839117579877,92.65276535230036,0.04686854887284144,-0.007266915604859568,0.44836229498508406,0.04998587095178664
2.2539631765061126,-3.610002653133155,-3.0961839117579877,92.67512475049459,0.05121873139335546,-0.0074376690836948445,0.4470518463338187,0.05001522391103208
2.2539631765061126,-3.610002653133155,-3.0961839117579877,92.69741359778733,0.05555872744515654,-0.0076116926337977805,0.44574445099262583,0.05000364501029253
2.241117288813924,-3.6102437231167777,-3.0986425133060496,92.71968094688013,0.03424145213179143,-0.005555244625072763,0.44469490775350906,0.05007331701926887
2.241117288813924,-3.6102437231167777,-3.0986425133060496,92.74181352376365,0.03855610392365324,-0.005929160457618977,0.44339177074443803,0.04991652606986463
2.241117288813924,-3.6102437231167777,-3.0986425133060496,92.7639486286289,0.04285377461227473,-0.006076246176371445,0.4420976711771739,0.05006835889071226
2.241117288813924,-3.6102437231167777,-3.0986425133060496,92.78598691812722,0.04715118790502738,-0.006227097410451611,0.44080336332551984,0.049995738081634045
2.241117288813924,-3.6102437231167777,-3.0986425133060496,92.80796299331969,0.05143044817425024,-0.006381411600929466,0.4395214420395928,0.05000000703148544
2.241117288813924,-3.6102437231167777,-3.0986425133060496,92.82984849716418,0.055696987433543475,-0.006538045746313613,0.4382365050769771,0.04993993788957596
2.2270575334342455,-3.6109558293781703,-3.09955823900942,92.85171461158143,0.03180980750186346,-0.006633004116812544,0.4372301991253231,0.05001053097657859
2.2270575334342455,-3.6109558293781703,-3.09955823900942,92.87363864742329,0.03605642077848036,-0.006966846551318663,0.4359517345647188,0.05029005301184952
2.2270575334342455,-3.6109558293781703,-3.09955823900942,92.89526594284308,0.04031338972240413,-0.007127240017674159,0.43466979059041916,0.04975569015368819
2.2270575334342455,-3.6109558293781703,-3.09955823900942,92.91691579573053,0.04451227513128629,-0.007288752115680284,0.4334052747405624,0.04995290585793555
2.2270575334342455,-3.6109558293781703,-3.09955823900942,92.9385488232472,0.048715496324611064,-0.007454471322058523,0.4321393386310383,0.050060305977240205
2.2270575334342455,-3.6109558293781703,-3.09955823900942,92.96008802841281,0.052915445390801924,-0.007623555190873325,0.43087437955562097,0.049989524064585567
2.2149891298817743,-3.611428555140657,-3.102321419761207,92.98155005391322,0.03297309405652395,-0.006338702627018901,0.42985215535066906,0.049928853986784816
2.2149891298817743,-3.611428555140657,-3.102321419761207,93.00299105965875,0.037140778870035994,-0.006704743050812781,0.42860314686117035,0.05002531106583774
2.2149891298817743,-3.611428555140657,-3.102321419761207,93.02440957792332,0.041304957826139896,-0.006857383572909187,0.427349522093699,0.05011943890713155
2.2149891298817743,-3.611428555140657,-3.102321419761207,93.04585086958367,0.045463964754890104,-0.007013391130232792,0.4260971671250474,0.050320192938670516
2.2149891298817743,-3.611428555140657,-3.102321419761207,93.06694089742273,0.049627385978630645,-0.0071731631248581505,0.42484345377761484,0.049641880206763744
2.2149891298817743,-3.611428555140657,-3.102321419761207,93.08815194625343,0.05372264011641018,-0.0073331405732951094,0.4236103690308733,0.05007207184098661
2.202195649249415,-3.611909358259711,-3.1044501073484216,93.10921577804184,0.03226451366754275,-0.006416284962606184,0.4226206797365222,0.04984098696149886
2.202195649249415,-3.611909358259711,-3.1044501073484216,93.13034909969961,0.03635526180841462,-0.006799118421631284,0.4213885629513033,0.050151626113802195
2.202195649249415,-3.611909358259711,-3.1044501073484216,93.15134499142081,0.04046029733872774,-0.006951318087437829,0.42015283380716184,0.04997203405946493
2.202195649249415,-3.611909358259711,-3.1044501073484216,93.17235130075356,0.044537735850874734,-0.007105589570359152,0.41892516208423786,0.05014334595762193
2.202195649249415,-3.611909358259711,-3.1044501073484216,93.1931732303354,0.048617180421502204,-0.007263568778662403,0.41769682035357125,0.04984938492998481
2.202195649249415,-3.611909358259711,-3.1044501073484216,93.21402150570287,0.052661464749162605,-0.00742353451648413,0.41648594035569353,0.050057573011144996
2.187606732960191,-3.612306544725186,-3.1060045267101257,93.23473970879179,0.027556315064033665,-0.00645751132811418,0.41555228293110785,0.0498570310883224
2.187606732960191,-3.612306544725186,-3.1060045267101257,93.25542538859702,0.031577322129304294,-0.006900080433838676,0.4143403281015923,0.049924369901418686
2.187606732960191,-3.612306544725186,-3.1060045267101257,93.27608052555101,0.03559621256870407,-0.007051367258915511,0.4131307740880467,0.04999660700559616
2.187606732960191,-3.612306544725186,-3.1060045267101257,93.29670514072282,0.039607900551456826,-0.007206141277371978,0.41192298374996794,0.05006910511292517
2.187606732960191,-3.612306544725186,-3.1060045267101257,93.31723623865115,0.04361366645540081,-0.007364208969528698,0.4107169583614482,0.049988434882834554
2.187606732960191,-3.612306544725186,-3.1060045267101257,93.3377310518692,0.04760128131968342,-0.007524970956811557,0.4095163976813516,0.05004637991078198
2.174482002777602,-3.6128524167133094,-3.1065148714574713,93.35814639892608,0.02532608009445537,-0.007771244171379608,0.40857299562454835,0.04996744100935757
2.174482002777602,-3.6128524167133094,-3.1065148714574713,93.37858041361758,0.02929433376038637,-0.008148767730506126,0.4073859137362741,0.05015886412002146
2.174482002777602,-3.6128524167133094,-3.1065148714574713,93.39880259823904,0.033263909216845834,-0.008317949716179636,0.40619100381484774,0.049784915056079626
2.174482002777602,-3.6128524167133094,-3.1065148714574713,93.4191064221688,0.03719152391645863,-0.008489135960599777,0.4050085206100361,0.05013184389099479
2.174482002777602,-3.6128524167133094,-3.1065148714574713,93.43924956114913,0.041134949601389685,-0.008665298480923286,0.40382115991445877,0.049881336046382785
2.174482002777602,-3.6128524167133094,-3.1065148714574713,93.45940055321286,0.04504719927932417,-0.008843466305646145,0.40264324144922076,0.05004676594398916
2.16240661220109,-3.613329854882378,-3.11010291695583,93.4794742651841,0.024824661246123383,-0.007499171093426056,0.40170300106504736,0.04997152602300048
2.16240661220109,-3.613329854882378,-3.11010291695583,93.49955521796205,0.028728480062028574,-0.007961188966824472,0.4005282968890066,0.05013616499491036
2.16240661220109,-3.613329854882378,-3.11010291695583,93.51949346507898,0.032630969447933894,-0.008125240411996916,0.3993540043011261,0.04992624814622104
2.16240661220109,-3.613329854882378,-3.11010291695583,93.53940348682383,0.03650414051239203,-0.008291290217264144,0.398188035440511,0.05000155698508024
2.16240661220109,-3.613329854882378,-3.11010291695583,93.55925031644851,0.04037243411629723,-0.008460478894193374,0.39703018103104915,0.049988213926553726
2.16240661220109,-3.613329854882378,-3.11010291695583,93.57909410244432,0.04422783446818347,-0.008633335400503156,0.39586954698724375,0.05012708390131593
2.16240661220109,-3.613329854882378,-3.11010291695583,93.59876590394757,0.04808263552260465,-0.008810048531933866,0.39470904452446415,0.0498387401457876
2.151636232513108,-3.6143595254962038,-3.1108897347953675,93.61844012698889,0.030289103190493032,-0.010789302186887426,0.3937662800780273,0.049964214907959104
2.151636232513108,-3.6143595254962038,-3.1108897347953675,93.63809466616136,0.03412301211291394,-0.011071793747930976,0.3926170593423149,0.05006032902747393
2.151636232513108,-3.6143595254962038,-3.1108897347953675,93.65768368312511,0.037940798437225476,-0.01127758397818462,0.39146756533720994,0.050039948895573616
2.151636232513108,-3.6143595254962038,-3.1108897347953675,93.67718780393223,0.04174548457307596,-0.01148678828185327,0.39032185438662476,0.049969328101724386
2.151636232513108,-3.6143595254962038,-3.1108897347953675,93.69666263350265,0.04553376621522331,-0.01169877625989774,0.3891820461939357,0.05004041106440127
2.151636232513108,-3.6143595254962038,-3.1108897347953675,93.71609642058121,0.049316228397152245,-0.01191428470782331,0.3880429363890489,0.050081538036465645
2.140231653385847,-3.6147282263056857,-3.1125163072790483,93.73539457096311,0.030294364750773694,-0.011508175756852009,0.38713598325506243,0.049848505994305015
2.140231653385847,-3.6147282263056857,-3.1125163072790483,93.7546969220306,0.03405043456934598,-0.011807906022333023,0.3860072947405071,0.05000514583662152
2.140231653385847,-3.6147282263056857,-3.1125163072790483,93.77394949024733,0.03780001114082247,-0.012024238662267995,0.3848782758629646,0.05002248613163829
2.140231653385847,-3.6147282263056857,-3.1125163072790483,93.79310679997982,0.04153950637584625,-0.012243920509084348,0.38375212519542473,0.049921051831915975
2.140231653385847,-3.6147282263056857,-3.1125163072790483,93.81224893434539,0.04526047373092535,-0.01246657767188203,0.3826315279779568,0.05002759303897619
2.140231653385847,-3.6147282263056857,-3.1125163072790483,93.8313697697416,0.048978446636526646,-0.01269322619789222,0.38151176188524755,0.05011860001832247
2.1298129688967773,-3.6142473151102816,-3.115445248131945,93.85040932659524,0.03198873362919253,-0.009163300740388349,0.3806020075388364,0.050024846103042364
2.1298129688967773,-3.6142473151102816,-3.115445248131945,93.86939105903407,0.03566747800733876,-0.00962357460886386,0.3794860495670827,0.050019579008221626
2.1298129688967773,-3.6142473151102816,-3.115445248131945,93.88827678777368,0.039358052117535146,-0.009811630114115432,0.3783821619463921,0.04991178400814533
2.1298129688967773,-3.6142473151102816,-3.115445248131945,93.9071569177988,0.04302772838941448,-0.010003943745091717,0.37727745565989623,0.050043090945109725
2.1298129688967773,-3.6142473151102816,-3.115445248131945,93.92598135817963,0.046696295597053405,-0.010200438278520005,0.37617301746650883,0.05004197405651212
2.1298129688967773,-3.6142473151102816,-3.115445248131945,93.94472177610108,0.05035403221234229,-0.010400710505138647,0.37507181681747265,0.049964878940954804
2.1183647769685625,-3.614848705693094,-3.116369416927648,93.96337313975324,0.031074948677519774,-0.011212929428833158,0.37419789110055623,0.0498435830231756
2.1183647769685625,-3.614848705693094,-3.116369416927648,93.98208052414621,0.03470961927163371,-0.01165662173276992,0.3731073676419613,0.05013941298238933
2.1183647769685625,-3.614848705693094,-3.116369416927648,94.00066467626758,0.03834552606825097,-0.011874218770701505,0.3720128775324974,0.04995566885918379
2.1183647769685625,-3.614848705693094,-3.116369416927648,94.01918580977502,0.041956226861802094,-0.012095032861664658,0.37092559173645095,0.04993220721371472
2.1183647769685625,-3.614848705693094,-3.116369416927648,94.03767168467019,0.04555523718249854,-0.012318260502013055,0.36984837235125473,0.04998230701312423
2.1183647769685625,-3.614848705693094,-3.116369416927648,94.0562245231743,0.049146709425384315,-0.012547575530366638,0.3687667733167792,0.05031049391254783
2.105784313340172,-3.614410762412551,-3.1199160371916514,94.07452743739465,0.02772612098400668,-0.008796500480705714,0.36793343446950577,0.049745178082957864
2.105784313340172,-3.614410762412551,-3.1199160371916514,94.09288623716401,0.031246733638632812,-0.00950780755387561,0.36685989521981993,0.05004308186471462
2.105784313340172,-3.614410762412551,-3.1199160371916514,94.11113724282662,0.03481932560200372,-0.009698305736027653,0.3657857462068749,0.049895344069227576
2.105784313340172,-3.614410762412551,-3.1199160371916514,94.12957380159384,0.038366850809688234,-0.009891484803939272,0.3647179360335145,0.05055018397979438
2.105784313340172,-3.614410762412551,-3.1199160371916514,94.1475832487364,0.04195034101949974,-0.010092387358720615,0.3636391431073829,0.04952560109086335
2.105784313340172,-3.614410762412551,-3.1199160371916514,94.16579117916717,0.04545097133397312,-0.010291663099065314,0.36258547510597733,0.05021693278104067
2.0927512490224007,-3.6140630381318566,-3.1241373741466347,94.1837953680161,0.023037577620021656,-0.006583902416163927,0.36178802263440246,0.04976446903310716
2.0927512490224007,-3.6140630381318566,-3.1241373741466347,94.20186994642596,0.02648000241697182,-0.00756118971849512,0.36073097320084596,0.050105424132198095
2.0927512490224007,-3.6140630381318566,-3.1241373741466347,94.21979415140707,0.03000319396465254,-0.007724818496455395,0.3596734038339883,0.049834668869152665
2.0927512490224007,-3.6140630381318566,-3.1241373741466347,94.23774466998817,0.0334886625018259,-0.007890598494213794,0.3586247419639191,0.05005376506596804
2.0927512490224007,-3.6140630381318566,-3.1241373741466347,94.2556239159858,0.036979208244779974,-0.008062312076926948,0.35757444955992007,0.050001464085653424
2.0927512490224007,-3.6140630381318566,-3.1241373741466347,94.27361963862121,0.040455936440230086,-0.0082379954614804,0.3565283107899748,0.05047487700358033
2.0816565294782334,-3.6142746889876767,-3.128410990422651,94.2912019283275,0.021801384091218862,-0.0065257575416852245,0.35569694032545257,0.049430534010753036
2.0816565294782334,-3.6142746889876767,-3.128410990422651,94.30895203720057,0.02519719531049296,-0.007465697110713397,0.3546653028090577,0.05004749190993607
2.0816565294782334,-3.6142746889876767,-3.128410990422651,94.32664259261311,0.028659014982744188,-0.007623628730200175,0.35363296941145195,0.05002518696710467
2.0816565294782334,-3.6142746889876767,-3.128410990422651,94.3442633380905,0.03209955970679352,-0.007789031151146884,0.3525978658050695,0.04997405596077442
2.0816565294782334,-3.6142746889876767,-3.128410990422651,94.36186361750002,0.03552665101965969,-0.007957660549553278,0.35156681113358845,0.050062403082847595
2.0816565294782334,-3.6142746889876767,-3.128410990422651,94.37938551539422,0.03894971836605776,-0.008131554424180305,0.3505368937783164,0.049985887948423624
2.0816565294782334,-3.6142746889876767,-3.128410990422651,94.396904933758,0.04235756914566539,-0.008309683276630344,0.34951153308175975,0.050125437090173364
2.0816565294782334,-3.6142746889876767,-3.128410990422651,94.41428127134462,0.04576490295564743,-0.008493541623311517,0.3484862456099907,0.04986233403906226
2.0816565294782334,-3.6142746889876767,-3.128410990422651,94.43170069649645,0.04914446041337035,-0.0086806614240082,0.3474693224543036,0.05013226787559688
2.0678125266414824,-3.6146958566446195,-3.1314625498221913,94.44898144319669,0.024858220494918273,-0.008277364494774264,0.3467287382022169,0.0498393839225173
2.0678125266414824,-3.6146958566446195,-3.1314625498221913,94.46627054085698,0.028219602142199617,-0.009403674298622657,0.34571620432515876,0.050009509082883596
2.0678125266414824,-3.6146958566446195,-3.1314625498221913,94.48347522062274,0.03159273698941536,-0.00959318444071913,0.34470421808572366,0.049911428010091186
2.0678125266414824,-3.6146958566446195,-3.1314625498221913,94.50067618507217,0.03493883412437406,-0.009787583559880256,0.34369722391213214,0.050046853022649884
2.0678125266414824,-3.6146958566446195,-3.1314625498221913,94.51779868447517,0.03828415514153825,-0.009987692851966226,0.34269037230610827,0.0499649269040674
2.0678125266414824,-3.6146958566446195,-3.1314625498221913,94.53489875836621,0.04161420296470799,-0.010192217348243389,0.3416880815127883,0.0500458599999547
2.0575171872229108,-3.6149035738866306,-3.133062391029058,94.55193656442856,0.024362025934433994,-0.010095974688294464,0.340889995283703,0.049980364041402936
2.0575171872229108,-3.6149035738866306,-3.133062391029058,94.5689493470192,0.02767718441395154,-0.010952620371848715,0.3398921975307673,0.050053466111421585
2.0575171872229108,-3.6149035738866306,-3.133062391029058,94.58589970315448,0.030993177901969295,-0.011160504292469182,0.33890248397188666,0.0500154378823936
2.0575171872229108,-3.6149035738866306,-3.133062391029058,94.60278177251243,0.034289379310298115,-0.011379216678920064,0.33791010570639,0.049960238160565495
2.0575171872229108,-3.6149035738866306,-3.133062391029058,94.61963117317464,0.03757236109978406,-0.011601544701584173,0.3369216745477837,0.050009844824671745
2.0575171872229108,-3.6149035738866306,-3.133062391029058,94.63643675058005,0.04084884829217707,-0.011829632770342128,0.33593508784528114,0.050026264041662216
2.0575171872229108,-3.6149035738866306,-3.133062391029058,94.65319398986772,0.044116719604313494,-0.012063215006029424,0.33495100993248383,0.05002892599441111
2.0575171872229108,-3.6149035738866306,-3.133062391029058,94.66993082601456,0.04737508417597905,-0.01230232883580249,0.33396970151854755,0.050114833982661366
2.044933686881827,-3.614803476912961,-3.1372596595012454,94.68654783323049,0.02553821139548327,-0.00999777096156933,0.33324276470761693,0.04986457014456391
2.044933686881827,-3.614803476912961,-3.1372596595012454,94.70318566510713,0.02872898344789376,-0.011175943529240579,0.3322730482203956,0.050072769867256284
2.044933686881827,-3.614803476912961,-3.1372596595012454,94.71977318957259,0.03197678014913237,-0.01139521803767703,0.33129869749942326,0.05006818496622145
2.044933686881827,-3.614803476912961,-3.1372596595012454,94.73626366973991,0.03520286677891671,-0.011618890212872766,0.33032734491068444,0.04992163204587996
2.044933686881827,-3.614803476912961,-3.1372596595012454,94.75272114183522,0.03840999536937074,-0.011847054089333845,0.3293616303237138,0.049967787927016616
2.044933686881827,-3.614803476912961,-3.1372596595012454,94.76911713463969,0.04161054304352135,-0.01208136391114488,0.32839776648443647,0.049927236046642065
2.0354594524887903,-3.614195536765894,-3.1411162998147986,94.78550410249935,0.025966076488124434,-0.0085034004391655,0.3276328826374001,0.05001624906435609
2.0354594524887903,-3.614195536765894,-3.1411162998147986,94.8018327769591,0.029058289222726755,-0.00958563783350833,0.32666906560961423,0.04998537106439471
2.0354594524887903,-3.614195536765894,-3.1411162998147986,94.81812309333206,0.03224855701001919,-0.009782289418870535,0.325719055018777,0.05001339688897133
2.0354594524887903,-3.614195536765894,-3.1411162998147986,94.83435814134911,0.035417900030234636,-0.00998876922615857,0.32476514682353486,0.04999011801555753
2.0354594524887903,-3.614195536765894,-3.1411162998147986,94.85057619092785,0.038576613085409855,-0.010200076388961218,0.3238144185302425,0.050084396032616496
2.0354594524887903,-3.614195536765894,-3.1411162998147986,94.86677140748996,0.04173186302319859,-0.010417902877287609,0.3228646102764739,0.05016101500950754
2.0249630313675073,-3.6138692236040044,3.139315395370249,94.87992882765248,2.474756510828513e-13,-0.7999999999999369,0.26428586356342737,0.04978480492718518
2.0249630313675073,-3.6138692236040044,3.139315395370249,94.89668396768515,0.2137923998188078,-0.7791165965939776,0.3344054720314606,0.05010426393710077
2.0249630313675073,-3.6138692236040044,3.139315395370249,94.91319027131854,0.16763804004524707,-0.5526611174292771,0.3311612556301726,0.0498437040951103
2.0249630313675073,-3.6138692236040044,3.139315395370249,94.93000941196142,0.19236659767956543,-0.4151069478244934,0.3367662742448332,0.049943067133426666
2.0249630313675073,-3.6138692236040044,3.139315395370249,94.94768551827288,0.15298093817101505,0.11719482639264434,0.3534373167561672,0.05001199780963361
2.0249630313675073,-3.6138692236040044,3.139315395370249,94.96361279026426,0.03599650468869439,0.002143184642747306,0.31742127926214087,0.05017707706429064
1.9975714476378779,-3.612535373798495,3.062994279115933,94.97950639595098,4.317824570110318e-11,0.027524296936557335,0.31732041352885326,0.0500869310926646
1.9975714476378779,-3.612535373798495,3.062994279115933,94.99524484388958,3.405665957371562e-11,0.015759340350827412,0.31615568750632184,0.049780688947066665
1.978850410470973,-3.6112035850194637,3.049176792741543,95.01108087151862,8.570172322575499e-12,0.020667166477020472,0.31656065808581363,0.05002525495365262
1.978850410470973,-3.6112035850194637,3.049176792741543,95.02687228647738,8.357613381949054e-12,0.013998306139469372,0.31548686677193477,0.05005411198362708
1.978850410470973,-3.6112035850194637,3.049176792741543,95.04258846216953,8.478353634543766e-12,0.014202617126436324,0.3144302947448242,0.049983019940555096
1.978850410470973,-3.6112035850194637,3.049176792741543,95.0582966779637,9.171860008587434e-12,0.014401239483523771,0.3134039778872743,0.05012130318209529
1.978850410470973,-3.6112035850194637,3.049176792741543,95.07386610594293,1.0324598533505388e-11,0.014659720162343163,0.3123993589369808,0.049838220002129674
1.978850410470973,-3.6112035850194637,3.049176792741543,95.0894725389202,1.1969117373022163e-11,0.014952495927030724,0.31140390555542136,0.05011636880226433
1.978850410470973,-3.6112035850194637,3.049176792741543,95.10498082145806,1.4465215643136119e-11,0.015240216246116368,0.31040607788634267,0.04996127216145396
1.978850410470973,-3.6112035850194637,3.049176792741543,95.12043903894178,1.5968361206765984e-11,0.015527830608008478,0.30941459890365247,0.049959560856223106
1.978850410470973,-3.6112035850194637,3.049176792741543,95.13584902664437,1.67934924814502e-11,0.015811303643312406,0.3084263235280375,0.049963270081207156
1.978850410470973,-3.6112035850194637,3.049176792741543,95.15126238228054,1.8128980935513936e-11,0.016088476417584333,0.30745558386559113,0.050131974974647164
1.978850410470973,-3.6112035850194637,3.049176792741543,95.16656748819393,2.5904773863562373e-11,0.016359588092796768,0.3065116606438009,0.04993319301865995
1.978850410470973,-3.6112035850194637,3.049176792741543,95.1818528245259,3.192699047345578e-11,0.0167089768895088,0.30557457768369717,0.050021623028442264
1.978850410470973,-3.6112035850194637,3.049176792741543,95.19709635642613,4.033775223479405e-11,0.01705493095468536,0.3046387530222744,0.05003805900923908
1.978850410470973,-3.6112035850194637,3.049176792741543,95.21230241255925,5.7158603260779365e-11,0.01740014498695123,0.3037055256040202,0.05006842105649412
1.978850410470973,-3.6112035850194637,3.049176792741543,95.22739862204608,6.735558948372109e-10,0.017743428652165025,0.30277552174997785,0.049859412014484406
1.978850410470973,-3.6112035850194637,3.049176792741543,95.2425337657313,1.0895244359372118e-07,0.01808211703381728,0.30186364533490195,0.05013900785706937
1.978850410470973,-3.6112035850194637,3.049176792741543,95.25752650792087,0.002177513365594264,0.01841404142273376,0.30096907384334726,0.049814892932772636
1.978850410470973,-3.6112035850194637,3.049176792741543,95.27267095652373,0.005041852161748109,0.018642727080379076,0.3000932897868564,0.05046580219641328
1.978850410470973,-3.6112035850194637,3.049176792741543,95.28749026316916,0.007946337420254888,0.018831015418510892,0.29920854408045944,0.04952835384756327
1.978850410470973,-3.6112035850194637,3.049176792741543,95.30243149723223,0.010793011127039348,0.019022505250514757,0.29834305368484704,0.05008071707561612
1.978850410470973,-3.6112035850194637,3.049176792741543,95.31730755318256,0.013663451244026882,0.019205595275542314,0.2974702692800333,0.05000854702666402
1.978850410470973,-3.6112035850194637,3.049176792741543,95.3321245549753,0.01652216966498894,0.019390162193070746,0.2966014128161695,0.04995593801140785
1.978850410470973,-3.6112035850194637,3.049176792741543,95.3479852121136,0.019328020214503475,0.019566126407339613,0.29574988197565283,0.05362861696630716
1.978850410470973,-3.6112035850194637,3.049176792741543,95.36164641986117,0.022347942727391254,0.019708473647668277,0.29482382657336426,0.046336851082742214
1.978850410470973,-3.6112035850194637,3.049176792741543,95.37634522265296,0.024952170299940873,0.019893645793086685,0.2940277637672023,0.0499912069644779
1.978850410470973,-3.6112035850194637,3.049176792741543,95.39102126721495,0.027751552730039847,0.02002842819309988,0.2931696212574093,0.050059909000992775
1.978850410470973,-3.6112035850194637,3.049176792741543,95.40581858681358,0.03054849593062342,0.020180064467094104,0.29231330642152337,0.05062143690884113
1.978850410470973,-3.6112035850194637,3.049176792741543,95.42019159394343,0.033368800503405155,0.02032783178493756,0.2914498985639319,0.0493155331350863
1.978850410470973,-3.6112035850194637,3.049176792741543,95.43478919460163,0.03602770927024465,0.02047349338999006,0.29062963190916546,0.05022750282660127
1.9675839719127806,-3.6103510720073495,3.0631805948967794,95.4492654643966,0.016320914785903754,0.014474235540274199,0.28997774950961386,0.049922002013772726
1.9675839719127806,-3.6103510720073495,3.0631805948967794,95.4637016686047,0.019624960682107624,0.011651539066369598,0.28917845774175,0.04992143716663122
1.9675839719127806,-3.6103510720073495,3.0631805948967794,95.47811328141242,0.02241254583896709,0.01175131019931047,0.28833618525669197,0.0499819777905941
1.9675839719127806,-3.6103510720073495,3.0631805948967794,95.49247053043194,0.025100652769024526,0.0117861933373839,0.28749681330254473,0.049938810989260674
1.9675839719127806,-3.6103510720073495,3.0631805948967794,95.5067931019608,0.02777976189065054,0.011830204909653108,0.28666057732394545,0.04996352014131844
1.9675839719127806,-3.6103510720073495,3.0631805948967794,95.52111071646144,0.030451774736869323,0.011869798430302333,0.28582636390145416,0.05009200097993016
1.9675839719127806,-3.6103510720073495,3.0631805948967794,95.53533268843476,0.03278518147379585,0.01190031840674059,0.2850130450961199,0.04989937203936279
1.95975039365503,-3.6099381774331705,3.0681990519225706,95.54955389549797,0.019625877452211782,0.009416537363377601,0.28431705029673293,0.05001883301883936
1.95975039365503,-3.6099381774331705,3.0681990519225706,95.56371221818321,0.02234641376473246,0.007305706378978823,0.28350795672206097,0.04993977188132703
1.95975039365503,-3.6099381774331705,3.0681990519225706,95.57784933161699,0.02488944028577035,0.007318583210286371,0.2826856571343136,0.05001001316122711
1.95975039365503,-3.6099381774331705,3.0681990519225706,95.59195563166968,0.02735460220474486,0.007301625522193594,0.2818655799503939,0.05004619597457349
1.95975039365503,-3.6099381774331705,3.0681990519225706,95.60599513077644,0.029814961064921125,0.0072879422452074355,0.2810472700118206,0.04995422693900764
1.95975039365503,-3.6099381774331705,3.0681990519225706,95.62001674898356,0.03148045992845033,0.00726828230550488,0.280263623666649,0.050030103884637356
1.95975039365503,-3.6099381774331705,3.0681990519225706,95.63398261459845,0.033489088384405404,0.007278788236512437,0.2794586456637695,0.04997471300885081
1.95975039365503,-3.6099381774331705,3.0681990519225706,95.64793209243177,0.035486024290034064,0.007269580539981157,0.2786569510136845,0.05005968012847006
1.9498982925474355,-3.6090677165477967,3.073814289159899,95.66184109338317,0.017716719838036535,0.005619703172490149,0.2779876291532244,0.0500346040353179
1.9498982925474355,-3.6090677165477967,3.073814289159899,95.67568386735557,0.01989717724390866,0.003021382379429201,0.27720696739235995,0.049936601892113686
1.9498982925474355,-3.6090677165477967,3.073814289159899,95.68952331940231,0.02196338209568293,0.0030090107636126153,0.27641076114320023,0.05006842711009085
1.9498982925474355,-3.6090677165477967,3.073814289159899,95.70329086177567,0.023942396362810574,0.002962820463563962,0.27561613376989014,0.049951873952522874
1.9498982925474355,-3.6090677165477967,3.073814289159899,95.71703484591761,0.02591180340216025,0.0029213372773866956,0.27482563590238596,0.05000983295030892
1.9498982925474355,-3.6090677165477967,3.073814289159899,95.73073286499825,0.02787668920196548,0.0028737922276161378,0.2740364600729118,0.04998611891642213
1.9498982925474355,-3.6090677165477967,3.073814289159899,95.74440288640714,0.029834632476505408,0.002821503563925363,0.2732499160156994,0.05002754111774266
1.9498982925474355,-3.6090677165477967,3.073814289159899,95.75801193174104,0.031788173083342745,0.002763463585228651,0.27246586284547086,0.049947707913815975
1.9498982925474355,-3.6090677165477967,3.073814289159899,95.7715891158342,0.03373256062570659,0.002701063818353523,0.2716843917920765,0.04997410415671766
1.9379404457318217,-3.6082562608150175,3.075988021043003,95.7851982344829,0.011708223090570676,0.0018203393528874805,0.27106987078024564,0.050205205800011754
1.9379404457318217,-3.6082562608150175,3.075988021043003,95.79865980896219,0.01374049648807211,-0.0013625116835927328,0.2702974991824761,0.049802808091044426
1.9379404457318217,-3.6082562608150175,3.075988021043003,95.81216846534798,0.01576469025578301,-0.0014203419462483905,0.26952267237099453,0.0501206680200994
1.9379404457318217,-3.6082562608150175,3.075988021043003,95.82559962101635,0.01769136856070247,-0.001505953555216572,0.2687466937367548,0.04997700802050531
1.9379404457318217,-3.6082562608150175,3.075988021043003,95.83901655065422,0.01960763755350596,-0.001585550574653991,0.26797517547156463,0.050067808013409376
1.9379404457318217,-3.6082562608150175,3.075988021043003,95.85236723904438,0.021520525444884513,-0.0016716867726934593,0.26720441795846617,0.04996432503685355
1.9379404457318217,-3.6082562608150175,3.075988021043003,95.86567963578287,0.023423528904300443,-0.0017621971310208108,0.26643745208680514,0.049964434932917356
1.9379404457318217,-3.6082562608150175,3.075988021043003,95.87899687009455,0.025320471426782537,-0.0018585468681118057,0.2656726348770309,0.05012648110277951
1.9379404457318217,-3.6082562608150175,3.075988021043003,95.89222410497997,0.027217501431228704,-0.0019613314313227286,0.2649074785260702,0.04993152688257396
1.9379404457318217,-3.6082562608150175,3.075988021043003,95.90542196537163,0.029101287783118195,-0.0020678525134077276,0.26414749486426337,0.04996398091316223
1.928391976415711,-3.6074445494160594,3.0772655802097484,95.91859128574404,0.011829559465240301,-0.00210568711151292,0.2635245257841026,0.04997379402630031
1.928391976415711,-3.6074445494160594,3.0772655802097484,95.93171441330442,0.013722614799743946,-0.00463994068317488,0.26277439526820695,0.04994066315703094
1.928391976415711,-3.6074445494160594,3.0772655802097484,95.9448139070603,0.015666410414696397,-0.004739870001720077,0.2620189759779276,0.04999444680288434
1.928391976415711,-3.6074445494160594,3.0772655802097484,95.95787738815609,0.017528552820618375,-0.0048588987576305386,0.2612661202540282,0.050000670133158565
1.928391976415711,-3.6074445494160594,3.0772655802097484,95.97090524788634,0.019385794182014512,-0.004976769143239523,0.26051527746865305,0.0500080450437963
1.928391976415711,-3.6074445494160594,3.0772655802097484,95.98399667523987,0.021236861061906864,-0.005100321811404608,0.2597664332074996,0.050396916922181845
1.928391976415711,-3.6074445494160594,3.0772655802097484,95.996851430016,0.023096182142518656,-0.005231896710413421,0.25901383371464864,0.04962960700504482
1.928391976415711,-3.6074445494160594,3.0772655802097484,96.00977816104356,0.02492168235733771,-0.005362915943751021,0.25827491944416386,0.05005027609877288
1.928391976415711,-3.6074445494160594,3.0772655802097484,96.02269038213291,0.026756233107921364,-0.005505043363351242,0.25753167278161837,0.05013838084414601
1.928391976415711,-3.6074445494160594,3.0772655802097484,96.03550578643109,0.02858826148336469,-0.005651972377718824,0.2567892364865017,0.04990631411783397
1.928391976415711,-3.6074445494160594,3.0772655802097484,96.04827621305745,0.030405965502464674,-0.005802859897939896,0.2560523451922861,0.04987428104504943
1.91701387110893,-3.6066273372985664,3.0775113341087765,96.06112366921009,0.009414289776981062,-0.005879968118109499,0.25547921330711504,0.050287676975131035
1.91701387110893,-3.6066273372985664,3.0775113341087765,96.07381341121211,0.011241358124264576,-0.008767973736016316,0.2547446715887864,0.049813571851700544
1.91701387110893,-3.6066273372985664,3.0775113341087765,96.08651907873819,0.013119532282099965,-0.008905652213648346,0.25401350772658055,0.05001965304836631
1.91701387110893,-3.6066273372985664,3.0775113341087765,96.09932611358767,0.014917151970243622,-0.009062544833074953,0.25328260576114353,0.050564209930598736
1.91701387110893,-3.6066273372985664,3.0775113341087765,96.11183690975318,0.016728946254419477,-0.009221671832932286,0.25254575329964546,0.04953873110935092
1.91701387110893,-3.6066273372985664,3.0775113341087765,96.12441413607182,0.01849824131325962,-0.009378124500438654,0.25182605280568626,0.04994410299696028
1.91701387110893,-3.6066273372985664,3.0775113341087765,96.13696809475536,0.02027557933329007,-0.009546301845669125,0.25110230542644246,0.049995393957942724
1.91701387110893,-3.6066273372985664,3.0775113341087765,96.14947304547519,0.022049074421138473,-0.009719258124365264,0.2503798603082874,0.04994391603395343
1.91701387110893,-3.6066273372985664,3.0775113341087765,96.16195571518254,0.023814881878604574,-0.009897504395851109,0.24966017518998024,0.049998641945421696
1.91701387110893,-3.6066273372985664,3.0775113341087765,96.17440248217966,0.02557671343811812,-0.010082089887634076,0.24894168762694893,0.04999872506596148
1.91701387110893,-3.6066273372985664,3.0775113341087765,96.1870201919344,0.02733270420955688,-0.010272338870854119,0.248225197622954,0.050831703934818506
1.91701387110893,-3.6066273372985664,3.0775113341087765,96.1992041080801,0.029111761879272148,-0.010474542309566993,0.24749961327176292,0.04922802094370127
1.9066658870326063,-3.6058807967474786,3.0748240271207585,96.21152171090543,0.010117806267364672,-0.009614105822209005,0.24695306584327617,0.049878315068781376
1.9066658870326063,-3.6058807967474786,3.0748240271207585,96.22422060484467,0.01175805378284892,-0.012168125855478438,0.24624105414637049,0.051570985931903124
1.9066658870326063,-3.6058807967474786,3.0748240271207585,96.23611671181875,0.01361168443525456,-0.012358535363125594,0.24550862503077994,0.048454945208504796
1.9066658870326063,-3.6058807967474786,3.0748240271207585,96.24834352149726,0.01528668439316492,-0.012531860479365943,0.24482393062902139,0.04994123592041433
1.9066658870326063,-3.6058807967474786,3.0748240271207585,96.26084079086931,0.01700611808095713,-0.012725527677165525,0.24411964326797062,0.05119321495294571
1.9066658870326063,-3.6058807967474786,3.0748240271207585,96.27272497247081,0.01876276551826013,-0.01292909391342505,0.24339971387828654,0.048825782956555486
1.9066658870326063,-3.6058807967474786,3.0748240271207585,96.28532103250333,0.02043356483604583,-0.013118745286385299,0.242715383947649,0.051896422170102596
1.9066658870326063,-3.6058807967474786,3.0748240271207585,96.29699565521008,0.022201549714327157,-0.013342010560583248,0.24198942482767985,0.048244350822642446
1.9066658870326063,-3.6058807967474786,3.0748240271207585,96.30911132150611,0.02384171741864809,-0.013537247586905327,0.24131712505912023,0.05020640906877816
1.9066658870326063,-3.6058807967474786,3.0748240271207585,96.32108155230188,0.02554081032552189,-0.013761837090381883,0.24061879240507458,0.049747697077691555
1.9066658870326063,-3.6058807967474786,3.0748240271207585,96.33308987612018,0.027219638713892776,-0.013983683560027068,0.2399289809537302,0.05004949285648763
1.9066658870326063,-3.6058807967474786,3.0748240271207585,96.34503886182317,0.02890256113298228,-0.014214691000690734,0.23923682157374454,0.04994626506231725
1.9066658870326063,-3.6058807967474786,3.0748240271207585,96.35696436419792,0.030576417927527758,-0.01444998086128064,0.2385480341844087,0.0499920379370451
1.8940360304438404,-3.6052391031257645,3.069623205026969,96.36886540117808,0.006979814576793624,-0.013759787830327146,0.2380443965746916,0.04999503097496927
1.8940360304438404,-3.6052391031257645,3.069623205026969,96.38075343782376,0.008526476990372445,-0.016570175696063526,0.23735014531384557,0.05008649406954646
1.8940360304438404,-3.6052391031257645,3.069623205026969,96.39255792547364,0.010252015218704391,-0.016784672588880306,0.23666371431808111,0.04987873905338347
1.8940360304438404,-3.6052391031257645,3.069623205026969,96.40435830276044,0.011901241720776017,-0.01700227445760847,0.23598309319596547,0.050005180994048715
1.8940360304438404,-3.6052391031257645,3.069623205026969,96.41613637413323,0.0135491301027892,-0.017223356088508744,0.23530258475255822,0.05005500209517777
1.8940360304438404,-3.6052391031257645,3.069623205026969,96.42786115861186,0.015192816499176972,-0.017450077028083818,0.23462328278246652,0.04997280891984701
1.8940360304438404,-3.6052391031257645,3.069623205026969,96.43956620597872,0.016828164383566425,-0.017681714531076732,0.23394697778800363,0.050032906932756305
1.8940360304438404,-3.6052391031257645,3.069623205026969,96.4512176216843,0.018459768128964667,-0.017919558404405258,0.23327171020068346,0.04994782991707325
1.8940360304438404,-3.6052391031257645,3.069623205026969,96.46284882305876,0.02008298307365221,-0.018162282128589915,0.23259945981709879,0.050005281111225486
1.8940360304438404,-3.6052391031257645,3.069623205026969,96.4744638615372,0.02170237258625493,-0.018411199989967052,0.23192827404842473,0.05008030403405428
1.8940360304438404,-3.6052391031257645,3.069623205026969,96.48603480480939,0.02331853128511309,-0.018666146984808858,0.23125792894493222,0.05003479588776827
1.8940360304438404,-3.6052391031257645,3.069623205026969,96.49756707314334,0.024927596007750654,-0.01892623834816549,0.23059004805424219,0.05001199501566589
1.8852036021388123,-3.6045066519018047,3.06160059567051,96.50904822473204,0.00892900908421124,-0.01646899470711846,0.2300759777380791,0.04990156600251794
1.8852036021388123,-3.6045066519018047,3.06160059567051,96.5205335516151,0.010290902053626596,-0.018404868340066053,0.22940110850979284,0.05006657098419964
1.8852036021388123,-3.6045066519018047,3.06160059567051,96.53193151230212,0.011926989613787181,-0.01863887121018271,0.2287377223016205,0.04982982506044209
1.8852036021388123,-3.6045066519018047,3.06160059567051,96.54333400047413,0.013511236360628199,-0.018871154940936156,0.22808002933291135,0.049993365071713924
1.8852036021388123,-3.6045066519018047,3.06160059567051,96.55470777782904,0.015095375593573256,-0.01910890441428998,0.22742287651188495,0.050011579878628254
1.8852036021388123,-3.6045066519018047,3.06160059567051,96.56606471037755,0.0166744980348058,-0.01935155711673058,0.2267663730406089,0.05008208402432501
1.8852036021388123,-3.6045066519018047,3.06160059567051,96.57736751600874,0.01825030247652365,-0.019600093998454218,0.22611074581819413,0.04998791893012822
1.8852036021388123,-3.6045066519018047,3.06160059567051,96.58861735344689,0.019817678957254132,-0.019853260195660808,0.22545816598263918,0.0498976712115109
1.8852036021388123,-3.6045066519018047,3.06160059567051,96.5998622208735,0.02137674036416451,-0.02011137414323277,0.22480855376381847,0.050019748974591494
1.8852036021388123,-3.6045066519018047,3.06160059567051,96.6110632651571,0.022934087362096008,-0.020375905353859847,0.22415912093109897,0.04996916581876576
1.8852036021388123,-3.6045066519018047,3.06160059567051,96.6222292225555,0.024484421511143786,-0.020645258579103855,0.22351214090452037,0.049956827191635966
1.8852036021388123,-3.6045066519018047,3.06160059567051,96.63346001288845,0.026028891981631407,-0.020920002354898454,0.2228670933411092,0.050392322009429336
1.8739634734610493,-3.603717774583209,3.0511217979398553,96.64449682790311,0.005164672254738659,-0.018417696272551746,0.22240241496181382,0.049625427927821875
1.8739634734610493,-3.603717774583209,3.0511217979398553,96.65568516297945,0.006436657313666505,-0.020657397861312314,0.22174880999018187,0.0504549948964268
1.8739634734610493,-3.603717774583209,3.0511217979398553,96.66669980489795,0.008025234367808866,-0.02090160256894349,0.22110194772673294,0.04981702798977494
1.8739634734610493,-3.603717774583209,3.0511217979398553,96.67773342708661,0.009548268214212927,-0.021139478152294704,0.22046592368546006,0.050046837190166116
1.8739634734610493,-3.603717774583209,3.0511217979398553,96.68875918381217,0.011072944692762954,-0.021383504488288334,0.21982864542132663,0.05015614186413586
1.8739634734610493,-3.603717774583209,3.0511217979398553,96.69965652389834,0.012595565736359773,-0.021632985078431102,0.21919174047138246,0.04971601604484022
1.8739634734610493,-3.603717774583209,3.0511217979398553,96.71061498846392,0.014099620668627619,-0.021884490010493095,0.2185622046453308,0.050138881895691156
1.8739634734610493,-3.603717774583209,3.0511217979398553,96.72150870323321,0.015610988453769958,-0.022144594902959273,0.21792898638816754,0.04998745210468769
1.8739634734610493,-3.603717774583209,3.0511217979398553,96.732324691482,0.017112584008317406,-0.022408152366582657,0.21729945938338277,0.04977457504719496
1.8739634734610493,-3.603717774583209,3.0511217979398553,96.74320138945806,0.018602505635764703,-0.022675581801140425,0.21667433933046235,0.05019836686551571
1.8739634734610493,-3.603717774583209,3.0511217979398553,96.75402947386162,0.020099698050481816,-0.022951294815402843,0.21604557595825571,0.05011944519355893
1.8739634734610493,-3.603717774583209,3.0511217979398553,96.7647978909685,0.021589300132739332,-0.02323099641672808,0.21541956553843392,0.04998811078257859
1.8739634734610493,-3.603717774583209,3.0511217979398553,96.77547277628672,0.023069699832490975,-0.023514996085051143,0.21479691784028618,0.04969757213257253
1.8739634734610493,-3.603717774583209,3.0511217979398553,96.78619161853338,0.024536269116710994,-0.023802192061145356,0.21417959853234234,0.050046046962961555
1.8739634734610493,-3.603717774583209,3.0511217979398553,96.79687758760436,0.026007766636404202,-0.024097244287649224,0.2135596046026246,0.05003740801475942
1.8630209602107584,-3.602929136132775,3.0381494343354474,96.80750672113024,0.005680360844371783,-0.02118919142113173,0.21312565112697132,0.04987261490896344
1.8630209602107584,-3.602929136132775,3.0381494343354474,96.81811190188786,0.006873526404814273,-0.023106683529397726,0.2124933698474709,0.04990829015150666
1.8630209602107584,-3.602929136132775,3.0381494343354474,96.8287176339434,0.008358723374997264,-0.0233615485440923,0.21187978949452344,0.0500554209575057
1.8630209602107584,-3.602929136132775,3.0381494343354474,96.83930727689906,0.009815673616968489,-0.02361635992434443,0.21126672942999825,0.05012451787479222
1.8630209602107584,-3.602929136132775,3.0381494343354474,96.84981482232455,0.011269561411489036,-0.0238754607466764,0.21065451130801785,0.04988046712242067
1.8630209602107584,-3.602929136132775,3.0381494343354474,96.86031247053742,0.012711269457208275,-0.02413768785060514,0.2100469729021026,0.049977621994912624
1.8630209602107584,-3.602929136132775,3.0381494343354474,96.87079187710465,0.014150708680392981,-0.024405967434951527,0.20944083972130034,0.05003516306169331
1.8630209602107584,-3.602929136132775,3.0381494343354474,96.88123931223535,0.01558667678637859,-0.02467885738392231,0.20883473370323113,0.05002728686667979
1.8630209602107584,-3.602929136132775,3.0381494343354474,96.89170010286638,0.017017305552718895,-0.024956424147926922,0.20823039083882686,0.050236618146300316
1.8630209602107584,-3.602929136132775,3.0381494343354474,96.90203216789754,0.0184487769151632,-0.02524012261425593,0.20762517473839678,0.049763064831495285
1.8630209602107584,-3.602929136132775,3.0381494343354474,96.91248685018155,0.019861746719033083,-0.025525216675045995,0.20702735885470755,0.05049903714098036
1.8630209602107584,-3.602929136132775,3.0381494343354474,96.92270881694674,0.02129037465618272,-0.025820380231220495,0.20642229031180734,0.0495196848642081
1.8630209602107584,-3.602929136132775,3.0381494343354474,96.93299605273243,0.022686398790621308,-0.026113039193793736,0.20583069925599456,0.049979113042354584
1.8630209602107584,-3.602929136132775,3.0381494343354474,96.9432587098531,0.024090213985906397,-0.026414276330894097,0.205235163580476,0.050004380056634545
1.8553173107637444,-3.6017961688003335,3.0231098939093033,96.95348965741526,0.010282015238027666,-0.021277162046910696,0.20481467621317773,0.04995221900753677
1.8553173107637444,-3.6017961688003335,3.0231098939093033,96.96370184707591,0.01134378876048656,-0.022663617822180914,0.20420623590556533,0.05000919592566788
1.8553173107637444,-3.6017961688003335,3.0231098939093033,96.97388329696273,0.012762186512366238,-0.022916969873605298,0.203615461637536,0.05000332393683493
1.8553173107637444,-3.6017961688003335,3.0231098939093033,96.98403784890039,0.014157683558283186,-0.023168150454860564,0.20302687402020803,0.05001580202952027
1.8553173107637444,-3.6017961688003335,3.0231098939093033,96.99417958598488,0.0155487247319533,-0.023423420607807333,0.20243975331850156,0.050097557017579675
1.8553173107637444,-3.6017961688003335,3.0231098939093033,97.00424864646148,0.01693714198293976,-0.023683635725054025,0.2018532873861893,0.049883064115419984
1.8553173107637444,-3.6017961688003335,3.0231098939093033,97.01435313996338,0.018314795051591493,-0.023946879379547075,0.20127095932798114,0.05020343489013612
1.8553173107637444,-3.6017961688003335,3.0231098939093033,97.02437170690352,0.019696375676539448,-0.024216776098457477,0.20068646876783344,0.049921486992388964
1.8553173107637444,-3.6017961688003335,3.0231098939093033,97.03438423894737,0.02106540736040378,-0.0244890372663046,0.20010689994450712,0.05003591603599489
1.8553173107637444,-3.6017961688003335,3.0231098939093033,97.04435956723773,0.022432699916153213,-0.024766694900580172,0.19952757587266737,0.049994735047221184
1.8553173107637444,-3.6017961688003335,3.0231098939093033,97.05429942236964,0.02379404857841163,-0.025048405349944996,0.1989503301147286,0.049961491022259
1.8553173107637444,-3.6017961688003335,3.0231098939093033,97.06501597824445,0.02514966891403094,-0.025334334916066625,0.19837505420425633,0.05402169097214937
1.8553173107637444,-3.6017961688003335,3.0231098939093033,97.07413199180884,0.026609902397706574,-0.025651321830217563,0.19775451674790318,0.04609762504696846
1.843781758188544,-3.6015781157460047,3.0095867944571455,97.0840680309464,0.004769253912549582,-0.025624090109281208,0.1973717786952306,0.05034174188040197
1.843781758188544,-3.6015781157460047,3.0095867944571455,97.09386462273355,0.005968879648497064,-0.026922312886191874,0.19678107952460197,0.04978421609848738
1.843781758188544,-3.6015781157460047,3.0095867944571455,97.10364529925349,0.007309097440623694,-0.027188433948284785,0.19621366169375387,0.04984707199037075
1.843781758188544,-3.6015781157460047,3.0095867944571455,97.11351579633256,0.008639101531025295,-0.02745730211815285,0.19564752505229205,0.05045040603727102
1.843781758188544,-3.6015781157460047,3.0095867944571455,97.1236465752194,0.00998043886915773,-0.02773359222661975,0.19507608254148123,0.05193244991824031
1.843781758188544,-3.6015781157460047,3.0095867944571455,97.13346484079983,0.011356301531238247,-0.028022846928592218,0.19449042395511779,0.050481999991461635
1.843781758188544,-3.6015781157460047,3.0095867944571455,97.14263640690272,0.012688799063645236,-0.028307068243389317,0.19392193266025473,0.047295145923271775
1.843781758188544,-3.6015781157460047,3.0095867944571455,97.15276856583655,0.013932691185166646,-0.02857677906648977,0.1933908898370427,0.052392121171578765
1.843781758188544,-3.6015781157460047,3.0095867944571455,97.1639962630848,0.015306017212023897,-0.028881253962747547,0.19280378563832828,0.05823380080983043
1.843781758188544,-3.6015781157460047,3.0095867944571455,97.17150888063264,0.016826769965346718,-0.02922439613768736,0.19215309731301533,0.03909704112447798
1.843781758188544,-3.6015781157460047,3.0095867944571455,97.18110125181101,0.017843147363706475,-0.029455663033314816,0.19171858127198838,0.05003360193222761
1.843781758188544,-3.6015781157460047,3.0095867944571455,97.19065653840728,0.01914089279202218,-0.029758191979708214,0.1911623001959305,0.04998520412482321
1.843781758188544,-3.6015781157460047,3.0095867944571455,97.20017317251646,0.02043244886703504,-0.03006355253597589,0.19060851215300015,0.04992764489725232
1.843781758188544,-3.6015781157460047,3.0095867944571455,97.20970719820423,0.021717881444861628,-0.030372466262172028,0.1900568947664021,0.05016406113281846
1.843781758188544,-3.6015781157460047,3.0095867944571455,97.21954556545752,0.023004759595088742,-0.030686764782004227,0.18950418071942401,0.051916359923779964
1.83197336770516,-3.6000414030132313,2.991976059216032,97.22862208392425,0.0008220191901513671,-0.026260669684846798,0.18915175158592756,0.047985378885641694
1.83197336770516,-3.6000414030132313,2.991976059216032,97.2381123638411,0.0018460990138291164,-0.02739397918421464,0.18861386040566888,0.05031592003069818
1.83197336770516,-3.6000414030132313,2.991976059216032,97.24745743603714,0.0031367347074367064,-0.027653144757602718,0.1880637945619563,0.04969096905551851
1.83197336770516,-3.6000414030132313,2.991976059216032,97.25684338122721,0.004403894136745563,-0.02791054235678206,0.18752276249243793,0.050052298000082374
1.83197336770516,-3.6000414030132313,2.991976059216032,97.26617267419874,0.005675823521293097,-0.028173554085913183,0.18697924917852762,0.0498948039021343
1.83197336770516,-3.6000414030132313,2.991976059216032,97.27550435177162,0.006939284978917052,-0.028439306606939916,0.18643896482189737,0.0500521850772202
1.83197336770516,-3.6000414030132313,2.991976059216032,97.28478342560497,0.008202294145571267,-0.02870951301980272,0.18589845936989446,0.04991474305279553
1.83197336770516,-3.6000414030132313,2.991976059216032,97.2940582983605,0.009457383436906316,-0.02898257482153697,0.18536094020524757,0.05003682407550514
1.83197336770516,-3.6000414030132313,2.991976059216032,97.30330012996652,0.010711118992020367,-0.029259889844598336,0.18482358360515905,0.050003529991954565
1.83197336770516,-3.6000414030132313,2.991976059216032,97.31250304260823,0.011959578928095542,-0.02954062083888963,0.18428807515823709,0.04993764590471983
1.83197336770516,-3.6000414030132313,2.991976059216032,97.32174971954164,0.013201973243833404,-0.02982456363556037,0.18375475156080648,0.05032075010240078
1.83197336770516,-3.6000414030132313,2.991976059216032,97.3308534546213,0.014449483748027406,-0.03011421877043826,0.183218804280632,0.04968777694739401
1.83197336770516,-3.6000414030132313,2.991976059216032,97.33999374797551,0.015676829872759347,-0.03040395907577968,0.18269110454989948,0.050031408900395036
1.83197336770516,-3.6000414030132313,2.991976059216032,97.34910329209443,0.016908349369703646,-0.030699057326022083,0.18216118228764314,0.05000815214589238
1.83197336770516,-3.6000414030132313,2.991976059216032,97.35818366285962,0.018134930261235343,-0.030998014246732847,0.18163395630787604,0.04999269382096827
1.83197336770516,-3.6000414030132313,2.991976059216032,97.36723210307167,0.01935670341087318,-0.031300160096955784,0.1811073727187643,0.04996174410916865
1.83197336770516,-3.6000414030132313,2.991976059216032,97.37635059526765,0.020573338186897865,-0.03160563677706431,0.18058256809698287,0.05049486388452351
1.83197336770516,-3.6000414030132313,2.991976059216032,97.38527807519127,0.021798590978264493,-0.03191773462441761,0.18005361119578617,0.04958234308287501
1.83197336770516,-3.6000414030132313,2.991976059216032,97.39424834786503,0.022997191558899927,-0.03222820550558094,0.17953570651434966,0.049963725032284856
1.8220628483775905,-3.5984600230316826,2.9693400643353804,97.4032131175726,0.0046007343690416605,-0.026017129496682674,0.17923144104873087,0.05001784092746675
1.8220628483775905,-3.5984600230316826,2.9693400643353804,97.41214726482855,0.005610943689299825,-0.02695358035248644,0.17870195532380553,0.049994681030511856
1.8220628483775905,-3.5984600230316826,2.9693400643353804,97.4210501576038,0.006821035168578664,-0.02720234718110304,0.17818414841261068,0.04996456112712622
1.8220628483775905,-3.5984600230316826,2.9693400643353804,97.42994534275378,0.008026575205833482,-0.027452447895480916,0.17766872577849543,0.05006612790748477
1.8220628483775905,-3.5984600230316826,2.9693400643353804,97.43879270459013,0.009230392095787111,-0.02770632338243503,0.17715367434113097,0.04994173487648368
1.8220628483775905,-3.5984600230316826,2.9693400643353804,97.44764508377108,0.010427055203105615,-0.027962777488742794,0.17664133654375574,0.05011499207466841
1.8220628483775905,-3.5984600230316826,2.9693400643353804,97.45645178676506,0.011623736658996756,-0.02822325785045923,0.17612863515832447,0.050001539988443255
1.8220628483775905,-3.5984600230316826,2.9693400643353804,97.46521178686042,0.012813545586268866,-0.02848637921991532,0.17561852493325886,0.04988084314391017
1.8220628483775905,-3.5984600230316826,2.9693400643353804,97.47396743284347,0.013996360728032493,-0.02875202785804715,0.1751110570684594,0.050000531831756234
1.8220628483775905,-3.5984600230316826,2.9693400643353804,97.48268954666295,0.015177916260202243,-0.029021410208831182,0.17460377069980082,0.04995375405997038
1.8220628483775905,-3.5984600230316826,2.9693400643353804,97.49140548937241,0.016354241599481848,-0.029293734891287657,0.17409836882316151,0.0500633220653981
1.8220628483775905,-3.5984600230316826,2.9693400643353804,97.50012782001576,0.017529047704403056,-0.02956975793746839,0.17359325651762922,0.05024579190649092
1.8220628483775905,-3.5984600230316826,2.9693400643353804,97.50874395339693,0.018704013855203205,-0.029849920082394545,0.17308770806109056,0.04977900208905339
1.8220628483775905,-3.5984600230316826,2.9693400643353804,97.51738794247417,0.01986390969519629,-0.030130840787972294,0.17258827014226108,0.05008445284329355
1.8220628483775905,-3.5984600230316826,2.9693400643353804,97.52597746917665,0.021026914884355225,-0.03041630730983508,0.1720871326279022,0.04991382313892245
1.8142829129122555,-3.596803929850401,2.949280268076268,97.53456081289488,0.0067589720679961385,-0.024370621828713593,0.17177544351053767,0.04996839794330299
1.8142829129122555,-3.596803929850401,2.949280268076268,97.54312726700869,0.007759096397014421,-0.02509009135635935,0.17127226794118852,0.050016585970297456
1.8142829129122555,-3.596803929850401,2.949280268076268,97.55166034672212,0.008921707757116022,-0.02531890496587742,0.1707762293714582,0.049966437043622136
1.8142829129122555,-3.596803929850401,2.949280268076268,97.56017596086227,0.01007931977873297,-0.02554901627758268,0.17028351858540006,0.05000844597816467
1.8142829129122555,-3.596803929850401,2.949280268076268,97.56865429922519,0.011233951101871979,-0.025781979785769984,0.16979074869674052,0.04993404191918671
1.8142829129122555,-3.596803929850401,2.949280268076268,97.57714219742633,0.012382962524686347,-0.026017462571147124,0.16930008150853706,0.050135228084400296
1.8142829129122555,-3.596803929850401,2.949280268076268,97.58556573844488,0.013532719317057795,-0.026256726064271506,0.16880879568306595,0.04989989404566586
1.8142829129122555,-3.596803929850401,2.949280268076268,97.59402099855124,0.014673171482009636,-0.026497787446931747,0.16832119233335532,0.050232890993356705
1.8142829129122555,-3.596803929850401,2.949280268076268,97.6023886575595,0.015817376041200523,-0.02674321935584414,0.1678316786062527,0.04985744692385197
1.8142829129122555,-3.596803929850401,2.949280268076268,97.6107461118624,0.016949111705447162,-0.026989806303410614,0.16734720156065086,0.04994080704636872
1.8142829129122555,-3.596803929850401,2.949280268076268,97.61908153085017,0.018078918040095242,-0.027239534886352005,0.16686324541110711,0.04995359503664076
1.8142829129122555,-3.596803929850401,2.949280268076268,97.62740581200694,0.019205160417149002,-0.02749217323980827,0.16638051075981986,0.050031587947160006
1.8142829129122555,-3.596803929850401,2.949280268076268,97.6356937722185,0.020329316347573116,-0.027748014825546712,0.16589836276890216,0.04995805909857154
1.8142829129122555,-3.596803929850401,2.949280268076268,97.64396871164982,0.02144796622106652,-0.028006346316847522,0.16541826632973602,0.050024338997900486
1.8142829129122555,-3.596803929850401,2.949280268076268,97.65222161523052,0.022564275171670808,-0.028267788814792052,0.16493886372492664,0.050036136992275715
1.8142829129122555,-3.596803929850401,2.949280268076268,97.66047329840704,0.023677008410715666,-0.028532122172525782,0.16446068259117766,0.05017419997602701
1.8035872189145137,-3.5942072229428907,2.9316372985615056,97.66865748992468,0.003275295724881482,-0.022539380148206913,0.16421042703631866,0.04983965796418488
1.8035872189145137,-3.5942072229428907,2.9316372985615056,97.67684958326697,0.004216276098341833,-0.02342112844341564,0.1637293161314314,0.0500343709718436
1.8035872189145137,-3.5942072229428907,2.9316372985615056,97.68500503151553,0.005330267925118766,-0.023625783131804575,0.1632549770771864,0.04995528096333146
1.8035872189145137,-3.5942072229428907,2.9316372985615056,97.69314459509482,0.006438205968678843,-0.023830951652374033,0.1627832917707337,0.05000245105475187
1.8035872189145137,-3.5942072229428907,2.9316372985615056,97.70125051248168,0.007543507976735021,-0.02403898506378721,0.16231246343291297,0.04994020308367908
1.8035872189145137,-3.5942072229428907,2.9316372985615056,97.70934956520492,0.008643770631937145,-0.0242493655103896,0.1618435333658313,0.05004248581826687
1.8035872189145137,-3.5942072229428907,2.9316372985615056,97.71741870051088,0.009742635917599676,-0.02446277014535785,0.1613749433805519,0.05000240518711507
1.8035872189145137,-3.5942072229428907,2.9316372985615056,97.72550023969741,0.010836961262857716,-0.024678616541994533,0.16090803687059266,0.05022458382882178
1.8035872189145137,-3.5942072229428907,2.9316372985615056,97.73349333073598,0.01193249872545469,-0.024898001296563946,0.1604403523926961,0.049819705076515675
1.8035872189145137,-3.5942072229428907,2.9316372985615056,97.74152720505911,0.013015589210857674,-0.025118843642644342,0.15997873411008073,0.05021838913671672
1.8035872189145137,-3.5942072229428907,2.9316372985615056,97.7494653371394,0.014103716321563865,-0.025343539216373598,0.1595136933534008,0.049764580791816115
1.8035872189145137,-3.5942072229428907,2.9316372985615056,97.75743381547427,0.01517833466546966,-0.02556892192922569,0.1590541651079895,0.05009914911352098
1.8035872189145137,-3.5942072229428907,2.9316372985615056,97.76534777061048,0.01625661237900387,-0.025798226832497557,0.15859280559635963,0.049901098012924194
1.8035872189145137,-3.5942072229428907,2.9316372985615056,97.77325285622197,0.017326984564915545,-0.026029305192617102,0.15813456603148515,0.04998961207456887
1.8035872189145137,-3.5942072229428907,2.9316372985615056,97.7811358354222,0.018395675281749062,-0.0262632755311653,0.15767678048653538,0.04999454692006111
1.8035872189145137,-3.5942072229428907,2.9316372985615056,97.78900445237998,0.019460868467994698,-0.02649984141936963,0.1572202255438593,0.050048375967890024
1.8035872189145137,-3.5942072229428907,2.9316372985615056,97.79684144722549,0.02052361651847612,-0.026739194219924777,0.15676444929319192,0.049992169020697474
1.8035872189145137,-3.5942072229428907,2.9316372985615056,97.80491625763428,0.021581574183219356,-0.02698085283145233,0.15631045580629951,0.051658798940479755
1.8035872189145137,-3.5942072229428907,2.9316372985615056,97.81245110927703,0.022671241980502476,-0.02723259143478844,0.15584258699958167,0.048349118093028665
1.79297312197581,-3.5922195606827927,2.912564568336847,97.8202323819216,0.0023208774612565562,-0.023334965815948155,0.15559566871910058,0.05000957101583481
1.79297312197581,-3.5922195606827927,2.912564568336847,97.82798076844085,0.003256756111583248,-0.023941692826954103,0.1551386282091842,0.04994492093101144
1.79297312197581,-3.5922195606827927,2.912564568336847,97.8358248450872,0.004304911732573589,-0.024140862867677138,0.15468970949598185,0.0507084580603987
1.79297312197581,-3.5922195606827927,2.912564568336847,97.84343253116181,0.0053688905932870795,-0.024344148603061836,0.15423586900494216,0.04932501190342009
1.79297312197581,-3.5922195606827927,2.912564568336847,97.85111935121138,0.006400254746188132,-0.024544871687793384,0.1537957109417369,0.04998071794398129
1.79297312197581,-3.5922195606827927,2.912564568336847,97.85878626827633,0.007442066504674803,-0.024749897000151216,0.15335087567746325,0.04999591317027807
1.79297312197581,-3.5922195606827927,2.912564568336847,97.86642515425268,0.008480724150802777,-0.024957445356213286,0.15290716206795837,0.04995767283253372
1.79297312197581,-3.5922195606827927,2.912564568336847,97.87404932158601,0.00951515962726064,-0.02516710919272139,0.15246502644309734,0.05000600800849497
1.79297312197581,-3.5922195606827927,2.912564568336847,97.88167962008835,0.01054718512451765,-0.025379199288373372,0.1520236945458207,0.05019150814041495
1.79297312197581,-3.5922195606827927,2.912564568336847,97.88923189375244,0.011579623417535559,-0.02559428416442572,0.1515819580679498,0.04982303804717958
1.79297312197581,-3.5922195606827927,2.912564568336847,97.89679612814693,0.012601082434717407,-0.025810765750843494,0.15114569177543474,0.05004598083905876
1.79297312197581,-3.5922195606827927,2.912564568336847,97.90432868932086,0.013623729879678517,-0.026029898408715984,0.15070768142718502,0.04998126905411482
1.79297312197581,-3.5922195606827927,2.912564568336847,97.91184119074688,0.014641631499314835,-0.02625108638287273,0.15027146330715677,0.04999286797828972
1.79297312197581,-3.5922195606827927,2.912564568336847,97.91932734416574,0.015656390663950314,-0.026474515068152415,0.14983635934227524,0.049962195102125406
1.79297312197581,-3.5922195606827927,2.912564568336847,97.9267953851688,0.016667146134539443,-0.026700045295997083,0.14940273649227756,0.04998597200028598
1.79297312197581,-3.5922195606827927,2.912564568336847,97.93424698863028,0.0176750175326413,-0.02692786815938392,0.14897011578043645,0.05002079391852021
1.79297312197581,-3.5922195606827927,2.912564568336847,97.94167254659381,0.018680224751774253,-0.027158053059651133,0.1485384011786201,0.04999083001166582
1.7862383951742316,-3.590048769995157,2.8955939777631525,97.94908783042533,0.006053752386347042,-0.02134585418713763,0.14828063810612227,0.050008442951366305
1.7862383951742316,-3.590048769995157,2.8955939777631525,97.95648239274239,0.006966648346210924,-0.021798324499376628,0.147850498364751,0.05001378012821078
1.7862383951742316,-3.590048769995157,2.8955939777631525,97.96384490915868,0.007971709640683165,-0.021979846248769034,0.14742258910586972,0.04994157585315406
1.7862383951742316,-3.590048769995157,2.8955939777631525,97.97123052448433,0.008973215586485714,-0.022161515807738674,0.14699686666495393,0.05024335207417607
1.7862383951742316,-3.590048769995157,2.8955939777631525,97.97854502261549,0.009977544591500267,-0.022346345402375616,0.14656975279557888,0.04990455391816795
1.7862383951742316,-3.590048769995157,2.8955939777631525,97.9858577820733,0.010971837842029918,-0.02253210096926363,0.1461467279264442,0.05003710696473718
1.7862383951742316,-3.590048769995157,2.8955939777631525,97.99313102391791,0.011965579399550005,-0.022720307152797346,0.14572374996548199,0.04991116304881871
1.7862383951742316,-3.590048769995157,2.8955939777631525,98.00039430213585,0.012953597886973922,-0.022910140891261668,0.14530302325594277,0.04998711007647216
1.7862383951742316,-3.590048769995157,2.8955939777631525,98.00764411836658,0.013939930848134278,-0.023102256262006397,0.1448828265584214,0.050039168912917376
1.7862383951742316,-3.590048769995157,2.8955939777631525,98.01486086262507,0.014924088516632041,-0.02329661841682033,0.14446336793201395,0.049955531023442745
1.7862383951742316,-3.590048769995157,2.8955939777631525,98.0220723801708,0.015903399923869202,-0.02349272832167714,0.14404578496978113,0.050064065027982
1.7862383951742316,-3.590048769995157,2.8955939777631525,98.02959808336654,0.01688166232190027,-0.023691240887417277,0.1436284583749173,0.05239701992832124
1.7862383951742316,-3.590048769995157,2.8955939777631525,98.03640853483515,0.0179023709455159,-0.023900967915892243,0.14319382657013124,0.04756106901913881
1.7862383951742316,-3.590048769995157,2.8955939777631525,98.04355885973102,0.01882519984178088,-0.024095395298529863,0.1427997408042499,0.050072394078597426
1.7862383951742316,-3.590048769995157,2.8955939777631525,98.05067069452598,0.01979425862849236,-0.024299357613355506,0.1423857680046035,0.0499476520344615
1.7862383951742316,-3.590048769995157,2.8955939777631525,98.05777161321888,0.02075756264106362,-0.024505768371817383,0.1419740411262749,0.050015612971037626
1.7862383951742316,-3.590048769995157,2.8955939777631525,98.06483180729576,0.021719033635568017,-0.02471437944505566,0.14156290216177086,0.04987319395877421
1.7770360231966749,-3.587384010894414,2.880380969623442,98.07191205372105,0.0038635234272233476,-0.02006546202562673,0.14134261882858493,0.0500927921384573
1.7770360231966749,-3.587384010894414,2.880380969623442,98.07897484900691,0.00473062199325976,-0.020577301077496238,0.1409296818960727,0.050115739926695824
1.7770360231966749,-3.587384010894414,2.880380969623442,98.0859921317485,0.005691735738580475,-0.020742264553028574,0.14052091817407308,0.049937637988477945
1.7770360231966749,-3.587384010894414,2.880380969623442,98.093011028806,0.006647812661566227,-0.020907154367700725,0.14011523941983783,0.05009374488145113
1.7770360231966749,-3.587384010894414,2.880380969623442,98.09999854249222,0.00760383815155705,-0.021074439467958058,0.13970941697999995,0.050014622043818235
1.7770360231966749,-3.587384010894414,2.880380969623442,98.10694754442602,0.008555298234165688,-0.021243348337820992,0.1393053779495652,0.049883228028193116
1.7770360231966749,-3.587384010894414,2.880380969623442,98.11388869036828,0.009501229536078196,-0.021413664937186074,0.13890352994767396,0.04997098306193948
1.7770360231966749,-3.587384010894414,2.880380969623442,98.1208126005931,0.010445817175598221,-0.02158607543044349,0.13850209333858665,0.04999137599952519
1.7770360231966749,-3.587384010894414,2.880380969623442,98.12772299948713,0.011387768950492365,-0.02176040710935611,0.13810161779643934,0.05003850790672004
1.7770360231966749,-3.587384010894414,2.880380969623442,98.13461203095873,0.012327593890553191,-0.021936732711358094,0.13770188566834501,0.05002859211526811
1.7770360231966749,-3.587384010894414,2.880380969623442,98.14147445446764,0.013264217138421065,-0.02211487089112843,0.13730335344776,0.04998001386411488
1.7770360231966749,-3.587384010894414,2.880380969623442,98.14836981693097,0.01419692578112748,-0.02229467417787583,0.13690632400469854,0.050365551142022014
1.7770360231966749,-3.587384010894414,2.880380969623442,98.15513994667998,0.01513383816270513,-0.022477577575707654,0.13650734080620797,0.04959535296075046
1.7770360231966749,-3.587384010894414,2.880380969623442,98.1619372187117,0.01605341349305367,-0.022660354390942394,0.13611656076877232,0.04993714205920696
1.7770360231966749,-3.587384010894414,2.880380969623442,98.16873462507579,0.016976396141064654,-0.022845607160190153,0.13572317194784816,0.05008287285454571
1.7770360231966749,-3.587384010894414,2.880380969623442,98.17556130407556,0.017899079948235933,-0.02303323585573031,0.13532974035002465,0.050444780150428414
1.7770360231966749,-3.587384010894414,2.880380969623442,98.18225027365592,0.018825443822789136,-0.02322395943277874,0.13493457216550908,0.0495719478931278
1.7770360231966749,-3.587384010894414,2.880380969623442,98.18904661870359,0.019732724304734016,-0.023413624411634658,0.13454736537857503,0.05051265796646476
1.7770360231966749,-3.587384010894414,2.880380969623442,98.1956767033471,0.02065439176931423,-0.02360798270256094,0.134153866359783,0.049421495059505105
1.7673136555620028,-3.5837734772960017,2.8636125593737463,98.20239253436836,0.0014487320807909793,-0.01670311345775318,0.13400318711090356,0.05011694994755089
1.7673136555620028,-3.5837734772960017,2.8636125593737463,98.20910332678791,0.0021944653475868183,-0.017514670648418353,0.1336093022118707,0.05022698501124978
1.7673136555620028,-3.5837734772960017,2.8636125593737463,98.21579886195974,0.003114751559724219,-0.017650975745771697,0.1332211164064082,0.050258812960237265
1.7673136555620028,-3.5837734772960017,2.8636125593737463,98.22235904262728,0.0040311481732511235,-0.01778672651435669,0.1328343408367099,0.04938618000596762
1.7673136555620028,-3.5837734772960017,2.8636125593737463,98.22902708491023,0.004928789803499341,-0.01792173534548588,0.13245537248122757,0.05034180311486125
1.7673136555620028,-3.5837734772960017,2.8636125593737463,98.23559852564966,0.005841007874305824,-0.01806115458789844,0.13207008670011022,0.049757222877815366
1.7673136555620028,-3.5837734772960017,2.8636125593737463,98.24220773341328,0.006739781734133977,-0.01820053494936133,0.1316903924443513,0.05018747108988464
1.7673136555620028,-3.5837734772960017,2.8636125593737463,98.24876312151606,0.007643527407003456,-0.018342828434853683,0.13130845414095332,0.04992357990704477
1.7673136555620028,-3.5837734772960017,2.8636125593737463,98.25530175848269,0.008539689440246398,-0.018486021203298942,0.1309296114555918,0.04994009295478463
1.7673136555620028,-3.5837734772960017,2.8636125593737463,98.26182657468217,0.00943335346330225,-0.01863092080205676,0.13055169583870954,0.0499787931330502
1.7673136555620028,-3.5837734772960017,2.8636125593737463,98.2683249836297,0.010324913378425157,-0.01877758626810258,0.1301745447880951,0.04992073494940996
1.7673136555620028,-3.5837734772960017,2.8636125593737463,98.27480773575697,0.011212695260550862,-0.01892623427130548,0.12979987056605619,0.04994421103037894
1.7673136555620028,-3.5837734772960017,2.8636125593737463,98.2812939161588,0.012098066876130204,-0.01907643135444761,0.1294250733771024,0.05011533107608557
1.7673136555620028,-3.5837734772960017,2.8636125593737463,98.28773283907455,0.012983686947733233,-0.019228747558960823,0.1290500392346886,0.049894776893779635
1.7673136555620028,-3.5837734772960017,2.8636125593737463,98.29422035007647,0.013862618973681368,-0.01938205628746172,0.12867771431136374,0.05041674105450511
1.7673136555620028,-3.5837734772960017,2.8636125593737463,98.30059944061003,0.0147479795176352,-0.01953854463680252,0.12830252733185904,0.049719133879989386
1.7673136555620028,-3.5837734772960017,2.8636125593737463,98.30697808132965,0.015618274439437136,-0.019694622507741406,0.1279336076660924,0.049858991988003254
1.7673136555620028,-3.5837734772960017,2.8636125593737463,98.31335706902753,0.01648830885003976,-0.019852652731242513,0.12756466040408276,0.05000591604039073
1.7673136555620028,-3.5837734772960017,2.8636125593737463,98.3197254586978,0.017358159922245386,-0.020012760310417748,0.12719565937869096,0.05006766505539417
1.7673136555620028,-3.5837734772960017,2.8636125593737463,98.32607489466575,0.018226328345379995,-0.020174692839970775,0.12682724021068872,0.05006366106681526
1.7673136555620028,-3.5837734772960017,2.8636125593737463,98.33238922228772,0.019091673643893907,-0.020338235795168854,0.126459885832465,0.04993146704509854
1.7673136555620028,-3.5837734772960017,2.8636125593737463,98.33869039026723,0.019951990460080348,-0.020502974196794522,0.12609453252497946,0.04997177794575691
1.7552180371874595,-3.5801457697670953,2.8469637102341694,98.34499295998229,2.0954453797128458e-10,-0.01629273291324495,0.1259956083600599,0.050022138049826026
1.7552180371874595,-3.5801457697670953,2.8469637102341694,98.35127172613349,2.248509649969485e-10,-0.017075262751219487,0.12561490696603256,0.049984243931248784
1.7552180371874595,-3.5801457697670953,2.8469637102341694,98.35752801119568,2.853597468074911e-10,-0.017191297902406748,0.1252426025001107,0.049953330075368285
1.7552180371874595,-3.5801457697670953,2.8469637102341694,98.36378171386569,4.5612495713250835e-10,-0.017307596995384342,0.12487234758184831,0.05008076480589807
1.7552180371874595,-3.5801457697670953,2.8469637102341694,98.37020725585504,9.096665162937526e-10,-0.01742611412319722,0.1245022118669617,0.0516098621301353
1.7552180371874595,-3.5801457697670953,2.8469637102341694,98.37621579797845,3.498731084273036e-05,-0.017550314751150976,0.12412220322158385,0.048408278031274676
1.7552180371874595,-3.5801457697670953,2.8469637102341694,98.38240455775433,0.0008090637462921901,-0.01767481986764958,0.1237755671642772,0.04999984987080097
1.7552180371874595,-3.5801457697670953,2.8469637102341694,98.3885727623829,0.001656309500101934,-0.0178024413256742,0.12341785305050652,0.04997822013683617
1.7552180371874595,-3.5801457697670953,2.8469637102341694,98.39471892642186,0.0025005285100806003,-0.01793130605917647,0.12306133389701839,0.049943908816203475
1.7552180371874595,-3.5801457697670953,2.8469637102341694,98.40086251196882,0.0033415559982171283,-0.01806150552537715,0.12270606009670314,0.05006749904714525
1.7552180371874595,-3.5801457697670953,2.8469637102341694,98.40699723319575,0.004182058199027164,-0.018193435531994994,0.12235090206655946,0.05014038411900401
1.7552180371874595,-3.5801457697670953,2.8469637102341694,98.41308172687738,0.005021166571898194,-0.018326987022857073,0.12199622812147906,0.04987444099970162
1.7552180371874595,-3.5801457697670953,2.8469637102341694,98.41915802533833,0.0058532125352157545,-0.018461286769962077,0.12164443667836297,0.04995130584575236
1.7552180371874595,-3.5801457697670953,2.8469637102341694,98.42538859333747,0.006683967960465267,-0.018597158108814356,0.1212930817812511,0.05136787611991167
1.7552180371874595,-3.5801457697670953,2.8469637102341694,98.43126418306537,0.007535677640949612,-0.01873813141620329,0.12093274515291984,0.04858559789136052
1.7552180371874595,-3.5801457697670953,2.8469637102341694,98.43729410539258,0.008338515380077564,-0.018873527076786318,0.12059300271857235,0.05000225710682571
1.7552180371874595,-3.5801457697670953,2.8469637102341694,98.4433209895393,0.009162430007943837,-0.01901350947109114,0.12024421247884605,0.05012203101068735
1.7552180371874595,-3.5801457697670953,2.8469637102341694,98.44931347296699,0.0099856886637062,-0.019155463136818342,0.11989559592355103,0.049980846932157874
1.7552180371874595,-3.5801457697670953,2.8469637102341694,98.45528295722771,0.010804044856772237,-0.019298465753999648,0.11954894610943846,0.049933390924707055
1.7552180371874595,-3.5801457697670953,2.8469637102341694,98.46124530233772,0.011619072229533012,-0.019442702760898874,0.11920359546781686,0.050018165027722716
1.7552180371874595,-3.5801457697670953,2.8469637102341694,98.46718301335322,0.012432937721666718,-0.01958854084545261,0.11885862563631056,0.04995608003810048
1.7552180371874595,-3.5801457697670953,2.8469637102341694,98.47311928718628,0.013243283100012394,-0.01973606747969775,0.1185159828482795,0.05008838209323585
1.7552180371874595,-3.5801457697670953,2.8469637102341694,98.47902233266132,0.014053189177796771,-0.019885241210866832,0.11817245017534243,0.04995280597358942
1.7552180371874595,-3.5801457697670953,2.8469637102341694,98.48492556391797,0.014858348593626248,-0.0200354237051797,0.11783081562958797,0.05009921407327056
1.7552180371874595,-3.5801457697670953,2.8469637102341694,98.49079573821794,0.015663349044564626,-0.02018733186130944,0.11748913571171911,0.04996354994364083
1.7552180371874595,-3.5801457697670953,2.8469637102341694,98.49665981049152,0.01646362413956805,-0.020340271257543684,0.11714934571798023,0.05005638091824949
1.7552180371874595,-3.5801457697670953,2.8469637102341694,98.50249282635035,0.01726287751722075,-0.020494779226630726,0.11680987564252407,0.04993598209694028
1.7552180371874595,-3.5801457697670953,2.8469637102341694,98.50834656907882,0.018057680834327575,-0.02065033249643966,0.11647217861746985,0.05025872099213302
1.7552180371874595,-3.5801457697670953,2.8469637102341694,98.51412044188817,0.01885512977324984,-0.02080809228114291,0.11613324427688489,0.04971765703521669
1.7467614316629614,-3.576458070532907,2.823414823498476,98.51991872615562,0.0019365795422791217,-0.012200996395358888,0.11603892675947684,0.049968441016972065
1.7467614316629614,-3.576458070532907,2.823414823498476,98.5257258763915,0.002456575348269862,-0.013209228404343666,0.11569174464837628,0.050195026909932494
1.7467614316629614,-3.576458070532907,2.823414823498476,98.53148094804416,0.003262852953237804,-0.013306656411177625,0.11535590813663726,0.04988970002159476
1.7467614316629614,-3.576458070532907,2.823414823498476,98.53722005730489,0.0040564531043997135,-0.013400882005184108,0.11502379261578992,0.049894975032657385
1.7467614316629614,-3.576458070532907,2.823414823498476,98.54295591517023,0.004847732775670429,-0.013496376980517838,0.11469256073212288,0.050010722829028964
1.7467614316629614,-3.576458070532907,2.823414823498476,98.54870576432761,0.005638469341020783,-0.01359332186254337,0.11436148990840754,0.050277844071388245
1.7467614316629614,-3.576458070532907,2.823414823498476,98.5543708741095,0.006431038125643452,-0.013692025759958546,0.11402958343738918,0.04968105303123593
1.7467614316629614,-3.576458070532907,2.823414823498476,98.56005389696071,0.0072118864873805385,-0.013791127310900646,0.11370362332538642,0.04998101806268096
1.7467614316629614,-3.576458070532907,2.823414823498476,98.56572284198984,0.007995040094221074,-0.013892086271291662,0.1133755105365139,0.05000149505212903
1.7467614316629614,-3.576458070532907,2.823414823498476,98.57137459853413,0.008776153352881339,-0.013994219940604506,0.11304819288165967,0.049994222819805145
1.7467614316629614,-3.576458070532907,2.823414823498476,98.57701104000414,0.009554796666539519,-0.014097527316118429,0.11272184494904885,0.05000309809111059
1.7467614316629614,-3.576458070532907,2.823414823498476,98.58262761793601,0.01033122727910525,-0.014202044525137585,0.11239635742351783,0.049971173983067274
1.7467614316629614,-3.576458070532907,2.823414823498476,98.58823194847565,0.011104817413604057,-0.01430767661442417,0.11207199451038735,0.05000652093440294
1.7467614316629614,-3.576458070532907,2.823414823498476,98.59382576722236,0.011876615604411209,-0.014414573274799886,0.11174831366974423,0.050057298969477415
1.7467614316629614,-3.576458070532907,2.823414823498476,98.59939257181465,0.01264685940922742,-0.014522761540193788,0.11142521599006008,0.04996000719256699
1.7467614316629614,-3.576458070532907,2.823414823498476,98.60494970883106,0.013413274234590546,-0.014631906353263667,0.1111036588593507,0.0500175878405571
1.7467614316629614,-3.576458070532907,2.823414823498476,98.61048445226587,0.014178250045733665,-0.014742360738952933,0.11078263283628241,0.04996038903482258
1.7467614316629614,-3.576458070532907,2.823414823498476,98.61601717759109,0.014940031446335485,-0.014853853113842755,0.11046287975107467,0.05008673807606101
1.7467614316629614,-3.576458070532907,2.823414823498476,98.62152546113765,0.015701425109247293,-0.014966803100065255,0.11014321528968544,0.05001019383780658
1.7467614316629614,-3.576458070532907,2.823414823498476,98.6270138864124,0.016459339202858803,-0.01508074056996823,0.10982494433722677,0.04997430508956313
1.7467614316629614,-3.576458070532907,2.823414823498476,98.63248855743444,0.017214406886700964,-0.015195757412138647,0.1095077964380905,0.04999343608506024
1.7467614316629614,-3.576458070532907,2.823414823498476,98.63794705490244,0.0179674674223308,-0.015311974541946338,0.1091914185648593,0.04999016900546849
1.7467614316629614,-3.576458070532907,2.823414823498476,98.64338636172155,0.018718225452664213,-0.01543005891326436,0.10887692486412578,0.04995830683037639
1.7342371892729065,-3.5723721954692325,2.8086489570060547,98.6488350707,1.2046034655877058e-10,-0.012487574602338573,0.10886582077766191,0.050049767130985856
1.7342371892729065,-3.5723721954692325,2.8086489570060547,98.65426482346031,1.327571204922051e-10,-0.01332246640939707,0.10852812596977683,0.05003083497285843
1.7342371892729065,-3.5723721954692325,2.8086489570060547,98.65967089963434,1.4547357905018721e-10,-0.013401303611171627,0.10819872520653313,0.04996432410553098
1.7342371892729065,-3.5723721954692325,2.8086489570060547,98.66506443930332,3.647663228849388e-10,-0.01347998778664936,0.10787182503899313,0.049999521812424064
1.7342371892729065,-3.5723721954692325,2.8086489570060547,98.67045433908174,2.3228762154327798e-10,-0.013563017124265258,0.10755203673648618,0.05011434410698712
1.7342371892729065,-3.5723721954692325,2.8086489570060547,98.67582351472711,2.8044831573837237e-10,-0.013645647057900065,0.1072331400907687,0.0500701148994267
1.7342371892729065,-3.5723721954692325,2.8086489570060547,98.68114960055989,3.429973064431472e-10,-0.013729303646931916,0.10691545419718784,0.04981586500070989
1.7342371892729065,-3.5723721954692325,2.8086489570060547,98.68648523767831,4.671972832944035e-10,-0.013813870389628974,0.1066003045247467,0.05005273804999888
1.7342371892729065,-3.5723721954692325,2.8086489570060547,98.69180271362126,8.740628745736915e-10,-0.013900182710106413,0.10628455971592725,0.0500305590685457
1.7342371892729065,-3.5723721954692325,2.8086489570060547,98.69709299425712,1.5852402130038976e-06,-0.013987797545489573,0.10596989360436387,0.04992248700000346
1.7342371892729065,-3.5723721954692325,2.8086489570060547,98.7023949201168,0.0005358485615746441,-0.014079543863535035,0.10566233614114957,0.05017801094800234
1.7342371892729065,-3.5723721954692325,2.8086489570060547,98.70764359660913,0.001267027132108743,-0.01417292454324219,0.10535609474619013,0.04981844197027385
1.7342371892729065,-3.5723721954692325,2.8086489570060547,98.71291308743358,0.0019907763512743808,-0.014266207577205951,0.10505291999566481,0.05016034608706832
1.7342371892729065,-3.5723721954692325,2.8086489570060547,98.71815082425285,0.0027173627420590436,-0.014361845816603486,0.1047495092595706,0.050002495059743524
1.7342371892729065,-3.5723721954692325,2.8086489570060547,98.7233577822292,0.0034394208628483135,-0.014457998351038368,0.10444690442411493,0.04985267878510058
1.7342371892729065,-3.5723721954692325,2.8086489570060547,98.7285593493333,0.004157148013358672,-0.014554756910967788,0.10414605676953217,0.0499449260532856
1.7342371892729065,-3.5723721954692325,2.8086489570060547,98.73375444619043,0.004874049300486761,-0.014652666575955021,0.10384549495783435,0.05002717603929341
1.7342371892729065,-3.5723721954692325,2.8086489570060547,98.73893584136744,0.005589969408426936,-0.014751721306092685,0.10354528693510255,0.050039893947541714
1.7342371892729065,-3.5723721954692325,2.8086489570060547,98.74410048003506,0.006303909308280237,-0.014851788616737756,0.10324585192606375,0.05002272315323353
1.7342371892729065,-3.5723721954692325,2.8086489570060547,98.74924416083948,0.007015448062899256,-0.014952803968045315,0.10294736569799777,0.04996418091468513
1.7342371892729065,-3.5723721954692325,2.8086489570060547,98.75443091609435,0.007724005899278116,-0.015054680543242485,0.10265007138448308,0.05052851093932986
1.7342371892729065,-3.5723721954692325,2.8086489570060547,98.75950538070742,0.008438419226299239,-0.01515862743717559,0.1023502542863633,0.04957940406166017
1.7342371892729065,-3.5723721954692325,2.8086489570060547,98.76459655780455,0.009137230968313355,-0.01526175639382984,0.10205693821894868,0.049885653890669346
1.7342371892729065,-3.5723721954692325,2.8086489570060547,98.7696858986356,0.009838283880044159,-0.015366332704119195,0.10176261129322493,0.05001189303584397
1.7342371892729065,-3.5723721954692325,2.8086489570060547,98.77482707262725,0.010538983121431488,-0.015472156275596593,0.10146837358387333,0.050667748088017106
1.7342371892729065,-3.5723721954692325,2.8086489570060547,98.77981734262114,0.011246736374412931,-0.015580265371642137,0.10117110849418953,0.04932505008764565
1.7342371892729065,-3.5723721954692325,2.8086489570060547,98.78486227132453,0.011933591233955078,-0.01568738667367331,0.10088351626039371,0.050007462967187166
1.7342371892729065,-3.5723721954692325,2.8086489570060547,98.78989087723444,0.012627878626946087,-0.01579651172603335,0.10059175976146324,0.049990236992016435
1.7342371892729065,-3.5723721954692325,2.8086489570060547,98.79490761697468,0.013319796755315493,-0.015906591860478183,0.1003009392085537,0.05001687700860202
1.7342371892729065,-3.5723721954692325,2.8086489570060547,98.79992768200003,0.014009982696540317,-0.01601766365912423,0.100010784549641,0.05019523692317307
1.7342371892729065,-3.5723721954692325,2.8086489570060547,98.80489270690632,0.014700529100180151,-0.01613004365805957,0.09972041495882779,0.04978945292532444
1.7342371892729065,-3.5723721954692325,2.8086489570060547,98.80986786150568,0.015383379420329005,-0.01624256392358376,0.0994332200208109,0.05003513512201607
1.7342371892729065,-3.5723721954692325,2.8086489570060547,98.81482152120623,0.016067543708702888,-0.016356431443186867,0.09914540787453406,0.04996358184143901
1.7342371892729065,-3.5723721954692325,2.8086489570060547,98.81976369246395,0.016748635252120846,-0.016471130021820348,0.09885882505977164,0.049992211163043976
1.7263954076198789,-3.5685432745583703,2.7880931670723443,98.82470325590008,0.0005791780172536669,-0.008969398107346937,0.09879077271786436,0.05000025103799999
1.7263954076198789,-3.5685432745583703,2.7880931670723443,98.82962874755366,0.0010129199771824,-0.009898015885832561,0.09849431043342585,0.05000787996686995
1.7263954076198789,-3.5685432745583703,2.7880931670723443,98.83454584086867,0.0017033676932961322,-0.009964750271915634,0.09820959574056916,0.050067340955138206
1.7263954076198789,-3.5685432745583703,2.7880931670723443,98.83945075551306,0.002386341258249477,-0.010028942063792685,0.09792596458655028,0.05008798907510936
1.7263954076198789,-3.5685432745583703,2.7880931670723443,98.8443162282705,0.003067574664879291,-0.010093936181854855,0.09764301751277622,0.04982919292524457
1.7263954076198789,-3.5685432745583703,2.7880931670723443,98.84918853332546,0.0037433546422029652,-0.010160131865000057,0.09736350982710809,0.05004241387359798
1.7263954076198789,-3.5685432745583703,2.7880931670723443,98.85403805512533,0.004419978736986161,-0.010227349156470607,0.09708238617190623,0.049952643224969506
1.7263954076198789,-3.5685432745583703,2.7880931670723443,98.85887820082996,0.005093406227246219,-0.010295140929430234,0.09680256780970005,0.050000178860500455
1.7263954076198789,-3.5685432745583703,2.7880931670723443,98.86370232050855,0.005765494584582158,-0.010363855643044371,0.09652327111761468,0.049978825030848384
1.7263954076198789,-3.5685432745583703,2.7880931670723443,98.86851241598389,0.006435321813854012,-0.010433356111010669,0.09624488493405178,0.04997767391614616
1.7263954076198789,-3.5685432745583703,2.7880931670723443,98.87331239936155,0.007103164559561445,-0.010503684710957917,0.09596729171870658,0.050016868161037564
1.7263954076198789,-3.5685432745583703,2.7880931670723443,98.87809794874222,0.007769565225119273,-0.01057489947744648,0.09569026524409704,0.05001082783564925
1.7263954076198789,-3.5685432745583703,2.7880931670723443,98.88286745672325,0.008433923359174035,-0.010646920076888972,0.09541405699154783,0.04998747701756656
1.7263954076198789,-3.5685432745583703,2.7880931670723443,98.88762650762398,0.009096014963103773,-0.010719723517331959,0.09513875916041696,0.05002220906317234
1.7263954076198789,-3.5685432745583703,2.7880931670723443,98.89237024646984,0.009756614392140699,-0.010793402840482696,0.09486404772263983,0.050005655037239194
1.7263954076198789,-3.5685432745583703,2.7880931670723443,98.89709842414975,0.010415047225626955,-0.010867864789231144,0.09459020546702684,0.04998591192997992
1.7263954076198789,-3.5685432745583703,2.7880931670723443,98.90181260334465,0.011071278121878173,-0.010943108077315033,0.09431724577075737,0.04998215497471392
1.7263954076198789,-3.5685432745583703,2.7880931670723443,98.90651650899183,0.011725578399396539,-0.011019785200874552,0.09404619734055622,0.05001696804538369
1.7263954076198789,-3.5685432745583703,2.7880931670723443,98.91121313911273,0.012378336699820266,-0.011097260044995422,0.09377458472969342,0.05008425400592387
1.7263954076198789,-3.5685432745583703,2.7880931670723443,98.91588645874671,0.013030040938591517,-0.011175607294711926,0.09350337492834059,0.0499802241101861
1.7263954076198789,-3.5685432745583703,2.7880931670723443,98.92054754893664,0.013678464613948402,-0.011254573269846347,0.0932334993410093,0.04999372782185674
1.7263954076198789,-3.5685432745583703,2.7880931670723443,98.92518748403091,0.014325145561132282,-0.011334364226336848,0.09296431200136877,0.04991092812269926
1.7263954076198789,-3.5685432745583703,2.7880931670723443,98.9298297406644,0.014968844185027698,-0.011414804762071195,0.09269633300907111,0.05008026189170778
1.7263954076198789,-3.5685432745583703,2.7880931670723443,98.93444621524436,0.015612818317934346,-0.011496322816054842,0.09242819912535408,0.04994660313241184
1.7263954076198789,-3.5685432745583703,2.7880931670723443,98.93905694436137,0.01625316591630728,-0.011578389435126112,0.09216154529503627,0.050028773956000805
1.7263954076198789,-3.5685432745583703,2.7880931670723443,98.94365470813416,0.016892668634589915,-0.011661383558053486,0.09189520347837928,0.0500326850451529
1.7178079951471716,-3.564963948281469,2.77638294706293,98.94823786581284,8.008219226640634e-10,-0.008161102729510896,0.09180868514960604,0.04992074193432927
1.7178079951471716,-3.564963948281469,2.77638294706293,98.9528153778658,1.4332632679083058e-08,-0.008955772651936807,0.09153150276628301,0.050010235980153084
1.7178079951471716,-3.564963948281469,2.77638294706293,98.957388069746,0.0002507202290022026,-0.009007287841598353,0.09126293398120756,0.050104589900001884
1.7178079951471716,-3.564963948281469,2.77638294706293,98.96193177066995,0.0008873293773655987,-0.009060547002930339,0.09100039231093471,0.04993056412786245
1.7178079951471716,-3.564963948281469,2.77638294706293,98.96646407093762,0.0015200879403143442,-0.009116381554741319,0.09073824461870471,0.049949172884225845
1.7178079951471716,-3.564963948281469,2.77638294706293,98.97098836878862,0.0021512672343616045,-0.009172970415664219,0.09047673561154579,0.05000509601086378
1.7178079951471716,-3.564963948281469,2.77638294706293,98.97549732750593,0.002781311289333704,-0.009230349420206833,0.09021567376418452,0.04997977102175355
1.7178079951471716,-3.564963948281469,2.77638294706293,98.97999844561166,0.0034091987208552314,-0.009288399323745488,0.08995548532528885,0.0500371721573174
1.7178079951471716,-3.564963948281469,2.77638294706293,98.9844929918257,0.004035971947142729,-0.009347247223133466,0.08969573393459179,0.05010880692861974
1.7178079951471716,-3.564963948281469,2.77638294706293,98.98896173090391,0.004661807484531471,-0.009406896068755772,0.08943634789077955,0.04996558092534542
1.7178079951471716,-3.564963948281469,2.77638294706293,98.99341476965915,0.005284027395164014,-0.009467046578449507,0.08917844246029452,0.04993402701802552
1.7178079951471716,-3.564963948281469,2.77638294706293,98.99785857397772,0.005904036738102752,-0.009527885407609477,0.08892142724528294,0.04997450509108603
1.7178079951471716,-3.564963948281469,2.77638294706293,99.0022916949214,0.006522735611443938,-0.009589489297145013,0.08866492991638446,0.049998583970591426
1.7178079951471716,-3.564963948281469,2.77638294706293,99.006712663644,0.007139921985519555,-0.009651822209304379,0.08840903609426796,0.050005846889689565
1.7178079951471716,-3.564963948281469,2.77638294706293,99.01112043953715,0.007755390699040107,-0.009714861634764213,0.0881538306330452,0.050000956980511546
1.7178079951471716,-3.564963948281469,2.77638294706293,99.01551209615369,0.00836904799277258,-0.009779418716541602,0.0879005589375215,0.04996164608746767
1.7178079951471716,-3.564963948281469,2.77638294706293,99.01989837076536,0.008980362948048229,-0.009844420483232412,0.08764699535408513,0.050044780131429434
1.7178079951471716,-3.564963948281469,2.77638294706293,99.02428422868152,0.009590901517370694,-0.009910146797397872,0.08739372655261592,0.05018504289910197
1.7178079951471716,-3.564963948281469,2.77638294706293,99.02862589588959,0.010201352868019667,-0.009976753975983948,0.08714046716214648,0.04982377705164254
1.7178079951471716,-3.564963948281469,2.77638294706293,99.0329696511622,0.010805623925339333,-0.01004351208199971,0.08688975677492315,0.04999156901612878
1.7178079951471716,-3.564963948281469,2.77638294706293,99.03730470772493,0.011410155979789421,-0.010111230039117248,0.08663890198081879,0.05003591300919652
1.7178079951471716,-3.564963948281469,2.77638294706293,99.04162357771533,0.012013446731664629,-0.010179675120543075,0.08638853880472051,0.04999355296604335
1.7178079951471716,-3.564963948281469,2.77638294706293,99.04593169950543,0.012614453429562805,-0.010248731540167422,0.08613909916864329,0.05001354590058327
1.7178079951471716,-3.564963948281469,2.77638294706293,99.0502253026264,0.013213932713983984,-0.010318494377149308,0.08589026601492769,0.049989402992650867
1.7178079951471716,-3.564963948281469,2.77638294706293,99.05452407438611,0.013811359099603572,-0.010388891012344584,0.08564225926380105,0.05019451607950032
1.7178079951471716,-3.564963948281469,2.77638294706293,99.05877975387148,0.014409472448550785,-0.010460261134142524,0.08539393637741849,0.049835850950330496
1.7178079951471716,-3.564963948281469,2.77638294706293,99.06303419841961,0.015001602095656172,-0.010532517278943401,0.08514922774857037,0.049964569974690676
1.7178079951471716,-3.564963948281469,2.77638294706293,99.06730120944496,0.015593454818492763,-0.010605539598823047,0.08490341620654505,0.0502572359982878
1.7178079951471716,-3.564963948281469,2.77638294706293,99.07151049713258,0.016187022754722065,-0.010679584383479532,0.08465686215349402,0.049721754156053066
1.7178079951471716,-3.564963948281469,2.77638294706293,99.07573072512767,0.0167725197852117,-0.010753467040364768,0.08441364629905201,0.049994617933407426
1.7178079951471716,-3.564963948281469,2.77638294706293,99.07994099680386,0.01735950817887934,-0.010828424436907064,0.08416977066737184,0.05002118507400155
1.706643874772027,-3.560441570652289,2.7632131794286225,99.08415303848724,1.197393746654729e-10,-0.007592157480929227,0.08421753250904615,0.05001383391208947
1.706643874772027,-3.560441570652289,2.7632131794286225,99.08834895578902,1.324327977943035e-10,-0.008507666920243595,0.08395528812900159,0.0499779989477247
1.706643874772027,-3.560441570652289,2.7632131794286225,99.09253377439512,1.421709553395016e-10,-0.008551317141993598,0.08370044309322996,0.049997568130493164
1.706643874772027,-3.560441570652289,2.7632131794286225,99.09670898101484,1.317916639287111e-10,-0.008593549532698586,0.0834469364376672,0.05003427085466683
1.706643874772027,-3.560441570652289,2.7632131794286225,99.10087360354582,2.080209970189685e-10,-0.008636491335089445,0.08319402554635874,0.050059153931215405
1.706643874772027,-3.560441570652289,2.7632131794286225,99.10501132443376,1.782470298162215e-10,-0.008681337371943192,0.08294539942111698,0.049884875072166324
1.706643874772027,-3.560441570652289,2.7632131794286225,99.10914688288285,2.798478805059735e-10,-0.008726566448033875,0.08270182035078748,0.050005652010440826
1.706643874772027,-3.560441570652289,2.7632131794286225,99.11326797808492,3.3719399970721387e-10,-0.008771644910908677,0.08245705531959563,0.04997868509963155
1.706643874772027,-3.560441570652289,2.7632131794286225,99.11741301907232,4.5734193565979656e-10,-0.0088174244137214,0.08221313819017867,0.05041823093779385
1.706643874772027,-3.560441570652289,2.7632131794286225,99.12148645980413,6.635447782123235e-10,-0.008864502617004675,0.0819677836445422,0.04969563102349639
1.706643874772027,-3.560441570652289,2.7632131794286225,99.12557291883144,4.922434609444218e-08,-0.00891155002457082,0.0817266797478675,0.05000152997672558
1.706643874772027,-3.560441570652289,2.7632131794286225,99.12964712597818,0.00024377296943259614,-0.008960705127413666,0.08148732572683141,0.04999804706312716
1.706643874772027,-3.560441570652289,2.7632131794286225,99.13371342178665,0.0008123265010799469,-0.00901214099888587,0.08125209209418965,0.0500454290304333
1.706643874772027,-3.560441570652289,2.7632131794286225,99.13775780914672,0.0013799947938074346,-0.009064724232734097,0.08101730525255538,0.04992004297673702
1.706643874772027,-3.560441570652289,2.7632131794286225,99.14180007030608,0.0019445932351785972,-0.009117733500840853,0.08078377581438573,0.050038032000884414
1.706643874772027,-3.560441570652289,2.7632131794286225,99.14582610649843,0.0025088797605813187,-0.009171461422432551,0.08055035377485911,0.049981607822701335
1.706643874772027,-3.560441570652289,2.7632131794286225,99.14984147210872,0.0030708849727094658,-0.00922568316237956,0.08031786105995645,0.04999343305826187
1.706643874772027,-3.560441570652289,2.7632131794286225,99.1538451181905,0.0036314278097061906,-0.009281447534611189,0.08008718035772268,0.04999109799973667
1.706643874772027,-3.560441570652289,2.7632131794286225,99.15783880871496,0.004190246506156996,-0.009337500575354698,0.07985593073095798,0.050011195009574294
1.706643874772027,-3.560441570652289,2.7632131794286225,99.16182342094055,0.0047476614058873995,-0.009394000526985266,0.0796252460033838,0.05004207114689052
1.706643874772027,-3.560441570652289,2.7632131794286225,99.16578558894179,0.005303790818460364,-0.00945109592903716,0.07939507464936972,0.04990445589646697
1.706643874772027,-3.560441570652289,2.7632131794286225,99.16974746706057,0.005856768134436053,-0.009508582730196977,0.0791661923763723,0.05004507605917752
1.706643874772027,-3.560441570652289,2.7632131794286225,99.17369445987688,0.006409687168913899,-0.009566797698972682,0.07893731149280998,0.050001611933112144
1.706643874772027,-3.560441570652289,2.7632131794286225,99.17762681637052,0.006960508070695279,-0.009625507415957309,0.07870928330115845,0.04996051709167659
1.706643874772027,-3.560441570652289,2.7632131794286225,99.18155236486156,0.007509266206082354,-0.009684718117836787,0.07848209031133166,0.050018398789688945
1.706643874772027,-3.560441570652289,2.7632131794286225,99.18547549003418,0.00805705428784792,-0.0097445462034629,0.07825527854437442,0.050132403150200844
1.706643874772027,-3.560441570652289,2.7632131794286225,99.18936837418542,0.008604483482882685,-0.009805056760943332,0.07802859540012794,0.04989048093557358
1.706643874772027,-3.560441570652289,2.7632131794286225,99.19325579100837,0.009147709007466866,-0.009866709717587463,0.07780480879660351,0.049963708966970444
1.706643874772027,-3.560441570652289,2.7632131794286225,99.19714091223483,0.009690078734271303,-0.009928811374541298,0.07758014096709274,0.05007881112396717
1.706643874772027,-3.560441570652289,2.7632131794286225,99.2010056168021,0.010232109265198342,-0.009991469638037667,0.07735559547378053,0.049960245843976736
1.706643874772027,-3.560441570652289,2.7632131794286225,99.20486142535496,0.010771266286051174,-0.010054515851864492,0.07713222358922352,0.049989594146609306
1.706643874772027,-3.560441570652289,2.7632131794286225,99.20870820386958,0.011309159985404112,-0.010118127542008656,0.07690935351153771,0.05001704394817352
1.706643874772027,-3.560441570652289,2.7632131794286225,99.21255146290018,0.011845769846166834,-0.010182302301879878,0.07668699538790102,0.05011617694981396
1.706643874772027,-3.560441570652289,2.7632131794286225,99.21636178587522,0.01238186495893725,-0.010247128699549095,0.07646482955784972,0.04983105300925672
1.706643874772027,-3.560441570652289,2.7632131794286225,99.2202477165726,0.012913336425235546,-0.010312121498281918,0.07624456392409742,0.05096665909513831
1.706643874772027,-3.560441570652289,2.7632131794286225,99.22398282060517,0.013455345339071082,-0.01037906489961597,0.07601989469301779,0.04913324397057295
1.706643874772027,-3.560441570652289,2.7632131794286225,99.22777223392029,0.013976254418273732,-0.010444252438270948,0.07580398204358971,0.04998963396064937
1.706643874772027,-3.560441570652289,2.7632131794286225,99.23154355961121,0.014504777043332898,-0.01051190221335842,0.07558596244998697,0.0498945249710232
1.706643874772027,-3.560441570652289,2.7632131794286225,99.23531261304372,0.015030667798489127,-0.010579818168724893,0.07536787918826483,0.050008750054985285
1.706643874772027,-3.560441570652289,2.7632131794286225,99.23907334763541,0.015556221475620798,-0.010648241262958637,0.07514991571772052,0.050043097930029035
1.6960346755873679,-3.556295576083175,2.7472571891517683,99.24288206391421,1.1099587221563567e-10,-0.007937956437920446,0.07522189729561864,0.05063307913951576
1.6960346755873679,-3.556295576083175,2.7472571891517683,99.24661251244054,6.533578675659976e-11,-0.008474800136763333,0.07498273859881223,0.049750763922929764
1.6960346755873679,-3.556295576083175,2.7472571891517683,99.2503249977782,1.0226161497268781e-10,-0.008519118179927367,0.07475586991413492,0.04966145590879023
1.6960346755873679,-3.556295576083175,2.7472571891517683,99.25404326011518,1.1156068784738172e-10,-0.008561970267230016,0.07453078401251116,0.049888947047293186
1.6960346755873679,-3.556295576083175,2.7472571891517683,99.25776355110692,1.2785316912657088e-10,-0.008605543143205885,0.07430533673250601,0.05006761499680579
1.6960346755873679,-3.556295576083175,2.7472571891517683,99.26148042607615,1.2287765834908627e-10,-0.008649802545998406,0.07407975946794883,0.05017396109178662
1.6960346755873679,-3.556295576083175,2.7472571891517683,99.26516180736407,9.923289589330548e-11,-0.008695196567635793,0.0738555989384608,0.04984566289931536
1.6960346755873679,-3.556295576083175,2.7472571891517683,99.26885787729138,3.3368002767586356e-10,-0.008741330071426788,0.0736337688996376,0.05019531096331775
1.6960346755873679,-3.556295576083175,2.7472571891517683,99.27251263110931,2.2615428281554675e-10,-0.008789138998667706,0.07341478429903973,0.049782259156927466
1.6960346755873679,-3.556295576083175,2.7472571891517683,99.27618065587029,2.855672050874989e-10,-0.008836389035905503,0.07319831270127322,0.05011078296229243
1.6960346755873679,-3.556295576083175,2.7472571891517683,99.27983940522556,3.764955652745558e-10,-0.008884498941785357,0.07298103578158509,0.050132877891883254
1.6960346755873679,-3.556295576083175,2.7472571891517683,99.28346916949816,5.269121699490347e-10,-0.008933263126983702,0.07276430519199528,0.049883858067914844
1.6960346755873679,-3.556295576083175,2.7472571891517683,99.2870913649546,1.1996394707614679e-09,-0.008982412818640517,0.07254928825385223,0.04992737411521375
1.6960346755873679,-3.556295576083175,2.7472571891517683,99.2907109156113,4.723201514689815e-05,-0.00903234711178943,0.0723352038844963,0.050038576824590564
1.6960346755873679,-3.556295576083175,2.7472571891517683,99.29431298218556,0.0005273526418050739,-0.00908430936886656,0.07212581515305334,0.0499414331279695
1.6960346755873679,-3.556295576083175,2.7472571891517683,99.29791007078526,0.001031536334864126,-0.009134682478934003,0.0719177055176307,0.05001673195511103
1.6960346755873679,-3.556295576083175,2.7472571891517683,99.30149298489609,0.001535069263917654,-0.009186190209469208,0.07171102145776434,0.049963227938860655
1.6960346755873679,-3.556295576083175,2.7472571891517683,99.30508223633294,0.002036528426380581,-0.009237977675844024,0.07150397379354338,0.0501965309958905
1.6960346755873679,-3.556295576083175,2.7472571891517683,99.30864255882942,0.002538871195161292,-0.009290295819624381,0.0712965488032726,0.049936814000830054
1.6960346755873679,-3.556295576083175,2.7472571891517683,99.31218864438745,0.0030371491783281433,-0.009342804693338118,0.0710907949271079,0.04988107900135219
1.6960346755873679,-3.556295576083175,2.7472571891517683,99.31573363870581,0.0035334255042201563,-0.009395659221126888,0.07088585360098262,0.05000989814288914
1.6960346755873679,-3.556295576083175,2.7472571891517683,99.31926239775488,0.004029540024467686,-0.009449052529589438,0.07068096520703313,0.04992516781203449
1.6960346755873679,-3.556295576083175,2.7472571891517683,99.32278746542944,0.004523367635455414,-0.009502790197357223,0.07047701069392806,0.05001727002672851
1.6960346755873679,-3.556295576083175,2.7472571891517683,99.32630413942488,0.005016668789289257,-0.009557024039368379,0.07027325970053167,0.05004284717142582
1.6960346755873679,-3.556295576083175,2.7472571891517683,99.32980673585541,0.005508781786228021,-0.009611704096243274,0.0700699873255975,0.04998711380176246
1.6960346755873679,-3.556295576083175,2.7472571891517683,99.3332946916096,0.005998949132142857,-0.009667475524907165,0.06986861290124967,0.04992164019495249
1.6960346755873679,-3.556295576083175,2.7472571891517683,99.3367829203755,0.006486974376100842,-0.009723557365796928,0.06966695804427646,0.050070059951394796
1.6960346755873679,-3.556295576083175,2.7472571891517683,99.34025631548391,0.0069750298290169885,-0.009780088166597112,0.06946527776805077,0.05000188900157809
1.6960346755873679,-3.556295576083175,2.7472571891517683,99.34371515405596,0.0074609931330150096,-0.009836974426116743,0.06926445067874246,0.049936706898733974
1.6960346755873679,-3.556295576083175,2.7472571891517683,99.34716645083545,0.007944905082880432,-0.009894189178488584,0.06906445818869515,0.04997211112640798
1.6960346755873679,-3.556295576083175,2.7472571891517683,99.35061202203615,0.008427748663291618,-0.009951831482365548,0.06886489337501114,0.05003378400579095
1.6960346755873679,-3.556295576083175,2.7472571891517683,99.35404320834047,0.008909776492567276,-0.010009939434515317,0.06866565219824888,0.049969470826908946
1.6960346755873679,-3.556295576083175,2.7472571891517683,99.35747304386982,0.009389774057638894,-0.01006838592876448,0.06846723743347052,0.0500945511739701
1.6960346755873679,-3.556295576083175,2.7472571891517683,99.3608966752374,0.00986957029425748,-0.01012734492657018,0.06826889133732125,0.05014921585097909
1.6960346755873679,-3.556295576083175,2.7472571891517683,99.36430214327044,0.010348509707636603,-0.01018756507094502,0.06807191679579334,0.05002750316634774
1.6960346755873679,-3.556295576083175,2.7472571891517683,99.36768447945101,0.010824811791301639,-0.010248048904820334,0.06787493837042499,0.04983188584446907
1.6960346755873679,-3.556295576083175,2.7472571891517683,99.37106883048243,0.011297862327049183,-0.010308579775299491,0.06767929293370792,0.05000570905394852
1.6960346755873679,-3.556295576083175,2.7472571891517683,99.37444595886399,0.011771186274962245,-0.010369646482625243,0.06748351943210296,0.05004375008866191
1.6960346755873679,-3.556295576083175,2.7472571891517683,99.37780572303237,0.0122434798030719,-0.010431167227419916,0.06728815859091189,0.04993098694831133
1.6960346755873679,-3.556295576083175,2.7472571891517683,99.38116048664293,0.012713323455468514,-0.010492957595811437,0.06709379747975226,0.050001099007204175
1.6960346755873679,-3.556295576083175,2.7472571891517683,99.38450716778041,0.013182453242074631,-0.010555180715375907,0.0668997168116829,0.05002534086816013
1.6960346755873679,-3.556295576083175,2.7472571891517683,99.38787107143803,0.013650433275256954,-0.010617819034895472,0.0667060975731095,0.050428728107362986
1.6960346755873679,-3.556295576083175,2.7472571891517683,99.39117481052654,0.014120811173706428,-0.010681267644713192,0.06651147070139621,0.04967171908356249
1.6960346755873679,-3.556295576083175,2.7472571891517683,99.39448336461257,0.01458274112962605,-0.01074532649174651,0.06632126502938683,0.049886775901541114
1.6960346755873679,-3.556295576083175,2.7472571891517683,99.39779205535302,0.015045277530878047,-0.01080977830773361,0.06612979737225248,0.050033281091600657
1.6960346755873679,-3.556295576083175,2.7472571891517683,99.40108576668518,0.015507817547732675,-0.010874616512207506,0.0659383175793488,0.04995140084065497
1.6874861658265123,-3.551672846787986,2.7294168335633016,99.40438619941561,1.581168355968554e-10,-0.0046536185018037825,0.06599909927999435,0.05000723898410797
1.6874861658265123,-3.551672846787986,2.7294168335633016,99.40767662137807,4.0490350482480885e-10,-0.005447678088135296,0.065795165773951,0.050010086968541145
1.6874861658265123,-3.551672846787986,2.7294168335633016,99.41095690246172,2.2926002169377284e-10,-0.00547661898351506,0.06559956655014154,0.050004615215584636
1.6874861658265123,-3.551672846787986,2.7294168335633016,99.41422903842367,3.0686994901158263e-10,-0.0055021517939604055,0.06540532592995252,0.05002858582884073
1.6874861658265123,-3.551672846787986,2.7294168335633016,99.41750020756558,3.963314342560353e-10,-0.0055281230383076715,0.06521156398403848,0.05016240896657109
1.6874861658265123,-3.551672846787986,2.7294168335633016,99.42073260751334,5.503993402017328e-10,-0.005555254454639286,0.06501952160493203,0.04971429915167391
1.6874861658265123,-3.551672846787986,2.7294168335633016,99.42398321544692,1.4099759109801448e-09,-0.005582361164240996,0.06482807807052152,0.05014197598211467
1.6874861658265123,-3.551672846787986,2.7294168335633016,99.42721153770538,3.814245055397282e-05,-0.0056104097032890895,0.06463594033498783,0.049946241080760956
1.6874861658265123,-3.551672846787986,2.7294168335633016,99.43043819955881,0.00046307386081727894,-0.0056397438928474115,0.0644492135014164,0.050065185874700546
1.6874861658265123,-3.551672846787986,2.7294168335633016,99.43364626643789,0.0009179545463715564,-0.0056706169636288615,0.06426289221788782,0.049920985009521246
1.6874861658265123,-3.551672846787986,2.7294168335633016,99.43685053660352,0.0013702326582635813,-0.005701798100277221,0.06407764345837189,0.05000605504028499
1.6874861658265123,-3.551672846787986,2.7294168335633016,99.4400463541444,0.0018219835452142022,-0.005733401574614603,0.06389260573481041,0.0500185820274055
1.6874861658265123,-3.551672846787986,2.7294168335633016,99.44323273874383,0.002272550398068315,-0.005765352181410449,0.06370805219649803,0.0500154139008373
1.6874861658265123,-3.551672846787986,2.7294168335633016,99.44640750947993,0.00272189541226014,-0.005798121560536491,0.06352570489611473,0.04997615911997855
1.6874861658265123,-3.551672846787986,2.7294168335633016,99.44956775912442,0.003169486812396958,-0.005831122891267274,0.06334232564269482,0.04989159479737282
1.6874861658265123,-3.551672846787986,2.7294168335633016,99.45273178147025,0.0036150375103273153,-0.005864405423043611,0.06315978002479308,0.05009552510455251
1.6874861658265123,-3.551672846787986,2.7294168335633016,99.45588122283752,0.0040611262502714685,-0.005898188845151329,0.06297700775412084,0.050009384052827954
1.6874861658265123,-3.551672846787986,2.7294168335633016,99.45901572293377,0.004505165140792689,-0.005932237134300868,0.06279507703304023,0.04991633491590619
1.6874861658265123,-3.551672846787986,2.7294168335633016,99.46214851943421,0.0049471029975453355,-0.005966561379625616,0.06261400492623478,0.05003347899764776
1.6874861658265123,-3.551672846787986,2.7294168335633016,99.46526751017043,0.005388806125847665,-0.0060013158598315325,0.06243302370692959,0.049957387149333954
1.6874861658265123,-3.551672846787986,2.7294168335633016,99.46838581264555,0.0058285677119071615,-0.006036342000715992,0.0622528379915624,0.050090928794816136
1.6874861658265123,-3.551672846787986,2.7294168335633016,99.47148675945041,0.006268237192335668,-0.006071805730988235,0.06207268460114658,0.04995670518837869
1.6874861658265123,-3.551672846787986,2.7294168335633016,99.47458256344012,0.006705543813435293,-0.006108339955694854,0.06189515425948117,0.05001690401695669
1.6874861658265123,-3.551672846787986,2.7294168335633016,99.47766793745534,0.007142020891126927,-0.006144867085111482,0.06171625767315634,0.04999288893304765
1.6874861658265123,-3.551672846787986,2.7294168335633016,99.4807480278582,0.0075770349519773805,-0.006181679162080341,0.06153796134149244,0.05005187587812543
1.6874861658265123,-3.551672846787986,2.7294168335633016,99.48381403441766,0.008011307711142524,-0.006218869655869663,0.061359964695840805,0.04996754112653434
1.6874861658265123,-3.551672846787986,2.7294168335633016,99.48687586499808,0.008443597616761984,-0.006256322865977976,0.06118277941241648,0.05004399293102324
1.6874861658265123,-3.551672846787986,2.7294168335633016,99.48992431072597,0.008875302105039522,-0.006294164698840464,0.061005829061140035,0.04996974510140717
1.6874861658265123,-3.551672846787986,2.7294168335633016,99.49296778186029,0.009305121675304128,-0.006332271927871848,0.060829649791642855,0.05003269203007221
1.6874861658265123,-3.551672846787986,2.7294168335633016,99.49599891895951,0.009734242834962237,-0.006370751960980224,0.06065375197744268,0.04997443687170744
1.6874861658265123,-3.551672846787986,2.7294168335633016,99.49902781457752,0.010161701318800787,-0.006410417399481288,0.060480164348682156,0.05008080997504294
1.6874861658265123,-3.551672846787986,2.7294168335633016,99.50203565414327,0.010588738238688056,-0.006450082827415882,0.060305063373067985,0.0498770650010556
1.6874861658265123,-3.551672846787986,2.7294168335633016,99.50504316871292,0.011012811931485546,-0.006489867949353332,0.06013118053621145,0.05001589097082615
1.6874861658265123,-3.551672846787986,2.7294168335633016,99.5080402564686,0.011436842399990155,-0.0065300851074521155,0.05995730806021261,0.049987029982730746
1.6874861658265123,-3.551672846787986,2.7294168335633016,99.511030248567,0.01185940296784452,-0.006570598410083753,0.0597840362568549,0.05001321900635958
1.6874861658265123,-3.551672846787986,2.7294168335633016,99.51402960420344,0.012280964018508549,-0.006611449095373311,0.05961116998942626,0.05031532910652459
1.6874861658265123,-3.551672846787986,2.7294168335633016,99.51698554575488,0.012703847091757075,-0.006652858948696951,0.05943775494457875,0.04973171604797244
1.6874861658265123,-3.551672846787986,2.7294168335633016,99.51994586731979,0.013120694009194437,-0.0066947200309864004,0.05926846171472631,0.04994766996242106
1.6874861658265123,-3.551672846787986,2.7294168335633016,99.52290132070895,0.013538041367827913,-0.006736964946604317,0.05909726029466932,0.05000998987816274
1.6874861658265123,-3.551672846787986,2.7294168335633016,99.52584793164314,0.013954702356944026,-0.0067795622077970975,0.058926337749408746,0.05000499007292092
