x,y,theta,s0,v,omega,w,time_elapsed
-0.04728352975629482,0.033459851710642856,-0.0027963627546150533,0.18450315902009606,0.0843544751405716,-0.7633126974105835,1.0,0.18450315902009606
-0.04728352975629482,0.033459851710642856,-0.0027963627546150533,0.20259900309611112,0.11758193373680115,-0.7505936026573181,1.0,0.018095844076015055
-0.04728352975629482,0.033459851710642856,-0.0027963627546150533,0.24989768501836807,0.12016846239566803,-0.7485777735710144,1.0,0.04729868192225695
-0.04728352975629482,0.033459851710642856,-0.0027963627546150533,0.29992244904860854,0.12693138420581818,-0.7432816624641418,1.0,0.050024764030240476
-0.04728352975629482,0.033459851710642856,-0.0027963627546150533,0.3500198320252821,0.134134441614151,-0.7390516996383667,1.0,0.05009738297667354
-0.04728352975629482,0.033459851710642856,-0.0027963627546150533,0.39995733299292624,0.1408289223909378,-0.7351552248001099,1.0,0.049937500967644155
-0.04728352975629482,0.033459851710642856,-0.0027963627546150533,0.44993493100628257,0.147502139210701,-0.7312714457511902,1.0,0.04997759801335633
-0.06325432222596952,0.05717919101122888,-0.08849826778602933,0.49954234959310095,0.19510403275489807,-0.6966339945793152,0.9922075271606445,0.049997018999420106
-0.08344444644433353,0.06008933155812441,-0.1592358755701006,0.5492608192134614,0.2643221914768219,-0.7006796598434448,0.9957900643348694,0.04992866609245539
-0.08344444644433353,0.06008933155812441,-0.1592358755701006,0.5992746846365824,0.2728498578071594,-0.7010481357574463,0.9949012994766235,0.05027017800603062
-0.07638691012768728,0.08298464478385066,-0.23404038414936532,0.6492124775738537,0.2759332060813904,-0.7090169787406921,1.0,0.0499377929372713
-0.07638691012768728,0.08298464478385066,-0.23404038414936532,0.6991697105893016,0.28304150700569153,-0.7086965441703796,1.0,0.049957233015447855
-0.07638691012768728,0.08298464478385066,-0.23404038414936532,0.7490770792152841,0.2901526689529419,-0.7083762288093567,0.9999628663063049,0.049909221939742565
-0.06210656778352883,0.0864963263590364,-0.31488990605490624,0.7991573232954476,0.281066358089447,-0.7136239409446716,1.0,0.05008024408016354
-0.034837938930443735,0.07591060492036736,-0.39360970661780204,0.8489701512532417,0.2791109085083008,-0.71042400598526,1.0,0.04981282795779407
-0.034837938930443735,0.07591060492036736,-0.39360970661780204,0.8991646782757823,0.28774842619895935,-0.7099718451499939,1.0,0.05019452702254057
-0.034837938930443735,0.07591060492036736,-0.39360970661780204,0.9490234022757147,0.29673662781715393,-0.7094405293464661,1.0,0.04985872399993241
-0.01768652403792925,0.06739280865132316,-0.4683794843482104,0.9992333422212039,0.2957509756088257,-0.7060525417327881,1.0,0.05020993994548917
-0.01768652403792925,0.06739280865132316,-0.4683794843482104,1.0490668212093521,0.3049301505088806,-0.7055786848068237,1.0,0.04983347898814827
-0.0019531712616197073,0.05160164005619858,-0.5382318757606199,1.0991153622541685,0.31532132625579834,-0.6907997727394104,1.0,0.050048541044816375
-0.0019531712616197073,0.05160164005619858,-0.5382318757606199,1.1490685862751786,0.3253284692764282,-0.6886745095252991,1.0,0.0499532240210101
0.018176157861599686,0.028195457068533342,-0.6095266461267513,1.1991038953216855,0.2836759686470032,-0.6202167272567749,1.0,0.05003530904650688
0.018176157861599686,0.028195457068533342,-0.6095266461267513,1.2490612972557653,0.29430386424064636,-0.6172716021537781,1.0,0.049957401934079826
0.041912939657589146,0.007353864928686088,-0.6791168621964462,1.2991876072280217,0.22201618552207947,0.018086226657032967,1.0,0.05012630997225642
0.041912939657589146,0.007353864928686088,-0.6791168621964462,1.3490390633029972,0.23315377533435822,-0.03069053404033184,1.0,0.04985145607497543
0.06313022775352695,-0.018938048454064677,-0.7449731065536204,1.3989664221863842,0.12487846612930298,0.6809880137443542,0.9984883666038513,0.050002945004962385
0.06313022775352695,-0.018938048454064677,-0.7449731065536204,1.4488769933523808,0.14300081133842468,0.6656371355056763,0.9977032542228699,0.05002546694595367
0.08586482035462803,-0.040588826037490006,-0.7801158357308043,1.4964288073404823,0.0648060142993927,0.6578584313392639,0.948688805103302,0.05012372205965221
0.08586482035462803,-0.040588826037490006,-0.7801158357308043,1.5437081605503262,0.0734359622001648,0.6600872874259949,0.9486446976661682,0.049838842009194195
0.10404578228748793,-0.059045892407443616,-0.75039893142648,1.5908157759647081,0.023180052638053894,0.6460965871810913,0.9407387375831604,0.050075130886398256
0.10404578228748793,-0.059045892407443616,-0.75039893142648,1.637740989795213,0.031764641404151917,0.6476728320121765,0.939062774181366,0.04997026303317398
0.11566107619771508,-0.06925720201903113,-0.6952183097879872,1.6844864733728555,0.01,0.64235520362854,0.9346579313278198,0.05001346697099507
0.11566107619771508,-0.06925720201903113,-0.6952183097879872,1.7310824335358685,0.01,0.6419838666915894,0.9318888783454895,0.05000162706710398
0.1235086453033665,-0.074478159131795,-0.6418238738340316,1.7778277153238216,0.01,0.6442261338233948,0.9348978400230408,0.05000041692983359
0.1235086453033665,-0.074478159131795,-0.6418238738340316,1.8244021787468647,0.01283515989780426,0.6438149809837341,0.9319571852684021,0.049974896013736725
0.1284006283578329,-0.07819922939370615,-0.5861372699979307,1.8714320837503307,0.01,0.6456693410873413,0.9394221305847168,0.05006259004585445
0.1284006283578329,-0.07819922939370615,-0.5861372699979307,1.9181635050499057,0.01,0.6451839804649353,0.9365602135658264,0.04989686794579029
0.12974338677204383,-0.08310965435681467,-0.5313825139458793,1.965286125509822,0.01,0.6493068337440491,0.9409741759300232,0.05007854802533984
0.12974338677204383,-0.08310965435681467,-0.5313825139458793,2.0121743560303176,0.010054811835289001,0.6489017009735107,0.9384283423423767,0.04996463598217815
0.13249554446849776,-0.08472516301190382,-0.47814398538067815,2.0594316228112404,0.017945796251296997,0.6513010859489441,0.9429252743721008,0.05011772201396525
0.13249554446849776,-0.08472516301190382,-0.47814398538067815,2.1063192080483155,0.02605016529560089,0.6509807705879211,0.9407681822776794,0.04983968008309603
0.13484780790713613,-0.08492819833135226,-0.42277020397445714,2.153979073736543,0.010233283042907715,0.6534445285797119,0.9507641196250916,0.050127959926612675
0.13484780790713613,-0.08492819833135226,-0.42277020397445714,2.2013330503815034,0.018583297729492188,0.6529309749603271,0.9483652114868164,0.04993221606127918
0.1388773867458102,-0.08538319110933794,-0.36893824073218345,2.2490240498339835,0.027673229575157166,0.6554413437843323,0.9542562365531921,0.04997714201454073
0.1388773867458102,-0.08538319110933794,-0.36893824073218345,2.29659856616211,0.03583301603794098,0.6550607681274414,0.9519872069358826,0.04997390299104154
0.14012081412129312,-0.08103310732883459,-0.31534031423414227,2.344597336510489,0.04643842577934265,0.6577674150466919,0.9580506086349487,0.050100453896448016
0.14012081412129312,-0.08103310732883459,-0.31534031423414227,2.392283502824584,0.05561871826648712,0.6574627161026001,0.9557314515113831,0.04989494301844388
0.1432898029143542,-0.08156645338622123,-0.25923006368214263,2.44040113819204,0.07014037668704987,0.6603777408599854,0.961643397808075,0.050036880071274936
0.1432898029143542,-0.08156645338622123,-0.25923006368214263,2.4883126018169897,0.082048699259758,0.6600921154022217,0.9587404727935791,0.049973340006545186
0.14989981307993078,-0.0844616158687009,-0.2050415581855095,2.5369565440571136,0.07208947837352753,0.6621021628379822,0.9678207039833069,0.050261316006071866
0.14989981307993078,-0.0844616158687009,-0.2050415581855095,2.5849880281923476,0.08385975658893585,0.6618926525115967,0.9649848341941833,0.049774340935982764
0.15936554717068924,-0.08608627311642474,-0.14537335478665536,2.6337583322236915,0.07377657294273376,0.6656871438026428,0.975788414478302,0.04998040897771716
0.15936554717068924,-0.08608627311642474,-0.14537335478665536,2.6824494283457865,0.08574606478214264,0.6660683155059814,0.9733384847640991,0.050024833995848894
0.16963705596583498,-0.08730102234426702,-0.08727828443619218,2.7315861936092447,0.06834818422794342,0.6754809021949768,0.9838365912437439,0.04994403105229139
0.16963705596583498,-0.08730102234426702,-0.08727828443619218,2.7807256591836857,0.08021412789821625,0.6762239336967468,0.9816662073135376,0.050057203974574804
0.1787865008258519,-0.08905263158154858,-0.031762913351182975,2.8302294976874065,0.08045370876789093,0.6825640797615051,0.9905979037284851,0.04997369600459933
0.1787865008258519,-0.08905263158154858,-0.031762913351182975,2.87968041253953,0.0920218676328659,0.6836670637130737,0.9888579249382019,0.050008108955807984
0.19007422523249104,-0.09420782807446336,0.030191218418855654,2.9295945179118603,0.09374010562896729,0.6911553740501404,0.9989977478981018,0.04996418207883835
0.19007422523249104,-0.09420782807446336,0.030191218418855654,2.9795098214961095,0.10518491268157959,0.6924651265144348,0.9975624084472656,0.050037274020724
0.20303304939433567,-0.09658914485545675,0.08877584507255278,3.0295785994819804,0.09502112865447998,0.7038424611091614,1.0,0.05006877798587084
0.20303304939433567,-0.09658914485545675,0.08877584507255278,3.07948718544482,0.10700017213821411,0.7050094604492188,1.0,0.049908585962839425
0.21291396769509308,-0.09464364330932742,0.14766466067779271,3.129513805484536,0.12776094675064087,0.7060648798942566,1.0,0.05002662003971636
0.21291396769509308,-0.09464364330932742,0.14766466067779271,3.179502423488672,0.1396215707063675,0.7069858908653259,1.0,0.04998861800413579
0.2216129846515213,-0.09363483276745077,0.20668961778748654,3.2294770364967613,0.15088307857513428,0.7092457413673401,1.0,0.049974613008089364
0.2216129846515213,-0.09363483276745077,0.20668961778748654,3.279548613456215,0.16433845460414886,0.7088620066642761,1.0,0.05007157695945352
0.23385613357795043,-0.09088051127219159,0.2690279946218241,3.3295105685099466,0.18105965852737427,0.7063747048377991,1.0,0.0499619550537318
0.23385613357795043,-0.09088051127219159,0.2690279946218241,3.37955082846726,0.19412532448768616,0.7054347395896912,1.0,0.05004025995731354
0.2481382679267806,-0.0862178026879987,0.33519975319058526,3.429635660475257,0.18721552193164825,0.705450177192688,1.0,0.05008483200799674
0.2481382679267806,-0.0862178026879987,0.33519975319058526,3.479518870459075,0.1998436152935028,0.7043222188949585,1.0,0.04988320998381823
0.26196331902783443,-0.08044899532872009,0.4063205202461099,3.5296083834107472,0.22590650618076324,0.6962087154388428,1.0,0.05008951295167208
0.26196331902783443,-0.08044899532872009,0.4063205202461099,3.5795178254918634,0.2383648008108139,0.6948162913322449,1.0,0.04990944208111614
0.27513107546859444,-0.07294040236843335,0.4746903866433123,3.629461587508346,0.2284521907567978,0.692132830619812,1.0,0.04994376201648265
0.27513107546859444,-0.07294040236843335,0.4746903866433123,3.679525740429896,0.2395821213722229,0.691037118434906,1.0,0.050064152921549976
0.294197856728617,-0.06129808186810061,0.5449165036921028,3.7294696124588578,0.1997259110212326,0.6747458577156067,1.0,0.04994387202896178
0.294197856728617,-0.06129808186810061,0.5449165036921028,3.779603306422147,0.20949919521808624,0.6700941324234009,1.0,0.05013369396328926
0.3127366859182458,-0.0494948282203529,0.6120316870838415,3.82959939142144,0.18343457579612732,0.5399170517921448,1.0,0.04999608499929309
0.3127366859182458,-0.0494948282203529,0.6120316870838415,3.8795333214655026,0.18212753534317017,0.45088857412338257,1.0,0.049933930044062436
0.3297527840148343,-0.03741773308320785,0.6765502355431675,3.929459337479572,0.12839020788669586,0.036395519971847534,1.0,0.04992601601406932
0.3297527840148343,-0.03741773308320785,0.6765502355431675,3.979532372424516,0.12496741116046906,-0.061278194189071655,1.0,0.050073034944944084
0.33939186365439494,-0.02633700502007704,0.724414646092673,4.029491210458006,0.09914802014827728,-0.4902149438858032,1.0,0.04995883803348988
0.33939186365439494,-0.02633700502007704,0.724414646092673,4.079561561447705,0.10185834765434265,-0.5663407444953918,1.0,0.050070350989699364
0.33939186365439494,-0.02633700502007704,0.724414646092673,4.129603439461577,0.10333529114723206,-0.6231381893157959,1.0,0.05004187801387161
0.33939186365439494,-0.02633700502007704,0.724414646092673,4.179746151421356,0.10501876473426819,-0.6703535914421082,1.0,0.05014271195977926
0.35790712895219373,-0.01007112327063419,0.6829710292172301,4.229612326467547,0.06897449493408203,-0.7006762623786926,1.0,0.04986617504619062
0.35790712895219373,-0.01007112327063419,0.6829710292172301,4.279526421436246,0.07139319181442261,-0.7268719673156738,1.0,0.04991409496869892
0.3660485469233194,-0.005338321914744506,0.6280288290488314,4.329502149470287,0.059739843010902405,-0.689478874206543,1.0,0.04997572803404182
0.3660485469233194,-0.005338321914744506,0.6280288290488314,4.379509578444201,0.06247521936893463,-0.7285341620445251,1.0,0.05000742897391319
0.3746499450856561,-0.0020571997520702143,0.5687046978671334,4.429479245430927,0.052960216999053955,-0.6451107263565063,1.0,0.049969666986726224
0.3746499450856561,-0.0020571997520702143,0.5687046978671334,4.479594921445611,0.057450324296951294,-0.6882817149162292,1.0,0.05011567601468414
0.3807450374598616,-0.002141416999695605,0.5071021189537623,4.529554454478572,0.05910499393939972,-0.5507663488388062,1.0,0.04995953303296119
0.3807450374598616,-0.002141416999695605,0.5071021189537623,4.579636024412836,0.06725595891475677,-0.6076436638832092,1.0,0.050081569934263825
0.38602302409175987,8.530841406595451e-05,0.4510949730823352,4.629462783442947,0.06462416797876358,-0.516452431678772,1.0,0.049826759030111134
0.38602302409175987,8.530841406595451e-05,0.4510949730823352,4.679553656474824,0.07201175391674042,-0.5824100375175476,1.0,0.05009087303187698
0.3933863724934976,0.0028950832768911746,0.40153433452943416,4.729497238396804,0.06311136484146118,-0.4705559313297272,1.0,0.049943581921979785
0.3933863724934976,0.0028950832768911746,0.40153433452943416,4.7795870094412445,0.07040645182132721,-0.5374627113342285,1.0,0.05008977104444057
0.3933863724934976,0.0028950832768911746,0.40153433452943416,4.829559351419236,0.07820847630500793,-0.6010529398918152,1.0,0.049972341977991164
0.3933863724934976,0.0028950832768911746,0.40153433452943416,4.879521358394201,0.08539274334907532,-0.6473080515861511,1.0,0.049962006974965334
0.4034573801668836,0.004019188587968413,0.3086157904644317,4.929511424488525,0.07478277385234833,-0.31204190850257874,1.0,0.04999006609432399
0.4034573801668836,0.004019188587968413,0.3086157904644317,4.979720986433464,0.08208723366260529,-0.3794805705547333,1.0,0.050209561944939196
0.4116105614147886,0.005775448366483777,0.25471415103572703,5.029511364394936,0.07789978384971619,-0.17781493067741394,1.0,0.04979037796147168
0.4116105614147886,0.005775448366483777,0.25471415103572703,5.079532363437253,0.08331282436847687,-0.2598908841609955,1.0,0.05002099904231727
0.4116105614147886,0.005775448366483777,0.25471415103572703,5.129532996433924,0.09053218364715576,-0.33803027868270874,1.0,0.0500006329966709
0.4116105614147886,0.005775448366483777,0.25471415103572703,5.179595621404375,0.09867608547210693,-0.3994026482105255,1.0,0.050062624970451
0.42673804133335497,0.008936400164387601,0.2036959314138602,5.2296049694848685,0.0881728008389473,-0.10532525181770325,1.0,0.05000934808049351
0.42673804133335497,0.008936400164387601,0.2036959314138602,5.279525091507609,0.09495330601930618,-0.19047045707702637,1.0,0.04992012202274054
0.42673804133335497,0.008936400164387601,0.2036959314138602,5.32969905050392,0.10149271786212921,-0.27331098914146423,1.0,0.05017395899631083
0.42673804133335497,0.008936400164387601,0.2036959314138602,5.379664991501856,0.10896437615156174,-0.33839094638824463,1.0,0.04996594099793583
0.4479423680424036,0.012943053050643768,0.15884055791160914,5.42951460041492,0.09220845997333527,0.05403667688369751,1.0,0.049849608913064
0.4479423680424036,0.012943053050643768,0.15884055791160914,5.479569041504662,0.09917976707220078,-0.009134424850344658,1.0,0.050054441089741886
0.4597479704187964,0.012678627401946764,0.13340567920090765,5.529604852417621,0.09408745169639587,0.3052034080028534,1.0,0.05003581091295928
0.4597479704187964,0.012678627401946764,0.13340567920090765,5.579483580411549,0.10349759459495544,0.24584758281707764,1.0,0.049878727993927896
0.4597479704187964,0.012678627401946764,0.13340567920090765,5.629526866468738,0.11037072539329529,0.1766340136528015,1.0,0.05004328605718911
0.4597479704187964,0.012678627401946764,0.13340567920090765,5.679515920448254,0.11756773293018341,0.11732113361358643,1.0,0.04998905397951603
0.48358182843399,0.016668524424556304,0.16049495378580667,5.729476166408646,0.07594864070415497,0.41875895857810974,1.0,0.04996024596039206
0.48358182843399,0.016668524424556304,0.16049495378580667,5.779585567404653,0.08612237870693207,0.358969509601593,1.0,0.050109400996007025
0.49850156884512775,0.020582304134303352,0.17945931150947161,5.829491308409858,0.06002449989318848,0.4671192467212677,1.0,0.04990574100520462
0.49850156884512775,0.020582304134303352,0.17945931150947161,5.879498967420447,0.06978188455104828,0.4145793914794922,1.0,0.05000765901058912
0.49850156884512775,0.020582304134303352,0.17945931150947161,5.929498967467013,0.07944636046886444,0.3637838363647461,1.0,0.05000000004656613
0.49850156884512775,0.020582304134303352,0.17945931150947161,5.979539161416839,0.08856993913650513,0.32543715834617615,1.0,0.05004019394982606
0.5160640240014742,0.0255110499658419,0.2487854231270699,6.02936154148462,0.05437150597572327,0.30571696162223816,1.0,0.049822380067780614
0.5160640240014742,0.0255110499658419,0.2487854231270699,6.079667181460324,0.06474646925926208,0.24167031049728394,1.0,0.05030563997570425
0.5160640240014742,0.0255110499658419,0.2487854231270699,6.129507816498305,0.07349207997322083,0.17417369782924652,1.0,0.049840635037980974
0.5160640240014742,0.0255110499658419,0.2487854231270699,6.179538748445126,0.08222691714763641,0.10694317519664764,1.0,0.05003093194682151
0.5160640240014742,0.0255110499658419,0.2487854231270699,6.2295198454373955,0.09104348719120026,0.03920799493789673,1.0,0.04998109699226916
0.5319682121865809,0.028739836221840447,0.30331869884121504,6.2797342653937145,0.06528015434741974,0.1448473036289215,1.0,0.050214419956319034
0.5319682121865809,0.028739836221840447,0.30331869884121504,6.32951661442327,0.07410275936126709,0.07737505435943604,1.0,0.04978234902955592
0.5319682121865809,0.028739836221840447,0.30331869884121504,6.379603718509103,0.08284927159547806,0.010483982041478157,1.0,0.050087104085832834
0.5319682121865809,0.028739836221840447,0.30331869884121504,6.429544485508601,0.09156236797571182,-0.050934821367263794,1.0,0.04994076699949801
0.547094773700105,0.035538805988102815,0.3199343748145948,6.4796877744227155,0.06675921380519867,-0.01582908444106579,1.0,0.05014328891411424
0.547094773700105,0.035538805988102815,0.3199343748145948,6.529542201416704,0.07474037259817123,-0.08316658437252045,1.0,0.049854426993988454
0.547094773700105,0.035538805988102815,0.3199343748145948,6.579634768407929,0.08306015282869339,-0.15276247262954712,1.0,0.050092566991224885
0.547094773700105,0.035538805988102815,0.3199343748145948,6.629509759470026,0.09216079860925674,-0.2209969460964203,1.0,0.04987499106209725
0.5644515472047802,0.03938070018597939,0.31598287164440453,6.679686618488419,0.07358965277671814,0.1224614828824997,1.0,0.05017685901839286
0.5644515472047802,0.03938070018597939,0.31598287164440453,6.729595681404832,0.08300091326236725,0.06804072856903076,1.0,0.04990906291641295
0.5644515472047802,0.03938070018597939,0.31598287164440453,6.779553997432019,0.09276564419269562,0.014405982568860054,1.0,0.04995831602718681
0.5644515472047802,0.03938070018597939,0.31598287164440453,6.829493522396448,0.10167773067951202,-0.039907753467559814,1.0,0.04993952496442944
0.585189436856118,0.04296478606856237,0.3045727275642967,6.879591844495523,0.07651613652706146,0.45009103417396545,1.0,0.05009832209907472
0.585189436856118,0.04296478606856237,0.3045727275642967,6.929645047508317,0.08766694366931915,0.4000941216945648,1.0,0.050053203012794256
0.585189436856118,0.04296478606856237,0.3045727275642967,6.979538991450469,0.0965857207775116,0.34536483883857727,1.0,0.049893943942151964
0.585189436856118,0.04296478606856237,0.3045727275642967,7.029526865444283,0.09009353816509247,-0.24610739946365356,1.0,0.04998787399381399
0.6047324525379362,0.04777315651333052,0.33002257600242396,7.079628293504144,0.06108826398849487,-0.05909112095832825,1.0,0.050101428059861064
0.6047324525379362,0.04777315651333052,0.33002257600242396,7.129602719432811,0.06898747384548187,-0.1368444859981537,1.0,0.04997442592866719
0.6047324525379362,0.04777315651333052,0.33002257600242396,7.179793343398857,0.07686576247215271,-0.21384072303771973,1.0,0.05019062396604568
0.6047324525379362,0.04777315651333052,0.33002257600242396,7.229493448496002,0.08434387296438217,-0.28979620337486267,1.0,0.04970010509714484
0.6207580206828355,0.053510281548795446,0.3450405722103061,7.279518093433368,0.07435958832502365,-0.23087884485721588,1.0,0.05002464493736625
0.6207580206828355,0.053510281548795446,0.3450405722103061,7.329533773459631,0.08180342614650726,-0.3065529465675354,1.0,0.050015680026263
0.6207580206828355,0.053510281548795446,0.3450405722103061,7.379549012504655,0.09042495489120483,-0.3747718632221222,1.0,0.05001523904502392
0.6207580206828355,0.053510281548795446,0.3450405722103061,7.429482048479046,0.09944842010736465,-0.4404532015323639,1.0,0.049933035974390805
0.6350361740112327,0.056671311773201845,0.297554677538297,7.479479792396675,0.08325017243623734,-0.08625823259353638,1.0,0.04999774391762912
0.6350361740112327,0.056671311773201845,0.297554677538297,7.52948750949851,0.09112861007452011,-0.15791606903076172,1.0,0.050007717101834714
0.6350361740112327,0.056671311773201845,0.297554677538297,7.579586259423892,0.0990084707736969,-0.22958755493164062,1.0,0.050098749925382435
0.6350361740112327,0.056671311773201845,0.297554677538297,7.629563490496154,0.1069028228521347,-0.30138975381851196,1.0,0.04997723107226193
0.655521846248767,0.05981607207307809,0.2424894611097026,7.67950299241035,0.09058350324630737,0.5390462279319763,1.0,0.049939501914195716
0.655521846248767,0.05981607207307809,0.2424894611097026,7.7297318935013815,0.10412213206291199,0.4962017834186554,1.0,0.05022890109103173
0.655521846248767,0.05981607207307809,0.2424894611097026,7.779616132480229,0.11417487263679504,0.4387618899345398,1.0,0.04988423897884786
0.655521846248767,0.05981607207307809,0.2424894611097026,7.829464983413133,0.1241585910320282,0.3817159831523895,1.0,0.04984885093290359
0.6751799312279491,0.06373621486483363,0.24325202146140207,7.8796176814792185,0.08101895451545715,0.5880172848701477,1.0,0.05015269806608558
0.6751799312279491,0.06373621486483363,0.24325202146140207,7.929524270453627,0.09755106270313263,0.5430250763893127,1.0,0.049906588974408805
0.6874111110232984,0.06651445987334892,0.28445947421634693,7.979540642452563,0.08256974816322327,0.5294788479804993,1.0,0.05001637199893594
0.6874111110232984,0.06651445987334892,0.28445947421634693,8.029534618471885,0.09322705864906311,0.4669518768787384,1.0,0.04999397601932287
0.6975340523268907,0.070157681266596,0.33514909467428766,8.079546984503182,0.07501862943172455,0.4058256447315216,1.0,0.05001236603129655
0.6975340523268907,0.070157681266596,0.33514909467428766,8.12954992240681,0.08513197302818298,0.3131788671016693,1.0,0.05000293790362775
0.6975340523268907,0.070157681266596,0.33514909467428766,8.179494270458022,0.09398368000984192,0.22110134363174438,1.0,0.04994434805121273
0.6975340523268907,0.070157681266596,0.33514909467428766,8.229587685418451,0.10148723423480988,0.1365475058555603,1.0,0.05009341496042907
0.7145288719744965,0.07738436156703922,0.41834632733022153,8.27957996142483,0.08080019056797028,0.1798250377178192,1.0,0.04999227600637823
0.7145288719744965,0.07738436156703922,0.41834632733022153,8.3296417234085,0.08787059783935547,0.1033884733915329,1.0,0.050061761983670294
0.7145288719744965,0.07738436156703922,0.41834632733022153,8.379520701462539,0.09523792564868927,0.02285883016884327,1.0,0.04987897805403918
0.7145288719744965,0.07738436156703922,0.41834632733022153,8.429507713400895,0.10295028984546661,-0.062143415212631226,1.0,0.04998701193835586
0.7291076234054462,0.082946074880989,0.45077803099188657,8.479545077410663,0.0715230405330658,-0.3726004958152771,1.0,0.05003736400976777
0.7291076234054462,0.082946074880989,0.45077803099188657,8.530022291451829,0.08249007165431976,-0.47286441922187805,1.0,0.05047721404116601
0.7291076234054462,0.082946074880989,0.45077803099188657,8.579530568429405,0.09361287951469421,-0.5699820518493652,1.0,0.049508276977576315
0.7291076234054462,0.082946074880989,0.45077803099188657,8.629492579478907,0.10415902733802795,-0.6367403864860535,1.0,0.0499620110495016
0.7479898016597436,0.09293477483003376,0.41699604434700094,8.679468974456327,0.08084945380687714,-0.3077028691768646,1.0,0.04997639497742057
0.7479898016597436,0.09293477483003376,0.41699604434700094,8.729502024463514,0.0912107303738594,-0.40056872367858887,1.0,0.05003305000718683
0.7581810068533924,0.0966736405891087,0.3645384875008741,8.77958826544615,0.08789501339197159,-0.1810651272535324,1.0,0.05008624098263681
0.7581810068533924,0.0966736405891087,0.3645384875008741,8.82951856240085,0.09758281707763672,-0.2913299798965454,1.0,0.04993029695469886
0.7581810068533924,0.0966736405891087,0.3645384875008741,8.879501295494052,0.10839157551527023,-0.37948736548423767,1.0,0.049982733093202114
0.7581810068533924,0.0966736405891087,0.3645384875008741,8.929557822397115,0.1660350263118744,0.04643923044204712,1.0,0.05005652690306306
0.7757372534643335,0.10184905566618316,0.30639654519391146,8.979509957469205,0.13377052545547485,0.0016889851540327072,1.0,0.04995213507208973
0.7757372534643335,0.10184905566618316,0.30639654519391146,9.029533700420657,0.1385195106267929,0.09098489582538605,1.0,0.05002374295145273
0.7869114517794153,0.10478917299009703,0.29038852480415145,9.079501428393783,0.12327265739440918,0.04833793640136719,1.0,0.049967727973125875
0.7869114517794153,0.10478917299009703,0.29038852480415145,9.129537707412752,0.1280229687690735,0.13762246072292328,1.0,0.050036279018968344
0.7979560165263444,0.10675076719774627,0.2975029662187698,9.179569157407755,0.11677519977092743,0.07407300174236298,1.0,0.05003144999500364
0.7979560165263444,0.10675076719774627,0.2975029662187698,9.229546627480673,0.12141922861337662,0.14739787578582764,1.0,0.04997747007291764
0.8121853368679663,0.11018952156347386,0.30643128332450986,9.279512484426746,0.1055283397436142,-0.015399100258946419,1.0,0.04996585694607347
0.8121853368679663,0.11018952156347386,0.30643128332450986,9.330310586475903,0.10951429605484009,0.06588473916053772,1.0,0.05079810204915702
0.8228660584126564,0.11298351173205239,0.31633177170068555,9.379544632494586,0.09924489259719849,-0.03757485747337341,1.0,0.04923404601868242
0.8228660584126564,0.11298351173205239,0.31633177170068555,9.4296456894224,0.10438762605190277,0.031169725582003593,1.0,0.05010105692781508
0.8330064690910661,0.11517684423067212,0.31895010021655285,9.479569217408212,0.09516474604606628,-0.04840251803398132,1.0,0.049923527985811234
0.8330064690910661,0.11517684423067212,0.31895010021655285,9.529596832449684,0.10102289170026779,0.0140304546803236,1.0,0.05002761504147202
0.8330064690910661,0.11517684423067212,0.31895010021655285,9.579475569407592,0.10720665007829666,0.07704529166221619,1.0,0.04987873695790768
0.8330064690910661,0.11517684423067212,0.31895010021655285,9.6297568714797,0.11379902809858322,0.144192636013031,1.0,0.05028130207210779
0.8534134725297998,0.12243274163794593,0.3200294316476517,9.679511662441442,0.08873270452022552,-0.23136043548583984,1.0,0.0497547909617424
0.8534134725297998,0.12243274163794593,0.3200294316476517,9.729792351470465,0.09585690498352051,-0.162489652633667,1.0,0.05028068902902305
0.8653929440059357,0.12520907933792413,0.3297704520462768,9.779493579509804,0.08110769093036652,-0.2926699221134186,1.0,0.049701228039339185
0.8653929440059357,0.12520907933792413,0.3297704520462768,9.829522764411891,0.09044060111045837,-0.22763264179229736,1.0,0.050029184902086854
0.8653929440059357,0.12520907933792413,0.3297704520462768,9.87967794142584,0.09882304072380066,-0.16445393860340118,1.0,0.05015517701394856
0.8653929440059357,0.12520907933792413,0.3297704520462768,9.929519681478055,0.10688638687133789,-0.10159207135438919,1.0,0.049841740052215755
0.882316415500467,0.13120476284463903,0.2931468287129238,9.979483899412813,0.0774507224559784,-0.3183644711971283,1.0,0.04996421793475747
0.882316415500467,0.13120476284463903,0.2931468287129238,10.029484669430317,0.08841849863529205,-0.25260695815086365,1.0,0.05000077001750469
0.882316415500467,0.13120476284463903,0.2931468287129238,10.079567571505109,0.09744277596473694,-0.18612326681613922,1.0,0.05008290207479149
0.882316415500467,0.13120476284463903,0.2931468287129238,10.12963618848859,0.104945108294487,-0.11024196445941925,1.0,0.05006861698348075
0.9024508203630527,0.13685749308202957,0.2586364971021458,10.179654668419758,0.06815072894096375,-0.31211772561073303,1.0,0.05001847993116826
0.9024508203630527,0.13685749308202957,0.2586364971021458,10.229563505490447,0.07869541645050049,-0.23250329494476318,1.0,0.049908837070688605
0.9024508203630527,0.13685749308202957,0.2586364971021458,10.279553626416387,0.08698515594005585,-0.14927759766578674,1.0,0.04999012092594057
0.9024508203630527,0.13685749308202957,0.2586364971021458,10.32948787148031,0.09395459294319153,-0.05301862955093384,1.0,0.0499342450639233
0.9181030907922602,0.13952170123088878,0.22555384457404595,10.379490282488192,0.06752531230449677,-0.0666123777627945,1.0,0.050002411007881165
0.9181030907922602,0.13952170123088878,0.22555384457404595,10.42955790039538,0.07376497983932495,0.02156159095466137,1.0,0.05006761790718883
0.9181030907922602,0.13952170123088878,0.22555384457404595,10.479520442415165,0.08007919788360596,0.10542051494121552,1.0,0.04996254201978445
0.9181030907922602,0.13952170123088878,0.22555384457404595,10.529643073430421,0.0866827741265297,0.18636691570281982,1.0,0.05012263101525605
0.9343272094620078,0.1425129851175216,0.22248630536955935,10.579496908452498,0.06567230820655823,0.04445381462574005,1.0,0.049853835022076964
0.9343272094620078,0.1425129851175216,0.22248630536955935,10.629613374461556,0.07266633957624435,0.1267894208431244,1.0,0.05011646600905806
0.9343272094620078,0.1425129851175216,0.22248630536955935,10.67948526049419,0.08007678389549255,0.19298340380191803,1.0,0.04987188603263348
0.9343272094620078,0.1425129851175216,0.22248630536955935,10.729522175490061,0.08774097263813019,0.2484462410211563,1.0,0.050036914995871484
0.9516233229653741,0.14675583914679388,0.24708968381259414,10.779454694464008,0.07295975089073181,-0.07922658324241638,1.0,0.04993251897394657
0.9516233229653741,0.14675583914679388,0.24708968381259414,10.829616627408328,0.08090923726558685,-0.025484951213002205,1.0,0.05016193294432014
0.9516233229653741,0.14675583914679388,0.24708968381259414,10.87947491543288,0.08931872248649597,0.06437742710113525,1.0,0.049858288024552166
0.9516233229653741,0.14675583914679388,0.24708968381259414,10.929543181424165,0.09767736494541168,0.15369702875614166,1.0,0.05006826599128544
0.9683794972743249,0.1507966217398546,0.2621582983528801,10.979727307436193,0.08232808113098145,-0.14819324016571045,1.0,0.050184126012027264
0.9683794972743249,0.1507966217398546,0.2621582983528801,11.029766842475297,0.09103550016880035,-0.045698538422584534,1.0,0.05003953503910452
0.9683794972743249,0.1507966217398546,0.2621582983528801,11.07963820743295,0.09927892684936523,0.06079284846782684,1.0,0.049871364957652986
0.9683794972743249,0.1507966217398546,0.2621582983528801,11.129644596468793,0.10710655152797699,0.1625242829322815,1.0,0.05000638903584331
0.9683794972743249,0.1507966217398546,0.2621582983528801,11.179508827495525,0.11473869532346725,0.2585223615169525,1.0,0.04986423102673143
0.9876058354402776,0.15564019370363857,0.2675539153290568,11.22952203940055,0.09493806958198547,-0.10245625674724579,1.0,0.050013211905024946
0.9876058354402776,0.15564019370363857,0.2675539153290568,11.279509136438506,0.1035642921924591,-0.03058234043419361,1.0,0.04998709703795612
0.9993636588882334,0.15834990074329508,0.2837903950975498,11.329766585476833,0.09779281914234161,-0.25947949290275574,1.0,0.05025744903832674
0.9993636588882334,0.15834990074329508,0.2837903950975498,11.379514987449298,0.10718446969985962,-0.20312577486038208,1.0,0.04974840197246522
1.0108897980016316,0.16295218999942948,0.28969224136386384,11.429561324402826,0.09462098777294159,-0.4809732437133789,1.0,0.050046336953528225
1.0108897980016316,0.16295218999942948,0.28969224136386384,11.479543178443933,0.10626132786273956,-0.40913042426109314,1.0,0.049981854041107
1.0108897980016316,0.16295218999942948,0.28969224136386384,11.529680267427253,0.11747825145721436,-0.3352016508579254,1.0,0.0501370889833197
1.0108897980016316,0.16295218999942948,0.28969224136386384,11.579528443500536,0.12584814429283142,-0.25087955594062805,1.0,0.04984817607328296
1.0302006054487822,0.167861257544629,0.23743330331977752,11.629707775413195,0.10272656381130219,-0.4052135944366455,1.0,0.05017933191265911
1.0302006054487822,0.167861257544629,0.23743330331977752,11.67949833742729,0.1142900139093399,-0.32297641038894653,1.0,0.049790562014095485
1.0414821293158627,0.1707074915017199,0.20986702759763587,11.7297797504432,0.10533906519412994,-0.38326066732406616,1.0,0.05028141301590949
1.0414821293158627,0.1707074915017199,0.20986702759763587,11.779498615403796,0.1156732439994812,-0.3042420446872711,1.0,0.049718864960595965
1.051317901395837,0.17395003807035664,0.17781975074155634,11.82955865350938,0.1113349050283432,-0.3900791108608246,1.0,0.05006003810558468
1.051317901395837,0.17395003807035664,0.17781975074155634,11.87946563142738,0.12091483175754547,-0.3142058551311493,1.0,0.04990697791799903
1.0610112691967044,0.17572072504304473,0.1486420819896125,11.929518993463503,0.11633959412574768,-0.3208601176738739,1.0,0.05005336203612387
1.0610112691967044,0.17572072504304473,0.1486420819896125,11.979466275413657,0.09519360214471817,-0.011570004746317863,1.0,0.04994728195015341
1.0735555833034902,0.17728993229729662,0.11757956596757521,12.029504251418771,0.0914313942193985,0.13195499777793884,1.0,0.050037976005114615
1.0735555833034902,0.17728993229729662,0.11757956596757521,12.079613082445363,0.09756572544574738,0.04826971888542175,1.0,0.05010883102659136
1.084361537040179,0.17823087727088888,0.10127346680753259,12.129852388505029,0.09161879122257233,0.16820600628852844,1.0,0.05023930605966598
1.084361537040179,0.17823087727088888,0.10127346680753259,12.179516792399014,0.09909510612487793,0.09221635013818741,1.0,0.049664403893984854
1.084361537040179,0.17823087727088888,0.10127346680753259,12.229510994496891,0.10648562759160995,0.017094166949391365,1.0,0.04999420209787786
1.084361537040179,0.17823087727088888,0.10127346680753259,12.279530258485252,0.11404448002576828,-0.05783388018608093,1.0,0.05001926398836076
1.1030543251988452,0.18110690993650638,0.12042187070710336,12.329501906395095,0.0887131541967392,0.1605241894721985,1.0,0.04997164790984243
1.1030543251988452,0.18110690993650638,0.12042187070710336,12.37947687039538,0.09658733010292053,0.08890441060066223,1.0,0.04997496400028467
1.1171203796513645,0.18270004153217556,0.11859339905624176,12.429507219450684,0.08996371924877167,0.1890224814414978,1.0,0.05003034905530512
1.1171203796513645,0.18270004153217556,0.11859339905624176,12.479523901463622,0.09784719347953796,0.11731843650341034,1.0,0.05001668201293796
1.1171203796513645,0.18270004153217556,0.11859339905624176,12.529874035491744,0.10572859644889832,0.045633912086486816,1.0,0.05035013402812183
1.1171203796513645,0.18270004153217556,0.11859339905624176,12.579682466442833,0.1137104481458664,-0.0267744492739439,1.0,0.04980843095108867
1.136676882263241,0.184204077534888,0.14110328563021576,12.629464319426702,0.07283087074756622,0.5897977352142334,1.0,0.04978185298386961
1.136676882263241,0.184204077534888,0.14110328563021576,12.679535406394066,0.08840081095695496,0.551205575466156,1.0,0.050071086967363954
1.145680471408926,0.18455279598997074,0.14191918298409575,12.72952181145935,0.07082431018352509,0.6055370569229126,1.0,0.04998640506528318
1.145680471408926,0.18455279598997074,0.14191918298409575,12.779507402432287,0.08414240181446075,0.5737067461013794,1.0,0.049985590972937644
1.145680471408926,0.18455279598997074,0.14191918298409575,12.829460509455899,0.09920459985733032,0.5395121574401855,1.0,0.049953107023611665
1.145680471408926,0.18455279598997074,0.14191918298409575,12.879521470502155,0.11191020905971527,0.49844613671302795,1.0,0.050060961046256125
1.1624100004676856,0.18775750749845235,0.23441850170574052,12.929697155472027,0.06836962699890137,0.5141505599021912,1.0,0.050175684969872236
1.1624100004676856,0.18775750749845235,0.23441850170574052,12.97962935849479,0.07792215049266815,0.43980321288108826,1.0,0.04993220302276313
1.1739394093421287,0.18897480240033768,0.28721782818491287,13.029546362449551,0.06771470606327057,0.3681678771972656,1.0,0.04991700395476073
1.1739394093421287,0.18897480240033768,0.28721782818491287,13.079624025485614,0.07730081677436829,0.28481703996658325,1.0,0.050077663036063313
1.1739394093421287,0.18897480240033768,0.28721782818491287,13.129619053433785,0.08541229367256165,0.17780360579490662,1.0,0.0499950279481709
1.1739394093421287,0.18897480240033768,0.28721782818491287,13.179510089437613,0.09296341240406036,0.0858694463968277,1.0,0.04989103600382805
1.186170326591687,0.19397187892908493,0.36495911110558454,13.229596362434464,0.08636728674173355,-0.04455304145812988,1.0,0.05008627299685031
1.186170326591687,0.19397187892908493,0.36495911110558454,13.279633249490658,0.0941125750541687,-0.12579631805419922,1.0,0.050036887056194246
1.186170326591687,0.19397187892908493,0.36495911110558454,13.329654882414403,0.10152065753936768,-0.20264989137649536,1.0,0.05002163292374462
1.186170326591687,0.19397187892908493,0.36495911110558454,13.379523483439485,0.10876443237066269,-0.2808006703853607,1.0,0.04986860102508217
1.2024231193052244,0.20091956787472948,0.36438266736909913,13.429682467467288,0.07793799787759781,-0.4779393672943115,1.0,0.050158984027802944
1.2024231193052244,0.20091956787472948,0.36438266736909913,13.479524357462438,0.08794905990362167,-0.5657208561897278,1.0,0.04984188999515027
1.2024231193052244,0.20091956787472948,0.36438266736909913,13.529591800397398,0.09836834669113159,-0.637618899345398,1.0,0.05006744293496013
1.2024231193052244,0.20091956787472948,0.36438266736909913,13.579503643428112,0.10826852917671204,-0.6807001829147339,1.0,0.0499118430307135
1.2197861099747693,0.20679911917745936,0.29555271553626006,13.629520001457209,0.08372548222541809,-0.3274981379508972,1.0,0.05001635802909732
1.2197861099747693,0.20679911917745936,0.29555271553626006,13.679550588465432,0.0951496958732605,-0.4250640869140625,1.0,0.05003058700822294
1.2285679910455003,0.20803232910248465,0.2407794628068579,13.729636232470298,0.08958200365304947,-0.20032551884651184,1.0,0.05008564400486648
1.2285679910455003,0.20803232910248465,0.2407794628068579,13.779559343456427,0.09898749738931656,-0.30774804949760437,1.0,0.04992311098612845
1.2285679910455003,0.20803232910248465,0.2407794628068579,13.829608750398407,0.11063901335000992,-0.4020994007587433,1.0,0.050049406941980124
1.2285679910455003,0.20803232910248465,0.2407794628068579,13.879533726474406,0.12137327343225479,-0.4859674274921417,1.0,0.04992497607599944
1.2486281801521677,0.21248627579048454,0.18241827398305616,13.929530206470886,0.10530123859643936,-0.06433901190757751,1.0,0.04999647999648005
1.2486281801521677,0.21248627579048454,0.18241827398305616,13.979515220489489,0.14347614347934723,0.19915276765823364,1.0,0.04998501401860267
1.2626605825471875,0.21417169405633324,0.14691425006681386,14.029603559509056,0.12082653492689133,0.2122633457183838,1.0,0.050088339019566774
1.2626605825471875,0.21417169405633324,0.14691425006681386,14.079533557509208,0.12542828917503357,0.3037632703781128,1.0,0.04992999800015241
1.2763648464401092,0.2159450501843551,0.1533294076247525,14.129483563461477,0.11036396771669388,0.1877315789461136,1.0,0.04995000595226884
1.2763648464401092,0.2159450501843551,0.1533294076247525,14.179684932445312,0.11499691009521484,0.26104283332824707,1.0,0.05020136898383498
1.2879601379430805,0.21726127261309638,0.1755594391855351,14.229509643497082,0.10617051273584366,0.1303544044494629,1.0,0.049824711051769555
1.2879601379430805,0.21726127261309638,0.1755594391855351,14.279511827495085,0.11079517751932144,0.20338334143161774,1.0,0.0500021839980036
1.3022656782394053,0.21963526484470486,0.19451937226761673,14.329594768452594,0.0976651981472969,0.005198834463953972,1.0,0.05008294095750898
1.3022656782394053,0.21963526484470486,0.19451937226761673,14.379526897435213,0.10162603855133057,0.08535993099212646,1.0,0.04993212898261845
1.3152783367749714,0.22193736288477106,0.2094258000824863,14.429485605432788,0.0892372578382492,-0.0712694376707077,1.0,0.0499587079975754
1.3152783367749714,0.22193736288477106,0.2094258000824863,14.479518645428257,0.09459362924098969,-0.0037831831723451614,1.0,0.05003303999546915
1.3152783367749714,0.22193736288477106,0.2094258000824863,14.529489224412615,0.100237175822258,0.06074923276901245,1.0,0.04997057898435742
1.3152783367749714,0.22193736288477106,0.2094258000824863,14.579547944463926,0.10627102106809616,0.12530604004859924,1.0,0.050058720051310956
1.3366402603716605,0.22637335362850272,0.21166520111213186,14.629598609506289,0.08126716315746307,-0.2062731385231018,1.0,0.05005066504236311
1.3366402603716605,0.22637335362850272,0.21166520111213186,14.679460241444545,0.08757731318473816,-0.1458861231803894,1.0,0.04986163193825632
1.347565078689472,0.22958713704331685,0.21557346115928067,14.72964118850338,0.07367141544818878,-0.3299159109592438,1.0,0.050180947058834136
1.347565078689472,0.22958713704331685,0.21557346115928067,14.779518565497497,0.08309440314769745,-0.26425060629844666,1.0,0.049877376994118094
1.347565078689472,0.22958713704331685,0.21557346115928067,14.829595612463677,0.09161998331546783,-0.19755639135837555,1.0,0.050077046966180205
1.347565078689472,0.22958713704331685,0.21557346115928067,14.879516508415477,0.09830111265182495,-0.1276102364063263,1.0,0.04992089595180005
1.3645361857897667,0.23318885689587276,0.17506342107212836,14.930107598411055,0.06912143528461456,-0.29665887355804443,1.0,0.05059108999557793
1.3645361857897667,0.23318885689587276,0.17506342107212836,14.979568029506268,0.0799238532781601,-0.2369517982006073,1.0,0.0494604310952127
1.3645361857897667,0.23318885689587276,0.17506342107212836,15.029470252440447,0.08889935910701752,-0.16760192811489105,1.0,0.04990222293417901
1.3645361857897667,0.23318885689587276,0.17506342107212836,15.079542883424224,0.09658542275428772,-0.09901013225317001,1.0,0.050072630983777344
1.381033820347747,0.2357373352537675,0.14067381890183867,15.129503354415434,0.07004399597644806,-0.21107476949691772,1.0,0.04996047099120915
1.381033820347747,0.2357373352537675,0.14067381890183867,15.179522663456524,0.07762682437896729,-0.12654896080493927,1.0,0.05001930904109031
1.381033820347747,0.2357373352537675,0.14067381890183867,15.22955210843044,0.08486676216125488,-0.04132768511772156,1.0,0.050029444973915815
1.381033820347747,0.2357373352537675,0.14067381890183867,15.279520005438613,0.0921081081032753,0.04391176998615265,1.0,0.04996789700817317
1.381033820347747,0.2357373352537675,0.14067381890183867,15.329528503454426,0.09894866496324539,0.13431867957115173,1.0,0.05000849801581353
1.39679118126258,0.23641378521814926,0.11955116857857935,15.37948753846264,0.07535943388938904,0.10746142268180847,1.0,0.049959035008214414
1.39679118126258,0.23641378521814926,0.11955116857857935,15.429479827507535,0.08199658244848251,0.20618057250976562,1.0,0.04999228904489428
1.39679118126258,0.23641378521814926,0.11955116857857935,15.479652720488744,0.08827175945043564,0.29338887333869934,1.0,0.05017289298120886
1.39679118126258,0.23641378521814926,0.11955116857857935,15.529495539478162,0.0958411693572998,0.36819663643836975,1.0,0.04984281898941845
1.4125915620879006,0.23774847465784438,0.13783140757600437,15.579542613457093,0.07937366515398026,0.17951858043670654,1.0,0.05004707397893071
1.4125915620879006,0.23774847465784438,0.13783140757600437,15.629613981451044,0.08646903932094574,0.26751473546028137,1.0,0.050071367993950844
1.4125915620879006,0.23774847465784438,0.13783140757600437,15.679542015408302,0.09452135860919952,0.34637749195098877,1.0,0.04992803395725787
1.4125915620879006,0.23774847465784438,0.13783140757600437,15.730184919418903,0.10299346596002579,0.39912107586860657,1.0,0.05064290401060134
1.4289872770641598,0.2408881688555827,0.18951588734202526,15.779702662475543,0.09548170119524002,-0.007232131436467171,1.0,0.04951774305664003
1.4289872770641598,0.2408881688555827,0.18951588734202526,15.82961055844477,0.10348109155893326,0.03228071331977844,1.0,0.049907895969226956
1.4289872770641598,0.2408881688555827,0.18951588734202526,15.880217410492847,0.11146999150514603,0.10944211483001709,1.0,0.05060685204807669
1.4289872770641598,0.2408881688555827,0.18951588734202526,15.929515531504663,0.11906363815069199,0.19909098744392395,1.0,0.049298121011815965
1.4519266469714571,0.2451825833898452,0.2316490173234961,15.979656891416894,0.09718675911426544,-0.3717850148677826,1.0,0.050141359912231565
1.4519266469714571,0.2451825833898452,0.2316490173234961,16.029508545397917,0.11010882258415222,-0.27693304419517517,1.0,0.04985165398102254
1.4638232568540137,0.2484488158409753,0.24413230548920148,16.080001451409558,0.09369541704654694,-0.5203838348388672,1.0,0.050492906011641026
1.4638232568540137,0.2484488158409753,0.24413230548920148,16.129820112473467,0.1070423573255539,-0.4233253598213196,1.0,0.04981866106390953
1.4732309161851,0.25087602090035427,0.23003578719688184,16.179525777449967,0.09392456710338593,-0.5093032717704773,1.0,0.049705664976499975
1.4732309161851,0.25087602090035427,0.23003578719688184,16.2295352534709,0.10502199828624725,-0.4338199198246002,1.0,0.0500094760209322
1.4732309161851,0.25087602090035427,0.23003578719688184,16.27959851546599,0.11601558327674866,-0.36614957451820374,1.0,0.050063261995092034
1.4732309161851,0.25087602090035427,0.23003578719688184,16.329506606430883,0.12641826272010803,-0.29813647270202637,1.0,0.049908090964891016
1.4962278807448128,0.2556521588495183,0.15132686943588017,16.379497509434955,0.08352898061275482,-0.5312392115592957,1.0,0.04999090300407261
1.4962278807448128,0.2556521588495183,0.15132686943588017,16.42949677944104,0.09635134041309357,-0.4752909541130066,1.0,0.04999927000608295
1.5069858393287827,0.25748332550815584,0.12136692908469364,16.479522109482573,0.08344359695911407,-0.5356295704841614,1.0,0.0500253300415352
1.5069858393287827,0.25748332550815584,0.12136692908469364,16.530012817456523,0.09624749422073364,-0.4734335243701935,1.0,0.05049070797394961
1.5069858393287827,0.25748332550815584,0.12136692908469364,16.579522750442052,0.10771030187606812,-0.4084552824497223,1.0,0.049509932985529304
1.5069858393287827,0.25748332550815584,0.12136692908469364,16.62951253748885,0.11803330481052399,-0.3304339051246643,1.0,0.049989787046797574
1.525467204533272,0.2598891377567222,0.04021407832953589,16.679620228460195,0.09899811446666718,-0.34701007604599,1.0,0.05010769097134471
1.525467204533272,0.2598891377567222,0.04021407832953589,16.72948260941463,0.1090046614408493,-0.2683643400669098,1.0,0.04986238095443696
1.53357574628615,0.25887620300032893,0.009814109077360108,16.779606344396385,0.10377517342567444,-0.1512303203344345,1.0,0.05012373498175293
1.53357574628615,0.25887620300032893,0.009814109077360108,16.829521808409268,0.11348190903663635,-0.07728376984596252,1.0,0.049915464012883604
1.546175959222324,0.25857989825695427,-0.014349214691973524,16.87948721843692,0.10308802127838135,-0.07735371589660645,1.0,0.04996541002765298
1.546175959222324,0.25857989825695427,-0.014349214691973524,16.92979638742669,0.11270099878311157,0.005970729514956474,1.0,0.050309168989770114
1.5561956947336546,0.2580958422698848,-0.024154133431045083,16.97950647944505,0.10648468136787415,0.01706009916961193,1.0,0.04971009201835841
1.5561956947336546,0.2580958422698848,-0.024154133431045083,17.029479100470567,0.11133341491222382,0.12515738606452942,1.0,0.04997262102551758
1.5667292125694343,0.2575128560671168,-0.026973278175256358,17.07954824842433,0.1028480976819992,0.21204158663749695,1.0,0.050069147953763604
1.5667292125694343,0.2575128560671168,-0.026973278175256358,17.129538654451395,0.10898616909980774,0.12831011414527893,1.0,0.04999040602706373
1.5768565976346536,0.25670328770682727,-0.02002906724776635,17.179486258406328,0.08183018863201141,0.5968679189682007,1.0,0.049947603954933584
1.5768565976346536,0.25670328770682727,-0.02002906724776635,17.229503691414507,0.09752468764781952,0.5557766556739807,1.0,0.05001743300817907
1.5877613841297276,0.2563983203794647,-0.00532093868424143,17.279615495455587,0.08099672198295593,0.5882075428962708,1.0,0.05011180404108018
1.5877613841297276,0.2563983203794647,-0.00532093868424143,17.33014220242309,0.09740477800369263,0.5484755635261536,1.0,0.05052670696750283
1.5877613841297276,0.2563983203794647,-0.00532093868424143,17.379558900472844,0.11367250978946686,0.5027191042900085,1.0,0.049416698049753904
1.5877613841297276,0.2563983203794647,-0.00532093868424143,17.429483051397042,0.12470771372318268,0.4392075836658478,1.0,0.04992415092419833
1.6066240357655988,0.25684761326919414,0.0880970875323888,17.479502870453658,0.08279533684253693,0.47807300090789795,1.0,0.05001981905661523
1.6066240357655988,0.25684761326919414,0.0880970875323888,17.529502162462236,0.09358914196491241,0.4113231897354126,1.0,0.04999929200857878
1.616109320252267,0.2582971760760445,0.1341945547768706,17.579604035461458,0.07809719443321228,0.39869508147239685,1.0,0.050101872999221087
1.616109320252267,0.2582971760760445,0.1341945547768706,17.629517751498284,0.08890886604785919,0.3318358361721039,1.0,0.04991371603682637
1.616109320252267,0.2582971760760445,0.1341945547768706,17.679580660405705,0.09800897538661957,0.26481857895851135,1.0,0.05006290890742093
1.616109320252267,0.2582971760760445,0.1341945547768706,17.72987240248746,0.10535462200641632,0.19588184356689453,1.0,0.05029174208175391
1.6339711229664102,0.261917986799215,0.20454615894924696,17.779643535482833,0.07365286350250244,0.29224222898483276,1.0,0.0497711329953745
1.6339711229664102,0.261917986799215,0.20454615894924696,17.82956459348476,0.08189897239208221,0.2197592556476593,1.0,0.04992105800192803
1.6339711229664102,0.261917986799215,0.20454615894924696,17.879471181411432,0.08906903862953186,0.13406631350517273,1.0,0.04990658792667091
1.6339711229664102,0.261917986799215,0.20454615894924696,17.929492636452565,0.0961223840713501,0.044453516602516174,1.0,0.05002145504113287
1.6494049576575138,0.26657507841386224,0.24649396848484545,17.97950896246745,0.07853148132562637,-0.49579280614852905,1.0,0.050016326014883816
1.6494049576575138,0.26657507841386224,0.24649396848484545,18.029510882435503,0.08793111145496368,-0.5851703882217407,1.0,0.0500019199680537
1.6494049576575138,0.26657507841386224,0.24649396848484545,18.079511462463202,0.09647494554519653,-0.6400147676467896,1.0,0.05000058002769947
1.6494049576575138,0.26657507841386224,0.24649396848484545,18.129616562495144,0.10592417418956757,-0.6848841309547424,1.0,0.05010510003194213
1.6689895251308786,0.2718744692290134,0.20677824982483808,18.179605948491158,0.07712225615978241,-0.4159686863422394,1.0,0.04998938599601388
1.6689895251308786,0.2718744692290134,0.20677824982483808,18.229568134396473,0.08663839101791382,-0.4929688572883606,1.0,0.04996218590531498
1.6813173895886793,0.27409892671753716,0.15193005378452834,18.279614475424538,0.0622047483921051,-0.04989573359489441,1.0,0.05004634102806449
1.6813173895886793,0.27409892671753716,0.15193005378452834,18.329601548480937,0.06940766423940659,-0.13489557802677155,1.0,0.04998707305639982
1.6813173895886793,0.27409892671753716,0.15193005378452834,18.3796174723973,0.07702258974313736,-0.22514784336090088,1.0,0.050015923916362226
1.6813173895886793,0.27409892671753716,0.15193005378452834,18.429554043439353,0.08551659435033798,-0.3167935609817505,1.0,0.0499365710420534
1.7006905460687418,0.2761926110028018,0.09928431390750461,18.479448752463,0.06900769472122192,0.1292543113231659,1.0,0.04989470902364701
1.7006905460687418,0.2761926110028018,0.09928431390750461,18.529525278470615,0.07659654319286346,0.015241758897900581,1.0,0.05007652600761503
1.7006905460687418,0.2761926110028018,0.09928431390750461,18.579701843423905,0.08528497815132141,-0.10110864043235779,1.0,0.050176564953289926
1.7006905460687418,0.2761926110028018,0.09928431390750461,18.629474744418772,0.09398447722196579,-0.21807414293289185,1.0,0.049772900994867086
1.7170066363372622,0.2775975530393821,0.07874663889031407,18.679609312428298,0.09298904240131378,-0.08188442885875702,1.0,0.05013456800952554
1.7170066363372622,0.2775975530393821,0.07874663889031407,18.729482630485805,0.10165105760097504,-0.19868126511573792,1.0,0.04987331805750728
1.7170066363372622,0.2775975530393821,0.07874663889031407,18.779546406454543,0.10989893972873688,-0.3020615875720978,1.0,0.0500637759687379
1.7170066363372622,0.2775975530393821,0.07874663889031407,18.829510507508317,0.12006893008947372,-0.3918621242046356,1.0,0.04996410105377436
1.7353105671412696,0.27838455677913954,0.04831600439716232,18.87948516347366,0.10845799744129181,-0.04316514730453491,1.0,0.04997465596534312
1.7353105671412696,0.27838455677913954,0.04831600439716232,18.929542703422854,0.11672267317771912,-0.11913248896598816,1.0,0.0500575399491936
1.7455956790123204,0.27827178936888686,0.01965042025605273,18.97961855946029,0.11949542909860611,0.06838902831077576,1.0,0.050075856037437916
1.7455956790123204,0.27827178936888686,0.01965042025605273,19.029479457399944,0.13077422976493835,0.425317645072937,1.0,0.049860897939652205
1.7575905828725868,0.2775179671894349,0.013552251581204643,19.079621941418523,0.11547937244176865,0.43257805705070496,1.0,0.050142484018579125
1.7575905828725868,0.2775179671894349,0.013552251581204643,19.129532390492173,0.12181376665830612,0.5097887516021729,1.0,0.04991044907364994
1.7700255492469423,0.2776062864477178,0.039425912275865165,19.179527072454007,0.10911934822797775,0.38650622963905334,1.0,0.04999468196183443
1.7700255492469423,0.2776062864477178,0.039425912275865165,19.229590026414158,0.1152690201997757,0.45042872428894043,1.0,0.05006295396015048
1.781785630509237,0.2786639055313445,0.07932753461760948,19.279410864444586,0.10756891220808029,0.2551441192626953,1.0,0.049820838030427694
1.781785630509237,0.2786639055313445,0.07932753461760948,19.32960699147931,0.11239027231931686,0.32780739665031433,1.0,0.05019612703472376
1.781785630509237,0.2786639055313445,0.07932753461760948,19.3795082814611,0.11859967559576035,0.392784982919693,1.0,0.04990128998178989
1.7928015083115392,0.27907727119336473,0.1139039412728316,19.429482089457238,0.10983361303806305,0.2501552104949951,1.0,0.04997380799613893
1.7928015083115392,0.27907727119336473,0.1139039412728316,19.479498759479398,0.11472924798727036,0.32618197798728943,1.0,0.050016670022159815
1.8051266212247032,0.28149634895388265,0.14467190313807857,19.529484101439962,0.10940883308649063,0.06188371777534485,1.0,0.049985341960564256
1.8051266212247032,0.28149634895388265,0.14467190313807857,19.579461061497355,0.11558055877685547,0.1221543401479721,1.0,0.049976960057392716
1.8160961304418537,0.2835307905163366,0.17448950466294455,19.629668888504753,0.11235825717449188,-0.11149360239505768,1.0,0.05020782700739801
1.8160961304418537,0.2835307905163366,0.17448950466294455,19.679508077431606,0.11846913397312164,-0.05320069193840027,1.0,0.04983918892685324
1.8285057551217423,0.28541590119279703,0.1877363175646694,19.729570391456733,0.10819345712661743,-0.26836660504341125,1.0,0.0500623140251264
1.8285057551217423,0.28541590119279703,0.1877363175646694,19.779518845476346,0.11597426235675812,-0.2103891670703888,1.0,0.049948454019613564
1.8412019154357524,0.28809339154528624,0.18467097432408144,19.829527852459947,0.09608413279056549,-0.42584922909736633,1.0,0.05000900698360056
1.8412019154357524,0.28809339154528624,0.18467097432408144,19.879502750452744,0.10551640391349792,-0.3637149930000305,1.0,0.049974897992797196
1.8497489377427943,0.2896462089352948,0.1659573202674477,19.929692932506228,0.09282313287258148,-0.4388399124145508,1.0,0.05019018205348402
1.8497489377427943,0.2896462089352948,0.1659573202674477,19.979488311437095,0.10309332609176636,-0.3786064088344574,1.0,0.04979537893086672
1.8610225147861392,0.29080800981486654,0.13318596774758254,20.029564174459452,0.08467337489128113,-0.44886308908462524,1.0,0.050075863022357225
1.8610225147861392,0.29080800981486654,0.13318596774758254,20.079492975477265,0.09527844190597534,-0.39107415080070496,1.0,0.049928801017813385
1.8610225147861392,0.29080800981486654,0.13318596774758254,20.129540791487457,0.10584527254104614,-0.3304078280925751,1.0,0.05004781601019204
1.8610225147861392,0.29080800981486654,0.13318596774758254,20.179514290400917,0.11635622382164001,-0.26636913418769836,1.0,0.04997349891345948
1.8793354421308799,0.2916121492490234,0.0636375417785625,20.229475021463955,0.07726551592350006,-0.29932424426078796,1.0,0.04996073106303811
1.8793354421308799,0.2916121492490234,0.0636375417785625,20.27948783744047,0.08758117258548737,-0.21943378448486328,1.0,0.05001281597651541
1.8918083217678179,0.2917470364575388,0.036228876884680544,20.329659532508018,0.06711320579051971,-0.24448052048683167,1.0,0.05017169506754726
1.8918083217678179,0.2917470364575388,0.036228876884680544,20.379476124405997,0.0759594589471817,-0.15301689505577087,1.0,0.04981659189797938
1.8918083217678179,0.2917470364575388,0.036228876884680544,20.429975338498267,0.08270822465419769,-0.048678815364837646,1.0,0.05049921409226954
1.8918083217678179,0.2917470364575388,0.036228876884680544,20.479593644485945,0.08902744948863983,0.044684916734695435,1.0,0.04961830598767847
1.909267561062645,0.29176165346037325,-0.000560643596733419,20.52966289546727,0.059343427419662476,-0.023384692147374153,1.0,0.05006925098132342
1.909267561062645,0.29176165346037325,-0.000560643596733419,20.579542482489856,0.06614996492862701,0.059997767210006714,1.0,0.04987958702258766
1.909267561062645,0.29176165346037325,-0.000560643596733419,20.629536613457972,0.07334285229444504,0.13490870594978333,1.0,0.049994130968116224
1.909267561062645,0.29176165346037325,-0.000560643596733419,20.679540912489543,0.08097013086080551,0.20863330364227295,1.0,0.050004299031570554
1.9211194333218042,0.29178050553011875,0.000711687393592935,20.72951100346087,0.07051301002502441,0.10186417400836945,1.0,0.04997009097132832
1.9211194333218042,0.29178050553011875,0.000711687393592935,20.7795113284226,0.07881294935941696,0.1569262444972992,1.0,0.05000032496172935
1.9211194333218042,0.29178050553011875,0.000711687393592935,20.82954300647522,0.08753810822963715,0.2232985496520996,1.0,0.0500316780526191
1.9211194333218042,0.29178050553011875,0.000711687393592935,20.879518517394686,0.09705854952335358,0.3046434819698334,1.0,0.049975510919466615
1.9330478964920355,0.2916217066614612,0.027706655849387342,20.9296205324206,0.08817809820175171,0.12347760796546936,1.0,0.050102015025913715
1.9330478964920355,0.2916217066614612,0.027706655849387342,20.97960194943859,0.09701823443174362,0.2128196805715561,1.0,0.04998141701798886
1.9330478964920355,0.2916217066614612,0.027706655849387342,21.029533500419134,0.10635297000408173,0.29920387268066406,1.0,0.04993155098054558
1.9330478964920355,0.2916217066614612,0.027706655849387342,21.079514036405968,0.11645380407571793,0.38407954573631287,1.0,0.049980535986833274
1.9504778077549993,0.29281938254466394,0.06437016168843696,21.129517606444793,0.10082969814538956,0.0004851650446653366,1.0,0.050003570038825274
1.9504778077549993,0.29281938254466394,0.06437016168843696,21.179511033449458,0.10915645956993103,0.10454624891281128,1.0,0.049993427004665136
1.963168879446223,0.2931239047300171,0.09168516795438353,21.22960135141308,0.10325160622596741,-0.14371515810489655,1.0,0.05009031796362251
1.963168879446223,0.2931239047300171,0.09168516795438353,21.279551454455728,0.11102175712585449,-0.07382875680923462,1.0,0.04995010304264724
1.9735594185488554,0.2940576145591896,0.1002171674067525,21.329624674501034,0.10505445301532745,-0.27067136764526367,1.0,0.05007322004530579
1.9735594185488554,0.2940576145591896,0.1002171674067525,21.379590654498102,0.11300215125083923,-0.20036756992340088,1.0,0.049965979997068644
1.984291973147496,0.29552452785530214,0.09017527157759467,21.429565506506847,0.10412684082984924,-0.3833566904067993,1.0,0.049974852008745074
1.984291973147496,0.29552452785530214,0.09017527157759467,21.479941338402355,0.11610221862792969,-0.3297468423843384,1.0,0.05037583189550787
1.984291973147496,0.29552452785530214,0.09017527157759467,21.52951429945803,0.12447427213191986,-0.2547896206378937,1.0,0.04957296105567366
1.9949484372767883,0.2957775643774613,0.06868086911329084,21.57951611744626,0.11616235971450806,-0.3173968493938446,1.0,0.05000181798823178
2.0073128234144746,0.29582296495484744,0.038859430410894354,21.629463021395864,0.10207602381706238,-0.37121084332466125,1.0,0.04994690394960344
2.0073128234144746,0.29582296495484744,0.038859430410894354,21.679555314461837,0.1127433180809021,-0.29013392329216003,1.0,0.050092293065972626
2.019070351175806,0.29540300679019105,0.01178123457963959,21.72946431742436,0.10378067195415497,-0.301262766122818,1.0,0.04990900296252221
2.019070351175806,0.29540300679019105,0.01178123457963959,21.779632361474583,0.1122639924287796,-0.2141042947769165,1.0,0.050168044050224125
2.029660148339063,0.29511212624962857,-0.016100461547451782,21.829461401430095,0.1064336895942688,-0.22200126945972443,1.0,0.04982903995551169
2.029660148339063,0.29511212624962857,-0.016100461547451782,21.87959153250246,0.11504541337490082,-0.14453032612800598,1.0,0.05013013107236475
2.043549052953847,0.29475073654494366,-0.0372052894275932,21.929591930456596,0.105250284075737,-0.23644748330116272,1.0,0.05000039795413613
2.043549052953847,0.29475073654494366,-0.0372052894275932,21.97950712648141,0.1141643077135086,-0.14933107793331146,1.0,0.04991519602481276
2.05577947583175,0.2939696521807246,-0.055383022522521815,22.029522725482607,0.1057216078042984,-0.19725951552391052,1.0,0.05001559900119901
2.05577947583175,0.2939696521807246,-0.055383022522521815,22.079523825421134,0.11985686421394348,0.35660648345947266,1.0,0.05000109993852675
2.067512254389887,0.29298960148502345,-0.07186022515705723,22.129639021455446,0.11015184223651886,0.4347490966320038,1.0,0.05011519603431225
2.067512254389887,0.29298960148502345,-0.07186022515705723,22.179685832452165,0.11872777342796326,0.33124086260795593,1.0,0.050046810996718705
2.0774833886046835,0.29220510500041835,-0.06925926919334088,22.229600250473382,0.10789890587329865,0.35347989201545715,1.0,0.04991441802121699
2.0774833886046835,0.29220510500041835,-0.06925926919334088,22.279622471410917,0.11430136859416962,0.24663233757019043,1.0,0.05002222093753517
2.0890733692601686,0.2915760622155735,-0.037074823984115955,22.329504051463815,0.09857270121574402,0.20465567708015442,1.0,0.049881580052897334
2.0890733692601686,0.2915760622155735,-0.037074823984115955,22.379599363411913,0.10393120348453522,0.10082502663135529,1.0,0.05009531194809824
2.10005261664146,0.2920650020555463,-0.012507519498970126,22.42948103950745,0.08947089314460754,0.11292420327663422,1.0,0.04988167609553784
2.10005261664146,0.2920650020555463,-0.012507519498970126,22.479662519399213,0.09473451972007751,0.020156877115368843,1.0,0.05018147989176214
2.10005261664146,0.2920650020555463,-0.012507519498970126,22.529512120396035,0.09960591048002243,-0.06717570126056671,1.0,0.04984960099682212
2.10005261664146,0.2920650020555463,-0.012507519498970126,22.579586540450478,0.10482898354530334,-0.1689380705356598,1.0,0.05007442005444318
2.10005261664146,0.2920650020555463,-0.012507519498970126,22.629517816458034,0.11095012724399567,-0.2641613185405731,1.0,0.049931276007555425
2.1176655639224915,0.2925606428712742,-0.0008473306536439212,22.679556233444387,0.08403736352920532,-0.056275829672813416,1.0,0.050038416986353695
2.1284539014016572,0.2921360492656807,-0.015864964139830684,22.72943277248102,0.07801085710525513,0.048736125230789185,1.0,0.049876539036631584
2.1284539014016572,0.2921360492656807,-0.015864964139830684,22.77953119248538,0.08460921049118042,-0.04253968596458435,1.0,0.05009842000436038
2.1284539014016572,0.2921360492656807,-0.015864964139830684,22.829544062478604,0.09145182371139526,-0.13534101843833923,1.0,0.05001286999322474
2.1284539014016572,0.2921360492656807,-0.015864964139830684,22.879579367450575,0.09759752452373505,-0.22676712274551392,1.0,0.05003530497197062
2.1284539014016572,0.2921360492656807,-0.015864964139830684,22.92992145543373,0.10360575467348099,-0.3125748038291931,1.0,0.05034208798315376
2.147256755757323,0.2910625087940213,-0.02998760840354704,22.979546670437927,0.08677276968955994,0.4478207528591156,1.0,0.04962521500419825
2.147256755757323,0.2910625087940213,-0.02998760840354704,23.02990521943117,0.09715503454208374,0.3778360188007355,1.0,0.05035854899324477
2.147256755757323,0.2910625087940213,-0.02998760840354704,23.07959522142461,0.10720869898796082,0.306000292301178,1.0,0.04969000199344009
2.147256755757323,0.2910625087940213,-0.02998760840354704,23.12950421949769,0.1146027147769928,0.2308325171470642,1.0,0.04990899807307869
2.1676574198465635,0.29004850285138395,-0.0495946423732689,23.17959752444564,0.08618153631687164,0.5149571895599365,1.0,0.050093304947949946
2.1676574198465635,0.29004850285138395,-0.0495946423732689,23.22951058343439,0.09798984229564667,0.4546535611152649,1.0,0.04991305898874998
2.1780813260246368,0.2892291139703411,-0.02455174990463415,23.279522340497138,0.08458936214447021,0.48862436413764954,1.0,0.050011757062748075
2.1780813260246368,0.2892291139703411,-0.02455174990463415,23.329565984415026,0.09538164734840393,0.4218854308128357,1.0,0.0500436439178884
2.186800703845526,0.28881239013267523,0.009637116592801781,23.37967183346315,0.08109267055988312,0.43548986315727234,1.0,0.050105849048122764
2.186800703845526,0.28881239013267523,0.009637116592801781,23.429553323410587,0.09190522134304047,0.3686254918575287,1.0,0.04988148994743824
2.186800703845526,0.28881239013267523,0.009637116592801781,23.479525039423393,0.10251517593860626,0.30268579721450806,1.0,0.0499717160128057
2.186800703845526,0.28881239013267523,0.009637116592801781,23.52950122846211,0.10991013050079346,0.2339807152748108,1.0,0.04997618903871626
2.2029468812911674,0.28957913982013944,0.08291396865062158,23.579650831394034,0.08904699981212616,0.1559266448020935,1.0,0.050149602931924164
2.2029468812911674,0.28957913982013944,0.08291396865062158,23.62949850245765,0.09661531448364258,0.08239901065826416,1.0,0.04984767106361687
2.2137879373774734,0.2909225960379236,0.10902916398286011,23.67947386250286,0.0757453441619873,0.2760148346424103,1.0,0.04997536004520953
2.2137879373774734,0.2909225960379236,0.10902916398286011,23.72971650747037,0.08293688297271729,0.18649640679359436,1.0,0.050242644967511296
2.2137879373774734,0.2909225960379236,0.10902916398286011,23.77958152441694,0.08963774144649506,0.0872638076543808,1.0,0.049865016946569085
2.2137879373774734,0.2909225960379236,0.10902916398286011,23.829516746438244,0.09588104486465454,-0.0052358489483594894,1.0,0.04993522202130407
2.2325819226935697,0.29309860244997443,0.14119387721235843,23.879525752490522,0.07943398505449295,-0.5201227068901062,1.0,0.05000900605227798
2.2325819226935697,0.29309860244997443,0.14119387721235843,23.929513906463185,0.08939582109451294,-0.6001957058906555,1.0,0.049988153972662985
2.2325819226935697,0.29309860244997443,0.14119387721235843,23.97960642048544,0.097774937748909,-0.6486555933952332,1.0,0.050092514022253454
2.2325819226935697,0.29309860244997443,0.14119387721235843,24.02951981940693,0.10778932273387909,-0.6855901479721069,1.0,0.049913398921489716
2.25080665378401,0.29545954956314274,0.11506021577661944,24.07952993047344,0.07972550392150879,-0.4438150227069855,1.0,0.050010111066512764
2.25080665378401,0.29545954956314274,0.11506021577661944,24.12963020241274,0.08880308270454407,-0.5202488899230957,1.0,0.0501002719393
2.2592656823069044,0.2962213226184853,0.05737023826456357,24.179518983451786,0.07765990495681763,-0.26702243089675903,1.0,0.04988878103904426
2.2592656823069044,0.2962213226184853,0.05737023826456357,24.22949836948807,0.08689601719379425,-0.35363060235977173,1.0,0.04997938603628427
2.2592656823069044,0.2962213226184853,0.05737023826456357,24.279681274419787,0.09677281230688095,-0.4497297704219818,1.0,0.05018290493171662
2.2592656823069044,0.2962213226184853,0.05737023826456357,24.32953305948446,0.10685846954584122,-0.5486147403717041,1.0,0.049851785064674914
2.275507299635521,0.29654644226862226,-0.01864158016186323,24.37948192049204,0.08903522789478302,-0.08219084143638611,1.0,0.04994886100757867
2.275507299635521,0.29654644226862226,-0.01864158016186323,24.429582370430367,0.0976952612400055,-0.1986246407032013,1.0,0.050100449938327074
2.275507299635521,0.29654644226862226,-0.01864158016186323,24.479555513462188,0.10667143762111664,-0.3116357922554016,1.0,0.049973143031820655
2.275507299635521,0.29654644226862226,-0.01864158016186323,24.530065457438255,0.11690088361501694,-0.4138672351837158,1.0,0.05050994397606701
2.291834896418576,0.2959126897916608,-0.08277267922287707,24.579616748480262,0.12338584661483765,-0.18462616205215454,1.0,0.049551291042007506
2.291834896418576,0.2959126897916608,-0.08277267922287707,24.629518240442636,0.13152801990509033,-0.27816450595855713,1.0,0.04990149196237326
2.303709869074282,0.2943057747481697,-0.11195653345128792,24.679525451487066,0.12163031101226807,0.0863080620765686,1.0,0.05000721104443073
2.303709869074282,0.2943057747481697,-0.11195653345128792,24.729507407507995,0.12990045547485352,0.010291146114468575,1.0,0.04998195602092892
2.31675753393234,0.29305984446454547,-0.13721323219576267,24.779508873456294,0.13197608292102814,0.18889635801315308,1.0,0.050001465948298573
2.31675753393234,0.29305984446454547,-0.13721323219576267,24.829533298485117,0.13993249833583832,0.1248488575220108,1.0,0.050024425028823316
2.3291367690232936,0.29099586261972266,-0.13660816453039729,24.87949538241061,0.11452396214008331,0.6447733044624329,1.0,0.04996208392549306
2.3291367690232936,0.29099586261972266,-0.13660816453039729,24.929773350464316,0.13362763822078705,0.6085854768753052,1.0,0.05027796805370599
2.342325094745592,0.29016981842266604,-0.12370107393204105,24.97960663049868,0.11732424795627594,0.6498996615409851,1.0,0.04983328003436327
2.342325094745592,0.29016981842266604,-0.12370107393204105,25.029516688416848,0.13536985218524933,0.6185821890830994,1.0,0.049910057918168604
2.355535893189504,0.2882155751149587,-0.07592950279282974,25.07950872542257,0.1012389212846756,0.6802980303764343,1.0,0.04999203700572252
2.355535893189504,0.2882155751149587,-0.07592950279282974,25.129488326477954,0.11596550047397614,0.659963071346283,1.0,0.04997960105538368
2.369132502014992,0.2879285144318136,-0.02221883935518087,25.17949592041238,0.11683468520641327,0.6471147537231445,1.0,0.05000759393442422
2.369132502014992,0.2879285144318136,-0.02221883935518087,25.229527229428427,0.132438525557518,0.604009211063385,1.0,0.05003130901604891
2.3797062704332617,0.2878165011246644,0.03429569631150343,25.279468169421094,0.13314779102802277,0.5767375230789185,1.0,0.049940939992666245
2.3797062704332617,0.2878165011246644,0.03429569631150343,25.330142379490795,0.1447216123342514,0.5120099186897278,1.0,0.050674210069701076
2.3797062704332617,0.2878165011246644,0.03429569631150343,25.37951680550738,0.15388807654380798,0.42294976115226746,1.0,0.04937442601658404
2.3951264181342675,0.28828962725451773,0.08607374275629721,25.429539932505364,0.13430920243263245,0.5535418391227722,1.0,0.050023126997984946
2.409182703500173,0.29006868576277267,0.13451819077106983,25.4795393434904,0.13211044669151306,0.5089268088340759,1.0,0.049999410985037684
2.409182703500173,0.29006868576277267,0.13451819077106983,25.52954393344386,0.13673943281173706,0.41879695653915405,1.0,0.0500045899534598
2.4230196880473414,0.29234320927598073,0.1775645976814537,25.579498194492558,0.05802285671234131,-0.10098375380039215,1.0,0.049954261048696935
2.4230196880473414,0.29234320927598073,0.1775645976814537,25.629482065429116,0.06351777166128159,-0.19588254392147064,1.0,0.04998387093655765
2.4368956164872815,0.29518487893975975,0.21950998124360724,25.67948025742932,0.041626885533332825,-0.06082308292388916,1.0,0.049998192000202835
2.4368956164872815,0.29518487893975975,0.21950998124360724,25.72959982450972,0.04296424984931946,-0.16416510939598083,1.0,0.050119567080400884
2.4368956164872815,0.29518487893975975,0.21950998124360724,25.779657970400663,0.0443047359585762,-0.2677656412124634,1.0,0.050058145890943706
2.4368956164872815,0.29518487893975975,0.21950998124360724,25.829531676470438,0.04869473725557327,-0.37224724888801575,1.0,0.049873706069774926
2.4493509528661876,0.29784827115729484,0.20727787883281887,25.87946407041433,0.04149521887302399,-0.26418474316596985,1.0,0.04993239394389093
2.4493509528661876,0.29784827115729484,0.20727787883281887,25.929476798497276,0.04756879061460495,-0.3772401809692383,1.0,0.05001272808294743
2.4493509528661876,0.29784827115729484,0.20727787883281887,25.979633391470784,0.05633381009101868,-0.4760683476924896,1.0,0.05015659297350794
2.4493509528661876,0.29784827115729484,0.20727787883281887,26.02962461147378,0.06480532884597778,-0.5709613561630249,1.0,0.04999122000299394
2.4560306953559667,0.29908510980093406,0.14913217377083893,26.0795468934664,0.059179484844207764,-0.37002596259117126,1.0,0.04992228199262172
2.4560306953559667,0.29908510980093406,0.14913217377083893,26.129533670478637,0.06720075756311417,-0.45236989855766296,1.0,0.049986777012236416
2.4560306953559667,0.29908510980093406,0.14913217377083893,26.1795016114918,0.07523199915885925,-0.5348207950592041,1.0,0.04996794101316482
2.4560306953559667,0.29908510980093406,0.14913217377083893,26.229540238491396,0.08400353789329529,-0.6083125472068787,1.0,0.05003862699959427
2.468496311368349,0.300290839199294,0.06801531703536659,26.279525447505662,0.08398161828517914,-0.39353179931640625,1.0,0.04998520901426673
2.468496311368349,0.300290839199294,0.06801531703536659,26.329479967462035,0.09248357266187668,-0.4730648100376129,1.0,0.04995451995637268
2.468496311368349,0.300290839199294,0.06801531703536659,26.379608918432282,0.1012316346168518,-0.5490023493766785,1.0,0.05012895097024739
2.468496311368349,0.300290839199294,0.06801531703536659,26.429540885481188,0.11043666303157806,-0.6127744913101196,1.0,0.04993196704890579
2.4852609724683403,0.3004466787506614,-0.01719200513519774,26.47944695850289,0.09608718752861023,-0.2199106067419052,1.0,0.04990607302170247
2.4852609724683403,0.3004466787506614,-0.01719200513519774,26.529626038492793,0.10351356863975525,-0.29540374875068665,1.0,0.050179079989902675
2.4961099885348004,0.3001104498237271,-0.06725164955076762,26.57955962150278,0.10477623343467712,-0.09138993918895721,1.0,0.04993358300998807
2.4961099885348004,0.3001104498237271,-0.06725164955076762,26.629559352397123,0.11221959441900253,-0.1669905185699463,1.0,0.049999730894342065
2.506283066793022,0.29970201933865975,-0.09422405171308622,26.679500359445015,0.11013833433389664,-0.008385209366679192,1.0,0.04994100704789162
2.506283066793022,0.29970201933865975,-0.09422405171308622,26.729495326507973,0.11810267716646194,-0.08044660091400146,1.0,0.049994967062957585
2.515802470419443,0.3000723703268013,-0.10310235513178016,26.779487817417035,0.112699955701828,0.036601096391677856,1.0,0.049992490909062326
2.515802470419443,0.3000723703268013,-0.10310235513178016,26.829605021499233,0.12069512158632278,-0.03565114736557007,1.0,0.05011720408219844
2.5271172946177862,0.2992892749601084,-0.10551966909958709,26.87950510041243,0.11411015689373016,0.06611673533916473,1.0,0.04990007891319692
2.5271172946177862,0.2992892749601084,-0.10551966909958709,26.929526763487743,0.12209067493677139,-0.006001977249979973,1.0,0.05002166307531297
2.542046354629698,0.2982954921061597,-0.10455310853965698,26.979510495424407,0.1148608922958374,0.08799350261688232,1.0,0.04998373193666339
2.542046354629698,0.2982954921061597,-0.10455310853965698,27.02952228648043,0.12289722263813019,0.020418347790837288,1.0,0.05001179105602205
2.5526749263015396,0.29718609289212816,-0.10046764565326723,27.07953858141242,0.1151486337184906,0.11405247449874878,1.0,0.05001629493199289
2.5526749263015396,0.29718609289212816,-0.10046764565326723,27.12954311641785,0.1229647696018219,0.050323665142059326,1.0,0.0500045350054279
2.5675819564949056,0.29620807655087533,-0.0951886135791928,27.17947521047587,0.09489689767360687,0.30241531133651733,1.0,0.0499320940580219
2.5675819564949056,0.29620807655087533,-0.0951886135791928,27.22954004349573,0.10500723123550415,0.23839780688285828,1.0,0.05006483301986009
2.579133673741827,0.29560303826761775,-0.08709990707555998,27.279427969464237,0.09243540465831757,0.30537617206573486,1.0,0.04988792596850544
2.579133673741827,0.29560303826761775,-0.08709990707555998,27.329792437478105,0.10231125354766846,0.2254077047109604,1.0,0.050364468013867736
2.579133673741827,0.29560303826761775,-0.08709990707555998,27.379559120497802,0.10922367870807648,0.15180450677871704,1.0,0.049766683019697666
2.579133673741827,0.29560303826761775,-0.08709990707555998,27.42954714641361,0.11588943004608154,0.08658191561698914,1.0,0.049988025915808976
2.579133673741827,0.29560303826761775,-0.08709990707555998,27.479505089446107,0.1231001541018486,0.026089297607541084,1.0,0.04995794303249568
2.6008582834162266,0.29461862004483363,-0.04400423133060572,27.529508140505428,0.08898282051086426,0.17135655879974365,1.0,0.05000305105932057
2.6154758248978354,0.2932707056093146,-0.03667546564462116,27.57971169844656,0.05402816832065582,0.4114898145198822,1.0,0.050203557941131294
2.6154758248978354,0.2932707056093146,-0.03667546564462116,27.629510568440097,0.06477297842502594,0.3192616403102875,1.0,0.049798869993537664
2.6154758248978354,0.2932707056093146,-0.03667546564462116,27.680111358509535,0.07597208023071289,0.22679902613162994,1.0,0.05060079006943852
2.6154758248978354,0.2932707056093146,-0.03667546564462116,27.729534071506137,0.08533068001270294,0.13168708980083466,1.0,0.04942271299660206
2.6154758248978354,0.2932707056093146,-0.03667546564462116,27.77946558348755,0.09258800745010376,0.007292317226529121,1.0,0.04993151198141277
2.6316349651288546,0.2928468269540107,0.0020725878022663418,27.829536924473146,0.07555735111236572,-0.017160026356577873,1.0,0.05007134098559618
2.6316349651288546,0.2928468269540107,0.0020725878022663418,27.879523035473326,0.08464439958333969,-0.13008251786231995,1.0,0.049986111000180244
2.6316349651288546,0.2928468269540107,0.0020725878022663418,27.92958153049382,0.09378726035356522,-0.24615618586540222,1.0,0.050058495020493865
2.6316349651288546,0.2928468269540107,0.0020725878022663418,27.97946707041389,0.10437308996915817,-0.3532121181488037,1.0,0.04988553992006928
2.64694528508965,0.2929908450859575,0.006991080862870277,28.02966407941109,0.08514063060283661,-0.07581683993339539,1.0,0.05019700899720192
2.64694528508965,0.2929908450859575,0.006991080862870277,28.079552969414877,0.09460263699293137,-0.18509656190872192,1.0,0.04988889000378549
2.64694528508965,0.2929908450859575,0.006991080862870277,28.12979473241991,0.1040273904800415,-0.2938520908355713,1.0,0.050241763005033135
2.64694528508965,0.2929908450859575,0.006991080862870277,28.17949886246039,0.11459938436746597,-0.37861862778663635,1.0,0.04970413004048169
2.666250592612487,0.293534105337368,-0.028313442891648936,28.22956561342268,0.10128326714038849,-0.0015110354870557785,1.0,0.05006675096228719
2.666250592612487,0.293534105337368,-0.028313442891648936,28.27947461242708,0.11029699444770813,-0.07732968032360077,1.0,0.04990899900440127
2.6740344386083796,0.292518165014738,-0.05500268134321766,28.32961902847434,0.10981720685958862,0.10291658341884613,1.0,0.050144416047260165
2.6740344386083796,0.292518165014738,-0.05500268134321766,28.379474336499484,0.11835648864507675,0.02692251093685627,1.0,0.04985530802514404
2.685236072188379,0.29142082875177916,-0.06659056085616538,28.42951803746088,0.10741366446018219,0.6194361448287964,1.0,0.0500437009613961
2.685236072188379,0.29142082875177916,-0.06659056085616538,28.479530858443255,0.12641394138336182,0.5766622424125671,1.0,0.05001282098237425
2.6956878356962632,0.2906239706290276,-0.06357636187279381,28.529648863462867,0.11339016258716583,0.6366123557090759,1.0,0.05011800501961261
2.6956878356962632,0.2906239706290276,-0.06357636187279381,28.579524947432006,0.13234452903270721,0.5915114879608154,1.0,0.04987608396913856
2.7086144038229913,0.28976075993042705,-0.0303124313263269,28.629623258471625,0.12633170187473297,0.6033684611320496,1.0,0.05009831103961915
2.7086144038229913,0.28976075993042705,-0.0303124313263269,28.679512727408806,0.14185991883277893,0.5473138689994812,1.0,0.049889468937180936
2.7240555075525736,0.2896982100762993,0.018048745829494655,28.729555199490065,0.11515018343925476,0.6482241153717041,1.0,0.05004247208125889
2.7240555075525736,0.2896982100762993,0.018048745829494655,28.779504223479094,0.1306321769952774,0.6018730998039246,1.0,0.04994902398902923
2.7386886491359625,0.29059843161126075,0.06651799743832827,28.829478821469607,0.13020768761634827,0.5820781588554382,1.0,0.04997459799051285
2.7386886491359625,0.29059843161126075,0.06651799743832827,28.879501396426136,0.13933539390563965,0.5235370397567749,1.0,0.05002257495652884
2.752708575635278,0.29231196716073904,0.11880453414383438,28.92955486346888,0.13656146824359894,0.47314679622650146,1.0,0.05005346704274416
2.752708575635278,0.29231196716073904,0.11880453414383438,28.979507047435405,0.14267714321613312,0.3771953284740448,1.0,0.0499521839665249
2.7633228044156914,0.293724179486022,0.17130480020373,29.029600829453344,0.1259346306324005,-0.2194671779870987,1.0,0.05009378201793879
2.7633228044156914,0.293724179486022,0.17130480020373,29.07950700841299,0.10987065732479095,0.16577178239822388,1.0,0.04990617895964533
2.7739297183315883,0.2960716002418487,0.21618929514149798,29.129612233474987,0.08877553045749664,0.06401348114013672,1.0,0.05010522506199777
2.7739297183315883,0.2960716002418487,0.21618929514149798,29.179548879488507,0.09404458850622177,-0.025149671360850334,1.0,0.04993664601352066
2.7889608431686077,0.2990383902602428,0.22689987774866746,29.229462866423788,0.07341840863227844,0.023223133757710457,1.0,0.04991398693528026
2.7889608431686077,0.2990383902602428,0.22689987774866746,29.279547434401834,0.07868828624486923,-0.05084843933582306,1.0,0.050084567978046834
2.7889608431686077,0.2990383902602428,0.22689987774866746,29.329732971483978,0.08397168666124344,-0.12452228367328644,1.0,0.05018553708214313
2.7889608431686077,0.2990383902602428,0.22689987774866746,29.379520243484663,0.08882375061511993,-0.198198139667511,1.0,0.049787272000685334
2.8069883482221685,0.30278906350489737,0.22784603303048678,29.429820307399282,0.06415648013353348,-0.0713786780834198,1.0,0.050300063914619386
2.8069883482221685,0.30278906350489737,0.22784603303048678,29.479577881502124,0.06876510381698608,-0.15834271907806396,1.0,0.04975757410284132
2.8069883482221685,0.30278906350489737,0.22784603303048678,29.529597490429083,0.07333797216415405,-0.2464967668056488,1.0,0.050019608926959336
2.8069883482221685,0.30278906350489737,0.22784603303048678,29.579494685501928,0.0779583603143692,-0.3361591100692749,1.0,0.049897195072844625
2.8242436325383373,0.3061715474489543,0.19959661699256223,29.629502829498747,0.05995550751686096,-0.12406876683235168,1.0,0.050008143996819854
2.8242436325383373,0.3061715474489543,0.19959661699256223,29.679513493421624,0.06394568085670471,-0.21211937069892883,1.0,0.05001066392287612
2.8242436325383373,0.3061715474489543,0.19959661699256223,29.72955867448742,0.06812893599271774,-0.2988947331905365,1.0,0.050045181065797806
2.8242436325383373,0.3061715474489543,0.19959661699256223,29.779516809488783,0.07434385269880295,-0.36675846576690674,1.0,0.04995813500136137
2.8398230400856566,0.3089856471914964,0.1588908637040701,29.829467694493147,0.06185593456029892,-0.11968937516212463,1.0,0.049950885004363954
2.8398230400856566,0.3089856471914964,0.1588908637040701,29.87962435650094,0.06746143847703934,-0.18741196393966675,1.0,0.050156662007793784
2.8398230400856566,0.3089856471914964,0.1588908637040701,29.929486234424772,0.07275358587503433,-0.2537810504436493,1.0,0.049861877923831344
2.8398230400856566,0.3089856471914964,0.1588908637040701,29.979517869403722,0.07780028134584427,-0.3187146484851837,1.0,0.050031634978950024
2.854196202614519,0.3112942074065382,0.11563431947517244,30.029599009416202,0.0688520148396492,-0.055416420102119446,1.0,0.05008114001248032
2.854196202614519,0.3112942074065382,0.11563431947517244,30.0795336174631,0.07392089068889618,-0.12063510715961456,1.0,0.049934608046896756
2.854196202614519,0.3112942074065382,0.11563431947517244,30.12962252249396,0.07922988384962082,-0.189776211977005,1.0,0.0500889050308615
2.854196202614519,0.3112942074065382,0.11563431947517244,30.179591344421866,0.08487329632043839,-0.2642633616924286,1.0,0.04996882192790508
2.8681255188071053,0.3125884781205105,0.08132111127336618,30.229600326492587,0.07579419016838074,0.004544677212834358,1.0,0.050008982070721686
2.8681255188071053,0.3125884781205105,0.08132111127336618,30.279498109462807,0.0815698504447937,-0.08032694458961487,1.0,0.04989778297021985
2.8681255188071053,0.3125884781205105,0.08132111127336618,30.329613675465012,0.08720847219228745,-0.17001302540302277,1.0,0.050115566002205014
2.8681255188071053,0.3125884781205105,0.08132111127336618,30.37951286449949,0.09341558068990707,-0.25561654567718506,1.0,0.049899189034476876
2.8825568676645075,0.3136673688728298,0.056217469485852455,30.429465708424473,0.08396978676319122,-0.0034647714346647263,1.0,0.049952843924984336
2.8825568676645075,0.3136673688728298,0.056217469485852455,30.479801375404136,0.09157219529151917,-0.09067955613136292,1.0,0.050335666979663074
2.8825568676645075,0.3136673688728298,0.056217469485852455,30.529542633433962,0.09876355528831482,-0.1677575707435608,1.0,0.049741258029825985
2.8825568676645075,0.3136673688728298,0.056217469485852455,30.579636770402217,0.1054435595870018,-0.2401682585477829,1.0,0.05009413696825504
2.901057059442085,0.31463328989559186,0.03161534938349921,30.629520961417953,0.09059061110019684,0.12241174280643463,1.0,0.04988419101573527
2.901057059442085,0.31463328989559186,0.03161534938349921,30.679531845482202,0.09777204692363739,0.047265276312828064,1.0,0.050010884064249694
2.9114273981617833,0.3145546649418214,0.018701609328149797,30.72953743439554,0.09031568467617035,0.2441520094871521,1.0,0.050005588913336396
2.9114273981617833,0.3145546649418214,0.018701609328149797,30.77951397943231,0.10021103918552399,0.17136088013648987,1.0,0.0499765450367704
2.9114273981617833,0.3145546649418214,0.018701609328149797,30.82951239448427,0.10705940425395966,0.09882299602031708,1.0,0.049998415051959455
2.9114273981617833,0.3145546649418214,0.018701609328149797,30.879496160414206,0.11394242942333221,0.03228887915611267,1.0,0.04998376592993736
2.931147874852628,0.31540765433969575,0.039441454480462004,30.92951970650735,0.08155284821987152,0.329327255487442,1.0,0.05002354609314352
2.931147874852628,0.31540765433969575,0.039441454480462004,30.979674834394032,0.09183067083358765,0.2804679572582245,1.0,0.05015512788668275
2.9435960598839515,0.3167187142540976,0.0467121460381221,31.02949690048969,0.07214340567588806,0.4251764714717865,1.0,0.04982206609565765
2.9435960598839515,0.3167187142540976,0.0467121460381221,31.079506056484902,0.08241617679595947,0.3687824308872223,1.0,0.050009155995212495
2.9435960598839515,0.3167187142540976,0.0467121460381221,31.1295176764104,0.09299062192440033,0.3065566420555115,1.0,0.05001161992549896
2.9435960598839515,0.3167187142540976,0.0467121460381221,31.1795516185082,0.1028272807598114,0.25720974802970886,1.0,0.05003394209779799
2.9618269154662116,0.3177894475777813,0.10655639398028681,31.229490233454058,0.06252801418304443,0.4183330833911896,1.0,0.04993861494585872
2.9618269154662116,0.3177894475777813,0.10655639398028681,31.279529511448132,0.07237562537193298,0.36487454175949097,1.0,0.05003927799407393
2.9618269154662116,0.3177894475777813,0.10655639398028681,31.329546006498063,0.08346441388130188,0.29996445775032043,1.0,0.05001649504993111
2.9618269154662116,0.3177894475777813,0.10655639398028681,31.3795285924423,0.09310202300548553,0.23004889488220215,1.0,0.049982585944235325
2.976499211575919,0.31968471378363056,0.1624818648733609,31.42963915246925,0.06960628926753998,0.27715709805488586,1.0,0.050110560026951134
2.976499211575919,0.31968471378363056,0.1624818648733609,31.47950863941493,0.078994020819664,0.21057340502738953,1.0,0.049869486945681274
2.976499211575919,0.31968471378363056,0.1624818648733609,31.5296120794808,0.08773094415664673,0.1427164077758789,1.0,0.0501034400658682
2.976499211575919,0.31968471378363056,0.1624818648733609,31.579473326433586,0.09646396338939667,0.07457776367664337,1.0,0.04986124695278704
2.99173198956862,0.3232999784128867,0.20407393557879872,31.62953143448955,0.07111266255378723,0.1345265805721283,1.0,0.05005810805596411
2.99173198956862,0.3232999784128867,0.20407393557879872,31.679480020407723,0.07971107959747314,0.06418086588382721,1.0,0.049948585918173194
2.99173198956862,0.3232999784128867,0.20407393557879872,31.729537387480164,0.08762358129024506,0.0015857238322496414,1.0,0.050057367072440684
2.99173198956862,0.3232999784128867,0.20407393557879872,31.779681117491933,0.09554866701364517,-0.06082378327846527,1.0,0.05014373001176864
2.99173198956862,0.3232999784128867,0.20407393557879872,31.829499297411317,0.10333491116762161,-0.12265266478061676,1.0,0.04981817991938442
3.0088993247477345,0.32638334413492665,0.2220627822896487,31.879525590440394,0.08322544395923615,0.10193073749542236,1.0,0.05002629302907735
3.0088993247477345,0.32638334413492665,0.2220627822896487,31.929618272449957,0.09235063195228577,0.032563984394073486,1.0,0.05009268200956285
3.0088993247477345,0.32638334413492665,0.2220627822896487,31.979638440403292,0.10185743123292923,-0.03404037654399872,1.0,0.05002016795333475
3.0088993247477345,0.32638334413492665,0.2220627822896487,32.029512603403205,0.11139525473117828,-0.08752721548080444,1.0,0.049874162999913096
3.026674560558528,0.3302154376823324,0.21777630357909084,32.07956920644189,0.09196512401103973,0.21373723447322845,1.0,0.050056603038683534
3.026674560558528,0.3302154376823324,0.21777630357909084,32.12955777345611,0.10197088122367859,0.1580428183078766,1.0,0.04998856701422483
3.036932732547075,0.33248294433872705,0.21445657982469407,32.179748636422815,0.0950150191783905,0.306988000869751,1.0,0.05019086296670139
3.036932732547075,0.33248294433872705,0.21445657982469407,32.229570332434164,0.10470682382583618,0.24014753103256226,1.0,0.04982169601134956
3.036932732547075,0.33248294433872705,0.21445657982469407,32.27959246047227,0.11370362341403961,0.1721370816230774,1.0,0.05002212803810835
3.036932732547075,0.33248294433872705,0.21445657982469407,32.32950606044302,0.11402235180139542,-0.41374671459198,1.0,0.04991359997075051
3.0564835822281164,0.3374350584483423,0.24739474153838423,32.379550161407465,0.08168275654315948,-0.2531982362270355,1.0,0.050044100964441895
3.0564835822281164,0.3374350584483423,0.24739474153838423,32.42951890545352,0.08956360816955566,-0.32974305748939514,1.0,0.04996874404605478
3.0682645304891993,0.3405072296977082,0.25570712398506634,32.47964637748352,0.08069107681512833,-0.2567104697227478,1.0,0.0501274720299989
3.0682645304891993,0.3405072296977082,0.25570712398506634,32.529984230510095,0.08829689025878906,-0.33161434531211853,1.0,0.05033785302657634
3.0682645304891993,0.3405072296977082,0.25570712398506634,32.57955883150841,0.09737859666347504,-0.3977191746234894,1.0,0.049574600998312235
3.0682645304891993,0.3405072296977082,0.25570712398506634,32.62948902240875,0.10632248967885971,-0.4628218114376068,1.0,0.049930190900340676
3.083837698451529,0.3441651629753456,0.20370310492082394,32.67951452148533,0.08996938914060593,-0.10543283820152283,1.0,0.05002549907658249
3.083837698451529,0.3441651629753456,0.20370310492082394,32.72947180840107,0.09785208106040955,-0.1771305799484253,1.0,0.04995728691574186
3.083837698451529,0.3441651629753456,0.20370310492082394,32.779521010452086,0.10572408884763718,-0.2487296611070633,1.0,0.05004920205101371
3.083837698451529,0.3441651629753456,0.20370310492082394,32.82946998845706,0.11396926641464233,-0.31900063157081604,1.0,0.04994897800497711
3.10342728730678,0.34643088490707846,0.14466908644894522,32.879615229423294,0.10265807807445526,0.08153915405273438,1.0,0.05014524096623063
3.10342728730678,0.34643088490707846,0.14466908644894522,32.92956257249149,0.11057019233703613,0.00961664505302906,1.0,0.04994734306819737
3.1164906388050397,0.3477909514059986,0.12019974065151419,32.97971061650584,0.1081404834985733,0.1683146357536316,1.0,0.05014804401434958
3.1164906388050397,0.3477909514059986,0.12019974065151419,33.029565835473264,0.11619457602500916,0.10328987240791321,1.0,0.04985521896742284
3.127600346408592,0.34848837279931166,0.11400676170039563,33.079587640458854,0.1093379408121109,0.22280798852443695,1.0,0.05002180498559028
3.127600346408592,0.34848837279931166,0.11400676170039563,33.12952314443807,0.11730965971946716,0.15635330975055695,1.0,0.049935503979213536
3.1402059680714545,0.34949104546763937,0.12369059739368743,33.17964261046997,0.0847667008638382,0.3858274817466736,1.0,0.05011946603190154
3.1402059680714545,0.34949104546763937,0.12369059739368743,33.2294838484229,0.09494481980800629,0.31592679023742676,1.0,0.049841237952932715
3.1523648414812677,0.35078906558011574,0.13895875831130575,33.27952708046338,0.05857916176319122,0.6709447503089905,1.0,0.05004323204047978
3.1523648414812677,0.35078906558011574,0.13895875831130575,33.32955074541657,0.0678972452878952,0.6510975360870361,1.0,0.05002366495318711
3.161690775100255,0.3523275889953188,0.1665304654283291,33.37949808545797,0.05258677899837494,0.663087010383606,1.0,0.049947340041399
3.161690775100255,0.3523275889953188,0.1665304654283291,33.4295074444815,0.062411025166511536,0.6413359045982361,1.0,0.05000935902353376
3.168812605019131,0.3529405147771855,0.21773329090312818,33.47951845148033,0.04756861925125122,0.6095722317695618,1.0,0.050011006998829544
3.168812605019131,0.3529405147771855,0.21773329090312818,33.529503357465515,0.06213979423046112,0.5636336207389832,1.0,0.049984905985184014
3.1726344225028176,0.3532713223512085,0.27687296572974457,33.5794960514029,0.08197714388370514,0.33517661690711975,1.0,0.04999269393738359
3.1726344225028176,0.3532713223512085,0.27687296572974457,33.62959394846963,0.09183375537395477,0.24729982018470764,1.0,0.05009789706673473
3.175767825462672,0.35437772937353607,0.3324625439471638,33.679521674508365,0.09935732930898666,0.005158485844731331,1.0,0.049927726038731635
3.175767825462672,0.35437772937353607,0.3324625439471638,33.729656184426645,0.1071619912981987,-0.08933490514755249,1.0,0.050134509918279946
3.175767825462672,0.35437772937353607,0.3324625439471638,33.779528839498894,0.11469173431396484,-0.20163708925247192,1.0,0.04987265507224947
3.175767825462672,0.35437772937353607,0.3324625439471638,33.82949501844975,0.12345068156719208,-0.3074686527252197,1.0,0.049966178950853646
3.1947628896009603,0.3619824875048829,0.3647651647493965,33.879593614474075,0.09920382499694824,-0.5923663377761841,1.0,0.05009859602432698
3.1947628896009603,0.3619824875048829,0.3647651647493965,33.92952153946659,0.10946477949619293,-0.652526319026947,1.0,0.04992792499251664
3.203693153095704,0.36496026932368464,0.33809532791837726,33.979517720508525,0.10321813821792603,-0.5391700267791748,1.0,0.049996181041933596
3.203693153095704,0.36496026932368464,0.33809532791837726,34.029512976397896,0.11369751393795013,-0.6097046732902527,1.0,0.04999525588937104
3.212824000689782,0.3677917811104788,0.28760476127104745,34.07948772945362,0.10706373304128647,-0.41678139567375183,1.0,0.04997475305572152
3.212824000689782,0.3677917811104788,0.28760476127104745,34.12952096048663,0.11863914132118225,-0.5076592564582825,1.0,0.05003323103301227
3.2224287904797193,0.3697647947305042,0.23833613801560952,34.17947669442198,0.11232330650091171,-0.312490314245224,1.0,0.04995573393534869
3.2224287904797193,0.3697647947305042,0.23833613801560952,34.22950204448695,0.15488369762897491,0.20553091168403625,1.0,0.05002535006497055
3.2338615977118996,0.37211106806647315,0.199274023600536,34.27948022946636,0.14482082426548004,0.5551667809486389,1.0,0.04997818497940898
3.2338615977118996,0.37211106806647315,0.199274023600536,34.32951159040364,0.15110905468463898,0.504465639591217,1.0,0.05003136093728244
3.244799336340654,0.3747562978959679,0.18554012410569895,34.379471009466,0.12747399508953094,0.6701414585113525,1.0,0.04995941906236112
3.244799336340654,0.3747562978959679,0.18554012410569895,34.429655175408485,0.1327020674943924,0.6703126430511475,1.0,0.05018416594248265
3.259182152498928,0.37785931057083527,0.22976336579687648,34.47978623396154,0.10645785927772522,0.6646313667297363,0.9964717626571655,0.05030855908989906
3.259182152498928,0.37785931057083527,0.22976336579687648,34.52924539016899,0.11101201176643372,0.6658614277839661,0.9973509907722473,0.049590521957725286
3.273493743332701,0.381593546668097,0.28483779889547184,34.57893317769262,0.08397144824266434,0.6618028283119202,0.9934517741203308,0.05001529899891466
3.273493743332701,0.381593546668097,0.28483779889547184,34.62851990289734,0.08886798471212387,0.661914050579071,0.9930314421653748,0.04993469803594053
3.2840752475094503,0.3858545531440247,0.3448662023336232,34.678321918825674,0.06888341903686523,0.6606390476226807,0.9960350394248962,0.05000026500783861
3.2840752475094503,0.3858545531440247,0.3448662023336232,34.72816592341857,0.07389343529939651,0.6607125997543335,0.9955945611000061,0.05006456095725298
3.293208652906413,0.3890555091032132,0.4033943437066196,34.778011301673715,0.05691801756620407,0.6595920920372009,0.9982780814170837,0.04993135598488152
3.293208652906413,0.3890555091032132,0.4033943437066196,34.82787520179499,0.06197714805603027,0.6596695184707642,0.9979337453842163,0.049967144965194166
3.3004908360082883,0.3920922911754231,0.4597279957398235,34.87797435789343,0.05280745029449463,0.6600379943847656,1.0,0.05009915609844029
3.3004908360082883,0.3920922911754231,0.4597279957398235,34.92865463285215,0.057603463530540466,0.6600407361984253,1.0,0.05068027495872229
3.3039775415288757,0.3945214785381625,0.5150081722484389,34.977919182828366,0.05602908134460449,0.6607845425605774,1.0,0.049264549976214767
3.3039775415288757,0.3945214785381625,0.5150081722484389,35.02792536778815,0.06034933030605316,0.6609697937965393,1.0,0.05000618495978415
3.307844729961588,0.3978928496172586,0.5729542218617257,35.07790424287759,0.05747243016958237,0.6617661714553833,1.0,0.04997887508943677
3.307844729961588,0.3978928496172586,0.5729542218617257,35.12791651088718,0.0618041455745697,0.66193687915802,1.0,0.05001226800959557
3.310074149641273,0.3999177048427817,0.6287107315586089,35.17796132885359,0.06053866446018219,0.6622766852378845,1.0,0.05004481796640903
3.310074149641273,0.3999177048427817,0.6287107315586089,35.227954604867584,0.06441695988178253,0.6622929573059082,1.0,0.04999327601399273
3.3157344306296994,0.40374244503451834,0.6852122151826905,35.27791888578303,0.0557963103055954,0.6623786687850952,1.0,0.04996428091544658
3.3157344306296994,0.40374244503451834,0.6852122151826905,35.328292368883005,0.05743423104286194,0.6559129357337952,1.0,0.05037348309997469
3.3209750324921496,0.40927468762262664,0.7395282812150432,35.377871916834,0.040199220180511475,0.6111494898796082,1.0,0.04957954795099795
3.3209750324921496,0.40927468762262664,0.7395282812150432,35.4279443458372,0.04281248152256012,0.5570652484893799,1.0,0.050072429003193974
3.3209750324921496,0.40927468762262664,0.7395282812150432,35.477915932861826,0.04889915883541107,0.4906730353832245,1.0,0.049971587024629116
3.322982545134339,0.4127502052780269,0.8005320880227114,35.5279372818486,0.04503050446510315,0.27117156982421875,1.0,0.05002134898677468
3.3277110137279613,0.4184106648613538,0.8546665504728033,35.57790046880927,0.039713501930236816,0.10660384595394135,1.0,0.04996318696066737
3.3277110137279613,0.4184106648613538,0.8546665504728033,35.62793331380907,0.0405610054731369,0.0215055663138628,1.0,0.05003284499980509
3.3277110137279613,0.4184106648613538,0.8546665504728033,35.677993717808015,0.041404515504837036,-0.06519639492034912,1.0,0.05006040399894118
3.3277110137279613,0.4184106648613538,0.8546665504728033,35.72808460678879,0.042248427867889404,-0.15194498002529144,1.0,0.05009088898077607
3.3277110137279613,0.4184106648613538,0.8546665504728033,35.777952931793145,0.04309539496898651,-0.23863086104393005,1.0,0.04986832500435412
3.3277110137279613,0.4184106648613538,0.8546665504728033,35.82825715289891,0.04481755197048187,-0.316856324672699,1.0,0.050304221105761826
3.3277110137279613,0.4184106648613538,0.8546665504728033,35.877941519808694,0.04943912476301193,-0.3940258026123047,1.0,0.04968436690978706
3.3336458503249484,0.42760880918645117,0.8769265486951336,35.92801375183716,0.037813276052474976,-0.5266585946083069,1.0,0.05007223202846944
3.3336458503249484,0.42760880918645117,0.8769265486951336,35.97800971378546,0.040666282176971436,-0.585008442401886,1.0,0.04999596194829792
3.3336458503249484,0.42760880918645117,0.8769265486951336,36.02795721087113,0.043687447905540466,-0.642142117023468,1.0,0.04994749708566815
3.3398799652496987,0.43560553091050513,0.8074391027270735,36.07788912786145,0.04067195951938629,-0.5241220593452454,1.0,0.049931916990317404
3.3398799652496987,0.43560553091050513,0.8074391027270735,36.128036172799504,0.046319179236888885,-0.5721572041511536,1.0,0.05014704493805766
3.341466707592215,0.4375352819996909,0.7539684133722838,36.177938296897075,0.05379457026720047,-0.4781940281391144,1.0,0.04990212409757078
3.341466707592215,0.4375352819996909,0.7539684133722838,36.22799463287901,0.05806560814380646,-0.5057252049446106,1.0,0.05005633598193526
3.341466707592215,0.4375352819996909,0.7539684133722838,36.27800536083031,0.062349833548069,-0.5333408713340759,1.0,0.050010727951303124
3.341466707592215,0.4375352819996909,0.7539684133722838,36.32790374485284,0.06676752120256424,-0.5598246455192566,1.0,0.04989838402252644
3.346990071200235,0.44278465437427683,0.6516252092145429,36.37791299281616,0.07065512239933014,-0.28222551941871643,1.0,0.05000924796331674
3.346990071200235,0.44278465437427683,0.6516252092145429,36.42792288385771,0.07477713376283646,-0.3116285502910614,1.0,0.05000989104155451
3.346990071200235,0.44278465437427683,0.6516252092145429,36.4779620897907,0.07889924943447113,-0.34103140234947205,1.0,0.050039205932989717
3.346990071200235,0.44278465437427683,0.6516252092145429,36.52799491779387,0.08315429091453552,-0.3696275055408478,1.0,0.050032828003168106
3.346990071200235,0.44278465437427683,0.6516252092145429,36.5778737438095,0.087864950299263,-0.3953419625759125,1.0,0.049878826015628874
3.3607326129669515,0.4513243179710556,0.5719080152812831,36.627940472885705,0.07853594422340393,0.059492483735084534,1.0,0.050066729076206684
3.3607326129669515,0.4513243179710556,0.5719080152812831,36.67796090486899,0.08186839520931244,0.04440252482891083,1.0,0.05002043198328465
3.3607326129669515,0.4513243179710556,0.5719080152812831,36.72803260278396,0.08517797291278839,0.03589896857738495,1.0,0.0500716979149729
3.374419803410529,0.4593099570435717,0.5234496723462668,36.7779083418145,0.056303590536117554,0.40634042024612427,1.0,0.04987573903053999
3.374419803410529,0.4593099570435717,0.5234496723462668,36.8279450108248,0.060900360345840454,0.4008454382419586,1.0,0.050036669010296464
3.374419803410529,0.4593099570435717,0.5234496723462668,36.87794424485855,0.06717348098754883,0.37730327248573303,1.0,0.04999923403374851
3.374419803410529,0.4593099570435717,0.5234496723462668,36.92825275388986,0.07125236093997955,0.3520415425300598,1.0,0.05030850903131068
3.374419803410529,0.4593099570435717,0.5234496723462668,36.977972054825834,0.07535655796527863,0.3266237676143646,1.0,0.04971930093597621
3.3844865403875795,0.4659984829975291,0.5684581299968801,37.027935749822966,0.040126144886016846,0.5203245878219604,1.0,0.049963694997131824
3.3844865403875795,0.4659984829975291,0.5684581299968801,37.07789932689138,0.04576238989830017,0.4983714520931244,1.0,0.049963577068410814
3.3844865403875795,0.4659984829975291,0.5684581299968801,37.128060457850545,0.051837846636772156,0.4702356457710266,1.0,0.050161130959168077
3.3844865403875795,0.4659984829975291,0.5684581299968801,37.177914879838674,0.0593680739402771,0.43356582522392273,1.0,0.049854421988129616
3.3937084555648402,0.47253949708310233,0.6448328323244454,37.228051042854524,0.02771174907684326,0.5225068926811218,1.0,0.05013616301584989
3.3937084555648402,0.47253949708310233,0.6448328323244454,37.27793578684304,0.03358897566795349,0.49255111813545227,1.0,0.04988474398851395
3.3937084555648402,0.47253949708310233,0.6448328323244454,37.32831812484164,0.03993454575538635,0.46511200070381165,1.0,0.050382337998598814
3.3937084555648402,0.47253949708310233,0.6448328323244454,37.37791389980793,0.046678513288497925,0.43946921825408936,1.0,0.04959577496629208
3.401515869629953,0.4794603226801562,0.7362648116338496,37.42791913481869,0.02564510703086853,0.4378226399421692,1.0,0.05000523501075804
3.401515869629953,0.4794603226801562,0.7362648116338496,37.47794755580343,0.030354797840118408,0.41642460227012634,1.0,0.050028420984745026
3.401515869629953,0.4794603226801562,0.7362648116338496,37.52794643081233,0.03322947025299072,0.39374440908432007,1.0,0.04999887500889599
3.401515869629953,0.4794603226801562,0.7362648116338496,37.57791654681295,0.03534260392189026,0.37063315510749817,1.0,0.04997011600062251
3.405904872201096,0.4857042519250884,0.8203652135028882,37.627991021815426,0.02766464650630951,0.2572328746318817,1.0,0.05007447500247508
3.405904872201096,0.4857042519250884,0.8203652135028882,37.677933165891766,0.030125662684440613,0.23333090543746948,1.0,0.0499421440763399
3.405904872201096,0.4857042519250884,0.8203652135028882,37.72799452787239,0.032433778047561646,0.22358444333076477,1.0,0.0500613619806245
3.405904872201096,0.4857042519250884,0.8203652135028882,37.777903346898704,0.03466339409351349,0.22102802991867065,1.0,0.04990881902631372
3.411031330698077,0.4911031709793232,0.8853677669002283,37.82806979384713,0.0254957377910614,0.21053798496723175,1.0,0.05016644694842398
3.411031330698077,0.4911031709793232,0.8853677669002283,37.87801967383802,0.027673393487930298,0.2098740041255951,1.0,0.04994987999089062
3.411031330698077,0.4911031709793232,0.8853677669002283,37.92810825884316,0.029769405722618103,0.20925012230873108,1.0,0.050088585005141795
3.411031330698077,0.4911031709793232,0.8853677669002283,37.97803550385378,0.031451791524887085,0.20772987604141235,1.0,0.049927245010621846
3.411031330698077,0.4911031709793232,0.8853677669002283,38.02800922186088,0.032804250717163086,0.20144066214561462,1.0,0.04997371800709516
3.411031330698077,0.4911031709793232,0.8853677669002283,38.0779408068347,0.034367382526397705,0.18617978692054749,1.0,0.049931584973819554
3.4150554540580953,0.4971385232341892,0.9454132261929434,38.128049294785335,0.02462702989578247,0.09287551045417786,1.0,0.05010848795063794
3.4150554540580953,0.4971385232341892,0.9454132261929434,38.17800422382515,0.02625417709350586,0.07477721571922302,1.0,0.04995492903981358
3.4150554540580953,0.4971385232341892,0.9454132261929434,38.228042558855115,0.027876436710357666,0.056735679507255554,1.0,0.05003833502996713
3.4150554540580953,0.4971385232341892,0.9454132261929434,38.278033326817415,0.029501289129257202,0.038663774728775024,1.0,0.04999076796229929
3.4150554540580953,0.4971385232341892,0.9454132261929434,38.328069579875766,0.03112463653087616,0.020608605816960335,1.0,0.050036253058351576
3.4150554540580953,0.4971385232341892,0.9454132261929434,38.377944088862016,0.03274950385093689,0.0025378037244081497,1.0,0.049874508986249566
3.4150554540580953,0.4971385232341892,0.9454132261929434,38.42795830985505,0.03436914086341858,-0.01547597162425518,1.0,0.05001422099303454
3.4150554540580953,0.4971385232341892,0.9454132261929434,38.4779595778973,0.03599640727043152,-0.032302409410476685,1.0,0.05000126804225147
3.4150554540580953,0.4971385232341892,0.9454132261929434,38.527976521844714,0.037671178579330444,-0.05088847875595093,1.0,0.050016943947412074
3.4150554540580953,0.4971385232341892,0.9454132261929434,38.57792144382346,0.039621271193027496,-0.08270616829395294,1.0,0.049944921978749335
3.4216621663704014,0.5101486342387709,0.9776703927723986,38.62788640285816,0.02451065182685852,-0.15763410925865173,1.0,0.04996495903469622
3.4216621663704014,0.5101486342387709,0.9776703927723986,38.67802460186157,0.02705712616443634,-0.15783947706222534,1.0,0.05013819900341332
3.4216621663704014,0.5101486342387709,0.9776703927723986,38.727921399841755,0.03009037673473358,-0.15375195443630219,1.0,0.04989679798018187
3.4216621663704014,0.5101486342387709,0.9776703927723986,38.7779167717972,0.03310912102460861,-0.149684339761734,1.0,0.0499953719554469
3.4216621663704014,0.5101486342387709,0.9776703927723986,38.82794450581513,0.03611620515584946,-0.144278883934021,1.0,0.050027734017930925
3.4216621663704014,0.5101486342387709,0.9776703927723986,38.87797523287099,0.0390762984752655,-0.13870292901992798,1.0,0.050030727055855095
3.4216621663704014,0.5101486342387709,0.9776703927723986,38.928221994866355,0.042076751589775085,-0.13572102785110474,1.0,0.050246761995367706
3.4216621663704014,0.5101486342387709,0.9776703927723986,38.977919245809055,0.045090317726135254,-0.1327284276485443,1.0,0.04969725094269961
3.428255565656123,0.5240624572450552,0.932005711360661,39.02792881088771,0.03405305743217468,-0.034095823764801025,1.0,0.050009565078653395
3.428255565656123,0.5240624572450552,0.932005711360661,39.07793511086583,0.03704117238521576,-0.024103982374072075,1.0,0.050006299978122115
3.428255565656123,0.5240624572450552,0.932005711360661,39.12794272785049,0.04002915322780609,-0.014112723991274834,1.0,0.05000761698465794
3.428255565656123,0.5240624572450552,0.932005711360661,39.178015029844566,0.04290570318698883,-0.0038610827177762985,1.0,0.05007230199407786
3.428255565656123,0.5240624572450552,0.932005711360661,39.22793033378638,0.04582025110721588,0.01515248604118824,1.0,0.04991530394181609
3.428255565656123,0.5240624572450552,0.932005711360661,39.277957671875804,0.048759013414382935,0.03567908704280853,1.0,0.05002733808942139
3.428255565656123,0.5240624572450552,0.932005711360661,39.32793953581221,0.05165393650531769,0.04971329867839813,1.0,0.049981863936409354
3.428255565656123,0.5240624572450552,0.932005711360661,39.377912854864,0.05454631149768829,0.06373460590839386,1.0,0.04997331905178726
3.4391692604509845,0.5384899901826447,0.9197832545239468,39.42796241384439,0.042979657649993896,0.3207454979419708,1.0,0.05004955898039043
3.4391692604509845,0.5384899901826447,0.9197832545239468,39.47795170985136,0.0460425466299057,0.3350680470466614,1.0,0.04998929600697011
3.4391692604509845,0.5384899901826447,0.9197832545239468,39.52792496685378,0.04906336963176727,0.35294631123542786,1.0,0.04997325700242072
3.4391692604509845,0.5384899901826447,0.9197832545239468,39.57799330385841,0.05208331346511841,0.3708215355873108,1.0,0.05006833700463176
3.4391692604509845,0.5384899901826447,0.9197832545239468,39.627930506802834,0.05510900914669037,0.38872846961021423,1.0,0.04993720294442028
3.4391692604509845,0.5384899901826447,0.9197832545239468,39.67797277282897,0.05812668800354004,0.40658822655677795,1.0,0.05004226602613926
3.448465167108023,0.5517143715066251,0.9867848796764226,39.72848509284176,0.04384253919124603,0.4353773295879364,1.0,0.050512320012785494
3.448465167108023,0.5517143715066251,0.9867848796764226,39.77793885089431,0.04708161950111389,0.4530092179775238,1.0,0.049453758052550256
3.448465167108023,0.5517143715066251,0.9867848796764226,39.82789328086164,0.09335532784461975,0.18044491112232208,1.0,0.049954429967328906
3.448465167108023,0.5517143715066251,0.9867848796764226,39.87795045480106,0.10095153748989105,0.10635269433259964,1.0,0.05005717393942177
3.4533303375443967,0.5612617546634693,1.0606055042685196,39.92800994982917,0.08076010644435883,0.03149713575839996,1.0,0.05005949502810836
3.4533303375443967,0.5612617546634693,1.0606055042685196,39.97789535284482,0.08833152055740356,-0.04311995208263397,1.0,0.04988540301565081
3.4533303375443967,0.5612617546634693,1.0606055042685196,40.02792571586996,0.09619221836328506,-0.11461660265922546,1.0,0.05003036302514374
3.4533303375443967,0.5612617546634693,1.0606055042685196,40.078036981839425,0.10407569259405136,-0.18632090091705322,1.0,0.05011126596946269
3.460876861115808,0.5762285686786841,1.0685504706354938,40.127896959865204,0.08084356784820557,0.05808660387992859,1.0,0.04985997802577913
3.460876861115808,0.5762285686786841,1.0685504706354938,40.1779700407942,0.08870016038417816,-0.013373089954257011,1.0,0.050073080928996205
3.460876861115808,0.5762285686786841,1.0685504706354938,40.22794339884512,0.09659039229154587,-0.08513861894607544,1.0,0.04997335805092007
3.460876861115808,0.5762285686786841,1.0685504706354938,40.27797716189615,0.10446493327617645,-0.1567612886428833,1.0,0.05003376305103302
3.4701312667551956,0.5954242508270537,1.0567663511192587,40.32792017384872,0.08425363898277283,0.14236021041870117,1.0,0.04994301195256412
3.4701312667551956,0.5954242508270537,1.0567663511192587,40.37791593486417,0.0916493684053421,0.08083763718605042,1.0,0.049995761015452445
3.4701312667551956,0.5954242508270537,1.0567663511192587,40.42797168178458,0.09905281662940979,0.01924970932304859,1.0,0.05005574692040682
3.4701312667551956,0.5954242508270537,1.0567663511192587,40.47789533689592,0.10620693117380142,-0.05336667597293854,1.0,0.04992365511134267
3.480352701027755,0.6125151151292367,1.055870200992424,40.528118409886694,0.08257751166820526,0.21013060212135315,1.0,0.05022307299077511
3.480352701027755,0.6125151151292367,1.055870200992424,40.57795627784889,0.09002622961997986,0.11991134285926819,1.0,0.04983786796219647
3.480352701027755,0.6125151151292367,1.055870200992424,40.62792033082314,0.09588173031806946,0.04003915190696716,1.0,0.04996405297424644
3.480352701027755,0.6125151151292367,1.055870200992424,40.67794524689179,0.10138601809740067,-0.05490228533744812,1.0,0.05002491606865078
3.4884881806665016,0.6293184822499461,1.067070022246177,40.72801622885253,0.07465961575508118,0.181456059217453,1.0,0.050070981960743666
3.4884881806665016,0.6293184822499461,1.067070022246177,40.777973387827835,0.08113540709018707,0.11687132716178894,1.0,0.04995715897530317
3.4884881806665016,0.6293184822499461,1.067070022246177,40.827904753824434,0.08804678916931152,0.02438049204647541,1.0,0.0499313659965992
3.4884881806665016,0.6293184822499461,1.067070022246177,40.877939942846744,0.09483221173286438,-0.0742817372083664,1.0,0.05003518902231008
3.4986693621885046,0.6481959035241434,1.0805385809146997,40.927937245783134,0.06822793185710907,0.17085573077201843,1.0,0.04999730293639004
3.4986693621885046,0.6481959035241434,1.0805385809146997,40.97792619778283,0.07557083666324615,0.07417166233062744,1.0,0.04998895199969411
3.4986693621885046,0.6481959035241434,1.0805385809146997,41.02800992780339,0.0829407125711441,-0.03448691964149475,1.0,0.050083730020560324
3.4986693621885046,0.6481959035241434,1.0805385809146997,41.07791934485521,0.0905068963766098,-0.15916863083839417,1.0,0.04990941705182195
3.5060874777621214,0.663210761501901,1.089289719915083,41.12790308983039,0.08170918375253677,-0.08645026385784149,1.0,0.049983744975179434
3.5060874777621214,0.663210761501901,1.089289719915083,41.17791721687626,0.09070786088705063,-0.20265313982963562,1.0,0.05001412704586983
3.5060874777621214,0.663210761501901,1.089289719915083,41.22800630083747,0.10046399384737015,-0.31495359539985657,1.0,0.050089083961211145
3.5060874777621214,0.663210761501901,1.089289719915083,41.27789844278686,0.11138240993022919,-0.4170120358467102,1.0,0.049892141949385405
3.5161085948577555,0.6807547375728665,1.0613374506171482,41.327877906821406,0.150544673204422,0.660539448261261,1.0,0.04997946403454989
3.5161085948577555,0.6807547375728665,1.0613374506171482,41.37796216385413,0.1626836061477661,0.6299479603767395,1.0,0.050084257032722235
3.5161085948577555,0.6807547375728665,1.0613374506171482,41.42792777283557,0.1730770617723465,0.5910370945930481,1.0,0.04996560898143798
3.5161085948577555,0.6807547375728665,1.0613374506171482,41.47792895379916,0.18291576206684113,0.5376439690589905,1.0,0.05000118096359074
3.5297648964976664,0.700034708074745,1.061030090253413,41.52793037585888,0.11242042481899261,0.688300371170044,1.0,0.050001422059722245
3.5297648964976664,0.700034708074745,1.061030090253413,41.57791639081642,0.12012989819049835,0.6881043314933777,1.0,0.04998601495753974
3.536633907870715,0.7162045064747963,1.1107832375445725,41.627909266827366,0.08655724674463272,0.686749279499054,1.0,0.04999287601094693
3.536633907870715,0.7162045064747963,1.1107832375445725,41.67791608485367,0.09426523745059967,0.6865536570549011,1.0,0.050006818026304245
3.536633907870715,0.7162045064747963,1.1107832375445725,41.72806301279433,0.10197530686855316,0.686357855796814,1.0,0.050146927940659225
3.5414216649519763,0.7294288516848233,1.1663546375943288,41.778103524790815,0.07866083085536957,0.6848800778388977,1.0,0.05004051199648529
3.5414216649519763,0.7294288516848233,1.1663546375943288,41.82796047985993,0.08673731982707977,0.6845740675926208,1.0,0.04985695506911725
3.543806874040041,0.7384417939732566,1.2223833645347266,41.877976271877735,0.07595226168632507,0.6832253932952881,1.0,0.050015792017802596
3.543806874040041,0.7384417939732566,1.2223833645347266,41.92786118688036,0.08402463793754578,0.6829196214675903,1.0,0.04988491500262171
3.5469626376493175,0.7486550242653578,1.2778388360681097,41.977911620838306,0.06950438022613525,0.6815381646156311,1.0,0.05005043395794928
3.5469626376493175,0.7486550242653578,1.2778388360681097,42.02789965478677,0.07684725522994995,0.6788423657417297,1.0,0.04998803394846618
3.548890320277328,0.755789339928568,1.3349630204840068,42.07795655887548,0.06718623638153076,0.6372745633125305,1.0,0.05005690408870578
3.548890320277328,0.755789339928568,1.3349630204840068,42.12830197179664,0.07780607044696808,0.5897138118743896,1.0,0.05034541292116046
3.55261839845613,0.7666321489365467,1.391309416784869,42.177928435820824,0.05922168493270874,0.580937922000885,1.0,0.049626464024186134
3.55261839845613,0.7666321489365467,1.391309416784869,42.227905581793486,0.06609988212585449,0.5244473814964294,1.0,0.049977145972661674
3.5553321691933384,0.7794928397802138,1.4456050757294794,42.27788384686664,0.04515571892261505,0.521608829498291,1.0,0.049978265073150396
3.5553321691933384,0.7794928397802138,1.4456050757294794,42.32797324479997,0.05303181707859039,0.4586782157421112,1.0,0.05008939793333411
3.5553321691933384,0.7794928397802138,1.4456050757294794,42.37814994886957,0.0555960088968277,0.39137890934944153,1.0,0.05017670406959951
3.5553321691933384,0.7794928397802138,1.4456050757294794,42.427903109783976,0.060062259435653687,0.32176050543785095,1.0,0.04975316091440618
3.5572301271049587,0.7951762568281865,1.5326505178679073,42.47795266888078,0.03882749378681183,0.22586436569690704,1.0,0.05004955909680575
3.5572301271049587,0.7951762568281865,1.5326505178679073,42.5282101907951,0.041101887822151184,0.14398342370986938,1.0,0.050257521914318204
3.5572301271049587,0.7951762568281865,1.5326505178679073,42.57795164184153,0.04266040027141571,0.058285653591156006,1.0,0.049741451046429574
3.5572301271049587,0.7951762568281865,1.5326505178679073,42.62789225179676,0.0456937700510025,-0.025640172883868217,1.0,0.049940609955228865
3.5553525630431806,0.8050820311495535,1.5827525991203275,42.6778964867999,0.032166220247745514,-0.2842411994934082,1.0,0.05000423500314355
3.5553525630431806,0.8050820311495535,1.5827525991203275,42.72805898889873,0.03410036116838455,-0.3509989082813263,1.0,0.050162502098828554
3.5553525630431806,0.8050820311495535,1.5827525991203275,42.77802113487359,0.036822736263275146,-0.40765419602394104,1.0,0.049962145974859595
3.5553525630431806,0.8050820311495535,1.5827525991203275,42.82794480081156,0.040990374982357025,-0.4603384733200073,1.0,0.0499236659379676
3.5553525630431806,0.8050820311495535,1.5827525991203275,42.87797420888182,0.046388961374759674,-0.4995102286338806,1.0,0.050029408070258796
3.5553525630431806,0.8050820311495535,1.5827525991203275,42.927922226809635,0.05187889188528061,-0.5458341240882874,1.0,0.049948017927818
3.556209904411904,0.8204350681896696,1.5202669296234792,42.978084309813305,0.03335843235254288,-0.3798030614852905,1.0,0.05016208300366998
3.556209904411904,0.8204350681896696,1.5202669296234792,43.027911250800564,0.038424327969551086,-0.4385860860347748,1.0,0.04982694098725915
3.556209904411904,0.8204350681896696,1.5202669296234792,43.078277759807854,0.04445108026266098,-0.49713483452796936,1.0,0.050366509007290006
3.556209904411904,0.8204350681896696,1.5202669296234792,43.127926621790714,0.05042031407356262,-0.5552507042884827,1.0,0.04964886198285967
3.5562304263026583,0.8295137025559022,1.4385345413573156,43.177948935860506,0.045341938734054565,-0.40201225876808167,1.0,0.05002231406979263
3.5562304263026583,0.8295137025559022,1.4385345413573156,43.227924586827605,0.05133230984210968,-0.45113763213157654,1.0,0.04997565096709877
3.5562304263026583,0.8295137025559022,1.4385345413573156,43.277909360797814,0.05731731653213501,-0.5002174973487854,1.0,0.04998477397020906
3.5562304263026583,0.8295137025559022,1.4385345413573156,43.327954255831166,0.06342977285385132,-0.5506585836410522,1.0,0.05004489503335208
3.5559876644881,0.840291627445301,1.3550979733741628,43.37800985082958,0.054691627621650696,-0.3724459707736969,1.0,0.050055594998411834
3.5559876644881,0.840291627445301,1.3550979733741628,43.42801869483173,0.06001710146665573,-0.422111839056015,1.0,0.05000884400215
3.5559876644881,0.840291627445301,1.3550979733741628,43.47800230383381,0.06759551912546158,-0.4865889847278595,1.0,0.04998360900208354
3.5559876644881,0.840291627445301,1.3550979733741628,43.527915814863256,0.07605037093162537,-0.550725519657135,1.0,0.049913511029444635
3.5583222652442577,0.850202817963034,1.2741041906365755,43.57789480578594,0.06896534562110901,-0.26042529940605164,1.0,0.04997899092268199
3.5583222652442577,0.850202817963034,1.2741041906365755,43.62792070684463,0.0744176059961319,-0.33510103821754456,1.0,0.05002590105868876
3.5583222652442577,0.850202817963034,1.2741041906365755,43.677929774829856,0.08172911405563354,-0.3953276574611664,1.0,0.050009067985229194
3.5583222652442577,0.850202817963034,1.2741041906365755,43.728222902836016,0.08929161727428436,-0.43494871258735657,1.0,0.05029312800616026
3.562152934187529,0.8630720272890067,1.1972433407749532,43.7780187407925,0.08783960342407227,0.03171059489250183,1.0,0.04979583795648068
3.562152934187529,0.8630720272890067,1.1972433407749532,43.827913494868874,0.09351816028356552,0.0015867669135332108,1.0,0.04989475407637656
3.562152934187529,0.8630720272890067,1.1972433407749532,43.87795940981686,0.0992254689335823,-0.027937857434153557,1.0,0.0500459149479866
3.562152934187529,0.8630720272890067,1.1972433407749532,43.92792009384811,0.10495111346244812,-0.057509973645210266,1.0,0.04996068403124809
3.567059948869059,0.8748767214434207,1.1513378309544908,43.97793782883763,0.09790602326393127,0.3820025324821472,1.0,0.05001773498952389
3.567059948869059,0.8748767214434207,1.1513378309544908,44.02791936378434,0.1054387092590332,0.3548572063446045,1.0,0.04998153494670987
3.567059948869059,0.8748767214434207,1.1513378309544908,44.07792701080415,0.11248648166656494,0.3408420979976654,1.0,0.050007647019810975
3.567059948869059,0.8748767214434207,1.1513378309544908,44.1279992737991,0.11933569610118866,0.3312370479106903,1.0,0.05007226299494505
3.5753882705425046,0.893657990305488,1.1791394986406658,44.17790488779519,0.05301821231842041,0.6674237251281738,1.0,0.049905613996088505
3.5753882705425046,0.893657990305488,1.1791394986406658,44.22790172087934,0.05987770855426788,0.6679686307907104,1.0,0.04999683308415115
3.5763122637218325,0.8997661407284285,1.2101255406816767,44.2779275898074,0.05280347913503647,0.6647462248802185,1.0,0.050025868928059936
3.5763122637218325,0.8997661407284285,1.2101255406816767,44.328386704874895,0.061806321144104004,0.6609334945678711,1.0,0.050459115067496896
3.5763122637218325,0.8997661407284285,1.2101255406816767,44.37789962181795,0.07142418622970581,0.656171977519989,1.0,0.04951291694305837
3.5787817679828997,0.9046355099105102,1.2640060856597537,44.42789918286234,0.06917339563369751,0.6539304256439209,1.0,0.04999956104438752
3.5798700390257805,0.9074140608479385,1.3171904656926152,44.477932906797825,0.08560693264007568,0.5902227759361267,1.0,0.050033723935484886
3.5798700390257805,0.9074140608479385,1.3171904656926152,44.528685210826545,0.09727311134338379,0.5769776701927185,1.0,0.050752304028719664
3.582143344069127,0.9164369693244221,1.3714349377902544,44.57802584287219,0.08513039350509644,0.5877150893211365,1.0,0.04934063204564154
3.582143344069127,0.9164369693244221,1.3714349377902544,44.62796362579774,0.09408898651599884,0.5719420313835144,1.0,0.04993778292555362
3.582143344069127,0.9164369693244221,1.3714349377902544,44.677938596782944,0.10068953037261963,0.5481908917427063,1.0,0.04997497098520398
3.582143344069127,0.9164369693244221,1.3714349377902544,44.727803860565004,0.10842728614807129,0.5222982168197632,0.9974755644798279,0.04999146400950849
3.5849116882348997,0.93537033015364,1.469412304238935,44.77786527865781,0.06647065281867981,0.5343852639198303,1.0,0.05006141809280962
3.5849116882348997,0.93537033015364,1.469412304238935,44.82787589263852,0.07421505451202393,0.517193615436554,1.0,0.050010613980703056
3.5863098154584994,0.9517184130545543,1.513370795523872,44.87777994864835,0.04495243728160858,0.580731213092804,1.0,0.049904056009836495
3.5863098154584994,0.9517184130545543,1.513370795523872,44.92788968259218,0.049053460359573364,0.5610448718070984,1.0,0.05010973394382745
3.5863098154584994,0.9517184130545543,1.513370795523872,44.977911990608376,0.0565015971660614,0.5468565821647644,1.0,0.05002230801619589
3.5863098154584994,0.9517184130545543,1.513370795523872,45.02779702156066,0.0638725608587265,0.5376927852630615,1.0,0.04988503095228225
3.5869849110620438,0.9620305022104348,1.606042566133729,45.07793850266124,0.049056991934776306,0.39110067486763,1.0,0.050141481100581586
3.5869849110620438,0.9620305022104348,1.606042566133729,45.127893283620764,0.052222445607185364,0.376261442899704,1.0,0.049954780959524214
3.5869849110620438,0.9620305022104348,1.606042566133729,45.17814550258434,0.05537620186805725,0.36147838830947876,1.0,0.05025221896357834
3.5869849110620438,0.9620305022104348,1.606042566133729,45.22777218558575,0.06114993989467621,0.34860602021217346,1.0,0.04962668300140649
3.585229805686301,0.9732947314150027,1.6853616253985826,45.27774186863779,0.08032888174057007,-0.04576514661312103,1.0,0.04996968305204064
3.585229805686301,0.9732947314150027,1.6853616253985826,45.32795076666615,0.08603846281766891,-0.14778777956962585,1.0,0.05020889802835882
3.585229805686301,0.9732947314150027,1.6853616253985826,45.37782210263639,0.09165701270103455,-0.2523334324359894,1.0,0.04987133597023785
3.585229805686301,0.9732947314150027,1.6853616253985826,45.42778621265414,0.09744203835725784,-0.3491455614566803,1.0,0.04996411001775414
3.582380514122025,0.9897296833933642,1.7117136802756572,45.477791417629746,0.06744476407766342,-0.19371166825294495,1.0,0.05000520497560501
3.582380514122025,0.9897296833933642,1.7117136802756572,45.527798324597356,0.07257211953401566,-0.2881251871585846,1.0,0.05000690696761012
3.582380514122025,0.9897296833933642,1.7117136802756572,45.57779675164009,0.07887095957994461,-0.3823612630367279,1.0,0.0499984270427376
3.582380514122025,0.9897296833933642,1.7117136802756572,45.62781450455758,0.08669402450323105,-0.48275333642959595,1.0,0.05001775291748345
3.5801794732584837,1.0048132414832287,1.6662574781137056,45.67769875960174,0.08236727118492126,-0.32547280192375183,1.0,0.04988425504416227
3.5801794732584837,1.0048132414832287,1.6662574781137056,45.72811801464512,0.08978921175003052,-0.42846977710723877,1.0,0.05041925504337996
3.5801794732584837,1.0048132414832287,1.6662574781137056,45.77788565960462,0.09820007532835007,-0.5223501324653625,1.0,0.04976764495950192
3.5801794732584837,1.0048132414832287,1.6662574781137056,45.82788132364611,0.10681426525115967,-0.5995190739631653,1.0,0.04999566404148936
3.5786248154447087,1.022450688450464,1.594642619710844,45.87793833460408,0.09010642766952515,-0.2465134859085083,1.0,0.050057010957971215
3.5786248154447087,1.022450688450464,1.594642619710844,45.92780054757121,0.09649069607257843,-0.34003254771232605,1.0,0.04986221296712756
3.578249208073694,1.0330863415186697,1.549966375016621,45.97776280157949,0.09637342393398285,-0.16710203886032104,1.0,0.04996225400827825
3.578249208073694,1.0330863415186697,1.549966375016621,46.02846007061406,0.1031007170677185,-0.25914695858955383,1.0,0.050697269034571946
3.578249208073694,1.0330863415186697,1.549966375016621,46.07783242560207,0.11040960252285004,-0.34937623143196106,1.0,0.04937235498800874
3.578249208073694,1.0330863415186697,1.549966375016621,46.12783261866524,0.11791516840457916,-0.42600247263908386,1.0,0.05000019306316972
3.578249208073694,1.0330863415186697,1.549966375016621,46.17779215262952,0.12588635087013245,-0.4994364082813263,1.0,0.049959533964283764
3.5792036586498215,1.0537128215327745,1.5000254841160936,46.22787136364012,0.10794765502214432,-0.15368308126926422,1.0,0.050079211010597646
3.5792036586498215,1.0537128215327745,1.5000254841160936,46.277766904567656,0.11544357985258102,-0.22966134548187256,1.0,0.049895540927536786
3.5783276874646974,1.0639421572319734,1.4627413171144017,46.327818790573914,0.11458668112754822,-0.052648887038230896,1.0,0.05005188600625843
3.5783276874646974,1.0639421572319734,1.4627413171144017,46.37778484263207,0.12259180843830109,-0.12498506903648376,1.0,0.049966052058152854
3.578279358531486,1.0726513501869013,1.4367855454935272,46.42797006166755,0.12036103010177612,0.0320250540971756,1.0,0.0501852190354839
3.578279358531486,1.0726513501869013,1.4367855454935272,46.47782783956016,0.12838730216026306,-0.0405038446187973,1.0,0.04985777789261192
3.580600468255202,1.0838268594643716,1.427349971752864,46.52778414462908,0.12306636571884155,0.07804471254348755,1.0,0.04995630506891757
3.580600468255202,1.0838268594643716,1.427349971752864,46.57779031061317,0.1310558170080185,0.005844803526997566,1.0,0.05000616598408669
3.5832172912603864,1.0990423117900547,1.4264997709248963,46.627795970656265,0.1067371815443039,0.26836976408958435,1.0,0.05000566004309803
3.5832172912603864,1.0990423117900547,1.4264997709248963,46.67774767266336,0.11710894107818604,0.200387641787529,1.0,0.049951702007092535
3.585601178241436,1.1117360741093403,1.4286059574269299,46.72779125557962,0.1063828319311142,0.28888189792633057,1.0,0.050043582916259766
3.585601178241436,1.1117360741093403,1.4286059574269299,46.77775862464431,0.11715231835842133,0.22857043147087097,1.0,0.04996736906468868
3.5870318257275047,1.1207919504873696,1.4485435633892323,46.828196207650294,0.10406051576137543,0.2798818051815033,1.0,0.05043758300598711
3.5870318257275047,1.1207919504873696,1.4485435633892323,46.87783255358907,0.1143570989370346,0.2187308371067047,1.0,0.049636345938779414
3.5877523887442724,1.1305731832725157,1.4709963109885167,46.92780167365662,0.09984146058559418,0.2653638422489166,1.0,0.04996912006754428
3.5877523887442724,1.1305731832725157,1.4709963109885167,46.97777140362403,0.10952551662921906,0.19943580031394958,1.0,0.04996972996741533
3.5883170926846955,1.1395518149745207,1.4923412932149565,47.02782178566075,0.07739880681037903,0.6173782348632812,1.0,0.050050382036715746
3.5883170926846955,1.1395518149745207,1.4923412932149565,47.07780198555655,0.09076061844825745,0.5761680006980896,1.0,0.04998019989579916
3.58912023877471,1.1510060014590207,1.5139799729489127,47.127798305598375,0.07370506227016449,0.5939511656761169,1.0,0.04999632004182786
3.58912023877471,1.1510060014590207,1.5139799729489127,47.17781401065393,0.08616705238819122,0.5645974278450012,1.0,0.05001570505555719
3.58912023877471,1.1510060014590207,1.5139799729489127,47.227942292585325,0.10046511888504028,0.5293964743614197,1.0,0.05012828193139285
3.58912023877471,1.1510060014590207,1.5139799729489127,47.277799241600846,0.11271239817142487,0.4609542191028595,1.0,0.04985694901552051
3.5887518419554456,1.1677690684208517,1.6048508369747054,47.32782786060805,0.07350967824459076,0.43316450715065,1.0,0.05002861900720745
3.5887518419554456,1.1677690684208517,1.6048508369747054,47.37784220255661,0.08438874781131744,0.3524647355079651,1.0,0.05001434194855392
3.5878638527232862,1.1781288396178962,1.6480954959533283,47.42788232758856,0.06738202273845673,-0.198726624250412,1.0,0.05004012503195554
3.5878638527232862,1.1781288396178962,1.6480954959533283,47.4778922245673,0.07534801214933395,-0.28110170364379883,1.0,0.050009896978735924
3.5878638527232862,1.1781288396178962,1.6480954959533283,47.527864083654535,0.08452079445123672,-0.38110947608947754,1.0,0.049971859087236226
3.5878638527232862,1.1781288396178962,1.6480954959533283,47.5777956385932,0.09520015120506287,-0.4785269796848297,1.0,0.04993155493866652
3.586143148483978,1.1891077367032235,1.6789121247971972,47.6277867226231,0.09067846834659576,-0.46340736746788025,1.0,0.04999108402989805
3.586143148483978,1.1891077367032235,1.6789121247971972,47.67780616461049,0.10194776952266693,-0.5599263906478882,1.0,0.050019441987387836
3.586143148483978,1.1891077367032235,1.6789121247971972,47.72789262561808,0.11266952753067017,-0.6284871101379395,1.0,0.05008646100759506
3.586143148483978,1.1891077367032235,1.6789121247971972,47.77777992957952,0.12453955411911011,-0.6596412062644958,1.0,0.04988730396144092
3.5859309541480116,1.2058860689788808,1.5966835239957153,47.82830426563258,0.11535725742578506,-0.47063374519348145,1.0,0.050524336053058505
3.5859309541480116,1.2058860689788808,1.5966835239957153,47.87781741156458,0.1262625902891159,-0.5592994093894958,1.0,0.049513145931996405
3.5857028890290836,1.2165387071057188,1.5414710942395182,47.92779650062538,0.10790102183818817,-0.1718323826789856,1.0,0.04997908906079829
3.5857028890290836,1.2165387071057188,1.5414710942395182,47.97789018962747,0.11677639931440353,-0.24723397195339203,1.0,0.05009368900209665
3.5859500752224918,1.2312858698586877,1.4943026407349955,48.02775028965651,0.1210542768239975,-0.01650473289191723,1.0,0.0498601000290364
3.5859500752224918,1.2312858698586877,1.4943026407349955,48.07778787066444,0.12929998338222504,-0.09229843318462372,1.0,0.050037581007927656
3.5866148272171956,1.239049903910514,1.4701896829230385,48.1277952445739,0.1311187744140625,0.08346845209598541,1.0,0.05000737390946597
3.5866148272171956,1.239049903910514,1.4701896829230385,48.17780001159507,0.13906165957450867,0.01991342194378376,1.0,0.0500047670211643
3.5869763786909554,1.2479264541979824,1.4683600133195382,48.227935643640635,0.1359492540359497,0.13788661360740662,1.0,0.050135632045567036
3.5869763786909554,1.2479264541979824,1.4683600133195382,48.277815889573944,0.14382478594779968,0.07205915451049805,1.0,0.0498802459333092
3.5882349345731743,1.2627976915093546,1.4740338478559536,48.327883562661995,0.13896708190441132,0.1563555896282196,1.0,0.05006767308805138
3.5882349345731743,1.2627976915093546,1.4740338478559536,48.37778933160688,0.1467936933040619,0.08642102777957916,1.0,0.049905768944881856
3.588693723644427,1.2752835165515872,1.4839928996046068,48.42816968565556,0.14035141468048096,0.6046537756919861,1.0,0.05038035404868424
3.588693723644427,1.2752835165515872,1.4839928996046068,48.477810267598656,0.15225669741630554,0.5561186671257019,1.0,0.04964058194309473
3.5904825800514137,1.2897532566212393,1.4938451564615574,48.52823519660841,0.11223609745502472,0.6794740557670593,1.0,0.050424929009750485
3.5904825800514137,1.2897532566212393,1.4938451564615574,48.577803973581,0.12797994911670685,0.6494926810264587,1.0,0.04956877697259188
3.591030905216722,1.3054907391436157,1.5307253818309872,48.62789236766501,0.12496927380561829,0.6486032605171204,1.0,0.050088394084014
3.591030905216722,1.3054907391436157,1.5307253818309872,48.67780954857106,0.13818122446537018,0.6020854711532593,1.0,0.04991718090604991
3.5898470790817565,1.315300865954464,1.5869451967129753,48.72780274763453,0.13823430240154266,0.5688301920890808,1.0,0.049993199063465
3.5898470790817565,1.315300865954464,1.5869451967129753,48.77779645461804,0.11497512459754944,0.6948411464691162,1.0,0.04999370698351413
3.588666987275412,1.326422511335814,1.6385635760450767,48.82779767364944,0.11881944537162781,0.6003785729408264,1.0,0.05000121903140098
3.588666987275412,1.326422511335814,1.6385635760450767,48.877841783577864,0.12705616652965546,0.5194466710090637,1.0,0.050044109928421676
3.587320914745182,1.3405745632751465,1.692816524765495,48.92787766457285,0.10067225992679596,0.3516886234283447,1.0,0.05003588099498302
3.587320914745182,1.3405745632751465,1.692816524765495,48.97779934365052,0.10069553554058075,0.2270403802394867,1.0,0.04992167907766998
3.5853879348848463,1.3486944325498582,1.7424892511880772,49.027750609565814,0.07941055297851562,0.07376846671104431,1.0,0.04995126591529697
3.5853879348848463,1.3486944325498582,1.7424892511880772,49.07788372156891,0.08476470410823822,-0.05762512981891632,1.0,0.05013311200309545
3.5853879348848463,1.3486944325498582,1.7424892511880772,49.12776291860017,0.09143701195716858,-0.18842577934265137,1.0,0.04987919703125954
3.5853879348848463,1.3486944325498582,1.7424892511880772,49.17779343156825,0.09797926247119904,-0.3094419240951538,1.0,0.050030512968078256
3.5815083559090395,1.3678947917909758,1.7632354119931313,49.22777468257799,0.07236652821302414,-0.14528614282608032,1.0,0.049981251009739935
3.5815083559090395,1.3678947917909758,1.7632354119931313,49.277801617637564,0.07874883711338043,-0.2538549602031708,1.0,0.05002693505957723
3.5815083559090395,1.3678947917909758,1.7632354119931313,49.327907274600406,0.08563622832298279,-0.36025866866111755,1.0,0.05010565696284175
3.5815083559090395,1.3678947917909758,1.7632354119931313,49.37782087864569,0.09418182820081711,-0.4557556211948395,1.0,0.049913604045286775
3.5784147258913124,1.3823413626019365,1.7187666254719558,49.427773515584235,0.06918658316135406,-0.5310611128807068,1.0,0.04995263693854213
3.5784147258913124,1.3823413626019365,1.7187666254719558,49.477796977625516,0.07761071622371674,-0.6154377460479736,1.0,0.050023462041281164
3.5784147258913124,1.3823413626019365,1.7187666254719558,49.527790279600126,0.08567284047603607,-0.6849831938743591,1.0,0.049993301974609494
3.5784147258913124,1.3823413626019365,1.7187666254719558,49.57789249462756,0.09247568249702454,-0.7022218108177185,1.0,0.050102215027436614
3.576442352365393,1.3998294285024,1.628972890552042,49.627755814587985,0.09839195013046265,-0.5389582514762878,1.0,0.049863319960422814
3.576442352365393,1.3998294285024,1.628972890552042,49.67782219465106,0.10709060728549957,-0.6202582120895386,1.0,0.05006638006307185
3.5750468227091563,1.4083298376669438,1.5734591690039803,49.727815667639774,0.10456246137619019,-0.46647512912750244,1.0,0.04999347298871726
3.5750468227091563,1.4083298376669438,1.5734591690039803,49.77779802261601,0.11211389303207397,-0.5535330772399902,1.0,0.04998235497623682
3.5752721718725207,1.4173929850749862,1.529771570248174,49.82775727159559,0.10857244580984116,-0.441255122423172,1.0,0.04995924897957593
3.5752721718725207,1.4173929850749862,1.529771570248174,49.87782852363988,0.11644956469535828,-0.5357980132102966,1.0,0.050071252044290304
3.576315174177839,1.4276109942737871,1.4867924076225587,49.927943540627425,0.11316210776567459,-0.4273049235343933,1.0,0.05011501698754728
3.576315174177839,1.4276109942737871,1.4867924076225587,49.97775921761739,0.12058192491531372,-0.5135334730148315,1.0,0.04981567698996514
3.5774093259637203,1.4401428498801947,1.4440422042121073,50.02769645362376,0.1172955110669136,-0.3877534568309784,1.0,0.04993723600637168
3.5774093259637203,1.4401428498801947,1.4440422042121073,50.07781682757876,0.12443733215332031,-0.46052247285842896,1.0,0.05012037395499647
3.5793057139277895,1.454140123149748,1.4009602747804926,50.127998723655296,0.10451909899711609,-0.18347859382629395,1.0,0.05018189607653767
3.5793057139277895,1.454140123149748,1.4009602747804926,50.17776183761406,0.109773188829422,-0.2605312168598175,1.0,0.049763113958761096
3.5822348853306054,1.466472419311309,1.366235420116651,50.227894777555306,0.11017163097858429,0.36007657647132874,1.0,0.05013293994124979
3.5822348853306054,1.466472419311309,1.366235420116651,50.27781394858128,0.11895063519477844,0.2935422360897064,1.0,0.04991917102597654
3.585243706467305,1.475114198002485,1.3505719854570641,50.32777609257708,0.1081605851650238,0.40058887004852295,1.0,0.049962143995799124
3.585243706467305,1.475114198002485,1.3505719854570641,50.377824771574055,0.11729033291339874,0.3347744047641754,1.0,0.05004867899697274
3.587320638291298,1.4827376035912148,1.3762935560564857,50.42772175558592,0.10227948427200317,0.36092355847358704,1.0,0.04989698401186615
3.587320638291298,1.4827376035912148,1.3762935560564857,50.47782087058975,0.11225536465644836,0.2884905934333801,1.0,0.050099115003831685
3.587320638291298,1.4827376035912148,1.3762935560564857,50.52785089158668,0.12280663847923279,0.22041262686252594,1.0,0.050030020996928215
3.588793411865747,1.4923860338521957,1.4062697765205998,50.57780692366167,0.10919742286205292,0.24459215998649597,1.0,0.04995603207498789
3.588793411865747,1.4923860338521957,1.4062697765205998,50.627817309584756,0.1181730180978775,0.17441308498382568,1.0,0.0500103859230876
3.5897538634801243,1.5054442879261303,1.4323154997535228,50.677868124570054,0.10636702179908752,0.2093474268913269,1.0,0.05005081498529762
3.5897538634801243,1.5054442879261303,1.4323154997535228,50.72778262466407,0.11428196728229523,0.1374722421169281,1.0,0.04991450009401888
3.5910107227009767,1.513732588919512,1.4523711160514254,50.77778141061525,0.08749468624591827,0.5931380391120911,1.0,0.049998785951174796
3.5910107227009767,1.513732588919512,1.4523711160514254,50.82779935666575,0.10392120480537415,0.5535417199134827,1.0,0.05001794605050236
3.5927772710453927,1.5244088507250724,1.4691626251649619,50.87779291265859,0.08716487884521484,0.5846866369247437,1.0,0.04999355599284172
3.5927772710453927,1.5244088507250724,1.4691626251649619,50.927849200561,0.10405968129634857,0.5445239543914795,1.0,0.05005628790240735
3.5931845211838147,1.5351362293669768,1.5072153727790742,50.97779040365229,0.089053675532341,0.547217607498169,1.0,0.04994120309129357
3.5931845211838147,1.5351362293669768,1.5072153727790742,51.0278843685587,0.1035182774066925,0.506790816783905,1.0,0.05009396490640938
3.5931845211838147,1.5351362293669768,1.5072153727790742,51.077771477640894,0.11388228833675385,0.4517228603363037,1.0,0.04988710908219218
3.5931845211838147,1.5351362293669768,1.5072153727790742,51.12780529761902,0.12386658787727356,0.3946741819381714,1.0,0.05003381997812539
3.594041623016639,1.5560085423536731,1.6000659563552935,51.17793572066101,0.07972580194473267,0.4234005808830261,1.0,0.05013042304199189
3.594041623016639,1.5560085423536731,1.6000659563552935,51.22777724161959,0.0899113118648529,0.35470280051231384,1.0,0.04984152095858008
3.5943925110146515,1.5653143732754002,1.6375517337273857,51.27778130456089,0.07841350138187408,0.3221220076084137,1.0,0.05000406294129789
3.5943925110146515,1.5653143732754002,1.6375517337273857,51.327812293667634,0.08644630014896393,0.2385174036026001,1.0,0.05003098910674453
3.5943925110146515,1.5653143732754002,1.6375517337273857,51.377930386580815,0.09283210337162018,0.1390495002269745,1.0,0.05011809291318059
3.5943925110146515,1.5653143732754002,1.6375517337273857,51.42777515960141,0.09969063103199005,0.023736240342259407,1.0,0.04984477302059531
3.592183071703493,1.5823209473952053,1.6977158915080037,51.47788452765188,0.0789823979139328,0.13565665483474731,1.0,0.05010936805047095
3.592183071703493,1.5823209473952053,1.6977158915080037,51.52790136065549,0.08666180074214935,0.047700315713882446,1.0,0.05001683300361037
3.592183071703493,1.5823209473952053,1.6977158915080037,51.577871363616836,0.09432713687419891,-0.0400935560464859,1.0,0.04997000296134502
3.592183071703493,1.5823209473952053,1.6977158915080037,51.627738252638196,0.1014428660273552,-0.11869567632675171,1.0,0.049866889021359384
3.5899956974124883,1.5966483138074263,1.7163860414030017,51.678070821573314,0.08648882806301117,-0.5508889555931091,1.0,0.050332568935118616
3.5899956974124883,1.5966483138074263,1.7163860414030017,51.72807769058953,0.09596127271652222,-0.6090292930603027,1.0,0.050006869016215205
3.5899956974124883,1.5966483138074263,1.7163860414030017,51.77799906663812,0.10459713637828827,-0.6674900054931641,1.0,0.04992137604858726
3.5899956974124883,1.5966483138074263,1.7163860414030017,51.827759435640004,0.1158667504787445,-0.6866671442985535,1.0,0.04976036900188774
3.587655672065654,1.6150533736445194,1.6707374799395294,51.87783472461841,0.09047020971775055,-0.44535383582115173,1.0,0.0500752889784053
3.587655672065654,1.6150533736445194,1.6707374799395294,51.927768758621355,0.10175840556621552,-0.5420355796813965,1.0,0.04993403400294483
3.587454748031329,1.626663496854451,1.611965210656237,51.977881233563934,0.0940074771642685,-0.3151707947254181,1.0,0.050112474942579865
3.587454748031329,1.626663496854451,1.611965210656237,52.02780148364353,0.10536130517721176,-0.4113626182079315,1.0,0.04992025007959455
3.587454748031329,1.626663496854451,1.611965210656237,52.07780130161653,0.1163046583533287,-0.5014282464981079,1.0,0.04999981797300279
3.587454748031329,1.626663496854451,1.611965210656237,52.127793503582765,0.1265365034341812,-0.581139087677002,1.0,0.04999220196623355
3.5872196174613227,1.6492880334240667,1.5343759914483854,52.17783683562401,0.10841348022222519,-0.15661762654781342,1.0,0.05004333204124123
3.5872196174613227,1.6492880334240667,1.5343759914483854,52.22778784263163,0.11730029433965683,-0.23211617767810822,1.0,0.04995100700762123
3.588076341579314,1.6614979982240339,1.4848583522511802,52.27790547558787,0.11135783791542053,0.19851189851760864,1.0,0.05011763295624405
3.588076341579314,1.6614979982240339,1.4848583522511802,52.32778015663597,0.11964613199234009,0.12232658267021179,1.0,0.049874681048095226
3.589464424274534,1.6773667332209727,1.4604174156106258,52.37780411460652,0.12057292461395264,0.2972387373447418,1.0,0.050023957970552146
3.589464424274534,1.6773667332209727,1.4604174156106258,52.427785051644136,0.1298629641532898,0.22251129150390625,1.0,0.04998093703761697
3.5902939377960728,1.686683048594867,1.46981494713355,52.4778992215938,0.12330205738544464,0.31449225544929504,1.0,0.050114169949665666
3.5902939377960728,1.686683048594867,1.46981494713355,52.52837168658833,0.1322053074836731,0.2378740906715393,1.0,0.0504724649945274
3.59093397294436,1.6985006664772642,1.4945235207159155,52.57790649065963,0.10911567509174347,0.6685705780982971,1.0,0.04953480407129973
3.59093397294436,1.6985006664772642,1.4945235207159155,52.62778285658668,0.12727764248847961,0.6349928379058838,1.0,0.04987636592704803
3.5910922672043317,1.7134878980448298,1.5185635766948262,52.67779297463811,0.09408415853977203,0.6833383440971375,1.0,0.05001011805143207
3.5910922672043317,1.7134878980448298,1.5185635766948262,52.72777235357306,0.10601435601711273,0.6833957433700562,1.0,0.049979378934949636
3.591538239774342,1.7252407183665708,1.567781128236453,52.777773578658056,0.10520714521408081,0.6787043809890747,1.0,0.050001225084997714
3.591538239774342,1.7252407183665708,1.567781128236453,52.82778906159318,0.1212734580039978,0.6436681747436523,1.0,0.050015482935123146
3.5907024449364093,1.7336627442813897,1.624075117206985,52.87779899559199,0.12388856709003448,0.16740061342716217,1.0,0.050009933998808265
3.5907024449364093,1.7336627442813897,1.624075117206985,52.927817661671256,0.13086804747581482,0.07196100056171417,1.0,0.05001866607926786
3.5895137477657943,1.7439446602059987,1.6847695866663692,52.97782742756634,0.12489233911037445,-0.015064774081110954,1.0,0.05000976589508355
3.5895137477657943,1.7439446602059987,1.6847695866663692,53.02776993765245,0.1310880482196808,-0.11666913330554962,1.0,0.049942510086111724
3.5876392890547497,1.7576692564529082,1.711030791608458,53.07788681763439,0.12495316565036774,-0.10597716271877289,1.0,0.050116879981942475
3.5876392890547497,1.7576692564529082,1.711030791608458,53.12778791157278,0.1306144893169403,-0.20838436484336853,1.0,0.04990109393838793
3.585523153292644,1.7713650442701636,1.7071824911027325,53.1777584636652,0.1103927344083786,0.08169692754745483,1.0,0.049970552092418075
3.585523153292644,1.7713650442701636,1.7071824911027325,53.22781708860519,0.11570648103952408,-0.020766092464327812,1.0,0.050058624939993024
3.5836107285645644,1.7838853966487733,1.693296874227074,53.27819583856716,0.10988935828208923,0.10907578468322754,1.0,0.050378749961964786
3.5836107285645644,1.7838853966487733,1.693296874227074,53.328016774619286,0.11517411470413208,0.013720544055104256,1.0,0.04982093605212867
3.582021658550506,1.7958013132202613,1.691771532169388,53.377896262572435,0.11016607284545898,0.11413171887397766,1.0,0.04987948795314878
3.582021658550506,1.7958013132202613,1.691771532169388,53.427796498646316,0.11536447703838348,0.01959899254143238,1.0,0.04990023607388139
3.580456746668051,1.8081208159675215,1.6992543356191145,53.477896554635194,0.1018793135881424,-0.44097307324409485,1.0,0.05010005598887801
3.580456746668051,1.8081208159675215,1.6992543356191145,53.52779352665628,0.10791493952274323,-0.5139179229736328,1.0,0.049896972021088004
3.5784008130020837,1.8167400481555218,1.7029731360169562,53.57782926958269,0.10153778642416,-0.45914241671562195,1.0,0.05003574292641133
3.5784008130020837,1.8167400481555218,1.7029731360169562,53.62779608858499,0.1078433245420456,-0.5208657383918762,1.0,0.04996681900229305
3.576922200176195,1.8273001853298658,1.6651239257007084,53.67780622957024,0.10390979796648026,-0.3470998704433441,1.0,0.05001014098525047
3.576922200176195,1.8273001853298658,1.6651239257007084,53.72777583066589,0.10960462689399719,-0.4346979856491089,1.0,0.04996960109565407
3.575850755492208,1.8380229612848684,1.6243597750090635,53.77780880465387,0.08637119829654694,0.5501577258110046,1.0,0.05003297398798168
3.575850755492208,1.8380229612848684,1.6243597750090635,53.82781848859257,0.09239475429058075,0.44054970145225525,1.0,0.05000968393869698
3.5755956836367195,1.8506463149103913,1.5886556261834521,53.87773887557658,0.08758451044559479,0.5603445172309875,1.0,0.04992038698401302
3.5755956836367195,1.8506463149103913,1.5886556261834521,53.92780674761842,0.0949711948633194,0.4608009159564972,1.0,0.05006787204183638
3.576088014547608,1.8602793304245797,1.6051400495811494,53.97773826961155,0.0816548764705658,0.4263622760772705,1.0,0.049931521993130445
3.576088014547608,1.8602793304245797,1.6051400495811494,54.02787768259394,0.08581030368804932,0.3039059340953827,1.0,0.05013941298238933
3.576088014547608,1.8602793304245797,1.6051400495811494,54.07800918259407,0.09233294427394867,0.173958420753479,1.0,0.05013150000013411
3.576088014547608,1.8602793304245797,1.6051400495811494,54.12837417366198,0.09865367412567139,0.04479612410068512,1.0,0.050364991067908704
3.575100137437476,1.878445548114456,1.680482091112909,54.17781912256713,0.05887284874916077,-0.023273644968867302,1.0,0.04944494890514761
3.575100137437476,1.878445548114456,1.680482091112909,54.22788555466785,0.06529506295919418,-0.15404431521892548,1.0,0.050066432100720704
3.575100137437476,1.878445548114456,1.680482091112909,54.27788080066192,0.07125359028577805,-0.2654244601726532,1.0,0.04999524599406868
3.575100137437476,1.878445548114456,1.680482091112909,54.32782610459934,0.0772152915596962,-0.3746371865272522,1.0,0.04994530393742025
3.5728497624912587,1.8946563467511672,1.6778041194814728,54.37788579858123,0.05454138666391373,-0.172544464468956,1.0,0.05005969398189336
3.5728497624912587,1.8946563467511672,1.6778041194814728,54.4277744445785,0.06047946959733963,-0.2773188352584839,1.0,0.04988864599727094
3.5728497624912587,1.8946563467511672,1.6778041194814728,54.477838129626875,0.06641779839992523,-0.3816051781177521,1.0,0.05006368504837155
3.5728497624912587,1.8946563467511672,1.6778041194814728,54.52787628758914,0.07430461794137955,-0.47138711810112,1.0,0.05003815796226263
3.57140773966288,1.9052856489099528,1.6294365719122756,54.57784037059854,0.07253250479698181,-0.6908407211303711,1.0,0.049964083009399474
3.57140773966288,1.9052856489099528,1.6294365719122756,54.627885622561266,0.0796201229095459,-0.7164391279220581,1.0,0.0500452519627288
3.57140773966288,1.9052856489099528,1.6294365719122756,54.677877025569146,0.08967255055904388,-0.7248494029045105,1.0,0.04999140300787985
3.57140773966288,1.9052856489099528,1.6294365719122756,54.72776675166777,0.10022522509098053,-0.7284054160118103,1.0,0.04988972609862685
3.5707387151694663,1.9193892314694674,1.5281360447248664,54.77782699967018,0.10534912347793579,-0.6785743832588196,1.0,0.050060248002409935
3.5707387151694663,1.9193892314694674,1.5281360447248664,54.827786813613315,0.11570242047309875,-0.6906126737594604,1.0,0.04995981394313276
3.570526738212914,1.9315577543405338,1.467220979599473,54.877732705564526,0.09255966544151306,-0.5689618587493896,1.0,0.0499458919512108
3.570526738212914,1.9315577543405338,1.467220979599473,54.927922325564836,0.10447309911251068,-0.642763078212738,1.0,0.05018962000031024
3.5720314263590254,1.9433727966492793,1.4107780270254364,54.97774173261813,0.1009017825126648,-0.5210697054862976,1.0,0.0498194070532918
3.5720314263590254,1.9433727966492793,1.4107780270254364,55.02775662358134,0.11241798102855682,-0.5918839573860168,1.0,0.050014890963211656
3.5747970992098796,1.9592125441051602,1.3577571909934223,55.07785218558955,0.10754043608903885,-0.0212965440005064,1.0,0.05009556200820953
3.5747970992098796,1.9592125441051602,1.3577571909934223,55.127760681563345,0.11207237839698792,-0.10973906517028809,1.0,0.04990849597379565
3.5766379096693344,1.9712754231942606,1.3112930827237,55.17780415155674,0.09308329224586487,0.19312965869903564,1.0,0.050043469993397593
3.5766379096693344,1.9712754231942606,1.3112930827237,55.2277483396533,0.10109592974185944,0.1289173662662506,1.0,0.04994418809656054
3.579489664496932,1.984941253343459,1.3044948361095066,55.277692709590596,0.08920834958553314,0.2226034700870514,1.0,0.04994436993729323
3.579489664496932,1.984941253343459,1.3044948361095066,55.32780980261258,0.09777078032493591,0.1641131192445755,1.0,0.05011709302198142
3.579489664496932,1.984941253343459,1.3044948361095066,55.377920458565754,0.10596396028995514,0.10193777084350586,1.0,0.05011065595317632
3.579489664496932,1.984941253343459,1.3044948361095066,55.427844896570136,0.11268402636051178,0.03915996849536896,1.0,0.049924438004381955
3.579489664496932,1.984941253343459,1.3044948361095066,55.4777789185823,0.11982080340385437,-0.031201926991343498,1.0,0.04993402201216668
3.5837810985054155,2.0026361261820145,1.3335509436602702,55.52779089264321,0.06688307225704193,0.5796666741371155,1.0,0.05001197406090796
3.5870250069025595,2.0174650185777767,1.3353863117361804,55.57771761564753,0.048404306173324585,0.6294505596160889,1.0,0.049926723004318774
3.5870250069025595,2.0174650185777767,1.3353863117361804,55.62774894259154,0.06459289789199829,0.5916317701339722,1.0,0.05003132694400847
3.58920690886047,2.029222728706257,1.3603253796546262,55.6777773925637,0.04813098907470703,0.6110818982124329,1.0,0.05002844997216016
3.58920690886047,2.029222728706257,1.3603253796546262,55.72789117857563,0.06585966050624847,0.5713367462158203,1.0,0.05011378601193428
3.5911703519746254,2.035366192290047,1.4085568861177153,55.777893355588716,0.05147375166416168,0.5602076649665833,1.0,0.05000217701308429
3.5911703519746254,2.035366192290047,1.4085568861177153,55.827808671637726,0.07130950689315796,0.5176237225532532,1.0,0.04991531604900956
3.5911703519746254,2.035366192290047,1.4085568861177153,55.87790428056131,0.0870499461889267,0.4627625048160553,1.0,0.05009560892358422
3.5911703519746254,2.035366192290047,1.4085568861177153,55.92778206966567,0.09786032140254974,0.395911306142807,1.0,0.04987778910435736
3.5911703519746254,2.035366192290047,1.4085568861177153,55.977789219592054,0.10857445001602173,0.3331544101238251,1.0,0.050007149926386774
3.5932026774889105,2.0487536333620056,1.5027694312253728,56.02783228259749,0.07106904685497284,0.6086543202400208,1.0,0.05004306300543249
3.5932026774889105,2.0487536333620056,1.5027694312253728,56.07778226363688,0.0842675119638443,0.5770055651664734,1.0,0.04994998103938997
3.5932026774889105,2.0487536333620056,1.5027694312253728,56.12786949356767,0.09918251633644104,0.5429651141166687,1.0,0.05008722993079573
3.5939142071341292,2.0686953219261976,1.5751966475952563,56.17773239955521,0.0531303733587265,0.5891950726509094,1.0,0.0498629059875384
3.5939142071341292,2.0686953219261976,1.5751966475952563,56.227880186640945,0.06783154606819153,0.5500494241714478,1.0,0.05014778708573431
3.5939142071341292,2.0686953219261976,1.5751966475952563,56.27774963563523,0.08085991442203522,0.49522075057029724,1.0,0.04986944899428636
3.5939142071341292,2.0686953219261976,1.5751966475952563,56.327748496557874,0.08990049362182617,0.4195265471935272,1.0,0.04999886092264205
3.5939142071341292,2.0686953219261976,1.5751966475952563,56.37778550666506,0.09899036586284637,0.3309521973133087,1.0,0.05003701010718942
3.5929222113648254,2.0870274027898854,1.6712464797443893,56.427761032602106,0.06933633983135223,0.3043513298034668,1.0,0.04997552593704313
3.5929222113648254,2.0870274027898854,1.6712464797443893,56.477795951657285,0.07904604077339172,0.2160005420446396,1.0,0.05003491905517876
3.5929222113648254,2.0870274027898854,1.6712464797443893,56.52799391258257,0.08671413362026215,0.12817493081092834,1.0,0.0501979609252885
3.5929222113648254,2.0870274027898854,1.6712464797443893,56.57774288661993,0.09428729116916656,0.04174123704433441,1.0,0.049748974037356675
3.5902686013771703,2.1057306419716895,1.7345591504537052,56.62781728362414,0.06041952967643738,-0.3548544645309448,1.0,0.05007439700420946
3.5902686013771703,2.1057306419716895,1.7345591504537052,56.678313363583115,0.06931448727846146,-0.422810822725296,1.0,0.050496079958975315
3.5902686013771703,2.1057306419716895,1.7345591504537052,56.7279853776631,0.07859085500240326,-0.4955418109893799,1.0,0.049672014079988
3.5902686013771703,2.1057306419716895,1.7345591504537052,56.77772917960054,0.08861741423606873,-0.58085036277771,1.0,0.04974380193743855
3.5873915669619127,2.1209062858756424,1.7203283978599104,56.82781804458453,0.06612817943096161,-0.2747825086116791,1.0,0.05008886498399079
3.5873915669619127,2.1209062858756424,1.7203283978599104,56.87782165362249,0.07589354366064072,-0.3804421126842499,1.0,0.050003609037958086
3.5873915669619127,2.1209062858756424,1.7203283978599104,56.92811586359265,0.08699136227369308,-0.4760739505290985,1.0,0.05029420997016132
3.5873915669619127,2.1209062858756424,1.7203283978599104,56.97778370464901,0.09798651933670044,-0.5723850131034851,1.0,0.049667841056361794
3.5865675716020577,2.1371268919573616,1.6418590052309465,57.027882408590344,0.08988611400127411,-0.2825849950313568,1.0,0.050098703941330314
3.5865675716020577,2.1371268919573616,1.6418590052309465,57.077806408640285,0.10026734322309494,-0.37780052423477173,1.0,0.04992400004994124
3.5865675716020577,2.1371268919573616,1.6418590052309465,57.127897539648515,0.11188649386167526,-0.4724728763103485,1.0,0.05009113100823015
3.5865675716020577,2.1371268919573616,1.6418590052309465,57.177785600658794,0.12325678765773773,-0.5605080723762512,1.0,0.04988806101027876
3.5867728510020713,2.1598798258800858,1.5648058660134028,57.22786633659369,0.10451898723840714,-0.10836514830589294,1.0,0.05008073593489826
3.5867728510020713,2.1598798258800858,1.5648058660134028,57.277779049596106,0.11367814987897873,-0.1843108832836151,1.0,0.04991271300241351
3.5866659498982965,2.1713184916656285,1.5204235793767595,57.32799730264331,0.10214942693710327,0.23059183359146118,1.0,0.05021825304720551
3.5866659498982965,2.1713184916656285,1.5204235793767595,57.37778343365743,0.11136437952518463,0.15413875877857208,1.0,0.04978613101411611
3.586470008861322,2.182350560752756,1.494098091581366,57.42779703660152,0.10837836563587189,0.3293212354183197,1.0,0.05001360294409096
3.586470008861322,2.182350560752756,1.494098091581366,57.47777956166054,0.11937405169010162,0.25296729803085327,1.0,0.04998252505902201
3.5868403957738044,2.1957765193911216,1.5020173161963297,57.52789805655583,0.11489453911781311,0.33689406514167786,1.0,0.05011849489528686
3.5868403957738044,2.1957765193911216,1.5020173161963297,57.57773998159199,0.1254183053970337,0.25570082664489746,1.0,0.04984192503616214
3.5873962811450175,2.208320902485051,1.5285507503796198,57.6278212616521,0.12038406729698181,0.28818124532699585,1.0,0.050081280060112476
3.5873962811450175,2.208320902485051,1.5285507503796198,57.67776974861725,0.12850631773471832,0.20275139808654785,1.0,0.04994848696514964
3.587126731146607,2.2275046446301245,1.556372377113844,57.72782088164921,0.1088966429233551,0.4174818992614746,1.0,0.05005113303195685
3.587126731146607,2.2275046446301245,1.556372377113844,57.77779949457134,0.1206781268119812,0.33122026920318604,1.0,0.049978612922132015
3.586644729375609,2.239826619481899,1.5783375985202253,57.827771638643284,0.11502054333686829,0.3699263334274292,1.0,0.04997214407194406
3.586644729375609,2.239826619481899,1.5783375985202253,57.87773482257715,0.12324808537960052,0.28329113125801086,1.0,0.049963183933869004
3.5870868203235036,2.253331613040004,1.6095429893423747,57.928120800650035,0.1001703143119812,0.47455111145973206,1.0,0.0503859780728817
3.5870868203235036,2.253331613040004,1.6095429893423747,57.97777422564785,0.11026938259601593,0.3848300576210022,1.0,0.049653424997814
3.586515090725324,2.2635226917859614,1.6390860314427398,58.027911000659046,0.1042403131723404,0.3955121636390686,1.0,0.05013677501119673
3.586515090725324,2.2635226917859614,1.6390860314427398,58.07778366655792,0.11260153353214264,0.2989952564239502,1.0,0.0498726658988744
3.58510874399337,2.275043016825557,1.6743750551297694,58.12788399158261,0.10657921433448792,0.2825188934803009,1.0,0.050100325024686754
3.58510874399337,2.275043016825557,1.6743750551297694,58.17778904457326,0.11186490952968597,0.18125025928020477,1.0,0.04990505299065262
3.583301603190582,2.2849959293544897,1.7051825093947999,58.22799735656689,0.09604404866695404,-0.35306814312934875,1.0,0.05020831199362874
3.583301603190582,2.2849959293544897,1.7051825093947999,58.2777711825979,0.10139191150665283,-0.45639753341674805,1.0,0.04977382603101432
3.5806737748031514,2.2975907220051406,1.7278962523910897,58.3277808376656,0.09471507370471954,-0.43165668845176697,1.0,0.05000965506769717
3.5806737748031514,2.2975907220051406,1.7278962523910897,58.37774600357032,0.10053792595863342,-0.5231478810310364,1.0,0.04996516590472311
3.5779635519936543,2.309974926577615,1.7037955492211112,58.427753318573636,0.09630892425775528,-0.35785189270973206,1.0,0.050007315003313124
3.5779635519936543,2.309974926577615,1.7037955492211112,58.477829678573,0.10158402472734451,-0.45512112975120544,1.0,0.050076359999366105
3.5779635519936543,2.309974926577615,1.7037955492211112,58.52795359364926,0.10787303745746613,-0.523002564907074,1.0,0.0501239150762558
3.5779635519936543,2.309974926577615,1.7037955492211112,58.57777660666714,0.11518190801143646,-0.5738736987113953,1.0,0.04982301301788539
3.57647435971523,2.3310339134012756,1.625986096106985,58.627904681612094,0.09046152234077454,0.06283876299858093,1.0,0.05012807494495064
3.57647435971523,2.3310339134012756,1.625986096106985,58.67780641059606,0.09577912837266922,-0.033897265791893005,1.0,0.049901728983968496
3.57611900067847,2.341936902325568,1.5796594069417371,58.727883707622354,0.09384821355342865,0.20374242961406708,1.0,0.05007729702629149
3.57611900067847,2.341936902325568,1.5796594069417371,58.777786721598645,0.06492836773395538,0.6865351796150208,1.0,0.04990301397629082
3.575951703015922,2.350434602265883,1.5628814816373324,58.82773393055639,0.07254940271377563,0.6653981804847717,1.0,0.049947208957746625
3.575951703015922,2.350434602265883,1.5628814816373324,58.87787064456596,0.08707663416862488,0.601277232170105,1.0,0.050136714009568095
3.575951703015922,2.350434602265883,1.5628814816373324,58.928383877624114,0.10093832015991211,0.5278515815734863,1.0,0.05051323305815458
3.575951703015922,2.350434602265883,1.5628814816373324,58.97779561265587,0.1054406464099884,0.4121256172657013,1.0,0.04941173503175378
3.5747298613600758,2.3694762393724647,1.6494468929517074,59.027895787621205,0.061016201972961426,0.3161180019378662,1.0,0.05010017496533692
3.5747298613600758,2.3694762393724647,1.6494468929517074,59.07775454456667,0.06753373146057129,0.186272531747818,1.0,0.049858756945468485
3.5733913874579337,2.3809058716048,1.6903512886691916,59.12781959959055,0.04144153743982315,-0.36272817850112915,1.0,0.05006505502387881
3.5733913874579337,2.3809058716048,1.6903512886691916,59.17787790857936,0.047976844012737274,-0.4869728088378906,1.0,0.050058308988809586
3.5733913874579337,2.3809058716048,1.6903512886691916,59.22774053062993,0.05722743272781372,-0.5880085229873657,1.0,0.04986262205056846
3.5733913874579337,2.3809058716048,1.6903512886691916,59.27780751465569,0.06644023954868317,-0.6744158267974854,1.0,0.050066984025761485
3.570912433233226,2.396615059105653,1.6852471318117328,59.327832060640034,0.03896799683570862,-0.5228474140167236,1.0,0.050024545984342694
3.570912433233226,2.396615059105653,1.6852471318117328,59.37774591264996,0.04760818928480148,-0.598002552986145,1.0,0.049913852009922266
3.5690170092636078,2.4037394265736265,1.6333142136736476,59.42779135762929,0.04703269153833389,-0.470397025346756,1.0,0.05004544497933239
3.5690170092636078,2.4037394265736265,1.6333142136736476,59.47826838761783,0.0551750585436821,-0.5510445833206177,1.0,0.0504770299885422
3.5690170092636078,2.4037394265736265,1.6333142136736476,59.52788638359151,0.06360146403312683,-0.6250072121620178,1.0,0.04961799597367644
3.5690170092636078,2.4037394265736265,1.6333142136736476,59.577778023558025,0.07188448309898376,-0.6977110505104065,1.0,0.04989163996651769
3.568568099431391,2.4116291168491357,1.5415504803792381,59.62789367361209,0.07599799335002899,-0.49560287594795227,1.0,0.05011565005406737
3.568568099431391,2.4116291168491357,1.5415504803792381,59.67787477863702,0.08410532027482986,-0.5757229924201965,1.0,0.049981105024926364
3.5686223134491892,2.4190187308897357,1.4880385731343542,59.728217169649255,0.10043440759181976,-0.5692070722579956,1.0,0.050342391012236476
3.5686223134491892,2.4190187308897357,1.4880385731343542,59.777769401559894,0.11133505403995514,-0.6460276246070862,1.0,0.04955223191063851
3.5686223134491892,2.4190187308897357,1.4880385731343542,59.82809800562198,0.12201547622680664,-0.6678755879402161,1.0,0.050328604062087834
3.5686223134491892,2.4190187308897357,1.4880385731343542,59.877753752639805,0.13242429494857788,-0.6799785494804382,1.0,0.04965574701782316
3.5715211338908373,2.4480737930656327,1.3876352645541399,59.927872968611595,0.0942680686712265,-0.3953951597213745,1.0,0.050119215971790254
3.5715211338908373,2.4480737930656327,1.3876352645541399,59.977783498593894,0.10393501818180084,-0.4785861670970917,1.0,0.04991052998229861
3.5743069660532285,2.462205735840776,1.3321729359954244,60.02780822758312,0.08467701822519302,-0.184768408536911,1.0,0.050024728989228606
3.5743069660532285,2.462205735840776,1.3321729359954244,60.07780939166649,0.08897125720977783,-0.2838117778301239,1.0,0.050001164083369076
3.5743069660532285,2.462205735840776,1.3321729359954244,60.12782712060242,0.096101313829422,-0.3769301474094391,1.0,0.05001772893592715
3.5743069660532285,2.462205735840776,1.3321729359954244,60.1778002716669,0.10567533224821091,-0.4559090733528137,1.0,0.04997315106447786
3.58007771393754,2.484016738829667,1.2655849483701649,60.227901358629865,0.0853714793920517,0.3420373201370239,1.0,0.05010108696296811
3.58007771393754,2.484016738829667,1.2655849483701649,60.27791968163318,0.09368190169334412,0.28307968378067017,1.0,0.050018323003314435
3.58007771393754,2.484016738829667,1.2655849483701649,60.32778656564868,0.10211920738220215,0.23102612793445587,1.0,0.049866884015500546
3.58007771393754,2.484016738829667,1.2655849483701649,60.37778751960239,0.1112399697303772,0.17307160794734955,1.0,0.05000095395371318
3.5877824731636316,2.5086716302498577,1.2440490409252682,60.428020967643064,0.04320846498012543,0.6817954182624817,1.0,0.05023344804067165
3.5877824731636316,2.5086716302498577,1.2440490409252682,60.477867391665754,0.05175568908452988,0.6760594248771667,1.0,0.04984642402268946
3.592198081670704,2.523408793516867,1.263025209327593,60.527960036655244,0.01703958958387375,0.679082453250885,1.0,0.05009264498949051
3.592198081670704,2.523408793516867,1.263025209327593,60.577806198627044,0.027473554015159607,0.6797143816947937,1.0,0.04984616197180003
3.592198081670704,2.523408793516867,1.263025209327593,60.62774433161347,0.03788524866104126,0.680334746837616,1.0,0.04993813298642635
3.592198081670704,2.523408793516867,1.263025209327593,60.67778704362671,0.04899589717388153,0.6810091137886047,1.0,0.05004271201323718
3.596995798135423,2.5351460787381264,1.3696864932479058,60.72788702161732,0.026627972722053528,0.6782360672950745,1.0,0.05009997799061239
3.596995798135423,2.5351460787381264,1.3696864932479058,60.777788324637626,0.03818508982658386,0.6790971159934998,1.0,0.04990130302030593
3.597704099041289,2.543787581389697,1.429008296592223,60.82775665762118,0.026756584644317627,0.6795312166213989,1.0,0.04996833298355341
3.597704099041289,2.543787581389697,1.429008296592223,60.87784260558645,0.03828310966491699,0.6803901195526123,1.0,0.05008594796527177
3.59957805284998,2.550506937428022,1.4877146836192732,60.92776888062461,0.048412010073661804,0.6730992197990417,1.0,0.049926275038160384
3.59957805284998,2.550506937428022,1.4877146836192732,60.97782252159185,0.0572725385427475,0.6600199341773987,1.0,0.05005364096723497
3.600111329169918,2.5553395424886234,1.546615525999908,61.027895302634974,0.04261142015457153,0.6397671103477478,1.0,0.05007278104312718
3.600111329169918,2.5553395424886234,1.546615525999908,61.07781175256922,0.05547204613685608,0.6087971925735474,1.0,0.049916449934244156
3.6010402091257703,2.563144077052325,1.6010795013226828,61.127762707655606,0.04058760404586792,0.5902731418609619,1.0,0.049950955086387694
3.6010402091257703,2.563144077052325,1.6010795013226828,61.17774725461594,0.05517929792404175,0.5515012741088867,1.0,0.0499845469603315
3.6013989522736765,2.5682903649179845,1.6517159792165965,61.22776287864643,0.06933861970901489,0.3719399869441986,1.0,0.0500156240304932
3.6013989522736765,2.5682903649179845,1.6517159792165965,61.27781368059321,0.07946893572807312,0.2810753881931305,1.0,0.050050801946781576
3.6013989522736765,2.5682903649179845,1.6517159792165965,61.328230482649346,0.08597621321678162,0.19479303061962128,1.0,0.05041680205613375
3.6013989522736765,2.5682903649179845,1.6517159792165965,61.37832873257092,0.09259361028671265,0.08865596354007721,1.0,0.05009824992157519
3.6013989522736765,2.5682903649179845,1.6517159792165965,61.4277846996042,0.09976205229759216,-0.017618311569094658,1.0,0.04945596703328192
3.599171414920968,2.581121171037534,1.722604145478,61.47776881559501,0.07890024781227112,0.05981764197349548,1.0,0.049984115990810096
3.599171414920968,2.581121171037534,1.722604145478,61.52784647059842,0.08656901121139526,-0.027467576786875725,1.0,0.05007765500340611
3.599171414920968,2.581121171037534,1.722604145478,61.57775855856697,0.0942932590842247,-0.11060309410095215,1.0,0.04991208796855062
3.5971183362534793,2.597487657780875,1.7296778721647545,61.627664672566866,0.08768321573734283,-0.008215753361582756,1.0,0.04990611399989575
3.5971183362534793,2.597487657780875,1.7296778721647545,61.67775518762163,0.0949161946773529,-0.08613511919975281,1.0,0.05009051505476236
3.5971183362534793,2.597487657780875,1.7296778721647545,61.727833117598024,0.10240122675895691,-0.16911685466766357,1.0,0.05007792997639626
3.5971183362534793,2.597487657780875,1.7296778721647545,61.777797139605795,0.10964403301477432,-0.27022919058799744,1.0,0.049964022007770836
3.5971183362534793,2.597487657780875,1.7296778721647545,61.82783154457091,0.11903589218854904,-0.37434202432632446,1.0,0.050034404965117574
3.5929438914320895,2.6138565029566885,1.715561962984729,61.87788387155841,0.09256335347890854,-0.5526821613311768,1.0,0.05005232698749751
3.5929438914320895,2.6138565029566885,1.715561962984729,61.92776477861433,0.10333810746669769,-0.6263446807861328,1.0,0.04988090705592185
3.5906296721963806,2.6260838342575163,1.6902479051060282,61.97808212263725,0.09669090807437897,-0.49973759055137634,1.0,0.05031734402291477
3.5906296721963806,2.6260838342575163,1.6902479051060282,62.02776750166184,0.1076650470495224,-0.5894352197647095,1.0,0.04968537902459502
3.5883077325569164,2.63561850707491,1.6452611958032628,62.0779236125595,0.10035736113786697,-0.3840221166610718,1.0,0.050156110897660255
3.5883077325569164,2.63561850707491,1.6452611958032628,62.12779785565316,0.11198169738054276,-0.47869017720222473,1.0,0.04987424309365451
3.588702446881169,2.648093829103491,1.5952230826718274,62.1779158236527,0.10659269988536835,-0.2960592806339264,1.0,0.05011796799954027
3.588702446881169,2.648093829103491,1.5952230826718274,62.2277840016245,0.11691788583993912,-0.3646707236766815,1.0,0.04986817797180265
3.588507762389492,2.6574644027662506,1.5572843949054505,62.277883152600666,0.11384187638759613,-0.1668013036251068,1.0,0.05009915097616613
3.588507762389492,2.6574644027662506,1.5572843949054505,62.32777183864481,0.12273857742547989,-0.24238407611846924,1.0,0.04988868604414165
3.587451233310818,2.6699170704835993,1.5261834515082506,62.3777667565805,0.12212178856134415,-0.052252769470214844,1.0,0.049994917935691774
3.587451233310818,2.6699170704835993,1.5261834515082506,62.42779469362675,0.13099996745586395,-0.1276780068874359,1.0,0.05002793704625219
3.5880554173929435,2.6816515612929184,1.505677737031938,62.47779695760208,0.11870519816875458,0.22427788376808167,1.0,0.0500022639753297
3.5880554173929435,2.6816515612929184,1.505677737031938,62.527795032604885,0.12751631438732147,0.14041021466255188,1.0,0.0499980750028044
3.5885462628784337,2.6933554183883395,1.4991817226521293,62.57790643466386,0.12555065751075745,0.2630266547203064,1.0,0.05011140205897391
3.5885462628784337,2.6933554183883395,1.4991817226521293,62.62788304757076,0.1339399516582489,0.17996735870838165,1.0,0.04997661290690303
3.5886574305685994,2.7083400290000497,1.5105484007361296,62.67779071164067,0.1300404816865921,0.25007569789886475,1.0,0.04990766406990588
3.5886574305685994,2.7083400290000497,1.5105484007361296,62.72775036760821,0.13780701160430908,0.17620885372161865,1.0,0.04995965596754104
3.5890548693648836,2.7203861674907976,1.5322073814814259,62.77785149659711,0.13318170607089996,0.20544850826263428,1.0,0.05010112898889929
3.5890548693648836,2.7203861674907976,1.5322073814814259,62.82777648757427,0.14004600048065186,0.12716685235500336,1.0,0.04992499097716063
3.588984361758695,2.730919869082024,1.5513126899037368,62.87787857058673,0.1222628802061081,0.34976574778556824,1.0,0.05010208301246166
3.588984361758695,2.730919869082024,1.5513126899037368,62.9279671026229,0.12920376658439636,0.2607674300670624,1.0,0.05008853203617036
3.5886229083643078,2.7448337679944035,1.5677392006925968,62.97781179962429,0.12345986068248749,0.3100893795490265,1.0,0.04984469700139016
3.5886229083643078,2.7448337679944035,1.5677392006925968,63.027827474644695,0.1299346387386322,0.2134525626897812,1.0,0.05001567502040416
3.5874096901239683,2.7578177009401372,1.593490373745984,63.07784890966239,0.1242637038230896,0.23873546719551086,1.0,0.05002143501769751
3.5874096901239683,2.7578177009401372,1.593490373745984,63.12778190663765,0.13085080683231354,0.1413312554359436,1.0,0.04993299697525799
3.586971099661266,2.7693349315093108,1.616035397378844,63.17796289362694,0.1245880275964737,0.16610966622829437,1.0,0.05018098698928952
3.586971099661266,2.7693349315093108,1.616035397378844,63.227788179653984,0.1309564709663391,0.06449005007743835,1.0,0.04982528602704406
3.5870877912761645,2.7801370783612467,1.6316107415651997,63.27781523264228,0.12437589466571808,0.11378264427185059,1.0,0.05002705298829824
3.5870877912761645,2.7801370783612467,1.6316107415651997,63.32817140955693,0.12992918491363525,0.019459562376141548,1.0,0.05035617691464722
3.5855169892907104,2.7932474306481945,1.6418569906329705,63.377807261661914,0.10564734041690826,-0.25562790036201477,1.0,0.049635852104984224
3.5855169892907104,2.7932474306481945,1.6418569906329705,63.427868309670416,0.11091028898954391,-0.35141614079475403,1.0,0.05006104800850153
3.5844353478519486,2.805962612555542,1.6482376311641103,63.477798230603625,0.10513149946928024,-0.28081145882606506,1.0,0.04992992093320936
3.5844353478519486,2.805962612555542,1.6482376311641103,63.52778311563405,0.11039839684963226,-0.3779297173023224,1.0,0.049984885030426085
3.582405925146196,2.8180440564968166,1.624197593874813,63.57777216262865,0.10659044235944748,-0.21043291687965393,1.0,0.04998904699459672
3.582405925146196,2.8180440564968166,1.624197593874813,63.627786650562015,0.11161492764949799,-0.2993026375770569,1.0,0.05001448793336749
3.5824217968297285,2.8279013078406834,1.5965043068629692,63.67782682157802,0.1080218255519867,-0.11796456575393677,1.0,0.05004017101600766
3.5824217968297285,2.8279013078406834,1.5965043068629692,63.7278140395715,0.11293503642082214,-0.20374514162540436,1.0,0.0499872179934755
3.582176922654647,2.8394809137241777,1.5746638565727331,63.77778658364649,0.06523050367832184,0.0661097913980484,1.0,0.049972544074989855
3.582176922654647,2.8394809137241777,1.5746638565727331,63.827785744571415,0.07095421850681305,-0.035913288593292236,1.0,0.0499991609249264
3.5827561181980134,2.8473804098400786,1.5607584634808636,63.8778827226556,0.06430011987686157,0.041252732276916504,1.0,0.05009697808418423
3.5827561181980134,2.8473804098400786,1.5607584634808636,63.92787978461227,0.06951364874839783,-0.06085054576396942,1.0,0.04999706195667386
3.5827561181980134,2.8473804098400786,1.5607584634808636,63.97791857459332,0.07485412806272507,-0.16729864478111267,1.0,0.05003878998104483
3.5827561181980134,2.8473804098400786,1.5607584634808636,64.02782903658907,0.08026209473609924,-0.27612537145614624,1.0,0.049910461995750666
3.582276426743774,2.8587779939793836,1.5579232329459611,64.07776963257446,0.07148247212171555,-0.23558202385902405,1.0,0.049940595985390246
3.582276426743774,2.8587779939793836,1.5579232329459611,64.12784174364741,0.07676766812801361,-0.32814669609069824,1.0,0.050072111072950065
3.582276426743774,2.8587779939793836,1.5579232329459611,64.17789627763658,0.0831214189529419,-0.4142996668815613,1.0,0.050054533989168704
3.582276426743774,2.8587779939793836,1.5579232329459611,64.22776207957166,0.09018367528915405,-0.49715790152549744,1.0,0.049865801935084164
3.5825870570123786,2.873506235574916,1.5137594378079258,64.27790104656695,0.08652839064598083,-0.36304664611816406,1.0,0.05013896699529141
3.5825870570123786,2.873506235574916,1.5137594378079258,64.32779115462425,0.09354154020547867,-0.44183436036109924,1.0,0.049890108057297766
3.5825870570123786,2.873506235574916,1.5137594378079258,64.37781119556847,0.10180512815713882,-0.5226958990097046,1.0,0.050020040944218636
3.5825870570123786,2.873506235574916,1.5137594378079258,64.42780023965268,0.11270584166049957,-0.5983214378356934,1.0,0.049989044084213674
3.58448374070175,2.890517887169845,1.4373764434900371,64.47779709764971,0.09457003325223923,-0.2428252100944519,1.0,0.04999685799703002
3.58448374070175,2.890517887169845,1.4373764434900371,64.52780516760639,0.10031231492757797,-0.3323131501674652,1.0,0.05000806995667517
3.5871550190863237,2.903255481082687,1.3912343704040935,64.57780210965528,0.10399466753005981,0.32858747243881226,1.0,0.04999694204889238
3.5871550190863237,2.903255481082687,1.3912343704040935,64.62777866959321,0.11334750056266785,0.2523025870323181,1.0,0.0499765599379316
3.5871550190863237,2.903255481082687,1.3912343704040935,64.67777696066285,0.12027491629123688,0.16971825063228607,1.0,0.04999829106964171
3.5871550190863237,2.903255481082687,1.3912343704040935,64.72830068064603,0.12707741558551788,0.08922699093818665,1.0,0.0505237199831754
3.5871550190863237,2.903255481082687,1.3912343704040935,64.77775935456837,0.13515809178352356,0.016217874363064766,1.0,0.04945867392234504
3.5908930492901265,2.927468516328723,1.3764945528307337,64.8278205805759,0.09050507843494415,0.4662747085094452,1.0,0.0500612260075286
3.593056257059408,2.9393571477385643,1.3885592294260862,64.87775519560772,0.0734638124704361,0.5163944363594055,1.0,0.049934615031816065
3.593056257059408,2.9393571477385643,1.3885592294260862,64.92783161462965,0.08921338617801666,0.46208634972572327,1.0,0.05007641902193427
3.595238582290371,2.952493742773416,1.4082505548227735,64.97789357463579,0.0740528404712677,0.503269374370575,1.0,0.05006196000613272
3.595238582290371,2.952493742773416,1.4082505548227735,65.02780379763088,0.08718857169151306,0.44085654616355896,1.0,0.049910222995094955
3.595238582290371,2.952493742773416,1.4082505548227735,65.0777960936607,0.09795895218849182,0.37425437569618225,1.0,0.04999229602981359
3.595238582290371,2.952493742773416,1.4082505548227735,65.12776491360954,0.10875314474105835,0.30751553177833557,1.0,0.04996881994884461
3.5980475669040177,2.969614510447283,1.4867624364970418,65.17773400864779,0.048485249280929565,0.6734909415245056,1.0,0.04996909503825009
3.5980475669040177,2.969614510447283,1.4867624364970418,65.22779382463294,0.057339414954185486,0.660960853099823,1.0,0.050059815985150635
3.5980451421783606,2.9794264634328984,1.518889804756844,65.27779734065506,0.04538971185684204,0.6653344035148621,1.0,0.050003516022115946
3.5980451421783606,2.9794264634328984,1.518889804756844,65.32784363860945,0.05477747321128845,0.6433773636817932,1.0,0.05004629795439541
3.597597625851892,2.9849155783161785,1.5725562224178002,65.3777420866604,0.07089309394359589,0.540263295173645,1.0,0.04989844805095345
3.597597625851892,2.9849155783161785,1.5725562224178002,65.42779066262982,0.08280707895755768,0.4913865625858307,1.0,0.05004857596941292
3.598197813276521,2.991964879820878,1.629043426282835,65.47778790060646,0.06757545471191406,0.43859073519706726,1.0,0.04999723797664046
3.598197813276521,2.991964879820878,1.629043426282835,65.52782356460328,0.07777592539787292,0.34680941700935364,1.0,0.05003566399682313
3.598197813276521,2.991964879820878,1.629043426282835,65.57782302762597,0.08673357963562012,0.2647121250629425,1.0,0.04999946302268654
3.598197813276521,2.991964879820878,1.629043426282835,65.6279081106254,0.09297490119934082,0.1669975221157074,1.0,0.0500850829994306
3.5960510139514263,3.004489668126472,1.7013418830457308,65.67771672656043,0.07548225671052933,-0.47705525159835815,1.0,0.04980861593503505
3.5960510139514263,3.004489668126472,1.7013418830457308,65.72784546064894,0.08507847040891647,-0.5582253932952881,1.0,0.050128734088502824
3.5960510139514263,3.004489668126472,1.7013418830457308,65.77784867957915,0.09469139575958252,-0.6153658032417297,1.0,0.050003218930214643
3.5960510139514263,3.004489668126472,1.7013418830457308,65.82776625664654,0.10336793959140778,-0.6561706066131592,1.0,0.049917577067390084
3.5937953647187832,3.024262806884321,1.6781768290564594,65.87770469266205,0.07540727406740189,-0.3888668417930603,1.0,0.04993843601550907
3.5937953647187832,3.024262806884321,1.6781768290564594,65.92775789858523,0.0845123752951622,-0.45752331614494324,1.0,0.0500532059231773
3.5918051822495576,3.034205447811318,1.6241338455928318,65.97779869661416,0.07560994476079941,-0.21596801280975342,1.0,0.05004079802893102
3.5918051822495576,3.034205447811318,1.6241338455928318,66.0277737096253,0.08373080939054489,-0.3251756429672241,1.0,0.04997501301113516
3.5918051822495576,3.034205447811318,1.6241338455928318,66.07779699064075,0.0942460298538208,-0.4226648211479187,1.0,0.05002328101545572
3.5918051822495576,3.034205447811318,1.6241338455928318,66.12817275862425,0.10566455125808716,-0.5201746225357056,1.0,0.05037576798349619
3.5907611292614745,3.049221989411854,1.567079133722592,66.17787741160235,0.08533114939928055,-0.10500699281692505,1.0,0.04970465297810733
3.5907611292614745,3.049221989411854,1.567079133722592,66.22780121665663,0.09442246705293655,-0.2204272300004959,1.0,0.04992380505427718
3.5910741973659754,3.056644640911849,1.5295887057248931,66.27787949157162,0.09522143006324768,-0.04692274332046509,1.0,0.050078274914994836
3.5910741973659754,3.056644640911849,1.5295887057248931,66.32780348160985,0.10397782176733017,-0.15545865893363953,1.0,0.049923990038223565
3.5910741973659754,3.056644640911849,1.5295887057248931,66.3778777816401,0.11226824671030045,-0.25017210841178894,1.0,0.05007430003024638
3.5910741973659754,3.056644640911849,1.5295887057248931,66.42776940763677,0.12122312188148499,-0.3345542252063751,1.0,0.04989162599667907
3.5929041468261445,3.0777853069330288,1.502150041563873,66.47774069465912,0.11114432662725449,0.039017826318740845,1.0,0.04997128702234477
3.5929041468261445,3.0777853069330288,1.502150041563873,66.5280330296441,0.11940836161375046,-0.03694513440132141,1.0,0.050292334984987974
3.5939941436493603,3.092699564369803,1.4796180394227598,66.57791042957204,0.12084546685218811,0.13505524396896362,1.0,0.049877399927936494
3.5939941436493603,3.092699564369803,1.4796180394227598,66.62788783561653,0.1291370987892151,0.05890780687332153,1.0,0.049977406044490635
3.5951714953365568,3.1069565602365232,1.482151541502362,66.6777828616391,0.10988098382949829,0.35646292567253113,1.0,0.049895026022568345
3.5951714953365568,3.1069565602365232,1.482151541502362,66.72787925264082,0.12130098044872284,0.28380677103996277,1.0,0.050096391001716256
3.595161972983517,3.1163320681872464,1.4950953191126766,66.77770112956158,0.11471064388751984,0.35286036133766174,1.0,0.04982187692075968
3.595161972983517,3.1163320681872464,1.4950953191126766,66.82788309257693,0.12578311562538147,0.273184210062027,1.0,0.05018196301534772
3.596389231248159,3.128089614833458,1.5228214003505403,66.87780008256185,0.12090122699737549,0.3029390275478363,1.0,0.04991698998492211
3.596389231248159,3.128089614833458,1.5228214003505403,66.92784142262052,0.128996804356575,0.21778878569602966,1.0,0.05004134005866945
3.596389231248159,3.128089614833458,1.5228214003505403,66.9777154326507,0.13693006336688995,0.13871750235557556,1.0,0.049874010030180216
3.597241505273982,3.1376005419005226,1.5469196447382272,67.02784828155517,0.1327289193868637,0.1665339469909668,1.0,0.05013284890446812
3.597241505273982,3.1376005419005226,1.5469196447382272,67.07779626665386,0.14070157706737518,0.08449865877628326,1.0,0.049947985098697245
3.5975840428392223,3.153102711418266,1.5657729895662036,67.12783246464777,0.135634645819664,0.1262376308441162,1.0,0.05003619799390435
3.59813022538811,3.1664371763943815,1.5755702841016919,67.17777121661446,0.11568291485309601,0.38292190432548523,1.0,0.04993875196669251
3.59813022538811,3.1664371763943815,1.5755702841016919,67.22779531556397,0.12358202040195465,0.2901230752468109,1.0,0.05002409894950688
3.59813022538811,3.1664371763943815,1.5755702841016919,67.27778331156104,0.1450699418783188,0.6795812249183655,1.0,0.049987995997071266
3.5978173004154366,3.1805384628548206,1.595852462793354,67.32791817759379,0.11542519927024841,0.6905753016471863,1.0,0.050134866032749414
3.5978173004154366,3.1805384628548206,1.595852462793354,67.37779821060347,0.12427093088626862,0.6886760592460632,1.0,0.049880033009685576
3.5971893781871542,3.190914039484725,1.6305256851739056,67.42784875957976,0.10882118344306946,0.6886706948280334,1.0,0.050050548976287246
3.5971893781871542,3.190914039484725,1.6305256851739056,67.47779312160081,0.11787059903144836,0.6861680150032043,1.0,0.04994436202105135
3.5960816211734956,3.202812927493675,1.6884237989434399,67.52783846262126,0.09979638457298279,0.6856514811515808,1.0,0.050045341020449996
3.5960816211734956,3.202812927493675,1.6884237989434399,67.57781756355642,0.10780991613864899,0.6766825318336487,1.0,0.049979100935161114
3.594859618983488,3.2143924524374237,1.7482168734131185,67.6281450225574,0.0900852382183075,0.663641631603241,1.0,0.050327459000982344
3.594859618983488,3.2143924524374237,1.7482168734131185,67.67782250059052,0.10147680342197418,0.6141659617424011,1.0,0.04967747803311795
3.5931639741670636,3.2254872446887224,1.8075496194288663,67.7281806425958,0.08482076227664948,0.5719669461250305,1.0,0.05035814200527966
3.5931639741670636,3.2254872446887224,1.8075496194288663,67.77776130161463,0.09437558054924011,0.499301940202713,1.0,0.049580659018829465
3.591598446630475,3.2362381462454484,1.8654591358487111,67.82787879056512,0.0755850076675415,0.44583889842033386,1.0,0.05011748895049095
3.591598446630475,3.2362381462454484,1.8654591358487111,67.87778971659235,0.07813423871994019,0.3755691945552826,1.0,0.04991092602722347
3.5878098845543445,3.2458487615681744,1.9186584780106213,67.92784274963877,0.061185479164123535,0.22862499952316284,1.0,0.05005303304642439
3.5878098845543445,3.2458487615681744,1.9186584780106213,67.97788387165154,0.06455524265766144,0.15109553933143616,1.0,0.050041122012771666
3.5878098845543445,3.2458487615681744,1.9186584780106213,68.02780837764247,0.06792420148849487,0.0735844075679779,1.0,0.0499245059909299
3.5878098845543445,3.2458487615681744,1.9186584780106213,68.0777705576106,0.07128526270389557,-0.0037458669394254684,1.0,0.04996217996813357
3.581956696945547,3.2612349802166603,1.9807970382752869,68.12775312865368,0.041403040289878845,-0.14106662571430206,1.0,0.04998257104307413
3.581956696945547,3.2612349802166603,1.9807970382752869,68.17789076362486,0.04460957646369934,-0.22321781516075134,1.0,0.05013763497117907
3.581956696945547,3.2612349802166603,1.9807970382752869,68.22790038062475,0.047898389399051666,-0.3055805265903473,1.0,0.05000961699988693
3.581956696945547,3.2612349802166603,1.9807970382752869,68.2777828485773,0.05191698670387268,-0.3829464614391327,1.0,0.04988246795255691
3.5770250254821305,3.272470673219755,1.9638228247557463,68.3278904525864,0.03607143461704254,-0.360017329454422,1.0,0.050107604009099305
3.5770250254821305,3.272470673219755,1.9638228247557463,68.37788413558836,0.04200321435928345,-0.4188663065433502,1.0,0.049993683001957834
3.5770250254821305,3.272470673219755,1.9638228247557463,68.42788276961754,0.04847843945026398,-0.47251635789871216,1.0,0.04999863402917981
3.5770250254821305,3.272470673219755,1.9638228247557463,68.47783753858629,0.05487566441297531,-0.5261601209640503,1.0,0.049954768968746066
3.5732944607099815,3.2801974689420086,1.8974954070720815,68.52787435765593,0.048694007098674774,-0.39974403381347656,1.0,0.0500368190696463
3.5732944607099815,3.2801974689420086,1.8974954070720815,68.57786181360233,0.05511718988418579,-0.45335516333580017,1.0,0.04998745594639331
3.5732944607099815,3.2801974689420086,1.8974954070720815,68.62789176859177,0.06160295009613037,-0.5052633881568909,1.0,0.05002995498944074
3.5732944607099815,3.2801974689420086,1.8974954070720815,68.67779703858058,0.06823994219303131,-0.5606322288513184,1.0,0.049905269988812506
3.569832385523534,3.292023912022443,1.8165359139552097,68.72797064856375,0.060602620244026184,-0.3139340579509735,1.0,0.05017360998317599
3.569832385523534,3.292023912022443,1.8165359139552097,68.77779114666144,0.06665230542421341,-0.37321117520332336,1.0,0.04982049809768796
3.569832385523534,3.292023912022443,1.8165359139552097,68.82784771663817,0.0726931095123291,-0.42431291937828064,1.0,0.050056569976732135
3.569832385523534,3.292023912022443,1.8165359139552097,68.87776415260258,0.07867767661809921,-0.4757557213306427,1.0,0.04991643596440554
3.5662460416229735,3.3061017331495344,1.7429902400416308,68.92778777459851,0.07373279333114624,-0.18517449498176575,1.0,0.050023621995933354
3.5662460416229735,3.3061017331495344,1.7429902400416308,68.9777954396627,0.07888113707304001,-0.23399148881435394,1.0,0.05000766506418586
3.5662460416229735,3.3061017331495344,1.7429902400416308,69.02791141765873,0.08410459756851196,-0.29350003600120544,1.0,0.05011597799602896
3.5662460416229735,3.3061017331495344,1.7429902400416308,69.07778017956979,0.08966468274593353,-0.35993972420692444,1.0,0.049868761911056936
3.563762606605741,3.3265621013099866,1.6820124947458253,69.12788743864029,0.07571078836917877,0.14991044998168945,1.0,0.05010725907050073
3.563762606605741,3.3265621013099866,1.6820124947458253,69.17777843762404,0.08225448429584503,0.08762374520301819,1.0,0.04989099898375571
3.563762606605741,3.3265621013099866,1.6820124947458253,69.22820262856065,0.08643794059753418,0.017389999702572823,1.0,0.0504241909366101
3.563762606605741,3.3265621013099866,1.6820124947458253,69.27779999864968,0.09182078391313553,-0.06856644153594971,1.0,0.049597370089031756
3.5598140235558424,3.3446321713868516,1.6581728906126967,69.32789358858234,0.07008868455886841,0.22386470437049866,1.0,0.05009358993265778
3.5598140235558424,3.3446321713868516,1.6581728906126967,69.37836722762539,0.07862319052219391,0.15364155173301697,1.0,0.050473639043048024
3.5598140235558424,3.3446321713868516,1.6581728906126967,69.42784744560002,0.08609306812286377,0.09825973212718964,1.0,0.04948021797463298
3.5598140235558424,3.3446321713868516,1.6581728906126967,69.47778734961274,0.09210367500782013,0.04488228261470795,1.0,0.04993990401271731
3.558525201596569,3.3590460794625185,1.6745073537674249,69.52776342561218,0.06769269704818726,0.2835673391819,1.0,0.04997607599943876
3.558525201596569,3.3590460794625185,1.6745073537674249,69.57789346564776,0.07650445401668549,0.22705724835395813,1.0,0.05013004003558308
3.558525201596569,3.3590460794625185,1.6745073537674249,69.62777964259247,0.08483617007732391,0.17788547277450562,1.0,0.049886176944710314
3.558525201596569,3.3590460794625185,1.6745073537674249,69.67779185961216,0.09105010330677032,0.14496546983718872,1.0,0.05001221701968461
3.5571235446980953,3.375131197276358,1.7016342410474063,69.72773669963452,0.0578598827123642,0.4354427754878998,1.0,0.04994484002236277
3.5571235446980953,3.375131197276358,1.7016342410474063,69.77790222864813,0.0668991208076477,0.4007127583026886,1.0,0.050165529013611376
3.5571235446980953,3.375131197276358,1.7016342410474063,69.82781794656283,0.07561315596103668,0.3717656433582306,1.0,0.04991571791470051
3.5571235446980953,3.375131197276358,1.7016342410474063,69.87779324455867,0.08410196006298065,0.34591445326805115,1.0,0.04997529799584299
3.5542543746182886,3.3906580335694123,1.7515179126293317,69.92788111663639,0.05484800040721893,0.5032077431678772,1.0,0.05008787207771093
3.5542543746182886,3.3906580335694123,1.7515179126293317,69.97777850565716,0.06315341591835022,0.47622767090797424,1.0,0.04989738902077079
3.5542543746182886,3.3906580335694123,1.7515179126293317,70.02787413763097,0.0729927122592926,0.4264278709888458,1.0,0.050095631973817945
3.5542543746182886,3.3906580335694123,1.7515179126293317,70.07781720755837,0.08406977355480194,0.3647409975528717,1.0,0.04994306992739439
3.550547540395474,3.4069397892154365,1.8265067096215664,70.12790511362935,0.051926255226135254,0.39958456158638,1.0,0.0500879060709849
3.550547540395474,3.4069397892154365,1.8265067096215664,70.17782442260749,0.0630742609500885,0.3431355655193329,1.0,0.049919308978132904
3.550547540395474,3.4069397892154365,1.8265067096215664,70.22790793155535,0.07293105125427246,0.3022145628929138,1.0,0.050083508947864175
3.550547540395474,3.4069397892154365,1.8265067096215664,70.27789009258366,0.08096964657306671,0.2616906464099884,1.0,0.04998216102831066
3.5467797931827025,3.422531732452632,1.9031901193463725,70.32774299057881,0.04989394545555115,0.2746649980545044,1.0,0.04985289799515158
3.5467797931827025,3.422531732452632,1.9031901193463725,70.3778275406289,0.056994885206222534,0.23386409878730774,1.0,0.05008455005008727
3.5467797931827025,3.422531732452632,1.9031901193463725,70.42782201758335,0.06406985223293304,0.19569893181324005,1.0,0.04999447695445269
3.5467797931827025,3.422531732452632,1.9031901193463725,70.47788593755784,0.07125762104988098,0.16912737488746643,1.0,0.050063919974491
3.542129091326871,3.4358100050544387,1.954109644953864,70.52794036863587,0.04531262814998627,0.1764850914478302,1.0,0.05005443107802421
3.542129091326871,3.4358100050544387,1.954109644953864,70.57787666563625,0.05270993709564209,0.1423901915550232,1.0,0.04993629700038582
3.542129091326871,3.4358100050544387,1.954109644953864,70.62789487257349,0.060224100947380066,0.10845595598220825,1.0,0.050018206937238574
3.542129091326871,3.4358100050544387,1.954109644953864,70.6778078286511,0.06781330704689026,0.07414582371711731,1.0,0.049912956077605486
3.542129091326871,3.4358100050544387,1.954109644953864,70.7277989005738,0.0757787823677063,0.031337544322013855,1.0,0.04999107192270458
3.5375694936471116,3.4453765269986985,1.9830315066375657,70.77778774663555,0.061122827231884,-0.01129959337413311,1.0,0.049988846061751246
3.5375694936471116,3.4453765269986985,1.9830315066375657,70.82794198266446,0.06941324472427368,-0.0545499324798584,1.0,0.05015423602890223
3.5375694936471116,3.4453765269986985,1.9830315066375657,70.87827573065395,0.07773090153932571,-0.0979422777891159,1.0,0.05033374798949808
3.5375694936471116,3.4453765269986985,1.9830315066375657,70.9278009455952,0.0836150273680687,-0.31613433361053467,1.0,0.04952521494124085
3.5331799274635136,3.450130626403697,1.9896727705653965,70.97778271965898,0.09175180643796921,-0.3967476785182953,1.0,0.049981774063780904
3.5331799274635136,3.450130626403697,1.9896727705653965,71.0278008086675,0.1007692739367485,-0.4623856842517853,1.0,0.05001808900851756
3.5331799274635136,3.450130626403697,1.9896727705653965,71.07788431959442,0.10979324579238892,-0.5280704498291016,1.0,0.050083510926924646
3.5255050931609944,3.46459182602822,1.9419299822914324,71.12766822661023,0.09206019341945648,-0.6171953082084656,1.0,0.04978390701580793
3.5255050931609944,3.46459182602822,1.9419299822914324,71.17789968557871,0.10329128801822662,-0.6575008034706116,1.0,0.05023145896848291
3.5255050931609944,3.46459182602822,1.9419299822914324,71.22777574463497,0.11416667699813843,-0.6817466020584106,1.0,0.04987605905625969
3.5255050931609944,3.46459182602822,1.9419299822914324,71.27779152256652,0.125222310423851,-0.6851414442062378,1.0,0.050015777931548655
3.5255050931609944,3.46459182602822,1.9419299822914324,71.32783531863923,0.13630883395671844,-0.6885460019111633,1.0,0.05004379607271403
3.518452186882349,3.482324579809331,1.8392869128287792,71.37775655766698,0.11597852408885956,-0.44693097472190857,1.0,0.04992123902775347
3.518452186882349,3.482324579809331,1.8392869128287792,71.42780095956503,0.12788105010986328,-0.5059841275215149,1.0,0.05004440189804882
3.5152149775824477,3.493822573874954,1.7814698540615375,71.47789979459002,0.13091659545898438,0.1850668489933014,1.0,0.05009883502498269
3.5152149775824477,3.493822573874954,1.7814698540615375,71.52779361163947,0.13899511098861694,0.1199401468038559,1.0,0.04989381704945117
3.5133616451423983,3.5043276487232937,1.7333069173210855,71.5778321515604,0.13716860115528107,0.32507723569869995,1.0,0.050038539920933545
3.5133616451423983,3.5043276487232937,1.7333069173210855,71.62780281960248,0.14807790517807007,0.26088669896125793,1.0,0.049970668042078614
3.5125268817969286,3.5142331883699596,1.7183530007455183,71.67800674855924,0.13950403034687042,0.3838178515434265,1.0,0.050203928956761956
3.5125268817969286,3.5142331883699596,1.7183530007455183,71.72800737061287,0.15098564326763153,0.31675031781196594,1.0,0.05000062205363065
3.511188915223923,3.5277766757541813,1.7404026438272104,71.77782573656394,0.13714927434921265,0.3620864152908325,1.0,0.0498183659510687
3.511188915223923,3.5277766757541813,1.7404026438272104,71.82781541965186,0.14741413295269012,0.2910211980342865,1.0,0.04998968308791518
3.5094288495318664,3.5422272744891243,1.771687782570516,71.87786443765025,0.0776854082942009,0.6794962882995605,1.0,0.0500490179983899
3.5094288495318664,3.5422272744891243,1.771687782570516,71.92777877860452,0.0871858149766922,0.6802166104316711,1.0,0.04991434095427394
3.5061818000891134,3.555218191221358,1.7995192865386707,71.9778422236045,0.07283584773540497,0.6794474124908447,1.0,0.050063444999977946
3.5061818000891134,3.555218191221358,1.7995192865386707,72.0277947295758,0.08219191431999207,0.6801275014877319,1.0,0.04995250597130507
3.5028629624375083,3.5664994502140903,1.8470545320263057,72.07779367163992,0.06643164157867432,0.678340494632721,1.0,0.049998942064121366
3.5028629624375083,3.5664994502140903,1.8470545320263057,72.1278364135719,0.07715937495231628,0.6563147902488708,1.0,0.05004274193197489
3.5005040981709517,3.5755281280794975,1.9057642307336893,72.17778643361042,0.06476955115795135,0.6073760390281677,1.0,0.04995002003852278
3.5005040981709517,3.5755281280794975,1.9057642307336893,72.22777992161672,0.08468639850616455,0.5474376082420349,1.0,0.049993488006293774
3.498424749569405,3.5802643103869722,1.9665964668053175,72.27779462561692,0.07520686089992523,0.5016093254089355,1.0,0.0500147040002048
3.498424749569405,3.5802643103869722,1.9665964668053175,72.32777439163281,0.08867041766643524,0.39812880754470825,1.0,0.04997976601589471
3.495073205031697,3.588808449551633,2.021331205305605,72.37787460466596,0.1016770601272583,0.15207281708717346,1.0,0.050100213033147156
3.495073205031697,3.588808449551633,2.021331205305605,72.42778315058193,0.11079058051109314,0.0412459671497345,1.0,0.049908545915968716
3.495073205031697,3.588808449551633,2.021331205305605,72.47806215158879,0.12001138180494308,-0.06690150499343872,1.0,0.05027900100685656
3.495073205031697,3.588808449551633,2.021331205305605,72.52776599757588,0.12934476137161255,-0.16955669224262238,1.0,0.04970384598709643
3.487908584581225,3.600835894756758,2.0799175165196546,72.57783635264012,0.112103670835495,-0.0014809202402830124,1.0,0.05007035506423563
3.487908584581225,3.600835894756758,2.0799175165196546,72.62780321064155,0.14966894686222076,0.21302571892738342,1.0,0.04996685800142586
3.48250293587636,3.611323654838845,2.0675186438862934,72.67776701262436,0.1401558518409729,0.48359909653663635,1.0,0.04996380198281258
3.48250293587636,3.611323654838845,2.0675186438862934,72.72774081666238,0.14572422206401825,0.4320448338985443,1.0,0.04997380403801799
3.4746878943423223,3.624052117716231,2.075717489744578,72.7777864226441,0.1192677915096283,0.6585317254066467,1.0,0.050045605981722474
3.4746878943423223,3.624052117716231,2.075717489744578,72.82784702559682,0.12461400032043457,0.6447003483772278,1.0,0.050060602952726185
3.4667766749961353,3.6395982263684377,2.1123076289384066,72.87760701577471,0.09380181133747101,0.6555728316307068,0.9959768652915955,0.049960989970713854
3.4667766749961353,3.6395982263684377,2.1123076289384066,72.92737940551184,0.098582923412323,0.655760645866394,0.995839536190033,0.04998033109586686
3.4607409818290145,3.6484404424280106,2.1657085665623597,72.97729205886168,0.08231577277183533,0.6550774574279785,0.998156726360321,0.05000482592731714
3.4607409818290145,3.6484404424280106,2.1657085665623597,73.02716268625876,0.08683902025222778,0.6551586389541626,0.998033344745636,0.04996889899484813
3.4553438446405846,3.6576667819064355,2.221482827458178,73.07719488057559,0.07357736676931381,0.6559901833534241,0.9999073147773743,0.05003683199174702
3.4553438446405846,3.6576667819064355,2.221482827458178,73.12713388226749,0.07811146974563599,0.6560716032981873,0.9997835159301758,0.04994981503114104
3.4485716712392906,3.665501996766508,2.2820655352109362,73.17720578227946,0.06692029535770416,0.6564957499504089,1.0,0.05007190001197159
3.4485716712392906,3.665501996766508,2.2820655352109362,73.22716624826481,0.07145802676677704,0.6565772891044617,1.0,0.04996046598535031
3.4446840374914443,3.6679648529292375,2.3390179697747904,73.27728096431875,0.07031659781932831,0.6568687558174133,1.0,0.050114716053940356
3.4446840374914443,3.6679648529292375,2.3390179697747904,73.32714959724163,0.07398025691509247,0.6572256684303284,1.0,0.04986863292288035
3.4380845612319284,3.6755877822123058,2.394913702480131,73.37715759432231,0.05923116207122803,0.6571773886680603,1.0,0.05000799708068371
3.4380845612319284,3.6755877822123058,2.394913702480131,73.42713947828216,0.06226454675197601,0.6574163436889648,1.0,0.04998188395984471
3.4315527069833824,3.681225711704578,2.451362315043936,73.47712962027927,0.051129817962646484,0.6569504737854004,1.0,0.049990141997113824
3.4315527069833824,3.681225711704578,2.451362315043936,73.5271647912572,0.054161980748176575,0.6571893692016602,1.0,0.050035170977935195
3.424969529555813,3.6852826911002,2.50890750952198,73.57727924828706,0.04486599564552307,0.6384029984474182,1.0,0.05011445702984929
3.424969529555813,3.6852826911002,2.50890750952198,73.62720000430764,0.043136537075042725,0.6253472566604614,1.0,0.04992075602058321
3.4194959190243703,3.6898626551909772,2.5656795003695354,73.67712857330972,0.037257298827171326,0.5338801145553589,1.0,0.04992856900207698
3.4194959190243703,3.6898626551909772,2.5656795003695354,73.72721824528472,0.039249688386917114,0.48493626713752747,1.0,0.05008967197500169
3.4138492120784236,3.6956188758994215,2.623087837027906,73.77717970929862,0.03797823190689087,0.417378693819046,1.0,0.04996146401390433
3.4138492120784236,3.6956188758994215,2.623087837027906,73.82719885326279,0.04047481715679169,0.3675908148288727,1.0,0.05001914396416396
3.4138492120784236,3.6956188758994215,2.623087837027906,73.87721590221682,0.04323899745941162,0.31345176696777344,1.0,0.05001704895403236
3.4138492120784236,3.6956188758994215,2.623087837027906,73.92716492725359,0.04211185872554779,0.2540057301521301,1.0,0.049949025036767125
3.4033538462171458,3.704691827124325,2.707707320564241,73.97714257323005,0.033157944679260254,0.16425246000289917,1.0,0.04997764597646892
3.4033538462171458,3.704691827124325,2.707707320564241,74.02722492326339,0.03315410017967224,0.10275939106941223,1.0,0.05008235003333539
3.4033538462171458,3.704691827124325,2.707707320564241,74.07717168425498,0.0325918048620224,0.03635372221469879,1.0,0.049946760991588235
3.4033538462171458,3.704691827124325,2.707707320564241,74.1271791953017,0.032027795910835266,-0.0307623278349638,1.0,0.05000751104671508
3.4033538462171458,3.704691827124325,2.707707320564241,74.17715348921539,0.03143802285194397,-0.1048923134803772,1.0,0.049974293913692236
3.4033538462171458,3.704691827124325,2.707707320564241,74.22718749021934,0.030943982303142548,-0.17623576521873474,1.0,0.050034001003950834
3.4033538462171458,3.704691827124325,2.707707320564241,74.27725799324745,0.031190209090709686,-0.24080102145671844,1.0,0.05007050302810967
3.4033538462171458,3.704691827124325,2.707707320564241,74.3271750502876,0.03147391974925995,-0.30593425035476685,1.0,0.04991705704014748
3.3876228783610483,3.7123026129865613,2.7324637479498337,74.37728105428451,0.019765734672546387,-0.39911532402038574,1.0,0.050106003996916115
3.3876228783610483,3.7123026129865613,2.7324637479498337,74.42719772924957,0.02022910863161087,-0.46396303176879883,1.0,0.04991667496506125
3.3876228783610483,3.7123026129865613,2.7324637479498337,74.4771639832883,0.020669519901275635,-0.520179033279419,1.0,0.049966254038736224
3.3876228783610483,3.7123026129865613,2.7324637479498337,74.52725892724757,0.02225208282470703,-0.56740802526474,1.0,0.05009494395926595
3.3799231111598167,3.716733103550099,2.6652277878242048,74.57743337123011,0.02139049768447876,-0.4499521553516388,1.0,0.05017444398254156
3.3799231111598167,3.716733103550099,2.6652277878242048,74.62717743521844,0.022046566009521484,-0.4752624034881592,1.0,0.04974406398832798
3.3799231111598167,3.716733103550099,2.6652277878242048,74.6772261802229,0.023169517517089844,-0.49737390875816345,1.0,0.050048745004460216
3.3799231111598167,3.716733103550099,2.6652277878242048,74.7271841422311,0.024428755044937134,-0.5191659331321716,1.0,0.049957962008193135
3.3726036205132206,3.7201514585441346,2.5734202745885955,74.7771489592391,0.02437792718410492,-0.3750785291194916,1.0,0.04996481700800359
3.3726036205132206,3.7201514585441346,2.5734202745885955,74.82713106822976,0.025092661380767822,-0.40086206793785095,1.0,0.0499821089906618
3.3726036205132206,3.7201514585441346,2.5734202745885955,74.87719587924713,0.025789082050323486,-0.41722041368484497,1.0,0.050064811017364264
3.3726036205132206,3.7201514585441346,2.5734202745885955,74.92766468926621,0.02688499540090561,-0.43105778098106384,1.0,0.05046881001908332
3.366352502681867,3.725649537846425,2.493042914151838,74.97713460227297,0.02897832542657852,-0.14663147926330566,1.0,0.04946991300676018
3.366352502681867,3.725649537846425,2.493042914151838,75.02717530332794,0.029839813709259033,-0.15815699100494385,1.0,0.05004070105496794
3.366352502681867,3.725649537846425,2.493042914151838,75.07726771525395,0.03071129322052002,-0.16981613636016846,1.0,0.05009241192601621
3.366352502681867,3.725649537846425,2.493042914151838,75.12717365428162,0.031806059181690216,-0.17396581172943115,1.0,0.049905939027667046
3.3635666878758066,3.727784046968203,2.4443641471510555,75.17715240632006,0.03881599009037018,-0.04358190298080444,1.0,0.0499787520384416
3.3635666878758066,3.727784046968203,2.4443641471510555,75.22716709728175,0.04102519154548645,-0.03776624798774719,1.0,0.05001469096168876
3.3635666878758066,3.727784046968203,2.4443641471510555,75.27718107927413,0.04329827427864075,-0.028959421440958977,1.0,0.05001398199237883
3.3635666878758066,3.727784046968203,2.4443641471510555,75.3272783672559,0.04722169041633606,-0.02614491991698742,1.0,0.05009728798177093
3.3635666878758066,3.727784046968203,2.4443641471510555,75.37727172522628,0.05093032121658325,-0.0516660213470459,1.0,0.04999335797037929
3.3635666878758066,3.727784046968203,2.4443641471510555,75.42718736921725,0.05448858439922333,-0.08327537775039673,1.0,0.04991564399097115
3.3635666878758066,3.727784046968203,2.4443641471510555,75.47721214232789,0.05794007331132889,-0.11840730905532837,1.0,0.05002477311063558
3.3635666878758066,3.727784046968203,2.4443641471510555,75.52720445023206,0.06139908730983734,-0.15361610054969788,1.0,0.049992307904176414
3.350679579049885,3.737462216263377,2.416974275797915,75.57710739226368,0.04093684256076813,0.07936057448387146,1.0,0.04990294203162193
3.350679579049885,3.737462216263377,2.416974275797915,75.62719472929658,0.046261757612228394,0.039103418588638306,1.0,0.05008733703289181
3.350679579049885,3.737462216263377,2.416974275797915,75.67720053031863,0.0498587042093277,-0.008977709338068962,1.0,0.050005801022052765
3.350679579049885,3.737462216263377,2.416974275797915,75.7276966322801,0.052292466163635254,-0.05680352449417114,1.0,0.05049610196147114
3.350679579049885,3.737462216263377,2.416974275797915,75.77718920727548,0.05457212030887604,-0.09353092312812805,1.0,0.04949257499538362
3.350679579049885,3.737462216263377,2.416974275797915,75.82725481224534,0.05680644512176514,-0.1295287013053894,1.0,0.05006560496985912
3.337174811104846,3.7494654050466547,2.405987720116586,75.8772904583142,0.0246717631816864,0.22084558010101318,1.0,0.05003564606886357
3.337174811104846,3.7494654050466547,2.405987720116586,75.92713836826206,0.02760791778564453,0.18421721458435059,1.0,0.04984790994785726
3.337174811104846,3.7494654050466547,2.405987720116586,75.97727283929763,0.0305328369140625,0.14772585034370422,1.0,0.050134471035562456
3.337174811104846,3.7494654050466547,2.405987720116586,76.02716595226721,0.03347475826740265,0.11102534830570221,1.0,0.04989311296958476
3.337174811104846,3.7494654050466547,2.405987720116586,76.07719481225413,0.036612167954444885,0.07669779658317566,1.0,0.050028859986923635
3.337174811104846,3.7494654050466547,2.405987720116586,76.12729530421839,0.04018278419971466,0.05464686453342438,1.0,0.050100491964258254
3.337174811104846,3.7494654050466547,2.405987720116586,76.17717939732884,0.043151021003723145,0.031987592577934265,1.0,0.04988409311044961
3.337174811104846,3.7494654050466547,2.405987720116586,76.22720680130934,0.04547920823097229,0.00836263783276081,1.0,0.050027403980493546
3.329077894827527,3.7568603154595683,2.432281051242631,76.2770522663026,0.026620373129844666,0.1974100023508072,1.0,0.04984546499326825
3.329077894827527,3.7568603154595683,2.432281051242631,76.32713746327263,0.028455883264541626,0.19518142938613892,1.0,0.050085196970030665
3.329077894827527,3.7568603154595683,2.432281051242631,76.3772098532767,0.030248835682868958,0.19338548183441162,1.0,0.05007239000406116
3.329077894827527,3.7568603154595683,2.432281051242631,76.42718257232391,0.031998515129089355,0.1919589340686798,1.0,0.04997271904721856
3.329077894827527,3.7568603154595683,2.432281051242631,76.4772555012145,0.03381939232349396,0.19289752840995789,1.0,0.0500729288905859
3.329077894827527,3.7568603154595683,2.432281051242631,76.52755939530962,0.03678971529006958,0.19592274725437164,1.0,0.050303894095122814
3.329077894827527,3.7568603154595683,2.432281051242631,76.57727505826679,0.03977382183074951,0.19896158576011658,1.0,0.049715662957169116
3.329077894827527,3.7568603154595683,2.432281051242631,76.62717074122102,0.04271695017814636,0.19996999204158783,1.0,0.049895682954229414
3.329077894827527,3.7568603154595683,2.432281051242631,76.67716780224637,0.04566556215286255,0.19924141466617584,1.0,0.049997061025351286
3.3200351840697735,3.763020943646002,2.4951764714529263,76.72722994129927,0.028175026178359985,0.2387588918209076,1.0,0.05006213905289769
3.3200351840697735,3.763020943646002,2.4951764714529263,76.77743006824804,0.029841303825378418,0.2372594177722931,1.0,0.05020012694876641
3.3200351840697735,3.763020943646002,2.4951764714529263,76.82720513223958,0.03151202201843262,0.2357562780380249,1.0,0.04977506399154663
3.3200351840697735,3.763020943646002,2.4951764714529263,76.87719207526007,0.03316868841648102,0.23426592350006104,1.0,0.04998694302048534
3.3200351840697735,3.763020943646002,2.4951764714529263,76.92729344022283,0.03539229929447174,0.22351998090744019,1.0,0.050101364962756634
3.3200351840697735,3.763020943646002,2.4951764714529263,76.97716504429755,0.03764417767524719,0.21236883103847504,1.0,0.04987160407472402
3.311244146806963,3.7687392536726567,2.5601429777390363,77.02721493622576,0.026868566870689392,0.2219860553741455,1.0,0.050049891928210855
3.311244146806963,3.7687392536726567,2.5601429777390363,77.07722203830545,0.029105037450790405,0.21131746470928192,1.0,0.0500071020796895
3.311244146806963,3.7687392536726567,2.5601429777390363,77.12718865730622,0.030913472175598145,0.21561112999916077,1.0,0.04996661900077015
3.311244146806963,3.7687392536726567,2.5601429777390363,77.1771730352315,0.032720357179641724,0.2199016958475113,1.0,0.04998437792528421
3.311244146806963,3.7687392536726567,2.5601429777390363,77.22714686732562,0.034527912735939026,0.22419337928295135,1.0,0.04997383209411055
3.311244146806963,3.7687392536726567,2.5601429777390363,77.27715244424817,0.03633512556552887,0.2284846305847168,1.0,0.05000557692255825
3.303410564796348,3.7746535427610075,2.6262406246238985,77.32730346232475,0.025384709239006042,0.2702493667602539,1.0,0.05015101807657629
3.303410564796348,3.7746535427610075,2.6262406246238985,77.37720105227837,0.028230682015419006,0.26661890745162964,1.0,0.04989758995361626
3.303410564796348,3.7746535427610075,2.6262406246238985,77.42714181823013,0.03098990023136139,0.2667638957500458,1.0,0.04994076595176011
3.303410564796348,3.7746535427610075,2.6262406246238985,77.47719705327236,0.03339913487434387,0.27518025040626526,1.0,0.050055235042236745
3.303410564796348,3.7746535427610075,2.6262406246238985,77.52715976223172,0.0361822247505188,0.28312233090400696,1.0,0.04996270895935595
3.303410564796348,3.7746535427610075,2.6262406246238985,77.57714017225717,0.03919532895088196,0.2901475429534912,1.0,0.04998041002545506
3.29477004139688,3.7778033081236835,2.703794123516843,77.62721852423911,0.029260843992233276,0.19142930209636688,1.0,0.050078351981937885
3.29477004139688,3.7778033081236835,2.703794123516843,77.67717040925109,0.03242523968219757,0.21197417378425598,1.0,0.04995188501197845
3.29477004139688,3.7778033081236835,2.703794123516843,77.7273213493294,0.03558167815208435,0.23246747255325317,1.0,0.05015094007831067
3.29477004139688,3.7778033081236835,2.703794123516843,77.77719358123196,0.038749560713768005,0.2540837526321411,1.0,0.04987223190255463
3.29477004139688,3.7778033081236835,2.703794123516843,77.82723648533047,0.04186582565307617,0.2794491648674011,1.0,0.05004290409851819
3.29477004139688,3.7778033081236835,2.703794123516843,77.8771349742432,0.04499690234661102,0.30311283469200134,1.0,0.04989848891273141
3.282324510846492,3.782776385155288,2.769027584751761,77.92749958428377,0.0318489670753479,0.26475170254707336,1.0,0.050364610040560365
3.282324510846492,3.782776385155288,2.769027584751761,77.97721996823148,0.03500150144100189,0.2885056734085083,1.0,0.04972038394771516
3.282324510846492,3.782776385155288,2.769027584751761,78.02751334431869,0.03811366856098175,0.3119550049304962,1.0,0.05029337608721107
3.282324510846492,3.782776385155288,2.769027584751761,78.07728414925569,0.041261643171310425,0.3356744945049286,1.0,0.04977080493699759
3.282324510846492,3.782776385155288,2.769027584751761,78.12722599123427,0.04440230131149292,0.3599448502063751,1.0,0.04994184197857976
3.282324510846492,3.782776385155288,2.769027584751761,78.1772133342578,0.04765123128890991,0.38736313581466675,1.0,0.04998734302353114
3.2714953363399,3.7881133439092083,2.841594184309002,78.22728619527825,0.0363486111164093,0.38290074467658997,1.0,0.050072861020453274
3.2714953363399,3.7881133439092083,2.841594184309002,78.27719506331542,0.039605990052223206,0.4103910028934479,1.0,0.04990886803716421
3.2714953363399,3.7881133439092083,2.841594184309002,78.32727313229171,0.042852818965911865,0.4377910792827606,1.0,0.050078068976290524
3.2714953363399,3.7881133439092083,2.841594184309002,78.37716100924936,0.046110600233078,0.4652845859527588,1.0,0.04988787695765495
3.26166893434789,3.788215508208254,2.907179572042236,78.42730897421771,0.03516794741153717,0.17762459814548492,1.0,0.05014796496834606
3.26166893434789,3.788215508208254,2.907179572042236,78.47717528721606,0.03843614459037781,0.20496442914009094,1.0,0.049866312998346984
3.26166893434789,3.788215508208254,2.907179572042236,78.52772916028098,0.07151985913515091,-0.17849043011665344,1.0,0.05055387306492776
3.26166893434789,3.788215508208254,2.907179572042236,78.57722265728572,0.07870177924633026,-0.2636924088001251,1.0,0.04949349700473249
3.2566910139450522,3.7868500106381333,2.9621498149759864,78.62729827723288,0.060827597975730896,-0.29799845814704895,1.0,0.05007561994716525
3.2566910139450522,3.7868500106381333,2.9621498149759864,78.67726649927263,0.06987705081701279,-0.36923420429229736,1.0,0.04996822203975171
3.2566910139450522,3.7868500106381333,2.9621498149759864,78.7272581962292,0.07956885546445847,-0.4339158833026886,1.0,0.049991696956567466
3.2566910139450522,3.7868500106381333,2.9621498149759864,78.77718384332312,0.08863207697868347,-0.49921029806137085,1.0,0.04992564709391445
3.2436109703001383,3.787054160890483,2.9204772428086296,78.8273267232702,0.0887984186410904,-0.6936853528022766,1.0,0.05014287994708866
3.2436109703001383,3.787054160890483,2.9204772428086296,78.87719639228945,0.09955434501171112,-0.7087327241897583,1.0,0.04986966901924461
3.2436109703001383,3.787054160890483,2.9204772428086296,78.92768625532099,0.11029200255870819,-0.7133558988571167,1.0,0.05048986303154379
3.2436109703001383,3.787054160890483,2.9204772428086296,78.97717753822272,0.12128110229969025,-0.7169148921966553,1.0,0.04949128290172666
3.2260564196548676,3.7899205835210616,2.8186763336038134,79.02730528429439,0.10148762911558151,-0.5177345275878906,1.0,0.05012774607166648
3.2260564196548676,3.7899205835210616,2.8186763336038134,79.07720211324104,0.11407382786273956,-0.5724448561668396,1.0,0.04989682894665748
3.217848370254408,3.793605305931891,2.7527116576842183,79.12730158924879,0.11003001034259796,-0.3634835481643677,1.0,0.05009947600774467
3.217848370254408,3.793605305931891,2.7527116576842183,79.17717994529576,0.12184541672468185,-0.4185427129268646,1.0,0.04987835604697466
3.2031215313085983,3.799933248047781,2.6964434460811244,79.22715739930337,0.1261061131954193,0.28242090344429016,1.0,0.04997745400760323
3.2031215313085983,3.799933248047781,2.6964434460811244,79.27717617132058,0.13642090559005737,0.21763017773628235,1.0,0.05001877201721072
3.2031215313085983,3.799933248047781,2.6964434460811244,79.32720705530429,0.1442619413137436,0.1496533304452896,1.0,0.05003088398370892
3.2031215313085983,3.799933248047781,2.6964434460811244,79.37719367829905,0.15153256058692932,0.08370745182037354,1.0,0.04998662299476564
3.1827501857579255,3.8098736212604454,2.6635534220660944,79.42731810828028,0.13008460402488708,0.40831708908081055,1.0,0.05012442998122424
3.1827501857579255,3.8098736212604454,2.6635534220660944,79.4774120922788,0.14117252826690674,0.342761367559433,1.0,0.05009398399852216
3.1684076411403477,3.816068350129742,2.6792092448569487,79.5272689393145,0.0999445766210556,0.528299868106842,1.0,0.04985684703569859
3.1684076411403477,3.816068350129742,2.6792092448569487,79.57716720529189,0.11429040133953094,0.4913327991962433,1.0,0.04989826597739011
3.15270073570121,3.822158521659806,2.7133416649115385,79.62725577423171,0.053731247782707214,0.6102796196937561,1.0,0.05008856893982738
3.15270073570121,3.822158521659806,2.7133416649115385,79.67719938223073,0.07012256979942322,0.5734782218933105,1.0,0.049943607999011874
3.15270073570121,3.822158521659806,2.7133416649115385,79.72730803828509,0.0874483585357666,0.536654531955719,1.0,0.050108656054362655
3.15270073570121,3.822158521659806,2.7133416649115385,79.77725639521432,0.10331989824771881,0.4950965344905853,1.0,0.04994835692923516
3.13846590253342,3.825544186794198,2.8031010278854915,79.82717497322065,0.0797366201877594,0.31937479972839355,1.0,0.04991857800632715
3.13846590253342,3.825544186794198,2.8031010278854915,79.87720528525588,0.09113562107086182,0.21689662337303162,1.0,0.05003031203523278
3.13846590253342,3.825544186794198,2.8031010278854915,79.92730117823285,0.09958335757255554,0.09002307057380676,1.0,0.05009589297696948
3.13846590253342,3.825544186794198,2.8031010278854915,79.97714489129194,0.10714777559041977,-0.040781110525131226,1.0,0.04984371305909008
3.123401632021229,3.830929830440629,2.869789693007475,80.02717924328809,0.06502647697925568,0.5645853877067566,1.0,0.05003435199614614
3.123401632021229,3.830929830440629,2.869789693007475,80.07720498625477,0.08515624701976776,0.4868435263633728,1.0,0.05002574296668172
3.123401632021229,3.830929830440629,2.869789693007475,80.12718497928054,0.09866781532764435,0.37937119603157043,1.0,0.049979993025772274
3.123401632021229,3.830929830440629,2.869789693007475,80.17719409022303,0.11090649664402008,0.26985859870910645,1.0,0.05000911094248295
3.102016387139801,3.8352509713492595,2.908804300599055,80.22731183831402,0.08217468112707138,-0.05259475111961365,1.0,0.05011774809099734
3.102016387139801,3.8352509713492595,2.908804300599055,80.2771726102923,0.09186853468418121,-0.16292884945869446,1.0,0.04986077197827399
3.102016387139801,3.8352509713492595,2.908804300599055,80.32718416327899,0.10140975564718246,-0.2666720449924469,1.0,0.05001155298668891
3.102016387139801,3.8352509713492595,2.908804300599055,80.37713399123223,0.11154349893331528,-0.34396079182624817,1.0,0.049949827953241765
3.0864825065176493,3.838528350354972,2.922782069844505,80.42726171425366,0.11269879341125488,-0.028330309316515923,1.0,0.05012772302143276
3.0864825065176493,3.838528350354972,2.922782069844505,80.47721448728171,0.11782432347536087,-0.118133544921875,1.0,0.04995277302805334
3.0744817800931035,3.843868991626457,2.896165631167446,80.52717599332155,0.11064384877681732,0.16142378747463226,1.0,0.04996150603983551
3.0744817800931035,3.843868991626457,2.896165631167446,80.57718827832778,0.1155066192150116,0.08793595433235168,1.0,0.05001228500623256
3.0635794032144705,3.846369575687579,2.891322064697206,80.62717882125926,0.10445879399776459,0.18488556146621704,1.0,0.049990542931482196
3.0635794032144705,3.846369575687579,2.891322064697206,80.67720169423902,0.10950753092765808,0.10451250523328781,1.0,0.05002287297975272
3.052712151964422,3.849256038775783,2.9027241938062525,80.72726893321433,0.09528392553329468,0.1748926341533661,1.0,0.050067238975316286
3.052712151964422,3.849256038775783,2.9027241938062525,80.77762962331818,0.1003410816192627,0.09735145419836044,1.0,0.05036069010384381
3.052712151964422,3.849256038775783,2.9027241938062525,80.8271770972182,0.10601979494094849,0.011342691257596016,1.0,0.04954747390002012
3.0436669604450666,3.8498066669364004,2.9132523928561493,80.87723337732078,0.09493784606456757,-0.030039889737963676,1.0,0.050056280102580786
3.0436669604450666,3.8498066669364004,2.9132523928561493,80.92720696529196,0.1007402315735817,-0.11283490061759949,1.0,0.04997358797118068
3.0436669604450666,3.8498066669364004,2.9132523928561493,80.97715386330438,0.10635683685541153,-0.19832047820091248,1.0,0.049946898012422025
3.0298450875755063,3.852002478539469,2.916347846518485,81.02713427624022,0.08982227742671967,-0.11632460355758667,1.0,0.0499804129358381
3.0298450875755063,3.852002478539469,2.916347846518485,81.07726505923839,0.0959489643573761,-0.19992201030254364,1.0,0.05013078299816698
3.0298450875755063,3.852002478539469,2.916347846518485,81.12720648421728,0.1020941212773323,-0.28377124667167664,1.0,0.049941424978896976
3.0298450875755063,3.852002478539469,2.916347846518485,81.17719083222383,0.10997073352336884,-0.3559146821498871,1.0,0.0499843480065465
3.0101262960125608,3.85563941937049,2.8813751927059696,81.22718980222763,0.09233353286981583,-0.07730479538440704,1.0,0.049998970003798604
3.0101262960125608,3.85563941937049,2.8813751927059696,81.27715371724972,0.10021214932203293,-0.14896412193775177,1.0,0.04996391502209008
2.999678834593953,3.8586239687925463,2.8527410207504937,81.32731506322799,0.09756502509117126,0.0463251918554306,1.0,0.05016134597826749
2.999678834593953,3.8586239687925463,2.8527410207504937,81.37727569824838,0.10546921193599701,-0.025566725060343742,1.0,0.049960635020397604
2.999678834593953,3.8586239687925463,2.8527410207504937,81.42720708822654,0.1133917048573494,-0.09742647409439087,1.0,0.049931389978155494
2.999678834593953,3.8586239687925463,2.8527410207504937,81.47721310228863,0.12137718498706818,-0.16959044337272644,1.0,0.05000601406209171
2.979319825874632,3.862121868104196,2.841915259504562,81.52707314527416,0.09915816783905029,0.0562296062707901,1.0,0.04986004298552871
2.979319825874632,3.862121868104196,2.841915259504562,81.57714191732285,0.10685867071151733,-0.014415500685572624,1.0,0.050068772048689425
2.968468023374255,3.8665585351002636,2.8324870540517915,81.6271293972508,0.1000538021326065,0.21492338180541992,1.0,0.04998747992794961
2.968468023374255,3.8665585351002636,2.8324870540517915,81.67716134329149,0.10738830268383026,0.14609088003635406,1.0,0.050031946040689945
2.968468023374255,3.8665585351002636,2.8324870540517915,81.72724735924331,0.11480766534805298,0.07823258638381958,1.0,0.05008601595181972
2.968468023374255,3.8665585351002636,2.8324870540517915,81.77761520027471,0.12201783061027527,0.003960492089390755,1.0,0.05036784103140235
2.968468023374255,3.8665585351002636,2.8324870540517915,81.82718234731638,0.1287812441587448,-0.0898776650428772,1.0,0.04956714704167098
2.950298845173015,3.8717110347008195,2.8476712717409396,81.87726523227812,0.10409414768218994,0.13637682795524597,1.0,0.05008288496173918
2.950298845173015,3.8717110347008195,2.8476712717409396,81.92715313030695,0.11006775498390198,0.05258755385875702,1.0,0.049887898028828204
2.939812837979095,3.874090615109932,2.8467754320573357,81.97716820823317,0.1002545952796936,0.15204274654388428,1.0,0.05001507792621851
2.939812837979095,3.874090615109932,2.8467754320573357,82.02714777028942,0.10696178674697876,0.06610773503780365,1.0,0.04997956205625087
2.928766516434538,3.8758487070160603,2.8499924641270695,82.07720724424635,0.09571488201618195,0.13777267932891846,1.0,0.05005947395693511
2.928766516434538,3.8758487070160603,2.8499924641270695,82.12780737726771,0.10301782190799713,0.07530567049980164,1.0,0.050600133021362126
2.928766516434538,3.8758487070160603,2.8499924641270695,82.17716574623537,0.11036425828933716,0.018208103254437447,1.0,0.04935836896765977
2.928766516434538,3.8758487070160603,2.8499924641270695,82.22714940424831,0.11790203303098679,-0.05757971107959747,1.0,0.04998365801293403
2.910591596334488,3.879880824008853,2.86549897634292,82.2771888852707,0.09289480745792389,0.15374311804771423,1.0,0.050039481022395194
2.910591596334488,3.879880824008853,2.86549897634292,82.32715876832427,0.10049198567867279,0.04772326350212097,1.0,0.049969883053563535
2.9048533083767465,3.8816351641638005,2.8628943664556723,82.37717311632642,0.09989398717880249,0.07851602137088776,1.0,0.050014348002150655
2.9048533083767465,3.8816351641638005,2.8628943664556723,82.42716305122067,0.10765057802200317,-0.040881723165512085,1.0,0.049989934894256294
2.9048533083767465,3.8816351641638005,2.8628943664556723,82.4771784832823,0.11494046449661255,-0.15914565324783325,1.0,0.05001543206162751
2.9048533083767465,3.8816351641638005,2.8628943664556723,82.52729964723167,0.12226887792348862,-0.27479591965675354,1.0,0.050121163949370384
2.886599945230565,3.8856898821547103,2.8696697086877916,82.57719937724815,0.10050777345895767,-0.0392141193151474,1.0,0.049899730016477406
2.886599945230565,3.8856898821547103,2.8696697086877916,82.62716689532445,0.10850213468074799,-0.13506954908370972,1.0,0.04996751807630062
2.878194416893666,3.889426975379536,2.852616915414759,82.67725972529789,0.10955104231834412,0.07942299544811249,1.0,0.05009282997343689
2.878194416893666,3.889426975379536,2.852616915414759,82.72716923932367,0.11743903905153275,-0.005284590646624565,1.0,0.04990951402578503
2.8669610900856917,3.891190970603032,2.842902404180431,82.77751362732434,0.11093384027481079,0.13208281993865967,1.0,0.050344388000667095
2.8669610900856917,3.891190970603032,2.842902404180431,82.82716499328436,0.11874022334814072,0.06126806139945984,1.0,0.04965136596001685
2.85964330025105,3.892572669895599,2.8446064116355756,82.87719777122894,0.11645619571208954,0.10711170732975006,1.0,0.05003277794457972
2.85964330025105,3.892572669895599,2.8446064116355756,82.92768841424314,0.12466620653867722,0.031860142946243286,1.0,0.05049064301420003
2.8472632088458734,3.8957534475875897,2.8514887858343747,82.97730714922128,0.119196817278862,0.19177821278572083,1.0,0.0496187349781394
2.8472632088458734,3.8957534475875897,2.8514887858343747,83.02717905225055,0.12803632020950317,0.11657246947288513,1.0,0.04987190302927047
2.833955547635728,3.899445868002868,2.857455841311108,83.0772250262211,0.1206158697605133,0.3003438413143158,1.0,0.05004597397055477
2.833955547635728,3.899445868002868,2.857455841311108,83.12716928428327,0.12860554456710815,0.21343424916267395,1.0,0.049944258062168956
2.8227040909164893,3.9016006440417392,2.8695354582125017,83.17725510931396,0.12193895876407623,0.2814980447292328,1.0,0.05008582503069192
2.8227040909164893,3.9016006440417392,2.8695354582125017,83.22716509226066,0.12993507087230682,0.19451922178268433,1.0,0.04990998294670135
2.8113360158516922,3.9033563931040245,2.8875750970286918,83.27717139328652,0.12245231866836548,0.23714430630207062,1.0,0.05000630102586001
2.8113360158516922,3.9033563931040245,2.8875750970286918,83.32719620632761,0.13065922260284424,0.1599242091178894,1.0,0.050024813041090965
2.8004297209326703,3.9046288103115696,2.905805120872594,83.37726832822719,0.12458066642284393,0.1821228265762329,1.0,0.050072121899574995
2.8004297209326703,3.9046288103115696,2.905805120872594,83.42719737429925,0.0922226682305336,-0.14666618406772614,1.0,0.04992904607206583
2.7896949721890807,3.906018510343463,2.9245255286479828,83.47743295832825,0.07951001077890396,-0.11168579757213593,1.0,0.05023558402899653
2.7896949721890807,3.906018510343463,2.9245255286479828,83.52717665328001,0.08607468754053116,-0.19849520921707153,1.0,0.04974369495175779
2.781180973595667,3.906526365009743,2.9267439021164465,83.57721255732523,0.09311341494321823,-0.2787694036960602,1.0,0.05003590404521674
2.781180973595667,3.906526365009743,2.9267439021164465,83.62717229327009,0.1012405976653099,-0.35015714168548584,1.0,0.049959735944867134
2.781180973595667,3.906526365009743,2.9267439021164465,83.67722060928409,0.11025405675172806,-0.4157659709453583,1.0,0.05004831601399928
2.781180973595667,3.906526365009743,2.9267439021164465,83.72737225123038,0.1193557009100914,-0.4818682074546814,1.0,0.05015164194628596
2.7616500430609987,3.9110831139741875,2.8824269843417833,83.77731005231672,0.1009652316570282,-0.14632639288902283,1.0,0.049937801086343825
2.7616500430609987,3.9110831139741875,2.8824269843417833,83.82718910021995,0.1088341474533081,-0.21789765357971191,1.0,0.049879047903232276
2.750089241894027,3.913854374585042,2.8407265683123013,83.87717938121696,0.09468607604503632,0.1434786021709442,1.0,0.049990280997008085
2.750089241894027,3.913854374585042,2.8407265683123013,83.92757341231973,0.10256317257881165,0.07183229923248291,1.0,0.05039403110276908
2.750089241894027,3.913854374585042,2.8407265683123013,83.97744777927929,0.1105051189661026,-0.000398365780711174,1.0,0.04987436695955694
2.750089241894027,3.913854374585042,2.8407265683123013,84.02716864227605,0.11848150193691254,-0.07247999310493469,1.0,0.04972086299676448
2.7307455733552324,3.9202320665777393,2.825407113114758,84.07719869621852,0.09822718799114227,0.22585737705230713,1.0,0.05003005394246429
2.7307455733552324,3.9202320665777393,2.825407113114758,84.12733506528949,0.10727259516716003,0.16095390915870667,1.0,0.05013636907096952
2.717776499915964,3.9246762662112604,2.8224365139827157,84.17728334328913,0.09825266897678375,0.2662825584411621,1.0,0.04994827799964696
2.717776499915964,3.9246762662112604,2.8224365139827157,84.22722704930985,0.1083158552646637,0.20889346301555634,1.0,0.04994370602071285
2.7074774181463273,3.9277325473526314,2.8367168550244806,84.27726261924309,0.09484562277793884,0.2746313214302063,1.0,0.050035569933243096
2.7074774181463273,3.9277325473526314,2.8367168550244806,84.32726690325708,0.10497677326202393,0.2104806900024414,1.0,0.05000428401399404
2.7074774181463273,3.9277325473526314,2.8367168550244806,84.37718408323181,0.11213816702365875,0.13052812218666077,1.0,0.04991717997472733
2.7074774181463273,3.9277325473526314,2.8367168550244806,84.42717881222543,0.11868807673454285,0.04569585621356964,1.0,0.04999472899362445
2.6883380169010676,3.9328383597397427,2.8746790821483086,84.47735258030062,0.08571290969848633,0.20388537645339966,1.0,0.050173768075183034
2.6883380169010676,3.9328383597397427,2.8746790821483086,84.52747260128436,0.09228146076202393,0.12760645151138306,1.0,0.05012002098374069
2.6784439879481767,3.9352357469471775,2.8842968281113484,84.5772130562813,0.08071556687355042,0.2024611532688141,1.0,0.04974045499693602
2.6784439879481767,3.9352357469471775,2.8842968281113484,84.62710541231846,0.08815032243728638,0.13624773919582367,1.0,0.049892356037162244
2.6784439879481767,3.9352357469471775,2.8842968281113484,84.67715651228846,0.09485985338687897,0.03802531957626343,1.0,0.05005109997000545
2.6784439879481767,3.9352357469471775,2.8842968281113484,84.7271698193048,0.1019204780459404,-0.06311291456222534,1.0,0.05001330701634288
2.662018467605336,3.938862705867619,2.909450874969356,84.77716770024327,0.07257302105426788,0.13904359936714172,1.0,0.04999788093846291
2.662018467605336,3.938862705867619,2.909450874969356,84.82720604528495,0.07995085418224335,0.04211455583572388,1.0,0.050038345041684806
2.662018467605336,3.938862705867619,2.909450874969356,84.87719424722073,0.0873776450753212,-0.08098836243152618,1.0,0.04998820193577558
2.662018467605336,3.938862705867619,2.909450874969356,84.9271898822748,0.09517532587051392,-0.19779318571090698,1.0,0.04999563505407423
2.6444522157165617,3.9432355092691522,2.9143583905767114,84.97728005728041,0.07320177555084229,0.08222725987434387,1.0,0.05009017500560731
2.6444522157165617,3.9432355092691522,2.9143583905767114,85.02719118924634,0.08205916732549667,-0.03434516489505768,1.0,0.04991113196592778
2.6444522157165617,3.9432355092691522,2.9143583905767114,85.0772471212671,0.0911882147192955,-0.1502438187599182,1.0,0.05005593202076852
2.6444522157165617,3.9432355092691522,2.9143583905767114,85.1271862653206,0.10032296180725098,-0.26467636227607727,1.0,0.04993914405349642
2.6292283095722317,3.946391583133231,2.899105201767971,85.17712354929009,0.09763552248477936,-0.1376735121011734,1.0,0.04993728396948427
2.6292283095722317,3.946391583133231,2.899105201767971,85.22727047723075,0.10658349841833115,-0.23898151516914368,1.0,0.050146927940659225
2.6292283095722317,3.946391583133231,2.899105201767971,85.27758112027132,0.11608061194419861,-0.33020976185798645,1.0,0.05031064304057509
2.6292283095722317,3.946391583133231,2.899105201767971,85.32715655328994,0.12639093399047852,-0.3993593156337738,1.0,0.04957543301861733
2.6116407738881873,3.951185235046323,2.858901775743799,85.37712936127846,0.11616786569356918,-0.0037168841809034348,1.0,0.04997280798852444
2.6116407738881873,3.951185235046323,2.858901775743799,85.42770539632821,0.16288118064403534,0.13016754388809204,1.0,0.05057603504974395
2.6116407738881873,3.951185235046323,2.858901775743799,85.47716907121995,0.1676306426525116,0.03961566090583801,1.0,0.049463674891740084
2.602374942405337,3.9543448995127397,2.825337898927538,85.52719477926203,0.1651507318019867,0.2536645829677582,1.0,0.05002570804208517
2.590599968087911,3.9586909605231377,2.8262240266980583,85.57729224128471,0.1509651392698288,0.4467537999153137,1.0,0.050097462022677064
2.590599968087911,3.9586909605231377,2.8262240266980583,85.62713979430319,0.15678077936172485,0.35821160674095154,1.0,0.04984755301848054
2.5749215745591867,3.962750347372444,2.848817005684419,85.67708305422039,0.12932798266410828,0.5042744874954224,1.0,0.04994325991719961
2.5749215745591867,3.962750347372444,2.848817005684419,85.72716593126589,0.13653306663036346,0.4197145700454712,1.0,0.0500828770454973
2.55894540795835,3.966690592201406,2.884176532582931,85.77726238326923,0.10035756230354309,0.5511400103569031,1.0,0.05009645200334489
2.55894540795835,3.966690592201406,2.884176532582931,85.82718889323351,0.11226284503936768,0.503084123134613,1.0,0.04992650996427983
2.546409342004491,3.9698230633603657,2.9245503807743276,85.87712918630623,0.08198496699333191,0.5618211030960083,1.0,0.04994029307272285
2.546409342004491,3.9698230633603657,2.9245503807743276,85.9272089023265,0.09456713497638702,0.5278871655464172,1.0,0.05007971602026373
2.546409342004491,3.9698230633603657,2.9245503807743276,85.97718185723116,0.1045072078704834,0.47799375653266907,1.0,0.04997295490466058
2.546409342004491,3.9698230633603657,2.9245503807743276,86.02719770431341,0.11287109553813934,0.41940149664878845,1.0,0.05001584708224982
2.546409342004491,3.9698230633603657,2.9245503807743276,86.07719191025299,0.12202738225460052,0.35693085193634033,1.0,0.04999420593958348
2.5269670076741755,3.972251527133291,3.0124982226908847,86.1275544213253,0.07885195314884186,0.3633059561252594,1.0,0.050362511072307825
2.5269670076741755,3.972251527133291,3.0124982226908847,86.17717724725426,0.08803346753120422,0.2971211373806,1.0,0.04962282592896372
2.5140533274048775,3.9735824324667934,3.047215608398203,86.22748018231997,0.06487615406513214,0.3156518042087555,1.0,0.050302935065701604
2.5140533274048775,3.9735824324667934,3.047215608398203,86.27716531524257,0.07332062721252441,0.2481280267238617,1.0,0.04968513292260468
2.5140533274048775,3.9735824324667934,3.047215608398203,86.32723228832529,0.08069659769535065,0.17798462510108948,1.0,0.05006697308272123
2.5140533274048775,3.9735824324667934,3.047215608398203,86.37717602822286,0.08738967776298523,0.10132810473442078,1.0,0.049943739897571504
2.493073146238637,3.9747459358645223,3.1018807570126024,86.4271377052768,0.051441267132759094,0.11499136686325073,1.0,0.049961677053943276
2.493073146238637,3.9747459358645223,3.1018807570126024,86.4771791253128,0.05892054736614227,0.030108483508229256,1.0,0.05004142003599554
2.493073146238637,3.9747459358645223,3.1018807570126024,86.52718304226929,0.06641176342964172,-0.054909154772758484,1.0,0.05000391695648432
2.493073146238637,3.9747459358645223,3.1018807570126024,86.5771691672393,0.07395565509796143,-0.1398402750492096,1.0,0.049986124970018864
2.4775060810313185,3.974678234865253,3.1209991441514835,86.62713790430044,0.0552406907081604,-0.14882966876029968,1.0,0.04996873706113547
2.4775060810313185,3.974678234865253,3.1209991441514835,86.67777032022187,0.06268876045942307,-0.2456040233373642,1.0,0.05063241592142731
2.4775060810313185,3.974678234865253,3.1209991441514835,86.7272894012398,0.0705849751830101,-0.3414594233036041,1.0,0.049519081017933786
2.4775060810313185,3.974678234865253,3.1209991441514835,86.77716614423608,0.07992447167634964,-0.4250027537345886,1.0,0.049876742996275425
2.4660627291347943,3.9753916128077194,3.096995865686211,86.82722076623523,0.06741198152303696,-0.31261125206947327,1.0,0.050054621999152005
2.4660627291347943,3.9753916128077194,3.096995865686211,86.87719507330385,0.07584352046251297,-0.3865930140018463,1.0,0.0499743070686236
2.4660627291347943,3.9753916128077194,3.096995865686211,86.92756601424244,0.08465540409088135,-0.45185860991477966,1.0,0.05037094093859196
2.4660627291347943,3.9753916128077194,3.096995865686211,86.97718374432353,0.09329012036323547,-0.5157999396324158,1.0,0.04961773008108139
2.4508490053200522,3.976377322373365,3.0344892857190744,87.0271691152715,0.07550723850727081,-0.2694244980812073,1.0,0.04998537094797939
2.4508490053200522,3.976377322373365,3.0344892857190744,87.07713337825899,0.08425813168287277,-0.3396056592464447,1.0,0.04996426298748702
2.4508490053200522,3.976377322373365,3.0344892857190744,87.12726824429174,0.09348515421152115,-0.4058096706867218,1.0,0.050134866032749414
2.4508490053200522,3.976377322373365,3.0344892857190744,87.17716164923095,0.10308598726987839,-0.4635293483734131,1.0,0.049893404939211905
2.4331672573710024,3.9790804849296078,2.960069932239812,87.2272217242402,0.09335428476333618,-0.02058115415275097,1.0,0.0500600750092417
2.4331672573710024,3.9790804849296078,2.960069932239812,87.27716795821962,0.10140760987997055,-0.07685455679893494,1.0,0.049946233979426324
2.4331672573710024,3.9790804849296078,2.960069932239812,87.32764416724731,0.1095353364944458,-0.16576027870178223,1.0,0.050476209027692676
2.4331672573710024,3.9790804849296078,2.960069932239812,87.3771534942911,0.11725220829248428,-0.2551288604736328,1.0,0.049509327043779194
2.410521865444857,3.9826554242564907,2.908706358751264,87.42730283330948,0.10040397942066193,0.2965434789657593,1.0,0.05014933901838958
2.410521865444857,3.9826554242564907,2.908706358751264,87.47714761121952,0.11113211512565613,0.2029142528772354,1.0,0.04984477791003883
2.400578120556745,3.985742887718485,2.891400958290892,87.52720379225266,0.10266540944576263,0.4338626265525818,1.0,0.05005618103314191
2.400578120556745,3.985742887718485,2.891400958290892,87.57715843432871,0.11513054370880127,0.33389565348625183,1.0,0.049954642076045275
2.3911402071086765,3.9880050633952284,2.902680690197459,87.62715984532898,0.10185220837593079,0.44312623143196106,1.0,0.05000141100026667
2.3911402071086765,3.9880050633952284,2.902680690197459,87.67715886224815,0.1127520501613617,0.385344922542572,1.0,0.0499990169191733
2.384296795246661,3.989556563252034,2.93421149103873,87.72725456523531,0.1019672155380249,0.3815997540950775,1.0,0.05009570298716426
2.384296795246661,3.989556563252034,2.93421149103873,87.77721039125518,0.11313681304454803,0.3160814046859741,1.0,0.049955826019868255
2.376323318577345,3.9902348609229983,2.9685113660245657,87.82714831027025,0.10831864178180695,0.2781667411327362,1.0,0.049937919015064836
2.376323318577345,3.9902348609229983,2.9685113660245657,87.87716437726104,0.116727814078331,0.21119120717048645,1.0,0.05001606699079275
2.3665299261271624,3.991423025106361,2.9972663189748987,87.92727272923858,0.10850626230239868,0.22552204132080078,1.0,0.05010835197754204
2.3665299261271624,3.991423025106361,2.9972663189748987,87.97714475229205,0.11666914820671082,0.15801188349723816,1.0,0.049872023053467274
2.356045454083761,3.992236315099452,3.0172180114343425,88.027225657262,0.10796390473842621,0.19222316145896912,1.0,0.05008090496994555
2.356045454083761,3.992236315099452,3.0172180114343425,88.07718475327184,0.1160479187965393,0.12429219484329224,1.0,0.04995909600984305
2.34762098299005,3.992459006563848,3.03421697899365,88.12721868722056,0.1120527982711792,0.1020243763923645,1.0,0.05003393394872546
2.34762098299005,3.992459006563848,3.03421697899365,88.17719458324191,0.12054332345724106,0.021894337609410286,1.0,0.04997589602135122
2.338091686331099,3.992339655562107,3.0453994411624503,88.2272784973151,0.1158909723162651,0.005371095612645149,1.0,0.05008391407318413
2.338091686331099,3.992339655562107,3.0453994411624503,88.27718269826201,0.12425843626260757,-0.071830153465271,1.0,0.04990420094691217
2.3295253525826998,3.9933374404441255,3.051115994547866,88.32716833731448,0.12242696434259415,-0.016024542972445488,1.0,0.04998563905246556
2.3295253525826998,3.9933374404441255,3.051115994547866,88.37714631228064,0.1307009756565094,-0.09645766019821167,1.0,0.049977974966168404
2.3171206739902965,3.9947264541440246,3.047869181601287,88.42731208029491,0.12477204203605652,0.045476555824279785,1.0,0.05016576801426709
2.3171206739902965,3.9947264541440246,3.047869181601287,88.4772731042589,0.10351094603538513,-0.395187109708786,1.0,0.04996102396398783
2.3063813145040313,3.9954316221477524,3.0442083210522286,88.5272612532257,0.09406314045190811,-0.3194798529148102,1.0,0.04998814896680415
2.3063813145040313,3.9954316221477524,3.0442083210522286,88.5771831232245,0.10220317542552948,-0.3951190710067749,1.0,0.049921869998797774
2.2962598317942153,3.9960594252613255,3.033289760958407,88.62713606132948,0.09504782408475876,-0.2888850271701813,1.0,0.049952938104979694
2.2962598317942153,3.9960594252613255,3.033289760958407,88.67726711231572,0.10338186472654343,-0.358765184879303,1.0,0.050131050986237824
2.2962598317942153,3.9960594252613255,3.033289760958407,88.72727962526315,0.1124262660741806,-0.424598753452301,1.0,0.0500125129474327
2.2962598317942153,3.9960594252613255,3.033289760958407,88.77716993227423,0.1215512678027153,-0.4908100664615631,1.0,0.04989030701108277
2.280560772458881,3.998134455751133,2.971681952219022,88.82716875431416,0.10616189986467361,-0.11444635689258575,1.0,0.04999882203992456
2.280560772458881,3.998134455751133,2.971681952219022,88.87721108122551,0.11409180611371994,-0.18636825680732727,1.0,0.050042326911352575
2.2684581097123693,4.000084656477516,2.9327605315716574,88.92728453922373,0.11428501456975937,0.0008411873131990433,1.0,0.0500734579982236
2.2684581097123693,4.000084656477516,2.9327605315716574,88.97715616832775,0.12229325622320175,-0.07152807712554932,1.0,0.04987162910401821
2.2573093301814127,4.0025529790872785,2.911969881189523,89.02736421722275,0.1190866231918335,0.07354465126991272,1.0,0.05020804889500141
2.2573093301814127,4.0025529790872785,2.911969881189523,89.07717335528051,0.1271163672208786,0.0009813923388719559,1.0,0.049809138057753444
2.247114855894135,4.005181075488351,2.9098112403027088,89.12721889129662,0.12044011056423187,0.10327041894197464,1.0,0.050045536016114056
2.247114855894135,4.005181075488351,2.9098112403027088,89.1771726332494,0.12851005792617798,0.038212940096855164,1.0,0.04995374195277691
2.236057568554754,4.007552319088585,2.9133422156260713,89.22715581326102,0.12085552513599396,0.13325101137161255,1.0,0.04998318001162261
2.236057568554754,4.007552319088585,2.9133422156260713,89.27733928629951,0.1287289410829544,0.06924131512641907,1.0,0.050183473038487136
2.2245208610118192,4.0102657644285316,2.919363772759384,89.32729954832521,0.1196436882019043,0.15417511761188507,1.0,0.04996026202570647
2.2245208610118192,4.0102657644285316,2.919363772759384,89.37719810021864,0.1269741952419281,0.08561842143535614,1.0,0.04989855189342052
2.212040117028105,4.012142724460591,2.930151039634577,89.42723700032857,0.09721523523330688,0.3112667500972748,1.0,0.05003890010993928
2.212040117028105,4.012142724460591,2.930151039634577,89.47720317625263,0.10684351623058319,0.23550641536712646,1.0,0.04996617592405528
2.201122439036053,4.013869170690965,2.940256865414657,89.52723265626756,0.09271420538425446,0.2968626916408539,1.0,0.050029480014927685
2.201122439036053,4.013869170690965,2.940256865414657,89.57717454923605,0.10227106511592865,0.24372005462646484,1.0,0.04994189296849072
2.188146688605309,4.01505665986395,2.9635323474473543,89.62718386227553,0.08654171228408813,0.2863984704017639,1.0,0.05000931303948164
2.188146688605309,4.01505665986395,2.9635323474473543,89.67717203021803,0.09604927897453308,0.2224813997745514,1.0,0.049988167942501605
2.188146688605309,4.01505665986395,2.9635323474473543,89.72719375126817,0.10373084247112274,0.1271710991859436,1.0,0.05002172105014324
2.188146688605309,4.01505665986395,2.9635323474473543,89.77717886226074,0.11098884046077728,0.02287769503891468,1.0,0.04998511099256575
2.167456459294903,4.017583837757363,3.0076881081401625,89.82717422525221,0.07675273716449738,0.1539205014705658,1.0,0.04999536299146712
2.167456459294903,4.017583837757363,3.0076881081401625,89.8771660842589,0.08415780961513519,0.05375926196575165,1.0,0.04999185900669545
2.1568880166223776,4.018560301366841,3.0153819753390634,89.92727067427532,0.07445287704467773,0.10736723989248276,1.0,0.050104590016417205
2.1568880166223776,4.018560301366841,3.0153819753390634,89.97726828326759,0.08238454163074493,-0.011509580537676811,1.0,0.049997608992271125
2.1568880166223776,4.018560301366841,3.0153819753390634,90.02713110229288,0.09105300158262253,-0.12805652618408203,1.0,0.04986281902529299
2.1568880166223776,4.018560301366841,3.0153819753390634,90.07722118626171,0.09969808906316757,-0.244289368391037,1.0,0.05009008396882564
2.1409861525603517,4.0200557359049,3.0255159793507236,90.1272141363128,0.07962580025196075,0.026679160073399544,1.0,0.04999295005109161
2.1409861525603517,4.0200557359049,3.0255159793507236,90.17720776122351,0.08893720805644989,-0.08627797663211823,1.0,0.04999362491071224
2.1409861525603517,4.0200557359049,3.0255159793507236,90.22726332828225,0.098396897315979,-0.19559144973754883,1.0,0.050055567058734596
2.1409861525603517,4.0200557359049,3.0255159793507236,90.27719258727794,0.10750757902860641,-0.29751554131507874,1.0,0.04992925899568945
2.1232715006443392,4.021468853440922,3.004021380119978,90.32720397623544,0.09487521648406982,0.04614749550819397,1.0,0.05001138895750046
2.1232715006443392,4.021468853440922,3.004021380119978,90.37772919529871,0.10416152328252792,-0.030245138332247734,1.0,0.05052521906327456
2.1232715006443392,4.021468853440922,3.004021380119978,90.4271440062561,0.17027176916599274,0.02151329629123211,1.0,0.04941481095738709
2.1114505405618624,4.022707118885952,2.9828701023884308,90.47721581523129,0.15628951787948608,-0.10092122852802277,1.0,0.050071808975189924
2.1006572409794346,4.024761192217836,2.982053590885866,90.52720126126715,0.14572755992412567,-0.20861616730690002,1.0,0.04998544603586197
2.1006572409794346,4.024761192217836,2.982053590885866,90.57719526126803,0.15025509893894196,-0.12307581305503845,1.0,0.04999400000087917
2.083741342781793,4.0274513923262285,2.9736016007496033,90.62731019827825,0.12969663739204407,-0.3435819447040558,1.0,0.05011493701022118
2.083741342781793,4.0274513923262285,2.9736016007496033,90.67718056532377,0.13423585891723633,-0.257819801568985,1.0,0.049870367045514286
2.069647627614136,4.029284760320465,2.957669463221088,90.7271554552839,0.11342726647853851,-0.414894700050354,1.0,0.04997488996013999
2.069647627614136,4.029284760320465,2.957669463221088,90.77723299724803,0.1212170422077179,-0.33662909269332886,1.0,0.050077541964128613
2.0567105911065977,4.031986794868462,2.9301590802800694,90.82710904128672,0.09798945486545563,-0.3953094482421875,1.0,0.049876044038683176
2.0567105911065977,4.031986794868462,2.9301590802800694,90.87721407123664,0.10594192147254944,-0.3182128071784973,1.0,0.05010502994991839
2.0433653660192093,4.034620480601041,2.8948735385922872,90.92717891932753,0.08092416822910309,-0.36364489793777466,1.0,0.04996484809089452
2.0433653660192093,4.034620480601041,2.8948735385922872,90.9771505142684,0.08831487596035004,-0.28600555658340454,1.0,0.049971594940871
2.0433653660192093,4.034620480601041,2.8948735385922872,91.02719186329105,0.09354829788208008,-0.20469540357589722,1.0,0.05004134902264923
2.0433653660192093,4.034620480601041,2.8948735385922872,91.07719854429652,0.09797109663486481,-0.1218845546245575,1.0,0.050006681005470455
2.0263226193818245,4.039235865252278,2.8331023384472385,91.12708633627099,0.06265054643154144,-0.14253585040569305,1.0,0.04988779197447002
2.0263226193818245,4.039235865252278,2.8331023384472385,91.17761394627215,0.06718486547470093,-0.060778915882110596,1.0,0.050527610001154244
2.0263226193818245,4.039235865252278,2.8331023384472385,91.22719386628651,0.07160192728042603,0.020501403138041496,1.0,0.04957992001436651
2.0263226193818245,4.039235865252278,2.8331023384472385,91.27717717423857,0.07562119513750076,0.10124403238296509,1.0,0.049983307952061296
2.0263226193818245,4.039235865252278,2.8331023384472385,91.32726040122853,0.08002356439828873,0.1784830093383789,1.0,0.05008322698995471
2.012012523893952,4.043854704745922,2.81400000508974,91.3771727013058,0.05641162395477295,0.09134724736213684,1.0,0.04991230007726699
2.012012523893952,4.043854704745922,2.81400000508974,91.42722416227971,0.061503708362579346,0.15587356686592102,1.0,0.05005146097391844
2.012012523893952,4.043854704745922,2.81400000508974,91.47726347030894,0.06660988926887512,0.2205803096294403,1.0,0.05003930802922696
2.012012523893952,4.043854704745922,2.81400000508974,91.5271745242766,0.07171481847763062,0.28527089953422546,1.0,0.049911053967662156
1.9981291832344772,4.048124918928394,2.836538740481391,91.57717154932962,0.05831681936979294,0.07707488536834717,1.0,0.04999702505301684
1.9981291832344772,4.048124918928394,2.836538740481391,91.62721447321874,0.06341750919818878,0.14171120524406433,1.0,0.0500429238891229
1.9981291832344772,4.048124918928394,2.836538740481391,91.67722619326142,0.06857150793075562,0.2063145786523819,1.0,0.050011720042675734
1.9981291832344772,4.048124918928394,2.836538740481391,91.72732998024495,0.0738973543047905,0.27831074595451355,1.0,0.05010378698352724
1.983807508000603,4.051627775850252,2.87088779947877,91.77717198130031,0.06313037872314453,-0.00596003420650959,1.0,0.04984200105536729
1.983807508000603,4.051627775850252,2.87088779947877,91.82715818927446,0.06871581077575684,0.06876567006111145,1.0,0.049986207974143326
1.983807508000603,4.051627775850252,2.87088779947877,91.87726690132459,0.07459942251443863,0.14747512340545654,1.0,0.05010871205013245
1.983807508000603,4.051627775850252,2.87088779947877,91.92715227826321,0.07996360957622528,0.2174651026725769,1.0,0.04988537693861872
1.9720223180613654,4.054506982722916,2.8987315487220013,91.97720000929021,0.0721411406993866,-0.006289737299084663,1.0,0.0500477310270071
1.9720223180613654,4.054506982722916,2.8987315487220013,92.02716952423853,0.07881366461515427,0.06441614031791687,1.0,0.04996951494831592
1.9720223180613654,4.054506982722916,2.8987315487220013,92.0771871783194,0.08581201732158661,0.13869860768318176,1.0,0.05001765408087522
1.9720223180613654,4.054506982722916,2.8987315487220013,92.12721004524556,0.09258204698562622,0.21250636875629425,1.0,0.050022866926155984
1.9566311919648915,4.057691967701878,2.9202497951978423,92.1772009282262,0.08132587373256683,-0.08731086552143097,1.0,0.04999088298063725
1.9566311919648915,4.057691967701878,2.9202497951978423,92.22715426132837,0.08832705020904541,-0.0197268296033144,1.0,0.04995333310216665
1.9566311919648915,4.057691967701878,2.9202497951978423,92.27726979228956,0.09498731046915054,0.04281918704509735,1.0,0.050115530961193144
1.9566311919648915,4.057691967701878,2.9202497951978423,92.32718892629546,0.10163706541061401,0.10904629528522491,1.0,0.0499191340059042
1.9403852966466404,4.060543041936052,2.9316205923898013,92.37716703432434,0.08719992637634277,-0.1967836618423462,1.0,0.04997810802888125
1.9403852966466404,4.060543041936052,2.9316205923898013,92.42716948025682,0.09447111189365387,-0.12764418125152588,1.0,0.05000244593247771
1.9403852966466404,4.060543041936052,2.9316205923898013,92.47720206832801,0.10136201977729797,-0.06071305274963379,1.0,0.05003258807118982
1.9403852966466404,4.060543041936052,2.9316205923898013,92.52757970326402,0.10727866739034653,-0.0009830016642808914,1.0,0.05037763493601233
1.920532226777107,4.064624324281221,2.9247558860173553,92.57725355926723,0.07631014287471771,-0.3535800576210022,1.0,0.04967385600320995
1.920532226777107,4.064624324281221,2.9247558860173553,92.62719807623708,0.08474710583686829,-0.30573415756225586,1.0,0.0499445169698447
1.910240325387131,4.067426759195831,2.921625728460932,92.67721575022497,0.06839162111282349,-0.43824586272239685,1.0,0.05001767398789525
1.910240325387131,4.067426759195831,2.921625728460932,92.72725394322825,0.07769526541233063,-0.39786407351493835,1.0,0.0500381930032745
1.910240325387131,4.067426759195831,2.921625728460932,92.7772215042618,0.0858164131641388,-0.3703908622264862,1.0,0.049967561033554375
1.910240325387131,4.067426759195831,2.921625728460932,92.82715520927505,0.09374620020389557,-0.3447014391422272,1.0,0.049933705013245344
1.8912516652047038,4.072339426987121,2.8636516658676308,92.87730850327117,0.055126070976257324,-0.5086331963539124,1.0,0.05015329399611801
1.8912516652047038,4.072339426987121,2.8636516658676308,92.92719213828732,0.06657561659812927,-0.4427032768726349,1.0,0.04988363501615822
1.8912516652047038,4.072339426987121,2.8636516658676308,92.97730278027066,0.07802560925483704,-0.38080644607543945,1.0,0.0501106419833377
1.8912516652047038,4.072339426987121,2.8636516658676308,93.02714429831886,0.0896986722946167,-0.31796056032180786,1.0,0.04984151804819703
1.8725863638349305,4.078079224165885,2.784509260929585,93.07726823423346,0.05039609968662262,-0.39524051547050476,1.0,0.050123935914598405
1.8725863638349305,4.078079224165885,2.784509260929585,93.12726791530204,0.062073707580566406,-0.33267298340797424,1.0,0.04999968106858432
1.8725863638349305,4.078079224165885,2.784509260929585,93.17752192124081,0.07180061936378479,-0.2670005261898041,1.0,0.05025400593876839
1.8725863638349305,4.078079224165885,2.784509260929585,93.22706841923119,0.08015322685241699,-0.2095586657524109,1.0,0.04954649799037725
1.8597445961661951,4.0831375972082125,2.717764891288824,93.27756827232716,0.057100310921669006,-0.13333457708358765,1.0,0.05049985309597105
1.8597445961661951,4.0831375972082125,2.717764891288824,93.32716079523144,0.065442755818367,-0.07281075417995453,1.0,0.04959252290427685
1.8597445961661951,4.0831375972082125,2.717764891288824,93.37713477028356,0.07370878756046295,-0.015349837020039558,1.0,0.04997397505212575
1.8597445961661951,4.0831375972082125,2.717764891288824,93.4271793392376,0.08199442923069,0.03853936493396759,1.0,0.05004456895403564
1.8465610498720046,4.090373477058703,2.683056285032021,93.47720026226071,0.05945071578025818,0.0630209743976593,1.0,0.05002092302311212
1.8465610498720046,4.090373477058703,2.683056285032021,93.52727927431752,0.06783928722143173,0.11773175001144409,1.0,0.050079012056812644
1.8465610498720046,4.090373477058703,2.683056285032021,93.57726792130907,0.07633177191019058,0.17298725247383118,1.0,0.04998864699155092
1.8465610498720046,4.090373477058703,2.683056285032021,93.62713482127347,0.08482268452644348,0.22821316123008728,1.0,0.049866899964399636
1.8345511022979548,4.096568263383979,2.6890176147696745,93.67717552931336,0.0694194883108139,0.10382387042045593,1.0,0.05004070803988725
1.8345511022979548,4.096568263383979,2.6890176147696745,93.7274591922882,0.07834629714488983,0.15822678804397583,1.0,0.05028366297483444
1.8345511022979548,4.096568263383979,2.6890176147696745,93.77719163732891,0.08735007047653198,0.20961639285087585,1.0,0.04973244504071772
1.8345511022979548,4.096568263383979,2.6890176147696745,93.82713939728038,0.10570056736469269,-0.16629844903945923,1.0,0.04994775995146483
1.8214113598476882,4.102378392313074,2.717343973229751,93.87726864022025,0.09346771240234375,-0.13757631182670593,1.0,0.05012924293987453
1.8214113598476882,4.102378392313074,2.717343973229751,93.92763566832346,0.10094977170228958,-0.21320319175720215,1.0,0.05036702810321003
1.8214113598476882,4.102378392313074,2.717343973229751,93.97726873332923,0.10888633131980896,-0.28538966178894043,1.0,0.049633065005764365
1.8214113598476882,4.102378392313074,2.717343973229751,94.02713753330809,0.1178039163351059,-0.3508338928222656,1.0,0.04986879997886717
1.8027295175838653,4.11035878302435,2.6976681363849564,94.07718313323622,0.09851132333278656,-0.0468776673078537,1.0,0.05004559992812574
1.8027295175838653,4.11035878302435,2.6976681363849564,94.1277010712196,0.10639715939760208,-0.11860325932502747,1.0,0.05051793798338622
1.8027295175838653,4.11035878302435,2.6976681363849564,94.17718284531784,0.11443354934453964,-0.19139502942562103,1.0,0.04948177409823984
