x,y,theta,s0,v,omega,w,time_elapsed
-0.28155311500842617,-0.006657109726542221,0.057967790875309476,0.1397734364459086,0.1335541158914566,-0.4760045111179352,0.9641953706741333,0.1449638120002419
-0.28155311500842617,-0.006657109726542221,0.057967790875309476,0.18804765451808547,0.1579827219247818,-0.5887095332145691,0.957621693611145,0.05041053100012505
-0.28155311500842617,-0.006657109726542221,0.057967790875309476,0.20313986926608962,0.1690862774848938,-0.5890535116195679,0.9534158706665039,0.01582962399970711
-0.28155311500842617,-0.006657109726542221,0.057967790875309476,0.24006980912654327,0.172557532787323,-0.5891609191894531,0.9521011114120483,0.03878783399977692
-0.28155311500842617,-0.006657109726542221,0.057967790875309476,0.2875188847523392,0.18105167150497437,-0.5894238352775574,0.9488834738731384,0.05000516600011906
-0.28155311500842617,-0.006657109726542221,0.057967790875309476,0.3347325318001957,0.1921985000371933,-0.5898475646972656,0.9446200132369995,0.049981629000285466
-0.28155311500842617,-0.006657109726542221,0.057967790875309476,0.3821695392184869,0.2040356993675232,-0.5901129245758057,0.9401211738586426,0.05045839699960197
-0.28155311500842617,-0.006657109726542221,0.057967790875309476,0.4287000873898017,0.21718543767929077,-0.5868319272994995,0.938943088054657,0.049556302999917534
-0.28155311500842617,-0.006657109726542221,0.057967790875309476,0.4757649975685631,0.23029440641403198,-0.5831665992736816,0.9384363293647766,0.050152481000623084
-0.28155311500842617,-0.006657109726542221,0.057967790875309476,0.5225015309383346,0.24357253313064575,-0.5794104337692261,0.9378966689109802,0.049831217999781074
-0.28155311500842617,-0.006657109726542221,0.057967790875309476,0.5695943703194699,0.2567559778690338,-0.5755115151405334,0.937203049659729,0.05024827799934428
-0.28155311500842617,-0.006657109726542221,0.057967790875309476,0.6162069900056697,0.27004003524780273,-0.5715833306312561,0.936504065990448,0.04977300300015486
-0.28155311500842617,-0.006657109726542221,0.057967790875309476,0.6630457324445973,0.2831885814666748,-0.5676944851875305,0.93581223487854,0.050051432000145724
-0.28155311500842617,-0.006657109726542221,0.057967790875309476,0.7097316219814024,0.296400785446167,-0.5637872219085693,0.9351170063018799,0.04992518500057486
-0.28155311500842617,-0.006657109726542221,0.057967790875309476,0.7582177462046126,0.30956995487213135,-0.559892475605011,0.9344239830970764,0.05188878399985697
-0.28155311500842617,-0.006657109726542221,0.057967790875309476,0.8032275487096162,0.32255154848098755,-0.5583857893943787,0.9339912533760071,0.048190817999966384
-0.2789989121126766,-0.0016930963390339607,0.02875694641456304,0.8500941646815559,0.3112448453903198,-0.5692794322967529,0.9383126497268677,0.04994776100011222
-0.2789989121126766,-0.0016930963390339607,0.02875694641456304,0.8971563014456188,0.32377031445503235,-0.5703984498977661,0.9375680685043335,0.05019596799957071
-0.2789989121126766,-0.0016930963390339607,0.02875694641456304,0.9461386843267143,0.33634793758392334,-0.5715219974517822,0.936819851398468,0.05228580800030613
-0.26733780699111914,0.003254423385349549,-0.02012233968090104,0.9994468315014917,0.3338451683521271,-0.5594817996025085,0.9429181814193726,0.056535283999437524
-0.26733780699111914,0.003254423385349549,-0.02012233968090104,1.0380148811363539,0.3471744656562805,-0.5605762004852295,0.941328763961792,0.04097192300014285
-0.2502471456141453,0.022140970199959614,-0.08656966391250343,1.0852920583983343,0.3105012774467468,-0.5825821161270142,0.9455804228782654,0.04999804999988555
-0.2502471456141453,0.022140970199959614,-0.08656966391250343,1.1325254174779809,0.3215615451335907,-0.5837188959121704,0.9441760778427124,0.0500260070002696
-0.2502471456141453,0.022140970199959614,-0.08656966391250343,1.179673339076303,0.3323413133621216,-0.5867636799812317,0.9432039856910706,0.04998698300005344
-0.23219651215548656,0.025221400542715103,-0.17922031358632448,1.2274431396624286,0.33259785175323486,-0.5627650022506714,0.951429009437561,0.05020847600007983
-0.23219651215548656,0.025221400542715103,-0.17922031358632448,1.2747853164240313,0.3446478247642517,-0.5606315732002258,0.9513512849807739,0.049763086999519146
-0.20988797562958567,0.03198650591125758,-0.2919712453115311,1.3236537681976788,0.29207438230514526,-0.5684637427330017,0.9607683420181274,0.05086392800058093
-0.20988797562958567,0.03198650591125758,-0.2919712453115311,1.3708787608570885,0.3046892285346985,-0.5650591850280762,0.9604624509811401,0.049169015000188665
-0.20988797562958567,0.03198650591125758,-0.2919712453115311,1.4188795346077652,0.3169154226779938,-0.5616864562034607,0.96016925573349,0.049991991999377206
-0.20988797562958567,0.03198650591125758,-0.2919712453115311,1.4668526931748962,0.329253226518631,-0.5595850348472595,0.9601911306381226,0.049962093000431196
-0.18406256023867312,0.027285378407834196,-0.3912387906227981,1.5177279727664064,0.29708510637283325,-0.5322225093841553,0.967234194278717,0.05259871899943391
-0.18406256023867312,0.027285378407834196,-0.3912387906227981,1.563657410017434,0.3105860948562622,-0.5287536978721619,0.9666892290115356,0.047512101999927836
-0.16776453815831974,0.0094740287006957,-0.47724511588225893,1.6122856100609462,0.27573516964912415,-0.507553219795227,0.9734363555908203,0.04995519200019771
-0.16776453815831974,0.0094740287006957,-0.47724511588225893,1.6610060412694994,0.2884564697742462,-0.504815399646759,0.9729700684547424,0.05007392600055027
-0.16776453815831974,0.0094740287006957,-0.47724511588225893,1.7095065496829303,0.30061835050582886,-0.5018120408058167,0.972558856010437,0.04986896999980672
-0.14922940349156735,-0.008475768115044526,-0.5606364254328842,1.7583205792155288,0.24970851838588715,-0.03176334500312805,0.9760428071022034,0.050012181000056444
-0.14922940349156735,-0.008475768115044526,-0.5606364254328842,1.80710061331128,0.2618771195411682,-0.09166198968887329,0.9751976132392883,0.0500206659999094
-0.12646907946617567,-0.03561158753516201,-0.6391420681290585,1.8544411737032345,0.1565968543291092,0.7696210145950317,0.9471933245658875,0.0499798290002218
-0.12646907946617567,-0.03561158753516201,-0.6391420681290585,1.9016361805511157,0.1692746877670288,0.7748795747756958,0.9440039396286011,0.04999450200011779
-0.12646907946617567,-0.03561158753516201,-0.6391420681290585,1.9487118615433767,0.18218357861042023,0.7791085243225098,0.9408928751945496,0.05003298699921288
-0.11269573226270463,-0.05909514317002888,-0.715472431977392,1.995835624768016,0.13771456480026245,0.7683413624763489,0.9409992694854736,0.050078427000698866
-0.11269573226270463,-0.05909514317002888,-0.715472431977392,2.042694842589493,0.15035594999790192,0.7769081592559814,0.9386922717094421,0.049919679999220534
-0.11269573226270463,-0.05909514317002888,-0.715472431977392,2.0898413403725504,0.16283990442752838,0.7854956984519958,0.9364619255065918,0.050345344000561454
-0.0990805146294369,-0.08328670086702782,-0.7774971995046279,2.1364807606404463,0.0928201973438263,0.7424026131629944,0.9377985000610352,0.04973288000019238
-0.0990805146294369,-0.08328670086702782,-0.7774971995046279,2.1831445156998144,0.10503439605236053,0.7505546808242798,0.9354581236839294,0.04988331799995649
-0.0927607144688974,-0.09190598036914997,-0.7963947091582697,2.230048679073517,0.06718143820762634,0.7325575947761536,0.9373526573181152,0.050038972000038484
-0.0927607144688974,-0.09190598036914997,-0.7963947091582697,2.27709825673675,0.07777965068817139,0.7389839887619019,0.936302661895752,0.0502503939997041
-0.0927607144688974,-0.09190598036914997,-0.7963947091582697,2.323563568345021,0.08889654278755188,0.7467553615570068,0.9344027638435364,0.04972728400025517
-0.0927607144688974,-0.09190598036914997,-0.7963947091582697,2.3702514668267454,0.1000121682882309,0.7547981142997742,0.9323004484176636,0.05007816799934517
-0.0927607144688974,-0.09190598036914997,-0.7963947091582697,2.416860119114837,0.11118423938751221,0.762877881526947,0.9302064776420593,0.050105706000067585
-0.0927607144688974,-0.09190598036914997,-0.7963947091582697,2.463073763334018,0.12233732640743256,0.7709441781044006,0.9281160831451416,0.049792957000136084
-0.08754795233062888,-0.09601637120206709,-0.7024215910649659,2.5096813014118347,0.13431811332702637,0.7789650559425354,0.9313799142837524,0.05004138200001762
-0.08754795233062888,-0.09601637120206709,-0.7024215910649659,2.5561361912341747,0.14547099173069,0.7870308756828308,0.9292896389961243,0.04998967800020182
-0.08754795233062888,-0.09601637120206709,-0.7024215910649659,2.6045694168185696,0.15658733248710632,0.795070469379425,0.9272059798240662,0.05223567000030016
-0.09843849144819085,-0.09671068224875391,-0.6250274541623625,2.648740578282098,0.20067155361175537,0.8,0.9240478277206421,0.04780181299975084
-0.09843849144819085,-0.09671068224875391,-0.6250274541623625,2.6950529850177816,0.21107669174671173,0.8,0.9221370816230774,0.05022290899978543
-0.09843849144819085,-0.09671068224875391,-0.6250274541623625,2.740931177309963,0.2219860553741455,0.8,0.920133650302887,0.049860357000397926
-0.11047334868636756,-0.08449264012355756,-0.5507970694475308,2.7891012087585274,0.2847124934196472,0.8,0.9156928658485413,0.052605008999307756
-0.11047334868636756,-0.08449264012355756,-0.5507970694475308,2.8330328200122925,0.29729509353637695,0.8,0.9134839773178101,0.04809237200061034
-0.1203213705726125,-0.09258033993922243,-0.46665835975806874,2.8777769342906065,0.33179277181625366,0.8,0.9099727272987366,0.049170829999638954
-0.1203213705726125,-0.09258033993922243,-0.46665835975806874,2.9303352445024635,0.3434393107891083,0.8,0.9079054594039917,0.05788962899987382
-0.1203213705726125,-0.09258033993922243,-0.46665835975806874,2.96980822491922,0.3571200370788574,0.8,0.9054771661758423,0.04359356800068781
-0.12458276160120252,-0.09663538773799003,-0.378759749911226,3.0137857067779836,0.3766798675060272,0.8,0.906760036945343,0.04849958099930518
-0.12458276160120252,-0.09663538773799003,-0.378759749911226,3.05910711802359,0.3880752623081207,0.8,0.904767632484436,0.05009176900057355
-0.12458276160120252,-0.09663538773799003,-0.378759749911226,3.1041778907327373,0.39944520592689514,0.8,0.9030000567436218,0.049912258999938786
-0.11633987298548856,-0.10861174002315611,-0.32962600072720716,3.1503456557853475,0.36888378858566284,0.8,0.9072721600532532,0.05088634599997022
-0.11633987298548856,-0.10861174002315611,-0.32962600072720716,3.1948081379829856,0.38050583004951477,0.8,0.9050734043121338,0.049125829999866255
-0.09232772711009432,-0.1173314081926497,-0.24296485500266468,3.2426025683497572,0.32515907287597656,0.8,0.9121459722518921,0.052397786999790696
-0.09232772711009432,-0.1173314081926497,-0.24296485500266468,3.2859302753720825,0.33814844489097595,0.8,0.909881591796875,0.04761906099975022
-0.09232772711009432,-0.1173314081926497,-0.24296485500266468,3.3336083091831057,0.3514059782028198,0.8,0.9077564477920532,0.05252293600005942
-0.07516003418839577,-0.12339350506846336,-0.1597994200329451,3.3771231765083276,0.3027620315551758,0.8,0.915086030960083,0.04755276100058836
-0.07516003418839577,-0.12339350506846336,-0.1597994200329451,3.4227459619117115,0.3174237012863159,0.8,0.9128312468528748,0.04997942999943916
-0.07516003418839577,-0.12339350506846336,-0.1597994200329451,3.468321452414622,0.33338892459869385,0.8,0.9105597138404846,0.05005217100006121
-0.061330716183549135,-0.12730439229134613,-0.06603662249675445,3.5141360681511236,0.3472304940223694,0.8,0.9168793559074402,0.049967986999945424
-0.061330716183549135,-0.12730439229134613,-0.06603662249675445,3.5597526004740208,0.3627305030822754,0.8,0.9138680100440979,0.049915887000679504
-0.04491042859287795,-0.13025259086582147,0.028588086858806552,3.605788825284938,0.32647672295570374,0.8,0.9213443398475647,0.0499663619993953
-0.04491042859287795,-0.13025259086582147,0.028588086858806552,3.651715266700914,0.3423236608505249,0.8,0.9178852438926697,0.05003505800050334
-0.04491042859287795,-0.13025259086582147,0.028588086858806552,3.6974328590002172,0.35813263058662415,0.8,0.9144344925880432,0.04999548099931417
-0.041938293563561505,-0.1333038390843361,0.12596578066477987,3.7432598954755276,0.4765058159828186,0.8,0.9159793257713318,0.05003064500033361
-0.041938293563561505,-0.1333038390843361,0.12596578066477987,3.789083113654853,0.4926564693450928,0.8,0.9167065024375916,0.04998679300024378
-0.041938293563561505,-0.1333038390843361,0.12596578066477987,3.8349200897021833,0.5091242790222168,0.8,0.9176077246665955,0.04995269200026087
-0.023404459046110385,-0.13402716034721096,0.21552329885511723,3.8811696180276742,0.4677000641822815,0.8,0.9229498505592346,0.050110553999729746
-0.023404459046110385,-0.13402716034721096,0.21552329885511723,3.9272682756607127,0.4838685393333435,0.8,0.9237107634544373,0.04990594399987458
-0.008183933809208954,-0.13800608945256873,0.3082186300387301,3.9736155015074828,0.46445977687835693,0.8,0.9264137744903564,0.050028644999656535
-0.008183933809208954,-0.13800608945256873,0.3082186300387301,4.019908390198641,0.4777279496192932,0.8,0.9264978170394897,0.04996545900030469
-0.008183933809208954,-0.13800608945256873,0.3082186300387301,4.06627120247945,0.49187713861465454,0.8,0.9267173409461975,0.05002907600010076
0.016954457017757326,-0.13689511501280718,0.40583950474593455,4.113181804120876,0.439525306224823,0.8,0.937488853931427,0.05003856999974232
0.016954457017757326,-0.13689511501280718,0.40583950474593455,4.15993402994107,0.453563928604126,0.8,0.9360216856002808,0.04994780200013338
0.016954457017757326,-0.13689511501280718,0.40583950474593455,4.206653516470147,0.46732115745544434,0.8,0.9319226145744324,0.05013236699960544
0.029769951895741328,-0.1334773568860507,0.4994901718364643,4.252558639441671,0.4615434408187866,0.7621418237686157,0.9204341769218445,0.04987333600001875
0.029769951895741328,-0.1334773568860507,0.4994901718364643,4.298359206302012,0.47439002990722656,0.7475360631942749,0.9154507517814636,0.050030618000164395
0.043895800153989306,-0.13026525188879148,0.5990914391969997,4.333897824366976,0.12833642959594727,-0.6807830929756165,0.7112306356430054,0.049967783000283816
0.043895800153989306,-0.13026525188879148,0.5990914391969997,4.404918017482847,0.13100020587444305,-0.6773800849914551,0.6988726258277893,0.10162108300028194
0.043895800153989306,-0.13026525188879148,0.5990914391969997,4.438055277278695,0.13680905103683472,-0.6708266735076904,0.6722355484962463,0.04929412000001321
0.06199509947843244,-0.12164982384409627,0.7064749712339535,4.467515985477617,0.08798189461231232,-0.6911911964416504,0.5987497568130493,0.04920370799936791
0.06199509947843244,-0.12164982384409627,0.7064749712339535,4.49692059117229,0.09032244980335236,-0.688367486000061,0.5887895822525024,0.0499407710003652
0.07428365901700988,-0.11530270687342589,0.7994423675282095,4.522554464823293,0.052487120032310486,-0.6919556856155396,0.5127254128456116,0.049995325000054436
0.07428365901700988,-0.11530270687342589,0.7994423675282095,4.54781804241298,0.054530978202819824,-0.6899409294128418,0.5041558146476746,0.0501106539995817
0.07428365901700988,-0.11530270687342589,0.7994423675282095,4.572526994636142,0.05654551088809967,-0.6879551410675049,0.49571019411087036,0.04984555999999429
0.07428365901700988,-0.11530270687342589,0.7994423675282095,4.596940044993251,0.058515653014183044,-0.6860129237174988,0.4874497056007385,0.050083219000043755
0.07428365901700988,-0.11530270687342589,0.7994423675282095,4.620915616663398,0.06046226620674133,-0.684094250202179,0.4792884588241577,0.05002326100020582
0.07428365901700988,-0.11530270687342589,0.7994423675282095,4.646684729992339,0.0635266900062561,-0.6817509531974792,0.471302330493927,0.05467639699963911
0.09780950042298132,-0.09721856641877193,0.7593749962533057,4.706238120186895,0.02662128210067749,-0.6931003332138062,0.5379259586334229,0.11070927000037045
0.11230610551936834,-0.08116566101578232,0.6622989908566314,4.727445765687722,0.014139816164970398,-0.6957997679710388,0.6152984499931335,0.034467250000489
0.11230610551936834,-0.08116566101578232,0.6622989908566314,4.757870650351158,0.014647841453552246,-0.6943786144256592,0.6067500710487366,0.050144014999204956
0.11230610551936834,-0.08116566101578232,0.6622989908566314,4.787570577564946,0.01537659764289856,-0.6923398971557617,0.5944864749908447,0.04995896200034622
0.13124582154779688,-0.07606254032738423,0.5955875528390382,4.823545932763257,0.008624643087387085,-0.7058303356170654,0.7000752687454224,0.051387839000199165
0.13124582154779688,-0.07606254032738423,0.5955875528390382,4.857016286753848,0.009513288736343384,-0.7028906345367432,0.6865711808204651,0.04875001300024451
0.13124582154779688,-0.07606254032738423,0.5955875528390382,4.892884043672695,0.01037435233592987,-0.700092077255249,0.6742985844612122,0.05319269199935661
0.1472574338709251,-0.07012425098968005,0.5785505619912534,4.926583586673843,0.0033716708421707153,-0.7127841114997864,0.7208167910575867,0.04675188400051411
0.1472574338709251,-0.07012425098968005,0.5785505619912534,4.961979449949625,0.004337146878242493,-0.7099030017852783,0.7093167901039124,0.04990134699983173
0.1609293204870196,-0.05888027809307292,0.5386682161708475,4.999767636399206,0.0,-0.7202832102775574,0.7565096020698547,0.049950702999922214
0.1609293204870196,-0.05888027809307292,0.5386682161708475,5.036823339446712,0.0,-0.7166774868965149,0.7410337328910828,0.050005420000161394
0.1609293204870196,-0.05888027809307292,0.5386682161708475,5.073303728488318,0.0,-0.712156355381012,0.7296432852745056,0.04999756699999125
0.1717826106963171,-0.05377664629973776,0.4763479837262665,5.113098013866043,0.0,-0.7177560925483704,0.7929490208625793,0.050185174999569426
0.1717826106963171,-0.05377664629973776,0.4763479837262665,5.15176979510644,0.0,-0.7140324711799622,0.7763519287109375,0.049812179000582546
0.1717826106963171,-0.05377664629973776,0.4763479837262665,5.190082219910854,0.0,-0.7116690874099731,0.7656192183494568,0.050041095999404206
0.18530598214581726,-0.049472533768153464,0.41222907900813427,5.232160507672175,0.0,-0.7165972590446472,0.8410372138023376,0.050031421999847225
0.18530598214581726,-0.049472533768153464,0.41222907900813427,5.2735312923925255,0.0,-0.7120190262794495,0.825829029083252,0.05009606500061636
0.20558226482696002,-0.03999422016875521,0.34946245264860776,5.318242564696841,0.0,-0.7012861371040344,0.8959457874298096,0.049903993000043556
0.20558226482696002,-0.03999422016875521,0.34946245264860776,5.366857519959593,0.0,-0.7207204699516296,0.9728725552558899,0.049970527999903425
0.20558226482696002,-0.03999422016875521,0.34946245264860776,5.491465724518973,0.0,-0.7153656482696533,0.9695715308189392,0.12851883599978464
0.21762020966780385,-0.04018268337981777,0.27293833691064817,5.512525975843517,0.0,-0.7261185646057129,0.9802715182304382,0.021484099999725004
0.21762020966780385,-0.04018268337981777,0.27293833691064817,5.562044591999275,0.0,-0.7243281602859497,0.9794398546218872,0.05055809800069255
0.23217196467463372,-0.04059101771205015,0.2055173182015654,5.611145789756048,0.0,-0.7436261177062988,0.9937524199485779,0.04940988999987894
0.23217196467463372,-0.04059101771205015,0.2055173182015654,5.660808870315662,0.0,-0.7397670149803162,0.9916664958000183,0.05008042600002227
0.23217196467463372,-0.04059101771205015,0.2055173182015654,5.71029461926414,0.0,-0.7358772158622742,0.9896212816238403,0.05000473400014016
0.23852522758581116,-0.03972761992273015,0.1738155751258009,5.759864621038772,0.0,-0.7417889833450317,0.9931825399398804,0.04991026299921941
0.23852522758581116,-0.03972761992273015,0.1738155751258009,5.809360417790889,0.0,-0.7384166717529297,0.9904832243919373,0.04997136300062266
0.23852522758581116,-0.03972761992273015,0.1738155751258009,5.861270074357654,0.0011050701141357422,-0.73518306016922,0.9878059029579163,0.05255046199999924
0.24806103104388627,-0.038403146978237795,0.1598967994560179,5.908424125184687,0.00039543211460113525,-0.7426463961601257,0.9936454892158508,0.0474556079998365
0.24806103104388627,-0.038403146978237795,0.1598967994560179,5.95810859787707,0.0023435205221176147,-0.7395654320716858,0.991094708442688,0.050130902999626414
0.25319588375377117,-0.041500717127803066,0.10891236422744471,6.007626855747391,0.013067469000816345,-0.7480611801147461,0.9928616285324097,0.04987427900050534
0.25319588375377117,-0.041500717127803066,0.10891236422744471,6.057239895153451,0.01517195999622345,-0.7447487115859985,0.9900977611541748,0.05010923299960268
0.25319588375377117,-0.041500717127803066,0.10891236422744471,6.106495575434969,0.017332181334495544,-0.7412386536598206,0.9870821237564087,0.04990028600059304
0.25944856392129745,-0.0398297344203973,0.04335327166548938,6.155944149754822,0.027500182390213013,-0.7398021221160889,0.9863122701644897,0.050134805999732635
0.25944856392129745,-0.0398297344203973,0.04335327166548938,6.205085210706341,0.03222756087779999,-0.7372288107872009,0.9834064245223999,0.049970246000157204
0.27032359373516374,-0.04128914342027823,-0.03315095538950666,6.25416206404473,0.041655972599983215,-0.7335464358329773,0.985505223274231,0.04979867399924842
0.27032359373516374,-0.04128914342027823,-0.03315095538950666,6.3034309521075,0.04629488289356232,-0.7310675382614136,0.9824509024620056,0.05014895700060151
0.27032359373516374,-0.04128914342027823,-0.03315095538950666,6.352512602439553,0.051112644374370575,-0.7281738519668579,0.9797692894935608,0.05009511000025668
0.278165682089832,-0.0423484926627917,-0.10965156521119317,6.400206780645086,0.08160785585641861,-0.6782749891281128,0.9521086812019348,0.050093207999452716
0.278165682089832,-0.0423484926627917,-0.10965156521119317,6.522742867805081,0.09347093850374222,-0.6746370196342468,0.9522736668586731,0.12867738699969777
0.28637942461724514,-0.04654744675693297,-0.18976222353397545,6.543566276301226,0.10907316207885742,-0.6475069522857666,0.9598714709281921,0.021693955000046117
0.28637942461724514,-0.04654744675693297,-0.18976222353397545,6.593649597948297,0.11417184770107269,-0.6462917923927307,0.9597293138504028,0.05218484100078058
0.28637942461724514,-0.04654744675693297,-0.18976222353397545,6.638923861394234,0.12643513083457947,-0.6433690786361694,0.9593877196311951,0.0471907889996146
0.29494581936305214,-0.054154229060512725,-0.2654250737564445,6.6876880141155155,0.13611333072185516,-0.5814403891563416,0.9726344347000122,0.050136156999542436
0.29494581936305214,-0.054154229060512725,-0.2654250737564445,6.735961835078681,0.14775565266609192,-0.5898875594139099,0.9678568243980408,0.04987702700054797
0.29494581936305214,-0.054154229060512725,-0.2654250737564445,6.784198675186747,0.15966427326202393,-0.5951986312866211,0.9652392864227295,0.049973971000326856
0.29494581936305214,-0.054154229060512725,-0.2654250737564445,6.832567768030657,0.17136847972869873,-0.592381477355957,0.964810848236084,0.050133238999478635
0.29494581936305214,-0.054154229060512725,-0.2654250737564445,6.880670579324598,0.18370255827903748,-0.5894138813018799,0.9642950296401978,0.049883915000464185
0.3084734088850812,-0.06045367316815898,-0.3247826548315139,6.93005431016176,0.1398135870695114,-0.5152485370635986,0.9880250692367554,0.049982264999925974
0.3084734088850812,-0.06045367316815898,-0.3247826548315139,6.979228870669717,0.15300363302230835,-0.5278311967849731,0.9829522967338562,0.0500274129999525
0.3084734088850812,-0.06045367316815898,-0.3247826548315139,7.028242263749292,0.1660928577184677,-0.5377998948097229,0.9775943756103516,0.050136737999309844
0.31250828494867905,-0.0672050552430021,-0.37543975372909794,7.076940998162438,0.18419165909290314,-0.5252875089645386,0.9758532643318176,0.049903747000826115
0.31250828494867905,-0.0672050552430021,-0.37543975372909794,7.125518825844892,0.19725865125656128,-0.5342746376991272,0.9712719321250916,0.05001465199984523
0.31250828494867905,-0.0672050552430021,-0.37543975372909794,7.173970081987702,0.21152764558792114,-0.5392586588859558,0.9707784652709961,0.0499096939993251
0.3193503231987998,-0.0782096632307849,-0.4287394633092354,7.22305204219173,0.1874157041311264,-0.046028345823287964,0.9807336926460266,0.05004616500082193
0.3193503231987998,-0.0782096632307849,-0.4287394633092354,7.272037764502516,0.20073391497135162,-0.11994349956512451,0.9803948402404785,0.04996529999971244
0.3193503231987998,-0.0782096632307849,-0.4287394633092354,7.321071086651828,0.21403789520263672,-0.19351419806480408,0.980050265789032,0.05003143599969917
0.33267896857051,-0.08962112493885752,-0.4945857034687129,7.369493823178799,0.2702169418334961,-0.41077589988708496,0.9687249660491943,0.049986052000349446
0.33267896857051,-0.08962112493885752,-0.4945857034687129,7.471301424951995,0.2809237241744995,-0.4602736234664917,0.9697976112365723,0.10497819400006847
0.3534962245640859,-0.10690108135485192,-0.5566381949427043,7.514863141205017,0.25128424167633057,0.027918756008148193,0.966946542263031,0.04505080099988845
0.3534962245640859,-0.10690108135485192,-0.5566381949427043,7.5631487472650445,0.26164352893829346,-0.029457300901412964,0.9664819240570068,0.049960174999796436
0.3636198848608583,-0.12154682742297114,-0.6081233437222545,7.61075856670773,0.21495291590690613,0.7519896626472473,0.951263427734375,0.05004903799999738
0.3636198848608583,-0.12154682742297114,-0.6081233437222545,7.658415555566821,0.23531796038150787,0.7252494096755981,0.9532197713851929,0.04999580399999104
0.3636198848608583,-0.12154682742297114,-0.6081233437222545,7.70641718947368,0.2572760581970215,0.6855754256248474,0.9576495289802551,0.050124426999900606
0.3735752065552516,-0.13375186976314588,-0.6393167062053691,7.753673504621036,0.20568689703941345,0.7997767925262451,0.9460341930389404,0.04995201600013388
0.3735752065552516,-0.13375186976314588,-0.6393167062053691,7.801473117596174,0.2217712253332138,0.7954738140106201,0.9441996216773987,0.05062447799991787
0.3789326383807635,-0.14250739795120376,-0.6541216365592168,7.847950175784226,0.2203238606452942,0.8,0.9427397847175598,0.04929998599982355
0.3789326383807635,-0.14250739795120376,-0.6541216365592168,7.894932276832518,0.23421715199947357,0.8,0.9401025772094727,0.049975505000475096
0.3789326383807635,-0.14250739795120376,-0.6541216365592168,7.941803718079683,0.24921081960201263,0.8,0.9378151297569275,0.04997940399971412
0.3789326383807635,-0.14250739795120376,-0.6541216365592168,7.988772700348314,0.26772069931030273,0.8,0.9375115036964417,0.050099633000172616
0.3789326383807635,-0.14250739795120376,-0.6541216365592168,8.03554060107894,0.28628504276275635,0.7962079048156738,0.9372270703315735,0.049900287999662396
0.3789326383807635,-0.14250739795120376,-0.6541216365592168,8.082515658814698,0.30621597170829773,0.771352231502533,0.9388078451156616,0.050036925000313204
0.3786942698899086,-0.14517412530480484,-0.5952220131878377,8.129942714647552,0.3339882791042328,0.7041951417922974,0.9490308165550232,0.049974200000178826
0.3786942698899086,-0.14517412530480484,-0.5952220131878377,8.177745467963247,0.3542143702507019,0.646880030632019,0.9546228647232056,0.05007501399995817
0.37932157818932166,-0.14587536990997926,-0.5235969998416676,8.225465002726144,0.365863174200058,0.46088582277297974,0.9530220031738281,0.050071808000211604
0.37932157818932166,-0.14587536990997926,-0.5235969998416676,8.272908676425287,0.37805330753326416,0.38548392057418823,0.951335072517395,0.04987062399959541
0.37932157818932166,-0.14587536990997926,-0.5235969998416676,8.320368767642233,0.39017266035079956,0.3104538321495056,0.9496616125106812,0.04997579199971369
0.36712332751999976,-0.139259509610101,-0.4436431386795321,8.370066407845789,0.4247121810913086,-0.0023144781589508057,0.9466250538825989,0.05249981500037393
0.36712332751999976,-0.139259509610101,-0.4436431386795321,8.416207760753242,0.43966740369796753,-0.0665556788444519,0.950295090675354,0.04855476299962902
0.36712332751999976,-0.139259509610101,-0.4436431386795321,8.463033204282604,0.4531041979789734,-0.12351483106613159,0.9537791013717651,0.04909464200045477
0.3600985479145378,-0.1357312402021894,-0.3581567328742094,8.5110944159656,0.4896814227104187,-0.3828297555446625,0.9643246531486511,0.049839243999485916
0.3600985479145378,-0.1357312402021894,-0.3581567328742094,8.559350008027742,0.5018476247787476,-0.38151973485946655,0.9645829796791077,0.050027414000396675
0.3632226071178063,-0.13736251293551896,-0.2806971797337735,8.607392750734059,0.4840509295463562,-0.4064030945301056,0.9614284038543701,0.04997017200003029
0.3632226071178063,-0.13736251293551896,-0.2806971797337735,8.655500154216766,0.49530601501464844,-0.40821483731269836,0.9614400267601013,0.05003682200003823
0.3632226071178063,-0.13736251293551896,-0.2806971797337735,8.703536800218542,0.5064497590065002,-0.4113098382949829,0.9612146615982056,0.04997494100007316
0.3684640026437284,-0.137061786001624,-0.22175017160854746,8.751427349292006,0.5136069059371948,-0.43744033575057983,0.9569262266159058,0.050046229000145104
0.3684640026437284,-0.137061786001624,-0.22175017160854746,8.799223405919895,0.5246706008911133,-0.4402867555618286,0.9568231105804443,0.04995286599933024
0.3684640026437284,-0.137061786001624,-0.22175017160854746,8.847083907681826,0.5360097885131836,-0.44431209564208984,0.9564998149871826,0.050037126000461285
0.3684640026437284,-0.137061786001624,-0.22175017160854746,8.894848043192546,0.5470207333564758,-0.4480409324169159,0.956005871295929,0.049962177999987034
0.3684640026437284,-0.137061786001624,-0.22175017160854746,8.942669040416197,0.5580170154571533,-0.4504121243953705,0.9555347561836243,0.05004631900010281
0.3684640026437284,-0.137061786001624,-0.22175017160854746,8.990373950850007,0.5691151022911072,-0.45280659198760986,0.955073893070221,0.04994892099966819
0.3978378111316562,-0.14453196328155918,-0.21085611092754256,9.03836500330898,0.5033566355705261,-0.4139860272407532,0.9591803550720215,0.05003339799986861
0.3978378111316562,-0.14453196328155918,-0.21085611092754256,9.086281070786171,0.5141730308532715,-0.4164443910121918,0.9585732817649841,0.0499868590004553
0.42535532545073707,-0.14988066062799058,-0.2519483150949576,9.13393356925624,0.44496434926986694,-0.19546478986740112,0.9522126317024231,0.050043967999954475
0.42535532545073707,-0.14988066062799058,-0.2519483150949576,9.181610649174617,0.4572078585624695,-0.23454144597053528,0.9549633860588074,0.049925557999813464
0.42535532545073707,-0.14988066062799058,-0.2519483150949576,9.2307325240247,0.4694576859474182,-0.2736382782459259,0.9577154517173767,0.0512906780004414
0.45546157644768753,-0.16016775643264178,-0.314173184798504,9.276718418781277,0.40351855754852295,0.4738556742668152,0.9443004727363586,0.04869837099977303
0.45546157644768753,-0.16016775643264178,-0.314173184798504,9.330783261539322,0.4317786693572998,-0.4020688533782959,0.968407154083252,0.05582862800019939
0.45546157644768753,-0.16016775643264178,-0.314173184798504,9.43994430012082,0.44283199310302734,-0.41440749168395996,0.9692354798316956,0.11262592099956237
0.4916345459369775,-0.1708025215670988,-0.3898829243256026,9.470246147899244,0.3639869689941406,0.024651676416397095,0.9483597874641418,0.031951848000062455
0.4916345459369775,-0.1708025215670988,-0.3898829243256026,9.517370534868322,0.37046152353286743,-0.00669214129447937,0.949455738067627,0.0496330530004343
0.4916345459369775,-0.1708025215670988,-0.3898829243256026,9.565195191019512,0.3806172013282776,-0.05515888333320618,0.9514454007148743,0.050265265999769326
0.532415383327913,-0.18735569941870267,-0.4620707532850673,9.611862248633848,0.23414672911167145,0.8,0.937940776348114,0.0497548019993701
0.5627394614585451,-0.20509335108006105,-0.5064417179638544,9.659266976600883,0.13558609783649445,0.8,0.9482449889183044,0.049992068000392464
0.5627394614585451,-0.20509335108006105,-0.5064417179638544,9.706604185753081,0.14789992570877075,0.8,0.9459148049354553,0.05004384000039863
0.5627394614585451,-0.20509335108006105,-0.5064417179638544,9.753734753146958,0.16019566357135773,0.8,0.9435872435569763,0.04994828799954121
0.5817415574747717,-0.2163417590502306,-0.5308910326332569,9.80141752370017,0.09314484149217606,0.7858610153198242,0.9517878890037537,0.050098106000405096
0.5817415574747717,-0.2163417590502306,-0.5308910326332569,9.848807617421278,0.1055402010679245,0.793184757232666,0.94999760389328,0.04988443499951245
0.5817415574747717,-0.2163417590502306,-0.5308910326332569,9.89644903192436,0.11785124242305756,0.8,0.9474553465843201,0.050283546000173374
0.5970819170844343,-0.22434553644641245,-0.55157355235135,9.943729180300446,0.05222063511610031,0.7766022086143494,0.9511779546737671,0.049706943000273895
0.5970819170844343,-0.22434553644641245,-0.55157355235135,9.991219321691926,0.06234613060951233,0.7826084494590759,0.9498004913330078,0.05000012299933587
0.5970819170844343,-0.22434553644641245,-0.55157355235135,10.038677453138074,0.07251650094985962,0.7886413335800171,0.9484168887138367,0.05003931500050385
0.5970819170844343,-0.22434553644641245,-0.55157355235135,10.086049476976724,0.08268003165721893,0.7946703433990479,0.9470341801643372,0.05002145100024791
0.5970819170844343,-0.22434553644641245,-0.55157355235135,10.133301370907603,0.09282520413398743,0.8,0.9456539154052734,0.04996742799994536
0.6086039982463366,-0.22824010272405043,-0.4586397750653098,10.180839870689232,0.09138524532318115,0.797483503818512,0.9495483636856079,0.05006432699974539
0.6086039982463366,-0.22824010272405043,-0.4586397750653098,10.228193499583961,0.1025218665599823,0.8,0.9481546878814697,0.04994293599975208
0.6086039982463366,-0.22824010272405043,-0.4586397750653098,10.275178898142416,0.19934315979480743,0.8,0.9397956728935242,0.049995334000414005
0.610042911506284,-0.2285041804541814,-0.38441044021929205,10.322160864285577,0.22584910690784454,0.8,0.9399104118347168,0.049985578999439895
0.610042911506284,-0.2285041804541814,-0.38441044021929205,10.438365760686048,0.2373654693365097,0.8,0.9383770227432251,0.12383604200022091
0.5919242015561382,-0.22729832415900247,-0.3076196310555159,10.464542219804601,0.32656270265579224,0.8,0.9368563294410706,0.027940740000303776
0.5919242015561382,-0.22729832415900247,-0.3076196310555159,10.509728094396971,0.3351844549179077,0.8,0.9374974370002747,0.04819839799984038
0.5883824246961746,-0.23791646671000022,-0.22735705378862495,10.5565081249793,0.3459351062774658,0.8,0.9349130392074585,0.0500367719996575
0.5883824246961746,-0.23791646671000022,-0.22735705378862495,10.60337736527372,0.3614685833454132,0.8,0.9360823035240173,0.05006957200021134
0.5883824246961746,-0.23791646671000022,-0.22735705378862495,10.65022620390227,0.3771018981933594,0.8,0.9370322823524475,0.049997038000583416
0.5720174451967468,-0.232101011583325,-0.17952501828225995,10.696758529850086,0.46411317586898804,0.6773489117622375,0.9325794577598572,0.04989636599930236
0.5720174451967468,-0.232101011583325,-0.17952501828225995,10.743190871186203,0.4754430055618286,0.6495450735092163,0.9285990595817566,0.05000257200026681
0.5720174451967468,-0.232101011583325,-0.17952501828225995,10.789496240442569,0.4871148467063904,0.6165505051612854,0.9259198307991028,0.050010128000394616
0.5720174451967468,-0.232101011583325,-0.17952501828225995,10.835754878839966,0.49770861864089966,0.5588060021400452,0.9244691729545593,0.05003805399974226
0.5720174451967468,-0.232101011583325,-0.17952501828225995,10.881944183463903,0.5081579685211182,0.501049280166626,0.923080563545227,0.050038215999848035
0.5720174451967468,-0.232101011583325,-0.17952501828225995,10.92798000144736,0.5190680027008057,0.4404682517051697,0.9220033288002014,0.049930207999750564
0.5565381797585186,-0.228858567189119,-0.09803932558467204,10.974494060007927,0.5586785674095154,-0.07036173343658447,0.9305604696273804,0.04998499300018011
0.5565381797585186,-0.228858567189119,-0.09803932558467204,11.02119869873958,0.5693765878677368,-0.1207430362701416,0.9333559274673462,0.05003947299974243
0.5673154665675956,-0.2314605554621138,-0.03440667004313475,11.067379100148376,0.5432884693145752,-0.10915261507034302,0.921559751033783,0.05011113100044895
0.5673154665675956,-0.2314605554621138,-0.03440667004313475,11.113402343224067,0.5531776547431946,-0.1612752079963684,0.9224687218666077,0.04989138600012666
0.5673154665675956,-0.2314605554621138,-0.03440667004313475,11.16273723805356,0.5624960064888,-0.21359345316886902,0.9234769940376282,0.053422981999574404
0.5860665850828877,-0.23416256183410009,0.046415116558573895,11.204969963369313,0.513002336025238,-0.15901637077331543,0.906619131565094,0.04658265400030359
0.5860665850828877,-0.23416256183410009,0.046415116558573895,11.250374241463803,0.5222733616828918,-0.2122880518436432,0.907250165939331,0.05004603999987012
0.5860665850828877,-0.23416256183410009,0.046415116558573895,11.295760277638113,0.5325211882591248,-0.26356905698776245,0.9080922603607178,0.049979542999608384
0.5860665850828877,-0.23416256183410009,0.046415116558573895,11.370303605091939,0.5426966547966003,-0.31231552362442017,0.9088090062141418,0.08202309500029514
0.6028733446060058,-0.2349849839581471,0.12571816540613867,11.38852971732281,0.5056430697441101,-0.35298240184783936,0.8951863050460815,0.020360133000394853
0.6398172539216046,-0.23497866862659847,0.16436534449084067,11.431605408984508,0.42138874530792236,-0.009117811918258667,0.9032050371170044,0.04769204100011848
0.6398172539216046,-0.23497866862659847,0.16436534449084067,11.476567922943312,0.4297506809234619,-0.057886481285095215,0.901309609413147,0.04988575899915304
0.6398172539216046,-0.23497866862659847,0.16436534449084067,11.52151125217063,0.43866056203842163,-0.1135808527469635,0.8991954922676086,0.04998171100032778
0.6665043679142553,-0.23374833675582454,0.16261548009005217,11.567511035106378,0.3876190781593323,0.12680646777153015,0.9194507002830505,0.050029635000100825
0.6665043679142553,-0.23374833675582454,0.16261548009005217,11.613305849817847,0.39849382638931274,0.06151828169822693,0.9160190224647522,0.049993300999631174
0.6665043679142553,-0.23374833675582454,0.16261548009005217,11.658991106589475,0.4080931544303894,0.00247114896774292,0.9130424857139587,0.050036288000228524
0.69008862025366,-0.23124877803152888,0.15514125617230826,11.705702250888766,0.36135607957839966,0.174821674823761,0.9340797662734985,0.05000766100056353
0.69008862025366,-0.23124877803152888,0.15514125617230826,11.752211308853623,0.3725659251213074,0.10801786184310913,0.9305723905563354,0.04997897899920645
0.69008862025366,-0.23124877803152888,0.15514125617230826,11.80076424702699,0.3837767243385315,0.04852098226547241,0.927055835723877,0.052373262000401155
0.7180351548051398,-0.2283168506406526,0.12579894856586585,11.8459526939797,0.3240554928779602,0.3455793559551239,0.9487450122833252,0.047629706999941845
0.7180351548051398,-0.2283168506406526,0.12579894856586585,11.894525522084797,0.33585184812545776,0.2930082380771637,0.9466622471809387,0.0513095650003379
0.7478048541324279,-0.22663430539962784,0.10332206368758279,11.941503065437589,0.268604576587677,0.6863243579864502,0.9657052159309387,0.04864584200004174
0.7478048541324279,-0.22663430539962784,0.10332206368758279,11.989566424670134,0.2825327515602112,0.6340241432189941,0.960629403591156,0.05003319599927636
0.7478048541324279,-0.22663430539962784,0.10332206368758279,12.03733374927987,0.2944040298461914,0.5434730052947998,0.9557240605354309,0.049980247000348754
0.7840605799898642,-0.22480523965805976,0.09846802913323587,12.086190744690715,0.18781691789627075,0.750458300113678,0.9773367047309875,0.04998993200024415
0.7840605799898642,-0.22480523965805976,0.09846802913323587,12.13497573156486,0.20213814079761505,0.7538132071495056,0.9745371341705322,0.0500596490001044
0.7840605799898642,-0.22480523965805976,0.09846802913323587,12.187496163675318,0.2196022868156433,0.7441750168800354,0.9730965495109558,0.053972478000105184
0.8149213668499534,-0.2210647163296914,0.11333018119084515,12.236992009402702,0.1340406835079193,0.7253340482711792,0.9813970923423767,0.050434065999979794
0.8149213668499534,-0.2210647163296914,0.11333018119084515,12.31749266125063,0.14800089597702026,0.7317604422569275,0.979580283164978,0.08217871799934073
0.8149213668499534,-0.2210647163296914,0.11333018119084515,12.332796974774048,0.16981534659862518,0.7423717379570007,0.9763696789741516,0.01567471199996362
0.8304412493470336,-0.21830442245230428,0.15297966140486952,12.379718545559571,0.13370376825332642,0.7184324264526367,0.9837440848350525,0.04769692800073244
0.8304412493470336,-0.21830442245230428,0.15297966140486952,12.428835404092123,0.14575167000293732,0.7240238785743713,0.9821751117706299,0.05000824999933684
0.8304412493470336,-0.21830442245230428,0.15297966140486952,12.47787183498303,0.15808089077472687,0.7296654582023621,0.9806258678436279,0.050005238999801804
0.8304412493470336,-0.21830442245230428,0.15297966140486952,12.529175585170918,0.1703900396823883,0.7352978587150574,0.9790791273117065,0.05240000400044664
0.8304412493470336,-0.21830442245230428,0.15297966140486952,12.5760755163957,0.1834549605846405,0.7396499514579773,0.9766509532928467,0.048021179999523156
0.8394532889709505,-0.21591315836679095,0.2226818475335135,12.624654857699394,0.18375542759895325,0.7069056630134583,0.9799427390098572,0.04957365300015226
0.8394532889709505,-0.21591315836679095,0.2226818475335135,12.673424450154348,0.19866032898426056,0.6957924962043762,0.9759725332260132,0.049970251000559074
0.8394532889709505,-0.21591315836679095,0.2226818475335135,12.72201256020622,0.21166139841079712,0.6738458871841431,0.9713605046272278,0.05002067699933832
0.8394532889709505,-0.21591315836679095,0.2226818475335135,12.770482051797549,0.2230859398841858,0.6265701055526733,0.9668418169021606,0.050131770000007236
0.8394532889709505,-0.21591315836679095,0.2226818475335135,12.818469820406403,0.23242907226085663,0.5471976399421692,0.9621796607971191,0.04987402100050531
0.848557181516619,-0.21445895318076258,0.2996092996704691,12.866393512080343,0.2248162031173706,0.2868176996707916,0.9585254788398743,0.0499973059995682
0.848557181516619,-0.21445895318076258,0.2996092996704691,12.914305631581177,0.23557785153388977,0.20722723007202148,0.9572907090187073,0.05004970700065314
0.848557181516619,-0.21445895318076258,0.2996092996704691,12.962489007072437,0.24373747408390045,0.15114790201187134,0.9556416869163513,0.050419917999533936
0.8543015388950562,-0.21192987363139457,0.36167736662040567,13.009178290564458,0.2366849035024643,-0.06010138988494873,0.943223774433136,0.049499689000185754
0.8543015388950562,-0.21192987363139457,0.36167736662040567,13.056117033451308,0.24540375173091888,-0.09988504648208618,0.9389728307723999,0.049989457999799924
0.8543015388950562,-0.21192987363139457,0.36167736662040567,13.102890492418709,0.2541692554950714,-0.1398809552192688,0.9346991181373596,0.050041192999742634
0.8646842384423593,-0.20853664574096206,0.441133204310485,13.149110981054871,0.22469528019428253,-0.35350990295410156,0.9245662093162537,0.04999154000051931
0.8646842384423593,-0.20853664574096206,0.441133204310485,13.195143680894208,0.2324478030204773,-0.3956455588340759,0.920559823513031,0.05000511500020366
0.8646842384423593,-0.20853664574096206,0.441133204310485,13.240965888177445,0.24020323157310486,-0.4386295974254608,0.9167850613594055,0.04998140699990472
0.8716181510008474,-0.20330753772588353,0.5157592423940762,13.283548255926533,0.18715190887451172,-0.6184967756271362,0.851050615310669,0.05003505900003802
0.8716181510008474,-0.20330753772588353,0.5157592423940762,13.325654840296393,0.19141195714473724,-0.6211315989494324,0.8423590064048767,0.049986506999630365
0.8802869448649959,-0.1984376857666096,0.5734700105968495,13.366317196558917,0.1617819368839264,-0.6540303826332092,0.8136839270591736,0.049973158999819134
0.8802869448649959,-0.1984376857666096,0.5734700105968495,13.407336236700866,0.16638502478599548,-0.6536211371421814,0.8074295520782471,0.05080200500015053
0.8802869448649959,-0.1984376857666096,0.5734700105968495,13.446566919499407,0.17004966735839844,-0.6508833765983582,0.796316385269165,0.04926519600030588
0.8802869448649959,-0.1984376857666096,0.5734700105968495,13.485627120118444,0.1732226312160492,-0.6466986536979675,0.7808861136436462,0.050020355000015115
0.8802869448649959,-0.1984376857666096,0.5734700105968495,13.523818492637892,0.1763397455215454,-0.6425120234489441,0.7647368907928467,0.04994053900009021
0.9110047493814791,-0.18049007521410357,0.5719021871949574,13.565871341893118,0.12381934374570847,-0.6571981310844421,0.8416541218757629,0.04996452599971235
0.9110047493814791,-0.18049007521410357,0.5719021871949574,13.609824257888894,0.12909039855003357,-0.6566752195358276,0.8342292904853821,0.05268685299961362
0.9110047493814791,-0.18049007521410357,0.5719021871949574,13.648946581195826,0.1347244530916214,-0.6558034420013428,0.8266904950141907,0.04732402700028615
0.9110047493814791,-0.18049007521410357,0.5719021871949574,13.689934860276562,0.13985362648963928,-0.6546562314033508,0.8201665282249451,0.049975556999925175
0.9316928086569993,-0.16889036738585828,0.5242881723532317,13.732847911866573,0.11633487045764923,-0.64619380235672,0.8579616546630859,0.05001744699984556
0.9316928086569993,-0.16889036738585828,0.5242881723532317,13.776374719182805,0.12182343006134033,-0.645147442817688,0.8508056402206421,0.05115951900006621
0.9530699085120407,-0.15740951876262552,0.4702114340916229,13.81959269756071,0.0995374470949173,-0.6462757587432861,0.8845052719116211,0.04886118800004624
0.9530699085120407,-0.15740951876262552,0.4702114340916229,13.86350986570218,0.10494707524776459,-0.6405501365661621,0.8783908486366272,0.049997297000118124
0.9530699085120407,-0.15740951876262552,0.4702114340916229,13.90711822620795,0.11066452413797379,-0.6388017535209656,0.8719978332519531,0.05000971200024651
0.9824387293730503,-0.14543664208612084,0.4051951459047761,13.952985761556565,0.07528652250766754,-0.6723895072937012,0.9161980748176575,0.050062903000252845
0.9824387293730503,-0.14543664208612084,0.4051951459047761,13.998515578386021,0.08025026321411133,-0.66524738073349,0.9096229672431946,0.050053504000061366
1.0089117027515249,-0.1337502771371013,0.33683380466190804,14.045670630946853,0.04646439850330353,-0.7083923816680908,0.9454342126846313,0.04987660899951152
1.0089117027515249,-0.1337502771371013,0.33683380466190804,14.096130396966625,0.050645530223846436,-0.7006002068519592,0.9410226345062256,0.053622266000274976
1.0089117027515249,-0.1337502771371013,0.33683380466190804,14.139588478938167,0.05601426959037781,-0.6916972398757935,0.9364714622497559,0.04640620000009221
1.0285396531707058,-0.12941855359748497,0.26321556868908397,14.187534890657698,0.048951372504234314,-0.7192428708076477,0.9600058794021606,0.049943872999392624
1.0285396531707058,-0.12941855359748497,0.26321556868908397,14.23542783651771,0.054035961627960205,-0.7129391431808472,0.9570437073707581,0.05004258999997546
1.0285396531707058,-0.12941855359748497,0.26321556868908397,14.28307973630514,0.05979830026626587,-0.7048922181129456,0.9533977508544922,0.049981133000073896
1.0513415967244464,-0.12317182110192879,0.18719862861120526,14.331939337569999,0.05198177695274353,-0.7179421186447144,0.9768029451370239,0.05001991600056499
1.0513415967244464,-0.12317182110192879,0.18719862861120526,14.380314607157718,0.0550517812371254,-0.7172361016273499,0.9680041074752808,0.04997423999975581
1.0513415967244464,-0.12317182110192879,0.18719862861120526,14.42859117748397,0.06044675409793854,-0.7120551466941833,0.9639984369277954,0.05007951100014907
1.0767509206052681,-0.11818716309907162,0.12057579537116607,14.478500106483654,0.04180291295051575,-0.7254398465156555,1.0,0.049908928999684576
1.0767509206052681,-0.11818716309907162,0.12057579537116607,14.52801373811011,0.04485170543193817,-0.7274950742721558,0.9899004101753235,0.05001880100007838
1.1006778339508743,-0.11649284069269987,0.061868368571240936,14.577989206110521,0.034652069211006165,-0.5942580103874207,1.0,0.04997546800041164
1.1006778339508743,-0.11649284069269987,0.061868368571240936,14.628042799110096,0.04047022759914398,-0.6366205811500549,1.0,0.0500535929995749
1.1006778339508743,-0.11649284069269987,0.061868368571240936,14.678000179109892,0.045971378684043884,-0.6488299369812012,1.0,0.0499573799997961
1.1199868177135588,-0.11538978001595487,-0.003357536284325403,14.72801664911052,0.025644466280937195,-0.2927972078323364,1.0,0.05001647000062803
1.1199868177135588,-0.11538978001595487,-0.003357536284325403,14.778009285110363,0.03151063621044159,-0.40933018922805786,1.0,0.049992635999842605
1.1199868177135588,-0.11538978001595487,-0.003357536284325403,14.82800939711027,0.037961915135383606,-0.5192847847938538,1.0,0.05000011199990695
1.1344231567058958,-0.1152879953998283,-0.07775258762926783,14.877998639110535,0.01785166561603546,0.08738100528717041,1.0,0.04998924200026522
1.1344231567058958,-0.1152879953998283,-0.07775258762926783,14.928037391110172,0.022281959652900696,-0.014369428157806396,1.0,0.05003875199963659
1.1484490230366908,-0.11999445522916878,-0.14659192388052028,14.977986265109882,0.014518395066261292,0.31744351983070374,1.0,0.049948873999710486
1.1484490230366908,-0.11999445522916878,-0.14659192388052028,15.02800339811032,0.02473655343055725,0.24217820167541504,1.0,0.05001713300043775
1.1484490230366908,-0.11999445522916878,-0.14659192388052028,15.077996854109676,0.029533013701438904,0.14619490504264832,1.0,0.04999345599935623
1.1635799489843233,-0.12328125465962153,-0.2082664567094132,15.12825472631714,0.0005913674831390381,0.6258170008659363,0.9929558634757996,0.0506144070004666
1.1635799489843233,-0.12328125465962153,-0.2082664567094132,15.177180949587475,0.00836239755153656,0.6247443556785583,0.9902196526527405,0.04940946500028076
1.1635799489843233,-0.12328125465962153,-0.2082664567094132,15.226607046054925,0.01592758297920227,0.6237001419067383,0.9875560402870178,0.05004890300006082
1.1716247402683226,-0.12854460675685106,-0.25982656220073463,15.276311923633166,0.0,0.6718124747276306,0.9955270886421204,0.04992820200004644
1.1716247402683226,-0.12854460675685106,-0.25982656220073463,15.326087191368801,0.0,0.6722755432128906,0.992226779460907,0.050165212999672804
1.1716247402683226,-0.12854460675685106,-0.25982656220073463,15.375584955201433,0.0037796050310134888,0.6718615889549255,0.9890034794807434,0.05004811900016648
1.1716247402683226,-0.12854460675685106,-0.25982656220073463,15.424346211872646,0.01260162889957428,0.6979514956474304,0.9794604182243347,0.04978379499971197
1.1716247402683226,-0.12854460675685106,-0.25982656220073463,15.473588103223651,0.023639902472496033,0.702059805393219,0.9796056747436523,0.0502670539999599
1.1716247402683226,-0.12854460675685106,-0.25982656220073463,15.522241381641692,0.0360790491104126,0.7055380940437317,0.9778023362159729,0.049757785000110744
1.1753943991335452,-0.12853561164605365,-0.1975988271090766,15.571182692113156,0.03700871765613556,0.6940270662307739,0.9788078665733337,0.05000093699982244
1.1753943991335452,-0.12853561164605365,-0.1975988271090766,15.619996761292406,0.04957224428653717,0.695830762386322,0.9761465191841125,0.05000690799988661
1.1753943991335452,-0.12853561164605365,-0.1975988271090766,15.668663822451917,0.06205156445503235,0.6971221566200256,0.9732127785682678,0.050006598999971175
1.1753943991335452,-0.12853561164605365,-0.1975988271090766,15.717155999296494,0.07429206371307373,0.6983475685119629,0.9703488945960999,0.04997395999998844
1.1753943991335452,-0.12853561164605365,-0.1975988271090766,15.765534257874755,0.08619861304759979,0.699535071849823,0.9677839875221252,0.04998869500013825
1.148849274425864,-0.12925851001099734,-0.09689645989466278,15.814123776388946,0.1873808056116104,-0.07375556230545044,0.9718583226203918,0.04999650399986422
1.148849274425864,-0.12925851001099734,-0.09689645989466278,15.862685552037147,0.19737787544727325,-0.12974944710731506,0.9714614748954773,0.049988370000392024
1.1219731308450471,-0.12728731819871705,-0.047211356493245656,15.910708633541933,0.2728503942489624,-0.5127065777778625,0.9589129090309143,0.05008075400019152
1.1219731308450471,-0.12728731819871705,-0.047211356493245656,15.958641179951929,0.28252726793289185,-0.5102314949035645,0.9587758183479309,0.04999348699948314
1.1219731308450471,-0.12728731819871705,-0.047211356493245656,16.006851225853516,0.2914324104785919,-0.5079893469810486,0.9588388800621033,0.050279611000405566
1.1066393584839116,-0.12817891175553853,0.006080678844176806,16.054226958178955,0.33226728439331055,-0.514045000076294,0.9544247388839722,0.04963799699999072
1.1066393584839116,-0.12817891175553853,0.006080678844176806,16.102011992943645,0.3410508930683136,-0.5123714804649353,0.9547368884086609,0.05005047499980719
1.1066393584839116,-0.12817891175553853,0.006080678844176806,16.149746924015282,0.34988683462142944,-0.511386513710022,0.9553753137588501,0.049964585000452644
1.1066393584839116,-0.12817891175553853,0.006080678844176806,16.19756001389289,0.3587135076522827,-0.5104026794433594,0.956013023853302,0.050013010999464313
1.1066393584839116,-0.12817891175553853,0.006080678844176806,16.24542255604557,0.3675546646118164,-0.5094170570373535,0.9566518068313599,0.050031308999678004
1.1066393584839116,-0.12817891175553853,0.006080678844176806,16.293253278499144,0.37649601697921753,-0.5082288384437561,0.9572909474372864,0.049964666000050784
1.120438031786761,-0.12652594303679685,0.0555402233660685,16.341021020129684,0.34714818000793457,-0.5284929275512695,0.9541277289390564,0.05006430499997805
1.120438031786761,-0.12652594303679685,0.0555402233660685,16.388717223708884,0.3562052249908447,-0.5270115733146667,0.9547652006149292,0.04995595100081118
1.1344371447533832,-0.12634995015513792,0.03664126824948693,16.43651082801775,0.3328401446342468,-0.5230599641799927,0.9561034440994263,0.04998790099944017
1.1344371447533832,-0.12634995015513792,0.03664126824948693,16.484343690293652,0.3419010043144226,-0.5203794836997986,0.9565359950065613,0.05000633800045762
1.1344371447533832,-0.12634995015513792,0.03664126824948693,16.53219144928963,0.35099488496780396,-0.5181641578674316,0.957209587097168,0.04998671099929197
1.1616323751789743,-0.12640911417271986,-0.00042181893784984105,16.58033496068917,0.2984035015106201,-0.5167203545570374,0.9626590013504028,0.05001097100011975
1.1616323751789743,-0.12640911417271986,-0.00042181893784984105,16.628509123050005,0.3075364828109741,-0.5141239762306213,0.9630457162857056,0.0500227160000577
1.1616323751789743,-0.12640911417271986,-0.00042181893784984105,16.67734871032406,0.3166115880012512,-0.5119233131408691,0.9632263779640198,0.05070416299986391
1.1940747629770294,-0.12727583227884642,-0.06634070267060277,16.72530191557424,0.2522185146808624,-0.3527132272720337,0.9738070964813232,0.04924302300059935
1.1940747629770294,-0.12727583227884642,-0.06634070267060277,16.77446980822588,0.26120492815971375,-0.4116746187210083,0.9739112257957458,0.050484983999922406
1.1940747629770294,-0.12727583227884642,-0.06634070267060277,16.822697099635754,0.27041903138160706,-0.4721294045448303,0.9740179777145386,0.0495137589996375
1.2157919682762153,-0.13141165270622326,-0.1357068168125328,16.871416095960445,0.23454119265079498,0.17485564947128296,0.9735936522483826,0.05004038000060973
1.2157919682762153,-0.13141165270622326,-0.1357068168125328,16.920065753761172,0.2433711141347885,0.11662492156028748,0.9734218120574951,0.04997798199929093
1.249994102724761,-0.13637676742932026,-0.20317246909138476,16.96815645498399,0.11938389390707016,0.7372468113899231,0.9617409706115723,0.050003798000034294
1.249994102724761,-0.13637676742932026,-0.20317246909138476,17.01616740392139,0.13148273527622223,0.7389551997184753,0.9590176939964294,0.05006263100040087
1.249994102724761,-0.13637676742932026,-0.20317246909138476,17.063940213198688,0.1435358226299286,0.7404338717460632,0.9562561511993408,0.04995817199960584
1.249994102724761,-0.13637676742932026,-0.20317246909138476,17.11495133453051,0.15579019486904144,0.7420579195022583,0.953440248966217,0.05350216900023952
1.278867077099455,-0.14230581224323327,-0.2811529900693259,17.15960146857542,0.06784579157829285,0.7196450233459473,0.9606947302818298,0.04647692199978337
1.278867077099455,-0.14230581224323327,-0.2811529900693259,17.20795061318922,0.0789276510477066,0.7267499566078186,0.9594891667366028,0.05039050600043993
1.2933234385567964,-0.14654177638031726,-0.32740445188003975,17.255499891242216,0.037983328104019165,0.7056034207344055,0.9577590823173523,0.04964638699948409
1.2933234385567964,-0.14654177638031726,-0.32740445188003975,17.303349733561674,0.05049329996109009,0.7119330763816833,0.9572537541389465,0.049986581000666774
1.30050754716933,-0.15050106394922472,-0.3133889885539095,17.351133801402664,0.036638036370277405,0.7055646777153015,0.9568264484405518,0.04994016199998441
1.30050754716933,-0.15050106394922472,-0.3133889885539095,17.399005372110032,0.04894402623176575,0.7118389010429382,0.9562379717826843,0.05006240300008358
1.30050754716933,-0.15050106394922472,-0.3133889885539095,17.446890184668685,0.06126625835895538,0.7183024287223816,0.9556671977043152,0.050106158999369654
1.30050754716933,-0.15050106394922472,-0.3133889885539095,17.494555959714145,0.07303038239479065,0.7245285511016846,0.9551419615745544,0.049904387999959
1.30050754716933,-0.15050106394922472,-0.3133889885539095,17.542326531701065,0.08478384464979172,0.7313952445983887,0.954201340675354,0.05006340900035866
1.30050754716933,-0.15050106394922472,-0.3133889885539095,17.589844908984116,0.09633377194404602,0.7393385171890259,0.9524140357971191,0.04989256299995759
1.3006959231908484,-0.1671444732172609,-0.22811927926203793,17.63740419860617,0.1003837138414383,0.7377815842628479,0.9510179758071899,0.050008823000098346
1.3006959231908484,-0.1671444732172609,-0.22811927926203793,17.685146548334835,0.11056694388389587,0.7452171444892883,0.9491676688194275,0.05029917399951955
1.3006959231908484,-0.1671444732172609,-0.22811927926203793,17.732226977696506,0.12111721932888031,0.7528697848320007,0.9472776651382446,0.04970077000052697
1.2844211085018582,-0.1541249819706222,-0.16651340234344703,17.77936518084395,0.2019203156232834,0.8,0.9430789947509766,0.049983302999862644
1.2844211085018582,-0.1541249819706222,-0.16651340234344703,17.826470034868535,0.21183009445667267,0.8,0.9414024949073792,0.05003689099976327
1.2762808740055136,-0.15235730760801516,-0.10512785769320904,17.87344974530606,0.2516845762729645,0.8,0.9396334290504456,0.04999791299997014
1.2762808740055136,-0.15235730760801516,-0.10512785769320904,17.920333704082616,0.2618972659111023,0.8,0.9381596446037292,0.04997439300041151
1.2762808740055136,-0.15235730760801516,-0.10512785769320904,17.967238147663704,0.2735815942287445,0.8,0.9375202655792236,0.050030325000079756
1.2778476624477293,-0.15400325694204972,-0.03734314346225992,18.014220777681622,0.2849867343902588,0.8,0.9402702450752258,0.04996715600009338
1.2778476624477293,-0.15400325694204972,-0.03734314346225992,18.061238235713915,0.29669588804244995,0.8,0.9396295547485352,0.0500382919999538
1.2778476624477293,-0.15400325694204972,-0.03734314346225992,18.10817581328975,0.30843913555145264,0.7997314929962158,0.9389800429344177,0.049987832999249804
1.2927052756366013,-0.15646546752422072,0.03725368316892698,18.155227347424912,0.2677310109138489,0.8,0.9415002465248108,0.04997506300060195
1.2927052756366013,-0.15646546752422072,0.03725368316892698,18.202328661136658,0.2784164845943451,0.8,0.9400914907455444,0.05010290399968653
1.2927052756366013,-0.15646546752422072,0.03725368316892698,18.253270631200163,0.15317656099796295,0.7881152629852295,0.9545406103134155,0.05336804899980052
1.2927052756366013,-0.15646546752422072,0.03725368316892698,18.36358767578003,0.16228356957435608,0.7931427359580994,0.9531746506690979,0.11573644400050398
1.327531302819285,-0.1485238474069117,0.1958694750404615,18.393354216474652,0.08887988328933716,0.7446739673614502,0.9668939113616943,0.03078573599941592
1.327531302819285,-0.1485238474069117,0.1958694750404615,18.441680236580762,0.09383445233106613,0.7471583485603333,0.9665752649307251,0.04999716200018156
1.327531302819285,-0.1485238474069117,0.1958694750404615,18.49000636880151,0.10187817364931107,0.7511914372444153,0.9660577774047852,0.050024060000396275
1.3371789670052796,-0.14833601232483642,0.26961914187867825,18.53853905034908,0.08815622329711914,0.7420229911804199,0.96823650598526,0.05012482099937188
1.3371789670052796,-0.14833601232483642,0.26961914187867825,18.586827187386998,0.09635722637176514,0.7459556460380554,0.9676029086112976,0.04990491100033978
1.3371789670052796,-0.14833601232483642,0.26961914187867825,18.635338132992302,0.10487297177314758,0.7502312660217285,0.9668653011322021,0.050173427000117954
1.3371789670052796,-0.14833601232483642,0.26961914187867825,18.684950473575608,0.1136942207813263,0.7550032138824463,0.9659051299095154,0.05136357500032318
1.3371789670052796,-0.14833601232483642,0.26961914187867825,18.73163727137488,0.12337691336870193,0.7613388895988464,0.9640539288520813,0.048427578999508114
1.3372814753019264,-0.15524129367432377,0.34521585267007054,18.780281565820893,0.21049566566944122,0.8,0.9726045727729797,0.050014462000035564
1.3372814753019264,-0.15524129367432377,0.34521585267007054,18.828876365531308,0.22582875192165375,0.8,0.9722279906272888,0.049982925999756844
1.3372814753019264,-0.15524129367432377,0.34521585267007054,18.877479064674525,0.2438824325799942,0.7874678373336792,0.9719191193580627,0.05000693800047884
1.3372814753019264,-0.15524129367432377,0.34521585267007054,18.92607144912117,0.26282998919487,0.7701340317726135,0.9711909890174866,0.05003380899961485
1.3372814753019264,-0.15524129367432377,0.34521585267007054,18.97469188688508,0.2836439907550812,0.739811360836029,0.9706845283508301,0.05008881499998097
1.3372814753019264,-0.15524129367432377,0.34521585267007054,19.022839865089406,0.3014598488807678,0.692524254322052,0.9655535817146301,0.049865672000123595
1.3468941433391846,-0.1570927192973247,0.4583940106099112,19.08228696631065,0.24921153485774994,0.7854848504066467,0.9751798510551453,0.060960141000578005
1.3468941433391846,-0.1570927192973247,0.4583940106099112,19.190950108631178,0.27213507890701294,0.7642781734466553,0.9744642972946167,0.11151064499972563
1.3787234484919213,-0.14613830999988284,0.5297350959057633,19.21795306853812,0.17713609337806702,0.7672813534736633,0.9829139113426208,0.027472355000099924
1.3787234484919213,-0.14613830999988284,0.5297350959057633,19.267189485274884,0.18466079235076904,0.7702263593673706,0.9821398854255676,0.050131775999943784
1.4006542030710945,-0.1403856542975336,0.6011639559347307,19.31636122736439,0.1391238570213318,0.7540025115013123,0.9847744107246399,0.04993198600004689
1.4006542030710945,-0.1403856542975336,0.6011639559347307,19.36553777877386,0.1489359736442566,0.757999837398529,0.9836929440498352,0.049991769999905955
1.4006542030710945,-0.1403856542975336,0.6011639559347307,19.414712141115395,0.16027887165546417,0.7626374363899231,0.9825225472450256,0.05004909299987048
1.4006542030710945,-0.1403856542975336,0.6011639559347307,19.463769449799866,0.17564484477043152,0.7679061889648438,0.9811189770698547,0.05000138600007631
1.4006542030710945,-0.1403856542975336,0.6011639559347307,19.513049579243944,0.19154593348503113,0.7734414935112,0.979805588722229,0.05029582399947685
1.4006542030710945,-0.1403856542975336,0.6011639559347307,19.564199356454115,0.2077784389257431,0.7790247797966003,0.9784594178199768,0.05227582900079142
1.3970355408865427,-0.14736626374146014,0.6651601622050118,19.609616944537887,0.28175443410873413,0.6484084725379944,0.9586934447288513,0.047374463999403815
1.3970355408865427,-0.14736626374146014,0.6651601622050118,19.657198678728083,0.2944621443748474,0.5620307922363281,0.9506224989891052,0.05005323800014594
1.3970355408865427,-0.14736626374146014,0.6651601622050118,19.70427289641943,0.3040372133255005,0.46439796686172485,0.9423366785049438,0.049954776000049605
1.3970355408865427,-0.14736626374146014,0.6651601622050118,19.753396504311542,0.31101685762405396,0.4107440710067749,0.9365783929824829,0.0524500760002411
1.3970355408865427,-0.14736626374146014,0.6651601622050118,19.797736200463476,0.31903111934661865,0.3496585488319397,0.9323558211326599,0.04755662499974278
1.3931064654753516,-0.15043177500556754,0.7835149834223547,19.845247989369224,0.32383519411087036,-0.050528645515441895,0.904014527797699,0.052556444000401825
1.3931064654753516,-0.15043177500556754,0.7835149834223547,19.8879510948723,0.3307483196258545,-0.10393238067626953,0.9003728032112122,0.047428248999494826
1.3931064654753516,-0.15043177500556754,0.7835149834223547,19.932988497799556,0.3369618058204651,-0.15193113684654236,0.8970997333526611,0.0502033399998254
1.4076101524563798,-0.13347059315240573,0.860493759363745,19.977754251431826,0.30477726459503174,-0.17230981588363647,0.898673415184021,0.04981315000077302
1.4076101524563798,-0.13347059315240573,0.860493759363745,20.022511626686313,0.3099977672100067,-0.22553890943527222,0.8945347666740417,0.050034248999509146
1.4120107053450566,-0.12280691601487391,0.9323997584814324,20.059983567702368,0.24341389536857605,-0.6106846928596497,0.7503425478935242,0.049939778999942064
1.4120107053450566,-0.12280691601487391,0.9323997584814324,20.157399136003438,0.2488907426595688,-0.6086756587028503,0.7357851266860962,0.13239676200009853
1.4120107053450566,-0.12280691601487391,0.9323997584814324,20.1733944176048,0.31525281071662903,-0.6258144974708557,0.7819367051124573,0.02045598000040627
1.4341362243409388,-0.10048490619941461,0.9952596607213063,20.211258933218595,0.22693008184432983,-0.642288863658905,0.8017661571502686,0.04722638299972459
1.4341362243409388,-0.10048490619941461,0.9952596607213063,20.25090986395119,0.23317548632621765,-0.640778124332428,0.7926437258720398,0.05002364800020587
1.4341362243409388,-0.10048490619941461,0.9952596607213063,20.289989461610933,0.23971563577651978,-0.6391959190368652,0.7830910086631775,0.0499042859992187
1.4341362243409388,-0.10048490619941461,0.9952596607213063,20.3287420250857,0.24557799100875854,-0.6375357508659363,0.7741625308990479,0.05005740000069636
1.4341362243409388,-0.10048490619941461,0.9952596607213063,20.366996050979427,0.2513638436794281,-0.6358845829963684,0.7653322815895081,0.049983551999503106
1.4530476691766234,-0.07488343073121576,1.0090748758142132,20.40751193247807,0.18437384068965912,-0.6475135087966919,0.8087959289550781,0.05009407200032001
1.4530476691766234,-0.07488343073121576,1.0090748758142132,20.44756644637037,0.19132298231124878,-0.6472111344337463,0.8022750616073608,0.04992616100025771
1.4530476691766234,-0.07488343073121576,1.0090748758142132,20.48759242907983,0.19731195271015167,-0.6455979943275452,0.7931950688362122,0.050461713999538915
1.4530476691766234,-0.07488343073121576,1.0090748758142132,20.52641403217145,0.2032591998577118,-0.6438325643539429,0.784123957157135,0.04950952299986966
1.4530476691766234,-0.07488343073121576,1.0090748758142132,20.565169997131814,0.20897072553634644,-0.6418882012367249,0.7753293514251709,0.04998645400064561
1.485546104726842,-0.05748930713223094,0.911440459245303,20.609729600588818,0.187628835439682,-0.6183016300201416,0.8908408284187317,0.05001971399997274
1.485546104726842,-0.05748930713223094,0.911440459245303,20.654080064361832,0.19601275026798248,-0.6146805882453918,0.887437641620636,0.049975864999396435
1.485546104726842,-0.05748930713223094,0.911440459245303,20.698290654143047,0.20434589684009552,-0.6111688613891602,0.8840606212615967,0.0500085499998022
1.50045043174173,-0.03966182608677723,0.8420997426955394,20.744215531982764,0.17912961542606354,-0.6252123713493347,0.9186691641807556,0.04999066000073071
1.50045043174173,-0.03966182608677723,0.8420997426955394,20.790846217830566,0.18907034397125244,-0.6224936842918396,0.9188806414604187,0.05074727200008056
1.519179093999261,5.883152349968302e-06,0.774204224122345,20.83690542865825,0.10591932386159897,-0.6766042709350586,0.9305965304374695,0.04949428599957173
1.519179093999261,5.883152349968302e-06,0.774204224122345,20.883207736832926,0.11604226380586624,-0.6738287806510925,0.930790364742279,0.049745152000468806
1.519179093999261,5.883152349968302e-06,0.774204224122345,20.929749435816273,0.12060260772705078,-0.6663651466369629,0.9306601881980896,0.05000933699921006
1.519179093999261,5.883152349968302e-06,0.774204224122345,21.04159684964206,0.13139283657073975,-0.6634431481361389,0.9307278394699097,0.12017198700050358
1.5451662335614214,0.022246959266868562,0.6901852700502012,21.07061997298938,0.09066129475831985,-0.6787571907043457,0.9579389691352844,0.03029746599986538
1.5618379501491375,0.03615326700705275,0.6132198578600832,21.119466390506293,0.06136254966259003,-0.6331871151924133,0.9861642718315125,0.04953172499972425
1.5618379501491375,0.03615326700705275,0.6132198578600832,21.16848555923757,0.06791175901889801,-0.6405090689659119,0.9797819256782532,0.05003069300073548
1.5618379501491375,0.03615326700705275,0.6132198578600832,21.217526054585296,0.07442969083786011,-0.6481016874313354,0.9736613631248474,0.050367095999718
1.580994808387149,0.053537680222896934,0.5659752831358223,21.26712881358505,0.04475487768650055,-0.6109582781791687,1.0,0.04960275899975386
1.580994808387149,0.053537680222896934,0.5659752831358223,21.31704910297493,0.04967176914215088,-0.6217635273933411,0.997986912727356,0.05002098600016325
1.5933441253630063,0.059335063032327634,0.5520372638964804,21.367008914974473,0.0361706018447876,-0.4178254306316376,1.0,0.04995981199954258
1.5933441253630063,0.059335063032327634,0.5520372638964804,21.417029386974615,0.041731566190719604,-0.5233213305473328,1.0,0.050020472000142036
1.5933441253630063,0.059335063032327634,0.5520372638964804,21.467034883974417,0.046682849526405334,-0.6040856838226318,1.0,0.050005496999801835
1.609785865232353,0.0706203042109329,0.5184785659912754,21.517320976974485,0.025490179657936096,-0.21849271655082703,1.0,0.05028609300006792
1.609785865232353,0.0706203042109329,0.5184785659912754,21.568419963974417,0.03088715672492981,-0.3337126672267914,1.0,0.051098986999932094
1.609785865232353,0.0706203042109329,0.5184785659912754,21.617025611974793,0.036605387926101685,-0.452100932598114,1.0,0.04860564800037537
1.6159583132468576,0.07437293536968571,0.46655070005897553,21.6684214619744,0.030309394001960754,-0.23400190472602844,1.0,0.05139584999960789
1.6159583132468576,0.07437293536968571,0.46655070005897553,21.717029752974565,0.03572358191013336,-0.3438190817832947,1.0,0.04860829100016417
1.6159583132468576,0.07437293536968571,0.46655070005897553,21.767024535974894,0.04111054539680481,-0.4445386528968811,1.0,0.049994783000329335
1.636827647665661,0.07581446585418251,0.4030722732746808,21.817028221975203,0.012859508395195007,0.5370801091194153,1.0,0.050003686000309244
1.636827647665661,0.07581446585418251,0.4030722732746808,21.867022025974517,0.0185604989528656,0.4753298759460449,1.0,0.04999380399931397
1.636827647665661,0.07581446585418251,0.4030722732746808,21.917049673246737,0.02691696584224701,0.38391128182411194,0.9989835023880005,0.05007855200074118
1.636827647665661,0.07581446585418251,0.4030722732746808,22.029955026774925,0.03678444027900696,0.29563337564468384,0.9987004995346069,0.11305226499916898
1.6551483723158864,0.08064201285126944,0.2962344399848509,22.06639241584254,0.0094032883644104,0.6250084042549133,0.9868035912513733,0.03692466200027411
1.6551483723158864,0.08064201285126944,0.2962344399848509,22.115551227069588,0.01600612699985504,0.6253907084465027,0.9853221774101257,0.04989110400038044
1.6551483723158864,0.08064201285126944,0.2962344399848509,22.165505113713138,0.026751503348350525,0.6264917850494385,0.9832463264465332,0.05080505800015089
1.6620139774034528,0.08178835851333113,0.2810842900426244,22.21399232608304,0.017539992928504944,0.6386126279830933,0.9840468168258667,0.0492732779994185
1.6620139774034528,0.08178835851333113,0.2810842900426244,22.263104372631723,0.028988972306251526,0.6394112706184387,0.9813875555992126,0.05004347800058895
1.6620139774034528,0.08178835851333113,0.2810842900426244,22.311984974875543,0.04016607999801636,0.64044189453125,0.9787433743476868,0.04994220499975199
1.6620139774034528,0.08178835851333113,0.2810842900426244,22.360903271405373,0.05131835490465164,0.6420947313308716,0.9772124290466309,0.05005901999993512
1.6620139774034528,0.08178835851333113,0.2810842900426244,22.40960832058203,0.06325943768024445,0.6464949250221252,0.9748969674110413,0.04995917599990207
1.660376639776195,0.08359329813808594,0.35338746525979875,22.46111183177827,0.08571840077638626,0.48044949769973755,0.9854467511177063,0.052264124000430456
1.660376639776195,0.08359329813808594,0.35338746525979875,22.5081341057787,0.10100969672203064,0.42652904987335205,0.9856352806091309,0.04770757999995112
1.660376639776195,0.08359329813808594,0.35338746525979875,22.557425352209016,0.11486352980136871,0.37693309783935547,0.9857871532440186,0.050001915999928315
1.636811032089587,0.07208151382201171,0.390978343424944,22.606641905992003,0.19175708293914795,-0.38237395882606506,0.9842758774757385,0.050002803999632306
1.636811032089587,0.07208151382201171,0.390978343424944,22.655848107636125,0.20358359813690186,-0.4209612011909485,0.9830179214477539,0.050056261000463564
1.636811032089587,0.07208151382201171,0.390978343424944,22.704956281518058,0.21526078879833221,-0.4596214294433594,0.9817898869514465,0.050019025999972655
1.6276213726763196,0.06520958674637273,0.44847675882700916,22.75348000878821,0.25329720973968506,-0.5670169591903687,0.9724032878875732,0.0499008259994298
1.6276213726763196,0.06520958674637273,0.44847675882700916,22.80270168401841,0.2639613151550293,-0.5621063113212585,0.9721566438674927,0.05063142400013021
1.6124591482478368,0.05664132720260221,0.49823516818937597,22.850452550761453,0.31493502855300903,-0.5605805516242981,0.9665592312812805,0.04940293900017423
1.6124591482478368,0.05664132720260221,0.49823516818937597,22.898772798695372,0.3254081606864929,-0.555429220199585,0.966308057308197,0.05000501399990753
1.6124591482478368,0.05664132720260221,0.49823516818937597,22.94715368569871,0.3253384232521057,-0.5253221392631531,0.9677552580833435,0.04999289500028681
1.6124591482478368,0.05664132720260221,0.49823516818937597,23.061465203167945,0.3350977301597595,-0.5214657187461853,0.9674103856086731,0.11816238399933354
1.6029653780697588,0.05398377036077441,0.49787390918358315,23.09230807286563,0.38094955682754517,-0.5092718601226807,0.964307427406311,0.03198447800059512
1.6029653780697588,0.05398377036077441,0.49787390918358315,23.142288580528046,0.38669389486312866,-0.5068331360816956,0.9638864398002625,0.05185310799970466
1.6029653780697588,0.05398377036077441,0.49787390918358315,23.187566580219336,0.43971532583236694,-0.4959414601325989,0.9429135322570801,0.04801924900039012
1.6029653780697588,0.05398377036077441,0.49787390918358315,23.23466426859158,0.450486421585083,-0.499334454536438,0.9420980215072632,0.04999234399929264
1.6029653780697588,0.05398377036077441,0.49787390918358315,23.28171123175607,0.4616904854774475,-0.5028637051582336,0.941249668598175,0.049983511000391445
1.6029653780697588,0.05398377036077441,0.49787390918358315,23.32878869565628,0.47288233041763306,-0.5063892006874084,0.9404022693634033,0.050060984999618086
1.6029653780697588,0.05398377036077441,0.49787390918358315,23.375682545054744,0.48408180475234985,-0.5099195837974548,0.9395551085472107,0.04991069600055198
1.6233889448918473,0.06399177248848921,0.44097853725087083,23.42342078852395,0.42226189374923706,-0.4514133334159851,0.9535340666770935,0.05006453900023189
1.6233889448918473,0.06399177248848921,0.44097853725087083,23.471175809145354,0.4343978762626648,-0.4496786594390869,0.9528408646583557,0.050118569000005664
1.6526877323520177,0.05684413579628594,0.4048006610426197,23.51840019609139,0.38723623752593994,-0.18503394722938538,0.9446538090705872,0.049991209999461717
1.6526877323520177,0.05684413579628594,0.4048006610426197,23.565819569717142,0.400229811668396,-0.23625928163528442,0.9486000537872314,0.049988794999990205
1.6526877323520177,0.05684413579628594,0.4048006610426197,23.613294830991784,0.41330718994140625,-0.2865957021713257,0.9525013566017151,0.04984272300043813
1.6780794029499355,0.06720436239384227,0.3561220870996692,23.660700880690108,0.37496715784072876,0.3082079589366913,0.9478794932365417,0.05001273899961234
1.6780794029499355,0.06720436239384227,0.3561220870996692,23.708072279389004,0.38730669021606445,0.2349412739276886,0.946104884147644,0.0500699229996826
1.6780794029499355,0.06720436239384227,0.3561220870996692,23.75690042529665,0.3993651866912842,0.16038542985916138,0.9446272253990173,0.05169038600070053
1.7016219449383658,0.0763385283378189,0.2844346888724936,23.803075408488088,0.3387638330459595,0.5695489048957825,0.9553691744804382,0.048332083999412134
1.7016219449383658,0.0763385283378189,0.2844346888724936,23.85085294101201,0.35112953186035156,0.4983622431755066,0.9530187845230103,0.05013283400057844
1.7296964101062842,0.08689343451930868,0.22102264381925138,23.89832621929152,0.23751945793628693,0.8,0.9501389861106873,0.049964561999331636
1.7296964101062842,0.08689343451930868,0.22102264381925138,24.01942683324983,0.2529163360595703,0.8,0.9466545581817627,0.12792482000077143
1.7565748901662337,0.09042997472703804,0.17034741386232138,24.040112013431695,0.2012680470943451,0.8,0.9444648623466492,0.02190148199952091
1.7565748901662337,0.09042997472703804,0.17034741386232138,24.087436259048324,0.20705686509609222,0.8,0.94350665807724,0.05015782900045451
1.7565748901662337,0.09042997472703804,0.17034741386232138,24.134375631696766,0.22025661170482635,0.8,0.941311240196228,0.0498659429995314
1.7762808661363934,0.09355632984510644,0.14172547269705635,24.181781029814047,0.17098934948444366,0.7914930582046509,0.947076141834259,0.05005447399980767
1.7762808661363934,0.09355632984510644,0.14172547269705635,24.22900297846133,0.18421019613742828,0.8,0.9448779821395874,0.04997676900075021
1.7903877038510436,0.09307126714186008,0.14167964404840364,24.276535915932794,0.15054060518741608,0.7765939831733704,0.9474667906761169,0.05016844699912326
1.7903877038510436,0.09307126714186008,0.14167964404840364,24.323628793475923,0.16328085958957672,0.7852582335472107,0.9451119303703308,0.04982783100058441
1.7903877038510436,0.09307126714186008,0.14167964404840364,24.370735634605236,0.17589110136032104,0.793834388256073,0.942777156829834,0.0499660400000721
1.7903877038510436,0.09307126714186008,0.14167964404840364,24.41780108271227,0.1885049045085907,0.8,0.9404416680335999,0.05004611099957401
1.7903877038510436,0.09307126714186008,0.14167964404840364,24.464708831100044,0.2011076658964157,0.8,0.9381083250045776,0.0500024860002668
1.7903877038510436,0.09307126714186008,0.14167964404840364,24.51144828272263,0.21354421973228455,0.8,0.9357976913452148,0.049946107000323536
1.798357422573225,0.09338978707740504,0.21165741626031787,24.558522617222852,0.18202947080135345,0.7978765964508057,0.9415854811668396,0.04999475399927178
1.798357422573225,0.09338978707740504,0.21165741626031787,24.605524790543118,0.1944570094347,0.8,0.9392662048339844,0.05004137600008107
1.798357422573225,0.09338978707740504,0.21165741626031787,24.6523564524175,0.2066783756017685,0.8,0.9369920492172241,0.049980853000306524
1.808535288270606,0.09785739350814993,0.27343955977177636,24.699547182698712,0.19118478894233704,0.8,0.9420939087867737,0.05009132299983321
1.808535288270606,0.09785739350814993,0.27343955977177636,24.74645200549888,0.20315606892108917,0.8,0.9398752450942993,0.04990537100002257
1.7996276481853914,0.10093220951243437,0.35372364995940797,24.793234796248,0.2708967924118042,0.8,0.9356803297996521,0.04999869000039325
1.7996276481853914,0.10093220951243437,0.35372364995940797,24.839889699071186,0.28380024433135986,0.8,0.9334755539894104,0.04997977999937575
1.7996276481853914,0.10093220951243437,0.35372364995940797,24.886463485388667,0.29636359214782715,0.8,0.9316298365592957,0.0499917289998848
1.7996276481853914,0.10093220951243437,0.35372364995940797,24.973789539922176,0.3080477714538574,0.8,0.9298135042190552,0.0939178170001469
1.7887055025530876,0.104314223266552,0.43892202459543794,24.99028326127342,0.40733033418655396,0.7560551762580872,0.9456300735473633,0.017442044000745227
1.7887055025530876,0.104314223266552,0.43892202459543794,25.029121249730803,0.4122414290904999,0.7503395676612854,0.9451107382774353,0.041093584999543964
1.7792696978368365,0.09835474803235994,0.5265236325479077,25.07526558923353,0.44917529821395874,0.5283752679824829,0.9353784322738647,0.04933226800039847
1.7792696978368365,0.09835474803235994,0.5265236325479077,25.120213102126716,0.45905667543411255,0.482342004776001,0.9309749007225037,0.04828004799946939
1.784027008687309,0.09968357580360514,0.6110525364669065,25.166254082935403,0.4341258406639099,0.36745285987854004,0.9223371744155884,0.0499177330002567
1.784027008687309,0.09968357580360514,0.6110525364669065,25.212190821990404,0.44399893283843994,0.32182788848876953,0.9179148077964783,0.050044665000314126
1.784027008687309,0.09968357580360514,0.6110525364669065,25.260175934232016,0.37151700258255005,0.637744128704071,0.9597450494766235,0.049997769999208685
1.784027008687309,0.09968357580360514,0.6110525364669065,25.308181586226112,0.3788762390613556,0.6386979818344116,0.9607754945755005,0.04996552500051621
1.784027008687309,0.09968357580360514,0.6110525364669065,25.356365269342696,0.3862385153770447,0.6396525502204895,0.9618068337440491,0.05009704799977044
1.784027008687309,0.09968357580360514,0.6110525364669065,25.404949225427014,0.3936242461204529,0.6406171321868896,0.9628433585166931,0.050458837000405765
1.8007723182327426,0.10892836193120461,0.6698555042283688,25.453569991072385,0.3912917971611023,0.6222965121269226,0.9827175736427307,0.049475827999231115
1.8007723182327426,0.10892836193120461,0.6698555042283688,25.502902867128768,0.39871832728385925,0.6235993504524231,0.9836379885673523,0.050153488000432844
1.8007723182327426,0.10892836193120461,0.6698555042283688,25.5519643560901,0.4062387943267822,0.6246939301490784,0.9845283627510071,0.04983247899963317
1.8007723182327426,0.10892836193120461,0.6698555042283688,25.601293882845084,0.4137028455734253,0.6255490779876709,0.9853696227073669,0.05006195200076036
1.8007723182327426,0.10892836193120461,0.6698555042283688,25.650537252555417,0.4212077260017395,0.626409113407135,0.9862154126167297,0.04993165699943347
1.8341448865837586,0.13248811265125063,0.7567630274659416,25.700503534472524,0.391764760017395,0.6164104342460632,0.9988663196563721,0.05002299199986737
1.8341448865837586,0.13248811265125063,0.7567630274659416,25.751018318472894,0.39987874031066895,0.6157131791114807,1.0,0.05051478400037013
1.8341448865837586,0.13248811265125063,0.7567630274659416,25.800530876472955,0.408081591129303,0.6150079965591431,1.0,0.04951255800006038
1.8573214006013663,0.14874046746704944,0.8199592215527535,25.853723007473242,0.34459245204925537,0.6162928938865662,1.0,0.05319213100028719
1.8573214006013663,0.14874046746704944,0.8199592215527535,25.958956461473214,0.3520813584327698,0.61598801612854,1.0,0.10523345399997197
1.8710839454460055,0.15852099165861736,0.8975020485849871,26.0005548104725,0.3583766222000122,0.6054341793060303,1.0,0.04159834899928683
1.8710839454460055,0.15852099165861736,0.8975020485849871,26.05048358347242,0.36559760570526123,0.6069050431251526,1.0,0.0499287729999196
1.8854300367768426,0.1698464725494223,0.9644498039010002,26.100466515473023,0.34529250860214233,0.577028214931488,1.0,0.04998293200060289
1.8854300367768426,0.1698464725494223,0.9644498039010002,26.150503555472575,0.3541589379310608,0.5785559415817261,1.0,0.05003703999955178
1.8854300367768426,0.1698464725494223,0.9644498039010002,26.200454386472963,0.3631553649902344,0.5799331665039062,1.0,0.04995083100038755
1.8854300367768426,0.1698464725494223,0.9644498039010002,26.250516334472856,0.372038334608078,0.5815863609313965,1.0,0.050061947999893164
1.8854300367768426,0.1698464725494223,0.9644498039010002,26.300491179473035,0.38082578778266907,0.5835712552070618,1.0,0.0499748450001789
1.8854300367768426,0.1698464725494223,0.9644498039010002,26.350493308472984,0.38959795236587524,0.5855526328086853,1.0,0.05000212899994949
1.9097735894032106,0.1910283054091291,1.0339366231330929,26.40052157347302,0.3333701491355896,0.5366078615188599,1.0,0.05002826500003721
1.9097735894032106,0.1910283054091291,1.0339366231330929,26.450492379472713,0.3421517610549927,0.5385915637016296,1.0,0.04997080599969195
1.9097735894032106,0.1910283054091291,1.0339366231330929,26.50056163547263,0.35091453790664673,0.5403085350990295,1.0,0.050069255999915185
1.9229632213571752,0.20708008465270555,1.0853456621835988,26.55052767047321,0.32036787271499634,0.5186768174171448,1.0,0.04996603500057972
1.9229632213571752,0.20708008465270555,1.0853456621835988,26.600526988472417,0.3289926052093506,0.5174751281738281,1.0,0.04999931799920887
1.9373864610749927,0.2203786350117472,1.1476922364956472,26.650480903472932,0.304706871509552,0.5019312500953674,1.0,0.049953915000514826
1.9373864610749927,0.2203786350117472,1.1476922364956472,26.70050134247297,0.31358474493026733,0.5007715821266174,1.0,0.050020439000036276
1.9373864610749927,0.2203786350117472,1.1476922364956472,26.75048125747319,0.32248950004577637,0.4996243119239807,1.0,0.04997991500022181
1.9466287407106622,0.23752834808128362,1.2194412057281434,26.80014148956819,0.30400484800338745,0.4752172827720642,0.9926181435585022,0.05002954299925477
1.9466287407106622,0.23752834808128362,1.2194412057281434,26.849780169759118,0.31275761127471924,0.47318464517593384,0.99357008934021,0.04995991800024058
1.9466287407106622,0.23752834808128362,1.2194412057281434,26.899913673037652,0.33036941289901733,0.4541112780570984,0.9902337789535522,0.05062794700006634
1.9466287407106622,0.23752834808128362,1.2194412057281434,27.00440064065482,0.3395530581474304,0.4514448046684265,0.9905996918678284,0.1054784979996839
1.9551855194806274,0.26003793675882014,1.2923748767895193,27.047695919859528,0.3191152811050415,0.39268481731414795,0.9838816523551941,0.04400456000075792
1.9633810422023572,0.2750254506934429,1.3515293114000462,27.096245689640565,0.2916709780693054,0.03947862982749939,0.9699949622154236,0.050051569000061136
1.9633810422023572,0.2750254506934429,1.3515293114000462,27.144516096857004,0.3007521629333496,0.060432493686676025,0.9689182639122009,0.04981886399946234
1.9753140768357798,0.29847861864013603,1.4185764080511423,27.191035615603205,0.2082686573266983,-0.7035062909126282,0.9288381934165955,0.0500835550001284
1.9753140768357798,0.29847861864013603,1.4185764080511423,27.237492003939618,0.22078347206115723,-0.690938413143158,0.9303030371665955,0.04993683399970905
1.9753140768357798,0.29847861864013603,1.4185764080511423,27.284153372261784,0.23400859534740448,-0.6733831763267517,0.9327096939086914,0.050027751000015996
1.9753140768357798,0.29847861864013603,1.4185764080511423,27.33092487903599,0.24729189276695251,-0.6557507514953613,0.9351270794868469,0.050016204000712605
1.9753140768357798,0.29847861864013603,1.4185764080511423,27.377819240542763,0.25902611017227173,-0.6374536156654358,0.93754643201828,0.05001817499942263
1.9753140768357798,0.29847861864013603,1.4185764080511423,27.42596353348409,0.2703626751899719,-0.6189791560173035,0.9399653673171997,0.05121922000034829
1.9842364601874634,0.3211479424374683,1.4895097813231042,27.474281203022556,0.16590747237205505,-0.7775553464889526,0.924771785736084,0.05224820900002669
1.9842364601874634,0.3211479424374683,1.4895097813231042,27.517176071301453,0.1734531670808792,-0.7847942113876343,0.9231334328651428,0.046466595999845595
1.9842364601874634,0.3211479424374683,1.4895097813231042,27.566544623015872,0.18032902479171753,-0.7914308905601501,0.9217221140861511,0.0535612100002254
1.9842364601874634,0.3211479424374683,1.4895097813231042,27.60929453862929,0.18824270367622375,-0.7990694642066956,0.9200979471206665,0.04646235299969703
1.9842364601874634,0.3211479424374683,1.4895097813231042,27.65523320638101,0.19511879980564117,-0.8,0.9186981320381165,0.05000409399963246
1.99085349085922,0.35036067976567303,1.440677965394675,27.701705996248528,0.09555728733539581,-0.7528631687164307,0.9299701452255249,0.04997234600068623
1.99085349085922,0.35036067976567303,1.440677965394675,27.74844212399302,0.10303042829036713,-0.759756863117218,0.9283196926116943,0.050344862999736506
1.99085349085922,0.35036067976567303,1.440677965394675,27.794445537512043,0.11130991578102112,-0.76692795753479,0.9265207648277283,0.049651788999653945
1.994007446380005,0.36681075044074457,1.381004585350465,27.844452888966746,0.08687847852706909,-0.7628433108329773,0.9308425784111023,0.053722673000265786
1.994007446380005,0.36681075044074457,1.381004585350465,28.030436870133283,0.095884770154953,-0.7709264159202576,0.9287644624710083,0.20024881300014385
2.0147263032932177,0.44170170312616513,1.2415142884407522,28.072671563681777,0.0,-0.7192954421043396,0.9177066087722778,0.04602199999953882
2.0147263032932177,0.44170170312616513,1.2415142884407522,28.118801047031734,0.0,-0.7209974527359009,0.9167940616607666,0.050316079999902286
2.0147263032932177,0.44170170312616513,1.2415142884407522,28.16430839436499,0.0,-0.722856342792511,0.9157974720001221,0.04969149700082198
2.0271702746190567,0.4658571474861513,1.2029162729583747,28.209820087942518,0.0,-0.7222349047660828,0.9092865586280823,0.050052090999997745
2.0271702746190567,0.4658571474861513,1.2029162729583747,28.237632090723565,0.0,-0.6891224980354309,0.5564428567886353,0.0499817769996298
2.0271702746190567,0.4658571474861513,1.2029162729583747,28.264916039360145,0.0,-0.6900128722190857,0.5459489226341248,0.0499752770001578
2.0326850283269984,0.4828233774387989,1.1955225043275555,28.296031599341326,0.0,-0.702466607093811,0.5992255210876465,0.0519262930001787
2.0326850283269984,0.4828233774387989,1.1955225043275555,28.32442340624984,0.0,-0.7033688426017761,0.5889177322387695,0.04821014099979948
2.035051061182819,0.4958355787852477,1.1497680542196247,28.35719608297192,0.0,-0.7096672654151917,0.6575002670288086,0.04984435499954998
2.035051061182819,0.4958355787852477,1.1497680542196247,28.389535276908745,0.0,-0.7107124328613281,0.646449625492096,0.05002585300007922
2.035051061182819,0.4958355787852477,1.1497680542196247,28.42133579833457,0.0,-0.7115179896354675,0.635287344455719,0.05005691000042134
2.040864415887019,0.5177770556205591,1.0916717692075364,28.456876446341038,0.0,-0.7233507633209229,0.7116957902908325,0.04993797699989955
2.040864415887019,0.5177770556205591,1.0916717692075364,28.4918908447618,0.0,-0.7240119576454163,0.7000642418861389,0.05001597899990884
2.040864415887019,0.5177770556205591,1.0916717692075364,28.526329602148106,0.0,-0.724455714225769,0.6889213919639587,0.04998938599965186
2.050227143746243,0.5297160909207126,1.0228514018392614,28.565904962418035,0.0,-0.7274624705314636,0.7550276517868042,0.052415776000088954
2.050227143746243,0.5297160909207126,1.0228514018392614,28.601245091608124,0.0,-0.7276832461357117,0.7428910732269287,0.04757107800014637
2.050227143746243,0.5297160909207126,1.0228514018392614,28.641619286418738,0.0,-0.7051135301589966,0.8070583343505859,0.050026365000121586
2.050227143746243,0.5297160909207126,1.0228514018392614,28.717765726386514,0.0,-0.7047920227050781,0.7925373315811157,0.09607931000027747
2.064178522036853,0.5477470050341361,0.9517551928952969,28.73398768825024,0.0,-0.7032750844955444,0.8657484650611877,0.01873749999958818
2.0752355146434787,0.5538437162287444,0.8791491304281831,28.767417945870406,0.0,-0.676005482673645,0.9106245040893555,0.036711353000100644
2.0752355146434787,0.5538437162287444,0.8791491304281831,28.811272339045278,0.0,-0.6779040694236755,0.9051781296730042,0.04844835699987016
2.0752355146434787,0.5538437162287444,0.8791491304281831,28.85614964714697,0.0,-0.680519700050354,0.8974685668945312,0.050004323000393924
2.083284424991692,0.567687178263784,0.8203133348520275,28.901963470932078,0.0,-0.6776702404022217,0.9162623286247253,0.05000077199929365
2.083284424991692,0.567687178263784,0.8203133348520275,28.94751412640949,0.0,-0.6784626245498657,0.9111469388008118,0.04999265600054059
2.083284424991692,0.567687178263784,0.8203133348520275,28.995113960232274,0.0,-0.6792501211166382,0.9060607552528381,0.05253492500014545
2.095798888200281,0.5750803980238983,0.7992487913186123,29.038495100173776,0.0,-0.6783738732337952,0.9141746759414673,0.047453884999413276
2.095798888200281,0.5750803980238983,0.7992487913186123,29.083974083660586,0.0,-0.6791625022888184,0.909284770488739,0.0500162160005857
2.102046957090431,0.5859516646978776,0.7690485830147517,29.130585097013107,0.0,-0.678244948387146,0.9321466088294983,0.0500039509997805
2.102046957090431,0.5859516646978776,0.7690485830147517,29.176917257175525,0.0,-0.6792647242546082,0.9267295002937317,0.04999534400030825
2.102046957090431,0.5859516646978776,0.7690485830147517,29.222989197789158,0.0,-0.6802781820297241,0.9213448166847229,0.05000510099944222
2.1120051513723728,0.5958700065476347,0.7235519320451266,29.27032293940198,0.0,-0.6466702818870544,0.9466111063957214,0.050003366000055394
2.1120051513723728,0.5958700065476347,0.7235519320451266,29.31758884630533,0.0,-0.6487706303596497,0.94538414478302,0.04999650900026609
2.1120051513723728,0.5958700065476347,0.7235519320451266,29.364818991671232,0.0,-0.6508756875991821,0.9443440437316895,0.050013705999845115
2.1266400505029153,0.6071657680097676,0.665461495102602,29.412292149948264,0.0,-0.6470092535018921,0.9494892954826355,0.049998624000181735
2.1266400505029153,0.6071657680097676,0.665461495102602,29.459697601647544,0.0,-0.6465027928352356,0.9482685327529907,0.04999158999999054
2.1266400505029153,0.6071657680097676,0.665461495102602,29.507090748705174,0.0,-0.6459972262382507,0.9470495581626892,0.05004294300033507
2.1399210628092264,0.619843803829232,0.6041000611166303,29.557890090112878,0.0,-0.6866251826286316,0.9476839303970337,0.05360367499997665
2.1399210628092264,0.619843803829232,0.6041000611166303,29.65466896270787,0.0,-0.6864688992500305,0.9431199431419373,0.10261565699966013
2.157644774696852,0.6049659969513033,0.5134584332961315,29.69640927902338,0.012601181864738464,-0.6689295172691345,0.9549565315246582,0.04370912699960172
2.157644774696852,0.6049659969513033,0.5134584332961315,29.744073763891997,0.01712276041507721,-0.6693078875541687,0.9528493285179138,0.050023108000459615
2.1563825458645978,0.6201633028068542,0.45527942046872905,29.792139483105654,0.02208051085472107,-0.6760994791984558,0.9612243175506592,0.05000468500020361
2.1563825458645978,0.6201633028068542,0.45527942046872905,29.840135270279696,0.02829572558403015,-0.6735104322433472,0.9592246413230896,0.05003602399938245
2.1563825458645978,0.6201633028068542,0.45527942046872905,29.888312334821922,0.03414890170097351,-0.6722558736801147,0.9573709964752197,0.05032225200011453
2.1668039909319847,0.6261744958090152,0.4248899634327816,29.936128100919937,0.039931729435920715,-0.6728441119194031,0.9629418253898621,0.049655924000035156
2.1668039909319847,0.6261744958090152,0.4248899634327816,29.984193786543123,0.04504676163196564,-0.6717767119407654,0.9609463810920715,0.05001911300041684
2.1668039909319847,0.6261744958090152,0.4248899634327816,30.032090952789236,0.050188615918159485,-0.6707040071487427,0.9589405655860901,0.049948002999371965
2.163306198532099,0.621670759253775,0.40804774018212614,30.080043614419765,0.07087241113185883,-0.6642178297042847,0.958587110042572,0.050024312999994436
2.163306198532099,0.621670759253775,0.40804774018212614,30.127991990903247,0.025341764092445374,-0.6800288558006287,0.9585092663764954,0.05002390500067122
2.162375060977375,0.6154997271617465,0.3628815347623441,30.175938788852164,0.04505153000354767,-0.6899499297142029,0.9594046473503113,0.049975573999290646
2.162375060977375,0.6154997271617465,0.3628815347623441,30.2238378356028,0.050396449863910675,-0.693405270576477,0.9581083059310913,0.04999335299999075
2.162375060977375,0.6154997271617465,0.3628815347623441,30.272300638336773,0.05573301017284393,-0.6969127655029297,0.9568547010421753,0.05064802700053406
2.139641108680405,0.5767973650573252,0.30877888848315194,30.319008039660343,0.17237575352191925,-0.7862626314163208,0.9462984800338745,0.049358000999745855
2.139641108680405,0.5767973650573252,0.30877888848315194,30.366265634799422,0.18258830904960632,-0.7922951579093933,0.9447778463363647,0.05001979600001505
2.1559104057649483,0.576476372304415,0.25309708146084137,30.413752072267908,0.1553855538368225,-0.7708578705787659,0.9508267641067505,0.04994226000053459
2.1559104057649483,0.576476372304415,0.25309708146084137,30.46125531680668,0.16576841473579407,-0.7769909501075745,0.9492809176445007,0.05004129299959459
2.1559104057649483,0.576476372304415,0.25309708146084137,30.508658396703154,0.1761547327041626,-0.7831264138221741,0.947734534740448,0.05001725500005705
2.1774210579892572,0.5785903650031204,0.18235247690683418,30.557316661434665,0.22369801998138428,-0.6110678911209106,0.9733631014823914,0.04998983899986342
2.1774210579892572,0.5785903650031204,0.18235247690683418,30.640981518047045,0.23219600319862366,-0.6089289784431458,0.9714893102645874,0.08612020300006407
2.1774210579892572,0.5785903650031204,0.18235247690683418,30.656144292698414,0.22984740138053894,-0.8,0.9462307095527649,0.016024395000385994
2.224480441551622,0.5776004586103158,0.07896015552798984,30.705032736256417,0.13016827404499054,-0.7318314909934998,0.9672364592552185,0.05054445899986604
2.224480441551622,0.5776004586103158,0.07896015552798984,30.750697429762617,0.13671113550662994,-0.7355495691299438,0.965630829334259,0.047290011999393755
2.224480441551622,0.5776004586103158,0.07896015552798984,30.798881009080297,0.14258483052253723,-0.7403318285942078,0.963349461555481,0.050016719000268495
2.220570811811081,0.5761998672252729,0.035210384971800526,30.846940148027105,0.17854110896587372,-0.7527964115142822,0.9606229662895203,0.05002913800035458
2.220570811811081,0.5761998672252729,0.035210384971800526,30.894918905887163,0.18632547557353973,-0.7571715712547302,0.9590194821357727,0.05002897099984693
2.2349577767538458,0.5792040346821903,-0.003990125180983582,30.94309621843212,0.16691739857196808,-0.7372757792472839,0.9651407599449158,0.04991739500019321
2.2349577767538458,0.5792040346821903,-0.003990125180983582,30.991300213618246,0.1736268848180771,-0.7419144511222839,0.9628068804740906,0.05006610999953409
2.2349577767538458,0.5792040346821903,-0.003990125180983582,31.039262838191366,0.18134137988090515,-0.7459914088249207,0.9607416987419128,0.0499224969998977
2.245174535397228,0.5744585300271083,-0.05480717546672081,31.087522810236536,0.18885502219200134,-0.73063063621521,0.9650833606719971,0.05000601400024607
2.245174535397228,0.5744585300271083,-0.05480717546672081,31.135747120052255,0.19461795687675476,-0.7327514290809631,0.9644258618354797,0.050003127999843855
2.245174535397228,0.5744585300271083,-0.05480717546672081,31.183971739486275,0.20037558674812317,-0.7351655960083008,0.963843047618866,0.0500336850000167
2.244516772756763,0.5688299651114133,-0.11893498364963949,31.23544675868174,0.23107923567295074,-0.7197269797325134,0.9633949398994446,0.05343085900040023
2.244516772756763,0.5688299651114133,-0.11893498364963949,31.280027370757484,0.23683124780654907,-0.7193939685821533,0.9581239819526672,0.04652906399951462
2.2494553420420598,0.5611588117565235,-0.18995571073823314,31.326725086346094,0.23715712130069733,-0.3678954243659973,0.926417350769043,0.050406780000230356
2.2494553420420598,0.5611588117565235,-0.18995571073823314,31.37259553355594,0.24041630327701569,-0.28132328391075134,0.9247806668281555,0.0496014339996691
2.2494553420420598,0.5611588117565235,-0.18995571073823314,31.418861440371522,0.2438725084066391,-0.20172777771949768,0.9232959151268005,0.0501095110003007
2.2494553420420598,0.5611588117565235,-0.18995571073823314,31.464858139529348,0.24519379436969757,-0.15549349784851074,0.9217233061790466,0.04990293599985307
2.2587204009755815,0.5560258310750181,-0.2645392614773201,31.510912326594216,0.20733560621738434,0.23546791076660156,0.9212935566902161,0.04998861300009594
2.2587204009755815,0.5560258310750181,-0.2645392614773201,31.556892475527327,0.20643216371536255,0.2804177403450012,0.9192835092544556,0.05001737600014167
2.284844331979979,0.5451193306761503,-0.33661725050998414,31.6030557799651,0.12987762689590454,0.6461343765258789,0.9232864379882812,0.04999889800001256
2.284844331979979,0.5451193306761503,-0.33661725050998414,31.649076286569784,0.13323353230953217,0.6424778699874878,0.9189407825469971,0.050079947999620344
2.284844331979979,0.5451193306761503,-0.33661725050998414,31.694765180440115,0.13603171706199646,0.6385136246681213,0.9149670600891113,0.049935015000301064
2.2990715906240062,0.536454155911808,-0.40645541911150007,31.739424711894053,0.09566088020801544,0.6602515578269958,0.8923623561859131,0.05004640900006052
2.2990715906240062,0.536454155911808,-0.40645541911150007,31.783804486933658,0.09816735237836838,0.6571450233459473,0.8893812894821167,0.049899605000064184
2.2990715906240062,0.536454155911808,-0.40645541911150007,31.828180560975532,0.10067151486873627,0.6536909937858582,0.8860329985618591,0.050083997000001546
2.3151674396428303,0.526504081231631,-0.4490025357404664,31.871840323822255,0.06041760742664337,0.6691308617591858,0.8738347291946411,0.049963409999691066
2.3151674396428303,0.526504081231631,-0.4490025357404664,31.915512487288158,0.06327170133590698,0.6638641953468323,0.8730953931808472,0.05001992200050154
2.3226913402196123,0.5267684883058095,-0.4327869783036236,31.959595595973067,0.05887983739376068,0.6664518713951111,0.8811379671096802,0.0500297459993817
2.3226913402196123,0.5267684883058095,-0.4327869783036236,32.00356660006447,0.061799854040145874,0.6609975099563599,0.8802176117897034,0.049954697000430315
2.3226913402196123,0.5267684883058095,-0.4327869783036236,32.04758285898894,0.06471248716115952,0.6555570960044861,0.8792995810508728,0.05005831899961777
2.3226913402196123,0.5267684883058095,-0.4327869783036236,32.09153115750382,0.06762811541557312,0.6501108407974243,0.8783807754516602,0.050033311000333924
2.3226913402196123,0.5267684883058095,-0.4327869783036236,32.13531350142834,0.07064303010702133,0.6448952555656433,0.8774455189704895,0.04989750699951401
2.3226913402196123,0.5267684883058095,-0.4327869783036236,32.17960116539836,0.07378194481134415,0.6428127288818359,0.8760496973991394,0.05055382600039593
2.315700502826629,0.5249022849646627,-0.34044315121153323,32.22354094276106,0.10319869965314865,0.624608039855957,0.8887971639633179,0.04943735100005142
2.315700502826629,0.5249022849646627,-0.34044315121153323,32.268517870490776,0.11012917757034302,0.6242442727088928,0.8885103464126587,0.05062060099953669
2.315700502826629,0.5249022849646627,-0.34044315121153323,32.31245077268029,0.11717072874307632,0.6242764592170715,0.8881864547729492,0.04946360300073138
2.3024156084158505,0.5280893737986032,-0.278629673591749,32.35735513404304,0.17635191977024078,0.6087656617164612,0.8994874954223633,0.04992216299979191
2.3024156084158505,0.5280893737986032,-0.278629673591749,32.40232125914041,0.1827087253332138,0.6083486676216125,0.8992535471916199,0.05000383399965358
2.3146082459074138,0.528516854237985,-0.20208567165139998,32.44825958402269,0.1824188530445099,0.6206085085868835,0.9164209365844727,0.05012797400013369
2.3146082459074138,0.528516854237985,-0.20208567165139998,32.49401326695325,0.1888776272535324,0.6168306469917297,0.9168615937232971,0.049902497000402946
2.3146082459074138,0.528516854237985,-0.20208567165139998,32.539874935208715,0.1953129768371582,0.613045871257782,0.9173152446746826,0.04999553699963144
2.2860211747304944,0.5225208040764622,-0.12093337230025239,32.58593031165507,0.28896364569664,0.5829278230667114,0.9214093089103699,0.04998362399965117
2.2860211747304944,0.5225208040764622,-0.12093337230025239,32.63193540686756,0.2951917052268982,0.5829026699066162,0.9206553101539612,0.04996994500015717
2.283195167968926,0.5148830444464855,-0.03148393125671,32.678518899258435,0.32906466722488403,0.5804219841957092,0.9313747882843018,0.05001584000001458
2.283195167968926,0.5148830444464855,-0.03148393125671,32.72514395489751,0.33565962314605713,0.5811021327972412,0.9310985803604126,0.05007531600040238
2.283195167968926,0.5148830444464855,-0.03148393125671,32.77168954959487,0.34182626008987427,0.5820026993751526,0.9305301904678345,0.05002050999974017
2.275326199228314,0.5153528741477938,0.04121299319385235,32.8185967121151,0.3914003074169159,0.5731961727142334,0.9394269585609436,0.049931675999687286
2.275326199228314,0.5153528741477938,0.04121299319385235,32.86555980442534,0.3979153037071228,0.5745224356651306,0.9387343525886536,0.05002809600046021
2.275326199228314,0.5153528741477938,0.04121299319385235,32.912412230646,0.4044380784034729,0.5758500099182129,0.9380409717559814,0.04994710000028135
2.2852145942809297,0.5054538009444381,0.11964701580272973,32.95975308697202,0.40536725521087646,0.5829111337661743,0.9465479850769043,0.050014216999443306
2.2852145942809297,0.5054538009444381,0.11964701580272973,33.00701497218244,0.4114665687084198,0.5841856002807617,0.9459949731826782,0.04995997500009253
2.3014111816909884,0.49867374948208304,0.1739253294983579,33.05490001850197,0.39557579159736633,0.5919918417930603,0.9556308388710022,0.05010830999981408
2.3014111816909884,0.49867374948208304,0.1739253294983579,33.10279311803834,0.4017266035079956,0.593834638595581,0.9567400217056274,0.05005863499991392
2.3014111816909884,0.49867374948208304,0.1739253294983579,33.15066080437594,0.40734654664993286,0.5949631333351135,0.9574477672576904,0.04999508900073124
2.3136709454774715,0.4982743222940693,0.24632437082491232,33.19999548359098,0.40008699893951416,0.5701851844787598,0.9644158482551575,0.051154985999346536
2.3136709454774715,0.4982743222940693,0.24632437082491232,33.247064940392455,0.40668976306915283,0.572533905506134,0.96572345495224,0.04874009900049714
2.3136709454774715,0.4982743222940693,0.24632437082491232,33.29536012748748,0.4129894971847534,0.5747745633125305,0.9669712781906128,0.04994480000004842
2.307346468060772,0.5216150167638856,0.3146768720892692,33.34386150642808,0.43007606267929077,0.459113746881485,0.9688658118247986,0.05005995499959681
2.307346468060772,0.5216150167638856,0.3146768720892692,33.392310099064446,0.4367847442626953,0.4613635838031769,0.9691674113273621,0.04998991100001149
2.307346468060772,0.5216150167638856,0.3146768720892692,33.440711783222795,0.44249969720840454,0.46376073360443115,0.969245433807373,0.049937490000047546
2.318903259859323,0.4932488495144438,0.41111534422400453,33.49027055237881,0.448957622051239,0.5282772779464722,0.9869990348815918,0.0502115680001225
2.318903259859323,0.4932488495144438,0.41111534422400453,33.53952985610822,0.4546743631362915,0.5308719277381897,0.9875534772872925,0.04988013799993496
2.34511659373574,0.5353971961327167,0.49352417707284096,33.58845106817541,0.38535332679748535,0.4017353951931,0.9792799949645996,0.049956306999774824
2.34511659373574,0.5353971961327167,0.49352417707284096,33.63740907062697,0.3916833996772766,0.39854320883750916,0.9796258807182312,0.04997622400060209
2.34511659373574,0.5353971961327167,0.49352417707284096,33.686443589224275,0.39809101819992065,0.3956110179424286,0.9803512096405029,0.05001729800005705
2.3737133127739183,0.5404501177591362,0.5725296771627036,33.73510817518254,0.34049344062805176,0.16574567556381226,0.973636269569397,0.04998230599994713
2.3737133127739183,0.5404501177591362,0.5725296771627036,33.78388678111496,0.34746110439300537,0.1847386658191681,0.9754132628440857,0.05000814300001366
2.3737133127739183,0.5404501177591362,0.5725296771627036,33.832752888551205,0.35360264778137207,0.20114368200302124,0.9768480062484741,0.05002426899955026
2.380999088650643,0.546934809704176,0.6448482688498194,33.880831993185595,0.33515113592147827,-0.18673232197761536,0.9617677330970764,0.04999034899992694
2.380999088650643,0.546934809704176,0.6448482688498194,33.92889759795333,0.33934974670410156,-0.1721327006816864,0.9607625007629395,0.050028602000566025
2.380999088650643,0.546934809704176,0.6448482688498194,33.976887671049106,0.3433501720428467,-0.16917318105697632,0.9596705436706543,0.050006820999442425
2.4103929383421776,0.5597498390374828,0.7196149791794916,34.023690775732,0.23066185414791107,-0.7950447201728821,0.9365876317024231,0.04997194400039007
2.4103929383421776,0.5597498390374828,0.7196149791794916,34.070478911250184,0.23725350201129913,-0.7965822815895081,0.9357870221138,0.049998700999822177
2.421250266608925,0.5667722966094724,0.7844787512956966,34.117173195523485,0.19584865868091583,-0.8,0.9342305660247803,0.049981541999841284
2.421250266608925,0.5667722966094724,0.7844787512956966,34.16381273004183,0.20070837438106537,-0.8,0.9329245090484619,0.04999282800054061
2.421250266608925,0.5667722966094724,0.7844787512956966,34.21038635454506,0.20550687611103058,-0.8,0.9316179156303406,0.049992194999504136
2.4267311602858754,0.5902760532628903,0.8293276533918786,34.25693867100184,0.14518047869205475,-0.793440580368042,0.9305487275123596,0.050026736999825516
2.4267311602858754,0.5902760532628903,0.8293276533918786,34.30573464063622,0.14922505617141724,-0.7978917360305786,0.9290095567703247,0.05252472300071531
2.4267311602858754,0.5902760532628903,0.8293276533918786,34.34975004118872,0.15346460044384003,-0.8,0.9273963570594788,0.047461260999625665
2.4710860366958944,0.5980462461015102,0.8229069647871169,34.40474051184411,0.02978000044822693,-0.7262805104255676,0.9418538212776184,0.058385356000144384
2.4710860366958944,0.5980462461015102,0.8229069647871169,34.443880528211054,0.034298911690711975,-0.7304401993751526,0.9406704306602478,0.04160863899960532
2.492291009002402,0.6153547687597676,0.7717438162612351,34.490435234654015,0.0,-0.7031076550483704,0.931067705154419,0.05000141900018207
2.492291009002402,0.6153547687597676,0.7717438162612351,34.53694752069738,0.0,-0.7044832706451416,0.9302937984466553,0.04999741600022389
2.492291009002402,0.6153547687597676,0.7717438162612351,34.58342690432135,0.0,-0.7059091925621033,0.9295089244842529,0.05000423599994974
2.5056429703781813,0.633076380408487,0.7050394837390969,34.62914199881049,0.0,-0.7062302231788635,0.9135894179344177,0.05003899300027115
2.5056429703781813,0.633076380408487,0.7050394837390969,34.67478751593121,0.0,-0.7075716853141785,0.9123988151550293,0.050028031999318046
2.5056429703781813,0.633076380408487,0.7050394837390969,34.72030455263899,0.0,-0.708911120891571,0.9112101197242737,0.049952295000366576
2.5264417303230036,0.6431086291253115,0.6420262826170094,34.76580329773697,0.0,-0.7107576727867126,0.9098899364471436,0.05000466899946332
2.5264417303230036,0.6431086291253115,0.6420262826170094,34.81122604738592,0.0,-0.7121508121490479,0.9085260033607483,0.0499960920005833
2.5264417303230036,0.6431086291253115,0.6420262826170094,34.856571009179355,0.0,-0.7134943604469299,0.9071757793426514,0.0499847579994821
2.5506793200831903,0.6558736919587752,0.557786683355488,34.901844629135645,0.0,-0.7148292660713196,0.905748724937439,0.0499847460005185
2.5506793200831903,0.6558736919587752,0.557786683355488,34.947145359285564,0.0,-0.7165331244468689,0.9046986103057861,0.050072731000000203
2.569445878812087,0.6710449137573341,0.5036433800401399,34.992283664482606,0.0,-0.7166380286216736,0.903671383857727,0.04994991100011248
2.569445878812087,0.6710449137573341,0.5036433800401399,35.03744869116948,0.0,-0.7187209725379944,0.9024609923362732,0.05004651399940485
2.569445878812087,0.6710449137573341,0.5036433800401399,35.08249547915846,0.0,-0.7209518551826477,0.9012988209724426,0.049979858999904536
2.590698322070553,0.6772323104105942,0.43094543196808016,35.128207436770225,0.0,-0.7166116833686829,0.9067911505699158,0.05041067900037888
2.590698322070553,0.6772323104105942,0.43094543196808016,35.17308000118671,0.0,-0.718483567237854,0.9055081009864807,0.049555122000128904
2.590698322070553,0.6772323104105942,0.43094543196808016,35.218327433350574,0.0,-0.7202928066253662,0.9043087363243103,0.05003538100027072
2.5820227988535316,0.7049713517049613,0.3688656923570483,35.26352848951496,0.0,-0.7158711552619934,0.9034885168075562,0.0500294749999739
2.5820227988535316,0.7049713517049613,0.3688656923570483,35.308670661027,0.0,-0.7167231440544128,0.902831494808197,0.05000066100001277
2.5820227988535316,0.7049713517049613,0.3688656923570483,35.35374171275614,0.0,-0.7175740599632263,0.9021753072738647,0.0499581969997962
2.6210584823898153,0.6905415434715118,0.27354814479747813,35.39944422020256,0.0,-0.712921142578125,0.9141070246696472,0.049996888999885414
2.6210584823898153,0.6905415434715118,0.27354814479747813,35.44508642918545,0.0,-0.7147935032844543,0.913551926612854,0.04996126399964851
2.634658000538936,0.6930056395079564,0.19575396423586783,35.4917014150624,0.0,-0.6858627796173096,0.9321281313896179,0.050009204000161844
2.634658000538936,0.6930056395079564,0.19575396423586783,35.53816224127577,0.0,-0.6877813935279846,0.9290610551834106,0.050008367000373255
2.634658000538936,0.6930056395079564,0.19575396423586783,35.5844558301609,0.0,-0.6896939277648926,0.9260039925575256,0.04999286099973688
2.6535182147246488,0.6921281945163414,0.11963711205503844,35.631887554030925,0.0,-0.680942952632904,0.9486895203590393,0.049997099000393064
2.6535182147246488,0.6921281945163414,0.11963711205503844,35.67918103027261,0.0,-0.6823115348815918,0.9456386566162109,0.05001220699978148
2.6535182147246488,0.6921281945163414,0.11963711205503844,35.72629877522423,0.0,-0.683689296245575,0.9424891471862793,0.04999287800001184
2.6669303385213277,0.689448080394422,0.051468976442169925,35.77497615570864,0.0,-0.6774980425834656,0.9553444385528564,0.050952701999449346
2.6669303385213277,0.689448080394422,0.051468976442169925,35.82165878836792,0.0,-0.6789180040359497,0.9520833492279053,0.049032086000806885
2.6669303385213277,0.689448080394422,0.051468976442169925,35.8691921559509,0.0,-0.6802800297737122,0.9489558339118958,0.05009017899919854
2.6787423415346012,0.6892145277660758,-0.028202455255610773,35.917182163389484,0.0,-0.6743559837341309,0.9618687629699707,0.04989246900004218
2.6787423415346012,0.6892145277660758,-0.028202455255610773,35.96518597942142,0.0,-0.6760259866714478,0.95802903175354,0.05010684900025808
2.686978974646051,0.6835254479975468,-0.10871622706862179,36.01360604982041,0.0,-0.6683127880096436,0.9699698686599731,0.04991914899983385
2.686978974646051,0.6835254479975468,-0.10871622706862179,36.06198163105101,0.0,-0.6677582859992981,0.9668516516685486,0.05003413000031287
2.686978974646051,0.6835254479975468,-0.10871622706862179,36.110351054466626,0.0,-0.6689008474349976,0.9627980589866638,0.050238388999787276
2.698270032638229,0.6720157137821801,-0.17700440546047608,36.15824964534871,0.0,-0.6625345945358276,0.9631122946739197,0.049733132000255864
2.698270032638229,0.6720157137821801,-0.17700440546047608,36.2066474787023,0.0,-0.6629502177238464,0.9607852697372437,0.05037320500014175
2.70394095059345,0.6669888593876339,-0.26030180551106513,36.254659815306894,0.014455154538154602,-0.6675466895103455,0.9672834873199463,0.0496362619996944
2.70394095059345,0.6669888593876339,-0.26030180551106513,36.30298211952261,0.02015477418899536,-0.6667443513870239,0.9664661288261414,0.049998962999779906
2.70394095059345,0.6669888593876339,-0.26030180551106513,36.351253548248444,0.025324612855911255,-0.6653406620025635,0.9657885432243347,0.049981363999904715
2.7061066236742137,0.6580005573165515,-0.34359725981427125,36.39996939235213,0.058315448462963104,-0.6660311222076416,0.9737992882728577,0.050026576000163914
2.7061066236742137,0.6580005573165515,-0.34359725981427125,36.448650265692216,0.06343932449817657,-0.6630048751831055,0.9733158946037292,0.05001549200005684
2.7061066236742137,0.6580005573165515,-0.34359725981427125,36.4972740523212,0.068655826151371,-0.6613468527793884,0.97263503074646,0.04999181099992711
2.7147065062269067,0.6527537210216234,-0.41160513314456465,36.54628135355436,0.07955428957939148,-0.66416335105896,0.980271577835083,0.04999359600060416
2.7147065062269067,0.6527537210216234,-0.41160513314456465,36.595315980363715,0.08610701560974121,-0.6585807204246521,0.9803779721260071,0.05001604299923201
2.7147065062269067,0.6527537210216234,-0.41160513314456465,36.64428597524176,0.09386990964412689,-0.6560155153274536,0.9801315069198608,0.0499626780001563
2.7094269053860303,0.6480958994155118,-0.48706302386553435,36.693808701631944,0.12536628544330597,-0.6482295989990234,0.9900540113449097,0.05002022700045927
2.7094269053860303,0.6480958994155118,-0.48706302386553435,36.74335465905166,0.1337389349937439,-0.6463263034820557,0.9903354644775391,0.05002946900003735
2.7094269053860303,0.6480958994155118,-0.48706302386553435,36.79295173068458,0.14261631667613983,-0.6446009874343872,0.9904386401176453,0.05007586499959871
2.7161173533324146,0.6211513977992468,-0.5404752045552933,36.84157469903059,0.16638457775115967,-0.6684339642524719,0.9749705791473389,0.049871215999701235
2.7161173533324146,0.6211513977992468,-0.5404752045552933,36.8904000711579,0.17586582899093628,-0.6616342067718506,0.9757288694381714,0.05003989700071543
2.7114207758677584,0.6576007155604768,-0.6158848948303973,36.940353262157885,0.19977830350399017,-0.6200699806213379,1.0,0.049953190999985964
2.7114207758677584,0.6576007155604768,-0.6158848948303973,36.99042829115723,0.21000561118125916,-0.6151998043060303,1.0,0.050075028999344795
2.7114207758677584,0.6576007155604768,-0.6158848948303973,37.04035528415778,0.21907487511634827,-0.6110472083091736,1.0,0.04992699300055392
2.7170580061274388,0.646803071772359,-0.6829760403944185,37.090466970157365,0.24918513000011444,-0.6023213267326355,1.0,0.05011168599958182
2.7170580061274388,0.646803071772359,-0.6829760403944185,37.14040758015807,0.2596299350261688,-0.5973531603813171,1.0,0.0499406100007036
2.7170580061274388,0.646803071772359,-0.6829760403944185,37.19041385515783,0.2700389623641968,-0.5924018025398254,1.0,0.050006274999759626
2.7346269382210786,0.5902553185180804,-0.7567223098669742,37.23931271402271,0.21260535717010498,-0.5482111573219299,0.9775785207748413,0.050020390000099724
2.7346269382210786,0.5902553185180804,-0.7567223098669742,37.28816139523697,0.22167208790779114,-0.5429526567459106,0.9775143265724182,0.049972342999353714
2.7309475467296385,0.5965162999719764,-0.826643090349928,37.33705543700878,0.26747557520866394,-0.5225288271903992,0.9797719717025757,0.04990349099989544
2.7309475467296385,0.5965162999719764,-0.826643090349928,37.38634031232672,0.2762920558452606,-0.517444372177124,0.9802344441413879,0.050278661000447755
2.7309475467296385,0.5965162999719764,-0.826643090349928,37.43520444211823,0.2851787805557251,-0.5123197436332703,0.9807006120681763,0.04982573599954776
2.7352423271075614,0.5877068676582642,-0.8909342061781672,37.483981838481036,0.2742456793785095,-0.48290306329727173,0.9755066633224487,0.05000211500009755
2.7352423271075614,0.5877068676582642,-0.8909342061781672,37.53336345548201,0.2828758955001831,-0.4778329133987427,0.9756758809089661,0.05061272700004338
2.7352423271075614,0.5877068676582642,-0.8909342061781672,37.57682898390948,0.2412390112876892,0.5930995941162109,0.880552351474762,0.04936166300012701
2.7428880812013174,0.5692801066534979,-0.9584609065426458,37.61607612207255,0.14789870381355286,0.6545080542564392,0.7838611602783203,0.05006899199997861
2.7428880812013174,0.5692801066534979,-0.9584609065426458,37.654412948243895,0.14603139460086823,0.6556548476219177,0.7661229968070984,0.050040041000102065
2.7458840177955604,0.5719721916808348,-1.0198814536960972,37.691001676568625,0.14425815641880035,0.6642978191375732,0.7335181832313538,0.04988114699972357
2.7458840177955604,0.5719721916808348,-1.0198814536960972,37.72689479027368,0.14251631498336792,0.6653749346733093,0.7170896530151367,0.05005387200071709
2.7458840177955604,0.5719721916808348,-1.0198814536960972,37.76182611095036,0.14025498926639557,0.6668343544006348,0.6999215483665466,0.04990748000000167
2.750494731397416,0.5592158746282975,-1.0814994486172365,37.79206835560848,0.06946870684623718,0.711003839969635,0.6037312746047974,0.05009222799981217
2.750494731397416,0.5592158746282975,-1.0814994486172365,37.82137054288112,0.06675118207931519,0.7129929065704346,0.5867933034896851,0.04993613099941285
2.750494731397416,0.5592158746282975,-1.0814994486172365,37.84987475285875,0.06731460988521576,0.7141215801239014,0.5693803429603577,0.0500618089999989
2.7514523598198326,0.5307655865284646,-1.065490308497873,37.87455249567011,0.045752838253974915,0.6794022917747498,0.4935188293457031,0.05000365000068996
2.7514523598198326,0.5307655865284646,-1.065490308497873,37.89861186110437,0.04672543704509735,0.677578330039978,0.4815065860748291,0.04996684599973378
2.7514523598198326,0.5307655865284646,-1.065490308497873,37.922780952891436,0.047630131244659424,0.6758530139923096,0.4694761037826538,0.051480983999681484
2.7592368520188923,0.5456827853795218,-1.027227182073102,37.94989205011631,0.060461610555648804,0.6903433203697205,0.558234453201294,0.048565789999884146
2.7592368520188923,0.5456827853795218,-1.027227182073102,37.97713579435251,0.0623820424079895,0.6880506873130798,0.5455998778343201,0.04993356000068161
2.7592368520188923,0.5456827853795218,-1.027227182073102,38.003800693434926,0.0643119215965271,0.6857472062110901,0.5329036116600037,0.050037001999953645
2.7577677202378443,0.5525733445338392,-0.9689604305783315,38.033114488889034,0.09017589688301086,0.6842641234397888,0.5859332084655762,0.05002924400014308
2.7577677202378443,0.5525733445338392,-0.9689604305783315,38.06169330850918,0.09225238859653473,0.6817854046821594,0.5722722411155701,0.04993920299966703
2.75167138178207,0.553482328571809,-0.9084961453816541,38.09113085632883,0.11247602105140686,0.6751458644866943,0.5892600417137146,0.049956802999986394
2.75167138178207,0.553482328571809,-0.9084961453816541,38.12001445936851,0.1148814707994461,0.6727669835090637,0.5759575963020325,0.0501488359996074
2.75167138178207,0.553482328571809,-0.9084961453816541,38.14808872109951,0.11730699241161346,0.6704294681549072,0.5629146099090576,0.04987303800044174
2.7397190571050896,0.5621738465860038,-0.8283635392898224,38.177651429504074,0.1566842645406723,0.660498321056366,0.5906859636306763,0.05004809700039914
2.7397190571050896,0.5621738465860038,-0.8283635392898224,38.20654889373944,0.15916675329208374,0.6581061482429504,0.5773364305496216,0.05005307599913067
2.725264097783703,0.5515888513264077,-0.7713066944586956,38.23267292488482,0.16633518040180206,0.6414912343025208,0.522680401802063,0.049980889000835305
2.725264097783703,0.5515888513264077,-0.7713066944586956,38.25820295793059,0.16857603192329407,0.6388562321662903,0.5111814141273499,0.04994319499928679
2.725264097783703,0.5515888513264077,-0.7713066944586956,38.28319126244767,0.17076601088047028,0.6362814903259277,0.49994415044784546,0.04998219200024323
2.719377971119587,0.5602846452424664,-0.6707252420356642,38.31296534307339,0.24114660918712616,0.6299275159835815,0.5954839587211609,0.049999802999991516
2.719377971119587,0.5602846452424664,-0.6707252420356642,38.34213925719063,0.24616405367851257,0.6283057332038879,0.5835020542144775,0.049997963000350865
2.719377971119587,0.5602846452424664,-0.6707252420356642,38.37077305819418,0.25108039379119873,0.626716673374176,0.5717617273330688,0.05007995399955689
2.7080361109774107,0.5749823319530191,-0.5971193357634337,38.402422314914546,0.33635783195495605,0.6138860583305359,0.6335945129394531,0.049951910999880056
2.7080361109774107,0.5749823319530191,-0.5971193357634337,38.4334749158354,0.3418090343475342,0.6130748391151428,0.6215322017669678,0.04996137099988118
2.7032059788260003,0.5738007484606352,-0.516715256359154,38.46769729661931,0.39968228340148926,0.6056532263755798,0.6843599081039429,0.050006408000626834
2.7032059788260003,0.5738007484606352,-0.516715256359154,38.501278325621,0.4056423306465149,0.6050431728363037,0.671900749206543,0.04997915100011596
2.7032059788260003,0.5738007484606352,-0.516715256359154,38.53430804718884,0.41149067878723145,0.6044449210166931,0.659675121307373,0.05006967899953452
2.709208148537161,0.5882820211460692,-0.4743723050523555,38.572126831673366,0.454334020614624,0.5969240069389343,0.7574308514595032,0.04993034600011015
2.709208148537161,0.5882820211460692,-0.4743723050523555,38.60944514447296,0.4608196020126343,0.5961518287658691,0.7438170313835144,0.05017136100013886
2.709208148537161,0.5882820211460692,-0.4743723050523555,38.64590943898498,0.46717602014541626,0.5953338146209717,0.7304705381393433,0.049918912000066484
2.709208148537161,0.5882820211460692,-0.4743723050523555,38.68449375270091,0.47339653968811035,0.594523549079895,0.7174444198608398,0.05378021300020919
2.723049841545413,0.5712252582716656,-0.4157085938399646,38.720946585418716,0.46750277280807495,0.5912352204322815,0.7885963916778564,0.04622495499916113
2.723049841545413,0.5712252582716656,-0.4157085938399646,38.75959994980912,0.4724922180175781,0.590564489364624,0.7736437916755676,0.049962741000854294
2.737964569282844,0.564022130136938,-0.35192830915941026,38.802886162521006,0.4654267430305481,0.572168231010437,0.8421062231063843,0.05140231899986247
2.737964569282844,0.564022130136938,-0.35192830915941026,38.84376039936536,0.474822461605072,0.5771100521087646,0.8372371196746826,0.04882038300002023
2.754328350023942,0.5623135964332638,-0.26822546491977683,38.88816051121583,0.45395249128341675,0.5096927881240845,0.890590488910675,0.04985468899940315
2.754328350023942,0.5623135964332638,-0.26822546491977683,38.932414657634986,0.4654201865196228,0.5132447481155396,0.8870542645454407,0.04988888300067629
2.754328350023942,0.5623135964332638,-0.26822546491977683,38.97669440532508,0.47648918628692627,0.5169588327407837,0.8836211562156677,0.05011168799956067
2.7740378439180993,0.5514180903081631,-0.189479366041557,39.02285138554672,0.4461088180541992,0.48711496591567993,0.9253740310668945,0.04987926900048478
2.7740378439180993,0.5514180903081631,-0.189479366041557,39.069046835647974,0.4573625922203064,0.4908720552921295,0.9221871495246887,0.05009335699924122
2.7740378439180993,0.5514180903081631,-0.189479366041557,39.11546767648292,0.46862584352493286,0.49463221430778503,0.9189978241920471,0.050512460000391
2.773631801425873,0.5521132721764563,-0.09425993807350493,39.1621947218426,0.4958406686782837,0.4412137269973755,0.9462368488311768,0.04938197600040439
2.773631801425873,0.5521132721764563,-0.09425993807350493,39.2093578404137,0.5072773694992065,0.445026695728302,0.9429677128791809,0.05001562399957038
2.773631801425873,0.5521132721764563,-0.09425993807350493,39.258732654700054,0.5187660455703735,0.45050936937332153,0.9404201507568359,0.05250293100016279
2.8146012508963842,0.49327651300825553,-0.013189791882931928,39.30410940829632,0.4173194169998169,0.5649178624153137,0.9530208110809326,0.04761360199972842
2.8146012508963842,0.49327651300825553,-0.013189791882931928,39.351695484069346,0.4276435971260071,0.5676093697547913,0.9530629515647888,0.04992962500000431
2.8567503985278173,0.49768806126163145,0.10132785141993703,39.4008779996096,0.34483802318573,0.5124250054359436,0.9666066765785217,0.0508816219999062
2.8567503985278173,0.49768806126163145,0.10132785141993703,39.448336412732864,0.35584545135498047,0.5076342821121216,0.9662876129150391,0.04911416899994947
2.8567503985278173,0.49768806126163145,0.10132785141993703,39.496731145255296,0.3662491738796234,0.502914547920227,0.966000497341156,0.05009804100063775
2.882058149775956,0.4978171720099022,0.17078339445719765,39.545257861505135,0.3167933225631714,0.49682748317718506,0.9725458025932312,0.049896586999238934
2.882058149775956,0.4978171720099022,0.17078339445719765,39.59390306811481,0.3278791010379791,0.49220120906829834,0.9722092747688293,0.05003573600060918
2.882058149775956,0.4978171720099022,0.17078339445719765,39.64398113371117,0.33843064308166504,0.48741310834884644,0.9719333052635193,0.05152417899989814
2.902680709587338,0.49837501983962035,0.24053329787644534,39.690867821822685,0.29714852571487427,0.3199675679206848,0.9689570665359497,0.04838881900013803
2.902680709587338,0.49837501983962035,0.24053329787644534,39.739451042483815,0.3072662651538849,0.3494243621826172,0.9708070158958435,0.050044158999298816
2.902680709587338,0.49837501983962035,0.24053329787644534,39.78912534999778,0.3177153468132019,0.3799193799495697,0.9727271795272827,0.05106705000071088
2.924089410771457,0.5005617827260703,0.3044423136943329,39.83667901986527,0.2739103436470032,-0.10907551646232605,0.9677659273147583,0.04913757399936003
2.924089410771457,0.5005617827260703,0.3044423136943329,39.884881238053026,0.28317224979400635,-0.07563480734825134,0.9665104150772095,0.04987242500010325
2.947896760116973,0.48796038484946463,0.3964893266247349,39.9335188157858,0.2327675074338913,-0.22981953620910645,0.9741436839103699,0.04992854600004648
2.947896760116973,0.48796038484946463,0.3964893266247349,39.98217189786216,0.24218709766864777,-0.1557890772819519,0.9735866189002991,0.04997303900017869
2.947896760116973,0.48796038484946463,0.3964893266247349,40.031245126884116,0.25167277455329895,-0.12020769715309143,0.9724170565605164,0.05046520799987775
2.9581002227739117,0.520546865318807,0.4555298006215678,40.07786214000039,0.17604099214076996,-0.8,0.9388625025749207,0.04965265200007707
2.9581002227739117,0.520546865318807,0.4555298006215678,40.124644396147545,0.18673573434352875,-0.8,0.9370015263557434,0.04992761999983486
2.9581002227739117,0.520546865318807,0.4555298006215678,40.171890141300445,0.19746841490268707,-0.8,0.9351338148117065,0.05052297800011729
2.972960223740672,0.5172042022370311,0.5333198007969306,40.21814757167912,0.16252762079238892,-0.8,0.9356367588043213,0.04943951800032664
2.972960223740672,0.5172042022370311,0.5333198007969306,40.26482635911355,0.1734386682510376,-0.8,0.9335729479789734,0.050000149999505084
2.972960223740672,0.5172042022370311,0.5333198007969306,40.31155128856265,0.1839381903409958,-0.8,0.9316433072090149,0.05015323899988289
2.972960223740672,0.5172042022370311,0.5333198007969306,40.357878659848865,0.19444802403450012,-0.8,0.9297116994857788,0.04982982500041544
2.972960223740672,0.5172042022370311,0.5333198007969306,40.404332638945114,0.20538806915283203,-0.8,0.9278335571289062,0.050067146999936085
2.996888496616123,0.49870588525224585,0.5495998638075017,40.45109776768257,0.15551087260246277,-0.8,0.9360157251358032,0.04996190499969089
2.996888496616123,0.49870588525224585,0.5495998638075017,40.49778701134882,0.16732469201087952,-0.8,0.9331123232841492,0.05003603800014389
2.996888496616123,0.49870588525224585,0.5495998638075017,40.54426512747152,0.1791965365409851,-0.8,0.9302332997322083,0.0499639350000507
3.0260595446152356,0.5026204022520218,0.49239599622834085,40.59162919552936,0.09394332766532898,-0.7803645133972168,0.9480178952217102,0.04996115399990231
3.0260595446152356,0.5026204022520218,0.49239599622834085,40.63893184686104,0.10505612194538116,-0.788381040096283,0.9459145069122314,0.050007322000055865
3.0551877701941796,0.5493397676203948,0.4192520366479799,40.68644331629442,0.0,-0.7362679243087769,0.9505577683448792,0.04998272700049711
3.0551877701941796,0.5493397676203948,0.4192520366479799,40.71782182060546,0.005416169762611389,-0.6844537854194641,0.6266665458679199,0.0500720909994925
3.0551877701941796,0.5493397676203948,0.4192520366479799,40.74847194808128,0.006683915853500366,-0.6832022070884705,0.613871693611145,0.04992920800032152
3.076207786309657,0.508529926072567,0.33960581687381663,40.791381687602176,0.017919331789016724,-0.710449755191803,0.8551475405693054,0.05017817099997046
3.076207786309657,0.508529926072567,0.33960581687381663,40.83361103265847,0.02226811647415161,-0.710758626461029,0.8473487496376038,0.049837030000162486
3.076207786309657,0.508529926072567,0.33960581687381663,40.877196161165074,0.02650591731071472,-0.7107619047164917,0.8399369120597839,0.05189095500008989
3.111636369405001,0.5156383221207549,0.2493125700803086,40.920716741692566,0.0,-0.7118934392929077,0.9043298959732056,0.04812467299962009
3.111636369405001,0.5156383221207549,0.2493125700803086,40.96545924942119,0.0003187507390975952,-0.7078493237495422,0.8947048187255859,0.050008121999781
3.111636369405001,0.5156383221207549,0.2493125700803086,41.0096769159961,0.003595784306526184,-0.7052789330482483,0.884631335735321,0.049984287000370387
3.1238581964148606,0.5167623452600173,0.16057481897287051,41.055689835281555,0.009526327252388,-0.7094113230705261,0.9202824234962463,0.04999869399944146
3.1238581964148606,0.5167623452600173,0.16057481897287051,41.10122226706325,0.012845233082771301,-0.7050420641899109,0.9106238484382629,0.05000136100079544
3.1378853646550064,0.5127326341747275,0.07725901416870501,41.1489617370979,0.010618239641189575,-0.7242940068244934,0.9549606442451477,0.049991033999504
3.1378853646550064,0.5127326341747275,0.07725901416870501,41.19638016370874,0.013565883040428162,-0.7190661430358887,0.9475262761116028,0.05004444499991223
3.1378853646550064,0.5127326341747275,0.07725901416870501,41.243328676713716,0.016468599438667297,-0.7137407064437866,0.9397290349006653,0.04995962800057896
3.1570654574458907,0.5139069913721919,-0.004204705960930883,41.291989714223355,0.014745548367500305,-0.7354534864425659,0.9734731912612915,0.049987033999968844
3.1570654574458907,0.5139069913721919,-0.004204705960930883,41.340324275155844,0.017686590552330017,-0.7300175428390503,0.9659995436668396,0.05003580099946703
3.1570654574458907,0.5139069913721919,-0.004204705960930883,41.38827079123982,0.02089722454547882,-0.7243831753730774,0.957980751991272,0.05004956100037816
3.181267458344465,0.5131898168775686,-0.07487188791067304,41.43740482449635,0.011599019169807434,-0.7413569092750549,0.9836482405662537,0.04995081699962611
3.181267458344465,0.5131898168775686,-0.07487188791067304,41.48622211229427,0.01472201943397522,-0.7367540001869202,0.9767200350761414,0.04998083999998926
3.181267458344465,0.5131898168775686,-0.07487188791067304,41.5347316534436,0.01796862483024597,-0.7321681976318359,0.969205915927887,0.05005081000035716
3.194195111106896,0.5097168950812472,-0.1441211421903065,41.5844212888397,0.01864318549633026,-0.7535538673400879,0.9952055215835571,0.04992901900004654
3.194195111106896,0.5097168950812472,-0.1441211421903065,41.634685348448016,0.02158603072166443,-0.7506052255630493,0.9889243245124817,0.05082700299954013
3.20849139787559,0.5073960399459667,-0.21501044813903453,41.68343199698753,0.028684541583061218,-0.7433503270149231,0.9908106923103333,0.04919875100040372
3.20849139787559,0.5073960399459667,-0.21501044813903453,41.73292734495363,0.03164191544055939,-0.7406505942344666,0.9848529696464539,0.05025658599970484
3.20849139787559,0.5073960399459667,-0.21501044813903453,41.78173689030878,0.034671440720558167,-0.7380540370941162,0.9784908890724182,0.0498824730002525
3.2103396930614108,0.5010854874684947,-0.2940965154370391,41.83038077195329,0.05243297666311264,-0.7195568680763245,0.975655734539032,0.04985762900014379
3.2103396930614108,0.5010854874684947,-0.2940965154370391,41.87890119572438,0.05729416012763977,-0.7183637619018555,0.9696407914161682,0.05003958599991165
3.2103396930614108,0.5010854874684947,-0.2940965154370391,41.92717101271766,0.06525114923715591,-0.7171022295951843,0.9663071036338806,0.049952874000155134
3.219756507891593,0.4977864338569593,-0.36998381430053157,41.975615140544434,0.06996075063943863,-0.7064918875694275,0.9673144817352295,0.05008105299930321
3.219756507891593,0.4977864338569593,-0.36998381430053157,42.024197875303784,0.08070855587720871,-0.7032299637794495,0.9668368697166443,0.05024915400008467
3.232271358415275,0.48722531272449665,-0.4564515907742502,42.07387345830374,0.047702476382255554,-0.596015989780426,1.0,0.049675582999952894
3.232271358415275,0.48722531272449665,-0.4564515907742502,42.123873654303665,0.05801796913146973,-0.6013802886009216,1.0,0.05000019599992811
3.232271358415275,0.48722531272449665,-0.4564515907742502,42.173810876184994,0.06903724372386932,-0.6083963513374329,0.9930227398872375,0.05028809500072384
3.2316343475216054,0.48056648829518256,-0.5354361320106381,42.22456849672938,0.08793558180332184,-0.5716020464897156,0.9951676726341248,0.051004088999434316
3.2316343475216054,0.48056648829518256,-0.5354361320106381,42.27326315893804,0.09819234162569046,-0.5779910683631897,0.9912180304527283,0.04912608599988744
3.2316343475216054,0.48056648829518256,-0.5354361320106381,42.3223226905686,0.10799384117126465,-0.5841290950775146,0.9873961806297302,0.04968576200008101
3.2470721537191274,0.4699941921782782,-0.6100115149316582,42.37203838242457,0.04283611476421356,0.625111997127533,0.9961878657341003,0.04990593999991688
3.2470721537191274,0.4699941921782782,-0.6100115149316582,42.42226488544263,0.046920254826545715,0.6261897683143616,0.9969948530197144,0.05037789600010001
3.2470721537191274,0.4699941921782782,-0.6100115149316582,42.47183639780978,0.050741180777549744,0.6272265911102295,0.9978340268135071,0.049679116000334034
3.250613393895058,0.46041448358192144,-0.6867311303748737,42.52144988630987,0.03648385405540466,0.6368363499641418,0.9939440488815308,0.04991577599957964
3.250613393895058,0.46041448358192144,-0.6867311303748737,42.57122176693414,0.04046793282032013,0.6393771767616272,0.99432772397995,0.05005581100067502
3.253425647317145,0.4524984630906826,-0.7615496903926313,42.62076758276186,0.028092041611671448,0.6435804963111877,0.9913364052772522,0.0499788119996083
3.253425647317145,0.4524984630906826,-0.7615496903926313,42.67035582306794,0.032070472836494446,0.6461178064346313,0.9917196035385132,0.05000227900018217
3.253425647317145,0.4524984630906826,-0.7615496903926313,42.719955100843556,0.03605245053768158,0.6486572623252869,0.9921031594276428,0.04999407299965242
3.270430462539411,0.4753729933246522,-0.7845191286586652,42.77019674108888,0.027958035469055176,0.6226067543029785,0.995764970779419,0.05045531999985542
3.270430462539411,0.4753729933246522,-0.7845191286586652,42.81954450216267,0.03186735510826111,0.6249843239784241,0.9957966208457947,0.04955606400017132
3.270430462539411,0.4753729933246522,-0.7845191286586652,42.869318678012554,0.03570707142353058,0.6273193955421448,0.9958276152610779,0.04998272300053941
3.270430462539411,0.4753729933246522,-0.7845191286586652,42.91909603523428,0.039580121636390686,0.6296749114990234,0.9958587884902954,0.04998435299967241
3.270430462539411,0.4753729933246522,-0.7845191286586652,42.96887910048703,0.04345320165157318,0.6320304274559021,0.9958900809288025,0.04998851399977866
3.270430462539411,0.4753729933246522,-0.7845191286586652,43.01872160503658,0.046931177377700806,0.6343066096305847,0.9958418011665344,0.05005062500003987
3.2613068158383474,0.4830173740831633,-0.6959999873864952,43.06868379703642,0.08060212433338165,0.5694127678871155,1.0,0.04996219199983898
3.2613068158383474,0.4830173740831633,-0.6959999873864952,43.11878924603693,0.08480346202850342,0.560931384563446,1.0,0.050105449000511726
3.2371576024854702,0.4846203647739711,-0.6396666243136447,43.16868309203651,0.17557735741138458,-0.03265252709388733,1.0,0.049893845999577024
3.2371576024854702,0.4846203647739711,-0.6396666243136447,43.21928063303708,0.17890630662441254,-0.0577336847782135,1.0,0.050597541000570345
3.2371576024854702,0.4846203647739711,-0.6396666243136447,43.2687225060366,0.1822313368320465,-0.08330094814300537,1.0,0.049441872999523184
3.2186250918686494,0.4878020845683441,-0.5891109451831458,43.31871852203708,0.2111128270626068,-0.39843031764030457,1.0,0.04999601600047754
3.2186250918686494,0.4878020845683441,-0.5891109451831458,43.368657369036875,0.21471384167671204,-0.39934173226356506,1.0,0.049938846999793896
3.1898579079695524,0.4978034606878509,-0.5410785879045593,43.41866172903642,0.27034661173820496,-0.480546236038208,1.0,0.05000435999954789
3.1898579079695524,0.4978034606878509,-0.5410785879045593,43.46867684303684,0.27300673723220825,-0.48065245151519775,1.0,0.05001511400041636
3.1898579079695524,0.4978034606878509,-0.5410785879045593,43.51867935303685,0.2756415903568268,-0.4808084964752197,1.0,0.05000251000001299
3.1871369959124127,0.4921655725591256,-0.5017562120548611,43.568756063037064,0.27827781438827515,-0.4742047190666199,1.0,0.05007671000021219
3.1871369959124127,0.4921655725591256,-0.5017562120548611,43.618697666036816,0.28085118532180786,-0.47454583644866943,1.0,0.04994160299975192
3.1871369959124127,0.4921655725591256,-0.5017562120548611,43.6711280010371,0.28353428840637207,-0.4748401641845703,1.0,0.05243033500028105
3.1871369959124127,0.4921655725591256,-0.5017562120548611,43.718755471036594,0.2863392233848572,-0.475500226020813,1.0,0.04762746999949741
3.1871369959124127,0.4921655725591256,-0.5017562120548611,43.769522681036825,0.2888842523097992,-0.47618722915649414,1.0,0.05076721000023099
3.1871369959124127,0.4921655725591256,-0.5017562120548611,43.81871082803659,0.2915971279144287,-0.47691911458969116,1.0,0.04918814699976792
3.1871369959124127,0.4921655725591256,-0.5017562120548611,43.868707137037156,0.29422566294670105,-0.4776284694671631,1.0,0.04999630900056218
3.1871369959124127,0.4921655725591256,-0.5017562120548611,43.918748929036475,0.29689741134643555,-0.4783492684364319,1.0,0.050041791999319685
3.1871369959124127,0.4921655725591256,-0.5017562120548611,43.96868217003644,0.29957151412963867,-0.4790707230567932,1.0,0.049933240999962436
3.1871369959124127,0.4921655725591256,-0.5017562120548611,44.01882122103721,0.30172598361968994,-0.4799392819404602,1.0,0.05013905100076954
3.1871369959124127,0.4921655725591256,-0.5017562120548611,44.0686835510372,0.3039015531539917,-0.4806755781173706,1.0,0.04986232999999629
3.263680325993728,0.476219398312503,-0.5949393110465873,44.11878806803666,0.16314032673835754,0.18169951438903809,1.0,0.05010451699945406
3.263680325993728,0.476219398312503,-0.5949393110465873,44.1687034130367,0.16700254380702972,0.16748222708702087,1.0,0.04991534500004491
3.263680325993728,0.476219398312503,-0.5949393110465873,44.218789997037085,0.17085044085979462,0.1533184051513672,1.0,0.05008658400038257
3.2890969574191478,0.4544684728707057,-0.6487980610174959,44.268110723379586,0.051749929785728455,0.6713561415672302,0.9887641072273254,0.049881185999765876
3.2890969574191478,0.4544684728707057,-0.6487980610174959,44.31755071026535,0.054792702198028564,0.6740065217018127,0.9885698556900024,0.05001162699954875
3.2890969574191478,0.4544684728707057,-0.6487980610174959,44.367811552125126,0.05806652456521988,0.6762850880622864,0.9881940484046936,0.05086130800009414
3.3078959654663684,0.42738699076834175,-0.7200287115337616,44.41584861556109,0.0,0.6595549583435059,0.9742547273635864,0.049306472000353097
3.3078959654663684,0.42738699076834175,-0.7200287115337616,44.464685922168556,0.0,0.6617864966392517,0.9737698435783386,0.05015282299973478
3.3078959654663684,0.42738699076834175,-0.7200287115337616,44.51309396006848,0.0,0.6642693877220154,0.9733545780181885,0.04973320000044623
3.334009932409956,0.4196023753189175,-0.7820616433499745,44.56217299050892,0.0,0.6190475821495056,0.9660153388977051,0.050805642999876
3.334009932409956,0.4196023753189175,-0.7820616433499745,44.609624639808935,0.0,0.621876060962677,0.9656074643135071,0.049141759000121965
3.3484679936880632,0.39849953795035803,-0.7719791107469453,44.65739252238177,0.0,0.5989357233047485,0.9553831219673157,0.04999866700018174
3.3484679936880632,0.39849953795035803,-0.7719791107469453,44.70531862044234,0.0,0.6003801822662354,0.9554412364959717,0.050161219999608875
3.3484679936880632,0.39849953795035803,-0.7719791107469453,44.756291084695675,0.0,0.6018291115760803,0.9554995894432068,0.05334640099954413
3.3484679936880632,0.39849953795035803,-0.7719791107469453,44.800780327058675,0.0,0.6033702492713928,0.9555615782737732,0.04655821600044874
3.3484679936880632,0.39849953795035803,-0.7719791107469453,44.84856237928339,0.0,0.6047153472900391,0.955615758895874,0.05000132300028781
3.3484679936880632,0.39849953795035803,-0.7719791107469453,44.89965181036489,0.0,0.6061601042747498,0.9556739330291748,0.05345906099955755
3.3383463554227566,0.39654690272557935,-0.6988249269318524,44.94426685441162,0.0,0.628037691116333,0.9597662687301636,0.04648532200008049
3.3383463554227566,0.39654690272557935,-0.6988249269318524,44.99254259049615,0.0,0.6305503845214844,0.9592256546020508,0.050327820000347856
3.331139700984466,0.4010409254117457,-0.6474032518389101,45.0403973336381,0.0,0.6496691703796387,0.9627330899238586,0.049707176000083564
3.331139700984466,0.4010409254117457,-0.6474032518389101,45.088570747011076,0.0,0.6518890857696533,0.9621397256851196,0.05006904099991516
3.331139700984466,0.4010409254117457,-0.6474032518389101,45.136525961506706,0.0,0.654123842716217,0.9615426659584045,0.04987320500003989
3.3168614719753506,0.40794183478816165,-0.6043949355738594,45.18487657922453,0.0,0.6804748177528381,0.96554034948349,0.05007622699940839
3.3168614719753506,0.40794183478816165,-0.6043949355738594,45.2330614831391,0.002764403820037842,0.682867169380188,0.9649224877357483,0.04993655399994168
3.3168614719753506,0.40794183478816165,-0.6043949355738594,45.281330516075855,0.0076367855072021484,0.6852510571479797,0.964306652545929,0.05005568800061155
3.320001010475,0.4188898472550258,-0.5409976679782729,45.32972960830435,0.009637847542762756,0.6835635304450989,0.9695873260498047,0.04991720799989707
3.320001010475,0.4188898472550258,-0.5409976679782729,45.37827110171854,0.014531627297401428,0.6859580874443054,0.9689688086509705,0.05009603300004528
3.3167418550503043,0.41187070152746147,-0.47164919621005036,45.42668165423166,0.01890014111995697,0.6928077936172485,0.9694955348968506,0.04993375499998365
3.3167418550503043,0.41187070152746147,-0.47164919621005036,45.47516225938041,0.02379530668258667,0.6952030062675476,0.9688769578933716,0.05003793800005951
3.3167418550503043,0.41187070152746147,-0.47164919621005036,45.523698010271744,0.028697490692138672,0.6976017355918884,0.9682573676109314,0.05012691100000666
3.309231639885195,0.4149432470822548,-0.4001004949105212,45.57208759079763,0.05638383328914642,0.7136252522468567,0.9703344106674194,0.04986897299932025
3.309231639885195,0.4149432470822548,-0.4001004949105212,45.62048743808468,0.062000468373298645,0.7169476747512817,0.9689422845840454,0.0499512180003876
3.309231639885195,0.4149432470822548,-0.4001004949105212,45.66907924598431,0.06733505427837372,0.7199479937553406,0.9675852656364441,0.05021966500044073
3.293105045812883,0.4216904262299432,-0.34000867686350206,45.71722163183764,0.1306406557559967,0.7533804774284363,0.9657971262931824,0.049847306999254215
3.293105045812883,0.4216904262299432,-0.34000867686350206,45.76544433815201,0.13573963940143585,0.7562183737754822,0.9645941853523254,0.04999274000056175
3.2965945351369887,0.41825582299221825,-0.2659660515009931,45.81376994090103,0.12292918562889099,0.7501134276390076,0.9668143391609192,0.049984366999524354
3.2965945351369887,0.41825582299221825,-0.2659660515009931,45.86229635437037,0.12786303460597992,0.7528504133224487,0.9656247496604919,0.05025390399987373
3.2965945351369887,0.41825582299221825,-0.2659660515009931,45.910396784288274,0.13257595896720886,0.7557005286216736,0.9644973874092102,0.04987098000037804
3.3007390001194743,0.4109767439871641,-0.1914534790395528,45.958607313318204,0.11226177215576172,0.7481587529182434,0.9662624001502991,0.049893827000232704
3.3007390001194743,0.4109767439871641,-0.1914534790395528,46.00699728171379,0.11678534746170044,0.7510567903518677,0.965186357498169,0.05013536299975385
3.3007390001194743,0.4109767439871641,-0.1914534790395528,46.05506997427088,0.12132593989372253,0.7539654970169067,0.9641062617301941,0.04986244199972134
3.3284178873616415,0.4014630063581262,-0.11359407632951983,46.10360264255253,0.02900014817714691,0.7056521773338318,0.9701727032661438,0.05002477200014255
3.3284178873616415,0.4014630063581262,-0.11359407632951983,46.15207180147207,0.032786399126052856,0.7079097628593445,0.9696244597434998,0.0499875579998843
3.3284178873616415,0.4014630063581262,-0.11359407632951983,46.200523608139115,0.036567628383636475,0.710164487361908,0.969076931476593,0.0499978950001605
3.3704982766412748,0.39785262693321766,-0.044630277899395276,46.248902284762764,0.0,0.6625158786773682,0.959771454334259,0.05040645500048413
3.3704982766412748,0.39785262693321766,-0.044630277899395276,46.296437418866354,0.0,0.6632868647575378,0.960044801235199,0.04951345399967977
3.3576820854850347,0.38779891470067224,0.046186990977882904,46.34606550519305,0.0,0.6791884899139404,0.9622299671173096,0.05157611799950246
3.3576820854850347,0.38779891470067224,0.046186990977882904,46.39275958500256,0.0,0.6798957586288452,0.9625122547149658,0.04851271200004703
3.3576820854850347,0.38779891470067224,0.046186990977882904,46.442521840112605,0.0,0.680561363697052,0.9627780318260193,0.051686114000403904
3.355052860680199,0.38393399915399146,0.11648726172936721,46.48898870189244,0.0,0.6882364153862,0.9626479744911194,0.048269838000123855
3.355052860680199,0.38393399915399146,0.11648726172936721,46.552610468881284,0.0,0.6888852715492249,0.9629114866256714,0.06607229000019288
3.355052860680199,0.38393399915399146,0.11648726172936721,46.58593815701764,0.0,0.689719021320343,0.9632667899131775,0.03459860599923559
3.377002236451834,0.38509601435798185,0.17969635739340534,46.633227574376406,0.0,0.6870000958442688,0.9533302187919617,0.0496044460005578
3.377002236451834,0.38509601435798185,0.17969635739340534,46.68068274351258,0.0,0.6875414848327637,0.9535832405090332,0.04976510399956169
3.377002236451834,0.38509601435798185,0.17969635739340534,46.73173789117032,0.0,0.6882909536361694,0.9537507891654968,0.053530910000517906
3.3818919300638073,0.3793956081827588,0.222879359206226,46.77586668324718,0.0,0.6937338709831238,0.9490242004394531,0.04649912199965911
3.3818919300638073,0.3793956081827588,0.222879359206226,46.82377715356686,0.0,0.6945981979370117,0.9489408731460571,0.050488361999668996
3.3818919300638073,0.3793956081827588,0.222879359206226,46.870986661905256,0.0,0.695536196231842,0.9488502740859985,0.049754434000533365
3.369711298270694,0.36683819698314757,0.2888660057734754,46.9193926699853,0.0,0.7035197615623474,0.9496313333511353,0.05097347399987484
3.369711298270694,0.36683819698314757,0.2888660057734754,46.96569746382377,0.0,0.7039430141448975,0.9494536519050598,0.048769936000098824
3.361660959531599,0.35622823659417363,0.347315582241358,47.01314603071347,0.00777021050453186,0.7065329551696777,0.947192907333374,0.05009387900008733
3.361660959531599,0.35622823659417363,0.347315582241358,47.06041749216289,0.009490206837654114,0.706850528717041,0.9468523859977722,0.04992484800004604
3.361660959531599,0.35622823659417363,0.347315582241358,47.11113972354991,0.011203721165657043,0.707166850566864,0.9465131163597107,0.05358851399978448
3.368617393344085,0.3593469834240508,0.4063052797055893,47.154859483447396,0.010135248303413391,0.7074152827262878,0.9435636401176453,0.04633472299974528
3.368617393344085,0.3593469834240508,0.4063052797055893,47.20438894865288,0.011736199259757996,0.7076625227928162,0.9432511329650879,0.05250930900001549
3.368617393344085,0.3593469834240508,0.4063052797055893,47.24918099352024,0.013550207018852234,0.7079423666000366,0.9428970813751221,0.04750470199996926
3.3750751591573653,0.35835325517799144,0.4735280442541542,47.296253830222845,0.015060141682624817,0.706091582775116,0.9373571276664734,0.050218678999954136
3.3750751591573653,0.35835325517799144,0.4735280442541542,47.34297244531053,0.01676894724369049,0.7064043879508972,0.9369810819625854,0.049860787999932654
3.3635234351114196,0.3482298138721018,0.5423652709806144,47.38993620831346,0.04605935513973236,0.7021040320396423,0.9375970363616943,0.050089496000509826
3.3635234351114196,0.3482298138721018,0.5423652709806144,47.43657212338983,0.04762980341911316,0.7019826173782349,0.9367614388465881,0.04978419599956396
3.3635234351114196,0.3482298138721018,0.5423652709806144,47.4864535146401,0.0492028146982193,0.7018660306930542,0.9359745979309082,0.053293531000235816
3.3706121293138525,0.33814701690469484,0.6276029492410371,47.532630041506806,0.059626080095767975,0.6870529651641846,0.9350179433822632,0.04938571200000297
3.3706121293138525,0.33814701690469484,0.6276029492410371,47.57856222036176,0.06142584979534149,0.686180591583252,0.9346072673797607,0.0491459679997206
3.3706121293138525,0.33814701690469484,0.6276029492410371,47.626019601446075,0.06321605294942856,0.6853130459785461,0.934198796749115,0.05080008799995994
3.4248360877599406,0.3461470868442686,0.7048763587148159,47.67229497546228,0.008298605680465698,0.6664988994598389,0.927991509437561,0.049866160999954445
3.4248360877599406,0.3461470868442686,0.7048763587148159,47.71639396137282,0.009958460927009583,0.6656374335289001,0.9271402955055237,0.04756452300080127
3.418222850980601,0.33777867890979263,0.7684959637607275,47.76286368386286,0.03664939105510712,0.6495979428291321,0.9292506575584412,0.0500077369997598
3.418222850980601,0.33777867890979263,0.7684959637607275,47.80934458380411,0.038287967443466187,0.6487192511558533,0.9288290143013,0.050042472000313865
3.418222850980601,0.33777867890979263,0.7684959637607275,47.85588194132566,0.039775773882865906,0.6478249430656433,0.9284000992774963,0.05012640299992199
3.419968110561584,0.33626796176233026,0.8456342298926698,47.90233901233418,0.05515098571777344,0.6341153979301453,0.9325588941574097,0.04981676899933518
3.419968110561584,0.33626796176233026,0.8456342298926698,47.949076566738434,0.0566379651427269,0.6332215070724487,0.9321302175521851,0.050140585000008286
3.419968110561584,0.33626796176233026,0.8456342298926698,47.99547103198951,0.058134034276008606,0.6323222517967224,0.9316990971565247,0.04979554600049596
3.4329783505095985,0.3447807651058146,0.924575779546973,48.04240653245726,0.0545850470662117,0.6254084706306458,0.9361670613288879,0.050135816999500094
3.4329783505095985,0.3447807651058146,0.924575779546973,48.08907066101631,0.055686645209789276,0.6240067481994629,0.9353891611099243,0.04988739500004158
3.4329783505095985,0.3447807651058146,0.924575779546973,48.13589848613407,0.057046182453632355,0.6231050491333008,0.9345676302909851,0.05010640599994076
3.459819327908572,0.35721881430897773,0.9898236621892592,48.18313470381841,0.03766191005706787,0.6317920088768005,0.9429337978363037,0.05009494600017206
3.459819327908572,0.35721881430897773,0.9898236621892592,48.23014023145387,0.03850562870502472,0.630248486995697,0.9421711564064026,0.049890645999767
3.475876380218964,0.3571519090917698,1.0828109622495605,48.27760343933898,0.046472132205963135,0.6221333146095276,0.9501876831054688,0.049951403000704886
3.475876380218964,0.3571519090917698,1.0828109622495605,48.325107155081064,0.04769130051136017,0.6203702092170715,0.9493891596794128,0.05003608399965742
3.475876380218964,0.3571519090917698,1.0828109622495605,48.37253839704353,0.04876285791397095,0.6186116933822632,0.9485276341438293,0.05000512399965373
3.483414343147014,0.3554902844722611,1.1394915527420486,48.420127457422105,0.05729898810386658,0.610888659954071,0.9514423608779907,0.05001780700058589
3.483414343147014,0.3554902844722611,1.1394915527420486,48.487380360046494,0.058346524834632874,0.6090046763420105,0.9505301117897034,0.07075304799946025
3.483414343147014,0.3554902844722611,1.1394915527420486,48.51522645138369,0.05982685089111328,0.606342077255249,0.949241042137146,0.029335111000364122
3.496957570994184,0.35216036345424545,1.198716090699316,48.56264907903067,0.06645198166370392,0.5971636772155762,0.9523522257804871,0.04979526100032672
3.496957570994184,0.35216036345424545,1.198716090699316,48.61030552249947,0.06741057336330414,0.5952865481376648,0.9514121413230896,0.0500902199992197
3.4899135225855633,0.36209668906337067,1.2343604332298874,48.65781269167079,0.07087855041027069,0.5979812741279602,0.9520136713981628,0.049901772000339406
3.4899135225855633,0.36209668906337067,1.2343604332298874,48.70563979149759,0.07181592285633087,0.5961996912956238,0.9511690139770508,0.05028244100049051
3.4899135225855633,0.36209668906337067,1.2343604332298874,48.75298087595148,0.07298174500465393,0.5947246551513672,0.950575053691864,0.049802573999841115
3.4899135225855633,0.36209668906337067,1.2343604332298874,48.80101457402426,0.07434289157390594,0.5935142040252686,0.95008385181427,0.05055732499931764
3.4994151151650192,0.3608772461931303,1.2917062805478334,48.84796837247225,0.08550868928432465,0.5851605534553528,0.9512388706207275,0.04936068100050761
3.4994151151650192,0.3608772461931303,1.2917062805478334,48.89553161830927,0.08788090944290161,0.5839766263961792,0.9506543874740601,0.05003211100029148
3.5108335309833367,0.3495357200957429,1.357374103810407,48.94312173903451,0.13329291343688965,0.5682982802391052,0.9491706490516663,0.05013863499971194
3.5108335309833367,0.3495357200957429,1.357374103810407,48.99048540897478,0.13581210374832153,0.5670852065086365,0.9484168291091919,0.04993971899966709
3.514817698382757,0.34292653305475856,1.4202870767272922,49.03777160541984,0.17858991026878357,0.5555571913719177,0.9470862746238708,0.04992807700000412
3.514817698382757,0.34292653305475856,1.4202870767272922,49.085037767363595,0.182841956615448,0.5563657283782959,0.9453343749046326,0.049999411000499094
3.514817698382757,0.34292653305475856,1.4202870767272922,49.13228189806308,0.18720440566539764,0.5571046471595764,0.9436278343200684,0.05006648699963989
3.5180034157124087,0.3475567694475111,1.4751156497098807,49.17941167112727,0.2057785540819168,0.5532786250114441,0.9436354041099548,0.049944897000386845
3.5180034157124087,0.3475567694475111,1.4751156497098807,49.2265034662749,0.20974315702915192,0.5538356900215149,0.9421228170394897,0.049984772999778215
3.5180034157124087,0.3475567694475111,1.4751156497098807,49.2736078996431,0.2137073427438736,0.5544899106025696,0.9406929612159729,0.05007418500008498
3.5271860338041106,0.3611333451020343,1.5389432065435154,49.32077398716533,0.2131785899400711,0.548559844493866,0.9448716044425964,0.049917985999854864
3.5271860338041106,0.3611333451020343,1.5389432065435154,49.3681002422389,0.21623221039772034,0.5468461513519287,0.94417804479599,0.050124291000429366
3.5271860338041106,0.3611333451020343,1.5389432065435154,49.415116699031806,0.22039049863815308,0.5475033521652222,0.9427221417427063,0.04987307999999757
3.536223044974543,0.37128605168791473,1.5901730848337514,49.46233663730901,0.22515682876110077,0.5471014976501465,0.9435768723487854,0.05004355199980637
3.536223044974543,0.37128605168791473,1.5901730848337514,49.509446594964665,0.228230819106102,0.5453810095787048,0.9429333209991455,0.04996106999988115
3.5437840887526644,0.37961036411414917,1.6579477578975657,49.55662982866212,0.24528339505195618,0.551016628742218,0.9433748126029968,0.05001536300005682
3.5437840887526644,0.37961036411414917,1.6579477578975657,49.603791220019744,0.24880962073802948,0.547967791557312,0.9424629807472229,0.05004057699989062
3.5437840887526644,0.37961036411414917,1.6579477578975657,49.65091592878944,0.2523341774940491,0.5449202656745911,0.9415516257286072,0.05005005299972254
3.5478576567482634,0.3831768157921672,1.7350003441551567,49.69788746671825,0.2854662537574768,0.5436388254165649,0.9411712288856506,0.04990753699985362
3.5478576567482634,0.3831768157921672,1.7350003441551567,49.74494048442941,0.289050817489624,0.5403046011924744,0.9401949048042297,0.050046025000483496
3.5478576567482634,0.3831768157921672,1.7350003441551567,49.79182262480307,0.2933226227760315,0.5393208265304565,0.9385046362876892,0.0499540849996265
3.549698768863954,0.3740738717936076,1.7952091518252478,49.83812658366097,0.3490065634250641,0.5343359112739563,0.925850510597229,0.050012349000098766
3.549698768863954,0.3740738717936076,1.7952091518252478,49.8843105779936,0.35170483589172363,0.5335564613342285,0.9235443472862244,0.05000733799988666
3.549698768863954,0.3740738717936076,1.7952091518252478,49.93035740320198,0.35439610481262207,0.5327791571617126,0.9212441444396973,0.049983302999862644
3.5480229550717244,0.41017239817324425,1.8585595789606104,49.97735200903365,0.30721068382263184,0.551490306854248,0.940768837928772,0.04995340400000714
3.5480229550717244,0.41017239817324425,1.8585595789606104,50.02436640293316,0.30929040908813477,0.5478166937828064,0.9393392205238342,0.05005049600003986
3.547661117556824,0.42850407670898627,1.9185450962201276,50.07156522488024,0.2993025779724121,0.5582234263420105,0.9447556734085083,0.04995876000066346
3.547661117556824,0.42850407670898627,1.9185450962201276,50.11925271976567,0.3011963963508606,0.5545041561126709,0.9432741403579712,0.05055528699995193
3.547661117556824,0.42850407670898627,1.9185450962201276,50.16583915538992,0.30319610238075256,0.5506337881088257,0.9417740702629089,0.049466679000033764
3.547575180672529,0.4450341787264379,1.9915739058067274,50.21325196083211,0.2977321445941925,0.5539913773536682,0.947003185749054,0.05006615199999942
3.547575180672529,0.4450341787264379,1.9915739058067274,50.260465201473224,0.29937058687210083,0.5499051213264465,0.9456175565719604,0.04992847299945424
3.547575180672529,0.4450341787264379,1.9915739058067274,50.308305411211634,0.30100226402282715,0.5458362102508545,0.9442377686500549,0.050665427000240015
3.5449951527861527,0.461067569020087,2.0687775258312353,50.3552620600894,0.2940383553504944,0.5434345602989197,0.950779378414154,0.04938753399983398
3.5449951527861527,0.461067569020087,2.0687775258312353,50.40270039553344,0.295881450176239,0.5389938354492188,0.9495583176612854,0.04995831700034614
3.5468506830288957,0.4710867877255598,2.1503125499551405,50.447616726254104,0.4059044122695923,-0.6730594635009766,0.8960564732551575,0.05012667400023929
3.5468506830288957,0.4710867877255598,2.1503125499551405,50.491610339520236,0.4032360911369324,-0.6747143268585205,0.8821009993553162,0.049873668999680376
3.5468506830288957,0.4710867877255598,2.1503125499551405,50.53476551758908,0.39908021688461304,-0.6701328754425049,0.8626968860626221,0.050023570000121254
3.546783529292539,0.47905904547075795,2.233005787238452,50.57266835334329,0.36226850748062134,-0.6757504940032959,0.7582249045372009,0.049988908999694104
3.546783529292539,0.47905904547075795,2.233005787238452,50.60979025804418,0.35998767614364624,-0.67636638879776,0.7414881587028503,0.05006405600033759
3.546783529292539,0.47905904547075795,2.233005787238452,50.647887083711126,0.3577539324760437,-0.6769694685935974,0.7250962853431702,0.05254036799942696
3.536679646188773,0.5024169578607682,2.293422159295707,50.68100841705892,0.26869189739227295,-0.6822044849395752,0.6990424990653992,0.04738100100075826
3.536679646188773,0.5024169578607682,2.293422159295707,50.71527422069135,0.2670561671257019,-0.6836361289024353,0.6841617822647095,0.05008435799936706
3.536679646188773,0.5024169578607682,2.293422159295707,50.748633308848774,0.2647048234939575,-0.6831079125404358,0.6675839424133301,0.04996987800041097
3.536679646188773,0.5024169578607682,2.293422159295707,50.78342968953688,0.26237720251083374,-0.6824765205383301,0.6513754725456238,0.05341985099948943
3.536679646188773,0.5024169578607682,2.293422159295707,50.81296120292944,0.2599492371082306,-0.6818177103996277,0.6344685554504395,0.046545275000426045
3.536679646188773,0.5024169578607682,2.293422159295707,50.84397089096877,0.2578885853290558,-0.6812587380409241,0.6201199293136597,0.050005952999526926
3.522246740392226,0.5098405210284446,2.3050783652756404,50.87020386275424,0.17264167964458466,-0.6973350048065186,0.5250509977340698,0.04996271200070623
3.522246740392226,0.5098405210284446,2.3050783652756404,50.89572246716007,0.1706468164920807,-0.6966534852981567,0.5099531412124634,0.050041077000059886
3.5153656095552863,0.5669998262058034,2.2244170850948346,50.93271682991661,0.1351984739303589,-0.6965065002441406,0.7404918074607849,0.0499591789994156
3.5153656095552863,0.5669998262058034,2.2244170850948346,50.96848289610227,0.13104604184627533,-0.6987383961677551,0.7148701548576355,0.05003155600024911
3.5153656095552863,0.5669998262058034,2.2244170850948346,51.002972076845495,0.12703147530555725,-0.7008963227272034,0.6900994181632996,0.049977118999777304
3.506092114609327,0.5825894819664975,2.1304520208808175,51.039860142069465,0.08524337410926819,-0.7132956385612488,0.7376093864440918,0.05001029800041579
3.506092114609327,0.5825894819664975,2.1304520208808175,51.07545417827439,0.08110292255878448,-0.7155210971832275,0.71206134557724,0.04998731700015924
3.506092114609327,0.5825894819664975,2.1304520208808175,51.10985094312804,0.0771075040102005,-0.717668354511261,0.6874097585678101,0.05003822599974228
3.4854850164459688,0.6212125288536596,2.0298562539166958,51.145967313114376,0.019219696521759033,-0.6975805759429932,0.7231391668319702,0.04994387199985795
3.4854850164459688,0.6212125288536596,2.0298562539166958,51.181089481087724,0.019942432641983032,-0.6962103247642517,0.7015485763549805,0.05006377199970302
3.4736537575668933,0.6564058786097415,1.9351310600650287,51.224669836706056,0.00848861038684845,-0.6933597326278687,0.8730246424674988,0.04991881500063755
3.4736537575668933,0.6564058786097415,1.9351310600650287,51.26776496170193,0.011086076498031616,-0.6967718005180359,0.8603526949882507,0.050090067999917665
3.4736537575668933,0.6564058786097415,1.9351310600650287,51.31018691928313,0.013644590973854065,-0.7000980377197266,0.8478719592094421,0.05003344799933984
3.471109921449039,0.6847577991409858,1.8336914558679638,51.358008549160964,0.0,-0.7033822536468506,0.902391254901886,0.052994341000157874
3.471109921449039,0.6847577991409858,1.8336914558679638,51.399825976907906,0.0,-0.7057503461837769,0.8904047608375549,0.04696451500058174
3.471109921449039,0.6847577991409858,1.8336914558679638,51.44461754996003,0.0,-0.7078754305839539,0.8799031376838684,0.05090511799971864
3.4590550338555817,0.7235850880618251,1.7471954666150102,51.49139737077934,0.0,-0.7083472609519958,0.9535431861877441,0.04905894300009095
3.4590550338555817,0.7235850880618251,1.7471954666150102,51.538589757738485,0.0,-0.7107304334640503,0.9424329400062561,0.05007506099991588
3.455191786140269,0.7530887556134442,1.6728460201585358,51.58761349111416,0.0,-0.6957495212554932,0.981717050075531,0.04993672399996285
3.455191786140269,0.7530887556134442,1.6728460201585358,51.63612437778094,0.0,-0.69438236951828,0.9709383249282837,0.049962891999712156
3.455191786140269,0.7530887556134442,1.6728460201585358,51.68418840440157,0.0,-0.694767951965332,0.9595163464546204,0.050091931000679324
3.4609833741695573,0.7667421065843042,1.6029440653652136,51.73417166740094,0.0,-0.7085596919059753,1.0,0.049983262999376166
3.4609833741695573,0.7667421065843042,1.6029440653652136,51.78380580190427,0.0,-0.7025910019874573,0.9938288331031799,0.04994233700017503
3.4609833741695573,0.7667421065843042,1.6029440653652136,51.835437303541795,0.0,-0.6966174840927124,0.9842001795768738,0.052460365999650094
3.463555928388971,0.7869794629645679,1.5352617071880694,51.8830265515426,0.0,-0.7002626657485962,1.0,0.04758924800080422
3.463555928388971,0.7869794629645679,1.5352617071880694,51.93310227054192,0.0,-0.6955139636993408,1.0,0.050075718999323726
3.467395545654031,0.8093469184950964,1.457220890974786,51.98337216254188,0.0,-0.7923571467399597,1.0,0.05026989199996024
3.467395545654031,0.8093469184950964,1.457220890974786,52.03300611654234,0.0,-0.7912826538085938,1.0,0.04963395400045556
3.467395545654031,0.8093469184950964,1.457220890974786,52.08298359354197,0.0,-0.7870513200759888,1.0,0.04997747699962929
3.474646267860141,0.8257415498058838,1.3785221218499732,52.13302471654245,0.0,-0.7618709802627563,1.0,0.05004112300048291
3.474646267860141,0.8257415498058838,1.3785221218499732,52.182984017542395,0.0,-0.7721213698387146,1.0,0.04995930099994439
3.474646267860141,0.8257415498058838,1.3785221218499732,52.23305949654244,0.0,-0.7803823351860046,1.0,0.05007547900004283
3.4819546839177846,0.8407230505977308,1.314317134847743,52.28296274654261,0.0,-0.7103578448295593,1.0,0.049903250000170374
3.4819546839177846,0.8407230505977308,1.314317134847743,52.333043999542525,0.0,-0.7204765677452087,1.0,0.050081252999916614
3.4819546839177846,0.8407230505977308,1.314317134847743,52.38300666954186,0.0,-0.7306310534477234,1.0,0.04996266999933141
3.491781993345408,0.8599322132019711,1.2340474150640228,52.432995577542016,0.0,-0.5712873339653015,1.0,0.04998890800015943
3.491781993345408,0.8599322132019711,1.2340474150640228,52.48308596554219,0.0,-0.6196030974388123,1.0,0.050090388000171515
3.491781993345408,0.8599322132019711,1.2340474150640228,52.53299894254181,0.0,-0.6417822241783142,1.0,0.049912976999621606
3.499154407955545,0.8742230083539088,1.1592129329688796,52.58295991954222,0.0,-0.32185617089271545,1.0,0.04996097700040991
3.499154407955545,0.8742230083539088,1.1592129329688796,52.63304465654258,0.0,-0.36943840980529785,1.0,0.0500847370003612
3.5077213793831055,0.8761224710024619,1.0838570930629206,52.68298291654176,0.0,0.020787566900253296,1.0,0.049938259999180445
3.5077213793831055,0.8761224710024619,1.0838570930629206,52.7330335995421,0.0,-0.055541157722473145,1.0,0.050050683000335994
3.5077213793831055,0.8761224710024619,1.0838570930629206,52.78298223854202,0.0,-0.12926238775253296,1.0,0.04994863899992197
3.5161073360616952,0.8773873989856571,1.0043702358080224,52.83306122454181,0.0,0.33561334013938904,1.0,0.05007898599978944
3.5161073360616952,0.8773873989856571,1.0043702358080224,52.8829335605424,0.0,0.28897178173065186,1.0,0.04987233600058971
3.5255838256546195,0.8722167130771246,0.9211992402451805,52.932968990542605,0.0,0.5164539217948914,1.0,0.05003543000020727
3.5255838256546195,0.8722167130771246,0.9211992402451805,52.982956339314185,0.0,0.5146611332893372,0.9996422529220581,0.05000523799935763
3.5255838256546195,0.8722167130771246,0.9211992402451805,53.03292923159385,0.0,0.5129230618476868,0.9986671209335327,0.05003958900033467
3.5398801196813396,0.8771355103065893,0.8628407421790729,53.08272246399904,0.0,0.5615496039390564,0.9964236617088318,0.04997194899988244
3.5398801196813396,0.8771355103065893,0.8628407421790729,53.13254365607284,0.0,0.5607720017433167,0.9964495897293091,0.049998708000202896
3.5398801196813396,0.8771355103065893,0.8628407421790729,53.18231852108012,0.0,0.5589275360107422,0.9959179759025574,0.049978879999798664
3.5435180239803925,0.8766126444352181,0.8604648259671377,53.23205755847153,0.0,0.5684735774993896,0.9940159320831299,0.05003847100033454
3.5435180239803925,0.8766126444352181,0.8604648259671377,53.28178190365118,0.0,0.5684838891029358,0.9940811395645142,0.050020408999444044
3.5435180239803925,0.8766126444352181,0.8604648259671377,53.33142430350887,0.0,0.5676661133766174,0.9940412044525146,0.049939982000068994
3.5435180239803925,0.8766126444352181,0.8604648259671377,53.38108840856437,0.0,0.5651311278343201,0.9930978417396545,0.05000927699984459
3.5435180239803925,0.8766126444352181,0.8604648259671377,53.430728952963285,0.0,0.5625950694084167,0.9921542406082153,0.0500330920003762
3.5472754212087514,0.8749762302877162,0.9339837929483016,53.48030995826208,0.0,0.5673897862434387,0.9927382469177246,0.04994368400002713
3.5472754212087514,0.8749762302877162,0.9339837929483016,53.52994597453822,0.0,0.5642614960670471,0.9917482733726501,0.05004900699987047
3.5472754212087514,0.8749762302877162,0.9339837929483016,53.581145325572024,0.0,0.561396062374115,0.9907932281494141,0.05167511200033914
3.5472754212087514,0.8749762302877162,0.9339837929483016,53.629039713978585,0.0,0.5585542321205139,0.9898030161857605,0.04838779799956683
3.5472754212087514,0.8749762302877162,0.9339837929483016,53.67843189675027,0.0,0.5559813380241394,0.9888865351676941,0.049947270000302524
3.5472754212087514,0.8749762302877162,0.9339837929483016,53.727938327178926,0.0,0.5537649393081665,0.9878057241439819,0.0501175780000267
3.5200854676343334,0.8659381830199393,1.0376136579805608,53.777754212178515,0.02153715491294861,-0.6029864549636841,1.0,0.04981588499958889
3.5200854676343334,0.8659381830199393,1.0376136579805608,53.82763744687904,0.026373356580734253,-0.6122127771377563,0.9962599873542786,0.050070498999957636
3.5200854676343334,0.8659381830199393,1.0376136579805608,53.87713193087042,0.03121607005596161,-0.6214514970779419,0.9905675053596497,0.049965786000029766
3.5148635895309797,0.844070782792852,1.1017540126535506,53.92532526443478,0.06484122574329376,-0.6881201863288879,0.9621368646621704,0.050089893999938795
3.5148635895309797,0.844070782792852,1.1017540126535506,53.97334065103917,0.07164116203784943,-0.6911935210227966,0.9619060158729553,0.049916921000658476
3.5125614251261505,0.8322730661909696,1.1521104836655351,54.02135811332381,0.09354002773761749,-0.6893599629402161,0.960071861743927,0.050014445999295276
3.5125614251261505,0.8322730661909696,1.1521104836655351,54.06941644075164,0.10167473554611206,-0.6867409944534302,0.9603856205940247,0.05004065699995408
3.5125614251261505,0.8322730661909696,1.1521104836655351,54.11747514173737,0.10973045229911804,-0.6839624643325806,0.9608343839645386,0.050017674000628176
3.509755885461857,0.8329648371112942,1.1668755753759792,54.16580524909681,0.11732342839241028,-0.6908365488052368,0.9599559307098389,0.05034617299952515
3.509755885461857,0.8329648371112942,1.1668755753759792,54.21344291357252,0.12504740059375763,-0.6878735423088074,0.9604193568229675,0.049600899999859394
3.509755885461857,0.8329648371112942,1.1668755753759792,54.26145539357686,0.1318920999765396,-0.684726357460022,0.9609729051589966,0.04996236600072734
3.509755885461857,0.8329648371112942,1.1668755753759792,54.30956814804053,0.13879069685935974,-0.6815542578697205,0.961530864238739,0.050037659999361495
3.509755885461857,0.8329648371112942,1.1668755753759792,54.35768596856872,0.14570358395576477,-0.6783758997917175,0.9620897769927979,0.050013857000521966
3.5151198671634907,0.8449476506575424,1.0589283234111384,54.406092171251245,0.13812902569770813,-0.6580430269241333,0.9669341444969177,0.05006152999976621
3.5151198671634907,0.8449476506575424,1.0589283234111384,54.45448307164517,0.14527106285095215,-0.6548721790313721,0.9675124287605286,0.0500157919996127
3.5151198671634907,0.8449476506575424,1.0589283234111384,54.502865492081874,0.15158113837242126,-0.6522287130355835,0.9678319096565247,0.04999052000039228
3.524223268917741,0.8720178170082239,0.9838845960107887,54.55141307610963,0.10027715563774109,-0.6502941250801086,0.9711801409721375,0.04998823799996899
3.524223268917741,0.8720178170082239,0.9838845960107887,54.59990632645173,0.10565125197172165,-0.6529082655906677,0.9712766408920288,0.04992733099970792
3.524223268917741,0.8720178170082239,0.9838845960107887,54.651903026195065,0.11149978637695312,-0.6535100936889648,0.9717585444450378,0.05350783900030365
3.537134678940164,0.8962228625389449,0.8995101400921849,54.6983465217093,0.06816417723894119,-0.5518574714660645,0.9987823367118835,0.046500116999595775
3.537134678940164,0.8962228625389449,0.8995101400921849,54.74860359472479,0.07283729314804077,-0.5519165396690369,0.9979258179664612,0.05036153200035187
3.537134678940164,0.8962228625389449,0.8995101400921849,54.79807778625998,0.07789571583271027,-0.5516883730888367,0.9970820546150208,0.04961897700013651
3.5593103395014034,0.9101629509078422,0.8081580519565715,54.84683918320387,0.010511830449104309,0.6014488935470581,0.9743769764900208,0.05004366699995444
3.5593103395014034,0.9101629509078422,0.8081580519565715,54.895533372477615,0.015316829085350037,0.6049330830574036,0.9737723469734192,0.05000572199969611
3.5703132191141496,0.9327182812539885,0.7346775603676808,54.944473464813136,0.0,0.6260966062545776,0.9798560738563538,0.04994620500019664
3.5703132191141496,0.9327182812539885,0.7346775603676808,54.99346514890362,0.0,0.6289830803871155,0.9796833395957947,0.050007673000436625
3.5703132191141496,0.9327182812539885,0.7346775603676808,55.04246070300457,0.0,0.6318058967590332,0.9795101881027222,0.050020463999317144
3.615400186524353,0.9578426044757642,0.6661480553667646,55.090327023170374,0.0,0.6425972580909729,0.9576948285102844,0.049980765000327665
3.615400186524353,0.9578426044757642,0.6661480553667646,55.138176351706136,0.0,0.6451486945152283,0.9571297764778137,0.049992518999715685
3.615400186524353,0.9578426044757642,0.6661480553667646,55.18937682390938,0.0,0.6478073000907898,0.9565167427062988,0.053528045999883034
3.5937788299734583,0.9425100431904574,0.6283325359064027,55.23401792758747,0.0,0.6490787267684937,0.9605832695960999,0.04647291400033282
3.5937788299734583,0.9425100431904574,0.6283325359064027,55.28200128113524,0.0,0.6518619656562805,0.9600682258605957,0.04997910800011596
3.599496377181076,0.945934580315853,0.6442479455416417,55.3299672836371,0.0,0.6549233198165894,0.9587237238883972,0.050031099999614526
3.599496377181076,0.945934580315853,0.6442479455416417,55.377848580802564,0.0,0.6577704548835754,0.9582028388977051,0.04996989700066479
3.599496377181076,0.945934580315853,0.6442479455416417,55.42575152609393,0.0,0.6606647372245789,0.9576816558837891,0.0500196959992536
3.599496377181076,0.945934580315853,0.6442479455416417,55.47544616831026,0.0,0.6634734272956848,0.9571660757064819,0.05191851600011432
3.599496377181076,0.945934580315853,0.6442479455416417,55.5213939483725,0.0,0.6662532091140747,0.9565655589103699,0.048034115000518796
3.599496377181076,0.945934580315853,0.6442479455416417,55.56921176363129,0.0,0.6689494252204895,0.9559476375579834,0.05002137500014214
3.606588869858108,0.9487177142827361,0.7246328483748452,55.61714072015182,0.0,0.6805502772331238,0.9572979211807251,0.05006691799917462
3.606588869858108,0.9487177142827361,0.7246328483748452,55.66508043203697,0.0,0.6835159659385681,0.9567199349403381,0.05010840700015251
3.606588869858108,0.9487177142827361,0.7246328483748452,55.71275031087943,0.0,0.6864824891090393,0.9561420679092407,0.04985648100046092
3.6088510083883203,0.943429594733413,0.7625846914017198,55.760563166750515,0.0,0.6969442367553711,0.9562283158302307,0.050001505999716755
3.6088510083883203,0.943429594733413,0.7625846914017198,55.80827999302946,0.0,0.6992185711860657,0.955542802810669,0.04993688000013208
3.6088510083883203,0.943429594733413,0.7625846914017198,55.85614323367468,0.0,0.7015243172645569,0.9548925161361694,0.05012421799983713
3.6088510083883203,0.943429594733413,0.7625846914017198,55.903926543476345,0.0,0.7038488984107971,0.954316258430481,0.050070727999809606
3.5964426417759214,0.9407097056528293,0.8249028663279824,55.9519230360117,0.0,0.710884153842926,0.9622817635536194,0.04987779500061151
3.6010192949974598,0.9220026514575206,0.8940372074233754,55.999955453656625,0.016937538981437683,0.7348596453666687,0.9607024788856506,0.04999718299950473
3.6010192949974598,0.9220026514575206,0.8940372074233754,56.04792806801957,0.022341176867485046,0.7398439049720764,0.9599353075027466,0.049974841000221204
3.6010192949974598,0.9220026514575206,0.8940372074233754,56.09590687009112,0.0286242812871933,0.7449972033500671,0.9590080976486206,0.050029611000354635
3.5825476394171445,0.9264326037618068,0.958693239524148,56.144524840481466,0.06714463979005814,0.7349552512168884,0.972413182258606,0.049997234999864304
3.5825476394171445,0.9264326037618068,0.958693239524148,56.19301108605169,0.07438503205776215,0.7406283020973206,0.9706350564956665,0.04995311599941488
3.5807711424462356,0.9187469384505912,1.0394363712725514,56.24126647745202,0.11431708931922913,0.7325037121772766,0.9639759659767151,0.05005870800050616
3.5807711424462356,0.9187469384505912,1.0394363712725514,56.28914177127606,0.24631156027317047,0.6332127451896667,0.9573233723640442,0.0500095319994216
3.5807711424462356,0.9187469384505912,1.0394363712725514,56.337093181357474,0.2592870891094208,0.5376505255699158,0.959117591381073,0.04999534000035055
3.582412333153507,0.9187038418462904,1.1199672092723814,56.38486461549762,0.2578608989715576,0.6807546019554138,0.9554522633552551,0.04999876600049902
3.582412333153507,0.9187038418462904,1.1199672092723814,56.434387229440034,0.27086031436920166,0.5931803584098816,0.9559351801872253,0.05180540999936056
3.582412333153507,0.9187038418462904,1.1199672092723814,56.48046132783914,0.28181400895118713,0.511491596698761,0.9559080004692078,0.04819930200028466
3.5854277489282396,0.9133920201185185,1.2079033407600281,56.52803884370852,0.2821391820907593,0.23994338512420654,0.9527493715286255,0.04993707399989944
3.5854277489282396,0.9133920201185185,1.2079033407600281,56.57571651879262,0.2926839292049408,0.18046540021896362,0.9521231651306152,0.05007511300027545
3.5854277489282396,0.9133920201185185,1.2079033407600281,56.623264588499474,0.3036995530128479,0.11920535564422607,0.9515393972396851,0.049969627999416844
3.5847674241476093,0.9032293920813272,1.2768539645318358,56.67056397491243,0.33558976650238037,-0.2132566273212433,0.9467378854751587,0.04996038200079056
3.5847674241476093,0.9032293920813272,1.2768539645318358,56.718010545165704,0.3465215563774109,-0.26018497347831726,0.9469435811042786,0.05010495999977138
3.5963549702616118,0.9178869820148913,1.3372028366328104,56.76534609722214,0.3224870264530182,-0.0220717191696167,0.9470953345298767,0.04997971200009488
3.5963549702616118,0.9178869820148913,1.3372028366328104,56.812893729129485,0.33485984802246094,-0.08405336737632751,0.9457665085792542,0.050274176000129955
3.5963549702616118,0.9178869820148913,1.3372028366328104,56.8598245080561,0.3480337858200073,-0.1376437544822693,0.9452087879180908,0.04965122999965388
3.596084947976107,0.9315696051595478,1.4033259593038903,56.907477277586445,0.29865044355392456,-0.13618463277816772,0.9528288841247559,0.050011885999992955
3.596084947976107,0.9315696051595478,1.4033259593038903,56.95501313151732,0.3118292987346649,-0.1998765468597412,0.9517340064048767,0.04994657499992172
3.596084947976107,0.9315696051595478,1.4033259593038903,57.00586785718237,0.3246495723724365,-0.25795412063598633,0.9508469700813293,0.05348360700008925
3.597783376167142,0.9482115465594815,1.4504064821418412,57.050384556758296,0.3060814142227173,-0.32975512742996216,0.9541184306144714,0.04665741499957221
3.597783376167142,0.9482115465594815,1.4504064821418412,57.097932302271744,0.3171265721321106,-0.3842793107032776,0.9529807567596436,0.049893710000105784
3.597783376167142,0.9482115465594815,1.4504064821418412,57.1458464407531,0.3292688727378845,-0.44026219844818115,0.9532566666603088,0.05026362799981143
3.597783376167142,0.9482115465594815,1.4504064821418412,57.19332695074112,0.34225738048553467,-0.47765737771987915,0.9549459218978882,0.04972062700016977
3.597783376167142,0.9482115465594815,1.4504064821418412,57.24136312270534,0.35500603914260864,-0.47464317083358765,0.9537428617477417,0.0503659570003947
3.6034868072643165,0.966009288404222,1.4551654730655434,57.28871541872194,0.3085721731185913,-0.1329832673072815,0.9539956450462341,0.049635757000032754
3.6034868072643165,0.966009288404222,1.4551654730655434,57.33644642605606,0.3204502463340759,-0.2075721025466919,0.9516134858131409,0.05015797699979885
3.6034868072643165,0.966009288404222,1.4551654730655434,57.38538416224123,0.3323492407798767,-0.26707711815834045,0.9502208828926086,0.05150143199989543
3.6061772602134154,0.9849106920917945,1.4254738943190566,57.43181950212703,0.29403156042099,-0.03857421875,0.9574795365333557,0.0484974749997491
3.6061772602134154,0.9849106920917945,1.4254738943190566,57.47941724602111,0.30616870522499084,-0.10374230146408081,0.9550206661224365,0.049839491000057023
3.6061772602134154,0.9849106920917945,1.4254738943190566,57.52708984899965,0.31857556104660034,-0.17012426257133484,0.9525183439254761,0.050049013000716513
3.6208570050666906,1.020334886573108,1.380025879555368,57.575806306465665,0.25238925218582153,0.6892992854118347,0.9696491956710815,0.0502413219992377
3.6208570050666906,1.020334886573108,1.380025879555368,57.62386794432524,0.26616793870925903,0.5890220999717712,0.9660070538520813,0.04975288500008901
3.6256044475696148,1.0538920091603936,1.3302033308637504,57.672595214570066,0.12939921021461487,0.7628924250602722,0.9735967516899109,0.0500487190001877
3.6256044475696148,1.0538920091603936,1.3302033308637504,57.72112353321361,0.14398235082626343,0.7695137858390808,0.9722278714179993,0.049914551999791
3.6256044475696148,1.0538920091603936,1.3302033308637504,57.76974733240835,0.15890608727931976,0.774993360042572,0.9710012078285217,0.050075941000613966
3.6391216145168284,1.091661409209898,1.270542949984815,57.818616899384544,0.046005845069885254,0.717395007610321,0.9761779308319092,0.050062151000020094
3.6391216145168284,1.091661409209898,1.270542949984815,57.867263395562716,0.05868399143218994,0.7243906855583191,0.9753710627555847,0.049874860999807424
3.6391216145168284,1.091661409209898,1.270542949984815,57.916567365957725,0.0736609399318695,0.7327938675880432,0.9739166498184204,0.05062442500002362
3.650689363772168,1.1210396347275364,1.2360999024483164,57.96480021615428,9.150803089141846e-05,0.6922957301139832,0.9760410785675049,0.049416824000218185
3.650689363772168,1.1210396347275364,1.2360999024483164,58.01413861498807,0.009669095277786255,0.6975788474082947,0.9741887450218201,0.050645626000004995
3.650689363772168,1.1210396347275364,1.2360999024483164,58.062151561923656,0.019861415028572083,0.7029693722724915,0.9735220670700073,0.049318806999508524
3.6561188183414544,1.1405331021168703,1.2602718431463127,58.110932479120656,0.0,0.6941521167755127,0.9752033948898315,0.05002127500029019
3.6561188183414544,1.1405331021168703,1.2602718431463127,58.16197824922147,0.007938697934150696,0.6992118954658508,0.9729176759719849,0.05246669000007387
3.6561188183414544,1.1405331021168703,1.2602718431463127,58.2084923440717,0.017103269696235657,0.7045128345489502,0.9719316363334656,0.04785737299971515
3.6561188183414544,1.1405331021168703,1.2602718431463127,58.25679633810576,0.025464370846748352,0.7093668580055237,0.9710355997085571,0.04974482299985539
3.6561188183414544,1.1405331021168703,1.2602718431463127,58.305360700266824,0.0342346727848053,0.7146052718162537,0.9701200723648071,0.05006015599974489
3.6561188183414544,1.1405331021168703,1.2602718431463127,58.35373775581016,0.04302963614463806,0.7199129462242126,0.969104528427124,0.04991933700057416
3.6516002394517546,1.1281860810222746,1.3674592250741306,58.40227195354136,0.1077946275472641,0.7530302405357361,0.9695867896080017,0.05005657899982907
3.64775286812459,1.1295263714363353,1.4410820665125348,58.45068330906855,0.12393828481435776,0.7613913416862488,0.9711389541625977,0.04985008099993138
3.64775286812459,1.1295263714363353,1.4410820665125348,58.49923746422566,0.13772927224636078,0.7694140672683716,0.9688666462898254,0.05011438400015322
3.64775286812459,1.1295263714363353,1.4410820665125348,58.54746971378535,0.15153083205223083,0.777520477771759,0.9665219187736511,0.04990290299974731
3.64775286812459,1.1295263714363353,1.4410820665125348,58.5956852742803,0.1650145947933197,0.7852737307548523,0.964364230632782,0.04999725100060459
3.649136327769641,1.1067279088798645,1.5213160293618277,58.6439252710881,0.23973588645458221,0.8,0.9635699391365051,0.05006382499959727
3.649136327769641,1.1067279088798645,1.5213160293618277,58.69208122129751,0.25333112478256226,0.8,0.9619085192680359,0.05006292100006249
3.6484166788258436,1.1057299530185711,1.5939671556560546,58.740410139480495,0.2891292870044708,0.7787657976150513,0.9690417647361755,0.049872894999680284
3.6484166788258436,1.1057299530185711,1.5939671556560546,58.78887342419849,0.3073574900627136,0.7644336223602295,0.9683496356010437,0.05004730000018753
3.6484166788258436,1.1057299530185711,1.5939671556560546,58.837205731276484,0.3243386149406433,0.7347846627235413,0.9671393632888794,0.04997450100017886
3.6561090535677923,1.112809926049021,1.6836068285975188,58.885112482267076,0.3121111989021301,0.7907811403274536,0.9582963585853577,0.04999158200007514
3.6561090535677923,1.112809926049021,1.6836068285975188,58.93297596443724,0.3295441269874573,0.7857691049575806,0.9569710493087769,0.05001560099935887
3.6561090535677923,1.112809926049021,1.6836068285975188,58.98308588132022,0.34684205055236816,0.7800459265708923,0.9546549916267395,0.052490080000097805
3.6544445360679667,1.1114479907598895,1.7564864160250335,59.027038344227954,0.3774988055229187,0.5714273452758789,0.9245550632476807,0.047539043000142556
3.6544445360679667,1.1114479907598895,1.7564864160250335,59.07395386629384,0.3853847086429596,0.5494519472122192,0.9195240139961243,0.051021530000070925
3.652776596160739,1.108835174048995,1.8317943931094716,59.11687484558864,0.3942154049873352,0.11983022093772888,0.8773497939109802,0.04892117100007454
3.652776596160739,1.108835174048995,1.8317943931094716,59.16059857109863,0.39932286739349365,0.08186966180801392,0.8728452920913696,0.05009332800000266
3.652776596160739,1.108835174048995,1.8317943931094716,59.20392450266579,0.4044986367225647,0.032373666763305664,0.8680807948112488,0.04991002200040384
3.651194756791696,1.1362367762568553,1.8868380099733848,59.247883722257896,0.3319367468357086,-0.09041747450828552,0.8781141638755798,0.05006093899919506
3.651194756791696,1.1362367762568553,1.8868380099733848,59.29149531197971,0.33482515811920166,-0.14452096819877625,0.8733224868774414,0.04993755500072439
3.647930111946652,1.1496777073578992,1.9607265697768659,59.33464808664767,0.3116908669471741,-0.30170682072639465,0.8628871440887451,0.05000975499933702
3.647930111946652,1.1496777073578992,1.9607265697768659,59.37754776254293,0.31639769673347473,-0.35669025778770447,0.8577964305877686,0.050011488000563986
3.647930111946652,1.1496777073578992,1.9607265697768659,59.42039869536407,0.32107675075531006,-0.4113513231277466,0.8527355194091797,0.05025114099953498
3.647930111946652,1.1496777073578992,1.9607265697768659,59.462541764670895,0.3257507085800171,-0.465950071811676,0.8476804494857788,0.04971575000035955
3.6417555909276187,1.1707337883128324,2.041455202606933,59.503898324061744,0.24173738062381744,-0.5752183794975281,0.8186920285224915,0.05051540499971452
3.6417555909276187,1.1707337883128324,2.041455202606933,59.54355782967554,0.24678166210651398,-0.5804013609886169,0.8013790845870972,0.04948907000016334
3.6417555909276187,1.1707337883128324,2.041455202606933,59.58287899999364,0.25209617614746094,-0.583767831325531,0.786404013633728,0.0500012330003301
3.6330543653296283,1.1877550298771515,2.079044020885944,59.623612605077,0.22941100597381592,-0.5810385346412659,0.8141597509384155,0.05003146499984723
3.6330543653296283,1.1877550298771515,2.079044020885944,59.66338211909947,0.22680939733982086,-0.5851020812988281,0.794989287853241,0.05002521999995224
3.623039581801113,1.2116990114141466,2.0907259897479156,59.7046567879136,0.171009361743927,-0.6376122832298279,0.8248887658119202,0.05003664800005936
3.623039581801113,1.2116990114141466,2.0907259897479156,59.745192517995775,0.1742713302373886,-0.6337427496910095,0.8098330497741699,0.05005442800029414
3.6140101810608525,1.2422424124232065,2.0661319045381177,59.78935215458553,0.15280607342720032,-0.6219115853309631,0.878082275390625,0.05029100100000505
3.6140101810608525,1.2422424124232065,2.0661319045381177,59.83245033416979,0.1567254215478897,-0.6236982345581055,0.8682743310928345,0.04963659299937717
3.6140101810608525,1.2422424124232065,2.0661319045381177,59.875320086167136,0.16055041551589966,-0.6254425048828125,0.8587022423744202,0.04992388499977096
3.601360608653042,1.2684645459141655,2.019704941992449,59.919235432750575,0.12324697524309158,-0.6585034728050232,0.8775908350944519,0.05004079900027136
3.601360608653042,1.2684645459141655,2.019704941992449,59.96285583213744,0.12848970293998718,-0.6526546478271484,0.8714302778244019,0.05005609799991362
3.601360608653042,1.2684645459141655,2.019704941992449,60.00596503094672,0.15255184471607208,-0.5929088592529297,0.8635537624359131,0.04992068899991864
3.5869886763913716,1.290014193203436,1.9746840704388622,60.050376321142465,0.11748712509870529,-0.6081498861312866,0.8886033892631531,0.04997875400022167
3.5869886763913716,1.290014193203436,1.9746840704388622,60.09473104257048,0.12040393054485321,-0.6166886687278748,0.880146324634552,0.05039471300005971
3.5869886763913716,1.290014193203436,1.9746840704388622,60.13796469654819,0.12331721186637878,-0.6252164840698242,0.871699869632721,0.04959694900026079
3.5725912310701986,1.326151723987511,1.9140422457803985,60.18334673699211,0.07737287878990173,-0.6666780114173889,0.9038907289505005,0.05020744099965668
3.5725912310701986,1.326151723987511,1.9140422457803985,60.22802938325389,0.08133555948734283,-0.6662102341651917,0.8967186808586121,0.049829057000351895
3.564195521692648,1.3538093887045994,1.8517419588704496,60.27611917268098,0.0610065832734108,-0.6615549325942993,0.9563366174697876,0.05028542099989863
3.564195521692648,1.3538093887045994,1.8517419588704496,60.32334891640897,0.06442227214574814,-0.666275680065155,0.9495254755020142,0.0497403649997068
3.564195521692648,1.3538093887045994,1.8517419588704496,60.373799828269334,0.06827354431152344,-0.6648324131965637,0.9430074691772461,0.053500013000302715
3.557432447061496,1.380520148723506,1.7910574769297105,60.419356626640095,0.03734464943408966,-0.6815944910049438,0.9798962473869324,0.04649145100029273
3.557432447061496,1.380520148723506,1.7910574769297105,60.46804405869882,0.04006616771221161,-0.6821266412734985,0.9732142686843872,0.05002745399997366
3.557432447061496,1.380520148723506,1.7910574769297105,60.5165297849541,0.04372970759868622,-0.6806458830833435,0.9665700793266296,0.05016265999984171
3.550663430504797,1.410227563396885,1.7263262967252095,60.56628807695385,0.021916821599006653,-0.6753664612770081,1.0,0.049758291999751236
3.550663430504797,1.410227563396885,1.7263262967252095,60.61628868195355,0.025444790720939636,-0.684593915939331,1.0,0.0500006049996955
3.5435385911835278,1.4612138681497084,1.6599589451815482,60.66629601595348,0.0,-0.4620891809463501,1.0,0.05000733399992896
3.5435385911835278,1.4612138681497084,1.6599589451815482,60.71631431095345,0.0,-0.5342238545417786,1.0,0.05001829499997257
3.5435385911835278,1.4612138681497084,1.6599589451815482,60.76637974795419,0.0,-0.6012547016143799,1.0,0.05006543700073962
3.5435385911835278,1.4612138681497084,1.6599589451815482,60.816300100954024,0.0,-0.6642648577690125,1.0,0.049920352999833995
3.5406847879771326,1.4980752673637292,1.5925611560153858,60.86706227895381,0.0,0.21762245893478394,1.0,0.05076217799978622
3.5406847879771326,1.4980752673637292,1.5925611560153858,60.91641736595345,0.0,0.09530177712440491,1.0,0.04935508699963975
3.5425050787385453,1.5286749141873015,1.530693544393389,60.96636728395394,0.0,0.5485992431640625,1.0,0.0499499180004932
3.5425050787385453,1.5286749141873015,1.530693544393389,61.01630583695412,0.0,0.5163232684135437,1.0,0.04993855300017458
3.5425050787385453,1.5286749141873015,1.530693544393389,61.066355055953565,0.0,0.4455947279930115,1.0,0.050049218999447476
3.54510932350639,1.5378154737997078,1.47188873581742,61.11631656895376,0.0,0.5914401412010193,1.0,0.049961513000198465
3.54510932350639,1.5378154737997078,1.47188873581742,61.1663169699538,0.0,0.5848185420036316,1.0,0.05000040100003389
3.5463016501106983,1.5545706168512745,1.4364637247257017,61.21634500595398,0.0,0.5913744568824768,1.0,0.05002803600018524
3.5463016501106983,1.5545706168512745,1.4364637247257017,61.266293452954116,0.0,0.584791362285614,1.0,0.049948447000133456
3.5463016501106983,1.5545706168512745,1.4364637247257017,61.31688589095363,0.0,0.5782186388969421,1.0,0.050592437999512185
3.5463016501106983,1.5545706168512745,1.4364637247257017,61.36642654395352,0.0,0.5732203125953674,1.0,0.04954065299989452
3.5463016501106983,1.5545706168512745,1.4364637247257017,61.416292321953435,0.0,0.5694079399108887,1.0,0.0498657779999121
3.5463016501106983,1.5545706168512745,1.4364637247257017,61.46632204395398,0.0,0.5579788088798523,1.0,0.05002972200054501
3.543103700893472,1.5691967013255765,1.506682751095662,61.5162914569534,0.0,0.3289858400821686,1.0,0.04996941299941682
3.543103700893472,1.5691967013255765,1.506682751095662,61.566411275953826,0.0,0.23820051550865173,1.0,0.050119819000428834
3.543103700893472,1.5691967013255765,1.506682751095662,61.61632908295421,0.0,0.13321617245674133,1.0,0.04991780700038362
3.543103700893472,1.5691967013255765,1.506682751095662,61.66656231095355,0.0,0.0013494491577148438,1.0,0.05023322799934249
3.543103700893472,1.5691967013255765,1.506682751095662,61.716329304954044,0.0,-0.1336350440979004,1.0,0.04976699400049256
3.549561335078367,1.5217297133896457,1.5885153519164987,61.76632119095363,0.028767108917236328,-0.6786526441574097,1.0,0.0499918859995887
3.549561335078367,1.5217297133896457,1.5885153519164987,61.81629794495409,0.03236067295074463,-0.6890828609466553,1.0,0.04997675400045409
3.549561335078367,1.5217297133896457,1.5885153519164987,61.86644789595418,0.03595319390296936,-0.6995097398757935,1.0,0.050149951000094006
3.5509350276797296,1.4901131508000143,1.6262472278466849,61.91402563515499,0.06165633350610733,-0.6948968768119812,0.9541084170341492,0.04986617699978524
3.5509350276797296,1.4901131508000143,1.6262472278466849,61.96162058186925,0.072992704808712,-0.6913129091262817,0.9523650407791138,0.049975529000221286
3.5509350276797296,1.4901131508000143,1.6262472278466849,62.00926218567627,0.08514507859945297,-0.688175618648529,0.9508322477340698,0.05010516199945414
3.5496713033594944,1.4755030184714208,1.6329840514107214,62.05621153473135,0.14734429121017456,-0.6616015434265137,0.9404407143592834,0.04992270999991888
3.5496713033594944,1.4755030184714208,1.6329840514107214,62.10548806929943,0.15674541890621185,-0.6564105153083801,0.9381199479103088,0.052526901999954134
3.5496713033594944,1.4755030184714208,1.6329840514107214,62.149887583572365,0.1664813905954361,-0.650839626789093,0.9358785152435303,0.047441536000405904
3.5496713033594944,1.4755030184714208,1.6329840514107214,62.196639173821254,0.17525659501552582,-0.6458331942558289,0.9338916540145874,0.05006104299991421
3.5496713033594944,1.4755030184714208,1.6329840514107214,62.24323280336823,0.1845473200082779,-0.6403439044952393,0.9320498108863831,0.04999049300022307
3.550077129262964,1.489865623189422,1.5299848551837902,62.29081301972546,0.18022777140140533,-0.6559271812438965,0.9508188366889954,0.050041305999911856
3.550077129262964,1.489865623189422,1.5299848551837902,62.33839058306379,0.19252486526966095,-0.6509882211685181,0.9509871602058411,0.050029658999847015
3.550077129262964,1.489865623189422,1.5299848551837902,62.385825488158346,0.2048899531364441,-0.6462026834487915,0.950984001159668,0.04987981399972341
3.551120874863996,1.5157939504405145,1.4734245812240934,62.434160864885875,0.18167686462402344,-0.6566489338874817,0.9556280970573425,0.05057969400058937
3.551120874863996,1.5157939504405145,1.4734245812240934,62.481473201675364,0.19341665506362915,-0.6522043943405151,0.9556892514228821,0.04950598399955197
3.551120874863996,1.5157939504405145,1.4734245812240934,62.52931286086169,0.2049078792333603,-0.6478537321090698,0.9557488560676575,0.050054633999934595
3.5506464032883867,1.5293889385060762,1.3985394298390368,62.57880333848307,0.17975389957427979,-0.6490755081176758,0.9620882868766785,0.05144068200024776
3.5506464032883867,1.5293889385060762,1.3985394298390368,62.62540156662951,0.192380890250206,-0.6448721289634705,0.9618862271308899,0.0484446359996582
3.5562023886929794,1.5493357356850508,1.3098125584704783,62.67391271977242,0.1543809473514557,-0.6138874888420105,0.9705030918121338,0.04998557300041284
3.5562023886929794,1.5493357356850508,1.3098125584704783,62.722660439165544,0.1667994260787964,-0.6144427061080933,0.9699624180793762,0.050257328000043344
3.5562023886929794,1.5493357356850508,1.3098125584704783,62.77100752889626,0.17851172387599945,-0.6104073524475098,0.9695503115653992,0.04986547799944674
3.5611882535360886,1.566620217984285,1.2382294515506367,62.82021876809511,0.14338058233261108,-0.5726632475852966,0.9822957515716553,0.05009819000042626
3.5611882535360886,1.566620217984285,1.2382294515506367,62.87066536744407,0.15471354126930237,-0.577207088470459,0.9785183072090149,0.0515540679998594
3.5611882535360886,1.566620217984285,1.2382294515506367,62.91767969829304,0.1660776138305664,-0.582619309425354,0.9744595289230347,0.048246571000163385
3.5667827944728043,1.592239808112664,1.159842737281126,62.967111917662635,0.12537169456481934,-0.10522636771202087,0.9886251091957092,0.05000097500033007
3.5667827944728043,1.592239808112664,1.159842737281126,63.01673101726658,0.13678574562072754,-0.19062712788581848,0.988273561000824,0.05020785899978364
3.5667827944728043,1.592239808112664,1.159842737281126,63.06599598746222,0.1480366736650467,-0.2465701401233673,0.9872599244117737,0.04990070900021237
3.574445846487012,1.6066871219759415,1.0786694737402194,63.11508515960335,0.11596432328224182,0.28207632899284363,0.984247624874115,0.049874818999342097
3.574445846487012,1.6066871219759415,1.0786694737402194,63.164969471040216,0.12600456178188324,0.21870923042297363,0.9844089150428772,0.05067438000060065
3.574445846487012,1.6066871219759415,1.0786694737402194,63.21368613442376,0.13611522316932678,0.1486944556236267,0.9840542078018188,0.0495060769999327
3.5817004452166707,1.6264394707166716,1.0113485611936461,63.2617703956664,0.05655619502067566,0.6770017147064209,0.9633449912071228,0.049913853999896673
3.5817004452166707,1.6264394707166716,1.0113485611936461,63.30990306256748,0.06678973883390427,0.6813513040542603,0.960708498954773,0.050101218999770936
3.594352655135286,1.6409910772801606,0.9546934269563835,63.35850819433894,0.028247445821762085,0.7127158045768738,0.9697653651237488,0.050120507000428915
3.594352655135286,1.6409910772801606,0.9546934269563835,63.406953485156514,0.0376240611076355,0.7158936262130737,0.9679980278015137,0.050046889999975974
3.594352655135286,1.6409910772801606,0.9546934269563835,63.454934564147194,0.04696977138519287,0.7190605998039246,0.9662365317344666,0.04965769499995076
3.6045468084458556,1.657492102642371,0.9199845314506976,63.50332014919224,0.0,0.711819589138031,0.966742753982544,0.050050113999532186
3.6045468084458556,1.657492102642371,0.9199845314506976,63.551565343433666,0.002750188112258911,0.7183379530906677,0.9646517634391785,0.05001306800022576
3.6045468084458556,1.657492102642371,0.9199845314506976,63.600121966706894,0.012468412518501282,0.7248372435569763,0.9625668525695801,0.05044493599962152
3.6045468084458556,1.657492102642371,0.9199845314506976,63.648599988780404,0.022577926516532898,0.731387197971344,0.961460292339325,0.05042124200008402
3.6045468084458556,1.657492102642371,0.9199845314506976,63.69592286056182,0.03271859884262085,0.7377104163169861,0.9605187773704529,0.049268034000306216
3.6045468084458556,1.657492102642371,0.9199845314506976,63.744731104672965,0.042307376861572266,0.742878258228302,0.9598196148872375,0.050851476000389084
3.6089893285576666,1.6617648970051278,0.9897563997960159,63.791731609754905,0.03955504298210144,0.7451223731040955,0.9607670903205872,0.04891976999988401
3.6089893285576666,1.6617648970051278,0.9897563997960159,63.839766490413034,0.05055925250053406,0.751433789730072,0.9597334265708923,0.05005023200010328
3.6089893285576666,1.6617648970051278,0.9897563997960159,63.88775498879968,0.06256118416786194,0.7582510709762573,0.9587292671203613,0.05005427499963844
3.6089893285576666,1.6617648970051278,0.9897563997960159,63.935523608879386,0.07461442053318024,0.7652086615562439,0.9573624134063721,0.049896067999725346
3.6040537503023713,1.6543305890576,1.0985914845723346,63.983565856402386,0.1415812373161316,0.7586420178413391,0.9497261643409729,0.0505853680006112
3.6040537503023713,1.6543305890576,1.0985914845723346,64.03031337930466,0.1541716754436493,0.7603142857551575,0.9465755224227905,0.04938594099985494
3.6040537503023713,1.6543305890576,1.0985914845723346,64.07985257447153,0.1676732450723648,0.7584906220436096,0.9438698887825012,0.05248519499946269
3.5980493840895815,1.6400300003003954,1.1687818312046017,64.1255837817372,0.2377575933933258,0.5998310446739197,0.9617432355880737,0.04755032899993239
3.5980493840895815,1.6400300003003954,1.1687818312046017,64.17398914735638,0.24967853724956512,0.5092699527740479,0.9657574892044067,0.050121657000090636
3.5980493840895815,1.6400300003003954,1.1687818312046017,64.22211188925631,0.2592753767967224,0.40519338846206665,0.9647698998451233,0.04988002000027336
3.5894860120769447,1.6296237915185678,1.2455887748571692,64.27037886303987,0.2939409911632538,-0.3246973752975464,0.9654304385185242,0.04999528900043515
3.5894860120769447,1.6296237915185678,1.2455887748571692,64.31895002347251,0.30349159240722656,-0.36123690009117126,0.9673608541488647,0.050209970999276266
3.5894860120769447,1.6296237915185678,1.2455887748571692,64.36786566910132,0.313143253326416,-0.4049980044364929,0.9703592658042908,0.05040983000071719
3.595661969683812,1.6400035928320205,1.3301244917180077,64.41604306230735,0.2935904264450073,-0.2510715425014496,0.9591213464736938,0.050230758999532554
3.595661969683812,1.6400035928320205,1.3301244917180077,64.46349657374022,0.3051062226295471,-0.2972220778465271,0.9615730047225952,0.04934987900014676
3.5928197141992384,1.6354388845092582,1.394738462800845,64.51163216135907,0.34094512462615967,-0.5108306407928467,0.966284453868866,0.04981513199982146
3.5928197141992384,1.6354388845092582,1.394738462800845,64.56025918564103,0.35119470953941345,-0.5072710514068604,0.9659783244132996,0.050339663999693585
3.5928197141992384,1.6354388845092582,1.394738462800845,64.60824596292427,0.3615489602088928,-0.5036751627922058,0.9656692743301392,0.04969276600058947
3.59804331352941,1.6499252951664074,1.4565210453216029,64.65682996929478,0.3180723190307617,-0.5206335783004761,0.9691858887672424,0.050128676999520394
3.59804331352941,1.6499252951664074,1.4565210453216029,64.70506222212497,0.3286380171775818,-0.5171244144439697,0.9674642086029053,0.0498543020003126
3.59804331352941,1.6499252951664074,1.4565210453216029,64.75346761521908,0.3382646441459656,-0.5142390727996826,0.9634150862693787,0.05024354899978789
3.59804331352941,1.6499252951664074,1.4565210453216029,64.8017130820136,0.3479333519935608,-0.5111018419265747,0.9592114090919495,0.050297011000111524
3.59804331352941,1.6499252951664074,1.4565210453216029,64.84905608293919,0.35722869634628296,-0.5075073838233948,0.95514315366745,0.04956639299962262
3.59804331352941,1.6499252951664074,1.4565210453216029,64.89655922760173,0.36618563532829285,-0.5040205717086792,0.9513314366340637,0.04993332800040662
3.6005652496659297,1.6656346172618646,1.4636203016050366,64.94434679532382,0.35173752903938293,-0.5100029706954956,0.9525232911109924,0.05016944799990597
3.6005652496659297,1.6656346172618646,1.4636203016050366,64.99272009141258,0.36077871918678284,-0.506483256816864,0.9486756920814514,0.050990339999771095
3.608099999848429,1.6903025506841758,1.4137811685948074,65.03967419391763,0.29849326610565186,-0.2593168616294861,0.9611789584159851,0.04885053100042569
3.608099999848429,1.6903025506841758,1.4137811685948074,65.08912134776494,0.30836984515190125,-0.3021824061870575,0.9622460603713989,0.051387223999881826
3.608099999848429,1.6903025506841758,1.4137811685948074,65.13643079156631,0.3195510506629944,-0.339610755443573,0.9638939499855042,0.049081586000284005
3.613642439407002,1.7201256552645863,1.353325584730742,65.18526818888466,0.25905507802963257,0.06761720776557922,0.9627149701118469,0.05072882300009951
3.613642439407002,1.7201256552645863,1.353325584730742,65.23218850208845,0.26606637239456177,0.009270042181015015,0.959205150604248,0.04891582699929131
3.613642439407002,1.7201256552645863,1.353325584730742,65.27807466322807,0.3453502058982849,0.553524911403656,0.9192726016044617,0.049915728000087256
3.620986682715759,1.7476422842769668,1.2786017819908404,65.32593875097214,0.25187116861343384,0.8,0.956885814666748,0.05002068900012091
3.620986682715759,1.7476422842769668,1.2786017819908404,65.37369655413663,0.2643963098526001,0.8,0.9560559988021851,0.04995293499996478
3.6287040634749888,1.765517270173968,1.2062404102040414,65.42109627107862,0.2364860475063324,0.8,0.9495226144790649,0.0499195239999608
3.6287040634749888,1.765517270173968,1.2062404102040414,65.46869152846688,0.24900683760643005,0.8,0.9480011463165283,0.05020590700041794
3.6287040634749888,1.765517270173968,1.2062404102040414,65.5160853032852,0.2613063454627991,0.8,0.946651816368103,0.050064631999703124
3.6364747630835343,1.7831203030939233,1.1509286351955943,65.56492619736437,0.1984177678823471,0.8,0.9492601752281189,0.051451536000058695
3.6364747630835343,1.7831203030939233,1.1509286351955943,65.61088112032444,0.21187123656272888,0.8,0.9472704529762268,0.048512991000279726
3.6364747630835343,1.7831203030939233,1.1509286351955943,65.65791934998057,0.22452987730503082,0.8,0.9453983306884766,0.04975493199981429
3.6413070127074008,1.7932653605942321,1.152295826486824,65.70543413680909,0.20695902407169342,0.8,0.9480534195899963,0.05011825899964606
3.6413070127074008,1.7932653605942321,1.152295826486824,65.75270489386057,0.21991707384586334,0.8,0.9461728930473328,0.049959957000282884
3.6413070127074008,1.7932653605942321,1.152295826486824,65.8000295573445,0.23256705701351166,0.8,0.9444043040275574,0.05011059699972975
3.6413070127074008,1.7932653605942321,1.152295826486824,65.84720896506259,0.24487845599651337,0.8,0.9429037570953369,0.05003629200018622
3.6413070127074008,1.7932653605942321,1.152295826486824,65.8943057787941,0.25701895356178284,0.8,0.9415095448493958,0.050022661999719276
3.64142101638946,1.7968906366915458,1.2603258229576744,65.94158555069632,0.24130482971668243,0.8,0.9496136903762817,0.049788427000748925
3.64142101638946,1.7968906366915458,1.2603258229576744,65.98928537373465,0.2530341148376465,0.8,0.948502242565155,0.05028962599953957
3.64142101638946,1.7968906366915458,1.2603258229576744,66.03649005191441,0.2646946310997009,0.8,0.9474939107894897,0.049820561000160524
3.637929469712623,1.7899668182723893,1.3572023999435963,66.0840485993264,0.31337323784828186,0.8,0.9536658525466919,0.04986919400016632
3.637929469712623,1.7899668182723893,1.3572023999435963,66.13180690545704,0.331399142742157,0.8,0.9545516967773438,0.05003218399997422
3.641517829833179,1.7746873363013884,1.4481250180390706,66.1782962879747,0.40706223249435425,0.6341697573661804,0.930557370185852,0.04995864200009237
3.641517829833179,1.7746873363013884,1.4481250180390706,66.22469838172944,0.4193921685218811,0.604705274105072,0.9262061715126038,0.05009909799991874
3.641517829833179,1.7746873363013884,1.4481250180390706,66.27102721442515,0.4301486611366272,0.5559662580490112,0.9215162396430969,0.050274569999601226
3.641517829833179,1.7746873363013884,1.4481250180390706,66.3165927323079,0.4407771825790405,0.506739616394043,0.9168795943260193,0.04969629400056874
3.6398610394979083,1.7710326894855806,1.5409368305392017,66.36166184469624,0.4356463551521301,0.2208789587020874,0.9004808664321899,0.05005004999929952
3.6398610394979083,1.7710326894855806,1.5409368305392017,66.40652175799752,0.4450017809867859,0.16435924172401428,0.8970586657524109,0.05000778100020398
3.6404577714383537,1.7658558406548324,1.6280878087917077,66.44929014912243,0.45895981788635254,-0.2826029360294342,0.8562714457511902,0.049947235000217916
3.6404577714383537,1.7658558406548324,1.6280878087917077,66.49209951661203,0.46912962198257446,-0.3402056097984314,0.8555479645729065,0.05003736700018635
3.6404577714383537,1.7658558406548324,1.6280878087917077,66.53475463322316,0.47930920124053955,-0.39786404371261597,0.8548238277435303,0.049899306999577675
3.6391854781478465,1.779201105365007,1.7038574347295479,66.57726319876349,0.4306747317314148,-0.43364688754081726,0.8491634726524353,0.050059342999702494
3.6391854781478465,1.779201105365007,1.7038574347295479,66.61971281033672,0.44066286087036133,-0.4928402900695801,0.8483787178993225,0.05003615800069383
3.6396591961440294,1.7852952983014634,1.7747238547417015,66.660429484856,0.44277048110961914,-0.5631358027458191,0.8159251809120178,0.049902460999874165
3.6396591961440294,1.7852952983014634,1.7747238547417015,66.70108912545189,0.4528905749320984,-0.5664275288581848,0.8116750121116638,0.05009349800002383
3.6396591961440294,1.7852952983014634,1.7747238547417015,66.74166437352928,0.46299636363983154,-0.569722056388855,0.8074323534965515,0.05025219500021194
3.6369767611683015,1.8021500469802174,1.8317292647384422,66.7817654095997,0.4096624255180359,-0.5871798396110535,0.8073453903198242,0.04967023599965614
3.6369767611683015,1.8021500469802174,1.8317292647384422,66.82171783006189,0.4185776114463806,-0.5876435041427612,0.7978574633598328,0.05007463400033885
3.6369767611683015,1.8021500469802174,1.8317292647384422,66.86198086478007,0.4271143674850464,-0.587293267250061,0.7865122556686401,0.051191871999435534
3.6318416178833695,1.8348552189513823,1.8501588778381173,66.90187133327166,0.3584699332714081,-0.5964460968971252,0.8186094164848328,0.04872955000064394
3.6318416178833695,1.8348552189513823,1.8501588778381173,66.94279824459034,0.3683635890483856,-0.5993168950080872,0.8147886991500854,0.050230091999765136
3.6318416178833695,1.8348552189513823,1.8501588778381173,66.98314532809967,0.3785126805305481,-0.6022591590881348,0.8108600378036499,0.049758381999708945
3.6240199949829046,1.8695354958641417,1.833311049438692,67.02604381855352,0.2943374812602997,-0.5844132304191589,0.8572900295257568,0.0500396469997213
3.6240199949829046,1.8695354958641417,1.833311049438692,67.06865217105967,0.3053959012031555,-0.5872598886489868,0.8531836867332458,0.049940421000428614
3.6189920866260756,1.9131803776445921,1.786260289610303,67.11502172539893,0.23989416658878326,-0.5005170702934265,0.9261162877082825,0.05006882500038046
3.6189920866260756,1.9131803776445921,1.786260289610303,67.16107079404934,0.2501142621040344,-0.5569478273391724,0.9218563437461853,0.049952542999562866
3.6189920866260756,1.9131803776445921,1.786260289610303,67.20831135081276,0.26064619421958923,-0.5586057901382446,0.9149958491325378,0.05162925799959339
3.616583094451096,1.9473277462799636,1.7249052912247362,67.25492019924289,0.19263987243175507,-0.4329153299331665,0.9615110158920288,0.048474586000338604
3.616583094451096,1.9473277462799636,1.7249052912247362,67.30295699367015,0.20304329693317413,-0.49429452419281006,0.9592547416687012,0.050077203000000736
3.616583094451096,1.9473277462799636,1.7249052912247362,67.35058217290607,0.21242423355579376,-0.5556041598320007,0.9545272588729858,0.049893995999809704
3.6128922336491627,1.975522988533387,1.6542234191159235,67.39951086656707,0.17621785402297974,-0.21333804726600647,0.9710730910301208,0.05038621099993179
3.6128922336491627,1.975522988533387,1.6542234191159235,67.4474712142155,0.18829412758350372,-0.27752187848091125,0.9686864018440247,0.049510706000546634
3.6108871234161213,2.006735306017572,1.5817366630084915,67.4970091851562,0.10924453288316727,0.6232107281684875,0.9901164174079895,0.050032471000122314
3.6108871234161213,2.006735306017572,1.5817366630084915,67.54638628544751,0.11640280485153198,0.5274126529693604,0.9868531823158264,0.05003489999944577
3.6108871234161213,2.006735306017572,1.5817366630084915,67.59804119899076,0.12414456158876419,0.41534483432769775,0.9845160841941833,0.052467313000306603
3.6108871234161213,2.006735306017572,1.5817366630084915,67.6447231503592,0.13589075207710266,0.29251986742019653,0.9832464456558228,0.047477365999839094
3.6095957337995475,2.0369208010313287,1.5094163374919782,67.69670867935957,0.07808108627796173,0.6840168833732605,1.0,0.05198552900037612
3.6095957337995475,2.0369208010313287,1.5094163374919782,67.74462051426865,0.08953608572483063,0.6852672696113586,0.9974648356437683,0.04803360799996881
3.611728920997714,2.076890535468877,1.44617513538878,67.79807873826842,0.01612168550491333,0.676668643951416,1.0,0.05345822399976896
3.611728920997714,2.076890535468877,1.44617513538878,67.84465766526857,0.025510475039482117,0.6811575293540955,1.0,0.04657892700015509
3.611728920997714,2.076890535468877,1.44617513538878,67.89544008926798,0.03349989652633667,0.6842626929283142,1.0,0.05078242399940791
3.613585921277243,2.10105148528247,1.4335893482745417,67.94476051826852,0.0053274184465408325,0.6725032925605774,1.0,0.04932042900054512
3.613585921277243,2.10105148528247,1.4335893482745417,67.9946896242681,0.014112070202827454,0.6764295101165771,1.0,0.049929105999581225
3.6178338031206843,2.106264928725738,1.460739787002879,68.04473036626852,0.0,0.6789402365684509,1.0,0.050040742000419414
3.6178338031206843,2.106264928725738,1.460739787002879,68.09465181426815,0.006198331713676453,0.6831477284431458,1.0,0.049921447999622615
3.6178338031206843,2.106264928725738,1.460739787002879,68.14461405926879,0.014485076069831848,0.6873453259468079,1.0,0.049962245000642724
3.6178338031206843,2.106264928725738,1.460739787002879,68.19454410913826,0.022785231471061707,0.6915518641471863,0.9982621073722839,0.050016973999845504
3.6178338031206843,2.106264928725738,1.460739787002879,68.24439789287386,0.03148581087589264,0.695713460445404,0.9959715008735657,0.05005543199968088
3.6178338031206843,2.106264928725738,1.460739787002879,68.29414866112789,0.04057866334915161,0.6996429562568665,0.9936087727546692,0.05007078200014803
3.618188145550537,2.1176101920651913,1.5369527611612561,68.34399337712772,0.0388418585062027,0.6911144852638245,1.0,0.049844715999824984
3.618188145550537,2.1176101920651913,1.5369527611612561,68.39394632055682,0.04738287627696991,0.6939810514450073,0.9983835220336914,0.050033821999932115
3.618188145550537,2.1176101920651913,1.5369527611612561,68.44371834312967,0.055852532386779785,0.6972876191139221,0.9962847828865051,0.04995762599992304
3.618188145550537,2.1176101920651913,1.5369527611612561,68.49420543717694,0.06411972641944885,0.7007973790168762,0.9942092895507812,0.050781153000571067
3.618188145550537,2.1176101920651913,1.5369527611612561,68.54316490052278,0.07248375564813614,0.7045428156852722,0.9929542541503906,0.049306866999359045
3.6188172508524215,2.09724717263664,1.6413461405501837,68.59251093670922,0.1437641680240631,0.6836196780204773,0.9876947999000549,0.049960813999859965
3.6188172508524215,2.09724717263664,1.6413461405501837,68.64164246382558,0.15535014867782593,0.6437616944313049,0.9829431772232056,0.04998409700056072
3.6188172508524215,2.09724717263664,1.6413461405501837,68.69056992713021,0.16650880873203278,0.5660549998283386,0.9783839583396912,0.050008447999971395
3.622135001734693,2.087214803723102,1.711673739390994,68.7387633169817,0.20310023427009583,-0.01540154218673706,0.9651649594306946,0.04993280100006814
3.622135001734693,2.087214803723102,1.711673739390994,68.78688085937031,0.21441221237182617,-0.05882254242897034,0.9607612490653992,0.05008272600025521
3.622135001734693,2.087214803723102,1.711673739390994,68.83472169496851,0.22533302009105682,-0.10398715734481812,0.9563749432563782,0.050023095999677025
3.6217632335847347,2.0912556743675013,1.7666173199342214,68.88156537528945,0.23169191181659698,-0.2996648848056793,0.9376454949378967,0.04995883900028275
3.6217632335847347,2.0912556743675013,1.7666173199342214,68.92822256345575,0.23998339474201202,-0.34263500571250916,0.9335841536521912,0.049976413999502256
3.625132405243735,2.082656654056524,1.834511435112501,68.9732851120703,0.2507186532020569,-0.5877758860588074,0.9006069302558899,0.05003575600039767
3.625132405243735,2.082656654056524,1.834511435112501,69.01809704666493,0.2595580816268921,-0.5857789516448975,0.8968638777732849,0.049965145999522065
3.625132405243735,2.082656654056524,1.834511435112501,69.06279530008672,0.2689937353134155,-0.5853999853134155,0.8933938145637512,0.050031970999953046
3.625132405243735,2.082656654056524,1.834511435112501,69.10725400739577,0.2784070372581482,-0.5877628922462463,0.8893529772758484,0.0499899460000961
3.625132405243735,2.082656654056524,1.834511435112501,69.15368516533839,0.2875695824623108,-0.5897402167320251,0.8842838406562805,0.052507074999994074
3.625132405243735,2.082656654056524,1.834511435112501,69.19540448163839,0.29707014560699463,-0.5917177200317383,0.87891685962677,0.047466738000366604
3.625132405243735,2.082656654056524,1.834511435112501,69.239196793971,0.30557167530059814,-0.5934856534004211,0.8740853667259216,0.050100726999517065
3.625132405243735,2.082656654056524,1.834511435112501,69.2825380504844,0.3144955635070801,-0.5953413248062134,0.8690138459205627,0.04987406899999769
3.625132405243735,2.082656654056524,1.834511435112501,69.32582323166757,0.3233277201652527,-0.5971779227256775,0.8639945387840271,0.05009890600013023
3.622965865867833,2.110101694171707,1.83368796065274,69.37050930576217,0.2605510950088501,-0.5839623808860779,0.8950806260108948,0.04992407700046897
3.622965865867833,2.110101694171707,1.83368796065274,69.41537845422548,0.26888924837112427,-0.582749605178833,0.8901545405387878,0.050406020999616885
3.622965865867833,2.110101694171707,1.83368796065274,69.46066811966291,0.2774079442024231,-0.5849579572677612,0.8846971392631531,0.051192281999647093
3.615472655622925,2.148282458249387,1.783222317820483,69.50594698635832,0.20047739148139954,-0.6073681116104126,0.9334861040115356,0.048505132000173035
3.615472655622925,2.148282458249387,1.783222317820483,69.55218309692007,0.2085534632205963,-0.6099727153778076,0.9259676933288574,0.04993274700063921
3.6084414921815595,2.1925165565811477,1.7228521501548713,69.60104861238023,0.14729340374469757,-0.1249125599861145,0.9776839017868042,0.049980893999418186
3.6084414921815595,2.1925165565811477,1.7228521501548713,69.64959397528908,0.1549929976463318,-0.21043041348457336,0.9712170958518982,0.04998404900015885
3.6084414921815595,2.1925165565811477,1.7228521501548713,69.69790147303739,0.16186992824077606,-0.26826709508895874,0.9643825888633728,0.05009163199974864
3.60137087183873,2.2427049573296016,1.6555604862859556,69.74781051203773,0.09386850893497467,0.4166354835033417,1.0,0.04990903900034027
3.60137087183873,2.2427049573296016,1.6555604862859556,69.79780503503808,0.10061950236558914,0.30837783217430115,1.0,0.049994523000350455
3.60137087183873,2.2427049573296016,1.6555604862859556,69.84946206703772,0.10669567435979843,0.19731733202934265,1.0,0.051657031999639
3.601853478381809,2.268751010042175,1.5778951689357292,69.8976634257324,0.05932345986366272,0.6713858842849731,0.9968274831771851,0.04835476500011282
3.601853478381809,2.268751010042175,1.5778951689357292,69.94830993958081,0.06732898950576782,0.66934734582901,0.9934179782867432,0.05098207899936824
3.5995561364697877,2.2993321614715616,1.4993547309276467,69.99727933244387,0.019696548581123352,0.6868798136711121,0.9977392554283142,0.04908035100015695
3.5995561364697877,2.2993321614715616,1.4993547309276467,70.04700848265321,0.02762278914451599,0.6890673041343689,0.9958876967430115,0.04993449599987798
3.5995561364697877,2.2993321614715616,1.4993547309276467,70.09689994204332,0.03567217290401459,0.6912888288497925,0.9940072894096375,0.05019224700026825
3.596187521774161,2.338207812737765,1.4592822872205786,70.14834693504368,0.0,0.6721375584602356,1.0,0.05144699300035427
3.596187521774161,2.338207812737765,1.4592822872205786,70.19672232904345,0.0,0.6734099388122559,1.0,0.04837539399977686
3.596187521774161,2.338207812737765,1.4592822872205786,70.24674801104307,0.0,0.6756173372268677,1.0,0.05002568199961388
3.596187521774161,2.338207812737765,1.4592822872205786,70.29667986546986,0.00739915668964386,0.67784184217453,0.9979442358016968,0.0500347140005033
3.596187521774161,2.338207812737765,1.4592822872205786,70.34659915950147,0.01565118134021759,0.6796490550041199,0.9958738684654236,0.05012612100017577
3.594948508720303,2.335336209808464,1.524415402165452,70.39596373272515,0.04674701392650604,0.6642963886260986,0.9910381436347961,0.04981097200015938
3.594948508720303,2.335336209808464,1.524415402165452,70.44601219583447,0.05448935925960541,0.6622194647789001,0.9878946542739868,0.050661740999203175
3.594948508720303,2.335336209808464,1.524415402165452,70.4946134721154,0.06233905255794525,0.6601135730743408,0.9847074747085571,0.0493560550003167
3.594948508720303,2.335336209808464,1.524415402165452,70.54457373611562,0.08376690745353699,0.7193374037742615,1.0,0.04996026400021947
3.594948508720303,2.335336209808464,1.524415402165452,70.59457996811538,0.0927676111459732,0.7221327424049377,1.0,0.05000623199975962
3.594948508720303,2.335336209808464,1.524415402165452,70.6446220101157,0.10160861909389496,0.7239248156547546,1.0,0.05004204200031381
3.5969821467240157,2.3169495229741717,1.6062860647932837,70.69286504478731,0.12796351313591003,0.3896631598472595,0.9649400115013123,0.04999588999999105
3.5969821467240157,2.3169495229741717,1.6062860647932837,70.74097459886538,0.13432495296001434,0.25808244943618774,0.9625334739685059,0.04998221400001057
3.5960416680425693,2.305223925602797,1.6561010953427675,70.78764713664094,0.1644590049982071,-0.23469558358192444,0.9324380159378052,0.05005430599976535
3.5960416680425693,2.305223925602797,1.6561010953427675,70.83404212327123,0.1676301509141922,-0.2985008955001831,0.9292618632316589,0.049926708999919356
3.5960416680425693,2.305223925602797,1.6561010953427675,70.88039452909506,0.17078235745429993,-0.36192697286605835,0.9261045455932617,0.050050943000314874
3.593123200651482,2.309712912510219,1.700275349983117,70.92686022192017,0.15818475186824799,-0.39742812514305115,0.9293504357337952,0.04999803200007591
3.593123200651482,2.309712912510219,1.700275349983117,70.97314653429281,0.16135229170322418,-0.46056273579597473,0.9261719584465027,0.04997593799998867
3.593123200651482,2.309712912510219,1.700275349983117,71.01931187884715,0.1645076870918274,-0.5234524011611938,0.9230056405067444,0.05001631899995118
3.597060071817465,2.277056303931293,1.7549685343635575,71.06251284847812,0.22785338759422302,-0.5940394401550293,0.8645191192626953,0.049971097999332414
3.597060071817465,2.277056303931293,1.7549685343635575,71.10555990472389,0.2376444786787033,-0.5967520475387573,0.8607450127601624,0.05001139200066973
3.597060071817465,2.277056303931293,1.7549685343635575,71.14840247079951,0.2474004179239273,-0.5994548201560974,0.8569843769073486,0.049992236999969464
3.597060071817465,2.277056303931293,1.7549685343635575,71.191071160278,0.2571103572845459,-0.6021444797515869,0.8532416224479675,0.0500077449996752
3.597060071817465,2.277056303931293,1.7549685343635575,71.23353178211525,0.26686832308769226,-0.6048609018325806,0.8494428396224976,0.04998643799990532
3.597060071817465,2.277056303931293,1.7549685343635575,71.27582151595826,0.2772049605846405,-0.6078287959098816,0.8451533913612366,0.050037939000503684
3.597060071817465,2.277056303931293,1.7549685343635575,71.31783598684025,0.2875001132488251,-0.6107847690582275,0.84088134765625,0.049964802999966196
3.597060071817465,2.277056303931293,1.7549685343635575,71.35972436940888,0.29772818088531494,-0.6137216091156006,0.836637020111084,0.05006756999955542
3.5935855493536364,2.3138797900242656,1.683126688220697,71.40463809067236,0.25523555278778076,-0.5724438428878784,0.8992382287979126,0.04994641000030242
3.5935855493536364,2.3138797900242656,1.683126688220697,71.44940867461997,0.2663959860801697,-0.5747619271278381,0.8953854441642761,0.0500014649996956
3.5935855493536364,2.3138797900242656,1.683126688220697,71.49553811683475,0.27749282121658325,-0.5769931674003601,0.8915486335754395,0.0517408030000297
3.5901051777441695,2.3402124619923934,1.6244236885045762,71.54049902330952,0.22845953702926636,-0.5727940201759338,0.9325693845748901,0.048211862000243855
3.5901051777441695,2.3402124619923934,1.6244236885045762,71.587005672414,0.2403222769498825,-0.5718585252761841,0.9295567870140076,0.050030993000291346
3.5901051777441695,2.3402124619923934,1.6244236885045762,71.63340780119154,0.25344982743263245,-0.5686704516410828,0.928634524345398,0.049968127999818535
3.592619014811535,2.3510683940987227,1.561061443481889,71.68069174585634,0.2495093047618866,-0.5511803030967712,0.9451590180397034,0.05002750199946604
3.592619014811535,2.3510683940987227,1.561061443481889,71.72795389014257,0.26206016540527344,-0.5495595932006836,0.9424490332603455,0.050148223000178405
3.5951459910329073,2.3735511441440837,1.4895106421662472,71.77580583307409,0.23093727231025696,-0.3989173471927643,0.9595590829849243,0.049868678000166256
3.5951459910329073,2.3735511441440837,1.4895106421662472,71.82373123969684,0.2434668242931366,-0.451276957988739,0.9590436816215515,0.04997207900032663
3.5951459910329073,2.3735511441440837,1.4895106421662472,71.8716845421349,0.255979061126709,-0.5048606991767883,0.9584702253341675,0.05003108199980488
3.5966820171060823,2.4101203078749087,1.415180916191194,71.92060343625387,0.16968077421188354,0.05598035454750061,0.9764711856842041,0.05009763199996087
3.5966820171060823,2.4101203078749087,1.415180916191194,71.96970383023195,0.18270309269428253,-0.015147030353546143,0.9748599529266357,0.0503666129998237
3.5966820171060823,2.4101203078749087,1.415180916191194,72.01787114088661,0.19522926211357117,-0.09105858206748962,0.9726335406303406,0.049522567999702005
3.6032910135055145,2.4385051965603677,1.3357818292039385,72.06732854105888,0.11054518818855286,0.7228850722312927,0.9872360825538635,0.050096832000235736
3.6032910135055145,2.4385051965603677,1.3357818292039385,72.11650037849392,0.1251068413257599,0.7232545018196106,0.9837992787361145,0.04998157499994704
3.6032910135055145,2.4385051965603677,1.3357818292039385,72.16560651488295,0.14242777228355408,0.7122361063957214,0.9819666147232056,0.0500079490002463
3.6090550191487476,2.4622605060702214,1.2569994228543195,72.2149710109323,0.08999867737293243,0.7253769040107727,0.9858188033103943,0.05007461399964086
3.6090550191487476,2.4622605060702214,1.2569994228543195,72.26416464693538,0.10455214977264404,0.7253437638282776,0.9823335409164429,0.050078343000677705
3.6086901353095864,2.4822121475012398,1.1934493543219404,72.31319585522651,0.05711573362350464,0.7155025601387024,0.9851832985877991,0.04976861499926599
3.6086901353095864,2.4822121475012398,1.1934493543219404,72.36249928978489,0.0714055597782135,0.7203716039657593,0.984092652797699,0.05010039900025731
3.6086901353095864,2.4822121475012398,1.1934493543219404,72.41140770967284,0.08626740425825119,0.7214335203170776,0.9811062812805176,0.04985027699967759
3.616499089977422,2.5004958049163744,1.1597393096591528,72.46060498849671,0.029898330569267273,0.7050084471702576,0.982094407081604,0.05009424600029888
3.616499089977422,2.5004958049163744,1.1597393096591528,72.50963957688825,0.04348422586917877,0.7099316716194153,0.9818999171257019,0.049938479000047664
3.616499089977422,2.5004958049163744,1.1597393096591528,72.55869868176536,0.05856040120124817,0.7180861234664917,0.9800496697425842,0.05005777400037914
3.616499089977422,2.5004958049163744,1.1597393096591528,72.60757919710161,0.07369282096624374,0.726371705532074,0.9781329035758972,0.0499732859998403
3.616499089977422,2.5004958049163744,1.1597393096591528,72.66840429840337,0.08877036720514297,0.7346270680427551,0.9762229919433594,0.062306564999744296
3.616499089977422,2.5004958049163744,1.1597393096591528,72.7075581156084,0.10811488330364227,0.7431831955909729,0.9739620089530945,0.04020055900036823
3.6178147440705715,2.5153331455549437,1.2211411720987446,72.75413003619336,0.09180191159248352,0.729687511920929,0.9801737070083618,0.047513945999526186
3.6178147440705715,2.5153331455549437,1.2211411720987446,72.80297254360862,0.106549471616745,0.7326352596282959,0.9777821898460388,0.04995233899990126
3.6178147440705715,2.5153331455549437,1.2211411720987446,72.85171887557115,0.12227866798639297,0.7335597276687622,0.9741348624229431,0.05004064000058861
3.6178147440705715,2.5153331455549437,1.2211411720987446,72.90018490471634,0.1378326714038849,0.7348100543022156,0.9705480933189392,0.049936761999560986
3.6178147440705715,2.5153331455549437,1.2211411720987446,72.95005884284619,0.15223951637744904,0.7369362711906433,0.9674097895622253,0.05155409700000746
3.6148747337812313,2.5046628890321947,1.3339525931273721,72.99727407055762,0.21346955001354218,0.5633311867713928,0.9743812680244446,0.048456624999744236
3.6148747337812313,2.5046628890321947,1.3339525931273721,73.04602763928827,0.22596226632595062,0.4518929719924927,0.9735638499259949,0.05007742300040263
3.6148747337812313,2.5046628890321947,1.3339525931273721,73.09458372465392,0.23882345855236053,0.33406132459640503,0.9724745750427246,0.049930442000004405
3.6147670953437476,2.51049956359766,1.3930548479564233,73.14335704651329,0.21889767050743103,0.31086820363998413,0.975634753704071,0.04999137399954634
3.6147670953437476,2.51049956359766,1.3930548479564233,73.19210462337674,0.23177757859230042,0.2217729091644287,0.9742004871368408,0.0500385470004403
3.613323808092698,2.5202630249880023,1.456081901880617,73.2410024459018,0.21145862340927124,0.2055712342262268,0.977490246295929,0.0500238470003751
3.613323808092698,2.5202630249880023,1.456081901880617,73.28971442085803,0.22401265799999237,0.14538076519966125,0.9753907918930054,0.04994098299994221
3.613323808092698,2.5202630249880023,1.456081901880617,73.33837883813312,0.2366022765636444,0.09250447154045105,0.9728212356567383,0.0500240080000367
3.6117026017137466,2.524654298149253,1.5166137518408944,73.38691159260641,0.24433958530426025,-0.11281228065490723,0.9704163670539856,0.05001229999925272
3.6117026017137466,2.524654298149253,1.5166137518408944,73.4353482707389,0.2568402886390686,-0.17103368043899536,0.9678937792778015,0.05004338200069469
3.6117026017137466,2.524654298149253,1.5166137518408944,73.48355502126935,0.2690020501613617,-0.23366296291351318,0.9653145670890808,0.04993890300011117
3.6117026017137466,2.524654298149253,1.5166137518408944,73.53168542302143,0.28110605478286743,-0.29599449038505554,0.9627476334571838,0.049992749999546504
3.6117026017137466,2.524654298149253,1.5166137518408944,73.57970245999444,0.29318296909332275,-0.35435783863067627,0.9604722857475281,0.04999315199984267
3.610340925318852,2.5228191700640306,1.6063872643720007,73.6275658055223,0.29673731327056885,-0.5557421445846558,0.956891655921936,0.050019608000184235
3.610340925318852,2.5228191700640306,1.6063872643720007,73.67518630818589,0.3085470199584961,-0.5524978041648865,0.9529436826705933,0.04997200100024202
3.610340925318852,2.5228191700640306,1.6063872643720007,73.72267855794537,0.32038819789886475,-0.5489729046821594,0.9491958022117615,0.050034197000059066
3.610340925318852,2.5228191700640306,1.6063872643720007,73.76992763333217,0.33217960596084595,-0.545466959476471,0.9454755187034607,0.049973874999523105
3.610340925318852,2.5228191700640306,1.6063872643720007,73.81735085633457,0.3437718152999878,-0.5418261289596558,0.9420632719993591,0.05033974300022237
3.610340925318852,2.5228191700640306,1.6063872643720007,73.86396184245908,0.355551540851593,-0.5374048352241516,0.9390139579772949,0.04963822500030801
3.6103043471463057,2.5467559964096234,1.6488453267955385,73.91137414680708,0.2840764820575714,-0.5715996026992798,0.9476025700569153,0.05003395499988983
3.6103043471463057,2.5467559964096234,1.6488453267955385,73.95856706233317,0.29581040143966675,-0.5671788454055786,0.9445481896400452,0.04996348099939496
3.6101255672874246,2.567342713155995,1.631437220208962,74.00656333097923,0.26285111904144287,-0.5908675193786621,0.9584258198738098,0.050078230000508483
3.6101255672874246,2.567342713155995,1.631437220208962,74.05425758822669,0.2740364074707031,-0.5868411064147949,0.9551953673362732,0.049931415999708406
3.6101255672874246,2.567342713155995,1.631437220208962,74.10198108320506,0.2844879925251007,-0.5832071900367737,0.9518519639968872,0.05013751800015598
3.611532730884032,2.5909113857044104,1.5933011072528296,74.15041955830253,0.24136577546596527,-0.23829302191734314,0.9688940048217773,0.04999357500037149
3.611532730884032,2.5909113857044104,1.5933011072528296,74.19866876662064,0.25212907791137695,-0.2887308597564697,0.9665524363517761,0.04991887300002418
3.611532730884032,2.5909113857044104,1.5933011072528296,74.24693388114677,0.26266515254974365,-0.33830955624580383,0.9642163515090942,0.05005631199946947
3.613785198914957,2.617994524041404,1.5395551880338065,74.29575951090669,0.19591285288333893,0.1758999526500702,0.9767990708351135,0.04998533599973598
3.613785198914957,2.617994524041404,1.5395551880338065,74.344525546019,0.20696011185646057,0.07951968908309937,0.9754385352134705,0.04999396000039269
3.6119788839331664,2.636505400587357,1.478776049747066,74.39327400041816,0.1658903956413269,0.6731246113777161,0.976281464099884,0.049932787000216194
3.6119788839331664,2.636505400587357,1.478776049747066,74.44211336241882,0.17741119861602783,0.587797999382019,0.9766477942466736,0.050007138999717426
3.6119788839331664,2.636505400587357,1.478776049747066,74.49104437229205,0.18806499242782593,0.48053061962127686,0.9756478667259216,0.050152325999988534
3.6119788839331664,2.636505400587357,1.478776049747066,74.53964433657188,0.19951766729354858,0.36414647102355957,0.9745396375656128,0.04986966399974335
3.6186609451316434,2.6687842415024616,1.4235221053030709,74.58842112117475,0.1154429093003273,0.7168212532997131,0.9737985134124756,0.05008919600004447
3.6186609451316434,2.6687842415024616,1.4235221053030709,74.63708750045583,0.12801983952522278,0.7184215188026428,0.9706981778144836,0.050135438999859616
3.619959553253272,2.6874607661472405,1.3942455785325016,74.6858166837342,0.08549803495407104,0.7210727334022522,0.9795060753822327,0.0497487300008288
3.619959553253272,2.6874607661472405,1.3942455785325016,74.73465606336524,0.09577246755361557,0.7225467562675476,0.9763879179954529,0.050020466999740165
3.619959553253272,2.6874607661472405,1.3942455785325016,74.78329725327534,0.10805732011795044,0.7246029376983643,0.9731307625770569,0.04998422799963009
3.619959553253272,2.6874607661472405,1.3942455785325016,74.83177111241248,0.12029227614402771,0.7266507744789124,0.9698870182037354,0.04997887199988327
3.619959553253272,2.6874607661472405,1.3942455785325016,74.88013899328148,0.13248522579669952,0.7286913990974426,0.9666542410850525,0.05003638200014393
3.619959553253272,2.6874607661472405,1.3942455785325016,74.92854410706984,0.14833131432533264,0.7175610661506653,0.9650711417198181,0.05015704200013715
3.619959553253272,2.6874607661472405,1.3942455785325016,74.97671772323372,0.16606095433235168,0.6947871446609497,0.965988278388977,0.049869772999954876
3.619959553253272,2.6874607661472405,1.3942455785325016,75.02523695579848,0.18411560356616974,0.6476268172264099,0.9696639776229858,0.05003716100054589
3.619736877067077,2.6866240793187455,1.4867426843562552,75.07396180674976,0.1925627887248993,0.19430944323539734,0.9760115742683411,0.04992241099989769
3.619736877067077,2.6866240793187455,1.4867426843562552,75.12273580811868,0.2031676322221756,0.08317303657531738,0.9750252366065979,0.05002332200001547
3.619736877067077,2.6866240793187455,1.4867426843562552,75.17160683022772,0.21354275941848755,0.012260854244232178,0.9731945395469666,0.05021711499921366
3.6228105306270804,2.7038455092537896,1.5448347653868126,75.22236842136655,0.19737718999385834,0.45221251249313354,0.9744440317153931,0.052092875000198546
3.6228105306270804,2.7038455092537896,1.5448347653868126,75.26874220859533,0.20852254331111908,0.3443606495857239,0.9726127982139587,0.047679598000286205
3.6228105306270804,2.7038455092537896,1.5448347653868126,75.31730213157935,0.21850687265396118,0.24545857310295105,0.9709358215332031,0.05001352500039502
3.6219534322805793,2.7175962942051575,1.6234917193005047,75.36600562928352,0.17876586318016052,0.3591279089450836,0.9714743494987488,0.05013359099939407
3.6219534322805793,2.7175962942051575,1.6234917193005047,75.41561251959226,0.18723610043525696,0.25398218631744385,0.9672353267669678,0.05128730199976417
3.6219534322805793,2.7175962942051575,1.6234917193005047,75.46238657562446,0.19602373242378235,0.1477074921131134,0.9628428220748901,0.048579119000351056
3.621163803189045,2.7312436050559237,1.6814242096746919,75.51006612412111,0.18264222145080566,0.05730274319648743,0.954439103603363,0.04995556900030351
3.621163803189045,2.7312436050559237,1.6814242096746919,75.55764300559227,0.19116966426372528,-0.029471784830093384,0.9499943256378174,0.050081227000191575
3.6219434566202904,2.737867611645633,1.742491845489767,75.60474815116493,0.18631860613822937,-0.12173393368721008,0.9429653286933899,0.04995427099947847
3.6219434566202904,2.737867611645633,1.742491845489767,75.65164722866228,0.19073808193206787,-0.17773982882499695,0.9378317594528198,0.050007986000309756
3.6219434566202904,2.737867611645633,1.742491845489767,75.70095884833204,0.19418495893478394,-0.23292851448059082,0.9320827126502991,0.052904768000189506
3.6208752181563746,2.735723761646809,1.7996296559486678,75.74335662393753,0.19382575154304504,-0.6006388664245605,0.9009103178977966,0.04706103899934533
3.6208752181563746,2.735723761646809,1.7996296559486678,75.78774671860191,0.21000716090202332,-0.4782845377922058,0.8882655501365662,0.04997390100015764
3.6208752181563746,2.735723761646809,1.7996296559486678,75.83201783524194,0.2188529670238495,-0.5449546575546265,0.8842478394508362,0.0500664119999783
3.6208752181563746,2.735723761646809,1.7996296559486678,75.87586345824361,0.22758208215236664,-0.5600963830947876,0.8770319819450378,0.0499931860003926
3.6208752181563746,2.735723761646809,1.7996296559486678,75.91939861892446,0.2375817894935608,-0.5672064423561096,0.8703693747520447,0.05001917799927469
3.6208752181563746,2.735723761646809,1.7996296559486678,75.96260113344555,0.24771249294281006,-0.5724816918373108,0.8639059662818909,0.05000835300052131
3.618129673769317,2.7431849596562268,1.8627556311058777,76.00515486728212,0.21661369502544403,-0.5883878469467163,0.8510115146636963,0.05000371099959011
3.618129673769317,2.7431849596562268,1.8627556311058777,76.0473151265228,0.22656604647636414,-0.5945729613304138,0.8441434502601624,0.049944424999921466
3.618129673769317,2.7431849596562268,1.8627556311058777,76.08935352604402,0.23672690987586975,-0.5997327566146851,0.8383311629295349,0.05014533800022036
3.618129673769317,2.7431849596562268,1.8627556311058777,76.13097383467978,0.2473764419555664,-0.6032060980796814,0.8342467546463013,0.049889685999914946
3.618129673769317,2.7431849596562268,1.8627556311058777,76.17244341656809,0.25790828466415405,-0.606694757938385,0.8301114439964294,0.04995664400030364
3.608880788355055,2.770825564341792,1.8087133695499176,76.21576443838214,0.23476827144622803,-0.5944522619247437,0.8668923377990723,0.049972781999713334
3.608880788355055,2.770825564341792,1.8087133695499176,76.25896615169376,0.24538250267505646,-0.5977250933647156,0.8623899817466736,0.050095333000172104
3.5943571411781647,2.813054676826548,1.7386056762433226,76.30593619826581,0.1551748514175415,-0.5966135859489441,0.9407328963279724,0.049929206000342674
3.5943571411781647,2.813054676826548,1.7386056762433226,76.35276376947022,0.16685029864311218,-0.5970057845115662,0.9360674023628235,0.0500258539996139
3.5943571411781647,2.813054676826548,1.7386056762433226,76.39943307000159,0.17869853973388672,-0.5967258810997009,0.932103157043457,0.05006881500048621
3.589465201216779,2.851900306487615,1.6739725307016986,76.44780140167954,0.11030856519937515,-0.6287186145782471,0.9685037732124329,0.04994129399983649
3.589465201216779,2.851900306487615,1.6739725307016986,76.4958085326159,0.11517386883497238,-0.6261321902275085,0.9617220163345337,0.049917886999537586
3.589465201216779,2.851900306487615,1.6739725307016986,76.54368375789981,0.124627985060215,-0.6255457401275635,0.9562793970108032,0.05006405600033759
3.5872864578650523,2.875252200297642,1.6021107121042337,76.59301447623966,0.10674315690994263,-0.5969036221504211,0.986660897731781,0.04999764199965284
3.5872864578650523,2.875252200297642,1.6021107121042337,76.64207795808325,0.11499674618244171,-0.6158932447433472,0.9799860119819641,0.05006549200061272
3.586702674309657,2.9036167072347494,1.5204202979686843,76.69197120808276,0.06967000663280487,-0.08840438723564148,1.0,0.0498932499995135
3.586702674309657,2.9036167072347494,1.5204202979686843,76.742219445083,0.0773104578256607,-0.22684580087661743,1.0,0.05024823700023262
3.586702674309657,2.9036167072347494,1.5204202979686843,76.79183373730761,0.08482638001441956,-0.34051650762557983,0.9967076182365417,0.049778180999965116
3.59002698786453,2.930923839486097,1.440076309504894,76.84190169930757,0.059574276208877563,0.26971670985221863,1.0,0.05006796199995733
3.59002698786453,2.930923839486097,1.440076309504894,76.89189839530722,0.06676694750785828,0.12884294986724854,1.0,0.04999669599965273
3.59002698786453,2.930923839486097,1.440076309504894,76.94172756781263,0.07465511560440063,-0.004091918468475342,0.9968408942222595,0.04998708700077259
3.5909257027335784,2.947924997591947,1.363665756941116,76.99183149981236,0.04305000603199005,0.5509994626045227,1.0,0.05010393199972896
3.5909257027335784,2.947924997591947,1.363665756941116,77.04165381193664,0.05619221180677414,0.4491316080093384,0.9984144568443298,0.04990143299983174
3.5909257027335784,2.947924997591947,1.363665756941116,77.09139421287252,0.06652291864156723,0.3338732421398163,0.9959948062896729,0.04994042199996329
3.5950395663642625,2.9581759179036817,1.3038589434750698,77.1411493538862,0.04140269756317139,0.6584324240684509,0.9950685501098633,0.05000172200016095
3.5950395663642625,2.9581759179036817,1.3038589434750698,77.1907434385347,0.05260281264781952,0.6586076617240906,0.9912257790565491,0.05003308599953016
3.598554853058155,2.973101651362928,1.2894457009271487,77.2407147780089,0.022078275680541992,0.6570772528648376,0.999573826789856,0.049992645000202174
3.598554853058155,2.973101651362928,1.2894457009271487,77.2905931430411,0.031982749700546265,0.6540207266807556,0.9964832663536072,0.05005439300020953
3.598554853058155,2.973101651362928,1.2894457009271487,77.3402074394453,0.04233960807323456,0.6522953510284424,0.9926502108573914,0.04998165100005281
3.598554853058155,2.973101651362928,1.2894457009271487,77.38957859552987,0.05324474722146988,0.6535386443138123,0.9887393116950989,0.049933440999666345
3.598554853058155,2.973101651362928,1.2894457009271487,77.4388769259003,0.06697960942983627,0.6553229689598083,0.9855962991714478,0.05001878599978227
3.598554853058155,2.973101651362928,1.2894457009271487,77.48814557038021,0.08288095891475677,0.6144992709159851,0.9859290719032288,0.04997179400015739
3.598554853058155,2.973101651362928,1.2894457009271487,77.53751100509261,0.1005999743938446,0.5229528546333313,0.9865480065345764,0.05003855300037685
3.598554853058155,2.973101651362928,1.2894457009271487,77.58682728778008,0.1187136173248291,0.4359428286552429,0.9872286915779114,0.04995426400000724
3.5917007587420735,2.9570268929844166,1.3807027691978433,77.63713257430176,0.182856947183609,-0.5442410707473755,0.9828634858131409,0.05118237399983627
3.5917007587420735,2.9570268929844166,1.3807027691978433,77.684920951029,0.19630961120128632,-0.5567997097969055,0.9785001277923584,0.04883839600006468
3.5917007587420735,2.9570268929844166,1.3807027691978433,77.73364182544367,0.20868565142154694,-0.5619921684265137,0.9739890694618225,0.05002199299997301
3.5928507004681838,2.93666371553197,1.420907488397132,77.78193032883071,0.2665828466415405,-0.541584849357605,0.965955376625061,0.049990407999757736
3.5928507004681838,2.93666371553197,1.420907488397132,77.83036980781861,0.2795293927192688,-0.5381380915641785,0.9648456573486328,0.050204381000185094
3.5928507004681838,2.93666371553197,1.420907488397132,77.8783884550492,0.29200035333633423,-0.5348533987998962,0.9643023610115051,0.049796256000263384
3.5892603159931165,2.920747847827266,1.466895601091936,77.92620950438362,0.3587270975112915,-0.5480579137802124,0.9560450315475464,0.05001966199961316
3.5892603159931165,2.920747847827266,1.466895601091936,77.97400224187565,0.3707253634929657,-0.5450668931007385,0.955624520778656,0.05001204600011988
3.5892603159931165,2.920747847827266,1.466895601091936,78.02172221716725,0.38261425495147705,-0.5443280339241028,0.9548800587654114,0.049974837000263506
3.5892603159931165,2.920747847827266,1.466895601091936,78.06946035337157,0.39444857835769653,-0.5455859899520874,0.9537346363067627,0.05005389799953264
3.5892603159931165,2.920747847827266,1.466895601091936,78.1183959253162,0.4054638147354126,-0.5465773940086365,0.9526175856590271,0.0513695870004085
3.5892603159931165,2.920747847827266,1.466895601091936,78.16458813738042,0.41642361879348755,-0.5486722588539124,0.9517990946769714,0.04853147299945704
3.5892603159931165,2.920747847827266,1.466895601091936,78.21223067666931,0.4265894889831543,-0.5514048337936401,0.9513751268386841,0.0500775540003815
3.5892603159931165,2.920747847827266,1.466895601091936,78.25971377328501,0.43703001737594604,-0.55424964427948,0.9509506225585938,0.04993224200006807
3.5892603159931165,2.920747847827266,1.466895601091936,78.30721787165083,0.44703996181488037,-0.5567960143089294,0.9493188858032227,0.050040191000334744
3.5892603159931165,2.920747847827266,1.466895601091936,78.35454080330513,0.45662540197372437,-0.5594662427902222,0.9464505314826965,0.050000427999293606
3.5892603159931165,2.920747847827266,1.466895601091936,78.40173704938728,0.46542656421661377,-0.5627645254135132,0.9432372450828552,0.05003645300075732
3.591138020949451,2.9564637043132276,1.383972920367529,78.44976383500432,0.3815699815750122,-0.5180699825286865,0.962073028087616,0.04992010399928404
3.591138020949451,2.9564637043132276,1.383972920367529,78.49794639435055,0.39159661531448364,-0.5142388939857483,0.9617258310317993,0.05010009900070145
3.591138020949451,2.9564637043132276,1.383972920367529,78.5459686386771,0.401655912399292,-0.5103957056999207,0.9613774418830872,0.04995149899968965
3.596053086478939,2.990851496301769,1.318992398053968,78.59446276512384,0.3357377052307129,-0.494575560092926,0.9704735279083252,0.0499695509997764
3.596053086478939,2.990851496301769,1.318992398053968,78.6429291541457,0.3457692861557007,-0.49069738388061523,0.9700903296470642,0.049960696999733045
3.6051922638734886,3.0218116511465714,1.2538421388093044,78.69137608072165,0.2490411102771759,0.22114941477775574,0.968311607837677,0.05003237200071453
3.6051922638734886,3.0218116511465714,1.2538421388093044,78.73974127824631,0.25978872179985046,0.1652696132659912,0.9662351012229919,0.05005531000006158
3.6051922638734886,3.0218116511465714,1.2538421388093044,78.79135729564871,0.27048492431640625,0.11427319049835205,0.9640557169914246,0.053540491999228834
3.6218775018926372,3.0543434735841557,1.1711065366607254,78.83569831980425,0.15786780416965485,0.7749236822128296,0.9529270529747009,0.04653139400033979
3.6218775018926372,3.0543434735841557,1.1711065366607254,78.88312803610944,0.16910403966903687,0.7774134278297424,0.9503128528594971,0.04990958100006537
3.6218775018926372,3.0543434735841557,1.1711065366607254,78.93046930915551,0.1811230480670929,0.7800764441490173,0.9475165605545044,0.049963530999775685
3.639183187260148,3.085738860357635,1.0957590968081676,78.97844629437247,0.06515000760555267,0.7625939249992371,0.9590029120445251,0.050027987000248686
3.639183187260148,3.085738860357635,1.0957590968081676,79.02630796553125,0.07792437821626663,0.7692455053329468,0.9579098224639893,0.04996469399975467
3.6541235738785067,3.1167155488774867,1.0446809357786309,79.0744410281747,0.0,0.7312989830970764,0.9618991017341614,0.05003961700003856
3.6541235738785067,3.1167155488774867,1.0446809357786309,79.12238312139384,0.0,0.736983060836792,0.9597722291946411,0.04995153199979541
3.6541235738785067,3.1167155488774867,1.0446809357786309,79.1702851528249,0.0045586079359054565,0.7429346442222595,0.9575027227401733,0.05002808900007949
3.661558285281929,3.1377072507160073,1.0522522315525742,79.2184809668974,0.0,0.7289825677871704,0.9643360376358032,0.04997823600024276
3.661558285281929,3.1377072507160073,1.0522522315525742,79.26672536735714,0.0,0.7349750399589539,0.9620494246482849,0.0501475279997976
3.661558285281929,3.1377072507160073,1.0522522315525742,79.31456702443035,0.0,0.7408573031425476,0.9597213268280029,0.04984952999984671
3.661558285281929,3.1377072507160073,1.0522522315525742,79.36247708887703,0.004564747214317322,0.7466488480567932,0.9573984146118164,0.050041930000588764
3.661558285281929,3.1377072507160073,1.0522522315525742,79.41022530621936,0.012659922242164612,0.7524519562721252,0.9553097486495972,0.04998192199946061
3.6569195192481456,3.1327980017653716,1.1375475985175487,79.45752633352409,0.09835696220397949,0.7550404667854309,0.9461638331413269,0.0499924280002233
3.6569195192481456,3.1327980017653716,1.1375475985175487,79.50476168211165,0.11007261276245117,0.7629480957984924,0.9447115063667297,0.04999975999999151
3.6569195192481456,3.1327980017653716,1.1375475985175487,79.55201172159767,0.121681347489357,0.7708189487457275,0.943352997303009,0.05008733700015
3.6512099913140044,3.121787684316172,1.1934055171889293,79.59922751725273,0.17364318668842316,0.8,0.9414263367652893,0.05015346799973486
3.6512099913140044,3.121787684316172,1.1934055171889293,79.64616256736721,0.18491291999816895,0.8,0.9402410984039307,0.049918101000002935
3.6512099913140044,3.121787684316172,1.1934055171889293,79.69403390171618,0.1959255486726761,0.8,0.9389415383338928,0.05098436100070103
3.6409267258336375,3.1048367549018314,1.2631305460753823,79.73993477018617,0.2770978808403015,0.8,0.9386968612670898,0.0488984999992681
3.6409267258336375,3.1048367549018314,1.2631305460753823,79.78722674371967,0.2914562225341797,0.8,0.938693106174469,0.050380655000481056
3.6409267258336375,3.1048367549018314,1.2631305460753823,79.83378362290658,0.3061220645904541,0.8,0.938502311706543,0.04960763399958523
3.6449398005169726,3.1049235328718714,1.3485109121087278,79.8809164724837,0.3246951103210449,0.8,0.9434047341346741,0.04996037000000797
3.6449398005169726,3.1049235328718714,1.3485109121087278,79.92853056767552,0.34119150042533875,0.7767167687416077,0.9456644654273987,0.05034988300030818
3.6449398005169726,3.1049235328718714,1.3485109121087278,79.97573963631703,0.3577411472797394,0.7517011761665344,0.9478071331977844,0.049808728999778396
3.648092291806676,3.118184989986826,1.438452352053975,80.02302181415575,0.3194088041782379,0.7914707064628601,0.946225106716156,0.04996927000047435
3.648092291806676,3.118184989986826,1.438452352053975,80.07039898485549,0.3359067738056183,0.7675908207893372,0.9485463500022888,0.04994713299947762
3.6481800811015983,3.1256915779153824,1.5032854284622186,80.1179999895212,0.3288724422454834,0.7429171204566956,0.9509106278419495,0.050058337000336905
3.6481800811015983,3.1256915779153824,1.5032854284622186,80.1653828757658,0.3449127674102783,0.7144237160682678,0.948642909526825,0.049948073999985354
3.6481800811015983,3.1256915779153824,1.5032854284622186,80.21260592367584,0.35757142305374146,0.6878949403762817,0.9450426697731018,0.049969222999607155
3.661287075908926,3.189461047129404,1.6150879777261833,80.26083906924416,0.13442860543727875,0.7597741484642029,0.95759516954422,0.050369036000120104
3.661287075908926,3.189461047129404,1.6150879777261833,80.30828822483785,0.1466299593448639,0.7672220468521118,0.9558284878730774,0.04964191399994888
3.661287075908926,3.189461047129404,1.6150879777261833,80.35664957800944,0.15826086699962616,0.7747184634208679,0.9542638659477234,0.05067922499983979
3.6619190722978288,3.2163664774336107,1.7088707426184908,80.40445975205446,0.08551045507192612,0.7242506146430969,0.9688482880592346,0.049347431000569486
3.6619190722978288,3.2163664774336107,1.7088707426184908,80.45412365426668,0.09733530879020691,0.7311224341392517,0.9670321345329285,0.05135703399992053
3.6476395170168203,3.1748035165111514,1.7958438489319066,80.50040120469801,0.26950883865356445,0.6498181819915771,0.9508827924728394,0.048667985999600205
3.6476395170168203,3.1748035165111514,1.7958438489319066,80.54768756834552,0.27803945541381836,0.5764754414558411,0.9474287033081055,0.04991020800025581
3.6476395170168203,3.1748035165111514,1.7958438489319066,80.59527425228127,0.2876632809638977,0.4940647482872009,0.9474878907203674,0.05022405500039895
3.6476395170168203,3.1748035165111514,1.7958438489319066,80.64563058936675,0.2965589165687561,0.44030332565307617,0.9462621212005615,0.05321605499921134
3.644314162599002,3.196311211468886,1.8949496767385052,80.69048098864964,0.24253341555595398,0.49957162141799927,0.9487476944923401,0.047273263000533916
3.644314162599002,3.196311211468886,1.8949496767385052,80.73730101033698,0.2516922354698181,0.4140560030937195,0.9489801526069641,0.049337198000102944
3.6429193717082318,3.2092665830117553,1.9739765676997136,80.78475769091858,0.2245514839887619,0.40307581424713135,0.9479438662528992,0.05006275399955484
3.6429193717082318,3.2092665830117553,1.9739765676997136,80.8321058813509,0.23404106497764587,0.3134695589542389,0.9481637477874756,0.049936723000428174
3.6429193717082318,3.2092665830117553,1.9739765676997136,80.87948905020328,0.24033790826797485,0.25395140051841736,0.9475724101066589,0.050004799999442184
3.6430629399659353,3.2295448069453774,2.050057796082927,80.9269569810093,0.2100526988506317,0.5375916361808777,0.950524091720581,0.04993869300051301
3.6430629399659353,3.2295448069453774,2.050057796082927,80.97437041745562,0.21876227855682373,0.45837312936782837,0.9472908973693848,0.05005161200006114
3.641765920433559,3.2294425656245394,2.114482067683171,81.02177515877663,0.23088914155960083,0.09593725204467773,0.9442306756973267,0.05020461899948714
3.641765920433559,3.2294425656245394,2.114482067683171,81.06879118459204,0.23700301349163055,0.05164185166358948,0.9425168633460999,0.049883485000464134
3.641765920433559,3.2294425656245394,2.114482067683171,81.11565783579721,0.24250134825706482,0.007097721099853516,0.9392432570457458,0.04989830999966216
3.6372610738069544,3.242656603147038,2.193202644297674,81.16258357053782,0.21660399436950684,-0.1674438714981079,0.9367101788520813,0.05009632200017222
3.6372610738069544,3.242656603147038,2.193202644297674,81.20916524481211,0.22205880284309387,-0.20851007103919983,0.9336549043655396,0.049891747000401665
3.6372610738069544,3.242656603147038,2.193202644297674,81.2558138078983,0.22711047530174255,-0.2507176697254181,0.9303238391876221,0.050142284999310505
3.626284555047882,3.2599491111819683,2.2543340532351723,81.3023777926946,0.16919058561325073,-0.4520876407623291,0.9347079992294312,0.0498166110000966
3.626284555047882,3.2599491111819683,2.2543340532351723,81.34915112980316,0.1760687530040741,-0.5000701546669006,0.9316257238388062,0.050206146000164154
3.626284555047882,3.2599491111819683,2.2543340532351723,81.39538874120346,0.1829243004322052,-0.5470111966133118,0.9281589984893799,0.049816476999694714
3.629242730871553,3.2614147058095635,2.31206668435857,81.44125409063678,0.17556017637252808,-0.5978245139122009,0.916251540184021,0.05005759600044257
3.629242730871553,3.2614147058095635,2.31206668435857,81.48671250152421,0.1813938319683075,-0.611598551273346,0.9100027084350586,0.04995414899985917
3.629242730871553,3.2614147058095635,2.31206668435857,81.53185997157107,0.1871102750301361,-0.6155339479446411,0.9031239748001099,0.04999033500007499
3.629242730871553,3.2614147058095635,2.31206668435857,81.57667253731833,0.19278758764266968,-0.6194421052932739,0.8962921500205994,0.049997721999716305
3.629242730871553,3.2614147058095635,2.31206668435857,81.62116740823785,0.19874727725982666,-0.6227342486381531,0.8897728323936462,0.05000700100026734
3.614531595994258,3.283047518649221,2.29903023926979,81.66647363531744,0.1453990638256073,-0.641115128993988,0.905920147895813,0.05001128099956986
3.614531595994258,3.283047518649221,2.29903023926979,81.71153109903018,0.1537027359008789,-0.6390398144721985,0.901019275188446,0.050007214000288513
3.614531595994258,3.283047518649221,2.29903023926979,81.75641972840673,0.16206218302249908,-0.6369202136993408,0.8962675929069519,0.05008395900040341
3.614531595994258,3.283047518649221,2.29903023926979,81.80091874134281,0.1703902930021286,-0.6348085403442383,0.8915337920188904,0.04991287299981195
3.614531595994258,3.283047518649221,2.29903023926979,81.84520254275564,0.17864611744880676,-0.6327152252197266,0.8868411779403687,0.049934308999581845
3.6010026467131517,3.296251770005512,2.1912266840856365,81.89151976208645,0.1751265674829483,-0.6527174711227417,0.9255222082138062,0.05004441700020834
3.6010026467131517,3.296251770005512,2.1912266840856365,81.93757573425547,0.18288253247737885,-0.6498957872390747,0.9210705161094666,0.05000265600028797
3.6010026467131517,3.296251770005512,2.1912266840856365,81.9836584604031,0.19108544290065765,-0.645508348941803,0.9182636141777039,0.050184636999802024
3.5884696156510603,3.3082784680983113,2.1148507393855756,82.03043007316526,0.1747991293668747,-0.6641741394996643,0.9393405318260193,0.049791966999691795
3.5884696156510603,3.3082784680983113,2.1148507393855756,82.07741215036293,0.1841716468334198,-0.6583766937255859,0.9390944838523865,0.05002912700001616
3.5884696156510603,3.3082784680983113,2.1148507393855756,82.1243347658067,0.19481611251831055,-0.6524170637130737,0.9392024874687195,0.049960063000071386
3.5796275266190385,3.329451787558838,2.0282881150603886,82.17235247459149,0.1624298244714737,-0.6727504730224609,0.9576050639152527,0.05014354100057972
3.5796275266190385,3.329451787558838,2.0282881150603886,82.21998390320739,0.1717199683189392,-0.670895516872406,0.955171525478363,0.04986688499957381
3.5605046615403255,3.356596159485166,1.9437493830278463,82.26867042708531,0.11136478185653687,-0.6938446760177612,0.9721190929412842,0.050082880000445584
3.5605046615403255,3.356596159485166,1.9437493830278463,82.31709160702978,0.12096163630485535,-0.6918224692344666,0.9695419073104858,0.04994232799981546
3.5605046615403255,3.356596159485166,1.9437493830278463,82.36546999675461,0.1305059939622879,-0.6898109912872314,0.9669787883758545,0.05003045600005862
3.566113408170102,3.3761262367566576,1.8471523247359924,82.41474493385373,0.10077419131994247,-0.1985306739807129,0.9866455793380737,0.049941881999984616
3.566113408170102,3.3761262367566576,1.8471523247359924,82.46431034764183,0.11124300956726074,-0.2649354338645935,0.9860373735427856,0.05026727699987532
3.566113408170102,3.3761262367566576,1.8471523247359924,82.51334346216471,0.12168259173631668,-0.3186379671096802,0.9851353764533997,0.04977297099958378
3.5785641959992556,3.3562677254640025,1.7552643057697395,82.56218526389472,0.19307035207748413,-0.07561299204826355,0.9762915372848511,0.05002788599995256
3.5785641959992556,3.3562677254640025,1.7552643057697395,82.61127119685338,0.20121324062347412,-0.1011403501033783,0.9749842286109924,0.050345360999926925
3.5785641959992556,3.3562677254640025,1.7552643057697395,82.66115810257814,0.2092203050851822,-0.12559324502944946,0.9737277030944824,0.05123291200015956
3.576561959407475,3.379478332896189,1.6666474095493733,82.70827785896402,0.15205365419387817,0.6878959536552429,0.9699960350990295,0.048577266999927815
3.576561959407475,3.379478332896189,1.6666474095493733,82.75683971744496,0.16353091597557068,0.678159236907959,0.9703359603881836,0.05004643800020858
3.576561959407475,3.379478332896189,1.6666474095493733,82.80520558348384,0.1761346012353897,0.6600111722946167,0.9725646376609802,0.04973023300044588
3.577102826856387,3.4129757776661096,1.6004342161766816,82.8551486858216,0.06588823348283768,0.7324988842010498,0.9722796678543091,0.051367012999435246
3.577102826856387,3.4129757776661096,1.6004342161766816,82.90239704481819,0.07432760298252106,0.7365458607673645,0.9716278314590454,0.04862804200001847
3.5766810358589605,3.430321110068602,1.5549442562857623,82.95098125188498,0.030064657330513,0.7349079847335815,0.9685810208320618,0.050160189000052924
3.5766810358589605,3.430321110068602,1.5549442562857623,82.99926474089733,0.03730989992618561,0.7388912439346313,0.9676963686943054,0.04989528799978871
3.5766810358589605,3.430321110068602,1.5549442562857623,83.04775675947401,0.04593375325202942,0.7426913976669312,0.9670024514198303,0.05014673799996672
3.5765497243111715,3.4489816023564277,1.532791317622618,83.09600554319078,0.01151643693447113,0.7302075624465942,0.9685966372489929,0.049813082000582654
3.5765497243111715,3.4489816023564277,1.532791317622618,83.14505226352112,0.017229601740837097,0.7328975796699524,0.9674767851829529,0.05069550099960907
3.5765497243111715,3.4489816023564277,1.532791317622618,83.19272671540627,0.023932382464408875,0.7377969622612,0.9654972553253174,0.04937813300057314
3.5765497243111715,3.4489816023564277,1.532791317622618,83.24141508301533,0.08296899497509003,0.7421563267707825,0.9732668399810791,0.05002571299974079
3.5765497243111715,3.4489816023564277,1.532791317622618,83.28997858099495,0.09727175533771515,0.7497057914733887,0.9714889526367188,0.04998872899977869
3.5629263875990103,3.468503160850275,1.600702096197583,83.33941238245067,0.04090398550033569,0.7072246670722961,0.9867119789123535,0.050099525000405265
3.5629263875990103,3.468503160850275,1.600702096197583,83.3890288788712,0.050843678414821625,0.7126578688621521,0.9857245683670044,0.05033505099981994
3.5629263875990103,3.468503160850275,1.600702096197583,83.43783293239963,0.06542150676250458,0.7205431461334229,0.9838733673095703,0.049603999000282784
3.5629263875990103,3.468503160850275,1.600702096197583,83.48684800094065,0.0803212821483612,0.727581799030304,0.9823209047317505,0.04989720599951397
3.5629263875990103,3.468503160850275,1.600702096197583,83.5362918064231,0.09536159783601761,0.7330796718597412,0.9811012744903564,0.050396229999932984
3.5629263875990103,3.468503160850275,1.600702096197583,83.58482824984151,0.11062867939472198,0.7378397583961487,0.9794579148292542,0.04955439400055184
3.5685637119150324,3.434960972850724,1.7142894696461162,83.63331509267177,0.2584378123283386,0.2713679373264313,0.9677477478981018,0.050102769999284646
3.5685637119150324,3.434960972850724,1.7142894696461162,83.68353089893844,0.2715623378753662,0.20144867897033691,0.9655630588531494,0.05200676000004023
3.576165904644133,3.4522952470472807,1.7738365698054464,83.73138789379885,0.21764136850833893,0.697361409664154,0.9753265976905823,0.049067661000663065
3.576165904644133,3.4522952470472807,1.7738365698054464,83.77881257472612,0.23462779819965363,0.6464102268218994,0.9711016416549683,0.048835959999451006
3.576165904644133,3.4522952470472807,1.7738365698054464,83.82730256934816,0.24753867089748383,0.5325399041175842,0.9695854783058167,0.05001105700011976
3.565735978924563,3.4487410256632858,1.8555372053918402,83.87557044385034,0.25400128960609436,-0.1450972855091095,0.9655359983444214,0.049990755999715475
3.565735978924563,3.4487410256632858,1.8555372053918402,83.92378601152147,0.2668530344963074,-0.20502984523773193,0.96321040391922,0.05005715000061173
3.565735978924563,3.4487410256632858,1.8555372053918402,83.97180877153001,0.2795860767364502,-0.26504552364349365,0.9609564542770386,0.04997391899996728
3.567286381629288,3.45323868660724,1.9107042844686672,84.01980289630168,0.28484266996383667,-0.4328356385231018,0.9597064852714539,0.05000916999961191
3.567286381629288,3.45323868660724,1.9107042844686672,84.06777989883368,0.2974946200847626,-0.4899557828903198,0.9584860801696777,0.05005498100035766
3.567286381629288,3.45323868660724,1.9107042844686672,84.11570685486693,0.3110325336456299,-0.5252469182014465,0.9586364030838013,0.049994926000181295
3.557872360084452,3.462598216272395,1.9926376232885135,84.16460806665866,0.2901607155799866,-0.5616105198860168,0.9485431909561157,0.051554016999944
3.557872360084452,3.462598216272395,1.9926376232885135,84.21031629185708,0.3033948540687561,-0.5585026144981384,0.9451202154159546,0.04836233999958495
3.557872360084452,3.462598216272395,1.9926376232885135,84.25750535145107,0.31576478481292725,-0.5555979013442993,0.9419205784797668,0.050098767000235966
3.557872360084452,3.462598216272395,1.9926376232885135,84.30439077721921,0.3285393714904785,-0.552586555480957,0.9386220574378967,0.049951336000049196
3.557872360084452,3.462598216272395,1.9926376232885135,84.35447618721284,0.34115397930145264,-0.5497744679450989,0.9353265762329102,0.05354858000009699
3.5512476850594514,3.4733226227972414,2.0455961466964863,84.39710246188938,0.3183804154396057,-0.5901874899864197,0.9173687100410461,0.04646580400003586
3.5512476850594514,3.4733226227972414,2.0455961466964863,84.4434090023475,0.3283800482749939,-0.5925076007843018,0.9128884673118591,0.05072529900007794
3.5512476850594514,3.4733226227972414,2.0455961466964863,84.48839469665016,0.3391324579715729,-0.5949746966362,0.9079474806785583,0.049546581999493355
3.545312017290038,3.4795914938777837,2.003312348465252,84.53456750958708,0.33657902479171753,-0.5794999599456787,0.9269005656242371,0.04981420300009631
3.545312017290038,3.4795914938777837,2.003312348465252,84.58199936619503,0.347494900226593,-0.581884503364563,0.9220773577690125,0.05144021399974008
3.545312017290038,3.4795914938777837,2.003312348465252,84.62968657066456,0.35772138833999634,-0.584157407283783,0.9178690314292908,0.05195425800047815
3.533945985827457,3.5061002908667294,1.9390019179700118,84.67421054276994,0.3009861707687378,-0.5680738687515259,0.9567601084709167,0.046536191999621224
3.533945985827457,3.5061002908667294,1.9390019179700118,84.72215015512035,0.3129674196243286,-0.5641515254974365,0.9556699395179749,0.05016335700020136
3.524358808465692,3.5304517201737586,1.878557232127019,84.77030263197884,0.24805811047554016,-0.49309241771698,0.9677815437316895,0.04975552300038544
3.524358808465692,3.5304517201737586,1.878557232127019,84.81868896488656,0.2599013149738312,-0.5270068049430847,0.9662176966667175,0.05007808599930286
3.524358808465692,3.5304517201737586,1.878557232127019,84.86718462854289,0.27216458320617676,-0.556097686290741,0.9656674265861511,0.050219839999954274
3.5153316393853284,3.562356087298723,1.792591307229975,84.91578855144586,0.20818199217319489,-0.06191924214363098,0.9752619862556458,0.0498367860000144
3.5153316393853284,3.562356087298723,1.792591307229975,84.96433503292099,0.2192697525024414,-0.11236435174942017,0.9730290174484253,0.049892121000084444
3.510023764794378,3.5974381414072334,1.7109312801608556,85.01320899363857,0.11358949542045593,0.724475622177124,0.977740466594696,0.04998664000049757
3.510023764794378,3.5974381414072334,1.7109312801608556,85.06222547200979,0.11997941136360168,0.7252227067947388,0.9761883616447449,0.050212110999382276
3.510023764794378,3.5974381414072334,1.7109312801608556,85.11073560837389,0.12638795375823975,0.7259721159934998,0.9746317267417908,0.049772786000175984
3.503407884107807,3.6272674751103096,1.6238470578985205,85.15946905083493,0.05106772482395172,0.7072895765304565,0.9751151204109192,0.049977116999798454
3.503407884107807,3.6272674751103096,1.6238470578985205,85.20823278545173,0.05691531300544739,0.710225522518158,0.9751226902008057,0.050007794000521244
3.503407884107807,3.6272674751103096,1.6238470578985205,85.25726594745825,0.06302496790885925,0.7138680815696716,0.9746801853179932,0.05030692399941472
3.5033301392650262,3.642624069351493,1.5280924397334044,85.30544110347935,0.03166879713535309,0.7051149010658264,0.9696242809295654,0.04968435400041926
3.5033301392650262,3.642624069351493,1.5280924397334044,85.35414166248495,0.03731417655944824,0.7080706357955933,0.9696627855300903,0.0502242219999971
3.5033301392650262,3.642624069351493,1.5280924397334044,85.40241968362683,0.043021202087402344,0.711059033870697,0.9697017669677734,0.04978646299969114
3.5042477616855265,3.6611340615388737,1.5068940617823607,85.45086793196693,0.0018870681524276733,0.6888611912727356,0.9655880928039551,0.05017486100041424
3.5042477616855265,3.6611340615388737,1.5068940617823607,85.49899853099785,0.006658822298049927,0.6922937035560608,0.9656068682670593,0.04984492199946544
3.5042477616855265,3.6611340615388737,1.5068940617823607,85.54730537664818,0.011399269104003906,0.6957038044929504,0.9656252861022949,0.05002649200014275
3.5042477616855265,3.6611340615388737,1.5068940617823607,85.59558698270932,0.016157135367393494,0.6991263031959534,0.9656438827514648,0.0499993910007106
3.5042477616855265,3.6611340615388737,1.5068940617823607,85.6445061859022,0.020912379026412964,0.702547013759613,0.9656625986099243,0.05065869099962583
3.5049312533789903,3.667419652687438,1.5891457760437442,85.69212834607474,0.005000844597816467,0.6938621401786804,0.966029167175293,0.049296813999717415
3.5049312533789903,3.667419652687438,1.5891457760437442,85.740947586867,0.009691417217254639,0.6972360014915466,0.9660475850105286,0.050535027000478294
3.5049312533789903,3.667419652687438,1.5891457760437442,85.78984433808378,0.014499574899673462,0.7006949782371521,0.966066300868988,0.05061428099998011
3.5075948200997904,3.6414306166501835,1.6523584357561902,85.83737971053594,0.08688755333423615,0.7404149770736694,0.9693398475646973,0.04903891300000396
3.5075948200997904,3.6414306166501835,1.6523584357561902,85.88571782331593,0.09238910675048828,0.7444179654121399,0.9687668085098267,0.0498965409997254
3.5075948200997904,3.6414306166501835,1.6523584357561902,85.93560753047251,0.0973196029663086,0.7482532858848572,0.9682831764221191,0.051523881000321126
3.515390257605867,3.6172228264625956,1.7073758297882036,85.9822398060211,0.1780269891023636,0.7647088766098022,0.9635218977928162,0.04839773299954686
3.515390257605867,3.6172228264625956,1.7073758297882036,86.03082603391044,0.1859196275472641,0.7574505805969238,0.9633619785308838,0.050434030999895185
3.5195170748542486,3.599637700877142,1.7683045622856421,86.08000724174013,0.26062440872192383,0.2291666865348816,0.9895855784416199,0.04969879200052674
3.5195170748542486,3.599637700877142,1.7683045622856421,86.12965256729001,0.26570743322372437,0.19394680857658386,0.9899353981018066,0.05015006599933258
3.5195170748542486,3.599637700877142,1.7683045622856421,86.17887980252549,0.27083855867385864,0.1583954095840454,0.9902881979942322,0.049710009000591526
3.5146132569405557,3.606082708148833,1.8237577808135583,86.22855221397562,0.24930794537067413,0.19097104668617249,0.9907146096229553,0.050137962000007974
3.5146132569405557,3.606082708148833,1.8237577808135583,86.27797271927888,0.2544267773628235,0.15590578317642212,0.991047739982605,0.04986692700003914
3.5146132569405557,3.606082708148833,1.8237577808135583,86.32796874499091,0.2594454288482666,0.12450429797172546,0.9912493228912354,0.050437386999874434
3.5167914052347955,3.606213605415851,1.8836706398539727,86.37720481111813,0.256938636302948,0.0771695077419281,0.9899611473083496,0.04973535199951584
3.5167914052347955,3.606213605415851,1.8836706398539727,86.42675854738287,0.2621273994445801,0.053038060665130615,0.9899893999099731,0.050054815000294184
3.5167914052347955,3.606213605415851,1.8836706398539727,86.47617547256202,0.2673497796058655,0.028750181198120117,0.9900177717208862,0.04991519000031985
3.5167914052347955,3.606213605415851,1.8836706398539727,86.52558721924166,0.27255773544311523,0.0045302510261535645,0.9900463223457336,0.04990851999991719
3.5167914052347955,3.606213605415851,1.8836706398539727,86.5751234422122,0.27776503562927246,-0.019686490297317505,0.9900744557380676,0.05003282599955128
3.5048595256191675,3.6243722124287054,1.9959885096155128,86.6246313214777,0.21870888769626617,0.2213245928287506,0.9900581240653992,0.0500050230002671
3.5048595256191675,3.6243722124287054,1.9959885096155128,86.67402194012648,0.22395986318588257,0.19660279154777527,0.9900742173194885,0.04988577400035865
3.5048595256191675,3.6243722124287054,1.9959885096155128,86.72357502155155,0.22919856011867523,0.1719413697719574,0.9900902509689331,0.05004905499936285
3.5048595256191675,3.6243722124287054,1.9959885096155128,86.77307059821796,0.23444631695747375,0.14719823002815247,0.9901008009910583,0.04999044200030767
3.5048595256191675,3.6243722124287054,1.9959885096155128,86.82258475221491,0.2396291196346283,0.12248799204826355,0.990067720413208,0.050010875999760174
3.5048595256191675,3.6243722124287054,1.9959885096155128,86.87225876900382,0.24481375515460968,0.0977683961391449,0.9900345206260681,0.05017402500016033
3.4941882920408065,3.643056136646248,2.0847515484262162,86.92163452341669,0.19322405755519867,0.454706609249115,0.988533079624176,0.04994850999992195
3.4941882920408065,3.643056136646248,2.0847515484262162,86.97091564900488,0.20023711025714874,0.40591803193092346,0.9887672662734985,0.04984097600026871
3.4941882920408065,3.643056136646248,2.0847515484262162,87.02157045166429,0.20484904944896698,0.3620932698249817,0.9887878894805908,0.05122918999950343
3.4941882920408065,3.643056136646248,2.0847515484262162,87.06980763230139,0.20955047011375427,0.31769758462905884,0.9888290762901306,0.04878212200037524
3.4941882920408065,3.643056136646248,2.0847515484262162,87.11939316303051,0.21398672461509705,0.2745828628540039,0.9888279438018799,0.05014576200028387
3.4815740406065436,3.6722733088994004,2.136790726591092,87.16835931261858,0.10155574977397919,0.722657322883606,0.9790988564491272,0.05001144600009866
3.4815740406065436,3.6722733088994004,2.136790726591092,87.21719172746778,0.10703559219837189,0.7244907021522522,0.9776533246040344,0.04994859999987966
3.4815740406065436,3.6722733088994004,2.136790726591092,87.26589880134192,0.11258719116449356,0.7259069681167603,0.9760065674781799,0.049904452999726345
3.46984094421907,3.6938254716161536,2.1785700655836076,87.3148533490487,0.04922552406787872,0.7070896029472351,0.9790344834327698,0.05000288399969577
3.46984094421907,3.6938254716161536,2.1785700655836076,87.36391405443061,0.05382901430130005,0.7083687782287598,0.9789365530014038,0.05011632800051302
3.459449786958063,3.714979655507582,2.227344520934317,87.41260055649855,0.0005485862493515015,0.6874828934669495,0.9753996133804321,0.049914415999410267
3.459449786958063,3.714979655507582,2.227344520934317,87.46149009360934,0.0035824179649353027,0.6887109279632568,0.9755310416221619,0.050115818999984185
3.459449786958063,3.714979655507582,2.227344520934317,87.51010649618267,0.007162109017372131,0.6912333369255066,0.9751619696617126,0.049854695000249194
3.4523825650745894,3.7304250978858104,2.2838345134336744,87.55873260379292,0.0,0.6831484436988831,0.9706134796142578,0.05009832300038397
3.4523825650745894,3.7304250978858104,2.2838345134336744,87.60731992680675,0.0,0.6841512322425842,0.9702935814857483,0.05007486799968319
3.4523825650745894,3.7304250978858104,2.2838345134336744,87.65567370154103,0.0,0.6852181553840637,0.9700794816017151,0.04984516800050187
3.441158399734377,3.736698720106541,2.3489943899766095,87.70428972289231,0.0,0.6819172501564026,0.9716407060623169,0.05003497799953038
3.441158399734377,3.736698720106541,2.3489943899766095,87.75284254629119,0.0,0.6829113364219666,0.9714236855506897,0.04998109900043346
3.4336989785385206,3.745199472367856,2.4161762530681954,87.80138541364363,0.0,0.6794553399085999,0.9711857438087463,0.049983092999354994
3.4336989785385206,3.745199472367856,2.4161762530681954,87.84998827115557,0.0,0.6805968880653381,0.9710562825202942,0.0500515350004207
3.4336989785385206,3.745199472367856,2.4161762530681954,87.8984498218998,0.0,0.6817421317100525,0.9709265828132629,0.04991268300000229
3.44206684096736,3.7472686584485633,2.4746895048155992,87.94700654443066,0.0,0.6850492358207703,0.9685249924659729,0.0501347130002614
3.44206684096736,3.7472686584485633,2.4746895048155992,87.99533994467217,0.0007914751768112183,0.6860700845718384,0.9684717059135437,0.049906878999536275
3.44206684096736,3.7472686584485633,2.4746895048155992,88.04387621710988,0.0036120563745498657,0.6870861649513245,0.9684185981750488,0.05011910400025954
3.446563167737122,3.743354464361171,2.547639119301591,88.0922802109377,0.02218984067440033,0.6930059790611267,0.9691145420074463,0.04994661799992173
3.446563167737122,3.743354464361171,2.547639119301591,88.14069268598512,0.02501961588859558,0.694021999835968,0.9690886735916138,0.04995670300013444
3.446563167737122,3.743354464361171,2.547639119301591,88.18922097779993,0.02784968912601471,0.6950379014015198,0.9690626263618469,0.05007755999940855
3.433161851867479,3.7586730164218083,2.6216194188620046,88.2378205694009,0.009567663073539734,0.687388002872467,0.9683276414871216,0.050189202000183286
3.433161851867479,3.7586730164218083,2.6216194188620046,88.28592828529241,0.012769117951393127,0.6880480647087097,0.9681416153907776,0.049690783999722044
3.433161851867479,3.7586730164218083,2.6216194188620046,88.33435192226999,0.01587018370628357,0.6886906027793884,0.9679908156394958,0.050024893000227166
3.41488379490443,3.776473221419331,2.6833996396609687,88.38312401711636,0.0,0.6991612315177917,0.9709194898605347,0.05023289300061151
3.41488379490443,3.776473221419331,2.6833996396609687,88.43151289797056,0.0,0.6983080506324768,0.9705227017402649,0.049858576999213255
3.414773478365937,3.778272449157302,2.748260890983259,88.4800145149292,0.0,0.7056317925453186,0.9715485572814941,0.049921969000024546
3.414773478365937,3.778272449157302,2.748260890983259,88.52858828675616,0.0,0.7052139639854431,0.9710922241210938,0.0500197310002477
3.414773478365937,3.778272449157302,2.748260890983259,88.57741451868236,0.0,0.7047705054283142,0.9706297516822815,0.05030366299979505
3.426594382038313,3.779893769343765,2.802050465170066,88.62561278520558,0.007869541645050049,0.7074303030967712,0.9670264720916748,0.04984172400054376
3.426594382038313,3.779893769343765,2.802050465170066,88.67383590443367,0.01127709448337555,0.7073088884353638,0.9666932225227356,0.04988461499942787
3.426594382038313,3.779893769343765,2.802050465170066,88.72341848712787,0.014735281467437744,0.7071627974510193,0.9664047360420227,0.05130622900014714
3.431073283498422,3.779612648484958,2.877842295594835,88.77083044389605,0.02651152014732361,0.7149096727371216,0.9668306112289429,0.04903853500036348
3.431073283498422,3.779612648484958,2.877842295594835,88.8192537656729,0.030519410967826843,0.714672863483429,0.9665189385414124,0.05010074799974973
3.436846579613272,3.7886267773813294,2.9395283659950677,88.867431419494,0.035225480794906616,0.714145839214325,0.9732314348220825,0.049502771999868855
3.436846579613272,3.7886267773813294,2.9395283659950677,88.91662160190285,0.03972068428993225,0.7133843302726746,0.9727339744567871,0.05056899800001702
3.436846579613272,3.7886267773813294,2.9395283659950677,88.96470044678757,0.04419468343257904,0.7125236988067627,0.9722013473510742,0.04945358799977839
3.4342908279568727,3.7943231341196224,3.001232973124627,89.01389947143255,0.047164127230644226,0.7120446562767029,0.9791062474250793,0.05024891300035961
3.4342908279568727,3.7943231341196224,3.001232973124627,89.06249765812017,0.051339805126190186,0.7110593914985657,0.9784891605377197,0.04966655600037484
3.4342908279568727,3.7943231341196224,3.001232973124627,89.11144492104212,0.055464379489421844,0.7100863456726074,0.9778796434402466,0.050054485999680765
3.4372107820424245,3.8019150627895537,3.0544349909304596,89.16061210755214,0.0778445452451706,0.6980814337730408,0.9815079569816589,0.05009351799981232
3.4372107820424245,3.8019150627895537,3.0544349909304596,89.20953106476018,0.08258040249347687,0.6960569024085999,0.9804372191429138,0.04989504300010594
3.4335896980067804,3.7861504786610287,3.1172972546379807,89.25877716557538,0.11227574199438095,0.6808033585548401,0.9850489497184753,0.049993556999652355
3.4335896980067804,3.7861504786610287,3.1172972546379807,89.30801554863707,0.11599723994731903,0.678546130657196,0.9846455454826355,0.050006201000542205
3.4335896980067804,3.7861504786610287,3.1172972546379807,89.35722234458318,0.12019970268011093,0.6762457489967346,0.9841988682746887,0.049996802000350726
3.434101986249857,3.790731589395049,-3.0947667205466445,89.39726197955166,0.06411046534776688,-0.8,0.8002016544342041,0.05003693099934026
3.434101986249857,3.790731589395049,-3.0947667205466445,89.43715010045061,0.06392858922481537,-0.8,0.7990874648094177,0.049917090000235476
3.434101986249857,3.790731589395049,-3.0947667205466445,89.47707829690127,0.06374768912792206,-0.8,0.7979774475097656,0.05003674799991131
3.4205644064928165,3.8000163887659086,-3.0107667544557697,89.51753193232605,0.058726727962493896,-0.8,0.8079734444618225,0.05006802600019
3.4205644064928165,3.8000163887659086,-3.0107667544557697,89.55917792613829,0.05828239768743515,-0.8,0.806894838809967,0.05161266599952796
3.41721252914604,3.806956257036639,-2.949600057312818,89.59803540901886,0.05785262584686279,-0.8,0.8042084574699402,0.048317675000362215
3.41721252914604,3.806956257036639,-2.949600057312818,89.63828960256495,0.05754794180393219,-0.8,0.8030351996421814,0.050127557999985584
3.41721252914604,3.806956257036639,-2.949600057312818,89.67858078302842,0.057232290506362915,-0.8,0.8018195629119873,0.05024968500038085
3.41721252914604,3.806956257036639,-2.949600057312818,89.71833183136434,0.05691622197628021,-0.8,0.8006030917167664,0.04965137999988656
3.41721252914604,3.806956257036639,-2.949600057312818,89.75863305132106,0.056604623794555664,-0.8,0.7994030714035034,0.050414141999681306
3.41721252914604,3.806956257036639,-2.949600057312818,89.79822682892791,0.0562884584069252,-0.8,0.7981861233711243,0.04960469300021941
3.41721252914604,3.806956257036639,-2.949600057312818,89.83808022740244,0.05597786605358124,-0.8,0.7969904541969299,0.050004863000140176
3.41721252914604,3.806956257036639,-2.949600057312818,89.8780421438961,0.05566534399986267,-0.8,0.7957873344421387,0.050216828999509744
3.41721252914604,3.806956257036639,-2.949600057312818,89.91758505044031,0.05535196512937546,-0.8,0.7945807576179504,0.04976574900047126
3.3827883104131984,3.80834549635922,-3.0744732744950736,89.96047162528032,0.05272762477397919,-0.7848422527313232,0.8581826090812683,0.04997371699937503
3.3827883104131984,3.80834549635922,-3.0744732744950736,90.00339426607596,0.052394941449165344,-0.7813579440116882,0.8573989868164062,0.050061455000104615
3.343118405705951,3.810449452668635,3.1219562493788624,90.0525089605541,0.0006737262010574341,0.7529492974281311,0.9804003834724426,0.05009656800029916
3.343118405705951,3.810449452668635,3.1219562493788624,90.10136873708727,0.004779636859893799,0.7506670355796814,0.9805091023445129,0.04983102799997141
3.343118405705951,3.810449452668635,3.1219562493788624,90.15081942236998,0.00879688560962677,0.7481629252433777,0.9806055426597595,0.05042872299964074
3.3078000610457283,3.806402236771264,3.029359449155431,90.20017291828036,0.0,0.733284056186676,0.9960152506828308,0.04955094400065718
3.3078000610457283,3.806402236771264,3.029359449155431,90.25008281292139,0.0,0.7335585355758667,0.9956926107406616,0.0501258059994143
3.3078000610457283,3.806402236771264,3.029359449155431,90.29980204855796,0.0,0.7338716983795166,0.9952730536460876,0.04995537200011313
3.27367829471392,3.8120041347576605,2.9477686918269814,90.34976368555776,0.0,0.7245745658874512,1.0,0.04996163699979661
3.27367829471392,3.8120041347576605,2.9477686918269814,90.39972540355807,0.0,0.7261434197425842,1.0,0.049961718000304245
3.27367829471392,3.8120041347576605,2.9477686918269814,90.44985984555801,0.0,0.7277124524116516,1.0,0.0501344419999441
3.253535949413051,3.816637971716462,2.9369739880160526,90.49980743755854,0.0,0.7216410040855408,1.0,0.049947592000535224
3.253535949413051,3.816637971716462,2.9369739880160526,90.54997514355777,0.0,0.7232376933097839,1.0,0.05016770599922893
3.253535949413051,3.816637971716462,2.9369739880160526,90.59973777155805,0.0,0.7248204946517944,1.0,0.04976262800028053
3.241220204907502,3.8179359399837556,3.000323452461579,90.6498479995585,0.0,0.7241223454475403,1.0,0.05011022800044884
3.241220204907502,3.8179359399837556,3.000323452461579,90.69975050255793,0.0,0.7255828976631165,1.0,0.04990250299943
3.230322528814394,3.8184128412728335,3.088140999025342,90.74972953755837,0.0,0.7252228856086731,1.0,0.049979035000433214
3.230322528814394,3.8184128412728335,3.088140999025342,90.79979573055839,0.0,0.7271270155906677,1.0,0.050066193000020576
3.230322528814394,3.8184128412728335,3.088140999025342,90.8497376285582,0.0,0.7289035320281982,1.0,0.04994189799981541
3.2496186661021986,3.8244520435158984,-3.1064448259513457,90.89893884352676,0.06162460148334503,-0.44815364480018616,0.9832937121391296,0.050037150000207475
3.2496186661021986,3.8244520435158984,-3.1064448259513457,90.94825875824802,0.060967132449150085,-0.44232916831970215,0.9820099472999573,0.05022343699965859
3.2496186661021986,3.8244520435158984,-3.1064448259513457,90.99814063422458,0.06030787527561188,-0.436490535736084,0.9807232022285461,0.05086233899965009
3.2701497965127486,3.826218919490738,-3.029646528367496,91.04489740369745,0.0559859499335289,-0.4612346887588501,0.954347550868988,0.0489934400002312
3.2701497965127486,3.826218919490738,-3.029646528367496,91.09256392388755,0.05592106282711029,-0.4579545259475708,0.9537519812583923,0.04997789899971394
3.2701497965127486,3.826218919490738,-3.029646528367496,91.1402463248663,0.056031107902526855,-0.4540695548057556,0.9530662298202515,0.05003052200027014
3.2946095373189728,3.824561467805534,-2.956542253712837,91.18628804832571,0.05748189985752106,-0.5313693284988403,0.9232549667358398,0.04986891499993362
3.2946095373189728,3.824561467805534,-2.956542253712837,91.23258624644568,0.05761808156967163,-0.5279645323753357,0.9220542311668396,0.05021201199997449
3.3027389482090683,3.8280111175037805,-2.901018170974002,91.2776292527128,0.05908653140068054,-0.568169891834259,0.9030104279518127,0.049880937000125414
3.3027389482090683,3.8280111175037805,-2.901018170974002,91.32265340362386,0.05920892953872681,-0.565076470375061,0.9018154144287109,0.049926126999707776
3.3027389482090683,3.8280111175037805,-2.901018170974002,91.35939833625136,0.041979774832725525,-0.8,0.7319815158843994,0.05019926300064981
3.3027389482090683,3.8280111175037805,-2.901018170974002,91.39576701947824,0.04254242777824402,-0.8,0.729549765586853,0.04985085999942385
3.3027389482090683,3.8280111175037805,-2.901018170974002,91.43206972485635,0.04309941828250885,-0.8,0.7271429896354675,0.04992512600074406
3.29656367799706,3.8250637510932424,-2.9976819811520903,91.46818725871924,0.04436558485031128,-0.8,0.7224135994911194,0.04999564499939879
3.29656367799706,3.8250637510932424,-2.9976819811520903,91.50422625678344,0.044918522238731384,-0.8,0.7200232744216919,0.05005254600018816
3.29656367799706,3.8250637510932424,-2.9976819811520903,91.54014011670628,0.04547038674354553,-0.8,0.7176383137702942,0.0500445130001026
3.2743787072677444,3.821714296071833,-3.0640305666299184,91.5770115155955,0.03229860961437225,-0.8,0.7380234003067017,0.049959660999775224
3.2743787072677444,3.821714296071833,-3.0640305666299184,91.6138282588723,0.03286318480968475,-0.8,0.7355833053588867,0.05005108600016683
3.2743787072677444,3.821714296071833,-3.0640305666299184,91.6504652628685,0.033427029848098755,-0.8,0.7331467270851135,0.049972267000157444
3.2488285380752178,3.8168812229985254,-3.1176972823874824,91.68722117087393,0.033939018845558167,-0.8,0.735407292842865,0.04998034199979884
3.2488285380752178,3.8168812229985254,-3.1176972823874824,91.72385948500742,0.03445495665073395,-0.8,0.7331600189208984,0.04997314800039021
3.226963843891075,3.8170473722032163,3.0881057040347084,91.7738147120068,0.04529310762882233,0.6596232056617737,1.0,0.049955226999372826
3.226963843891075,3.8170473722032163,3.0881057040347084,91.8238889910068,0.05556463450193405,0.6556296944618225,1.0,0.05007427900000039
3.226963843891075,3.8170473722032163,3.0881057040347084,91.87382919700723,0.06489352136850357,0.6343751549720764,1.0,0.04994020600042859
3.2039698386116853,3.816884430014814,3.019510309007581,91.92387129500695,0.03777410089969635,0.6308091878890991,1.0,0.05004209799972159
3.2039698386116853,3.816884430014814,3.019510309007581,91.9738374990071,0.04612760245800018,0.5703724026679993,1.0,0.04996620400015672
3.2039698386116853,3.816884430014814,3.019510309007581,92.02392299900713,0.05449160188436508,0.48341935873031616,1.0,0.050085500000022876
3.1794743046575564,3.823244597094356,2.9458577718977357,92.07381612100708,0.0,0.6434016227722168,1.0,0.04989312199995766
3.1794743046575564,3.823244597094356,2.9458577718977357,92.12627502800716,0.008902356028556824,0.6416915059089661,1.0,0.05245890700007294
3.1794743046575564,3.823244597094356,2.9458577718977357,92.17382345800671,0.020169228315353394,0.637991189956665,1.0,0.047548429999551445
3.1617504869942614,3.833345514875058,2.933601360561787,92.22392806800745,0.0,0.6570984721183777,1.0,0.05010461000074429
3.1617504869942614,3.833345514875058,2.933601360561787,92.27383720200724,0.0,0.6589137315750122,1.0,0.049909133999790356
3.1559503265158355,3.8345847366994956,3.0017111239997107,92.32386348400688,0.0016271024942398071,0.6636157631874084,1.0,0.0500262819996351
3.1559503265158355,3.8345847366994956,3.0017111239997107,92.37398150900718,0.011738255620002747,0.6639932990074158,1.0,0.050118025000301714
3.1559503265158355,3.8345847366994956,3.0017111239997107,92.423921472007,0.02252240478992462,0.663722574710846,1.0,0.04993996299981518
3.155895252665183,3.835255868214267,3.07221804562888,92.473844260007,0.03819496929645538,0.6635693907737732,1.0,0.04992278800000349
3.155895252665183,3.835255868214267,3.07221804562888,92.52388428300729,0.04919661581516266,0.6600713729858398,1.0,0.05004002300029242
3.155895252665183,3.835255868214267,3.07221804562888,92.57385532400677,0.06022423505783081,0.6565650105476379,1.0,0.049971040999480465
3.177840667074633,3.8375968887545406,3.132386850553174,92.62423121583203,0.10468505322933197,0.5434507727622986,0.9971387982368469,0.05052044100011699
3.177840667074633,3.8375968887545406,3.132386850553174,92.67335455366518,0.11375933885574341,0.42200279235839844,0.993521511554718,0.04944365800020023
3.190293687051621,3.837702397433056,-3.0902359076032764,92.71155124406937,0.02263200283050537,-0.8,0.7635955810546875,0.050022147000163386
3.190293687051621,3.837702397433056,-3.0902359076032764,92.74960425359787,0.023364171385765076,-0.8,0.7614215612411499,0.04997627000011562
3.190293687051621,3.837702397433056,-3.0902359076032764,92.78801868523381,0.02409343421459198,-0.8,0.7592557668685913,0.05059484999947017
3.197512806494646,3.8351075883386407,-3.0245483741142793,92.82402755943725,0.03208044171333313,-0.8,0.7283120155334473,0.04944154900022113
3.197512806494646,3.8351075883386407,-3.0245483741142793,92.86287299699521,0.03277052938938141,-0.8,0.7262625694274902,0.053486767999856966
3.197512806494646,3.8351075883386407,-3.0245483741142793,92.89651786438789,0.03355662524700165,-0.8,0.7238746881484985,0.046478856000248925
3.207916033478114,3.8351228076949924,-2.9638438606181734,92.93121854281257,0.04142233729362488,-0.8,0.6931965947151184,0.05005892799999856
3.207916033478114,3.8351228076949924,-2.9638438606181734,92.96571370056283,0.04219691455364227,-0.8,0.6907561421394348,0.04993825699966692
3.207916033478114,3.8351228076949924,-2.9638438606181734,93.00022991545715,0.042966991662979126,-0.8,0.6883300542831421,0.05014486100026261
3.2290797762929655,3.839720163850191,-2.952651827975158,93.03313756385317,0.05007617175579071,-0.8,0.6567753553390503,0.05010487700019439
3.2290797762929655,3.839720163850191,-2.952651827975158,93.0657465022545,0.05112537741661072,-0.8,0.6542426943778992,0.04984226599935937
3.2290797762929655,3.839720163850191,-2.952651827975158,93.09846908770551,0.05216491222381592,-0.8,0.651732861995697,0.05020858600073552
3.2290797762929655,3.839720163850191,-2.952651827975158,93.1307891095891,0.0532078742980957,-0.8,0.6492143273353577,0.04978328499964846
3.2290797762929655,3.839720163850191,-2.952651827975158,93.16315008506494,0.054238319396972656,-0.8,0.6467265486717224,0.05003811200003838
3.2353048431721056,3.8346300816654257,-3.0689060450280663,93.1964902391212,0.04762372374534607,-0.8,0.6679999232292175,0.04991041599987511
3.2353048431721056,3.8346300816654257,-3.0689060450280663,93.22978621722233,0.04867835342884064,-0.8,0.665582537651062,0.05002531799982535
3.2353048431721056,3.8346300816654257,-3.0689060450280663,93.26289940692138,0.04980821907520294,-0.8,0.6626465916633606,0.04997111600005155
3.189961294856009,3.8357143642738576,3.1231487508399445,93.30854676258609,0.25184911489486694,-0.5808389782905579,0.9132331013679504,0.04998434200024349
3.189961294856009,3.8357143642738576,3.1231487508399445,93.35462769209713,0.28351688385009766,-0.5580744743347168,0.9165846705436707,0.05027460200017231
3.189961294856009,3.8357143642738576,3.1231487508399445,93.40039272209404,0.2942638397216797,-0.5553461313247681,0.9165165424346924,0.04993366500002594
3.16647539926868,3.8371832919668742,3.051744228660233,93.44723017386784,0.257476806640625,-0.4180923402309418,0.9397792220115662,0.04983878199982428
3.16647539926868,3.8371832919668742,3.051744228660233,93.4942838605899,0.2673530876636505,-0.4690907597541809,0.9397762417793274,0.05006903199955559
3.141025012490792,3.839969758164047,2.9635608578092376,93.54163485767135,0.2232634425163269,-0.04455983638763428,0.9485318064689636,0.049920305000341614
3.141025012490792,3.839969758164047,2.9635608578092376,93.58909379196494,0.23322707414627075,-0.1074090301990509,0.9476694464683533,0.050079628999810666
3.141025012490792,3.839969758164047,2.9635608578092376,93.6363631669984,0.24321331083774567,-0.17040112614631653,0.9468050003051758,0.04992514300010953
3.120477321282299,3.8430153962060176,2.859771889932527,93.68427077709529,0.2120334655046463,0.35947781801223755,0.9565795660018921,0.050082200999895576
3.120477321282299,3.8430153962060176,2.859771889932527,93.73206265592421,0.2223738580942154,0.2584284842014313,0.9565382599830627,0.04996337400007178
3.120477321282299,3.8430153962060176,2.859771889932527,93.78215828199895,0.23240861296653748,0.19744795560836792,0.955855667591095,0.05240919500010932
3.1012345427045287,3.8501155160718272,2.8109793425519563,93.828164590014,0.17821277678012848,0.7279018759727478,0.9665034413337708,0.04760076999991725
3.1012345427045287,3.8501155160718272,2.8109793425519563,93.87619328665595,0.19282929599285126,0.7120186686515808,0.9623525142669678,0.04990759199972672
3.0859930656910963,3.8585321912736616,2.735482236495408,93.92458568962793,0.13770772516727448,0.7598628997802734,0.9673378467559814,0.050026372000502306
3.0859930656910963,3.8585321912736616,2.735482236495408,93.97302221046813,0.1487971395254135,0.7634497284889221,0.9667957425117493,0.05010005599979195
3.0859930656910963,3.8585321912736616,2.735482236495408,94.02121742376325,0.1602233201265335,0.7643446326255798,0.9648362398147583,0.04995170300026075
3.0859930656910963,3.8585321912736616,2.735482236495408,94.07067282243288,0.17161540687084198,0.764180600643158,0.9624785780906677,0.051383375999648706
3.0630010199796427,3.869359504049716,2.69108917391563,94.11765303609444,0.1006808876991272,0.7445440888404846,0.9648093581199646,0.048693779000132054
3.0630010199796427,3.869359504049716,2.69108917391563,94.16569892777882,0.11162757873535156,0.7506167888641357,0.9636622667312622,0.049857603999953426
3.0630010199796427,3.869359504049716,2.69108917391563,94.2142445864033,0.12283734977245331,0.756848156452179,0.9624836444854736,0.050437904999853345
3.0630010199796427,3.869359504049716,2.69108917391563,94.26371969706237,0.1342688798904419,0.7627996802330017,0.9613343477249146,0.05146504000003915
3.0630010199796427,3.869359504049716,2.69108917391563,94.3099251513229,0.14671927690505981,0.7678855061531067,0.9603738784790039,0.048111944000083895
3.0630010199796427,3.869359504049716,2.69108917391563,94.35805011220958,0.15850727260112762,0.7727432250976562,0.959507167339325,0.05015591600022162
3.0630010199796427,3.869359504049716,2.69108917391563,94.40591549900037,0.17010167241096497,0.7776045799255371,0.9587274193763733,0.049925960000109626
3.0630010199796427,3.869359504049716,2.69108917391563,94.45495104528729,0.18132632970809937,0.7820332646369934,0.9581845998764038,0.05117546899964509
3.054518129134329,3.8798230168696426,2.784192238242182,94.50183975983894,0.15591570734977722,0.7673637866973877,0.9606220722198486,0.04881078200014599
3.054518129134329,3.8798230168696426,2.784192238242182,94.5499814111938,0.16709895431995392,0.7719598412513733,0.959852397441864,0.050155265000285
3.0727860705338266,3.873317285855805,2.8504503110604418,94.59773372207218,0.2535991072654724,0.7330935597419739,0.9594380259513855,0.049771125999541255
3.0727860705338266,3.873317285855805,2.8504503110604418,94.64559175604589,0.2713325023651123,0.7041535973548889,0.9572471380233765,0.049995484000646684
3.0727860705338266,3.873317285855805,2.8504503110604418,94.69331785654445,0.28902170062065125,0.6744205355644226,0.9541568160057068,0.05001913699925353
3.0864516207427815,3.869132691478567,2.944749782984169,94.740646142613,0.3285302519798279,0.06555989384651184,0.9463140964508057,0.05001329500009888
3.0864516207427815,3.869132691478567,2.944749782984169,94.78792497569317,0.3386980891227722,-0.00018352270126342773,0.9449118971824646,0.05003517600016494
3.0864516207427815,3.869132691478567,2.944749782984169,94.83505071327932,0.3488551378250122,-0.06585732102394104,0.9435113072395325,0.04994718899979489
3.0994846189018648,3.862992090461407,3.032879596574994,94.88229693649153,0.38805145025253296,-0.4921625256538391,0.944033145904541,0.050047208000250976
3.0994846189018648,3.862992090461407,3.032879596574994,94.92948901106493,0.39919447898864746,-0.4892309308052063,0.9439597129821777,0.049993738000011945
3.107314992987917,3.8609794520187304,3.1234863078636095,94.97595259100711,0.42148417234420776,-0.5141898989677429,0.9300018548965454,0.04996073900019837
3.107314992987917,3.8609794520187304,3.1234863078636095,95.02240834516297,0.4311559796333313,-0.5168161988258362,0.9280621409416199,0.05005672799961758
3.107314992987917,3.8609794520187304,3.1234863078636095,95.06864287677708,0.4408262372016907,-0.5194419622421265,0.9261228442192078,0.04992267699981312
3.1128268095607803,3.8639684564693426,-3.0686676344987,95.10296371729862,0.13347822427749634,-0.8,0.686503529548645,0.049993684000583016
3.1128268095607803,3.8639684564693426,-3.0686676344987,95.13730666104287,0.1353592574596405,-0.8,0.685953676700592,0.05006598099953408
3.1128268095607803,3.8639684564693426,-3.0686676344987,95.17154368500748,0.13724125921726227,-0.8,0.6854031682014465,0.049951656999837724
3.0945008971521517,3.8666551449123205,-3.0364889636287864,95.20586550202319,0.12328962981700897,-0.8,0.6858968138694763,0.050039330000799964
3.0945008971521517,3.8666551449123205,-3.0364889636287864,95.24026980426122,0.1251707375049591,-0.8,0.685346782207489,0.05019984499995189
3.0945008971521517,3.8666551449123205,-3.0364889636287864,95.27437128178204,0.12705616652965546,-0.8,0.6847952604293823,0.049798062999798276
3.0945008971521517,3.8666551449123205,-3.0364889636287864,95.30856645183607,0.12892507016658783,-0.8,0.6842488646507263,0.04997475599975587
3.0945008971521517,3.8666551449123205,-3.0364889636287864,95.34277056074266,0.1307990401983261,-0.8,0.6837009191513062,0.05002788199999486
3.0458424115049945,3.868610472853493,-3.0631494683830076,95.37942300023138,0.09570004045963287,-0.8,0.7334974408149719,0.04996941700028401
3.0458424115049945,3.868610472853493,-3.0631494683830076,95.4161567824723,0.09663653373718262,-0.8,0.7339425683021545,0.05004994099999749
3.0458424115049945,3.868610472853493,-3.0631494683830076,95.4528442227328,0.09757501631975174,-0.8,0.7343885898590088,0.04995644100017671
3.009278404437192,3.866880587661806,-3.1231786841169584,95.49315435164642,0.07464532554149628,-0.762798547744751,0.7916601300239563,0.05091847799940297
3.009278404437192,3.866880587661806,-3.1231786841169584,95.53205718750006,0.07567530870437622,-0.7608703374862671,0.7921494841575623,0.04911047299992788
3.009278404437192,3.866880587661806,-3.1231786841169584,95.57207157786992,0.07666922360658646,-0.7590088248252869,0.7926217913627625,0.0504835860001549
2.9655523570626356,3.8732502210828548,3.0902029962435225,95.6200423394724,0.2014894187450409,-0.11010581254959106,0.9687890410423279,0.04951621000054729
2.9655523570626356,3.8732502210828548,3.0902029962435225,95.67082028648048,0.21253973245620728,-0.1619844138622284,0.9678528904914856,0.05246452999926987
2.9655523570626356,3.8732502210828548,3.0902029962435225,95.71747180738998,0.22430962324142456,-0.21492087841033936,0.9668385982513428,0.04825161200005823
2.950702414350568,3.8643740675407594,2.990292730128732,95.7655008334601,0.20548111200332642,-0.22609394788742065,0.9746848940849304,0.04927646500073024
2.950702414350568,3.8643740675407594,2.990292730128732,95.81420542456881,0.2163199484348297,-0.265703946352005,0.9736749529838562,0.05002140699980373
2.9185343382254407,3.871821830672546,2.8941392565783213,95.86280019663535,0.1326184868812561,0.6818987727165222,0.9720320701599121,0.04999297199992725
2.9185343382254407,3.871821830672546,2.8941392565783213,95.91132120016881,0.14786162972450256,0.6739919781684875,0.9711001515388489,0.04996498399941629
2.9185343382254407,3.871821830672546,2.8941392565783213,95.95987576750723,0.16441410779953003,0.6551828980445862,0.972423255443573,0.049931516000469855
2.8920649055024135,3.8795128487449273,2.829014539901796,96.00890168500771,0.07399806380271912,0.715442419052124,0.9790371060371399,0.05007564799961983
2.8920649055024135,3.8795128487449273,2.829014539901796,96.057785054754,0.08672669529914856,0.7205854058265686,0.9775245785713196,0.050007305000690394
2.8920649055024135,3.8795128487449273,2.829014539901796,96.10651792012058,0.09994789958000183,0.7263113856315613,0.9753689169883728,0.04996352099988144
2.8607611495229333,3.888757250751241,2.776293973056114,96.15776883573456,0.012872368097305298,0.712913990020752,0.977103054523468,0.05245190400000865
2.8607611495229333,3.888757250751241,2.776293973056114,96.2041268844575,0.021199136972427368,0.7170831561088562,0.9749414920806885,0.04754956999931892
2.8528695076166404,3.8920601124516567,2.7489702779485943,96.25296409512663,0.0069617778062820435,0.7155399918556213,0.9752839207649231,0.050074865000169666
2.8528695076166404,3.8920601124516567,2.7489702779485943,96.30152970673755,0.015325352549552917,0.7207489609718323,0.9729416370391846,0.04991626399987581
2.8528695076166404,3.8920601124516567,2.7489702779485943,96.35006602385725,0.023642733693122864,0.7259290218353271,0.9706143140792847,0.050005771000542154
2.8528695076166404,3.8920601124516567,2.7489702779485943,96.39851088906612,0.03474782407283783,0.7320791482925415,0.968866765499115,0.05000157599988597
2.8528695076166404,3.8920601124516567,2.7489702779485943,96.4469277361385,0.045482635498046875,0.736919105052948,0.9679852724075317,0.05001816499952838
2.8528695076166404,3.8920601124516567,2.7489702779485943,96.49524708202775,0.055960819125175476,0.7416208386421204,0.9671043157577515,0.04996291000043129
2.8517051831735,3.888678397633227,2.8232448451780874,96.54385692643349,0.07476373761892319,0.7381187677383423,0.9713960886001587,0.05004121900037717
2.8517051831735,3.888678397633227,2.8232448451780874,96.59239185950283,0.08523641526699066,0.7425602078437805,0.9705287218093872,0.05000875499990798
2.8517051831735,3.888678397633227,2.8232448451780874,96.64084776424895,0.09626741707324982,0.7464174628257751,0.9694556593894958,0.0499825899996722
2.8517051831735,3.888678397633227,2.8232448451780874,96.68935031442714,0.10779654234647751,0.7519845366477966,0.9674766063690186,0.05013304699969012
2.8517051831735,3.888678397633227,2.8232448451780874,96.73752069817812,0.11861155927181244,0.7572836875915527,0.9657396078109741,0.049879267000505934
2.861916733587997,3.8805464948731547,2.9429973013631217,96.78591848816889,0.1977391391992569,0.663413405418396,0.9684323072433472,0.04997539800024242
2.861916733587997,3.8805464948731547,2.9429973013631217,96.83508236232943,0.2354029417037964,0.3347055912017822,0.9540069103240967,0.05153408599926479
2.861916733587997,3.8805464948731547,2.9429973013631217,96.88125552240128,0.24677278101444244,0.2683235704898834,0.9525813460350037,0.04847161900033825
2.8541639303454542,3.8803106990310963,3.0257585072310467,96.92910730753623,0.22010143101215363,0.1329585313796997,0.9557028412818909,0.05006973200033826
2.8541639303454542,3.8803106990310963,3.0257585072310467,96.97674372684585,0.23117366433143616,0.06825381517410278,0.9543161392211914,0.04991681199953746
2.862181787011193,3.8829771165955815,3.111526590624931,97.02405865479528,0.25753462314605713,-0.31548941135406494,0.9457665085792542,0.050028128000121797
2.862181787011193,3.8829771165955815,3.111526590624931,97.0712829176272,0.2687136232852936,-0.3699047863483429,0.9447093605995178,0.04998813899965171
2.862181787011193,3.8829771165955815,3.111526590624931,97.11852300663152,0.28030702471733093,-0.4190846085548401,0.9440900683403015,0.05003769300037675
2.844531497887505,3.8886448873635886,-3.1215735620699343,97.15327470559026,0.08144010603427887,-0.766671895980835,0.6956965327262878,0.04995238199990126
2.844531497887505,3.8886448873635886,-3.1215735620699343,97.18867738712999,0.08257955312728882,-0.7690717577934265,0.6948594450950623,0.050949413999660464
2.844531497887505,3.8886448873635886,-3.1215735620699343,97.2227539052697,0.08374057710170746,-0.7715162634849548,0.6940068006515503,0.04910113000005367
2.844531497887505,3.8886448873635886,-3.1215735620699343,97.25738966136089,0.08485806733369827,-0.7738690972328186,0.6931860446929932,0.0499660320001567
2.844531497887505,3.8886448873635886,-3.1215735620699343,97.29199906153282,0.08599379658699036,-0.7762606739997864,0.692351758480072,0.04998817399973632
2.844531497887505,3.8886448873635886,-3.1215735620699343,97.32694552093004,0.08712868392467499,-0.7786505222320557,0.6915181875228882,0.05053585000041494
2.8342255711373388,3.890360811961058,-3.060733178832001,97.36124030666981,0.08345115929841995,-0.7670736312866211,0.6899590492248535,0.04970553800012567
2.8342255711373388,3.890360811961058,-3.060733178832001,97.39552600589988,0.0845758393406868,-0.7694414258003235,0.6891328692436218,0.049751943000046595
2.8342255711373388,3.890360811961058,-3.060733178832001,97.42994572211074,0.08570021390914917,-0.7718086242675781,0.6883070468902588,0.05000633999952697
2.800272589046681,3.875129587932329,-3.1201239809538297,97.46541820282997,0.07862052321434021,-0.8,0.7094023823738098,0.050003328999991936
2.800272589046681,3.875129587932329,-3.1201239809538297,97.50084881866805,0.07978373765945435,-0.8,0.7085477113723755,0.050004559000626614
2.7750384295915325,3.8738111769885286,3.114876955270708,97.54957662174215,0.15761961042881012,-0.3452824652194977,0.9751377701759338,0.049970172999564966
2.7750384295915325,3.8738111769885286,3.114876955270708,97.59833299749228,0.17107053101062775,-0.41395270824432373,0.9739154577255249,0.05006222600059118
2.7750384295915325,3.8738111769885286,3.114876955270708,97.64839022542445,0.18492461740970612,-0.4769401550292969,0.9731091856956482,0.05144050499984587
2.743792714432249,3.8816456752772046,3.0374753360064224,97.69610249582966,0.12019211053848267,0.5669018626213074,0.9828348755836487,0.048545560999627924
2.743792714432249,3.8816456752772046,3.0374753360064224,97.74596231271528,0.13222478330135345,0.4463484287261963,0.9830453991889954,0.05071975000009843
2.743792714432249,3.8816456752772046,3.0374753360064224,97.79453315908519,0.1451435387134552,0.30857914686203003,0.9818485379219055,0.049468776999674446
2.6809064936925027,3.868822012849228,2.9519091887032056,97.84446636408553,0.02028895914554596,0.6618193984031677,1.0,0.04993320500034315
2.6809064936925027,3.868822012849228,2.9519091887032056,97.89430390408576,0.029456570744514465,0.6582514643669128,1.0,0.049837540000226
2.669500472616913,3.8696673977561686,2.885363383193956,97.94433762708537,0.01367005705833435,0.6680121421813965,1.0,0.05003372299961484
2.669500472616913,3.8696673977561686,2.885363383193956,97.99435502008579,0.023315832018852234,0.6645050644874573,1.0,0.05001739300041663
2.669500472616913,3.8696673977561686,2.885363383193956,98.04434388227853,0.033169135451316833,0.6615864634513855,0.999822735786438,0.049997725000139326
2.6699254242903927,3.8926218782385233,2.8565945176502874,98.0946532003797,0.02467215061187744,0.694442093372345,0.9910449981689453,0.050763908999215346
2.6699254242903927,3.8926218782385233,2.8565945176502874,98.14334006449914,0.03424516320228577,0.6986764669418335,0.9897812604904175,0.049189519000719883
2.6699254242903927,3.8926218782385233,2.8565945176502874,98.19336344251444,0.04382672905921936,0.702540397644043,0.9898285269737244,0.05053741799929412
2.640876800590034,3.8762941123446124,2.86177493607136,98.24289502251433,0.00561879575252533,0.675770103931427,1.0,0.04953157999989344
2.640876800590034,3.8762941123446124,2.86177493607136,98.29291813029101,0.01513470709323883,0.67934650182724,0.9994491338729858,0.050050679000378295
2.640876800590034,3.8762941123446124,2.86177493607136,98.3428734391937,0.025160208344459534,0.6815276145935059,0.99812912940979,0.050048944000081974
2.640876800590034,3.8762941123446124,2.86177493607136,98.39258079890007,0.03489707410335541,0.6809374690055847,0.9957841038703918,0.049917807999918296
2.640876800590034,3.8762941123446124,2.86177493607136,98.44248995123631,0.04466806352138519,0.6793957948684692,0.9930378198623657,0.050259065000318515
2.640876800590034,3.8762941123446124,2.86177493607136,98.49414819101017,0.05539707839488983,0.6803687810897827,0.9901117086410522,0.052174153000123624
2.636757856716587,3.8780592005314047,2.9508804195586036,98.54151980606473,0.05115222930908203,0.6680948138237,0.9979349970817566,0.047469639999690116
2.636757856716587,3.8780592005314047,2.9508804195586036,98.59295091633832,0.06116338074207306,0.6693668961524963,0.9945070147514343,0.051715180999963195
2.636757856716587,3.8780592005314047,2.9508804195586036,98.64089766817308,0.07200638949871063,0.6716302633285522,0.9916041493415833,0.04835271400042984
2.636757856716587,3.8780592005314047,2.9508804195586036,98.69117408874098,0.08335365355014801,0.6741014122962952,0.9888157248497009,0.05084508599975379
2.661988610407063,3.8656877945048924,3.0739147018942656,98.73927313008605,0.18020953238010406,-0.4976741075515747,0.9804192781448364,0.04905966499973147
2.661988610407063,3.8656877945048924,3.0739147018942656,98.78829667262745,0.19388547539710999,-0.5517552495002747,0.9787715077400208,0.05008680999981152
2.661988610407063,3.8656877945048924,3.0739147018942656,98.83705293386312,0.2079986333847046,-0.5802501440048218,0.9750068783760071,0.05000606900011917
2.673924543786965,3.8586404802792833,-3.134441410707124,98.8792931772423,0.05400596559047699,-0.7886497974395752,0.8113775253295898,0.05205991300044843
2.673924543786965,3.8586404802792833,-3.134441410707124,98.91809565433633,0.055429115891456604,-0.786990225315094,0.8105770945549011,0.04787018699971668
2.673924543786965,3.8586404802792833,-3.134441410707124,98.95981660715132,0.05673639476299286,-0.7854655981063843,0.8098417520523071,0.05151741400004539
2.698740095442659,3.8633122237098068,-3.0683088760663617,98.99708710251552,0.09014967083930969,-0.8,0.7670140862464905,0.04859166999995068
2.698740095442659,3.8633122237098068,-3.0683088760663617,99.03576312757909,0.0926475077867508,-0.8,0.7668178081512451,0.050437046000297414
2.698740095442659,3.8633122237098068,-3.0683088760663617,99.07528449978076,0.09435341507196426,-0.8,0.7664161324501038,0.051566466999247496
2.691709363186232,3.8751918601321065,-3.063781594939387,99.11073985526308,0.06176655739545822,-0.7948808073997498,0.7392774820327759,0.04795946900048875
2.691709363186232,3.8751918601321065,-3.063781594939387,99.14766105599654,0.06343330442905426,-0.7938187122344971,0.7381528615951538,0.050018367000120634
2.691709363186232,3.8751918601321065,-3.063781594939387,99.18490434911497,0.06516895443201065,-0.7927132248878479,0.7369817495346069,0.05053489199963224
2.691709363186232,3.8751918601321065,-3.063781594939387,99.2214816286509,0.06691969186067581,-0.7915981411933899,0.7358004450798035,0.04971086900059163
2.691709363186232,3.8751918601321065,-3.063781594939387,99.2580125049766,0.06863926351070404,-0.7905028462409973,0.7346401810646057,0.049726215999726264
2.6884530338302826,3.8758222799978097,3.0994735918268232,99.30531856259555,0.4010232090950012,-0.523980975151062,0.9466882944107056,0.0499700459995438
2.6884530338302826,3.8758222799978097,3.0994735918268232,99.35252838625784,0.4119114875793457,-0.5251288414001465,0.9433516263961792,0.050044779000018025
2.6884530338302826,3.8758222799978097,3.0994735918268232,99.39949748443212,0.4228813052177429,-0.5258280038833618,0.9401636719703674,0.04995842700009234
2.66041294640553,3.8713640300302026,3.0284864968833416,99.44902441410417,0.3668711185455322,-0.5287184119224548,0.9599056243896484,0.051595624000583484
2.66041294640553,3.8713640300302026,3.0284864968833416,99.49547406758481,0.3777127265930176,-0.5244994759559631,0.9595302939414978,0.04840874099954817
2.66041294640553,3.8713640300302026,3.0284864968833416,99.54481298592734,0.3875095248222351,-0.5203767418861389,0.9592139720916748,0.05143682200014155
2.636006677054224,3.868652759484423,2.954853233434993,99.59174635118735,0.32346922159194946,-0.5213721990585327,0.9669224619865417,0.048538912999902095
2.636006677054224,3.868652759484423,2.954853233434993,99.64009890491299,0.3338845372200012,-0.5174675583839417,0.9665129780769348,0.05002783700001601
2.6149012401944667,3.8716000254914023,2.89643578965607,99.68862931179264,0.2940993905067444,-0.49724799394607544,0.9707641005516052,0.04999196700009634
2.6149012401944667,3.8716000254914023,2.89643578965607,99.73769419144838,0.3046511113643646,-0.5099263191223145,0.9715253114700317,0.050502934999713034
2.6149012401944667,3.8716000254914023,2.89643578965607,99.78579833140063,0.31467312574386597,-0.5056840777397156,0.9711276292800903,0.049534313000549446
2.6149012401944667,3.8716000254914023,2.89643578965607,99.83430992957173,0.32449913024902344,-0.5015251040458679,0.9707378149032593,0.04997394499969232
2.5637741083035945,3.8886346132958893,2.82639758190545,99.88296265584306,0.1642833799123764,0.7602598071098328,0.9567485451698303,0.050852155999564275
2.5637741083035945,3.8886346132958893,2.82639758190545,99.92996536680907,0.17778150737285614,0.758390486240387,0.9544644951820374,0.04924511200078996
2.519016277776959,3.8994029641369012,2.7605957860477153,99.97870471390038,0.05190742015838623,0.7503750324249268,0.9668264985084534,0.05041167899980792
2.519016277776959,3.8994029641369012,2.7605957860477153,100.02653712926914,0.06327921152114868,0.7552527785301208,0.9661632180213928,0.049507592999361805
2.5284695590322315,3.8961877654555,2.685867326723509,100.07450694186437,0.10928355157375336,0.7735908627510071,0.9599499702453613,0.04997115900005156
2.5284695590322315,3.8961877654555,2.685867326723509,100.12241563226598,0.12283767759799957,0.7788152694702148,0.9581515789031982,0.05000116000064736
2.5284695590322315,3.8961877654555,2.685867326723509,100.17024102879833,0.1363551914691925,0.7810255885124207,0.9548054933547974,0.05008915100006561
2.4710397084973286,3.9186374094066325,2.6121363999246077,100.21884863668912,0.0,0.7162428498268127,0.9702927470207214,0.050095816999601084
2.4710397084973286,3.9186374094066325,2.6121363999246077,100.26707297809968,0.0,0.7222864031791687,0.9679865837097168,0.049819224999737344
2.4710397084973286,3.9186374094066325,2.6121363999246077,100.3153214288822,0.0,0.7282721400260925,0.9656950831413269,0.0499624070007485
2.4514972719665336,3.920483281110762,2.6164770044135808,100.3639396976954,0.0,0.7138952016830444,0.9722893238067627,0.05000391099929402
2.4514972719665336,3.920483281110762,2.6164770044135808,100.41248641140626,0.0,0.719782292842865,0.9699282646179199,0.050051860000166926
2.4514972719665336,3.920483281110762,2.6164770044135808,100.46084649682885,0.0,0.7256606221199036,0.9675706624984741,0.049980933999904664
2.4514972719665336,3.920483281110762,2.6164770044135808,100.50939292569713,0.0,0.7032118439674377,0.9709770679473877,0.049997503000668075
2.4514972719665336,3.920483281110762,2.6164770044135808,100.55790560868073,0.007598623633384705,0.7077863812446594,0.9704405665397644,0.049990369999250106
2.4760011478829163,3.9090523927335705,2.7186280775023968,100.60634100917868,0.09535114467144012,0.7658502459526062,0.9682002663612366,0.05002622100073495
2.4760011478829163,3.9090523927335705,2.7186280775023968,100.65476512216323,0.10792219638824463,0.773386538028717,0.9663188457489014,0.05011194099915883
2.4760011478829163,3.9090523927335705,2.7186280775023968,100.70285414189651,0.12038072943687439,0.7808283567428589,0.9643876552581787,0.04986482300046191
2.5012046518554953,3.8955211635836324,2.7976152133753702,100.75108517288437,0.2657422125339508,0.7656828761100769,0.9652119278907776,0.049969368999882136
2.5012046518554953,3.8955211635836324,2.7976152133753702,100.79927637420631,0.28448933362960815,0.7379438877105713,0.9629141688346863,0.05004724500031443
2.5012046518554953,3.8955211635836324,2.7976152133753702,100.84721625433112,0.30395644903182983,0.70709627866745,0.9591848254203796,0.04997981499946036
2.5230584264444493,3.899211350884685,2.87012882829258,100.89451023319869,0.36126360297203064,0.5930004715919495,0.9459286332130432,0.049997406999864324
2.5230584264444493,3.899211350884685,2.87012882829258,100.94181434038543,0.3732786178588867,0.5281924605369568,0.9442127346992493,0.05009899300057441
2.520974556194374,3.894930158064004,2.9379192204833466,100.98872746715384,0.3800131678581238,-0.06158360838890076,0.9397144317626953,0.049922747999517014
2.520974556194374,3.894930158064004,2.9379192204833466,101.03562602966943,0.3915541172027588,-0.11547920107841492,0.9388272166252136,0.049954413000705244
2.520974556194374,3.894930158064004,2.9379192204833466,101.08281566046918,0.4030134081840515,-0.17179423570632935,0.9400478601455688,0.05019917899971915
2.5268767784265833,3.893245643176567,3.0238273677566134,101.13008668715237,0.40799248218536377,-0.405117928981781,0.9495686292648315,0.04978157999994437
2.5268767784265833,3.893245643176567,3.0238273677566134,101.17769750283685,0.4208073019981384,-0.4281613230705261,0.9516339898109436,0.050030596000397054
2.5268767784265833,3.893245643176567,3.0238273677566134,101.22526989251318,0.43312203884124756,-0.42530643939971924,0.9511492848396301,0.05001569199976075
2.5263505130411823,3.896623324772169,3.06251698955267,101.27260138765628,0.4416772723197937,-0.441009521484375,0.9463300108909607,0.05001584499950695
2.5263505130411823,3.896623324772169,3.06251698955267,101.31971574047489,0.45293402671813965,-0.4439510703086853,0.9433145523071289,0.049945538000429224
2.5263505130411823,3.896623324772169,3.06251698955267,101.36674737021417,0.4636572599411011,-0.44751355051994324,0.9390026926994324,0.05008678899957886
2.5111566697568763,3.886856853493515,3.139079194866126,101.41302474310478,0.44202905893325806,-0.5206369161605835,0.9122036695480347,0.05073140400054399
2.5111566697568763,3.886856853493515,3.139079194866126,101.4577074396178,0.45219773054122925,-0.5262780785560608,0.9081487655639648,0.04920195700015029
2.5111566697568763,3.886856853493515,3.139079194866126,101.5028873742029,0.4620944857597351,-0.5317058563232422,0.9042938947677612,0.049961560999690846
2.5111566697568763,3.886856853493515,3.139079194866126,101.54796781270794,0.47242361307144165,-0.5366679430007935,0.9004259705543518,0.05006567999953404
2.5111566697568763,3.886856853493515,3.139079194866126,101.59276511551211,0.48272985219955444,-0.5416193604469299,0.8965665698051453,0.04996539500007202
2.475134042152491,3.8886631297794567,-3.130575435242495,101.62678080339336,0.09384088963270187,-0.8,0.6798298954963684,0.050035586999911175
2.475134042152491,3.8886631297794567,-3.130575435242495,101.66075368102496,0.0949462428689003,-0.8,0.6789935827255249,0.05003416600084165
2.475134042152491,3.8886631297794567,-3.130575435242495,101.69469113871595,0.09604606032371521,-0.8,0.6781671643257141,0.05004290899978514
2.4390410147520636,3.8898612725557813,3.122724340624408,101.7423099803226,0.31314486265182495,-0.5119796395301819,0.9535701870918274,0.049937426999349555
2.4390410147520636,3.8898612725557813,3.122724340624408,101.79035441357101,0.3261122703552246,-0.5117003917694092,0.9524610042572021,0.05044241500036151
2.412543215330222,3.908129183064001,3.0351195353553155,101.8380378412641,0.2903396487236023,0.4944040775299072,0.9623499512672424,0.04954894799993781
2.412543215330222,3.908129183064001,3.0351195353553155,101.88603885597279,0.30294740200042725,0.43249619007110596,0.960244357585907,0.049988333000328566
2.412543215330222,3.908129183064001,3.0351195353553155,101.9339328425946,0.3156999945640564,0.36792704463005066,0.9577907919883728,0.05000464299973828
2.370678950445022,3.9163159448922475,2.9559292909940056,101.9824795657299,0.19920143485069275,0.7826298475265503,0.9711429476737976,0.04998926600001141
2.370678950445022,3.9163159448922475,2.9559292909940056,102.03091815247703,0.21646182239055634,0.7758938074111938,0.9689837098121643,0.049989062000349804
2.370678950445022,3.9163159448922475,2.9559292909940056,102.07932485653397,0.23489849269390106,0.7625129818916321,0.9678897857666016,0.05001261999950657
2.3336500973768137,3.9219245916033882,2.8692403140661025,102.12786857090946,0.11259864270687103,0.7544190287590027,0.9705469608306885,0.050016863000564626
2.3336500973768137,3.9219245916033882,2.8692403140661025,102.17630707694329,0.12669631838798523,0.7621566653251648,0.9687067866325378,0.050003268999716965
2.3058372833099585,3.931386230343505,2.820059251118756,102.22496373102238,0.03767801821231842,0.7126186490058899,0.9729908108711243,0.05000731099971745
2.3058372833099585,3.931386230343505,2.820059251118756,102.2735419053582,0.047145336866378784,0.718082070350647,0.9720253348350525,0.04997624299994641
2.3058372833099585,3.931386230343505,2.820059251118756,102.3221192219283,0.05964013189077377,0.724432647228241,0.9708577990531921,0.05003545999989001
2.281085383627381,3.9358245740008666,2.830332551463365,102.37080821325506,0.022823065519332886,0.7080380320549011,0.9735890030860901,0.05000980000022537
2.281085383627381,3.9358245740008666,2.830332551463365,102.41941148506436,0.03167068958282471,0.713333785533905,0.9725996851921082,0.04997253500005172
2.281085383627381,3.9358245740008666,2.830332551463365,102.46807758501184,0.040521636605262756,0.7186231017112732,0.9715679883956909,0.0500902670000869
2.281085383627381,3.9358245740008666,2.830332551463365,102.51644981416649,0.04990670084953308,0.7240732312202454,0.9704998135566711,0.04984259499997279
2.281085383627381,3.9358245740008666,2.830332551463365,102.5652519150888,0.06227904558181763,0.730472981929779,0.9692362546920776,0.050351089000287175
2.281085383627381,3.9358245740008666,2.830332551463365,102.61333646151951,0.07474863529205322,0.7369529604911804,0.9679629802703857,0.04967601799944532
2.272342495383622,3.9364727794910626,2.930379294950347,102.66200355409451,0.06602880358695984,0.7331485748291016,0.9730929732322693,0.050012788000458386
2.272342495383622,3.9364727794910626,2.930379294950347,102.71058161922662,0.07613132894039154,0.7386134266853333,0.9718965291976929,0.049982753999756824
2.272342495383622,3.9364727794910626,2.930379294950347,102.7591271120974,0.0899229645729065,0.7460728883743286,0.9699119925498962,0.05005144100050529
2.2754087355703687,3.9270195546303857,2.9959345932206234,102.80780412291438,0.1242135763168335,0.7586073279380798,0.9712197780609131,0.05011945999922318
2.2754087355703687,3.9270195546303857,2.9959345932206234,102.85616151406865,0.1375017762184143,0.7665950655937195,0.9690654873847961,0.049901056000635435
2.2704742775073714,3.921281800365641,3.0717338643220544,102.90490496677405,0.1530791074037552,0.7672207355499268,0.9730411767959595,0.05009392600004503
2.2704742775073714,3.921281800365641,3.0717338643220544,102.95333282086038,0.16607151925563812,0.7747160792350769,0.9710177183151245,0.049873295999532274
2.2704742775073714,3.921281800365641,3.0717338643220544,103.00187655001494,0.17927485704421997,0.78105628490448,0.9691393971443176,0.050089522000234865
2.283262630494633,3.922587534819992,-3.1393231278390075,103.04107979833216,0.01869887113571167,-0.8,0.7855018377304077,0.04990853799972683
2.283262630494633,3.922587534819992,-3.1393231278390075,103.08023494479224,0.019314825534820557,-0.8,0.7834109663963318,0.04998033999981999
2.283262630494633,3.922587534819992,-3.1393231278390075,103.11933824663467,0.019930079579353333,-0.8,0.781322717666626,0.05004756800008181
2.29127651762032,3.9214988701548514,-3.0556214905098935,103.15705605107871,0.021008193492889404,-0.8,0.7545128464698792,0.0499896119999903
2.29127651762032,3.9214988701548514,-3.0556214905098935,103.19467466131944,0.021478772163391113,-0.8,0.7518367767333984,0.05003560800014384
2.2968043239677933,3.9232634294843702,-2.975073183160117,103.23133037959347,0.022766992449760437,-0.8,0.734449565410614,0.04990910200012877
2.2968043239677933,3.9232634294843702,-2.975073183160117,103.2678975811664,0.02349071204662323,-0.8,0.7310197949409485,0.050022176999846124
2.2968043239677933,3.9232634294843702,-2.975073183160117,103.30451879040136,0.0241938978433609,-0.8,0.7276718616485596,0.050326542999755475
2.298266658097057,3.9262748351583805,-2.924445629425946,103.3408608999944,0.026610910892486572,-0.8,0.7119912505149841,0.05104291600036959
2.298266658097057,3.9262748351583805,-2.924445629425946,103.3753245780306,0.027275189757347107,-0.8,0.7086132168769836,0.04863538700010395
2.298266658097057,3.9262748351583805,-2.924445629425946,103.41057155876216,0.027945324778556824,-0.8,0.7053436636924744,0.04997135800022079
2.298266658097057,3.9262748351583805,-2.924445629425946,103.4456504473205,0.028604432940483093,-0.8,0.7020150423049927,0.0499688559993956
2.298266658097057,3.9262748351583805,-2.924445629425946,103.48063276885928,0.029044315218925476,-0.8,0.698825478553772,0.050058738000188896
2.2934385202248673,3.926969003184497,-3.017709101179342,103.51660318351219,0.026086241006851196,-0.7881113290786743,0.7187140583992004,0.05004829700010305
2.2934385202248673,3.926969003184497,-3.017709101179342,103.55252806080605,0.026537388563156128,-0.7844004034996033,0.7154434323310852,0.05021344200031308
2.2934385202248673,3.926969003184497,-3.017709101179342,103.58793819361176,0.02698780596256256,-0.7806944251060486,0.7121768593788147,0.049720981999598735
2.2657674566042045,3.9216323281508543,-3.1111534284174596,103.62602956393208,0.024210676550865173,-0.7635764479637146,0.7620289325714111,0.049986777000412985
2.2657674566042045,3.9216323281508543,-3.1111534284174596,103.66412574153044,0.02441321313381195,-0.7602348923683167,0.759223222732544,0.05017783499988582
2.2657674566042045,3.9216323281508543,-3.1111534284174596,103.70183165862692,0.024615690112113953,-0.756892740726471,0.7564172148704529,0.049848042000121495
2.2241120985836336,3.9235121529995003,3.0532654661154517,103.74971394823514,0.22076518833637238,0.8,0.9583662152290344,0.04996241399931023
2.2241120985836336,3.9235121529995003,3.0532654661154517,103.79767374584296,0.23346304893493652,0.8,0.9577059149742126,0.050077792000593035
2.2241120985836336,3.9235121529995003,3.0532654661154517,103.84545682535708,0.2497682422399521,0.7934825420379639,0.9573410153388977,0.049912286999642674
2.189393758532293,3.9302440911315886,2.9608627796435116,103.89356598860304,0.13235878944396973,0.786878764629364,0.9609048962593079,0.050066519000210974
2.189393758532293,3.9302440911315886,2.9608627796435116,103.94146418028352,0.1453450471162796,0.792893648147583,0.9588165283203125,0.049955534000218904
2.189393758532293,3.9302440911315886,2.9608627796435116,103.99018919352207,0.1393200010061264,0.5795378088951111,0.9602277278900146,0.05074318500010122
2.1764573537730705,3.9353828774789634,2.8565395166311487,104.03690449930998,0.09906595945358276,0.6046666502952576,0.9485598206520081,0.04924866599958477
2.1764573537730705,3.9353828774789634,2.8565395166311487,104.08443701122391,0.10343451052904129,0.604647696018219,0.9502426981925964,0.05002144399986719
2.1555257334506437,3.939156899588208,2.811528252433203,104.1318339137105,0.06627020984888077,0.6359983682632446,0.9478777647018433,0.05000318000020343
2.1555257334506437,3.939156899588208,2.811528252433203,104.17924286907758,0.0712931677699089,0.632396399974823,0.9485772252082825,0.04997901499973523
2.1555257334506437,3.939156899588208,2.811528252433203,104.22685016825636,0.07631733268499374,0.6287933588027954,0.9492769837379456,0.050151115000517166
2.1555257334506437,3.939156899588208,2.811528252433203,104.27420515419142,0.08136261999607086,0.6251752376556396,0.9499795436859131,0.04984842700014269
2.1555257334506437,3.939156899588208,2.811528252433203,104.3223644392437,0.08638110011816025,0.6215764880180359,0.9506783485412598,0.050657811999371916
2.1555257334506437,3.939156899588208,2.811528252433203,104.37272936848518,0.09113988280296326,0.6200900673866272,0.9519727826118469,0.052905850000570354
2.1457065866705047,3.94171558705945,2.932922198772049,104.41726760863192,0.11342456936836243,0.6263309717178345,0.958931028842926,0.0464457179996316
2.1457065866705047,3.94171558705945,2.932922198772049,104.46534150293967,0.11752725392580032,0.6228482723236084,0.960763692855835,0.05003716800001712
2.1393546452425007,3.9331696347378062,3.025279638457781,104.5135326266428,0.14489299058914185,0.6246235966682434,0.965007483959198,0.04993860099966696
2.1393546452425007,3.9331696347378062,3.025279638457781,104.56227871376234,0.15030920505523682,0.6203392148017883,0.9652650952339172,0.05050020700036839
2.1393546452425007,3.9331696347378062,3.025279638457781,104.61025475156042,0.15550456941127777,0.6161792874336243,0.9660839438438416,0.049660319999929925
2.1455390551989546,3.9343790403542926,3.1108230494442686,104.65944463243098,0.17991776764392853,0.5884260535240173,0.9792824983596802,0.050230531999659433
2.1455390551989546,3.9343790403542926,3.1108230494442686,104.70840146592843,0.1839366853237152,0.5861290097236633,0.9811651110649109,0.049896631000592606
2.1455390551989546,3.9343790403542926,3.1108230494442686,104.7573481358453,0.18793636560440063,0.583842933177948,0.9830390214920044,0.04979117699986091
2.169555653831136,3.930792206112355,-3.1115959289595843,104.80670264270569,0.12141259759664536,0.6797484755516052,0.9865089058876038,0.050029459000143106
2.169555653831136,3.930792206112355,-3.1115959289595843,104.85623494862227,0.1274041086435318,0.6778585314750671,0.9880862832069397,0.05012953499954165
2.169555653831136,3.930792206112355,-3.1115959289595843,104.90548041223956,0.1337897777557373,0.6762756705284119,0.9897716045379639,0.04975437099983537
2.1676631768160184,3.9299874078062302,-2.995320971903422,104.95541602878137,0.17943479120731354,0.645061194896698,0.9981160163879395,0.050029872000777686
2.1676631768160184,3.9299874078062302,-2.995320971903422,105.00544461624845,0.18546628952026367,0.6394214630126953,0.9989526867866516,0.05008103799991659
2.177834170149003,3.929501950322278,-2.940511141317262,105.05534870324841,0.22494742274284363,0.5977005958557129,1.0,0.04990408699995896
2.177834170149003,3.929501950322278,-2.940511141317262,105.10552837324845,0.23056276142597198,0.5916823148727417,1.0,0.05017967000003409
2.177834170149003,3.929501950322278,-2.940511141317262,105.1554071562477,0.23786938190460205,0.5846686959266663,1.0,0.049878782999257965
2.161039635562205,3.9262467047792953,-2.8562032581556624,105.20536386024828,0.23881752789020538,0.5745506286621094,1.0,0.04995670400057861
2.161039635562205,3.9262467047792953,-2.8562032581556624,105.25537672924834,0.24723906815052032,0.5640374422073364,1.0,0.050012869000056526
2.161039635562205,3.9262467047792953,-2.8562032581556624,105.30539272524852,0.254508376121521,0.5502446889877319,1.0,0.050015996000183804
2.1248561653257827,3.9343670584760075,-2.8205650038256556,105.35545808624825,0.195011705160141,0.6167438626289368,1.0,0.05006536099972436
2.1248561653257827,3.9343670584760075,-2.8205650038256556,105.40536470424827,0.2004469633102417,0.6104720830917358,1.0,0.04990661800002272
2.1088106700420832,3.9340698946057073,-2.728126366119969,105.45552499324818,0.1920953392982483,0.5060992240905762,1.0,0.05016028899990488
2.1088106700420832,3.9340698946057073,-2.728126366119969,105.50541094524847,0.1964954286813736,0.45992952585220337,1.0,0.04988595200029522
2.1088106700420832,3.9340698946057073,-2.728126366119969,105.555434012248,0.20072583854198456,0.4107031524181366,1.0,0.050023066999528965
2.1036642636866323,3.930451442549158,-2.6559535243865247,105.60524580149637,0.1990477442741394,0.060671307146549225,0.9969196319580078,0.049965702000008605
2.1036642636866323,3.930451442549158,-2.6559535243865247,105.65501146785618,0.202805757522583,0.011251360177993774,0.994485080242157,0.0500416419999965
2.1036642636866323,3.930451442549158,-2.6559535243865247,105.70682017005063,0.20656023919582367,-0.03812246024608612,0.9920527935028076,0.05222373500055255
2.098612981296499,3.9305387225309407,-2.5815954732924795,105.75332709035875,0.21502205729484558,-0.33570557832717896,0.9738545417785645,0.04775550999966072
2.098612981296499,3.9305387225309407,-2.5815954732924795,105.80205213763695,0.21907421946525574,-0.3808741867542267,0.9719255566596985,0.05013248900013423
2.08143190143972,3.9558105104684302,-2.5070177178402613,105.85144648085192,0.24412842094898224,-0.03320656716823578,0.9905316233634949,0.04986649799957377
2.08143190143972,3.9558105104684302,-2.5070177178402613,105.90309168754258,0.24808339774608612,-0.08151544630527496,0.9884853959083557,0.052246807999836165
2.08143190143972,3.9558105104684302,-2.5070177178402613,105.9501500425729,0.2522183358669281,-0.13202697038650513,0.9863459467887878,0.04770978700071282
2.0722683300845985,3.9297886865849914,-2.4366096969837625,105.99695223909758,0.17258459329605103,-0.7099480032920837,0.9348105788230896,0.05006596799921681
2.0722683300845985,3.9297886865849914,-2.4366096969837625,106.04347502964549,0.1717137098312378,-0.718944787979126,0.931499183177948,0.04994399500083091
2.0722683300845985,3.9297886865849914,-2.4366096969837625,106.08978291535972,0.1703096628189087,-0.7254074811935425,0.9242005348205566,0.05010588499953883
2.0722683300845985,3.9297886865849914,-2.4366096969837625,106.13542659725054,0.16950638592243195,-0.7306151390075684,0.9143264293670654,0.049920553999982076
2.0722683300845985,3.9297886865849914,-2.4366096969837625,106.18063880127238,0.16895443201065063,-0.7354486584663391,0.9038476347923279,0.05002193099971919
2.0722683300845985,3.9297886865849914,-2.4366096969837625,106.22531283665055,0.1674310564994812,-0.740591824054718,0.8929495811462402,0.05002974000035465
2.0722683300845985,3.9297886865849914,-2.4366096969837625,106.26933621453938,0.16587220132350922,-0.7456933856010437,0.8821525573730469,0.04990449500019167
2.0722683300845985,3.9297886865849914,-2.4366096969837625,106.31295032137608,0.1643362045288086,-0.7507205009460449,0.8715130090713501,0.05004412600010255
2.0456268544818683,3.911959060998737,-2.443942119461832,106.35539197108619,0.044434309005737305,-0.7634888291358948,0.848744809627533,0.05000519499935763
2.0456268544818683,3.911959060998737,-2.443942119461832,106.397399445062,0.045128002762794495,-0.7622970342636108,0.838989794254303,0.05006911200052855
2.0456268544818683,3.911959060998737,-2.443942119461832,106.4387582661922,0.04581455886363983,-0.7611173987388611,0.8293346166610718,0.04986988400014525
1.9845614491139618,3.878815959201794,-2.5328962925006646,106.48128096095772,0.0,-0.7530326247215271,0.8479934930801392,0.05014507199939544
1.9845614491139618,3.878815959201794,-2.5328962925006646,106.52454391145366,0.0,-0.7505733370780945,0.8375007510185242,0.051657208000506216
1.9845614491139618,3.878815959201794,-2.5328962925006646,106.56448142527805,0.0,-0.7480711340904236,0.8268253803253174,0.048302234999937355
1.9615677566386789,3.860520187019631,-2.5957160127691457,106.60619850319385,0.0,-0.7388879656791687,0.8339770436286926,0.05002185400007875
1.9615677566386789,3.860520187019631,-2.5957160127691457,106.6471913842084,0.0,-0.7390837669372559,0.8217050433158875,0.04988758599938592
1.9351998030261621,3.843022879107876,-2.675041833916337,106.69072558523999,0.0,-0.7360279560089111,0.8701198697090149,0.05003241800022806
1.9351998030261621,3.843022879107876,-2.675041833916337,106.73368635923636,0.0,-0.7362774014472961,0.8593083024024963,0.04999459900045622
1.9351998030261621,3.843022879107876,-2.675041833916337,106.7761247821954,0.0,-0.7357566952705383,0.8475759029388428,0.050070350999703805
1.913362001385826,3.8286642133307107,-2.754944895137478,106.82001110099262,0.0,-0.7227281332015991,0.8791599869728088,0.04991846699977032
1.913362001385826,3.8286642133307107,-2.754944895137478,106.86399353208769,0.0,-0.7266858816146851,0.8730943202972412,0.05037534900020546
1.913362001385826,3.8286642133307107,-2.754944895137478,106.90706775746399,0.0,-0.7306523323059082,0.8670153021812439,0.049681043999953545
1.8871578543935035,3.8252327367805035,-2.84807013506746,106.95247993629063,0.0,-0.6900272369384766,0.909183144569397,0.04994832900047186
1.8871578543935035,3.8252327367805035,-2.84807013506746,106.99762057416086,0.0,-0.694159984588623,0.9029051065444946,0.049994885999694816
1.8871578543935035,3.8252327367805035,-2.84807013506746,107.04246496053771,0.0,-0.6982682347297668,0.8966646194458008,0.050012441000035324
1.8610937570706232,3.821660021657517,-2.9392968981417726,107.08880048899309,0.0,-0.668580949306488,0.9258601665496826,0.05004592499972205
1.8610937570706232,3.821660021657517,-2.9392968981417726,107.13491892956921,0.0,-0.6692278385162354,0.9234547019004822,0.04994120500032295
1.847934425791255,3.8205883709371387,-3.025625181922399,107.18127432756656,0.0,-0.6745898127555847,0.924696683883667,0.05013038200013398
1.847934425791255,3.8205883709371387,-3.025625181922399,107.22744610502158,0.0,-0.6754928827285767,0.9221596121788025,0.05006918199978827
1.847934425791255,3.8205883709371387,-3.025625181922399,107.27323551919524,0.0,-0.6763923764228821,0.9196324944496155,0.04979099199954362
1.847934425791255,3.8205883709371387,-3.025625181922399,107.31913554411021,0.0,-0.6772844195365906,0.917126476764679,0.05004765000012412
1.847934425791255,3.8205883709371387,-3.025625181922399,107.36482886232936,0.0,-0.6781936287879944,0.9146080017089844,0.04995945600057894
1.8317420665832116,3.8171269783959003,-3.110772007301424,107.41049141824394,0.0,-0.6866355538368225,0.9138650894165039,0.04996640799981833
1.8212556837966534,3.82013747766101,3.0912042103956887,107.455861163093,0.0,-0.6195603013038635,0.9067559242248535,0.050035233999551565
1.8212556837966534,3.82013747766101,3.0912042103956887,107.50118920291715,0.0,-0.6210678219795227,0.9058504104614258,0.050039211000694195
1.8058257368780875,3.825126971184788,3.0183923611490235,107.54667050469988,0.0,-0.6222434639930725,0.909304141998291,0.05001769999944372
1.8058257368780875,3.825126971184788,3.0183923611490235,107.59205486496404,0.0,-0.6237131953239441,0.9083303213119507,0.04996459900030459
1.8058257368780875,3.825126971184788,3.0183923611490235,107.63738312593675,0.0,-0.626344621181488,0.9075600504875183,0.04994519199954084
1.7933447305480228,3.826250427904443,2.944486893581545,107.68291786908847,0.0,-0.6324720978736877,0.9106005430221558,0.05000517900043633
1.7933447305480228,3.826250427904443,2.944486893581545,107.72843060441365,0.0,-0.6350437998771667,0.9098038077354431,0.050024780000057945
1.7933447305480228,3.826250427904443,2.944486893581545,107.77386937199275,0.0,-0.6376306414604187,0.9089710712432861,0.04998923399944033
1.7849345472042957,3.8298646112666535,2.8776274429719426,107.8194565092539,0.0,-0.6443179249763489,0.9117092490196228,0.050001837000309024
1.7849345472042957,3.8298646112666535,2.8776274429719426,107.86503490484534,0.0,-0.6469088196754456,0.9108750820159912,0.05003803100044024
1.7849345472042957,3.8298646112666535,2.8776274429719426,107.91057280483707,0.0,-0.6490256190299988,0.9102579951286316,0.05002746499940258
1.7748345788956377,3.8390868281488246,2.800400774074577,107.9563304598265,0.0,-0.6518438458442688,0.915229082107544,0.049995848999969894
1.7748345788956377,3.8390868281488246,2.800400774074577,108.00200189187548,0.0,-0.6534869074821472,0.9148756265640259,0.04992091900021478
1.7659106135331062,3.840888979658183,2.7283720741279884,108.04832980825044,0.0,-0.6524239182472229,0.9222237467765808,0.05023500700008299
1.7659106135331062,3.840888979658183,2.7283720741279884,108.09420368829265,0.0,-0.6542455554008484,0.9218626618385315,0.04976216300019587
1.7659106135331062,3.840888979658183,2.7283720741279884,108.14030456634191,0.0,-0.6560489535331726,0.9215050935745239,0.0500278059998891
1.755716947760957,3.8499591129653172,2.6578532082593145,108.18914397576593,0.0,-0.6547818779945374,0.9289984107017517,0.05257211299976916
1.755716947760957,3.8499591129653172,2.6578532082593145,108.233213187245,0.0,-0.656792938709259,0.9286037683486938,0.04745749799985788
1.755716947760957,3.8499591129653172,2.6578532082593145,108.28073656453607,0.0,-0.6585238575935364,0.9282541275024414,0.05119651600034558
1.7419053604216759,3.854301674955099,2.588354602480179,108.32632874426491,0.0,-0.6574845314025879,0.9340758323669434,0.048809934000018984
1.7419053604216759,3.854301674955099,2.588354602480179,108.37462790705412,0.0,-0.6593315005302429,0.9335514903068542,0.05173700999966968
1.7399758984064813,3.8618773646958946,2.515034146390091,108.41997469013059,0.0,-0.6614060997962952,0.9412921667098999,0.048175034999985655
1.7399758984064813,3.8618773646958946,2.515034146390091,108.46712970935413,0.0,-0.6633437871932983,0.9407336115837097,0.050125794000450696
1.7399758984064813,3.8618773646958946,2.515034146390091,108.51414310041983,0.0,-0.6652932167053223,0.9401646852493286,0.05000548499992874
1.7399758984064813,3.8618773646958946,2.515034146390091,108.56106311252864,0.0,-0.6671972274780273,0.9396044015884399,0.04993592200025887
1.7344927249892639,3.872450252072996,2.4569817843117443,108.6086543890955,0.0,-0.6690583825111389,0.9458663463592529,0.05031501199937338
1.7344927249892639,3.872450252072996,2.4569817843117443,108.65561513013317,0.0,-0.670215904712677,0.9450182914733887,0.04969294400052604
1.7285182506758094,3.8870531985907317,2.400375477769953,108.70316621897817,0.0,-0.6745075583457947,0.9515452980995178,0.049972490999607544
1.7285182506758094,3.8870531985907317,2.400375477769953,108.75125226665094,0.0,-0.6759496927261353,0.950747013092041,0.05057712200050446
1.7285182506758094,3.8870531985907317,2.400375477769953,108.79822420099083,0.0,-0.6775047779083252,0.9499481916427612,0.049446837999312265
1.7213662703758204,3.8930057900199118,2.32520203606998,108.84604310131503,0.0,-0.6833664178848267,0.9570101499557495,0.04996697300066444
1.7213662703758204,3.8930057900199118,2.32520203606998,108.89383305330911,0.0,-0.6845992207527161,0.9561034440994263,0.049984080999820435
1.7185587337152342,3.9015998604069697,2.2553466158618583,108.9420113555514,0.0,-0.6886775493621826,0.9633047580718994,0.05001356199954898
1.7185587337152342,3.9015998604069697,2.2553466158618583,108.99017484846472,0.0,-0.6897838711738586,0.9623953104019165,0.0500454359998912
1.7185587337152342,3.9015998604069697,2.2553466158618583,109.03822767209468,0.0,-0.6908896565437317,0.9614861607551575,0.04997765500047535
1.747535321408423,3.8768429980989185,2.170499701901033,109.08666775340119,0.0,-0.6959940791130066,0.9678075909614563,0.05005135499959579
1.747535321408423,3.8768429980989185,2.170499701901033,109.13494785999634,0.0,-0.6945103406906128,0.9667231440544128,0.0499420200003442
1.747535321408423,3.8768429980989185,2.170499701901033,109.1831999829123,0.0,-0.6930314302444458,0.9656423926353455,0.04996893599945906
1.7496890032762464,3.8824382153533588,2.0945017543385305,109.2318082265648,0.0,-0.6946614384651184,0.9718374609947205,0.050016845000754984
1.7496890032762464,3.8824382153533588,2.0945017543385305,109.28041089371031,0.0,-0.6931734085083008,0.9706085920333862,0.050074424999365874
1.7496890032762464,3.8824382153533588,2.0945017543385305,109.32880320517455,0.0,-0.691672146320343,0.9692301154136658,0.04992860900074447
1.7537251686227928,3.8828120178535324,2.02528379457755,109.37749213879442,0.0,-0.690127432346344,0.9736459255218506,0.05000681699948473
1.7537251686227928,3.8828120178535324,2.02528379457755,109.42611514517348,0.0005918592214584351,-0.6886038184165955,0.9722771644592285,0.050009409000267624
1.7527227664296243,3.894621236195357,1.9552694760332194,109.4750411362165,0.008417591452598572,-0.6962658166885376,0.9776885509490967,0.05004251199989085
1.7527227664296243,3.894621236195357,1.9552694760332194,109.52619833655244,0.012097641825675964,-0.6942164301872253,0.9761357307434082,0.05240787599996111
1.7527227664296243,3.894621236195357,1.9552694760332194,109.57373398155214,0.07750582695007324,-0.658459484577179,1.0,0.04753564499969798
1.7579677081714926,3.898509599316941,1.8882085451166972,109.62388672055276,0.10309047996997833,-0.6518008708953857,1.0,0.050152739000623114
1.7579677081714926,3.898509599316941,1.8882085451166972,109.67372742655225,0.11166425049304962,-0.6483923196792603,1.0,0.04984070599948609
1.7609688740497438,3.9128830794197733,1.8169955092266175,109.72376763155243,0.14203445613384247,-0.6455023288726807,1.0,0.05004020500018669
1.7609688740497438,3.9128830794197733,1.8169955092266175,109.77374290455263,0.15216590464115143,-0.6425765752792358,1.0,0.049975273000200104
1.7609688740497438,3.9128830794197733,1.8169955092266175,109.82382623855283,0.1627136766910553,-0.6391375660896301,1.0,0.050083334000191826
1.75935363310979,3.936081349712346,1.743433302028792,109.8737120055528,0.15459170937538147,-0.6353664994239807,1.0,0.04988576699997793
1.75935363310979,3.936081349712346,1.743433302028792,109.92384143655254,0.16402818262577057,-0.6308942437171936,1.0,0.050129430999731994
1.75935363310979,3.936081349712346,1.743433302028792,109.97369753355251,0.17401228845119476,-0.6264325380325317,1.0,0.0498560969999744
1.7590616386625764,3.9502914651786525,1.6638838614513867,110.02470521955256,0.19096431136131287,-0.6300721168518066,1.0,0.051007686000048125
1.7590616386625764,3.9502914651786525,1.6638838614513867,110.07370999455252,0.2004619836807251,-0.6241667866706848,1.0,0.04900477499995759
1.7590616386625764,3.9502914651786525,1.6638838614513867,110.12372804355236,0.20946189761161804,-0.6181175708770752,1.0,0.05001804899984563
1.7531672550911683,3.9779998711342843,1.634994692639525,110.17334092267845,0.16854983568191528,-0.641304075717926,0.9904226660728455,0.050092632999621856
1.7531672550911683,3.9779998711342843,1.634994692639525,110.22279104459979,0.17824628949165344,-0.6343711018562317,0.9908577799797058,0.04990637700029765
1.7544932718244395,3.994305760926012,1.5685195406358658,110.27178987707863,0.16875851154327393,-0.6168788075447083,0.9802289605140686,0.0499871299998631
1.7544932718244395,3.994305760926012,1.5685195406358658,110.32085983863514,0.17778640985488892,-0.6110838055610657,0.9805121421813965,0.05004523600018729
1.7544932718244395,3.994305760926012,1.5685195406358658,110.36989520777585,0.18697383999824524,-0.6040436029434204,0.9806749224662781,0.05000165500041476
