x,y,theta,s0,v,omega,w,time_elapsed
-0.06999216201775625,0.07888975101142919,-0.006558878673103266,0.3624234675948259,0.15656408667564392,0.6984038352966309,0.9965260624885559,0.3636868931353092
-0.06999216201775625,0.07888975101142919,-0.006558878673103266,0.3986197974585679,0.24712958931922913,0.18902535736560822,1.0,0.036196329863741994
-0.06999216201775625,0.07888975101142919,-0.006558878673103266,0.44932161751731603,0.250016987323761,0.114542156457901,1.0,0.050701820058748126
-0.06999216201775625,0.07888975101142919,-0.006558878673103266,0.4988062564802107,0.2539824843406677,0.014822037890553474,1.0,0.04948463896289468
-0.06999216201775625,0.07888975101142919,-0.006558878673103266,0.5487704534602103,0.2588444650173187,-0.08028030395507812,1.0,0.04996419697999954
-0.06999216201775625,0.07888975101142919,-0.006558878673103266,0.5989802974794742,0.26671817898750305,-0.16668832302093506,1.0,0.05020984401926398
-0.06999216201775625,0.07888975101142919,-0.006558878673103266,0.6489789585170087,0.2751712501049042,-0.2564266324043274,1.0,0.049998661037534475
-0.06999216201775625,0.07888975101142919,-0.006558878673103266,0.6986861623876479,0.2849442958831787,-0.3381442725658417,1.0,0.049707203870639205
-0.06576977193318309,0.12278019869490746,-0.01246030400466094,0.7490170045342979,0.3063172996044159,-0.6607738137245178,1.0,0.05033084214664996
-0.06576977193318309,0.12278019869490746,-0.01246030400466094,0.7987228274863896,0.3176474869251251,-0.6621514558792114,1.0,0.049705822952091694
-0.0639413588677679,0.12664909558205378,-0.035167591213775704,0.8486942533922133,0.30968207120895386,-0.6562650799751282,1.0,0.04997142590582371
-0.0639413588677679,0.12664909558205378,-0.035167591213775704,0.8999949115381327,0.3204646706581116,-0.6564773321151733,1.0,0.05130065814591944
-0.04515701033389254,0.1303828657113182,-0.07992910994992439,0.9488876395911661,0.29429757595062256,-0.6437079906463623,1.0,0.04889272805303335
-0.04515701033389254,0.1303828657113182,-0.07992910994992439,0.9986997925729242,0.30468297004699707,-0.6417945623397827,1.0,0.04981215298175812
-0.01156860610280353,0.13608436567599236,-0.1487380273248458,1.0486580013815996,0.2489818036556244,-0.5460057854652405,1.0,0.04995820880867541
-0.01156860610280353,0.13608436567599236,-0.1487380273248458,1.1204308745504108,0.2594946622848511,-0.5493975281715393,1.0,0.0717728731688112
-0.01156860610280353,0.13608436567599236,-0.1487380273248458,1.15085380143083,0.2751263976097107,-0.5548730492591858,1.0,0.030422926880419254
0.009970204343927671,0.1323494712034532,-0.2124449635056183,1.1986976744659927,0.23722012341022491,-0.21095827221870422,1.0,0.04784387303516269
0.038987582892989474,0.12055099286701314,-0.27425287120788266,1.248192103469334,0.12235461175441742,0.6856602430343628,0.9875791668891907,0.05011692293919623
0.038987582892989474,0.12055099286701314,-0.27425287120788266,1.2974261560621478,0.13291633129119873,0.68804931640625,0.9878107905387878,0.049841582076624036
0.06598224852964793,0.11049708121840898,-0.328525393509567,1.3450954329011107,0.08263641595840454,0.6615199446678162,0.9502648115158081,0.050164202926680446
0.06598224852964793,0.11049708121840898,-0.328525393509567,1.3925192506773252,0.09281870722770691,0.6635057330131531,0.9497665166854858,0.049932080088183284
0.08545070731520958,0.10062415787278363,-0.338822432891502,1.43947113533693,0.07009245455265045,0.6544598937034607,0.9400394558906555,0.049946716986596584
0.08545070731520958,0.10062415787278363,-0.338822432891502,1.4864253170581565,0.07930435240268707,0.6560261249542236,0.9385752081871033,0.05002708500251174
0.08545070731520958,0.10062415787278363,-0.338822432891502,1.5332562358821753,0.08771185576915741,0.6576050519943237,0.9371059536933899,0.04997398494742811
0.10299325165756595,0.09487682913966347,-0.2992133238894983,1.5798745386326616,0.021985158324241638,0.6446107029914856,0.9318386316299438,0.05002830014564097
0.1119369724693174,0.08114354474496388,-0.24235182346590306,1.6266954905851438,0.015849709510803223,0.6492369771003723,0.9364525675773621,0.049998209811747074
0.1119369724693174,0.08114354474496388,-0.24235182346590306,1.6733878620804672,0.025521904230117798,0.6488745808601379,0.9338745474815369,0.0499985481146723
0.1119369724693174,0.08114354474496388,-0.24235182346590306,1.7224789650040586,0.03454594314098358,0.6484150886535645,0.9309024214744568,0.05273496103473008
0.12108145139754459,0.07963875564084161,-0.18617507582227436,1.766872807625978,0.0058404505252838135,0.6524796485900879,0.9393179416656494,0.047261785017326474
0.12108145139754459,0.07963875564084161,-0.18617507582227436,1.8136149928607426,0.014465481042861938,0.6520043015480042,0.9365872740745544,0.049906919011846185
0.12165635659698636,0.07084288197936073,-0.1320970316103687,1.8607591153534409,0.008486509323120117,0.6562299132347107,0.9411315321922302,0.050093021942302585
0.12165635659698636,0.07084288197936073,-0.1320970316103687,1.9076986795910424,0.017768502235412598,0.6558523178100586,0.9385518431663513,0.05001275590620935
0.1265167435397673,0.06318355374705717,-0.07871463772793347,1.9551154970842772,0.026114195585250854,0.6585361361503601,0.9438455700874329,0.05023789801634848
0.1265167435397673,0.06318355374705717,-0.07871463772793347,2.002015891333511,0.03392626345157623,0.6582583785057068,0.9415266513824463,0.04981313506141305
0.13169605812612634,0.05180622470776182,-0.020006974533232313,2.0868238675101307,0.010488167405128479,0.6661345958709717,0.9501911401748657,0.08925359603017569
0.13169605812612634,0.05180622470776182,-0.020006974533232313,2.1146787210482705,0.02444969117641449,0.6655578017234802,0.9462774395942688,0.02943624393083155
0.13604664479679401,0.0458329445448607,0.03865418781463771,2.145472193851328,0.029956519603729248,0.6689044833183289,0.9541695713996887,0.03227253700606525
0.13604664479679401,0.0458329445448607,0.03865418781463771,2.192144948623167,0.03515937924385071,0.6686212420463562,0.9526733756065369,0.04899134999141097
0.13504617212372663,0.04302447136639687,0.09279440365983214,2.240102953260673,0.03012220561504364,0.6738787889480591,0.9598912596702576,0.049961914075538516
0.13504617212372663,0.04302447136639687,0.09279440365983214,2.288019249186026,0.0390227735042572,0.6734841465950012,0.9575839638710022,0.05003874097019434
0.13880599677674835,0.040980462341986816,0.1529725052060284,2.3362676582448216,0.05253051221370697,0.6773846745491028,0.9653633236885071,0.04997953400015831
0.13880599677674835,0.040980462341986816,0.1529725052060284,2.3843741681173465,0.06254707276821136,0.6769484281539917,0.9627773761749268,0.04996639001183212
0.13942747431146538,0.04102492908334571,0.2127374552978591,2.4331284349468585,0.08028800785541534,0.6826640963554382,0.9697518944740295,0.050274990033358335
0.13942747431146538,0.04102492908334571,0.2127374552978591,2.481292821411631,0.09138382971286774,0.6825409531593323,0.9670613408088684,0.0498048928566277
0.14935928256967282,0.04091131757082578,0.2710026747736673,2.5301365362771913,0.08692154288291931,0.6898471713066101,0.9783639311790466,0.04992387117817998
0.14935928256967282,0.04091131757082578,0.2710026747736673,2.5789350652449685,0.09835518896579742,0.6899104714393616,0.9757617115974426,0.05001070280559361
0.15884147909947527,0.04076988089274269,0.3361384473995558,2.628553914691274,0.0929044783115387,0.6981467604637146,0.9923822283744812,0.049999736016616225
0.15884147909947527,0.04076988089274269,0.3361384473995558,2.6781963713002273,0.10472372174263,0.6986326575279236,0.9901247620582581,0.05013757711276412
0.15884147909947527,0.04076988089274269,0.3361384473995558,2.728242101851933,0.11654865741729736,0.6991185545921326,0.9878661036491394,0.050660439068451524
0.1691545319628138,0.03952095536763996,0.40030936996057215,2.777510298659138,0.1255282163619995,0.7033597230911255,0.9999576210975647,0.049270284827798605
0.1691545319628138,0.03952095536763996,0.40030936996057215,2.8274173502485813,0.13737604022026062,0.704110324382782,0.9978170990943909,0.0500162320677191
0.17394001702769277,0.042403890439748605,0.45966911640646935,2.877364510970098,0.17767207324504852,0.7021368741989136,0.9984588027000427,0.050024257972836494
0.17394001702769277,0.042403890439748605,0.45966911640646935,2.9270971769019782,0.19193799793720245,0.7015512585639954,0.9949197173118591,0.04998661205172539
0.1846141753182682,0.04393229403692539,0.5226898481057463,2.976860437509784,0.21679027378559113,0.6960921883583069,0.9952508211135864,0.050000722985714674
0.1846141753182682,0.04393229403692539,0.5226898481057463,3.0264445826511155,0.2309570163488388,0.6954978108406067,0.9918153882026672,0.049993321066722274
0.20149423657882012,0.051113826027030074,0.5907310963162081,3.105592829011491,0.2358143925666809,0.6894637942314148,0.999641478061676,0.0791766329202801
0.20149423657882012,0.051113826027030074,0.5907310963162081,3.136703265873096,0.25763291120529175,0.6876958012580872,0.9935981035232544,0.03131088591180742
0.2160604047167095,0.060154203660407274,0.6637024955048436,3.176103623858965,0.25853192806243896,0.6874285340309143,1.0,0.03940035798586905
0.2160604047167095,0.060154203660407274,0.6637024955048436,3.226025063586111,0.2687807083129883,0.6864205002784729,0.9983585476875305,0.05000351811759174
0.2357831215589721,0.07574291265687656,0.7308906914571824,3.276064868592347,0.272102415561676,0.6834426522254944,1.0,0.05003980500623584
0.2357831215589721,0.07574291265687656,0.7308906914571824,3.3261120815711718,0.2851172387599945,0.6821625828742981,1.0,0.05004721297882497
0.25498186651189564,0.09123273932122272,0.7982197609096524,3.37609510267588,0.26291486620903015,0.6843658089637756,1.0,0.049983021104708314
0.25498186651189564,0.09123273932122272,0.7982197609096524,3.4260214446528505,0.27639681100845337,0.6825125217437744,1.0,0.049926341976970434
0.2772145462203106,0.11027816121586097,0.8698476316290554,3.4760470136950414,0.2774530053138733,0.6816440224647522,1.0,0.05002556904219091
0.2772145462203106,0.11027816121586097,0.8698476316290554,3.5259469636200618,0.2908702492713928,0.6794120073318481,1.0,0.04989994992502034
0.2923805401775471,0.13028189111684713,0.9367644791435711,3.576005348511661,0.25430572032928467,0.6847473382949829,1.0,0.05005838489159942
0.2923805401775471,0.13028189111684713,0.9367644791435711,3.6265914615194004,0.28188514709472656,0.720331609249115,1.0,0.050586113007739186
0.31029568854727657,0.15022942452459714,1.0074487832229333,3.6760076014741014,0.232129767537117,0.6866135597229004,1.0,0.049416139954701066
0.31029568854727657,0.15022942452459714,1.0074487832229333,3.7260140816631417,0.2411525845527649,0.6864593625068665,1.0,0.0500064801890403
0.32316292085454906,0.17339806818501013,1.0768674395408215,3.777066404507185,0.19215592741966248,0.6070447564125061,1.0,0.051052322844043374
0.32316292085454906,0.17339806818501013,1.0768674395408215,3.825990123483042,0.20202665030956268,0.6112902760505676,1.0,0.0489237189758569
0.33234940172718347,0.19196739596956544,1.1410871809769596,3.8760455646968137,0.16541728377342224,0.06761471927165985,1.0,0.0500554412137717
0.33234940172718347,0.19196739596956544,1.1410871809769596,3.9260058496563386,0.1770268678665161,0.12964564561843872,1.0,0.04996028495952487
0.33234940172718347,0.19196739596956544,1.1410871809769596,3.978290372569735,0.1886143833398819,0.19155874848365784,1.0,0.05228452291339636
0.34106583751814057,0.20745108726972403,1.2014669268386993,4.026041618589932,0.13958726823329926,-0.4203169345855713,1.0,0.04775124602019787
0.34106583751814057,0.20745108726972403,1.2014669268386993,4.122188238468642,0.15635745227336884,-0.36158981919288635,1.0,0.09614661987870932
0.34839396941122486,0.22816289962983607,1.2307064745141318,4.149897126522536,0.07796624302864075,-0.6970517635345459,1.0,0.027708888053894043
0.34839396941122486,0.22816289962983607,1.2307064745141318,4.180683064548919,0.08313018083572388,-0.6981319785118103,1.0,0.03078593802638352
0.3529046797916421,0.24502780172609004,1.235090122855194,4.22584143485431,0.053331971168518066,-0.681399941444397,0.9934927225112915,0.045454153092578053
0.3529046797916421,0.24502780172609004,1.235090122855194,4.275555590918203,0.06182543933391571,-0.6837378740310669,0.9945153594017029,0.049988324055448174
0.3602263260796727,0.26056777557213895,1.2033043071518925,4.324151848456541,0.029088705778121948,-0.6679278612136841,0.9725129008293152,0.04996978188864887
0.3602263260796727,0.26056777557213895,1.2033043071518925,4.372850026774266,0.038228899240493774,-0.6704437136650085,0.9736132025718689,0.050017992965877056
0.3623394110484209,0.26555761669064315,1.1431802304402674,4.42123598258695,0.03310030698776245,-0.6661807894706726,0.9684792160987854,0.049960758071392775
0.3623394110484209,0.26555761669064315,1.1431802304402674,4.469763973791471,0.04187208414077759,-0.6686583161354065,0.9696974158287048,0.050044467905536294
0.3659608257927359,0.26986667719524954,1.0791816121753033,4.51792474102931,0.03680668771266937,-0.6645984053611755,0.965996503829956,0.04985604714602232
0.3659608257927359,0.26986667719524954,1.0791816121753033,4.566400597413629,0.0455377995967865,-0.6670645475387573,0.967208981513977,0.050119319930672646
0.3674101616195369,0.27552955875533125,1.0179701499465712,4.614398863888562,0.04197445511817932,-0.6622453927993774,0.960401177406311,0.049977309070527554
0.3674101616195369,0.27552955875533125,1.0179701499465712,4.662385644862899,0.050702065229415894,-0.6646657586097717,0.9615121483802795,0.049907617969438434
0.37112499935885085,0.2831818087784497,0.9571023822331888,4.710582684141287,0.03897373378276825,-0.6591793894767761,0.957275927066803,0.05034811585210264
0.37112499935885085,0.2831818087784497,0.9571023822331888,4.758152226775974,0.047704681754112244,-0.6605907082557678,0.9559513330459595,0.04976146901026368
0.37112499935885085,0.2831818087784497,0.9571023822331888,4.805992535295607,0.05632205307483673,-0.6619833111763,0.9546437859535217,0.050113256089389324
0.375144198824427,0.286330043059451,0.896078131380193,4.8537537559560295,0.05270969867706299,-0.6604931354522705,0.956919252872467,0.04991144291125238
0.3789097729665719,0.2844737490074482,0.8361483068198766,4.901886773439712,0.05516500771045685,-0.6624263525009155,0.9626428484916687,0.05000090901739895
0.3789097729665719,0.2844737490074482,0.8361483068198766,4.949914464975749,0.06399261951446533,-0.6638268232345581,0.9612968564033508,0.04996135295368731
0.3827218459615347,0.2866120493337567,0.7729461126660395,4.998031390137568,0.06008449196815491,-0.6632798314094543,0.9647542834281921,0.049874798161908984
0.3827218459615347,0.2866120493337567,0.7729461126660395,5.046251968158309,0.06761875748634338,-0.6646702289581299,0.9636813998222351,0.05003788392059505
0.3827218459615347,0.2866120493337567,0.7729461126660395,5.10486372812765,0.07516919076442719,-0.6660636067390442,0.9626061320304871,0.060888621024787426
0.38631982501408,0.28996617220454085,0.711712636336437,5.142684004440024,0.06845268607139587,-0.6653135418891907,0.965890109539032,0.03915587905794382
0.392418346826045,0.29566536057886755,0.652493848601267,5.191265498235609,0.050063356757164,-0.6618533730506897,0.9690751433372498,0.05013181292451918
0.392418346826045,0.29566536057886755,0.652493848601267,5.239646569696956,0.05719776451587677,-0.6632214188575745,0.9682108759880066,0.049969560001045465
0.3969762868949672,0.2997946033429056,0.5932997086963827,5.288276354742794,0.04530520737171173,-0.6617709994316101,0.9714993834495544,0.050056423991918564
0.3969762868949672,0.2997946033429056,0.5932997086963827,5.336707831538642,0.05262255668640137,-0.6627742648124695,0.970827043056488,0.04988682293333113
0.4009824551619791,0.3041646242962846,0.534860987243444,5.385392750656988,0.041053056716918945,-0.6620607376098633,0.9733316898345947,0.0500188369769603
0.4009824551619791,0.3041646242962846,0.534860987243444,5.433974594201726,0.048568129539489746,-0.6626919507980347,0.9729166626930237,0.04993422911502421
0.40548020100428844,0.3054420921468706,0.477047833116905,5.482972186352431,0.04198780655860901,-0.663722813129425,0.9780451655387878,0.05009747389703989
0.40548020100428844,0.3054420921468706,0.477047833116905,5.531744902675536,0.0494537353515625,-0.6642351150512695,0.9775376915931702,0.049893438117578626
0.40548020100428844,0.3054420921468706,0.477047833116905,5.5806614906374,0.05691671371459961,-0.6647451519966125,0.977080762386322,0.050064017064869404
0.4100443082413272,0.3063972842717836,0.419509070012632,5.6297021630145405,0.05186215043067932,-0.665851891040802,0.9829288125038147,0.04989239480346441
0.4141773306145077,0.307555217363724,0.36377207007572493,5.679177168506716,0.04939356446266174,-0.6665485501289368,0.9870919585227966,0.050121982116252184
0.4141773306145077,0.307555217363724,0.36377207007572493,5.728275240217899,0.0,-0.6624279618263245,0.9837930798530579,0.04990690900012851
0.4141773306145077,0.307555217363724,0.36377207007572493,5.9765222368604,0.0,-0.6621866822242737,0.9834084510803223,0.2524352890904993
0.41819653596539186,0.3078442699867269,0.3106280299910877,6.023609184910464,0.0,-0.6639333963394165,0.9870807528495789,0.047703237971290946
0.41819653596539186,0.3078442699867269,0.3106280299910877,6.072765657702609,0.0,-0.6638545393943787,0.9869573712348938,0.04980607493780553
0.42297646116298565,0.30830606208155614,0.2613280761015986,6.132553019586272,0.0,-0.6659694314002991,0.9921654462814331,0.06025946792215109
0.42297646116298565,0.30830606208155614,0.2613280761015986,6.337204216524499,0.0,-0.6658676266670227,0.9919867515563965,0.20630436507053673
0.4236307005561274,0.30765828449660837,0.2094965420229129,6.370390228313538,0.0020353496074676514,-0.6676031947135925,0.9919267296791077,0.03345611202530563
0.4236307005561274,0.30765828449660837,0.2094965420229129,6.420240651856261,0.0045726001262664795,-0.667546808719635,0.9913460612297058,0.050285591976717114
0.4236307005561274,0.30765828449660837,0.2094965420229129,6.469535520616057,0.0077063292264938354,-0.6677689552307129,0.9908636808395386,0.04974939511157572
0.4236307005561274,0.30765828449660837,0.2094965420229129,6.519201072286618,0.011291369795799255,-0.6679310202598572,0.9902378916740417,0.0501551718916744
0.42065544804795146,0.3066689107088873,0.1440364121519382,6.5688028357963715,0.020909518003463745,-0.6705856323242188,0.9924840927124023,0.04997738893143833
0.4226419124484429,0.3075841361105922,0.08415741303885771,6.6183680903100734,0.018021315336227417,-0.6741987466812134,0.99703449010849,0.04971267795190215
0.4226419124484429,0.3075841361105922,0.08415741303885771,6.668237206207782,0.021969467401504517,-0.6739024519920349,0.995876669883728,0.050075594102963805
0.4220737550776811,0.3074545441970641,0.02499591483344984,6.718335655419024,0.025497496128082275,-0.6762865781784058,0.9983193278312683,0.05018279002979398
0.4220737550776811,0.3074545441970641,0.02499591483344984,6.76812713616373,0.029706448316574097,-0.6760352253913879,0.997174084186554,0.049932586029171944
0.42563158065461376,0.3068131730158375,-0.031389173421534716,6.818286219144556,0.022603273391723633,-0.6797677278518677,1.0,0.0501590829808265
0.42563158065461376,0.3068131730158375,-0.031389173421534716,6.868156117152739,0.026826202869415283,-0.6798903346061707,1.0,0.049869898008182645
0.42563158065461376,0.3068131730158375,-0.031389173421534716,6.918202050900452,0.03102472424507141,-0.6800121665000916,0.999937117099762,0.05004908097907901
0.43025242874058023,0.3087659720046674,-0.08875925484911293,6.968059226809435,0.019964516162872314,-0.6855417490005493,1.0,0.049857175908982754
0.43025242874058023,0.3087659720046674,-0.08875925484911293,7.018106395783268,0.02387651801109314,-0.6855068802833557,1.0,0.05004716897383332
0.43624463333178554,0.3089949531321933,-0.14505247869415464,7.068128425799675,0.010305613279342651,-0.6901864409446716,1.0,0.05002203001640737
0.43624463333178554,0.3089949531321933,-0.14505247869415464,7.156316331992291,0.014120250940322876,-0.6904909014701843,1.0,0.08818790619261563
0.4366316663932717,0.3090574050648005,-0.2002546456338908,7.269677392844476,0.019409596920013428,-0.691539466381073,1.0,0.11336106085218489
0.442213288288655,0.31174789297317845,-0.261445872371402,7.318098277956612,0.014600783586502075,-0.6934227347373962,1.0,0.0484208851121366
0.442213288288655,0.31174789297317845,-0.261445872371402,7.36808436986468,0.019060075283050537,-0.693107008934021,1.0,0.049986091908067465
0.442213288288655,0.31174789297317845,-0.261445872371402,7.418323310962312,0.023597687482833862,-0.6925820112228394,1.0,0.05023894109763205
0.442213288288655,0.31174789297317845,-0.261445872371402,7.468151269885145,0.028158366680145264,-0.6920545697212219,1.0,0.049827958922833204
0.4468724719306945,0.310906350376474,-0.35150657806356106,7.518116125775866,0.02012781798839569,-0.6926997303962708,1.0,0.04996485589072108
0.4481140425885714,0.30833232270972727,-0.41156530365127525,7.567986791892342,0.02733612060546875,-0.6938778758049011,1.0,0.04987066611647606
0.4481140425885714,0.30833232270972727,-0.41156530365127525,7.618216693805896,0.031010016798973083,-0.6930242776870728,1.0,0.050229901913553476
0.44889852479962755,0.3070691056473541,-0.4676539419103779,7.66814682091064,0.03944852948188782,-0.6941981911659241,1.0,0.049930127104744315
0.44889852479962755,0.3070691056473541,-0.4676539419103779,7.7184453228808865,0.04382815957069397,-0.69320148229599,1.0,0.050298501970246434
0.44850572805094063,0.30741983496008934,-0.520518953918698,7.767977978973083,0.05548594892024994,-0.6938862204551697,1.0,0.0495326560921967
0.44850572805094063,0.30741983496008934,-0.520518953918698,7.818649247926094,0.05984601378440857,-0.6929150819778442,1.0,0.05067126895301044
0.44850572805094063,0.30741983496008934,-0.520518953918698,7.8682095158699825,0.06432980298995972,-0.6919206976890564,1.0,0.0495602679438889
0.4500011397418584,0.3058426064166464,-0.5805687056048915,7.918051295852654,0.07352828979492188,-0.6934027075767517,1.0,0.04984177998267114
0.4518983077697161,0.30559897463344554,-0.6462248585221152,7.9682278958469555,0.08345673978328705,-0.6955682635307312,1.0,0.050176599994301796
0.4518983077697161,0.30559897463344554,-0.6462248585221152,8.018153610811002,0.08759784698486328,-0.6952402591705322,1.0,0.049925714964047074
0.4518983077697161,0.30559897463344554,-0.6462248585221152,8.068153393859408,0.09171801805496216,-0.694913923740387,1.0,0.04999978304840624
0.45770677571131313,0.30100538291832246,-0.7068478731020009,8.118199228946484,0.09637729823589325,-0.6977421045303345,1.0,0.05004583508707583
0.45770677571131313,0.30100538291832246,-0.7068478731020009,8.202003621900818,0.09037934243679047,-0.6970126628875732,1.0,0.08380439295433462
0.46392828910465217,0.29465850890610046,-0.772029652578167,8.424129284857205,0.09866392612457275,-0.700127899646759,1.0,0.2221256629563868
0.4755858000525931,0.282450292249622,-0.8842848161506086,8.468103751944742,0.12203910946846008,-0.7016847133636475,1.0,0.04397446708753705
0.4755858000525931,0.282450292249622,-0.8842848161506086,8.518091064816705,0.12678645551204681,-0.7010892629623413,1.0,0.049987312871962786
0.4755858000525931,0.282450292249622,-0.8842848161506086,8.568050315775341,0.13206106424331665,-0.7005099058151245,1.0,0.0499592509586364
0.4755858000525931,0.282450292249622,-0.8842848161506086,8.618293788921452,0.13698416948318481,-0.7002099752426147,1.0,0.05024347314611077
0.4755858000525931,0.282450292249622,-0.8842848161506086,8.668110870927936,0.1419353187084198,-0.6999083161354065,1.0,0.04981708200648427
0.48056971665201015,0.2745795124940942,-0.957455180993022,8.71810711495056,0.1525699347257614,-0.7001906633377075,1.0,0.049996244022622705
0.48056971665201015,0.2745795124940942,-0.957455180993022,8.768127314918107,0.15920910239219666,-0.6991825699806213,1.0,0.05002019996754825
0.4865021916407209,0.266366236303068,-1.0241876411684945,8.818691881778083,0.15460176765918732,-0.6491744518280029,1.0,0.05056456685997546
0.4865021916407209,0.266366236303068,-1.0241876411684945,8.868152919862784,0.1610947698354721,-0.645871102809906,1.0,0.049461038084700704
0.49086970955615294,0.2579437270494817,-1.0905169600506859,8.91805793594978,0.13537214696407318,-0.3320443332195282,1.0,0.0499050160869956
0.49086970955615294,0.2579437270494817,-1.0905169600506859,8.96807089884243,0.14014415442943573,-0.327532023191452,1.0,0.05001296289265156
0.4937687583535447,0.24792359114684814,-1.1566927939891456,9.018056045923746,0.10310359299182892,0.015990225598216057,1.0,0.04998514708131552
0.4937687583535447,0.24792359114684814,-1.1566927939891456,9.068036238834626,0.10808532685041428,0.02884518913924694,1.0,0.04998019291087985
0.49656647903735096,0.23713394743218819,-1.201961658197117,9.118060544770575,0.0830472782254219,0.3220686912536621,1.0,0.05002430593594909
0.49656647903735096,0.23713394743218819,-1.201961658197117,9.184876590906075,0.0782158225774765,0.1376229226589203,1.0,0.06681604613550007
0.49656647903735096,0.23713394743218819,-1.201961658197117,9.425246474970496,0.08444371074438095,0.15439358353614807,1.0,0.24036988406442106
0.5020504010705009,0.22329001278342653,-1.213769526854273,9.468038549818463,0.07830023765563965,0.42214152216911316,1.0,0.04279207484796643
0.5056716808093801,0.21090313242222683,-1.1823643426306858,9.518203735988951,0.057859063148498535,0.5646650195121765,1.0,0.050165186170488596
0.5056716808093801,0.21090313242222683,-1.1823643426306858,9.568233227994657,0.062298618257045746,0.5740583539009094,1.0,0.05002949200570583
0.5056716808093801,0.21090313242222683,-1.1823643426306858,9.618459726855523,0.06665287166833878,0.5810420513153076,1.0,0.05022649886086583
0.5056716808093801,0.21090313242222683,-1.1823643426306858,9.668228991967059,0.07096346467733383,0.5884829759597778,1.0,0.04976926511153579
0.5056716808093801,0.21090313242222683,-1.1823643426306858,9.718179617947332,0.07514514029026031,0.5973794460296631,1.0,0.04995062598027289
0.5107852333433891,0.19660522361697733,-1.119863627106144,9.768195000881693,0.05282661318778992,0.7062127590179443,1.0,0.050015382934361696
0.5107852333433891,0.19660522361697733,-1.119863627106144,9.81823349691405,0.056880101561546326,0.7096844911575317,1.0,0.050038496032357216
0.5107852333433891,0.19660522361697733,-1.119863627106144,9.868345854975647,0.0609939843416214,0.7127990126609802,1.0,0.05011235806159675
0.5107852333433891,0.19660522361697733,-1.119863627106144,9.918182774851463,0.1634579300880432,0.6627126336097717,1.0,0.04983691987581551
0.517815858953643,0.18430792774250307,-1.0197285374632414,9.968032787766969,0.10500816255807877,0.6851838827133179,0.997473418712616,0.049976282054558396
0.517815858953643,0.18430792774250307,-1.0197285374632414,10.017810197810118,0.11404687911272049,0.6858812570571899,0.9972519278526306,0.04991457890719175
0.5223061459148761,0.17813202106978543,-0.9600239596886366,10.067935351778228,0.12459258735179901,0.6842460036277771,1.0,0.05012515396811068
0.5223061459148761,0.17813202106978543,-0.9600239596886366,10.117838016974215,0.13854295015335083,0.6728061437606812,1.0,0.04990266519598663
0.5283644399592428,0.17167343580641925,-0.8983867097798692,10.167755895790119,0.12436608970165253,0.6611256003379822,1.0,0.04991787881590426
0.5283644399592428,0.17167343580641925,-0.8983867097798692,10.221144684853439,0.1386646032333374,0.635352373123169,1.0,0.053388789063319564
0.5381036383843907,0.1627414825225482,-0.8346261312837243,10.42005797385465,0.10330978035926819,0.6850833892822266,1.0,0.19891328900121152
0.5489949653014151,0.15106846649038436,-0.7713504974380188,10.46828463490348,0.09738203883171082,0.6859311461448669,1.0,0.048226661048829556
0.5489949653014151,0.15106846649038436,-0.7713504974380188,10.517803892989118,0.10796694457530975,0.6867979764938354,1.0,0.049519258085638285
0.5489949653014151,0.15106846649038436,-0.7713504974380188,10.567812210910429,0.11960163712501526,0.6855629086494446,1.0,0.05000831792131066
0.5489949653014151,0.15106846649038436,-0.7713504974380188,10.61779011789005,0.13169683516025543,0.6831828355789185,1.0,0.04997790697962046
0.5595327414146755,0.1415448945895097,-0.6873057006077455,10.667796868861128,0.12450726330280304,0.6460902094841003,1.0,0.05000675097107887
0.5595327414146755,0.1415448945895097,-0.6873057006077455,10.71785230681527,0.13843296468257904,0.6096280217170715,1.0,0.05005543795414269
0.5693503314306401,0.13239126324387707,-0.627553351765817,10.767886596994881,0.1261385679244995,0.583097517490387,1.0,0.05003429017961025
0.5693503314306401,0.13239126324387707,-0.627553351765817,10.817863367993791,0.13799230754375458,0.5404351353645325,1.0,0.04997677099891007
0.5818487372138053,0.12153767327614783,-0.5664286911151578,10.867865194829587,0.08419446647167206,0.6845452785491943,1.0,0.05000182683579624
0.5818487372138053,0.12153767327614783,-0.5664286911151578,10.917841144867648,0.09485779702663422,0.6854735612869263,1.0,0.049975950038060546
0.5912546890825571,0.11611621681687313,-0.508638134483199,10.967799495935846,0.08762279152870178,0.6873094439506531,1.0,0.04995835106819868
0.5912546890825571,0.11611621681687313,-0.508638134483199,11.017865132803504,0.09862291812896729,0.6878795027732849,1.0,0.050065636867657304
0.6019194719037764,0.11274804538006071,-0.4517457795075006,11.067809855828468,0.1053856760263443,0.45862916111946106,1.0,0.04994472302496433
0.6019194719037764,0.11274804538006071,-0.4517457795075006,11.118120511791144,0.11121810972690582,0.3789561092853546,1.0,0.05031065596267581
0.6019194719037764,0.11274804538006071,-0.4517457795075006,11.167925813964043,0.11830742657184601,0.28856155276298523,1.0,0.049805302172899246
0.6101614428563974,0.10759872599076256,-0.3945549012970435,11.252699453879554,0.1473546028137207,0.5459939241409302,1.0,0.08477363991551101
0.6101614428563974,0.10759872599076256,-0.3945549012970435,11.493832773792032,0.1565987765789032,0.39716747403144836,1.0,0.24113331991247833
0.6297044506571134,0.0982346270954635,-0.3283426724865651,11.532503005845879,0.16047734022140503,0.04630403220653534,1.0,0.03867023205384612
0.6297044506571134,0.0982346270954635,-0.3283426724865651,11.567842221849073,0.16619330644607544,-0.02264334075152874,1.0,0.03533921600319445
0.6297044506571134,0.0982346270954635,-0.3283426724865651,11.61784488477971,0.17167827486991882,-0.08019480109214783,1.0,0.0500026629306376
0.6297044506571134,0.0982346270954635,-0.3283426724865651,11.667882061826472,0.17990747094154358,-0.16652345657348633,1.0,0.05003717704676092
0.6455933868128264,0.09122146854274117,-0.3223060397096694,11.718124742882733,0.17415152490139008,-0.04910765588283539,1.0,0.05024268105626106
0.6455933868128264,0.09122146854274117,-0.3223060397096694,11.76781665583368,0.1810680329799652,-0.14195331931114197,1.0,0.04969191295094788
0.6455933868128264,0.09122146854274117,-0.3223060397096694,11.817791220995073,0.18843743205070496,-0.24306181073188782,1.0,0.04997456516139209
0.6625481818439952,0.08716270717945689,-0.33025310516090345,11.867840711988915,0.15659409761428833,-0.38634583353996277,1.0,0.05004949099384248
0.6809597161299175,0.07784029840095538,-0.33737040361552667,11.919563084870983,0.13535597920417786,-0.04803803563117981,1.0,0.05172237288206816
0.6809597161299175,0.07784029840095538,-0.33737040361552667,11.968591507787291,0.14381442964076996,-0.1693410873413086,1.0,0.049028422916308045
0.6809597161299175,0.07784029840095538,-0.33737040361552667,12.018665608980168,0.15269958972930908,-0.28618282079696655,1.0,0.0500741011928767
0.700378821427924,0.07091988681710809,-0.3606139983456395,12.068053582946245,0.12610307335853577,-0.43426385521888733,1.0,0.04938797396607697
0.700378821427924,0.07091988681710809,-0.3606139983456395,12.118164314918626,0.13633255660533905,-0.5160938501358032,1.0,0.05011073197238147
0.700378821427924,0.07091988681710809,-0.3606139983456395,12.167799303804,0.1452675610780716,-0.5740905404090881,1.0,0.04963498888537288
0.700378821427924,0.07091988681710809,-0.3606139983456395,12.21855311680812,0.15446874499320984,-0.6036456227302551,1.0,0.050753813004121184
0.7183183748366887,0.06498374769767107,-0.3800716602089324,12.292548654864017,0.13100872933864594,-0.3830718696117401,1.0,0.07399553805589676
0.7347049764722964,0.05775467692607563,-0.4150533218011436,12.504721158912812,0.12031834572553635,-0.033481210470199585,1.0,0.2121725040487945
0.7504253077780773,0.048852950682506835,-0.4702917490932584,12.534490621911768,0.13606718182563782,0.12291699647903442,1.0,0.029769462998956442
0.7612535102981218,0.04176429135560356,-0.5257429968843402,12.567854682945121,0.13025382161140442,0.41028785705566406,1.0,0.03336406103335321
0.7612535102981218,0.04176429135560356,-0.5257429968843402,12.617826776842062,0.1372757852077484,0.3539695143699646,1.0,0.04997209389694035
0.7612535102981218,0.04176429135560356,-0.5257429968843402,12.667824583856795,0.14547105133533478,0.2592778503894806,1.0,0.04999780701473355
0.7612535102981218,0.04176429135560356,-0.5257429968843402,12.717826031877134,0.15338173508644104,0.16554906964302063,1.0,0.05000144802033901
0.7612535102981218,0.04176429135560356,-0.5257429968843402,12.767801318813522,0.16141605377197266,0.08129855990409851,1.0,0.04997528693638742
0.7784533549327871,0.03115500984824347,-0.48961028971900783,12.817930915888805,0.1465875804424286,0.28843697905540466,1.0,0.05012959707528353
0.7784533549327871,0.03115500984824347,-0.48961028971900783,12.8678578818519,0.15497328341007233,0.20301778614521027,1.0,0.04992696596309543
0.7920457008285043,0.023582406684439297,-0.47217473991506753,12.917838136928562,0.13955062627792358,0.4504387080669403,1.0,0.049980255076661706
0.7920457008285043,0.023582406684439297,-0.47217473991506753,12.967867071770538,0.14819258451461792,0.3596822917461395,1.0,0.05002893484197557
0.8061481948639031,0.017072689922871885,-0.4521300343320503,13.017833365856145,0.12978819012641907,-0.13700097799301147,1.0,0.04996629408560693
0.8061481948639031,0.017072689922871885,-0.4521300343320503,13.067786005821485,0.13793298602104187,-0.2351554036140442,1.0,0.049952639965340495
0.8201068809067267,0.01128682755875979,-0.4220610542609226,13.117803232774545,0.12174560129642487,-0.03941689431667328,1.0,0.050017226953059435
0.8201068809067267,0.01128682755875979,-0.4220610542609226,13.167806320853938,0.13963370025157928,0.41239818930625916,1.0,0.05000308807939291
0.8325691152341564,0.005002626238486329,-0.41707978988157857,13.21793051695678,0.12293858826160431,0.5705371499061584,1.0,0.05012419610284269
0.8325691152341564,0.005002626238486329,-0.41707978988157857,13.26792448482703,0.13123434782028198,0.5011484622955322,1.0,0.049993967870250344
0.8433588396664946,-0.0017617549649594467,-0.42020754914677383,13.33901251785684,0.11527657508850098,0.0545002818107605,1.0,0.0710880330298096
0.8433588396664946,-0.0017617549649594467,-0.42020754914677383,13.532503538795222,0.12407291680574417,-0.08966262638568878,1.0,0.19349102093838155
0.8550521734305615,-0.006677377002181037,-0.37575525326312137,13.567798328848962,0.11984178423881531,0.18591374158859253,1.0,0.035294790053740144
0.8550521734305615,-0.006677377002181037,-0.37575525326312137,13.617945765873824,0.12357299029827118,0.12349176406860352,1.0,0.050147437024861574
0.8550521734305615,-0.006677377002181037,-0.37575525326312137,13.667762829952348,0.12826475501060486,0.03329387307167053,1.0,0.04981706407852471
0.8702718707809742,-0.012379116452778215,-0.32870893428336945,13.717896743940596,0.10006462037563324,0.07173967361450195,1.0,0.050133913988247514
0.8702718707809742,-0.012379116452778215,-0.32870893428336945,13.76778139782365,0.10482057929039001,-0.018499432131648064,1.0,0.04988465388305485
0.8830492375205427,-0.01608522767970258,-0.32047822582643465,13.817821255915273,0.08646512031555176,0.03516256809234619,1.0,0.05003985809162259
0.8830492375205427,-0.01608522767970258,-0.32047822582643465,13.86774593594711,0.09128862619400024,-0.05207012593746185,1.0,0.04992468003183603
0.8929472309251881,-0.019048057284428144,-0.3210044035921743,13.917971854826842,0.07980208098888397,-0.0006111543625593185,1.0,0.05022591887973249
0.8929472309251881,-0.019048057284428144,-0.3210044035921743,13.967787694914673,0.08481598645448685,-0.08699207007884979,1.0,0.04981584008783102
0.8929472309251881,-0.019048057284428144,-0.3210044035921743,14.01784222995158,0.08967313170433044,-0.17751401662826538,1.0,0.0500545350369066
0.8929472309251881,-0.019048057284428144,-0.3210044035921743,14.067854431953688,0.09437321126461029,-0.2728172838687897,1.0,0.0500122020021081
0.9105018397862442,-0.025501217945062382,-0.32449915436452387,14.117924985971708,0.070538729429245,-0.06628341972827911,1.0,0.05007055401802063
0.9105018397862442,-0.025501217945062382,-0.32449915436452387,14.167775645882298,0.07523347437381744,-0.1615830361843109,1.0,0.04985065991058946
0.9105018397862442,-0.025501217945062382,-0.32449915436452387,14.217812481832166,0.07933366298675537,-0.2536638379096985,1.0,0.050036835949867964
0.9105018397862442,-0.025501217945062382,-0.32449915436452387,14.26780037398677,0.08344920724630356,-0.34608903527259827,1.0,0.0499878921546042
0.9105018397862442,-0.025501217945062382,-0.32449915436452387,14.327798036888648,0.08952144533395767,-0.44210898876190186,1.0,0.05999766290187836
0.9263522433248315,-0.031091665535350317,-0.35767278199755365,14.527824989783053,0.0717560276389122,-0.21725797653198242,1.0,0.20002695289440453
0.9263522433248315,-0.031091665535350317,-0.35767278199755365,14.567835229944844,0.09230341017246246,-0.5045356154441833,1.0,0.040010240161791444
0.9263522433248315,-0.031091665535350317,-0.35767278199755365,14.617953902839158,0.09684717655181885,-0.5534586310386658,1.0,0.05011867289431393
0.9375761865627592,-0.036082106046042596,-0.40579869163776294,14.667835850997303,0.08773734420537949,-0.3150612413883209,1.0,0.04988194815814495
0.9375761865627592,-0.036082106046042596,-0.40579869163776294,14.717850900983844,0.09320101886987686,-0.38843315839767456,1.0,0.05001504998654127
0.9375761865627592,-0.036082106046042596,-0.40579869163776294,14.767937153840844,0.09948001056909561,-0.4570848047733307,1.0,0.050086252856999636
0.9375761865627592,-0.036082106046042596,-0.40579869163776294,14.817855715781857,0.10827093571424484,-0.5224740505218506,1.0,0.04991856194101274
0.9535462686247005,-0.04437390335100055,-0.477034864703973,14.86782826276723,0.0968368873000145,-0.05489501357078552,1.0,0.0499725469853729
0.9535462686247005,-0.04437390335100055,-0.477034864703973,14.917814443849434,0.10196954756975174,-0.12448939681053162,1.0,0.049986181082203984
0.9535462686247005,-0.04437390335100055,-0.477034864703973,14.967779378902573,0.10710351169109344,-0.19410285353660583,1.0,0.049964935053139925
0.9661918499559172,-0.052635272955685354,-0.5518549914568358,15.017652187992294,0.10181035101413727,0.30536919832229614,1.0,0.04987280908972025
0.9661918499559172,-0.052635272955685354,-0.5518549914568358,15.067862234807048,0.1095389872789383,0.25884559750556946,1.0,0.050210046814754605
0.9661918499559172,-0.052635272955685354,-0.5518549914568358,15.117779136898402,0.11685054004192352,0.21774810552597046,1.0,0.04991690209135413
0.9661918499559172,-0.052635272955685354,-0.5518549914568358,15.168145270815526,0.12411929666996002,0.17689061164855957,1.0,0.05036613391712308
0.9661918499559172,-0.052635272955685354,-0.5518549914568358,15.217816033896465,0.1310787945985794,0.1381472647190094,1.0,0.04967076308093965
0.985114212156436,-0.06516603782675927,-0.5372896517630561,15.267751301901821,0.06720796227455139,0.6133888363838196,1.0,0.04993526800535619
0.985114212156436,-0.06516603782675927,-0.5372896517630561,15.31774106578197,0.0773623138666153,0.5912182927131653,1.0,0.04998976388014853
0.9965832341742226,-0.07251527735680222,-0.5223559309051491,15.367757740926404,0.04567737132310867,0.6765549778938293,1.0,0.050016675144433975
0.9965832341742226,-0.07251527735680222,-0.5223559309051491,15.417723804975335,0.05091394484043121,0.6721574664115906,1.0,0.049966064048931
0.9965832341742226,-0.07251527735680222,-0.5223559309051491,15.467715869920735,0.056077875196933746,0.6692265868186951,1.0,0.04999206494539976
0.9965832341742226,-0.07251527735680222,-0.5223559309051491,15.517774547946114,0.060259655117988586,0.6668543815612793,1.0,0.05005867802537978
1.011407431775868,-0.08088862271967912,-0.4325833344225657,15.567768431764502,0.022455215454101562,0.675373911857605,1.0,0.049993883818387985
1.011407431775868,-0.08088862271967912,-0.4325833344225657,15.617867162947018,0.02745015174150467,0.6693597435951233,1.0,0.05009873118251562
1.020123319480023,-0.08448296288425056,-0.37623711580987906,15.66775077398162,0.009189128875732422,0.669705867767334,1.0,0.04988361103460193
1.020123319480023,-0.08448296288425056,-0.37623711580987906,15.7177473679487,0.016363754868507385,0.6607537269592285,1.0,0.049996593967080116
1.024414729783769,-0.08770949833120638,-0.31988592901959717,15.767741942808438,0.015002623200416565,0.6627094745635986,1.0,0.04999457485973835
1.024414729783769,-0.08770949833120638,-0.31988592901959717,15.817731530901451,0.022935450077056885,0.6567835211753845,1.0,0.04998958809301257
1.0261168293643714,-0.08820573872893007,-0.26306947345702386,15.867831887940351,0.032317742705345154,0.5919071435928345,1.0,0.050100357038900256
1.0261168293643714,-0.08820573872893007,-0.26306947345702386,15.917721296923641,0.04327331483364105,0.5681658387184143,1.0,0.049889408983290195
1.0276403376195848,-0.08947428684813089,-0.2043253060319551,15.967926997954432,0.04751470685005188,0.46638253331184387,1.0,0.050205701030790806
1.0276403376195848,-0.08947428684813089,-0.2043253060319551,16.017753989931602,0.05669115483760834,0.4273736774921417,1.0,0.04982699197717011
1.0276403376195848,-0.08947428684813089,-0.2043253060319551,16.067768013833497,0.06578627228736877,0.38831818103790283,1.0,0.05001402390189469
1.0276403376195848,-0.08947428684813089,-0.2043253060319551,16.117890627852116,0.07485254108905792,0.34789514541625977,1.0,0.05012261401861906
1.031217086030258,-0.08975340074096379,-0.1152816690531129,16.167745885935087,0.06217882037162781,0.029462741687893867,1.0,0.04985525808297098
1.031217086030258,-0.08975340074096379,-0.1152816690531129,16.217784243898873,0.07002432644367218,-0.04480043053627014,1.0,0.05003835796378553
1.031217086030258,-0.08975340074096379,-0.1152816690531129,16.26777366691496,0.07795059680938721,-0.10270915925502777,1.0,0.04998942301608622
1.031217086030258,-0.08975340074096379,-0.1152816690531129,16.31777503996383,0.08569076657295227,-0.15467968583106995,1.0,0.050001373048871756
1.0491275539485279,-0.09265263250009341,-0.08033620181468965,16.373427162908424,0.05462489277124405,-0.08255979418754578,1.0,0.05565212294459343
1.0491275539485279,-0.09265263250009341,-0.08033620181468965,16.417808474770222,0.06212592124938965,-0.14052313566207886,1.0,0.04438131186179817
1.0491275539485279,-0.09265263250009341,-0.08033620181468965,16.46779116688523,0.06806931644678116,-0.1816803216934204,1.0,0.04998269211500883
1.0491275539485279,-0.09265263250009341,-0.08033620181468965,16.51778139083873,0.07506000995635986,-0.22885999083518982,1.0,0.04999022395350039
1.0631678216763034,-0.09390675564988474,-0.10157483203751937,16.56776092879701,0.05651901662349701,-0.056627124547958374,1.0,0.04997953795827925
1.0631678216763034,-0.09390675564988474,-0.10157483203751937,16.6178013207693,0.06366138160228729,-0.09983888268470764,1.0,0.05004039197228849
1.0631678216763034,-0.09390675564988474,-0.10157483203751937,16.667935331847925,0.07089129090309143,-0.1409265398979187,1.0,0.05013401107862592
1.0631678216763034,-0.09390675564988474,-0.10157483203751937,16.71779147096205,0.07808566093444824,-0.16989943385124207,1.0,0.04985613911412656
1.0803032355353739,-0.09622966126409188,-0.1248366708207435,16.767820834910903,0.054751113057136536,0.09161783754825592,1.0,0.050029363948851824
1.0803032355353739,-0.09622966126409188,-0.1248366708207435,16.818129427994077,0.06199687719345093,0.06748892366886139,1.0,0.05030859308317304
1.0803032355353739,-0.09622966126409188,-0.1248366708207435,16.867855626887117,0.06933510303497314,0.04295967519283295,1.0,0.04972619889304042
1.0803032355353739,-0.09622966126409188,-0.1248366708207435,16.917825415993516,0.07658839970827103,0.01871536858379841,1.0,0.04996978910639882
1.0803032355353739,-0.09622966126409188,-0.1248366708207435,16.967883846985583,0.08387714624404907,-0.005648253485560417,1.0,0.05005843099206686
1.0957460124572675,-0.09802758676456357,-0.13170116434633947,17.017768987950344,0.06153719127178192,0.16178515553474426,1.0,0.049885140964761376
1.0957460124572675,-0.09802758676456357,-0.13170116434633947,17.06781080484617,0.06881354749202728,0.13746196031570435,1.0,0.05004181689582765
1.0957460124572675,-0.09802758676456357,-0.13170116434633947,17.117858786864613,0.07611285150051117,0.11306343972682953,1.0,0.05004798201844096
1.0957460124572675,-0.09802758676456357,-0.13170116434633947,17.16790947297815,0.08366841077804565,0.08060836791992188,1.0,0.05005068611353636
1.112149834289456,-0.10062506417466086,-0.11922192738640744,17.217989756988768,0.058301717042922974,0.23520860075950623,1.0,0.050080284010618925
1.112149834289456,-0.10062506417466086,-0.11922192738640744,17.267941375991736,0.06637534499168396,0.20205718278884888,1.0,0.04995161900296807
1.112149834289456,-0.10062506417466086,-0.11922192738640744,17.31789337381016,0.09072260558605194,-0.26433923840522766,1.0,0.0499519978184253
1.112149834289456,-0.10062506417466086,-0.11922192738640744,17.367815458944474,0.09852245450019836,-0.33758819103240967,1.0,0.04992208513431251
1.1237907866871726,-0.10251664990737928,-0.09464377878778384,17.442467319809307,0.0865626186132431,-0.30274322628974915,1.0,0.074651860864833
1.1237907866871726,-0.10251664990737928,-0.09464377878778384,17.472689456802268,0.09956984221935272,-0.40368878841400146,1.0,0.03022213699296117
1.1237907866871726,-0.10251664990737928,-0.09464377878778384,17.51796387697797,0.10502231866121292,-0.44337716698646545,1.0,0.04527442017570138
1.1237907866871726,-0.10251664990737928,-0.09464377878778384,17.56793180693168,0.11319156736135483,-0.5028387308120728,1.0,0.049967929953709245
1.1422474755257384,-0.1049509631234551,-0.12732111565228726,17.61790930878598,0.09266597777605057,-0.19388626515865326,1.0,0.0499775018543005
1.1422474755257384,-0.1049509631234551,-0.12732111565228726,17.66786648196395,0.10054103285074234,-0.2655143439769745,1.0,0.049957173177972436
1.1515689939360032,-0.10573624677975656,-0.16415656725825922,17.717814368924532,0.10034593194723129,-0.08312609791755676,1.0,0.049947886960580945
1.1515689939360032,-0.10573624677975656,-0.16415656725825922,17.7678672769409,0.10821641236543655,-0.15471220016479492,1.0,0.05005290801636875
1.1630173406466753,-0.10884561708595707,-0.19402306313864115,17.81768860391568,0.1067560687661171,0.011166693642735481,1.0,0.04982132697477937
1.1630173406466753,-0.10884561708595707,-0.19402306313864115,17.86810924581479,0.11469376087188721,-0.05925470590591431,1.0,0.05042064189910889
1.173938761875853,-0.11151165391069236,-0.206039696070682,17.917966982845623,0.09336195886135101,0.23727324604988098,1.0,0.04985773703083396
1.173938761875853,-0.11151165391069236,-0.206039696070682,17.96787890888046,0.1024768054485321,0.178792342543602,1.0,0.04991192603483796
1.184526980327912,-0.1138584734014365,-0.20883467856446,18.017891022872586,0.07077744603157043,0.6476125121116638,1.0,0.050012113992124796
1.184526980327912,-0.1138584734014365,-0.20883467856446,18.067880602816526,0.08386608958244324,0.6127369999885559,1.0,0.04998957994394004
1.184526980327912,-0.1138584734014365,-0.20883467856446,18.117895459786464,0.09816588461399078,0.5732292532920837,1.0,0.05001485696993768
1.1948342766742417,-0.11545694741806067,-0.19587356766540193,18.167885753821988,0.08215263485908508,0.5983684062957764,1.0,0.04999029403552413
1.1948342766742417,-0.11545694741806067,-0.19587356766540193,18.21792135786492,0.09667983651161194,0.5575833320617676,1.0,0.05003560404293239
1.1948342766742417,-0.11545694741806067,-0.19587356766540193,18.267771904852648,0.11048927903175354,0.5135388374328613,1.0,0.049850546987727284
1.1948342766742417,-0.11545694741806067,-0.19587356766540193,18.317801422935386,0.12066419422626495,0.4707864224910736,1.0,0.05002951808273792
1.213631996335288,-0.11949711693364232,-0.09930232977613265,18.367799941946227,0.07653506100177765,0.4196814298629761,1.0,0.049998519010841846
1.213631996335288,-0.11949711693364232,-0.09930232977613265,18.449527374964614,0.08728447556495667,0.34553390741348267,1.0,0.08172743301838636
1.2243480080347395,-0.11986746036490233,-0.05820393990134057,18.48052332483459,0.08667989075183868,0.2713140547275543,1.0,0.030995949869975448
1.2243480080347395,-0.11986746036490233,-0.05820393990134057,18.51769036383595,0.09143489599227905,0.2133389413356781,1.0,0.037167039001360536
1.2243480080347395,-0.11986746036490233,-0.05820393990134057,18.567927016906847,0.09733155369758606,0.15023788809776306,1.0,0.050236653070896864
1.2243480080347395,-0.11986746036490233,-0.05820393990134057,18.617934513867308,0.10522891581058502,0.06094345450401306,1.0,0.05000749696046114
1.2447293254196239,-0.12035010937411127,0.005479735696788154,18.667863875890557,0.07316478341817856,-0.3460700809955597,1.0,0.04992936202324927
1.2447293254196239,-0.12035010937411127,0.005479735696788154,18.717897076888416,0.08414231240749359,-0.44189223647117615,1.0,0.05003320099785924
1.2447293254196239,-0.12035010937411127,0.005479735696788154,18.76782131780166,0.09531188011169434,-0.5379207730293274,1.0,0.0499242409132421
1.2447293254196239,-0.12035010937411127,0.005479735696788154,18.817814000912417,0.10623149573802948,-0.6158402562141418,1.0,0.04999268311075866
1.2635890899717872,-0.11970298878090864,0.005166931771272583,18.86837531792227,0.08351107686758041,-0.360342413187027,1.0,0.050561317009851336
1.2635890899717872,-0.11970298878090864,0.005166931771272583,18.917931175820936,0.09445977210998535,-0.4472534656524658,1.0,0.049555857898667455
1.2635890899717872,-0.11970298878090864,0.005166931771272583,18.967958169786666,0.1656935214996338,-0.019495008513331413,1.0,0.05002699396573007
1.2635890899717872,-0.11970298878090864,0.005166931771272583,19.01797929385904,0.1710900068283081,-0.09098941087722778,1.0,0.05002112407237291
1.2635890899717872,-0.11970298878090864,0.005166931771272583,19.067973725993593,0.17649415135383606,-0.1673581898212433,1.0,0.04999443213455379
1.2829782422661995,-0.11902762971029511,-0.07871703586806915,19.117804253969748,0.16758528351783752,0.2913305461406708,1.0,0.04983052797615528
1.2829782422661995,-0.11902762971029511,-0.07871703586806915,19.167944352871213,0.17168496549129486,0.21772173047065735,1.0,0.050140098901465535
1.2981723338272964,-0.12133544940940269,-0.09653105795969968,19.217910290958766,0.1548510640859604,0.55935138463974,1.0,0.049965938087552786
1.2981723338272964,-0.12133544940940269,-0.09653105795969968,19.26795721383061,0.16021628677845,0.49157360196113586,1.0,0.05004692287184298
1.314762552285005,-0.1230124865347179,-0.09759616795744916,19.317923771946166,0.12106136977672577,0.6691636443138123,1.0,0.049966558115556836
1.314762552285005,-0.1230124865347179,-0.09759616795744916,19.367812649842758,0.13390159606933594,0.6369244456291199,1.0,0.04988887789659202
1.3323154103536747,-0.1249702980264144,-0.06403412428721207,19.41788843184005,0.09235753118991852,0.6844743490219116,1.0,0.050075781997293234
1.3323154103536747,-0.1249702980264144,-0.06403412428721207,19.50640334494639,0.10089272260665894,0.683976948261261,1.0,0.08851491310633719
1.3494053788340805,-0.12598817929549988,-0.01630511128292881,19.54759284787107,0.07684056460857391,0.6816856265068054,1.0,0.04118950292468071
1.3494053788340805,-0.12598817929549988,-0.01630511128292881,19.58698131985258,0.0832013338804245,0.6791552901268005,1.0,0.03938847198151052
1.3494053788340805,-0.12598817929549988,-0.01630511128292881,19.632603774808754,0.08877728879451752,0.6634335517883301,1.0,0.0456224549561739
1.3601938524216883,-0.1260279088817901,0.03683784834339121,19.673978546897356,0.0719725638628006,0.6476851105690002,1.0,0.041374772088602185
1.3601938524216883,-0.1260279088817901,0.03683784834339121,19.720033009799604,0.08134216070175171,0.6070899963378906,1.0,0.046054462902247906
1.3726977121618833,-0.1280833826750528,0.09843374207936664,19.767914238881726,0.0523952841758728,0.6597906947135925,1.0,0.047881229082122445
1.3831096230581448,-0.12601634511545648,0.15796611633462015,19.81789664694335,0.03509765863418579,0.6107308268547058,1.0,0.04998240806162357
1.3831096230581448,-0.12601634511545648,0.15796611633462015,19.86786259876791,0.0441707968711853,0.5715189576148987,1.0,0.04996595182456076
1.3902856383067583,-0.12458869959775254,0.2163809345885126,19.917884175928716,0.03948745131492615,0.4709012806415558,1.0,0.050021577160805464
1.3902856383067583,-0.12458869959775254,0.2163809345885126,19.967899293901805,0.04315917193889618,0.40361931920051575,1.0,0.05001511797308922
1.393823522093414,-0.12412663738870959,0.27726638230835177,20.017936311925236,0.04263412952423096,0.21668094396591187,1.0,0.0500370180234313
1.393823522093414,-0.12412663738870959,0.27726638230835177,20.0678112928592,0.044208869338035583,0.13672089576721191,1.0,0.04987498093396425
1.393823522093414,-0.12412663738870959,0.27726638230835177,20.11784959797043,0.04813048243522644,0.061522722244262695,1.0,0.05003830511122942
1.393823522093414,-0.12412663738870959,0.27726638230835177,20.167908772856403,0.05317765474319458,-0.0006079059094190598,1.0,0.050059174885973334
1.3953491895899144,-0.12307357644238402,0.3523749246924788,20.21790315190557,0.047579847276210785,-0.2908385097980499,1.0,0.04999437904916704
1.3953491895899144,-0.12307357644238402,0.3523749246924788,20.267851675890793,0.0520876869559288,-0.35190436244010925,1.0,0.04994852398522198
1.3953491895899144,-0.12307357644238402,0.3523749246924788,20.31786209487583,0.05779936909675598,-0.4052908718585968,1.0,0.050010418985038996
1.3953491895899144,-0.12307357644238402,0.3523749246924788,20.367912139773775,0.06365051120519638,-0.4582572877407074,1.0,0.050050044897943735
1.3953491895899144,-0.12307357644238402,0.3523749246924788,20.417937052932043,0.0,0.6836907863616943,1.0,0.050024913158267736
1.3953491895899144,-0.12307357644238402,0.3523749246924788,20.6824358329479,0.003224417567253113,0.6826867461204529,1.0,0.264498780015856
1.4119037607716625,-0.11810147081832721,0.29841652383706,20.74952200989466,0.009290188550949097,0.6822970509529114,1.0,0.06708617694675922
1.4119037607716625,-0.11810147081832721,0.29841652383706,20.99197756897885,0.01782788336277008,0.683103084564209,1.0,0.24245555908419192
1.4119037607716625,-0.11810147081832721,0.29841652383706,21.02066912784468,0.0556497722864151,0.687401294708252,1.0,0.028691558865830302
1.4119037607716625,-0.11810147081832721,0.29841652383706,21.067790283851732,0.06017782539129257,0.6878035664558411,1.0,0.04712115600705147
1.4119037607716625,-0.11810147081832721,0.29841652383706,21.117923158949647,0.06718748807907104,0.688170850276947,1.0,0.05013287509791553
1.4111396934472673,-0.11793096786357254,0.37779751421072283,21.167842265947197,0.0823545902967453,0.6926975846290588,1.0,0.049919106997549534
1.4111396934472673,-0.11793096786357254,0.37779751421072283,21.21789481377456,0.0899410992860794,0.693023681640625,1.0,0.050052547827363014
1.4132206445710502,-0.1172423856842583,0.44300072177897004,21.26814507276978,0.10124491155147552,0.6953877210617065,1.0,0.050250258995220065
1.4132206445710502,-0.1172423856842583,0.44300072177897004,21.318045682769675,0.11085829138755798,0.6928336024284363,1.0,0.049900609999895096
1.4183384179511913,-0.11454173037359286,0.5095145656511288,21.3681438099895,0.11517393589019775,0.6427627205848694,1.0,0.05009812721982598
1.4183384179511913,-0.11454173037359286,0.5095145656511288,21.417929244956408,0.12524068355560303,0.6215727925300598,1.0,0.049785434966906905
1.4266875616944046,-0.10985414136685395,0.5709442267542829,21.46927047291066,0.10291774570941925,0.48079970479011536,1.0,0.051341227954253554
1.4266875616944046,-0.10985414136685395,0.5709442267542829,21.560582204984907,0.10781942307949066,0.42106926441192627,1.0,0.09131173207424581
1.4266875616944046,-0.10985414136685395,0.5709442267542829,21.681474946935136,0.11654067039489746,0.3147803246974945,1.0,0.12089274195022881
1.4338699576185499,-0.10497352846416691,0.6286708717094132,21.721366494924236,0.10432860255241394,0.014031516388058662,1.0,0.03989154798910022
1.4433616095741622,-0.09872113792958977,0.6792591384756614,21.767921263847906,0.08748839050531387,-0.1410226821899414,1.0,0.046554768923670053
1.4433616095741622,-0.09872113792958977,0.6792591384756614,21.81789004898857,0.09101951867341995,-0.19188910722732544,1.0,0.049968785140663385
1.4433616095741622,-0.09872113792958977,0.6792591384756614,21.867846170936186,0.09462156146764755,-0.2353515326976776,1.0,0.04995612194761634
1.455171166272308,-0.08944283306542908,0.7206032770364563,21.918940293865685,0.07702706009149551,-0.3229505717754364,1.0,0.05109412292949855
1.455171166272308,-0.08944283306542908,0.7206032770364563,21.96790451186936,0.08067604899406433,-0.3679390549659729,1.0,0.04896421800367534
1.455171166272308,-0.08944283306542908,0.7206032770364563,22.019773536857624,0.0844457671046257,-0.41209009289741516,1.0,0.051869024988263845
1.455171166272308,-0.08944283306542908,0.7206032770364563,22.06791608993191,0.08879870921373367,-0.44683822989463806,1.0,0.04814255307428539
1.465815241089673,-0.0796471207513734,0.676199146425637,22.119231453894113,0.07082860171794891,-0.4278004467487335,1.0,0.051315363962203264
1.465815241089673,-0.0796471207513734,0.676199146425637,22.167907572847266,0.0748167484998703,-0.44749194383621216,1.0,0.04867611895315349
1.465815241089673,-0.0796471207513734,0.676199146425637,22.21865019880462,0.07859978824853897,-0.46617090702056885,1.0,0.0507426259573549
1.465815241089673,-0.0796471207513734,0.676199146425637,22.267902677908946,0.08231736719608307,-0.4784872829914093,1.0,0.049252479104325175
1.465815241089673,-0.0796471207513734,0.676199146425637,22.31956953395385,0.08644470572471619,-0.4889359772205353,1.0,0.0516668560449034
1.4765854848295856,-0.07036020826405247,0.5950825743950323,22.36781571086723,0.06649264693260193,-0.25187259912490845,1.0,0.04824617691338062
1.4765854848295856,-0.07036020826405247,0.5950825743950323,22.418068214815516,0.07038678973913193,-0.2592427730560303,1.0,0.050252503948286176
1.4765854848295856,-0.07036020826405247,0.5950825743950323,22.467904416874457,0.07709858566522598,-0.2653174102306366,1.0,0.049836202058941126
1.4765854848295856,-0.07036020826405247,0.5950825743950323,22.56442373784486,0.08127884566783905,-0.16755607724189758,1.0,0.09651932097040117
1.489334536984659,-0.06260232247686653,0.5128911618934643,22.831102169847522,0.06999579071998596,0.20075805485248566,1.0,0.2666784320026636
1.5028793764913468,-0.055380659950383306,0.4687943648227795,22.877591153869812,0.11603332310914993,-0.40959611535072327,1.0,0.046488984022289515
1.5028793764913468,-0.055380659950383306,0.4687943648227795,22.921426526766677,0.1240733191370964,-0.484132319688797,1.0,0.04383537289686501
1.5028793764913468,-0.055380659950383306,0.4687943648227795,22.96850830179866,0.1316038966178894,-0.5532212853431702,1.0,0.04708177503198385
1.5028793764913468,-0.055380659950383306,0.4687943648227795,23.017962638784606,0.13913120329380035,-0.6038132309913635,1.0,0.0494543369859457
1.5028793764913468,-0.055380659950383306,0.4687943648227795,23.068672193942998,0.14944033324718475,-0.6297256350517273,1.0,0.050709555158391595
1.5028793764913468,-0.055380659950383306,0.4687943648227795,23.11787461888272,0.15997658669948578,-0.6355628371238708,1.0,0.04920242493972182
1.5210143375479483,-0.04622599557123455,0.4175431704538292,23.168138263777305,0.13488700985908508,-0.43605944514274597,1.0,0.05026364489458501
1.5210143375479483,-0.04622599557123455,0.4175431704538292,23.218063968962465,0.14407426118850708,-0.5026881694793701,1.0,0.04992570518516004
1.5341868321430727,-0.03912962249882863,0.3587538335606699,23.2678195569035,0.12818294763565063,-0.130563884973526,1.0,0.04975558794103563
1.5341868321430727,-0.03912962249882863,0.3587538335606699,23.317922245974128,0.1361406445503235,-0.20247279107570648,1.0,0.05010268907062709
1.5341868321430727,-0.03912962249882863,0.3587538335606699,23.36785817079473,0.1441369652748108,-0.2748456299304962,1.0,0.04993592482060194
1.5510072343774253,-0.033001374339597225,0.3068053806228109,23.41798831991147,0.12536709010601044,0.5531064867973328,1.0,0.05013014911673963
1.5510072343774253,-0.033001374339597225,0.3068053806228109,23.467814322824065,0.1406816840171814,0.5070531964302063,1.0,0.04982600291259587
1.5659395178164923,-0.027874731797781698,0.2821155953900743,23.517914568802748,0.11862722039222717,0.6028183102607727,1.0,0.05010024597868323
1.5659395178164923,-0.027874731797781698,0.2821155953900743,23.60890609680902,0.14228099584579468,0.5269837379455566,1.0,0.09099152800627053
1.5793922258306197,-0.024350416448956642,0.27081052017284774,23.89915131896961,0.13602541387081146,0.5683271884918213,1.0,0.2902452221605927
1.5902267539333774,-0.02015403473527789,0.3181718089293691,23.948536361830715,0.15583005547523499,0.4497166574001312,1.0,0.04938504286110401
1.6040185981801551,-0.015588977559891942,0.37440951768684905,23.98169708976749,0.13772962987422943,0.40766966342926025,1.0,0.03316072793677449
1.6040185981801551,-0.015588977559891942,0.37440951768684905,24.025465396961604,0.14392618834972382,0.3587835729122162,1.0,0.04376830719411373
1.6040185981801551,-0.015588977559891942,0.37440951768684905,24.067878551811386,0.14979222416877747,0.2950097918510437,1.0,0.042413154849782586
1.6040185981801551,-0.015588977559891942,0.37440951768684905,24.11801003388356,0.155118927359581,0.23853090405464172,1.0,0.05013148207217455
1.6040185981801551,-0.015588977559891942,0.37440951768684905,24.167899401888658,0.1620475798845291,0.17918066680431366,1.0,0.04988936800509691
1.6040185981801551,-0.015588977559891942,0.37440951768684905,24.217841759819944,0.1688910722732544,0.08636818826198578,1.0,0.0499423579312861
1.6251347676422585,-0.0054191453184190075,0.43385654018091907,24.267792116880823,0.13209958374500275,0.14606647193431854,1.0,0.04995035706087947
1.6251347676422585,-0.0054191453184190075,0.43385654018091907,24.317854715774242,0.13866043090820312,0.04907369613647461,1.0,0.05006259889341891
1.6425903044419237,0.001463461205019018,0.4535292105304445,24.367812589772452,0.11109423637390137,0.2728978097438812,1.0,0.049957873998209834
1.6425903044419237,0.001463461205019018,0.4535292105304445,24.418090138847415,0.1184520274400711,0.17417985200881958,1.0,0.050277549074962735
1.6556937851885145,0.008257102274911271,0.46456462394046355,24.46772887677181,0.09008046984672546,0.4160575270652771,1.0,0.04963873792439699
1.6556937851885145,0.008257102274911271,0.46456462394046355,24.517893576791916,0.10215319693088531,0.3097596764564514,1.0,0.05016470002010465
1.6696260347356797,0.014549785966643539,0.47861766457363664,24.56788765781786,0.08153323829174042,0.6813191771507263,1.0,0.04999408102594316
1.6696260347356797,0.014549785966643539,0.47861766457363664,24.64112975893769,0.11747512221336365,0.06405206024646759,1.0,0.0732421011198312
1.6696260347356797,0.014549785966643539,0.47861766457363664,24.90431070796441,0.13064813613891602,-0.09668892621994019,1.0,0.26318094902671874
1.6859095720254085,0.02372695950332511,0.5517872511739549,24.941296404956315,0.15396523475646973,-0.3259614109992981,1.0,0.03698569699190557
1.6859095720254085,0.02372695950332511,0.5517872511739549,24.981084431784634,0.16107583045959473,-0.37998804450035095,1.0,0.039788026828318834
1.6859095720254085,0.02372695950332511,0.5517872511739549,25.01878050298657,0.16852644085884094,-0.44568121433258057,1.0,0.03769607120193541
1.6859095720254085,0.02372695950332511,0.5517872511739549,25.067894004781206,0.1746862530708313,-0.494869202375412,1.0,0.04911350179463625
1.6859095720254085,0.02372695950332511,0.5517872511739549,25.117981606891785,0.18244411051273346,-0.5189052820205688,1.0,0.05008760211057961
1.6859095720254085,0.02372695950332511,0.5517872511739549,25.167598644714282,0.19986940920352936,-0.5612472891807556,0.9934168457984924,0.049945838982239366
1.7036789414261784,0.034476187145470155,0.5557410994570081,25.21772462662816,0.17318454384803772,-0.5446515083312988,1.0,0.050125981913879514
1.7036789414261784,0.034476187145470155,0.5557410994570081,25.26747736472212,0.17874890565872192,-0.5704962015151978,1.0,0.049752738093957305
1.717513612839819,0.042301918587431805,0.5063958077787266,25.317511815787704,0.1665123850107193,-0.43865445256233215,1.0,0.05003445106558502
1.717513612839819,0.042301918587431805,0.5063958077787266,25.367503308668212,0.17228132486343384,-0.5127201676368713,1.0,0.049991492880508304
1.73009234617877,0.0494918417545471,0.4555989115770061,25.417477772781105,0.16092294454574585,-0.3029535114765167,1.0,0.04997446411289275
1.73009234617877,0.0494918417545471,0.4555989115770061,25.467653579754234,0.1668356955051422,-0.37355008721351624,1.0,0.05017580697312951
1.74477426683557,0.05633939484351249,0.4110282444285821,25.51738042871043,0.15310481190681458,-0.07283268868923187,1.0,0.0497268489561975
1.74477426683557,0.05633939484351249,0.4110282444285821,25.567538697715328,0.1569308638572693,-0.14850085973739624,1.0,0.05015826900489628
1.74477426683557,0.05633939484351249,0.4110282444285821,25.618709900626392,0.16138701140880585,-0.21659569442272186,1.0,0.05117120291106403
1.7610386334567798,0.06191477363294857,0.37544439639909416,25.70537893169135,0.16633054614067078,-0.28124547004699707,1.0,0.08666903106495738
1.7610386334567798,0.06191477363294857,0.37544439639909416,25.951944906707332,0.17627891898155212,-0.4140462577342987,1.0,0.24656597501598299
1.7774988392303053,0.0679145004222337,0.3597498433913364,25.998366971710176,0.1802472621202469,-0.34951773285865784,1.0,0.04642206500284374
1.7909901915747788,0.07152630253449589,0.3397829353151584,26.032813866832704,0.1719052493572235,-0.008215097710490227,1.0,0.034446895122528076
1.7909901915747788,0.07152630253449589,0.3397829353151584,26.067419068632127,0.1761787235736847,-0.049320951104164124,1.0,0.0346052017994225
1.7909901915747788,0.07152630253449589,0.3397829353151584,26.117641495750696,0.18070527911186218,-0.09208120405673981,1.0,0.05022242711856961
1.8105430400968248,0.07779324102543919,0.3165593090214204,26.16742032461375,0.1641666293144226,0.3964064121246338,1.0,0.049778828863054514
1.8105430400968248,0.07779324102543919,0.3165593090214204,26.217729584756718,0.17179420590400696,0.33426806330680847,1.0,0.050309260142967105
1.8280788453565744,0.08200024357155908,0.3118512017845938,26.267573551717625,0.12309630215167999,0.6568803191184998,1.0,0.04984396696090698
1.8280788453565744,0.08200024357155908,0.3118512017845938,26.317525477824212,0.13696609437465668,0.6299578547477722,1.0,0.04995192610658705
1.8442323114827393,0.08763520416142268,0.3318782684822364,26.367768589617164,0.09662087261676788,0.6813728213310242,1.0,0.05024311179295182
1.8442323114827393,0.08763520416142268,0.3318782684822364,26.41781156670809,0.10646352171897888,0.6815014481544495,1.0,0.05004297709092498
1.8558434349280972,0.0921156138426448,0.3782389456722191,26.46845711672254,0.085343137383461,0.6810166239738464,1.0,0.050645550014451146
1.8558434349280972,0.0921156138426448,0.3782389456722191,26.51749409569934,0.0958871841430664,0.6812255382537842,1.0,0.04903697897680104
1.8558434349280972,0.0921156138426448,0.3782389456722191,26.567516500805915,0.10619273781776428,0.681398332118988,1.0,0.0500224051065743
1.8653524993420594,0.0960498161578543,0.43872223887735845,26.617510200688095,0.09046290814876556,0.6816161274909973,1.0,0.0499936998821795
1.8653524993420594,0.0960498161578543,0.43872223887735845,26.686123172729687,0.14892876148223877,-0.6551514267921448,1.0,0.068612972041592
1.8653524993420594,0.0960498161578543,0.43872223887735845,26.902812072751523,0.1607324481010437,-0.6603952646255493,1.0,0.21668890002183616
1.8701385875979561,0.0994177246773627,0.49856316809768986,26.941471508681254,0.1769985854625702,-0.7089298963546753,1.0,0.038659435929730535
1.8774119560732903,0.10410394538388419,0.5550829368990566,26.97316961081274,0.15516334772109985,-0.7341537475585938,1.0,0.03169810213148594
1.8774119560732903,0.10410394538388419,0.5550829368990566,27.01748616665177,0.16081877052783966,-0.7337365746498108,1.0,0.044316555839031935
1.8774119560732903,0.10410394538388419,0.5550829368990566,27.067485463782624,0.1695294827222824,-0.7343063950538635,1.0,0.04999929713085294
1.8774119560732903,0.10410394538388419,0.5550829368990566,27.118251283630208,0.17935355007648468,-0.7371528148651123,1.0,0.05076581984758377
1.8862857638930455,0.1125926999864139,0.5792206827712234,27.16759064279072,0.15307052433490753,-0.7479537129402161,1.0,0.049339359160512686
1.8862857638930455,0.1125926999864139,0.5792206827712234,27.220382306701914,0.15926839411258698,-0.7453587651252747,1.0,0.05279166391119361
1.8862857638930455,0.1125926999864139,0.5792206827712234,27.269803282781915,0.16696910560131073,-0.742506742477417,1.0,0.0494209760800004
1.893736306539923,0.11960114955481008,0.5227265053986243,27.321022141701953,0.17944806814193726,-0.7406670451164246,1.0,0.051218858920037746
1.9107421307784846,0.1301371474707007,0.4524039313132977,27.369785950729103,0.1634526401758194,-0.7142617106437683,1.0,0.04876380902715027
1.9107421307784846,0.1301371474707007,0.4524039313132977,27.4177743806275,0.17132237553596497,-0.7125861644744873,1.0,0.047988429898396134
1.9259182554575616,0.13678040755346638,0.3821916536296102,27.467557828617693,0.15530849993228912,-0.6328773498535156,1.0,0.04978344799019396
1.9259182554575616,0.13678040755346638,0.3821916536296102,27.517975385743604,0.16234450042247772,-0.6288777589797974,1.0,0.05041755712591112
1.943911508863927,0.14425452866616925,0.3089986904990431,27.569505484751836,0.13733068108558655,-0.1794566512107849,1.0,0.051530099008232355
1.943911508863927,0.14425452866616925,0.3089986904990431,27.617665753676967,0.14384064078330994,-0.19593246281147003,1.0,0.04816026892513037
1.943911508863927,0.14425452866616925,0.3089986904990431,27.670175621728824,0.15056046843528748,-0.21781283617019653,1.0,0.052509868051856756
1.956746386789518,0.1476268916894382,0.24313609691029398,27.7496512976712,0.14694392681121826,0.3088192045688629,1.0,0.07947567594237626
1.9716944920184734,0.15061206967072024,0.19306619252700694,27.971880950709284,0.09495939314365387,0.6943665146827698,1.0,0.2222296530380845
1.9883255104918367,0.15281782105881347,0.17385933991763908,28.017570099770502,0.08471104502677917,0.6885713934898376,1.0,0.045689149061217904
1.9883255104918367,0.15281782105881347,0.17385933991763908,28.067618904612438,0.09283718466758728,0.6903381943702698,1.0,0.050048804841935635
1.9883255104918367,0.15281782105881347,0.17385933991763908,28.1175768526496,0.1017402932047844,0.6922757625579834,0.9997051358222961,0.04997268319129944
1.9883255104918367,0.15281782105881347,0.17385933991763908,28.16741759050639,0.11056847125291824,0.6941762566566467,0.9990025162696838,0.04989050282165408
2.0017522735095667,0.15381427624278007,0.18042764378624832,28.2168873766015,0.08360287547111511,0.6839607357978821,0.9871200919151306,0.05011526611633599
2.0017522735095667,0.15381427624278007,0.18042764378624832,28.266073770817993,0.09117481112480164,0.6859528422355652,0.9863362908363342,0.049867772962898016
2.0079236894763532,0.15592888478815126,0.234811740364178,28.31562781286602,0.08657559752464294,0.6836369037628174,0.9887388348579407,0.05011843401007354
2.0079236894763532,0.15592888478815126,0.234811740364178,28.36506442503453,0.0941907986998558,0.6853660345077515,0.9878478646278381,0.0500447629019618
2.018143080672878,0.1595708488207317,0.2960432085079678,28.416127539680787,0.08018375933170319,0.6802487969398499,0.9900936484336853,0.05157402507029474
2.018143080672878,0.1595708488207317,0.2960432085079678,28.465298630598426,0.08864884823560715,0.6820573806762695,0.9889550805091858,0.049720247043296695
2.024470227552277,0.16237854338472324,0.35272266338038805,28.51557693232293,0.08917653560638428,0.6822385787963867,0.9941824078559875,0.0505725119728595
2.024470227552277,0.16237854338472324,0.35272266338038805,28.563315422261027,0.09872420877218246,0.6839469075202942,0.9919903874397278,0.04812394408509135
2.029586623589414,0.16510779668098527,0.40829676941983695,28.614699210259957,0.13506683707237244,0.5848042964935303,1.0,0.05138378799892962
2.029586623589414,0.16510779668098527,0.40829676941983695,28.664545442197365,0.15208709239959717,0.5397016406059265,1.0,0.04984623193740845
2.029586623589414,0.16510779668098527,0.40829676941983695,28.751800800194857,0.18467189371585846,0.2959975302219391,1.0,0.08725535799749196
2.0404417702628814,0.1696824188020898,0.4693787272192415,29.01290254014161,0.15609972178936005,0.3610226809978485,1.0,0.2611017399467528
2.058426576251839,0.18116291945646348,0.5752200544700551,29.063159051105274,0.14189910888671875,0.028032051399350166,1.0,0.05025651096366346
2.058426576251839,0.18116291945646348,0.5752200544700551,29.113379077274246,0.1492931842803955,-0.0482175350189209,1.0,0.050220026168972254
2.058426576251839,0.18116291945646348,0.5752200544700551,29.163185981089143,0.15711542963981628,-0.12043790519237518,1.0,0.04980690381489694
2.058426576251839,0.18116291945646348,0.5752200544700551,29.213444832233606,0.16473132371902466,-0.19173449277877808,1.0,0.050258851144462824
2.0758875760679976,0.19190533225673612,0.5947990407467799,29.263573502177266,0.13978907465934753,0.025501655414700508,1.0,0.0501286699436605
2.0758875760679976,0.19190533225673612,0.5947990407467799,29.313672040110347,0.14759719371795654,-0.04658803343772888,1.0,0.05009853793308139
2.0758875760679976,0.19190533225673612,0.5947990407467799,29.363145451281113,0.15540051460266113,-0.11863327026367188,1.0,0.04947341117076576
2.0898335546122104,0.20153485505803273,0.5838085365438616,29.413164179293332,0.1504644751548767,0.003952549770474434,1.0,0.05001872801221907
2.0898335546122104,0.20153485505803273,0.5838085365438616,29.463157414212716,0.15825539827346802,-0.06797891855239868,1.0,0.04999323491938412
2.1035171510282495,0.21008214389276966,0.5760670467367806,29.513175921268655,0.1381036639213562,0.2165267914533615,1.0,0.050018507055938244
2.1035171510282495,0.21008214389276966,0.5760670467367806,29.565581372227413,0.14585715532302856,0.15281951427459717,1.0,0.05240545095875859
2.1035171510282495,0.21008214389276966,0.5760670467367806,29.628186984207375,0.1535159945487976,0.08799070119857788,1.0,0.0626056119799614
2.1175078369334766,0.21969838636769068,0.5706650711666481,29.68110945516814,0.13280880451202393,0.3581306040287018,1.0,0.05292247096076608
2.1175078369334766,0.21969838636769068,0.5706650711666481,29.741735906094206,0.14147640764713287,0.28016817569732666,1.0,0.060626450926065445
2.13259809941146,0.22889459017510938,0.5757433679261278,29.99978816018988,0.11456514894962311,0.671193540096283,1.0,0.25805225409567356
2.144974090179698,0.23758646597968064,0.5863114434399894,30.2591556331477,0.12267507612705231,0.6437996029853821,1.0,0.2593674729578197
2.1556958627428022,0.24655013045579827,0.6147879549208716,30.321604790152875,0.15816695988178253,0.28173089027404785,1.0,0.06244915700517595
2.1673774449113163,0.25621536000243655,0.6422608777831662,30.363502226291118,0.1259838342666626,-0.052432939410209656,1.0,0.04189743613824248
2.1673774449113163,0.25621536000243655,0.6422608777831662,30.413212595261527,0.13261626660823822,-0.14975221455097198,1.0,0.049710368970409036
2.1673774449113163,0.25621536000243655,0.6422608777831662,30.46319087919396,0.14130035042762756,-0.2632300555706024,1.0,0.04997828393243253
2.1855457659239543,0.2708123350688307,0.7085624373206428,30.513222205206645,0.12449989467859268,-0.11597900092601776,1.0,0.050031326012685895
2.1855457659239543,0.2708123350688307,0.7085624373206428,30.56325323110063,0.1335175335407257,-0.21771928668022156,1.0,0.050031025893986225
2.1855457659239543,0.2708123350688307,0.7085624373206428,30.613285803222922,0.1432129144668579,-0.3141995668411255,1.0,0.05003257212229073
2.1855457659239543,0.2708123350688307,0.7085624373206428,30.663266543285815,0.1535196751356125,-0.4011654555797577,1.0,0.04998074006289244
2.205521051464153,0.28836648941221743,0.6763637498655567,30.71333633920726,0.12440663576126099,0.15587608516216278,1.0,0.05006979592144489
2.205521051464153,0.28836648941221743,0.6763637498655567,30.80133966518183,0.13367542624473572,0.08000105619430542,1.0,0.08800332597456872
2.205521051464153,0.28836648941221743,0.6763637498655567,30.84849664730568,0.14952212572097778,-0.052392393350601196,1.0,0.047156982123851776
2.2170987248805756,0.29748252404399,0.6444838920715336,30.89395743514028,0.14697162806987762,0.1427992880344391,1.0,0.045460787834599614
2.2170987248805756,0.29748252404399,0.6444838920715336,30.939392950139833,0.15506400167942047,0.07288593053817749,1.0,0.04543551499955356
2.2308035275070317,0.3067934802128527,0.6437864577056344,30.98001985623118,0.16857054829597473,0.09080781042575836,1.0,0.04062690609134734
2.2308035275070317,0.3067934802128527,0.6437864577056344,31.015035570120332,0.17240919172763824,0.15108290314674377,1.0,0.03501571388915181
2.2414718609914708,0.3130937757406128,0.6449273081652637,31.063261780176205,0.1591063141822815,-0.04266425967216492,1.0,0.0482262100558728
2.2414718609914708,0.3130937757406128,0.6449273081652637,31.113437796231253,0.16311761736869812,0.028675256296992302,1.0,0.05017601605504751
2.2537244892330093,0.32285371398304963,0.6556691174200941,31.16330285927829,0.1478484869003296,-0.3252337872982025,1.0,0.04986506304703653
2.2537244892330093,0.32285371398304963,0.6556691174200941,31.21366835221265,0.1542772799730301,-0.2502114772796631,1.0,0.0503654929343611
2.266894497504005,0.33403075936785187,0.6610552126732574,31.263477072106568,0.11959655582904816,-0.5889334082603455,1.0,0.04980871989391744
2.266894497504005,0.33403075936785187,0.6610552126732574,31.313317359179152,0.13067544996738434,-0.5368629693984985,1.0,0.04984028707258403
2.2798111329019135,0.34342740657898757,0.6518582022214415,31.363287244211776,0.0878901332616806,-0.6771004796028137,1.0,0.049969885032624006
2.2798111329019135,0.34342740657898757,0.6518582022214415,31.414193043239308,0.10089251399040222,-0.6459872722625732,1.0,0.05090579902753234
2.292022287493851,0.35208446131704246,0.6196266691515566,31.463200832238314,0.07076212763786316,-0.6825018525123596,1.0,0.04900778899900615
2.292022287493851,0.35208446131704246,0.6196266691515566,31.51327458208975,0.07736778259277344,-0.6777235865592957,1.0,0.05007374985143542
2.3012515261926088,0.35863477223094425,0.5694447858733083,31.56328375310254,0.06095479428768158,-0.6781774759292603,1.0,0.05000917101278901
2.3012515261926088,0.35863477223094425,0.5694447858733083,31.613572582123695,0.06619399785995483,-0.6627593636512756,1.0,0.050288829021155834
2.308774570320078,0.3640175355037393,0.5112374137511344,31.663254502216247,0.05344930291175842,-0.6407994031906128,1.0,0.0496819200925529
2.308774570320078,0.3640175355037393,0.5112374137511344,31.71333923725028,0.06470003724098206,-0.5920534729957581,1.0,0.050084735034033656
2.314799260480969,0.3667292014275986,0.449692543194469,31.763131232220573,0.05962562561035156,-0.47638753056526184,1.0,0.04979199497029185
2.314799260480969,0.3667292014275986,0.449692543194469,31.830735824290556,0.06706953048706055,-0.40837475657463074,1.0,0.06760459206998348
2.314799260480969,0.3667292014275986,0.449692543194469,31.86302434512031,0.07599152624607086,-0.31316763162612915,1.0,0.03228852082975209
2.3207214937827723,0.3699236078543145,0.3942640805073165,31.913180893273918,0.059559524059295654,-0.2693621814250946,1.0,0.05015654815360904
2.3207214937827723,0.3699236078543145,0.3942640805073165,31.963553388124225,0.06643317639827728,-0.2014842927455902,1.0,0.0503724948503077
2.3207214937827723,0.3699236078543145,0.3942640805073165,32.01324981519569,0.07086344063282013,-0.12901636958122253,1.0,0.04969642707146704
2.3207214937827723,0.3699236078543145,0.3942640805073165,32.06336624313694,0.07535657286643982,-0.056894391775131226,1.0,0.05011642794124782
2.334141825860202,0.37506186956095644,0.32238286469863325,32.11321632516187,0.044467613101005554,0.00969807617366314,1.0,0.04985008202493191
2.334141825860202,0.37506186956095644,0.32238286469863325,32.16322578115937,0.04872898757457733,0.08112743496894836,1.0,0.05000945599749684
2.334141825860202,0.37506186956095644,0.32238286469863325,32.21330433430698,0.05396299064159393,0.1428925096988678,1.0,0.050078553147614
2.334141825860202,0.37506186956095644,0.32238286469863325,32.26427424511489,0.059135809540748596,0.2045658528804779,1.0,0.05096991080790758
2.3467699892801273,0.3788067019931738,0.3050353647850362,32.313227032298116,0.04119110107421875,0.19837093353271484,1.0,0.048952787183225155
2.3467699892801273,0.3788067019931738,0.3050353647850362,32.36323237115134,0.046351201832294464,0.262057363986969,1.0,0.05000533885322511
2.3467699892801273,0.3788067019931738,0.3050353647850362,32.41368948317681,0.05162207782268524,0.32711416482925415,1.0,0.05045711202546954
2.3467699892801273,0.3788067019931738,0.3050353647850362,32.46331261027221,0.05788327753543854,0.38411831855773926,1.0,0.04962312709540129
2.3467699892801273,0.3788067019931738,0.3050353647850362,32.5220457531846,0.0635511502623558,0.43753746151924133,1.0,0.05873314291238785
2.3467699892801273,0.3788067019931738,0.3050353647850362,32.56748166911852,0.07026032358407974,0.5031317472457886,1.0,0.04543591593392193
2.3467699892801273,0.3788067019931738,0.3050353647850362,32.61361380409066,0.0761740505695343,0.5664229989051819,1.0,0.04613213497214019
2.3596452156213816,0.38405288424651257,0.3616323546612432,32.66328253130045,0.06030688434839249,0.3102254867553711,1.0,0.04966872720979154
2.3596452156213816,0.38405288424651257,0.3616323546612432,32.71378821529065,0.06642033904790878,0.37378618121147156,1.0,0.050505683990195394
2.3596452156213816,0.38405288424651257,0.3616323546612432,32.763320607120065,0.07321827858686447,0.4368993937969208,1.0,0.049532391829416156
2.372367262824539,0.39039304098715605,0.4474414019035147,32.85278115513351,0.07144056260585785,0.016446081921458244,1.0,0.08946054801344872
2.372367262824539,0.39039304098715605,0.4474414019035147,32.90291220809881,0.07890723645687103,0.14252233505249023,1.0,0.050131052965298295
2.372367262824539,0.39039304098715605,0.4474414019035147,32.950487589217616,0.08302690088748932,0.2130211591720581,1.0,0.047575381118804216
2.372367262824539,0.39039304098715605,0.4474414019035147,32.99695397423197,0.08732054382562637,0.29937660694122314,1.0,0.04646638501435518
2.372367262824539,0.39039304098715605,0.4474414019035147,33.04391798515421,0.09322798252105713,0.3685625493526459,1.0,0.04696401092223823
2.3818542674172005,0.39682670801907716,0.5177377006209879,33.08848556222942,0.09925426542758942,-0.054640620946884155,1.0,0.044567577075213194
2.3818542674172005,0.39682670801907716,0.5177377006209879,33.1430166913065,0.1039632111787796,0.005399687215685844,1.0,0.05453112907707691
2.3818542674172005,0.39682670801907716,0.5177377006209879,33.18454568319571,0.11044251173734665,0.059904828667640686,1.0,0.041528991889208555
2.3818542674172005,0.39682670801907716,0.5177377006209879,33.23177289821756,0.11548730731010437,0.10470499098300934,1.0,0.04722721502184868
2.3956608342208985,0.4056813429752322,0.5636695661722478,33.281718885280085,0.10461756587028503,-0.3884175419807434,1.0,0.04994598706252873
2.3956608342208985,0.4056813429752322,0.5636695661722478,33.32826883414377,0.11297181248664856,-0.3426588177680969,1.0,0.04654994886368513
2.3956608342208985,0.4056813429752322,0.5636695661722478,33.36325666819316,0.12045206129550934,-0.30806872248649597,1.0,0.034987834049388766
2.3956608342208985,0.4056813429752322,0.5636695661722478,33.41319441514638,0.12586629390716553,-0.28823739290237427,1.0,0.049937746953219175
2.415145172629964,0.4189666769735468,0.5721801422805027,33.46315810315859,0.06419871747493744,-0.6811111569404602,1.0,0.049963688012212515
2.415145172629964,0.4189666769735468,0.5721801422805027,33.51332732521546,0.07055963575839996,-0.6795808672904968,1.0,0.05016922205686569
2.415145172629964,0.4189666769735468,0.5721801422805027,33.56333221912932,0.07681159675121307,-0.6786015629768372,1.0,0.05000489391386509
2.415145172629964,0.4189666769735468,0.5721801422805027,33.61342812724028,0.08310030400753021,-0.6777156591415405,1.0,0.05009590811096132
2.431554531473015,0.4296708815575364,0.5015331979365929,33.663267151206625,0.04498095065355301,-0.6812255382537842,1.0,0.04983902396634221
2.431554531473015,0.4296708815575364,0.5015331979365929,33.713211210198594,0.05320940911769867,-0.6816985607147217,1.0,0.04994405899196863
2.439478100523794,0.43512128820890983,0.44524444710656835,33.7629970782305,0.04071565717458725,-0.6853290796279907,1.0,0.0497858680319041
2.439478100523794,0.43512128820890983,0.44524444710656835,33.81318029410754,0.051398567855358124,-0.6854418516159058,1.0,0.05018321587704122
2.439478100523794,0.43512128820890983,0.44524444710656835,33.87565451719415,0.0627281442284584,-0.6849910020828247,1.0,0.062474223086610436
2.4456297730099203,0.43757398373578865,0.38704745905446475,33.91325969713357,0.06489004194736481,-0.6893171668052673,1.0,0.03760517993941903
2.4456297730099203,0.43757398373578865,0.38704745905446475,33.96319359330077,0.07264019548892975,-0.6893454194068909,1.0,0.049933896167203784
2.44610825561999,0.43759770704214634,0.3282634507713254,34.01321065727238,0.08522094786167145,-0.6441770792007446,1.0,0.05001706397160888
2.44610825561999,0.43759770704214634,0.3282634507713254,34.0632802562191,0.0970543920993805,-0.6267910599708557,1.0,0.05006959894672036
2.448788332469223,0.43934485679256374,0.2704638000569532,34.11359311312985,0.0949924886226654,-0.5350232720375061,1.0,0.05031285691075027
2.448788332469223,0.43934485679256374,0.2704638000569532,34.16325716230635,0.10368061065673828,-0.50453120470047,1.0,0.04966404917649925
2.458349265914363,0.44315950348982464,0.21634605685315358,34.21320115610574,0.08514237403869629,-0.5017774105072021,1.0,0.04994399379938841
2.458349265914363,0.44315950348982464,0.21634605685315358,34.26336669617881,0.09322889149188995,-0.47251027822494507,1.0,0.05016554007306695
2.458349265914363,0.44315950348982464,0.21634605685315358,34.3133405311833,0.10078072547912598,-0.438411146402359,1.0,0.049973835004493594
2.458349265914363,0.44315950348982464,0.21634605685315358,34.363536391161276,0.1083037406206131,-0.404443621635437,1.0,0.05019585997797549
2.478248205089168,0.4457761352185118,0.12315549346266086,34.41322711318348,0.0636100172996521,-0.17183367908000946,1.0,0.04969072202220559
2.478248205089168,0.4457761352185118,0.12315549346266086,34.46330302021083,0.07206505537033081,-0.13870370388031006,1.0,0.050075907027348876
2.478248205089168,0.4457761352185118,0.12315549346266086,34.513274070095164,0.0807335376739502,-0.10494546592235565,1.0,0.04997104988433421
2.478248205089168,0.4457761352185118,0.12315549346266086,34.563172077281294,0.08885927498340607,-0.059688374400138855,1.0,0.04989800718612969
2.498774615703903,0.44755652476054864,0.05472227166502785,34.613268199130786,0.053050704300403595,0.15098756551742554,1.0,0.05009612184949219
2.498774615703903,0.44755652476054864,0.05472227166502785,34.66329337026541,0.11818793416023254,0.26381373405456543,1.0,0.050025171134620905
2.498774615703903,0.44755652476054864,0.05472227166502785,34.721848706236,0.1253892332315445,0.18561050295829773,1.0,0.05855533597059548
2.498774615703903,0.44755652476054864,0.05472227166502785,34.77752587826539,0.13286086916923523,0.0897240936756134,1.0,0.05567717202939093
2.498774615703903,0.44755652476054864,0.05472227166502785,34.82434248527129,0.13986417651176453,-0.0038342010229825974,1.0,0.046816607005894184
2.498774615703903,0.44755652476054864,0.05472227166502785,34.87502865724814,0.14655977487564087,-0.07638867199420929,1.0,0.05068617197684944
2.498774615703903,0.44755652476054864,0.05472227166502785,34.947386964211134,0.15441179275512695,-0.14904075860977173,1.0,0.07235830696299672
2.5132465774646975,0.44887786226252296,0.047597113933070374,34.99116467729759,0.1523515284061432,-0.0686153769493103,1.0,0.04377771308645606
2.524643339200442,0.4500385196316493,0.05562243613302413,35.03360985125032,0.12792393565177917,0.18608465790748596,1.0,0.04244517395272851
2.524643339200442,0.4500385196316493,0.05562243613302413,35.07598808313337,0.134712353348732,0.12474805116653442,1.0,0.04237823188304901
2.540273171093272,0.4513400776734235,0.050247734603700266,35.11409802128178,0.12679634988307953,0.24352458119392395,1.0,0.03810993814840913
2.5565969480199344,0.4519523928619794,0.0412322093376595,35.163305777111916,0.08856165409088135,0.5148890614509583,1.0,0.04920775583013892
2.5565969480199344,0.4519523928619794,0.0412322093376595,35.21335893914652,0.10299667716026306,0.4596051275730133,1.0,0.05005316203460097
2.572896177881487,0.45385151862723205,0.05594077544874934,35.263920363258464,0.06218944489955902,0.6814247965812683,1.0,0.05056142411194742
2.572896177881487,0.45385151862723205,0.05594077544874934,35.31330967227545,0.07338714599609375,0.6823842525482178,1.0,0.04938930901698768
2.572896177881487,0.45385151862723205,0.05594077544874934,35.36326637024608,0.08447767794132233,0.681450605392456,1.0,0.04995669797062874
2.5831242348371912,0.4543313573191973,0.08535002087604654,35.41321715129156,0.07217083871364594,0.6819011569023132,1.0,0.04995078104548156
2.5831242348371912,0.4543313573191973,0.08535002087604654,35.46324627821882,0.08192433416843414,0.6738318204879761,1.0,0.050029126927256584
2.5937306076874975,0.4554143586052894,0.1372879363900724,35.51327114527662,0.06797602772712708,0.6687987446784973,1.0,0.05002486705780029
2.5937306076874975,0.4554143586052894,0.1372879363900724,35.563288700288055,0.08048449456691742,0.6422402262687683,1.0,0.05001755501143634
2.599900019701045,0.4555274638722276,0.19704464048034093,35.61333022730973,0.06582626700401306,0.6183277368545532,1.0,0.0500415270216763
2.599900019701045,0.4555274638722276,0.19704464048034093,35.663605353083355,0.08046504855155945,0.5717483758926392,1.0,0.050275125773623586
2.6075573269899177,0.4575276702282004,0.261120361661003,35.71322260609445,0.06709390878677368,0.529061496257782,1.0,0.049617253011092544
2.6075573269899177,0.4575276702282004,0.261120361661003,35.76334713910323,0.07641881704330444,0.45202046632766724,1.0,0.050124533008784056
2.6075573269899177,0.4575276702282004,0.261120361661003,35.81464123119217,0.08566354215145111,0.3684494197368622,1.0,0.05129409208893776
2.616117042016013,0.45971331221311434,0.3155074270478894,35.863200345296306,0.07875949144363403,0.2948325574398041,1.0,0.048559114104136825
2.6200772816096167,0.4613065888071948,0.362174015836618,35.92979684214656,0.08730675280094147,0.07010896503925323,1.0,0.06659649685025215
2.6200772816096167,0.4613065888071948,0.362174015836618,35.96329060218845,0.09722420573234558,-0.04596264660358429,1.0,0.03349376004189253
2.6200772816096167,0.4613065888071948,0.362174015836618,36.013260979192225,0.10195103287696838,-0.09815089404582977,1.0,0.04997037700377405
2.6200772816096167,0.4613065888071948,0.362174015836618,36.063322048155484,0.10931555926799774,-0.17875877022743225,1.0,0.05006106896325946
2.633458768548542,0.4659550392571852,0.41914640596161973,36.11328134824139,0.08914579451084137,-0.019489852711558342,1.0,0.049959300085902214
2.633458768548542,0.4659550392571852,0.41914640596161973,36.16333742019337,0.09712538868188858,-0.10849383473396301,1.0,0.05005607195198536
2.633458768548542,0.4659550392571852,0.41914640596161973,36.21316927320872,0.10541617125272751,-0.22331330180168152,1.0,0.049831853015348315
2.633458768548542,0.4659550392571852,0.41914640596161973,36.26354088516523,0.11464999616146088,-0.3325778841972351,1.0,0.05037161195650697
2.6494807295765224,0.47303524483460896,0.40174976369133963,36.31313809215639,0.11057870090007782,-0.19001273810863495,1.0,0.049597206991165876
2.6494807295765224,0.47303524483460896,0.40174976369133963,36.363222193192584,0.11921131610870361,-0.29847389459609985,1.0,0.05008410103619099
2.6494807295765224,0.47303524483460896,0.40174976369133963,36.41358782512684,0.12995941936969757,-0.3912835717201233,1.0,0.05036563193425536
2.6494807295765224,0.47303524483460896,0.40174976369133963,36.46325903407846,0.1405515968799591,-0.4760832190513611,1.0,0.04967120895162225
2.6702849784030493,0.48065896008248005,0.35937630381716945,36.51483787222382,0.11374421417713165,-0.5651161074638367,1.0,0.05157883814536035
2.6702849784030493,0.48065896008248005,0.35937630381716945,36.56321043822531,0.12452705204486847,-0.6240346431732178,1.0,0.04837256600148976
2.6702849784030493,0.48065896008248005,0.35937630381716945,36.61320597211447,0.13408318161964417,-0.6357204914093018,1.0,0.04999553388915956
2.6823870545549457,0.4848273369398243,0.32500449447649876,36.66327954617877,0.1885448843240738,-0.43922021985054016,1.0,0.050073574064299464
2.6823870545549457,0.4848273369398243,0.32500449447649876,36.713320757249264,0.19516204297542572,-0.3693837821483612,1.0,0.050041211070492864
2.6931061460388923,0.48756895041270426,0.2757663042867829,36.763263338232306,0.17587357759475708,-0.4505635201931,1.0,0.04994258098304272
2.6931061460388923,0.48756895041270426,0.2757663042867829,36.813555782182036,0.18270723521709442,-0.38325223326683044,1.0,0.050292443949729204
2.7089612876792373,0.4916254099376281,0.2251077666446911,36.86349159920205,0.15294891595840454,-0.5747991800308228,1.0,0.04993581702001393
2.7089612876792373,0.4916254099376281,0.2251077666446911,36.91344253624406,0.16056568920612335,-0.5187265276908875,1.0,0.04995093704201281
2.726318766923747,0.49615523686213164,0.18757943355988588,36.99095807712142,0.11564141511917114,-0.6716920137405396,1.0,0.07751554087735713
2.726318766923747,0.49615523686213164,0.18757943355988588,37.03464526425664,0.13436074554920197,-0.615604817867279,1.0,0.043687187135219574
2.7426345799518956,0.49921707588549163,0.14881138915602857,37.07619389610913,0.09491895139217377,-0.6832504868507385,1.0,0.04154863185249269
2.7426345799518956,0.49921707588549163,0.14881138915602857,37.11636644414243,0.1033029854297638,-0.6604917645454407,1.0,0.04017254803329706
2.760962598037913,0.5024852774410741,0.10470462012229903,37.16519334328909,0.0659010261297226,-0.682148277759552,1.0,0.04882689914666116
2.760962598037913,0.5024852774410741,0.10470462012229903,37.21320109510411,0.07425390183925629,-0.6816539764404297,1.0,0.04800775181502104
2.7743705568281403,0.5031605847539303,0.049103215445864754,37.26323316128541,0.05151490867137909,-0.6716311573982239,1.0,0.05003206618130207
2.7743705568281403,0.5031605847539303,0.049103215445864754,37.31363592621487,0.05717062950134277,-0.648668646812439,1.0,0.0504027649294585
2.7743705568281403,0.5031605847539303,0.049103215445864754,37.363163343151925,0.06858460605144501,-0.5992156863212585,1.0,0.049527416937053204
2.7841503082439765,0.5044530518557812,-0.006145540503858699,37.413493711255384,0.05042138695716858,-0.5870595574378967,1.0,0.05033036810345948
2.7921222815146773,0.5056748981319169,-0.06238715765811053,37.463139334214745,0.03920578956604004,-0.5735564827919006,1.0,0.04964562295936048
2.7921222815146773,0.5056748981319169,-0.06238715765811053,37.5131739810909,0.04684393107891083,-0.519733726978302,1.0,0.05003464687615633
2.7960300219210152,0.5055148288134735,-0.11754307303952337,37.56340689816129,0.044584721326828,-0.3914494216442108,1.0,0.050232917070388794
2.7960300219210152,0.5055148288134735,-0.11754307303952337,37.61330532118295,0.04920673370361328,-0.3210259974002838,1.0,0.049898423021659255
2.7960300219210152,0.5055148288134735,-0.11754307303952337,37.663375910125566,0.055706217885017395,-0.2471659779548645,1.0,0.05007058894261718
2.7960300219210152,0.5055148288134735,-0.11754307303952337,37.713225477129114,0.0597367137670517,-0.17031416296958923,1.0,0.049849567003548145
2.7960300219210152,0.5055148288134735,-0.11754307303952337,37.7631859821136,0.06366041302680969,-0.09364932775497437,1.0,0.04996050498448312
2.8012973642564623,0.5047634125701023,-0.20077171365707885,37.81318779730786,0.050400808453559875,0.1752360761165619,1.0,0.050001815194264054
2.8012973642564623,0.5047634125701023,-0.20077171365707885,37.86320645616938,0.055525973439216614,0.23643967509269714,1.0,0.050018658861517906
2.8012973642564623,0.5047634125701023,-0.20077171365707885,37.91335579122965,0.06065293401479721,0.29766330122947693,1.0,0.05014933506026864
2.8012973642564623,0.5047634125701023,-0.20077171365707885,37.99312287428033,0.065779909491539,0.3618626892566681,1.0,0.07976708305068314
2.8012973642564623,0.5047634125701023,-0.20077171365707885,38.03551691815805,0.07523107528686523,0.4472608268260956,1.0,0.04239404387772083
2.8110411921549283,0.5023846707104814,-0.22082175104851945,38.08189464824822,0.06035682559013367,0.5265297293663025,1.0,0.0463777300901711
2.8110411921549283,0.5023846707104814,-0.22082175104851945,38.12727036023129,0.06552787125110626,0.5793997645378113,1.0,0.04537571198306978
2.8110411921549283,0.5023846707104814,-0.22082175104851945,38.16594452921849,0.07142424583435059,0.6262297034263611,1.0,0.038674168987199664
2.822966898982189,0.4975770148512394,-0.16774044112533243,38.213153782287506,0.055722229182720184,0.5988004803657532,1.0,0.04720925306901336
2.822966898982189,0.4975770148512394,-0.16774044112533243,38.263272204190386,0.061931148171424866,0.6519280076026917,1.0,0.05011842190288007
2.822966898982189,0.4975770148512394,-0.16774044112533243,38.31346582526889,0.06767697632312775,0.690513551235199,1.0,0.05019362107850611
2.822966898982189,0.4975770148512394,-0.16774044112533243,38.36329771414016,0.0745200365781784,0.7207221984863281,1.0,0.04983188887126744
2.8337176854918513,0.4962270283455136,-0.06944447302627055,38.41342727326405,0.06697171926498413,0.54068922996521,1.0,0.05012955912388861
2.8337176854918513,0.4962270283455136,-0.06944447302627055,38.46331372809213,0.07401106506586075,0.6007028222084045,1.0,0.049886454828083515
2.83869645436022,0.49591911112149095,-0.012156857397733697,38.51317765608978,0.07404322922229767,0.47322773933410645,1.0,0.049863927997648716
2.83869645436022,0.49591911112149095,-0.012156857397733697,38.563267332255734,0.081626757979393,0.5325854420661926,1.0,0.05008967616595328
2.8441599425301636,0.4961184099305022,0.041824960802318546,38.6132012721951,0.08432907611131668,0.38376477360725403,1.0,0.04993393993936479
2.8441599425301636,0.4961184099305022,0.041824960802318546,38.66326276514296,0.09261803328990936,0.4621768891811371,1.0,0.05006149294786155
2.8441599425301636,0.4961184099305022,0.041824960802318546,38.71341537124094,0.10066013038158417,0.534088671207428,1.0,0.050152606097981334
2.8441599425301636,0.4961184099305022,0.041824960802318546,38.763182729236675,0.10917918384075165,0.5854421257972717,1.0,0.04976735799573362
2.862451287733246,0.4975573177846385,0.12971464442683092,38.81357790714678,0.09615205973386765,0.07308892905712128,1.0,0.050395177910104394
2.862451287733246,0.4975573177846385,0.12971464442683092,38.863255292164055,0.10189924389123917,0.12149444222450256,1.0,0.04967738501727581
2.870464580284363,0.5002627218234267,0.17874271137649997,38.91385786909227,0.10816104710102081,-0.25119325518608093,1.0,0.05060257692821324
2.870464580284363,0.5002627218234267,0.17874271137649997,38.96330534525764,0.11662502586841583,-0.20483320951461792,1.0,0.04944747616536915
2.870464580284363,0.5002627218234267,0.17874271137649997,39.019467346124245,0.12302148342132568,-0.15635284781455994,1.0,0.05616200086660683
2.8799473964137876,0.5022885131737328,0.20431819383690197,39.063262304277984,0.11559386551380157,-0.4419766366481781,1.0,0.04379495815373957
2.8799473964137876,0.5022885131737328,0.20431819383690197,39.11327727021266,0.12240561842918396,-0.41791167855262756,1.0,0.05001496593467891
2.891992172906228,0.5048201358394371,0.19080713134238744,39.16325898909558,0.08655467629432678,-0.6276394724845886,1.0,0.04998171888291836
2.891992172906228,0.5048201358394371,0.19080713134238744,39.213312770226864,0.09586594998836517,-0.6178169846534729,1.0,0.05005378113128245
2.907250793267504,0.5078762879015429,0.16658461858676485,39.26329874711659,0.056548960506916046,-0.68071448802948,1.0,0.0499859768897295
2.907250793267504,0.5078762879015429,0.16658461858676485,39.31345253017348,0.06414199620485306,-0.6817544102668762,1.0,0.050153783056885004
2.9213987201803095,0.5088282766887408,0.12364660657643464,39.36366623219651,0.037032924592494965,-0.6796635389328003,1.0,0.05021370202302933
2.9213987201803095,0.5088282766887408,0.12364660657643464,39.41317417028908,0.04516852647066116,-0.6805122494697571,1.0,0.04950793809257448
2.9292887514102492,0.5089488701683229,0.06812846839443772,39.46337155111682,0.038565054535865784,-0.6838465929031372,1.0,0.050197380827739835
2.9292887514102492,0.5089488701683229,0.06812846839443772,39.51334692117375,0.04792182147502899,-0.6833860278129578,1.0,0.049975370056927204
2.9391398241381688,0.5096304919178264,0.009330359135658103,39.56325088626322,0.03848761320114136,-0.6879076361656189,1.0,0.04990396508947015
2.9391398241381688,0.5096304919178264,0.009330359135658103,39.61360863129225,0.04955793917179108,-0.68768310546875,1.0,0.05035774502903223
2.9430057127844296,0.5093270541825258,-0.04778315832017547,39.66318852313411,0.050886720418930054,-0.6758376955986023,1.0,0.049579891841858625
2.9430057127844296,0.5093270541825258,-0.04778315832017547,39.71335904811126,0.05936068296432495,-0.6729591488838196,1.0,0.05017052497714758
2.9474682535106056,0.5087346708445317,-0.10697922117248354,39.763177394155306,0.06276261806488037,-0.6078655123710632,1.0,0.04981834604404867
2.9474682535106056,0.5087346708445317,-0.10697922117248354,39.8131981931961,0.07248568534851074,-0.5926554203033447,1.0,0.05002079904079437
2.949552570259417,0.5074723552284908,-0.16735787074976446,39.863269331153376,0.06815402209758759,-0.3497494161128998,1.0,0.050071137957274914
2.949552570259417,0.5074723552284908,-0.16735787074976446,39.913274635082004,0.07539321482181549,-0.3256586790084839,1.0,0.050005303928628564
2.9540475451956882,0.5068963689958211,-0.22149815276328602,39.963199465289605,0.06730277836322784,-0.1826033592224121,1.0,0.04992483020760119
2.9540475451956882,0.5068963689958211,-0.22149815276328602,40.030616165125636,0.07459603250026703,-0.15615005791187286,1.0,0.0674166998360306
2.9540475451956882,0.5068963689958211,-0.22149815276328602,40.063440725194184,0.08474476635456085,-0.11032569408416748,1.0,0.032824560068547726
2.9540475451956882,0.5068963689958211,-0.22149815276328602,40.11322600719136,0.08968614041805267,-0.08801417052745819,1.0,0.049785281997174025
2.965438402071556,0.5024213606440223,-0.28344770997578783,40.16326006919694,0.06370435655117035,0.1614074409008026,1.0,0.05003406200557947
2.965438402071556,0.5024213606440223,-0.28344770997578783,40.213272177135465,0.07167944312095642,0.19835425913333893,1.0,0.05001210793852806
2.965438402071556,0.5024213606440223,-0.28344770997578783,40.26323088513304,0.0801892876625061,0.2365207076072693,1.0,0.0499587079975754
2.965438402071556,0.5024213606440223,-0.28344770997578783,40.313270802130816,0.08838947117328644,0.2830502688884735,1.0,0.050039916997775435
2.965438402071556,0.5024213606440223,-0.28344770997578783,40.36336408810307,0.09660906344652176,0.32968664169311523,1.0,0.05009328597225249
2.9820887627340595,0.49804940149910204,-0.28500686243479323,40.413355895304946,0.11673298478126526,-0.031075922772288322,1.0,0.049991807201877236
2.9820887627340595,0.49804940149910204,-0.28500686243479323,40.463291989160595,0.12296033650636673,-0.1151895821094513,1.0,0.04993609385564923
2.9820887627340595,0.49804940149910204,-0.28500686243479323,40.51327048310627,0.1295909881591797,-0.19702595472335815,1.0,0.04997849394567311
2.9820887627340595,0.49804940149910204,-0.28500686243479323,40.563464527238054,0.1371476799249649,-0.2732314467430115,1.0,0.05019404413178563
2.9993846500304993,0.49309291915857834,-0.24601735821342835,40.61321784112219,0.10797528922557831,-0.0992494523525238,1.0,0.04975331388413906
2.9993846500304993,0.49309291915857834,-0.24601735821342835,40.66334785822396,0.11557026207447052,-0.17363816499710083,1.0,0.05013001710176468
3.008095875913538,0.4896185952938265,-0.25994043664012645,40.71316074019846,0.11113230139017105,-0.04501752555370331,1.0,0.0498128819745034
3.008095875913538,0.4896185952938265,-0.25994043664012645,40.76322975217913,0.11909399926662445,-0.11698496341705322,1.0,0.05006901198066771
3.023588882183033,0.4854092953801898,-0.2745427802276106,40.81331856920001,0.1147678941488266,0.013336541131138802,1.0,0.050088817020878196
3.023588882183033,0.4854092953801898,-0.2745427802276106,40.86327549930279,0.12277845293283463,-0.05905483663082123,1.0,0.04995693010278046
3.0346109576952953,0.482623012160013,-0.28162016357332414,40.913206828279314,0.10142311453819275,0.2205432653427124,1.0,0.049931328976526856
3.0346109576952953,0.482623012160013,-0.28162016357332414,40.96321347424377,0.10998350381851196,0.1501559019088745,1.0,0.050006645964458585
3.046134709966846,0.4798855548796782,-0.2841302509260741,41.013142649304015,0.0818055272102356,0.6276485919952393,1.0,0.049929175060242414
3.0584448009124205,0.4763101235948583,-0.2751832365947818,41.06313515313518,0.06639237701892853,0.666159451007843,1.0,0.04999250383116305
3.0584448009124205,0.4763101235948583,-0.2751832365947818,41.113213212216166,0.07965078949928284,0.6368465423583984,1.0,0.05007805908098817
3.0584448009124205,0.4763101235948583,-0.2751832365947818,41.16329305221875,0.09242592751979828,0.6058738231658936,1.0,0.05007984000258148
3.0584448009124205,0.4763101235948583,-0.2751832365947818,41.21354858529371,0.10712462663650513,0.568791925907135,1.0,0.05025553307496011
3.0584448009124205,0.4763101235948583,-0.2751832365947818,41.26326528818895,0.12341617047786713,0.5255574584007263,1.0,0.049716702895238996
3.077329078618706,0.47190945951589836,-0.188481850364208,41.31306316818659,0.07737192511558533,0.5530403256416321,1.0,0.04979787999764085
3.077329078618706,0.47190945951589836,-0.188481850364208,41.36316478716758,0.09091819822788239,0.5015948414802551,1.0,0.05010161898098886
3.077329078618706,0.47190945951589836,-0.188481850364208,41.41320837124799,0.09999477863311768,0.4284806549549103,1.0,0.050043584080412984
3.089829098069553,0.4708332462398991,-0.13930583862019028,41.46319641125005,0.0813886970281601,0.36314865946769714,1.0,0.04998804000206292
3.089829098069553,0.4708332462398991,-0.13930583862019028,41.513166588252304,0.09203749895095825,0.2708890438079834,1.0,0.04997017700225115
3.089829098069553,0.4708332462398991,-0.13930583862019028,41.56327441123862,0.09950412809848785,0.1820947229862213,1.0,0.05010782298631966
3.089829098069553,0.4708332462398991,-0.13930583862019028,41.61334753128317,0.10662411153316498,0.10154157131910324,1.0,0.05007312004454434
3.1098723663098395,0.46864836937756327,-0.05801111006151004,41.66343467122492,0.08556109666824341,0.1500416398048401,1.0,0.05008713994175196
3.1098723663098395,0.46864836937756327,-0.05801111006151004,41.71322091318284,0.09282751381397247,0.07168698310852051,1.0,0.04978624195791781
3.1098723663098395,0.46864836937756327,-0.05801111006151004,41.763305516201896,0.10048419237136841,-0.012886924669146538,1.0,0.050084603019058704
3.1098723663098395,0.46864836937756327,-0.05801111006151004,41.81567766120274,0.10824931412935257,-0.11159269511699677,1.0,0.052372145000845194
3.1098723663098395,0.46864836937756327,-0.05801111006151004,41.86382584808011,0.11611518263816833,-0.2289067506790161,1.0,0.04814818687736988
3.126055028050479,0.46737392267031536,-0.024882728465558914,41.91335652511184,0.08983875811100006,-0.5214090943336487,1.0,0.049530677031725645
3.126055028050479,0.46737392267031536,-0.024882728465558914,41.963260207079244,0.10077878832817078,-0.6059055924415588,1.0,0.049903681967407465
3.126055028050479,0.46737392267031536,-0.024882728465558914,42.01342124723446,0.11099754273891449,-0.6652995944023132,1.0,0.05016104015521705
3.1444504556852992,0.46684724843787423,-0.04069699597276202,42.08911071925972,0.08826065063476562,-0.3984294831752777,1.0,0.07568947202526033
3.1444504556852992,0.46684724843787423,-0.04069699597276202,42.13405652924989,0.10482911020517349,-0.5282651782035828,1.0,0.04494580999016762
3.1444504556852992,0.46684724843787423,-0.04069699597276202,42.16703467023176,0.11440199613571167,-0.5933690071105957,1.0,0.03297814098186791
3.1579909962409864,0.4663084879529739,-0.09031585233626219,42.213057883303506,0.10615147650241852,-0.38824331760406494,1.0,0.046023213071748614
3.1692221051307086,0.46512087769384336,-0.14359702655838671,42.26347064924043,0.15626882016658783,0.35660484433174133,1.0,0.05041276593692601
3.1692221051307086,0.46512087769384336,-0.14359702655838671,42.31317324725528,0.161680206656456,0.31969645619392395,1.0,0.049702598014846444
3.1692221051307086,0.46512087769384336,-0.14359702655838671,42.36387052921195,0.1668022871017456,0.28470051288604736,1.0,0.05069728195667267
3.178291660994462,0.46285363064263846,-0.1947999798306086,42.41324834489091,0.1526917666196823,0.6242824196815491,0.9990718960762024,0.04942368599586189
3.178291660994462,0.46285363064263846,-0.1947999798306086,42.46335619303676,0.15900476276874542,0.5902066826820374,0.9992794990539551,0.050143976928666234
3.190642753064558,0.4602320563095408,-0.20679576022294974,42.51243756990229,0.13325135409832,0.6544429063796997,0.9859716296195984,0.04977970500476658
3.190642753064558,0.4602320563095408,-0.20679576022294974,42.5621268222908,0.13842584192752838,0.6558994650840759,0.9872633218765259,0.05033029313199222
3.2059215694582623,0.45771720401979105,-0.17384509792160124,42.61080112626272,0.10967504978179932,0.6506013870239258,0.9784726500511169,0.04974518599919975
3.2059215694582623,0.45771720401979105,-0.17384509792160124,42.65993671192885,0.11480545997619629,0.6520465016365051,0.9797542691230774,0.05015092785470188
3.2187256231414607,0.4560279311884319,-0.12018262922044426,42.708559307293385,0.08968251943588257,0.6479272246360779,0.9758835434913635,0.04982417798601091
3.2187256231414607,0.4560279311884319,-0.12018262922044426,42.757424861950824,0.09484937787055969,0.6489263772964478,0.9760175943374634,0.05006626411341131
3.2309889327374623,0.45479202983597844,-0.06341699442012592,42.80673053772735,0.07022064924240112,0.6485185027122498,0.9798514246940613,0.050319542875513434
3.2309889327374623,0.45479202983597844,-0.06341699442012592,42.855318827914225,0.0757676213979721,0.6486712694168091,0.9795842170715332,0.049600932048633695
3.2397881949094733,0.45391876614601556,-0.009678467840707479,42.9044093157023,0.061581581830978394,0.6494215130805969,0.9814619421958923,0.05001771915704012
3.2397881949094733,0.45391876614601556,-0.009678467840707479,42.95407765070989,0.06644585728645325,0.6493704915046692,0.9811952710151672,0.05062023480422795
3.2491475938391794,0.4536405058590018,0.04558647033396949,43.00520639625242,0.053059279918670654,0.6500902771949768,0.9828216433525085,0.052022404968738556
3.2491475938391794,0.4536405058590018,0.04558647033396949,43.05169074722402,0.05767360329627991,0.6502434015274048,0.982784628868103,0.04729861416853964
3.2570314386756745,0.4543204945685369,0.10009994554044065,43.13168494698724,0.04646575450897217,0.6509535312652588,0.9852399230003357,0.08119260892271996
3.2570314386756745,0.4543204945685369,0.10009994554044065,43.17778841776755,0.05233639478683472,0.6511526107788086,0.9858971238136292,0.046762963058426976
3.2633527451754114,0.4549086769000203,0.15515658340498473,43.21408508728044,0.04266515374183655,0.651309072971344,0.9892399907112122,0.03669147007167339
3.2633527451754114,0.4549086769000203,0.15515658340498473,43.24904278091671,0.045328885316848755,0.6513993740081787,0.9895381331443787,0.0353272829670459
3.2721197904935355,0.4554265803135777,0.21144163303112717,43.29881414951599,0.03025783598423004,0.6523717045783997,0.9936068058013916,0.05009161401540041
3.2721197904935355,0.4554265803135777,0.21144163303112717,43.34849199928759,0.033844172954559326,0.6517433524131775,0.9929742217063904,0.050029344856739044
3.2824573332716094,0.4574160658110528,0.2654989216414962,43.39832133558957,0.017774879932403564,0.6532827019691467,0.9988119602203369,0.04988860595040023
3.2824573332716094,0.4574160658110528,0.2654989216414962,43.44818802359467,0.0213298499584198,0.6522490382194519,0.9976184368133545,0.04998573218472302
3.2871045012966786,0.4583296353009287,0.3248120082725365,43.49831884559197,0.015131056308746338,0.6524815559387207,1.0,0.05013082199729979
3.2871045012966786,0.4583296353009287,0.3248120082725365,43.5483333796258,0.018756210803985596,0.6519948244094849,1.0,0.050014534033834934
3.2871045012966786,0.4583296353009287,0.3248120082725365,43.60143714742688,0.022426694631576538,0.6521193385124207,1.0,0.053103767801076174
3.2891219814152484,0.4610129175596062,0.38775619433733255,43.64816936962259,0.023877978324890137,0.6522309184074402,1.0,0.04673222219571471
3.2891219814152484,0.4610129175596062,0.38775619433733255,43.6981887304685,0.026235848665237427,0.6520017385482788,1.0,0.05001936084590852
3.285280375370693,0.46082052581933736,0.445202926207442,43.748197132441675,0.03773888945579529,0.6527690291404724,1.0,0.05000840197317302
3.285280375370693,0.46082052581933736,0.445202926207442,43.79828352360008,0.04026099294424057,0.6525241732597351,1.0,0.050086391158401966
3.2852463283890025,0.4610659771027302,0.5031758553096806,43.84820397659158,0.047690317034721375,0.653702974319458,1.0,0.0499204529915005
3.288298263064002,0.46309465534760663,0.5578912256098455,43.89816800360521,0.049055978655815125,0.6467254757881165,1.0,0.049964027013629675
3.288298263064002,0.46309465534760663,0.5578912256098455,43.948299939464306,0.048472002148628235,0.6370190978050232,1.0,0.05013193585909903
3.288298263064002,0.46309465534760663,0.5578912256098455,43.99859741441858,0.04745517671108246,0.6257032155990601,1.0,0.05029747495427728
3.292820256682843,0.465424180518257,0.6135807636134962,44.04846678855782,0.04093703627586365,0.5395918488502502,1.0,0.049869374139234424
3.292820256682843,0.465424180518257,0.6135807636134962,44.12727876352099,0.043728381395339966,0.4937566816806793,1.0,0.07881197496317327
3.291815573787798,0.46782173831907514,0.6655377440287423,44.17596437148703,0.050329744815826416,0.20775926113128662,1.0,0.048685607966035604
3.291815573787798,0.46782173831907514,0.6655377440287423,44.22442428041202,0.049694597721099854,0.18382525444030762,1.0,0.04845990892499685
3.291815573787798,0.46782173831907514,0.6655377440287423,44.26685014455532,0.0491597056388855,0.16027554869651794,1.0,0.042425864143297076
3.2958727836470563,0.4710026765303841,0.7192430143193933,44.31153516047587,0.041738420724868774,0.04307936131954193,1.0,0.04468501592054963
3.2958727836470563,0.4710026765303841,0.7192430143193933,44.35599076952738,0.04214455187320709,0.03212425112724304,1.0,0.04445560905151069
3.2958727836470563,0.4710026765303841,0.7192430143193933,44.398299753618886,0.04254844784736633,0.021226080134510994,1.0,0.04230898409150541
3.301261448490417,0.4783626355946203,0.7759045914301602,44.448337222402444,0.03148941695690155,-0.23780444264411926,1.0,0.050037468783557415
3.301261448490417,0.4783626355946203,0.7759045914301602,44.49832647545216,0.03154315799474716,-0.2491782307624817,1.0,0.04998925304971635
3.301261448490417,0.4783626355946203,0.7759045914301602,44.54815911659924,0.03149549663066864,-0.257277250289917,1.0,0.049832641147077084
3.301261448490417,0.4783626355946203,0.7759045914301602,44.598276239539956,0.0314846932888031,-0.2536749839782715,1.0,0.05011712294071913
3.301261448490417,0.4783626355946203,0.7759045914301602,44.64827943658409,0.03147391229867935,-0.2500535845756531,1.0,0.05000319704413414
3.301261448490417,0.4783626355946203,0.7759045914301602,44.698271311539685,0.031456589698791504,-0.2459372580051422,1.0,0.04999187495559454
3.301261448490417,0.4783626355946203,0.7759045914301602,44.74825995759991,0.031816549599170685,-0.24526843428611755,1.0,0.04998864606022835
3.301261448490417,0.4783626355946203,0.7759045914301602,44.79850349547294,0.03263145685195923,-0.25402507185935974,1.0,0.05024353787302971
3.3135722436146584,0.48964188127764446,0.7215658347177003,44.848373689408874,0.022783592343330383,-0.26147934794425964,1.0,0.04987019393593073
3.3135722436146584,0.48964188127764446,0.7215658347177003,44.89814000059803,0.022591963410377502,-0.2653968632221222,1.0,0.04976631118915975
3.3135722436146584,0.48964188127764446,0.7215658347177003,44.94813888748129,0.02264876663684845,-0.2713288962841034,1.0,0.04999888688325882
3.3135722436146584,0.48964188127764446,0.7215658347177003,44.9982016405086,0.02294173836708069,-0.2743006646633148,1.0,0.05006275302730501
3.3135722436146584,0.48964188127764446,0.7215658347177003,45.048280502622475,0.023973241448402405,-0.29584836959838867,1.0,0.05007886211387813
3.3135722436146584,0.48964188127764446,0.7215658347177003,45.0983465464781,0.025157004594802856,-0.32235363125801086,1.0,0.05006604385562241
3.3172156463444855,0.4947521016671572,0.6485362331015124,45.16157099553337,0.025483354926109314,-0.31754425168037415,1.0,0.06322444905526936
3.3172156463444855,0.4947521016671572,0.6485362331015124,45.19834089251188,0.026610352098941803,-0.37933382391929626,1.0,0.036769896978512406
3.3172156463444855,0.4947521016671572,0.6485362331015124,45.24828410446597,0.02726191282272339,-0.41641950607299805,1.0,0.04994321195408702
3.3172156463444855,0.4947521016671572,0.6485362331015124,45.29822667753277,0.028916917741298676,-0.4629766643047333,1.0,0.04994257306680083
3.3172156463444855,0.4947521016671572,0.6485362331015124,45.348200492513826,0.030955709517002106,-0.5089359283447266,1.0,0.04997381498105824
3.3211943911348834,0.49785640967299827,0.5882331287547697,45.39820341854309,0.03122016042470932,-0.45593056082725525,1.0,0.05000292602926493
3.3211943911348834,0.49785640967299827,0.5882331287547697,45.44843601849814,0.032679229974746704,-0.503532886505127,1.0,0.05023259995505214
3.3211943911348834,0.49785640967299827,0.5882331287547697,45.49818617147346,0.034114763140678406,-0.554288387298584,1.0,0.049750152975320816
3.3211943911348834,0.49785640967299827,0.5882331287547697,45.54893793649924,0.035530127584934235,-0.5996800065040588,1.0,0.050751765025779605
3.3252123188283536,0.500077087677416,0.5075753095408886,45.59828326241066,0.03654801845550537,-0.46303462982177734,1.0,0.049345325911417603
3.3252123188283536,0.500077087677416,0.5075753095408886,45.648289566579734,0.038380786776542664,-0.4893541634082794,1.0,0.0500063041690737
3.3252123188283536,0.500077087677416,0.5075753095408886,45.69829983259504,0.04104425758123398,-0.5140318274497986,1.0,0.050010266015306115
3.3252123188283536,0.500077087677416,0.5075753095408886,45.74840833148872,0.04370567202568054,-0.5427074432373047,1.0,0.05010849889367819
3.3324564013679105,0.5043991317268082,0.41333594806764984,45.798198031447356,0.04986423999071121,-0.3412283658981323,1.0,0.04978969995863736
3.3324564013679105,0.5043991317268082,0.41333594806764984,45.84827162041282,0.0518401637673378,-0.36888328194618225,1.0,0.05007358896546066
3.3324564013679105,0.5043991317268082,0.41333594806764984,45.89825538750691,0.053827352821826935,-0.3966943025588989,1.0,0.04998376709409058
3.3324564013679105,0.5043991317268082,0.41333594806764984,45.94820686052506,0.05616188794374466,-0.4240072965621948,1.0,0.0499514730181545
3.3411816227305255,0.5098511924963197,0.3316181865319508,45.998567445622285,0.055960364639759064,-0.25424298644065857,1.0,0.05036058509722352
3.3411816227305255,0.5098511924963197,0.3316181865319508,46.04827791354572,0.057153522968292236,-0.28252112865448,1.0,0.04971046792343259
3.3411816227305255,0.5098511924963197,0.3316181865319508,46.09921740153757,0.05829408019781113,-0.3117309808731079,1.0,0.05093948799185455
3.3411816227305255,0.5098511924963197,0.3316181865319508,46.14828879847144,0.05957977473735809,-0.3416178822517395,1.0,0.04907139693386853
3.3554164100252617,0.5132353850179616,0.27213893509955245,46.21411472461139,0.04983729124069214,0.05291873216629028,1.0,0.06582592613995075
3.3554164100252617,0.5132353850179616,0.27213893509955245,46.24820970762474,0.053605109453201294,0.06217287480831146,1.0,0.03409498301334679
3.3554164100252617,0.5132353850179616,0.27213893509955245,46.29818321154406,0.055556803941726685,0.06696635484695435,1.0,0.04997350391931832
3.3554164100252617,0.5132353850179616,0.27213893509955245,46.34839886445505,0.0584171861410141,0.07399119436740875,1.0,0.0502156529109925
3.3554164100252617,0.5132353850179616,0.27213893509955245,46.398561824531754,0.06129160523414612,0.08105085790157318,1.0,0.05016296007670462
3.367168067337863,0.5162867519732357,0.23658627799468934,46.44835146651556,0.039330244064331055,0.399761825799942,1.0,0.04978964198380709
3.367168067337863,0.5162867519732357,0.23658627799468934,46.498329432401334,0.04235906898975372,0.40590357780456543,1.0,0.0499779658857733
3.367168067337863,0.5162867519732357,0.23658627799468934,46.54827329046046,0.045493364334106445,0.410171240568161,1.0,0.04994385805912316
3.367168067337863,0.5162867519732357,0.23658627799468934,46.59858502559317,0.04869872331619263,0.4129585027694702,1.0,0.050311735132709146
3.3802978569950146,0.5188272923475835,0.26200751579132464,46.64819466853467,0.004312440752983093,0.6494100689888,1.0,0.04960964294150472
3.3802978569950146,0.5188272923475835,0.26200751579132464,46.698431678534945,0.006611526012420654,0.6505836844444275,1.0,0.050237010000273585
3.3802978569950146,0.5188272923475835,0.26200751579132464,46.7481991445641,0.009571433067321777,0.652067244052887,1.0,0.049767466029152274
3.3802978569950146,0.5188272923475835,0.26200751579132464,46.798212156584015,0.012503750622272491,0.6535366177558899,1.0,0.05001301201991737
3.3921783165202632,0.522963198267192,0.34733799752495786,46.84841340961819,0.0,0.6761795878410339,1.0,0.05020125303417444
3.3921783165202632,0.522963198267192,0.34733799752495786,46.90140806157095,0.0,0.6767994165420532,1.0,0.05299465195275843
3.3922954807489094,0.5225992265413064,0.406799720962327,46.94827312156511,0.0,0.6628987789154053,1.0,0.04686505999416113
3.3922954807489094,0.5225992265413064,0.406799720962327,46.998276778449764,0.0,0.6640148162841797,1.0,0.050003656884655356
3.394709694152553,0.5234424353543617,0.4662856260522895,47.04854804458981,0.0,0.6555891036987305,1.0,0.050271266140043736
3.394709694152553,0.5234424353543617,0.4662856260522895,47.09829680547071,0.0,0.6569762229919434,1.0,0.04974876088090241
3.395162224460808,0.5240459389800465,0.5265778580884525,47.15062534245615,0.0,0.6288542151451111,1.0,0.05232853698544204
3.395162224460808,0.5240459389800465,0.5265778580884525,47.230011021438514,0.0,0.6394335627555847,1.0,0.07938567898236215
3.395162224460808,0.5240459389800465,0.5265778580884525,47.267416565399145,0.0015397965908050537,0.6478322744369507,1.0,0.037405543960630894
3.391312275385508,0.5232668033912115,0.5843676495603054,47.30126630044495,0.019611865282058716,0.5240265727043152,1.0,0.03384973504580557
3.391312275385508,0.5232668033912115,0.5843676495603054,47.348351591452484,0.021237462759017944,0.531203031539917,1.0,0.04708529100753367
3.391868640704585,0.5244505137100564,0.6393293861646933,47.39819234954146,0.028277814388275146,0.4242537021636963,1.0,0.049840758088976145
3.391868640704585,0.5244505137100564,0.6393293861646933,47.44821446360973,0.03098389506340027,0.4361347556114197,1.0,0.05002211406826973
3.3904159315641214,0.5233406170835515,0.6962190152006597,47.49818435842124,0.035881176590919495,0.32862982153892517,1.0,0.04996989481151104
3.3904159315641214,0.5233406170835515,0.6962190152006597,47.548235792619636,0.03829048573970795,0.3408738374710083,1.0,0.05005143419839442
3.3904159315641214,0.5233406170835515,0.6962190152006597,47.5987489064685,0.040669217705726624,0.3564368188381195,1.0,0.05051311384886503
3.3904159315641214,0.5233406170835515,0.6962190152006597,47.648279832396184,0.04312655329704285,0.370187908411026,1.0,0.04953092592768371
3.401133581290352,0.5313497556816964,0.7766036243468957,47.698366744396736,0.03169398009777069,0.34024369716644287,1.0,0.05008691200055182
3.401133581290352,0.5313497556816964,0.7766036243468957,47.74820671342266,0.03359001874923706,0.35992109775543213,1.0,0.0498399690259248
3.401133581290352,0.5313497556816964,0.7766036243468957,47.79829252459993,0.035476863384246826,0.379503071308136,1.0,0.050085811177268624
3.401133581290352,0.5313497556816964,0.7766036243468957,47.84853372345631,0.03836148977279663,0.39807555079460144,1.0,0.05024119885638356
3.398657420315092,0.5327534303958966,0.8404556379725788,47.89826207952527,0.03935633599758148,0.07162564992904663,1.0,0.04972835606895387
3.398657420315092,0.5327534303958966,0.8404556379725788,47.94832760649686,0.04292374849319458,0.08313404023647308,1.0,0.0500655269715935
3.398657420315092,0.5327534303958966,0.8404556379725788,47.998731509502505,0.04651537537574768,0.09472188353538513,1.0,0.05040390300564468
3.398657420315092,0.5327534303958966,0.8404556379725788,48.04828739860048,0.049997419118881226,0.11303485929965973,1.0,0.049555889097973704
3.401017110890664,0.5382852013640553,0.896510224354996,48.09822736745653,0.04489866644144058,-0.1517169177532196,1.0,0.049939968856051564
3.401017110890664,0.5382852013640553,0.896510224354996,48.14818889154074,0.04842030256986618,-0.13020983338356018,1.0,0.049961524084210396
3.401017110890664,0.5382852013640553,0.896510224354996,48.19823581953486,0.05201642960309982,-0.10625019669532776,1.0,0.05004692799411714
3.401017110890664,0.5382852013640553,0.896510224354996,48.272397740464186,0.055618733167648315,-0.0822492241859436,1.0,0.07416192092932761
3.401017110890664,0.5382852013640553,0.896510224354996,48.31342986943153,0.06095675379037857,-0.04668429493904114,1.0,0.04103212896734476
3.401017110890664,0.5382852013640553,0.896510224354996,48.35326894042035,0.0639101192355156,-0.02700611762702465,1.0,0.039839070988819
3.401017110890664,0.5382852013640553,0.896510224354996,48.39826665348326,0.06677761673927307,-0.007901517674326897,1.0,0.044997713062912226
3.4074201070391466,0.548782297044849,0.8890976001793456,48.44833660144312,0.05198498070240021,-0.09471461176872253,1.0,0.0500699479598552
3.4074201070391466,0.548782297044849,0.8890976001793456,48.50531857642298,0.05558902025222778,-0.07070255279541016,1.0,0.05698197497986257
3.4074201070391466,0.548782297044849,0.8890976001793456,48.54816991551732,0.059690386056900024,-0.04337625205516815,1.0,0.0428513390943408
3.4074201070391466,0.548782297044849,0.8890976001793456,48.59828665940975,0.1020321249961853,-0.47830840945243835,1.0,0.05011674389243126
3.4074201070391466,0.548782297044849,0.8890976001793456,48.64819154348177,0.11131899803876877,-0.5420221090316772,1.0,0.04990488407202065
3.417628167109218,0.5624546480702243,0.8746192515825197,48.699063372518395,0.08687236160039902,-0.27819278836250305,1.0,0.05087182903662324
3.417628167109218,0.5624546480702243,0.8746192515825197,48.74827967346599,0.09560747444629669,-0.3465649485588074,1.0,0.04921630094759166
3.417628167109218,0.5624546480702243,0.8746192515825197,48.79849739461159,0.10452407598495483,-0.4064014256000519,1.0,0.05021772114560008
3.417628167109218,0.5624546480702243,0.8746192515825197,48.84828852158924,0.11338932812213898,-0.4666000306606293,1.0,0.04979112697765231
3.417628167109218,0.5624546480702243,0.8746192515825197,48.89853542456356,0.12220010906457901,-0.5300180315971375,1.0,0.05024690297432244
3.4286920386709374,0.5758183444358161,0.8100060598154574,48.94823728846339,0.10732374340295792,-0.1291886419057846,1.0,0.049701863899827003
3.4286920386709374,0.5758183444358161,0.8100060598154574,48.99879545550746,0.11459679156541824,-0.1987755000591278,1.0,0.05055816704407334
3.4286920386709374,0.5758183444358161,0.8100060598154574,49.048138229595025,0.12191411107778549,-0.2738804221153259,1.0,0.04934277408756316
3.4286920386709374,0.5758183444358161,0.8100060598154574,49.09830761649599,0.13028128445148468,-0.34325453639030457,1.0,0.0501693869009614
3.4439527604642035,0.5900827418800262,0.7314375817700858,49.14817750449245,0.12135156989097595,0.09856921434402466,1.0,0.04986988799646497
3.4439527604642035,0.5900827418800262,0.7314375817700858,49.198479579481756,0.12753926217556,0.0257419366389513,1.0,0.050302074989303946
3.4439527604642035,0.5900827418800262,0.7314375817700858,49.27025116649409,0.13443556427955627,-0.04381825029850006,1.0,0.07177158701233566
3.4439527604642035,0.5900827418800262,0.7314375817700858,49.31173140853596,0.14432957768440247,-0.13008198142051697,1.0,0.04148024204187095
3.4439527604642035,0.5900827418800262,0.7314375817700858,49.35403616954525,0.1498624086380005,-0.2116028368473053,1.0,0.042304761009290814
3.4583427345323225,0.6032116160769734,0.6943225195689589,49.39821302862791,0.13475482165813446,0.20639224350452423,1.0,0.04417685908265412
3.4583427345323225,0.6032116160769734,0.6943225195689589,49.44828375750174,0.14067482948303223,0.11213964223861694,1.0,0.050070728873834014
3.4583427345323225,0.6032116160769734,0.6943225195689589,49.50071292645251,0.14753931760787964,-0.007231889292597771,1.0,0.052429168950766325
3.4583427345323225,0.6032116160769734,0.6943225195689589,49.54900777242099,0.15458518266677856,-0.15548798441886902,1.0,0.04829484596848488
3.4802317845151878,0.6196692726213735,0.6793508902020373,49.59837824357626,0.11947035789489746,0.5950764417648315,1.0,0.049370471155270934
3.4802317845151878,0.6196692726213735,0.6793508902020373,49.64842729847831,0.19184598326683044,0.5739952921867371,1.0,0.05004905490204692
3.491946071386155,0.6275610712564651,0.6836381866929236,49.69806170783725,0.14649003744125366,0.6824725270271301,0.9957924485206604,0.04984413110651076
3.491946071386155,0.6275610712564651,0.6836381866929236,49.74785872381112,0.15358473360538483,0.6838118433952332,0.9961119294166565,0.049991386011242867
3.506597916624766,0.6395373792015719,0.6824749020341306,49.7971634098435,0.11497943848371506,0.6780715584754944,0.9871615171432495,0.04994591581635177
3.506597916624766,0.6395373792015719,0.6824749020341306,49.84654424987738,0.12165060639381409,0.6780824661254883,0.9861898422241211,0.05007234704680741
3.5201189268602766,0.651960707389853,0.7345669063833238,49.89588862409013,0.08185030519962311,0.6737099885940552,0.9858295321464539,0.050053657963871956
3.5201189268602766,0.651960707389853,0.7345669063833238,49.94503225770671,0.08825990557670593,0.67413330078125,0.9850825667381287,0.04988783202134073
3.531547361064127,0.6627838660106975,0.7988208224674567,49.99442093353942,0.05535045266151428,0.6699785590171814,0.9857027530670166,0.050105039961636066
3.531547361064127,0.6627838660106975,0.7988208224674567,50.04364475536976,0.062063321471214294,0.6704992651939392,0.9852869510650635,0.04995886911638081
3.5408121832774935,0.6704977356868449,0.8578265656920173,50.09317620803147,0.03895694017410278,0.6710324883460999,0.9906571507453918,0.04999858187511563
3.5408121832774935,0.6704977356868449,0.8578265656920173,50.14262550981758,0.04555994272232056,0.670321524143219,0.988560676574707,0.050021514063701034
3.545212944740333,0.6758175418130248,0.9146833555226647,50.192356750822185,0.03543177247047424,0.6710613369941711,0.993158757686615,0.050073808059096336
3.545212944740333,0.6758175418130248,0.9146833555226647,50.24179622210078,0.04298791289329529,0.6704409718513489,0.990975558757782,0.04988969792611897
3.5483356189348023,0.6803197832251197,0.9731212338964291,50.301223274907734,0.037229061126708984,0.6709144115447998,0.9948435425758362,0.059735074173659086
3.5483356189348023,0.6803197832251197,0.9731212338964291,50.34121329829602,0.04651734232902527,0.6702110171318054,0.9922109246253967,0.04030395392328501
3.5503112660727583,0.684118043017926,1.0282784756120327,50.39121036634772,0.04407726228237152,0.6708940863609314,0.9956978559494019,0.050213092006742954
3.5503112660727583,0.684118043017926,1.0282784756120327,50.44075765886649,0.051459163427352905,0.6701222062110901,0.9936667680740356,0.04986308701336384
3.551451821977661,0.6883311263309481,1.0851696973238196,50.490338542539895,0.05302342772483826,0.6716989874839783,0.9968786835670471,0.049736125860363245
3.551451821977661,0.6883311263309481,1.0851696973238196,50.540271638442086,0.060000643134117126,0.6721956729888916,0.9966525435447693,0.050100806169211864
3.551451821977661,0.6883311263309481,1.0851696973238196,50.59015821737435,0.06697434186935425,0.6727468371391296,0.996595561504364,0.0500569948926568
3.558598198096313,0.6978263794427096,1.1403656754651736,50.64006280342315,0.050335779786109924,0.6738541722297668,1.0,0.04990458604879677
3.558598198096313,0.6978263794427096,1.1403656754651736,50.690123202590385,0.05730783939361572,0.673503577709198,0.9989885687828064,0.0501110830809921
3.56089626366275,0.7050912719849914,1.1971017185645763,50.74069494342815,0.05360564589500427,0.6754624247550964,1.0,0.05057174083776772
3.56089626366275,0.7050912719849914,1.1971017185645763,50.79061086646665,0.06097788363695145,0.6753067374229431,1.0,0.04991592303849757
3.5646161344341833,0.713288454463912,1.2555083582340163,50.84014885554474,0.0514957532286644,0.6759008765220642,1.0,0.049537989078089595
3.5646161344341833,0.713288454463912,1.2555083582340163,50.890363713571915,0.057697273790836334,0.6756652593612671,1.0,0.05021485802717507
3.567502824959786,0.7199797762249379,1.3125237570486525,50.9400019415972,0.051780447363853455,0.676211953163147,1.0,0.04963822802528739
3.567502824959786,0.7199797762249379,1.3125237570486525,50.989980236472675,0.058017462491989136,0.6759946346282959,1.0,0.049978294875472784
3.570894483346437,0.7259290814515976,1.3684516572302794,51.04001984450419,0.05226434767246246,0.6765962243080139,1.0,0.05003960803151131
3.570894483346437,0.7259290814515976,1.3684516572302794,51.09010589642834,0.05796113610267639,0.6766836643218994,1.0,0.05008605192415416
3.5699329397454047,0.7301882301374443,1.425833578524527,51.1399880224691,0.06028367578983307,0.6772496700286865,1.0,0.0498821260407567
3.5699329397454047,0.7301882301374443,1.425833578524527,51.19002589754213,0.06612014770507812,0.6774340271949768,1.0,0.05003787507303059
3.5707473834050205,0.7357883088977732,1.4835716921347395,51.2399676824772,0.05745081603527069,0.6640837788581848,1.0,0.049941784935072064
3.5707473834050205,0.7357883088977732,1.4835716921347395,51.308536983406285,0.05917195975780487,0.6541756987571716,1.0,0.06856930092908442
3.5707473834050205,0.7357883088977732,1.4835716921347395,51.341046146428326,0.06736062467098236,0.6162965893745422,1.0,0.03250916302204132
3.5711539019553378,0.7415582781387086,1.5409795674527054,51.390090286577234,0.061823949217796326,0.5534244179725647,1.0,0.0490441401489079
3.5711539019553378,0.7415582781387086,1.5409795674527054,51.44153469948482,0.06528456509113312,0.515407919883728,1.0,0.0514444129075855
3.5730868346076554,0.750590932413791,1.5962052385877765,51.490039755435774,0.05742233991622925,0.4949975907802582,1.0,0.048505055950954556
3.5729083064037828,0.7552281073098154,1.6492796389686992,51.54021880341146,0.05660846829414368,0.37541109323501587,1.0,0.05017904797568917
3.5729083064037828,0.7552281073098154,1.6492796389686992,51.59014125455555,0.057447806000709534,0.32949915528297424,1.0,0.049922451144084334
3.5729083064037828,0.7552281073098154,1.6492796389686992,51.64006713040557,0.05631387233734131,0.2748977839946747,1.0,0.04992587585002184
3.5729083064037828,0.7552281073098154,1.6492796389686992,51.69035681042273,0.05513584613800049,0.22287069261074066,1.0,0.05028968001715839
3.5729083064037828,0.7552281073098154,1.6492796389686992,51.74004885445733,0.05434611439704895,0.1844255030155182,1.0,0.04969204403460026
3.5725445342596593,0.7700313375140414,1.7248333929880333,51.79211269652855,0.03694318234920502,0.07875241339206696,1.0,0.05206384207122028
3.5725445342596593,0.7700313375140414,1.7248333929880333,51.84016058252577,0.03878253698348999,0.050741225481033325,1.0,0.048047885997220874
3.5725445342596593,0.7700313375140414,1.7248333929880333,51.89010303242516,0.04078201949596405,0.029397742822766304,1.0,0.04994244989939034
3.5725445342596593,0.7700313375140414,1.7248333929880333,51.94163433237385,0.04334767162799835,-0.0011619310826063156,1.0,0.05153129994869232
3.5725445342596593,0.7700313375140414,1.7248333929880333,51.99360027451452,0.045615315437316895,-0.033149510622024536,1.0,0.05196594214066863
3.5725445342596593,0.7700313375140414,1.7248333929880333,52.04230682839092,0.04797486960887909,-0.06461635231971741,1.0,0.048706553876399994
3.5725445342596593,0.7700313375140414,1.7248333929880333,52.09005558242474,0.05044637620449066,-0.09024176001548767,1.0,0.04774875403381884
3.5690022796511154,0.7823053620495123,1.7583094929838095,52.14014785837766,0.03341758996248245,-0.2745252847671509,1.0,0.05009227595292032
3.5690022796511154,0.7823053620495123,1.7583094929838095,52.19014306257863,0.03555171191692352,-0.3071282207965851,1.0,0.049995204200968146
3.5690022796511154,0.7823053620495123,1.7583094929838095,52.23999996351462,0.036932505667209625,-0.36438503861427307,1.0,0.0498569009359926
3.5690022796511154,0.7823053620495123,1.7583094929838095,52.29073570047889,0.03830461949110031,-0.4217436611652374,1.0,0.05073573696427047
3.5690022796511154,0.7823053620495123,1.7583094929838095,52.35275646656204,0.04061567783355713,-0.4743393063545227,1.0,0.0620207660831511
3.5690022796511154,0.7823053620495123,1.7583094929838095,52.390159721564615,0.044139035046100616,-0.5430618524551392,1.0,0.03740325500257313
3.5690022796511154,0.7823053620495123,1.7583094929838095,52.44010829258163,0.046141475439071655,-0.5858270525932312,1.0,0.049948571017012
3.5656658455097863,0.7923686438506455,1.7153029768043642,52.490110051430875,0.03394170105457306,-0.6699610352516174,1.0,0.05000175884924829
3.5656658455097863,0.7923686438506455,1.7153029768043642,52.54012782646727,0.036304473876953125,-0.7006100416183472,1.0,0.050017775036394596
3.5656658455097863,0.7923686438506455,1.7153029768043642,52.59014851654332,0.03811006247997284,-0.7215840816497803,1.0,0.05002069007605314
3.5653486555367158,0.8039764879523996,1.6217865699763352,52.64051773150835,0.03167404979467392,-0.682515561580658,1.0,0.05036921496503055
3.5653486555367158,0.8039764879523996,1.6217865699763352,52.690213042389715,0.03407399356365204,-0.7136397957801819,1.0,0.049695310881361365
3.5653486555367158,0.8039764879523996,1.6217865699763352,52.740025138560796,0.03557142615318298,-0.7306852340698242,1.0,0.049812096171081066
3.56467215451355,0.8116318409999141,1.5597028025551245,52.79012671237264,0.03472067415714264,-0.7310795783996582,1.0,0.05010157381184399
3.56467215451355,0.8116318409999141,1.5597028025551245,52.84033700249542,0.037662409245967865,-0.741987943649292,1.0,0.050210290122777224
3.56467215451355,0.8116318409999141,1.5597028025551245,52.891609712582195,0.04057665169239044,-0.7503100037574768,1.0,0.051272710086777806
3.5655932511326984,0.8212303916342518,1.5015323187890255,52.94015652950306,0.035348474979400635,-0.6878028512001038,1.0,0.0485468169208616
3.5655932511326984,0.8212303916342518,1.5015323187890255,52.99010014448699,0.03839154541492462,-0.6999363899230957,1.0,0.049943614983931184
3.56557957245042,0.8242926861417247,1.4354388309407562,53.040016487551966,0.03859312832355499,-0.6103546619415283,1.0,0.04991634306497872
3.5663786332409138,0.8261249042270127,1.3758203651781533,53.089998517496625,0.03822106122970581,-0.4807928800582886,1.0,0.04998202994465828
3.5663786332409138,0.8261249042270127,1.3758203651781533,53.140051585467646,0.04150865972042084,-0.5031110048294067,1.0,0.05005306797102094
3.5663786332409138,0.8261249042270127,1.3758203651781533,53.190191696476305,0.04558981955051422,-0.5250065326690674,1.0,0.050140111008659005
3.564447362875257,0.8281982708816776,1.317187409243828,53.24008781750139,0.056965067982673645,-0.5116720199584961,1.0,0.04989612102508545
3.564447362875257,0.8281982708816776,1.317187409243828,53.290319463549295,0.06245299428701401,-0.5281121134757996,1.0,0.05023164604790509
3.564447362875257,0.8281982708816776,1.317187409243828,53.35058982538443,0.06847979128360748,-0.5419778823852539,1.0,0.06027036183513701
3.564447362875257,0.8281982708816776,1.317187409243828,53.39086937050719,0.07635245472192764,-0.5547642707824707,1.0,0.040279545122757554
3.564447362875257,0.8281982708816776,1.317187409243828,53.440356708442906,0.08120230585336685,-0.5579656958580017,1.0,0.049487337935715914
3.567482072423723,0.8371654028064323,1.2167826879127017,53.490223205493876,0.07380550354719162,-0.15304350852966309,1.0,0.04986649705097079
3.5697894050088457,0.8473847282064094,1.1686811734705216,53.540023341387624,0.06737028062343597,0.13651256263256073,1.0,0.04980013589374721
3.5697894050088457,0.8473847282064094,1.1686811734705216,53.59110124347184,0.07176490128040314,0.1523135006427765,1.0,0.051077902084216475
3.5697894050088457,0.8473847282064094,1.1686811734705216,53.640295924464354,0.07688595354557037,0.1668592393398285,1.0,0.049194680992513895
3.5697894050088457,0.8473847282064094,1.1686811734705216,53.690116333387905,0.08270429074764252,0.1538180261850357,1.0,0.04982040892355144
3.5697894050088457,0.8473847282064094,1.1686811734705216,53.74016581553418,0.0885913223028183,0.13847856223583221,1.0,0.050049482146278024
3.5760666837860136,0.8594466248934164,1.1362624989324421,53.790086869461575,0.06843338906764984,0.5886155962944031,1.0,0.04992105392739177
3.5760666837860136,0.8594466248934164,1.1362624989324421,53.84010951042559,0.07590910792350769,0.5796480178833008,1.0,0.05002264096401632
3.5760666837860136,0.8594466248934164,1.1362624989324421,53.89191460547421,0.08301232755184174,0.5778768658638,1.0,0.0518050950486213
3.5760666837860136,0.8594466248934164,1.1362624989324421,53.9402267353927,0.09012477099895477,0.5805845260620117,1.0,0.04831212991848588
3.5828870596693183,0.8725687672524236,1.1731951450371112,53.990934013467395,0.04699051380157471,0.6948397159576416,1.0,0.05070727807469666
3.5828870596693183,0.8725687672524236,1.1731951450371112,54.040113706452885,0.053583331406116486,0.6974784135818481,1.0,0.049179692985489964
3.5828870596693183,0.8725687672524236,1.1731951450371112,54.09037887452554,0.05995526909828186,0.6998045444488525,1.0,0.0502651680726558
3.5828870596693183,0.8725687672524236,1.1731951450371112,54.1401162243766,0.06594114005565643,0.7005584239959717,1.0,0.04973734985105693
3.587924091719014,0.8872332259813994,1.2760533885751275,54.190167015496755,0.03706078231334686,0.6990375518798828,1.0,0.050050791120156646
3.587924091719014,0.8872332259813994,1.2760533885751275,54.24011466846254,0.043138645589351654,0.6997741460800171,1.0,0.04994765296578407
3.587924091719014,0.8872332259813994,1.2760533885751275,54.30419572753284,0.04920388013124466,0.7005093097686768,1.0,0.06408105907030404
3.589759903772669,0.8940105183577709,1.3362970844508675,54.34330021644395,0.041666679084300995,0.7006359100341797,1.0,0.03910448891110718
3.589759903772669,0.8940105183577709,1.3362970844508675,54.39123932443012,0.04527398198843002,0.7008526921272278,1.0,0.04793910798616707
3.589759903772669,0.8940105183577709,1.3362970844508675,54.4654796564338,0.050930045545101166,0.7012540698051453,1.0,0.07424033200368285
3.589996025776259,0.8959903065016285,1.393735408124455,54.500116449393445,0.053380489349365234,0.6917786598205566,1.0,0.03463679295964539
3.5900225660460845,0.9020424028827153,1.449574748966683,54.54005927344237,0.04612837731838226,0.6769220232963562,1.0,0.039942824048921466
3.5900225660460845,0.9020424028827153,1.449574748966683,54.59004350037698,0.04981847107410431,0.6776660680770874,1.0,0.0499842269346118
3.5901549707337534,0.9040857231487454,1.5083454541149661,54.64006512340542,0.1101989895105362,0.6654394268989563,1.0,0.050021623028442264
3.5901549707337534,0.9040857231487454,1.5083454541149661,54.69025624853943,0.12295877933502197,0.6123584508895874,1.0,0.05019112513400614
3.5897837407725395,0.9075512347554516,1.564570660312731,54.74004850055475,0.12872740626335144,0.4482041597366333,1.0,0.04979225201532245
3.5897837407725395,0.9075512347554516,1.564570660312731,54.790116205424184,0.13407669961452484,0.347006231546402,1.0,0.05006770486943424
3.589161360232565,0.919923171454946,1.6208969414930257,54.84008894449484,0.11350846290588379,0.27174296975135803,1.0,0.049972739070653915
3.589161360232565,0.919923171454946,1.6208969414930257,54.890062910582984,0.11842361092567444,0.1824513077735901,1.0,0.04997396608814597
3.5869202392898925,0.9332204818137673,1.6739297007018803,54.93995136938442,0.07323472201824188,-0.20256982743740082,1.0,0.049888458801433444
3.5869202392898925,0.9332204818137673,1.6739297007018803,54.990022736447045,0.07818993180990219,-0.30638381838798523,1.0,0.05007136706262827
3.585118990241608,0.9410374859044675,1.700805620446901,55.040044514540696,0.08127694576978683,-0.471122145652771,1.0,0.05002177809365094
3.585118990241608,0.9410374859044675,1.700805620446901,55.09007980752189,0.08959881216287613,-0.5576794743537903,1.0,0.05003529298119247
3.5833056173107325,0.9504571298467401,1.700124582245889,55.13999708051246,0.07939613610506058,-0.5007767677307129,1.0,0.04991727299056947
3.5833056173107325,0.9504571298467401,1.700124582245889,55.19028936939698,0.08789703249931335,-0.5796557664871216,1.0,0.05029228888452053
3.5833056173107325,0.9504571298467401,1.700124582245889,55.2400265115631,0.09605754911899567,-0.6415606737136841,1.0,0.049737142166122794
3.5833056173107325,0.9504571298467401,1.700124582245889,55.29041339744266,0.10300956666469574,-0.6816773414611816,1.0,0.050386885879561305
3.58118190658748,0.9669221367822873,1.6164290204497678,55.34003176641103,0.08721882104873657,-0.37565213441848755,1.0,0.04961836896836758
3.58118190658748,0.9669221367822873,1.6164290204497678,55.40383618542377,0.09565822780132294,-0.45460161566734314,1.0,0.06380441901274025
3.5790482247759283,0.9754731259445306,1.5652001563820717,55.43998694753658,0.10093630850315094,-0.6782163977622986,1.0,0.03615076211281121
3.5790482247759283,0.9754731259445306,1.5652001563820717,55.49000794937287,0.10800732672214508,-0.6908348798751831,1.0,0.050021001836284995
3.5790482247759283,0.9754731259445306,1.5652001563820717,55.54001245259691,0.11875112354755402,-0.6955464482307434,1.0,0.05000450322404504
3.5790482247759283,0.9754731259445306,1.5652001563820717,55.590034202518055,0.1295180320739746,-0.7001822590827942,1.0,0.050021749921143055
3.5777992123227187,0.9930581345838912,1.4681708068769843,55.64007868346211,0.10746101289987564,-0.501462459564209,1.0,0.05004448094405234
3.5777992123227187,0.9930581345838912,1.4681708068769843,55.6900854535253,0.11989487707614899,-0.5577446818351746,1.0,0.05000677006319165
3.5798581608179725,1.0054417921858996,1.409225686229692,55.73996458955493,0.12190486490726471,0.12005040049552917,1.0,0.0498791360296309
3.5798581608179725,1.0054417921858996,1.409225686229692,55.78998146842618,0.1298823058605194,0.04796421527862549,1.0,0.05001687887124717
3.5814184359263623,1.0175636664600556,1.3617754151947437,55.8400045934451,0.13072657585144043,0.25356611609458923,1.0,0.050023125018924475
3.5814184359263623,1.0175636664600556,1.3617754151947437,55.89000140138354,0.13965807855129242,0.18285053968429565,1.0,0.049996807938441634
3.584382548396442,1.0262884031592483,1.3454125890714113,55.94033509244595,0.1323544979095459,0.3118060231208801,1.0,0.050333691062405705
3.584382548396442,1.0262884031592483,1.3454125890714113,55.98997519848321,0.1433509886264801,0.2440604865550995,1.0,0.0496401060372591
3.586821595079286,1.0390716458615608,1.3620011302363857,56.040148251535484,0.13051269948482513,0.3013626039028168,1.0,0.05017305305227637
3.586821595079286,1.0390716458615608,1.3620011302363857,56.09000906356063,0.14133800566196442,0.24103188514709473,1.0,0.049860812025144696
3.589339958530824,1.0471054422647692,1.3863581554575977,56.13996499644976,0.12778857350349426,0.2783516049385071,1.0,0.04995593288913369
3.589339958530824,1.0471054422647692,1.3863581554575977,56.190007256422305,0.13788358867168427,0.2139054834842682,1.0,0.050042259972542524
3.590758611392192,1.0585677662202162,1.4112649154076604,56.24014110358816,0.10229863226413727,0.6332003474235535,1.0,0.050133847165852785
3.590758611392192,1.0585677662202162,1.4112649154076604,56.29005205452826,0.11564821004867554,0.600117027759552,1.0,0.04991095094010234
3.5914361576191207,1.070677710907541,1.4336948671157324,56.34005947442178,0.09919124841690063,0.6249856352806091,1.0,0.05000741989351809
3.5914361576191207,1.070677710907541,1.4336948671157324,56.38997891739395,0.11449584364891052,0.5840539336204529,1.0,0.049919442972168326
3.5924189600560013,1.0829901955412642,1.484702206209209,56.43997929159936,0.06773485243320465,0.6466324925422668,1.0,0.05000037420541048
3.5924189600560013,1.0829901955412642,1.484702206209209,56.48997529347811,0.07932151854038239,0.6168224215507507,1.0,0.049996001878753304
3.5924388697093126,1.092915382855263,1.5328453413585394,56.53998849455651,0.06353901326656342,0.6022648215293884,1.0,0.050013201078400016
3.5924388697093126,1.092915382855263,1.5328453413585394,56.59000746052165,0.07634183764457703,0.5670651793479919,1.0,0.050018965965136886
3.5918392888627655,1.1025650922787107,1.5855922891194112,56.64006268846255,0.06734032928943634,0.5135543346405029,1.0,0.050055227940902114
3.5918392888627655,1.1025650922787107,1.5855922891194112,56.68999505237129,0.07872247695922852,0.4361993670463562,1.0,0.0499323639087379
3.5918392888627655,1.1025650922787107,1.5855922891194112,56.740043792486304,0.0900496244430542,0.35009515285491943,1.0,0.0500487401150167
3.5918392888627655,1.1025650922787107,1.5855922891194112,56.790298450583705,0.10018117725849152,0.2592172920703888,1.0,0.05025465809740126
3.5918392888627655,1.1025650922787107,1.5855922891194112,56.840023401504496,0.10780049860477448,0.15200123190879822,1.0,0.049724950920790434
3.590760843644969,1.1168703670116553,1.6737930203104776,56.89142038355034,0.10099637508392334,0.012431206181645393,1.0,0.0513969820458442
3.590760843644969,1.1168703670116553,1.6737930203104776,56.940037305545175,0.11005464941263199,-0.10031625628471375,1.0,0.04861692199483514
3.590760843644969,1.1168703670116553,1.6737930203104776,56.98998439738911,0.11874600499868393,-0.20654162764549255,1.0,0.04994709184393287
3.590760843644969,1.1168703670116553,1.6737930203104776,57.04003367557574,0.12838029861450195,-0.3112230598926544,1.0,0.05004927818663418
3.5868164742346877,1.1346850425599533,1.6992160446447457,57.09016351549339,0.10374133288860321,-0.583074152469635,1.0,0.05012983991764486
3.5868164742346877,1.1346850425599533,1.6992160446447457,57.14001366038259,0.11364808678627014,-0.6377220749855042,1.0,0.049850144889205694
3.5849105863360053,1.1456833820382089,1.6794663527419915,57.190241738533715,0.10808198153972626,-0.5162745118141174,1.0,0.050228078151121736
3.5849105863360053,1.1456833820382089,1.6794663527419915,57.24010666653898,0.11914706230163574,-0.5917099118232727,1.0,0.04986492800526321
3.5841550135303515,1.155859669103767,1.6360509449528053,57.290010898452365,0.11415314674377441,-0.4239896237850189,1.0,0.049904231913387775
3.5841550135303515,1.155859669103767,1.6360509449528053,57.34011229251895,0.12485406547784805,-0.49069496989250183,1.0,0.05010139406658709
3.5841550135303515,1.155859669103767,1.6360509449528053,57.39006717441056,0.13501682877540588,-0.5553757548332214,1.0,0.04995488189160824
3.582145971462565,1.1671036538620458,1.5896643319239923,57.4399828774241,0.12879151105880737,-0.36033138632774353,1.0,0.049915703013539314
3.5821021178972487,1.181628645973648,1.5454193791200899,57.49003458543133,0.11508830636739731,0.047323212027549744,1.0,0.050051708007231355
3.5821021178972487,1.181628645973648,1.5454193791200899,57.54002481357578,0.12387973070144653,-0.03627784550189972,1.0,0.049990228144451976
3.582712949310372,1.1959242486635502,1.504622280662168,57.59026152741548,0.12381021678447723,0.17227736115455627,1.0,0.05023671383969486
3.582712949310372,1.1959242486635502,1.504622280662168,57.63998862643179,0.13266250491142273,0.08801573514938354,1.0,0.049727099016308784
3.583370451493656,1.2061764360091822,1.4948098710695037,57.68998289651621,0.13083748519420624,0.21933400630950928,1.0,0.04999427008442581
3.583370451493656,1.2061764360091822,1.4948098710695037,57.74004632545088,0.13849298655986786,0.14139994978904724,1.0,0.050063428934663534
3.5842460514177183,1.2193554158229307,1.5051007051840568,57.78995506054174,0.13487619161605835,0.2152547538280487,1.0,0.049908735090866685
3.5842460514177183,1.2193554158229307,1.5051007051840568,57.84000336642761,0.14244985580444336,0.14165164530277252,1.0,0.050048305885866284
3.5842460514177183,1.2193554158229307,1.5051007051840568,57.89014442552265,0.14902588725090027,0.06331846117973328,1.0,0.050141059095039964
3.585562495968446,1.2322854442710143,1.5217257947777476,57.93997137139935,0.13143610954284668,0.27426981925964355,1.0,0.049826945876702666
3.585562495968446,1.2322854442710143,1.5217257947777476,57.990976444523895,0.13739296793937683,0.19847112894058228,1.0,0.05100507312454283
3.5847426339127773,1.2464905402625233,1.5368502551577055,58.040010796472544,0.13235193490982056,0.24335822463035583,1.0,0.04903435194864869
3.5847426339127773,1.2464905402625233,1.5368502551577055,58.090198302487025,0.13810968399047852,0.1618162840604782,1.0,0.05018750601448119
3.5847711387057566,1.2605525830938846,1.5523109453983606,58.14002724558499,0.10540534555912018,0.6963101625442505,1.0,0.04982894309796393
3.5847711387057566,1.2605525830938846,1.5523109453983606,58.19003351250116,0.11957034468650818,0.6911811828613281,1.0,0.050006266916170716
3.5854550266609095,1.2729916111918516,1.5717056899903739,58.240016442569086,0.10909540951251984,0.6892286539077759,1.0,0.049982930067926645
3.5852669232237164,1.2878853898599447,1.6004300620915153,58.29169811944861,0.07580097019672394,0.6898047924041748,1.0,0.051681676879525185
3.5852669232237164,1.2878853898599447,1.6004300620915153,58.34012472451117,0.08429782092571259,0.66575688123703,1.0,0.04842660506255925
3.5852669232237164,1.2878853898599447,1.6004300620915153,58.39002855549019,0.0992034524679184,0.6015540957450867,1.0,0.0499038309790194
3.585503801042955,1.2988445267286224,1.6603642545056325,58.440049191549534,0.0848403126001358,0.4874376952648163,1.0,0.050020636059343815
3.585503801042955,1.2988445267286224,1.6603642545056325,58.497415271433184,0.08775071799755096,0.365999311208725,1.0,0.057366079883649945
3.5842251438001553,1.3046844917744358,1.7214992122988084,58.54013404537376,0.07792167365550995,0.008866431191563606,1.0,0.0427187739405781
3.5842251438001553,1.3046844917744358,1.7214992122988084,58.590023234564924,0.08325611799955368,-0.08505052328109741,1.0,0.049889189191162586
3.5825614943661357,1.3137484717895527,1.7735420234038834,58.64001457354438,0.06631554663181305,-0.19000519812107086,1.0,0.04999133897945285
3.5825614943661357,1.3137484717895527,1.7735420234038834,58.69006342355546,0.07267305999994278,-0.2996473014354706,1.0,0.0500488500110805
3.5825614943661357,1.3137484717895527,1.7735420234038834,58.740033939559126,0.08011627197265625,-0.4037535488605499,1.0,0.04997051600366831
3.5825614943661357,1.3137484717895527,1.7735420234038834,58.79020955048885,0.08824250102043152,-0.5023936629295349,1.0,0.050175610929727554
3.5790205336870975,1.330031220768665,1.7701230167632016,58.84013404146221,0.05968025326728821,-0.6669057011604309,1.0,0.049924490973353386
3.5790205336870975,1.330031220768665,1.7701230167632016,58.89015852644492,0.06708468496799469,-0.7195929884910583,1.0,0.05002448498271406
3.5790205336870975,1.330031220768665,1.7701230167632016,58.940038489489,0.07286649942398071,-0.73218834400177,1.0,0.04987996304407716
3.5790205336870975,1.330031220768665,1.7701230167632016,58.99002605847467,0.07823120057582855,-0.7372866868972778,1.0,0.049987568985670805
3.5772166203195908,1.342513119727589,1.6769150669577797,59.0402812274025,0.08512692153453827,-0.6489171981811523,1.0,0.05025516892783344
3.5772166203195908,1.342513119727589,1.6769150669577797,59.090025130504856,0.09176287055015564,-0.68870609998703,1.0,0.049743903102353215
3.575764738788198,1.3504906507101366,1.6150561051513614,59.1402314503995,0.09222924709320068,-0.569707989692688,1.0,0.05020631989464164
3.575764738788198,1.3504906507101366,1.6150561051513614,59.189977456428224,0.09959335625171661,-0.6355518698692322,1.0,0.0497460060287267
3.575706326828757,1.35697819523821,1.5551297405057525,59.24010355638724,0.09823678433895111,-0.5089743137359619,1.0,0.050126099959015846
3.575706326828757,1.35697819523821,1.5551297405057525,59.28997699458536,0.10636794567108154,-0.5866543650627136,1.0,0.0498734381981194
3.575920021141068,1.3669780665439433,1.502232175528835,59.339990179598445,0.10357188433408737,-0.4525124132633209,1.0,0.050013185013085604
3.575920021141068,1.3669780665439433,1.502232175528835,59.389994492599854,0.1109660416841507,-0.5276686549186707,1.0,0.05000431300140917
3.575920021141068,1.3669780665439433,1.502232175528835,59.44004407137085,0.12220646440982819,-0.605938732624054,1.0,0.05004957877099514
3.5768155539181317,1.3741886067417048,1.4564917614814374,59.490052054481694,0.14059533178806305,-0.6001766920089722,1.0,0.05000798311084509
3.57755688237985,1.3845923747488584,1.41192208496029,59.540187514465416,0.13160012662410736,-0.4710403084754944,1.0,0.050135459983721375
3.57755688237985,1.3845923747488584,1.41192208496029,59.59005724949215,0.14291059970855713,-0.5385706424713135,1.0,0.04986973502673209
3.57755688237985,1.3845923747488584,1.41192208496029,59.64002408840146,0.15396049618721008,-0.6029343605041504,1.0,0.04996683890931308
3.5800362505732184,1.3957085449861022,1.3600568839228877,59.690160366552064,0.1464615762233734,-0.447043240070343,1.0,0.050136278150603175
3.5836336985021418,1.4112913677188448,1.3138824129998732,59.74008734438952,0.1267586201429367,0.35812142491340637,1.0,0.04992697783745825
3.5836336985021418,1.4112913677188448,1.3138824129998732,59.79016450637404,0.13674156367778778,0.2899145781993866,1.0,0.05007716198451817
3.587805556667734,1.4215602499036741,1.2680221447238003,59.840210572429115,0.1295967400074005,0.4683971703052521,1.0,0.050046066055074334
3.587805556667734,1.4215602499036741,1.2680221447238003,59.89000984638382,0.14069709181785583,0.40688425302505493,1.0,0.049799273954704404
3.587805556667734,1.4215602499036741,1.2680221447238003,59.939977710446456,0.15159808099269867,0.3432329595088959,1.0,0.04996786406263709
3.5924851705156495,1.4341655240126956,1.2742715718586761,59.990028820544595,0.14005343616008759,0.4217236340045929,1.0,0.05005111009813845
3.5924851705156495,1.4341655240126956,1.2742715718586761,60.04016727356624,0.15090546011924744,0.35454484820365906,1.0,0.050138453021645546
3.595733170606394,1.4477262545563059,1.3103247898098327,60.08998477839317,0.07965132594108582,0.6821975111961365,1.0,0.049817504826933146
3.595733170606394,1.4477262545563059,1.3103247898098327,60.13998400451068,0.09080769121646881,0.6832049489021301,1.0,0.04999922611750662
3.5987711652659193,1.4585753582637253,1.344801351306458,60.19005895250861,0.07942651212215424,0.6825738549232483,1.0,0.050074947997927666
3.5987711652659193,1.4585753582637253,1.344801351306458,60.240023702461386,0.09099523723125458,0.6823689341545105,1.0,0.04996474995277822
3.6007306298278725,1.4714099302365509,1.3863643972354747,60.29004758743953,0.07932841777801514,0.6818749308586121,1.0,0.05002388497814536
3.6007306298278725,1.4714099302365509,1.3863643972354747,60.34001415440265,0.08873410522937775,0.6734101176261902,1.0,0.049966566963121295
3.6020015185862886,1.4787088111367874,1.4438088793499055,60.39012431640562,0.0769491046667099,0.6602509617805481,1.0,0.05011016200296581
3.6020015185862886,1.4787088111367874,1.4438088793499055,60.440075725395346,0.09032663702964783,0.6282649636268616,1.0,0.0499514089897275
3.6030950716529735,1.4818422182465931,1.503184330088565,60.489960739467406,0.10750491917133331,0.5147467851638794,1.0,0.049885014072060585
3.6030950716529735,1.4818422182465931,1.503184330088565,60.5526156323814,0.11846476793289185,0.4542645514011383,1.0,0.06265489291399717
3.6029194396284643,1.4924600893966544,1.5586879610096627,60.58995002143469,0.10299807786941528,0.38661569356918335,1.0,0.03733438905328512
3.6029194396284643,1.4924600893966544,1.5586879610096627,60.640032731540614,0.11000734567642212,0.3292711675167084,1.0,0.0500827101059258
3.6029994605901585,1.5032155839459287,1.6004701931907224,60.69005006559577,0.09217779338359833,0.2876925766468048,1.0,0.050017334055155516
3.6029994605901585,1.5032155839459287,1.6004701931907224,60.74001093542587,0.09799303114414215,0.18091920018196106,1.0,0.04996086983010173
3.6029994605901585,1.5032155839459287,1.6004701931907224,60.790208274576926,0.10486067831516266,0.07529400289058685,1.0,0.05019733915105462
3.6031923509965034,1.512098263867807,1.6332293562748585,60.84000089353334,0.09789043664932251,0.07778388261795044,1.0,0.049792618956416845
3.6031923509965034,1.512098263867807,1.6332293562748585,60.89015939746436,0.10542727261781693,-0.005940256640315056,1.0,0.05015850393101573
3.6031923509965034,1.512098263867807,1.6332293562748585,60.9400951744375,0.11240892857313156,-0.0934283584356308,1.0,0.04993577697314322
3.6031923509965034,1.512098263867807,1.6332293562748585,60.99016253448475,0.11988409608602524,-0.185150608420372,1.0,0.050067360047250986
3.6012730369651482,1.5301822775963938,1.6611672353758793,61.040021052429566,0.09947080910205841,0.04024621844291687,1.0,0.049858517944812775
3.6012730369651482,1.5301822775963938,1.6611672353758793,61.09020089039963,0.10722554475069046,-0.05385430157184601,1.0,0.05017983797006309
3.600418238129159,1.5388956830441975,1.6584728566957554,61.140040458491185,0.1011529415845871,0.05041338503360748,1.0,0.04983956809155643
3.600418238129159,1.5388956830441975,1.6584728566957554,61.19002808638301,0.10999371111392975,-0.058721572160720825,1.0,0.04998762789182365
3.598922885297149,1.5506953643228452,1.6551993433914207,61.24039636839565,0.10623723268508911,0.05157345533370972,1.0,0.05036828201264143
3.598922885297149,1.5506953643228452,1.6551993433914207,61.290039887497315,0.11530985683202744,-0.0590696781873703,1.0,0.049643519101664424
3.597402025341016,1.5614398537981444,1.6550192336812053,61.34003454454627,0.11174808442592621,0.04331649839878082,1.0,0.04999465704895556
3.597402025341016,1.5614398537981444,1.6550192336812053,61.38999513847206,0.12097319215536118,-0.05051952600479126,1.0,0.049960593925789
3.596211528798656,1.57114883396091,1.6550139770901202,61.44001225250226,0.11708410829305649,0.05199402570724487,1.0,0.05001711403019726
3.596211528798656,1.57114883396091,1.6550139770901202,61.48996068358805,0.1265830099582672,-0.05722114443778992,1.0,0.049948431085795164
3.5954881928551465,1.5837588746768587,1.6565546522054666,61.540302082508916,0.12452517449855804,0.039078354835510254,1.0,0.05034139892086387
3.5954881928551465,1.5837588746768587,1.6565546522054666,61.58994008841377,0.1338442862033844,-0.03720846772193909,1.0,0.049638005904853344
3.594661286082057,1.5947209430950653,1.6566084387836428,61.639990828544015,0.13165855407714844,0.08128860592842102,1.0,0.050050740130245686
3.594661286082057,1.5947209430950653,1.6566084387836428,61.68996711944614,0.1405380517244339,-0.00324864499270916,1.0,0.049976290902122855
3.593652587123148,1.6084219485113391,1.6560499121464098,61.73998025137384,0.11252885311841965,-0.24839338660240173,1.0,0.05001313192769885
3.593652587123148,1.6084219485113391,1.6560499121464098,61.79002790253993,0.12078651040792465,-0.34389689564704895,1.0,0.05004765116609633
3.5926527500843357,1.6217227039810675,1.6602942803266891,61.83997721442405,0.11754482239484787,-0.2462247610092163,1.0,0.04994931188412011
3.5926527500843357,1.6217227039810675,1.6602942803266891,61.88999523346696,0.1258394718170166,-0.33205199241638184,1.0,0.050018019042909145
3.592120147412356,1.6336405923478226,1.6402249744495487,61.94000858844642,0.12389913201332092,-0.16992950439453125,1.0,0.05001335497945547
3.592120147412356,1.6336405923478226,1.6402249744495487,61.99005443051841,0.1322043538093567,-0.25586646795272827,1.0,0.05004584207199514
3.5917924333383597,1.6456827332881048,1.6152607351555206,62.039970507457966,0.13037121295928955,-0.08105345070362091,1.0,0.04991607693955302
3.5917924333383597,1.6456827332881048,1.6152607351555206,62.09004203657072,0.1384587585926056,-0.16908791661262512,1.0,0.05007152911275625
3.591106258580209,1.658825763672969,1.5978679535179034,62.14001422243577,0.12450438737869263,0.16257478296756744,1.0,0.049972185865044594
3.591106258580209,1.658825763672969,1.5978679535179034,62.18997327944648,0.13306385278701782,0.07294847071170807,1.0,0.04995905701071024
3.5906241200801072,1.6703978920376743,1.5875109454490341,62.23999987643596,0.1276441514492035,0.19933754205703735,1.0,0.05002659698948264
3.5906241200801072,1.6703978920376743,1.5875109454490341,62.28993981339421,0.13425469398498535,0.1020176112651825,1.0,0.049939936958253384
3.5907839538148587,1.682415009164432,1.5917077774813064,62.339999533569554,0.12802916765213013,0.18345628678798676,1.0,0.05005972017534077
3.5907839538148587,1.682415009164432,1.5917077774813064,62.389941675434,0.13456806540489197,0.08617885410785675,1.0,0.049942141864448786
3.590747967156554,1.6934272394990777,1.6045584941904416,62.440049853487054,0.12843206524848938,0.1439874917268753,1.0,0.05010817805305123
3.590747967156554,1.6934272394990777,1.6045584941904416,62.48997700757731,0.13471195101737976,0.04162135720252991,1.0,0.0499271540902555
3.5904719123020388,1.7084695800039382,1.618228052346094,62.540094632500896,0.11661867797374725,0.2809903919696808,1.0,0.050117624923586845
3.5904719123020388,1.7084695800039382,1.618228052346094,62.58999801341828,0.12231403589248657,0.18486788868904114,1.0,0.04990338091738522
3.5897021241908873,1.719385884726862,1.6264611382202392,62.640021152407044,0.1174318939447403,0.2540779113769531,1.0,0.050023138988763094
3.5897021241908873,1.719385884726862,1.6264611382202392,62.68999467751395,0.12241441011428833,0.16130009293556213,1.0,0.04997352510690689
3.5886151391030494,1.732448235916021,1.6471451629799647,62.740028484569976,0.11617274582386017,0.19046801328659058,1.0,0.05003380705602467
3.5886151391030494,1.732448235916021,1.6471451629799647,62.7899959344269,0.1211540549993515,0.09434051811695099,1.0,0.04996744985692203
3.5871134686956543,1.7437115593315449,1.6647946117464536,62.84002890957903,0.11483152210712433,0.12892545759677887,1.0,0.050032975152134895
3.5871134686956543,1.7437115593315449,1.6647946117464536,62.890117478402445,0.1199173703789711,0.03246903419494629,1.0,0.05008856882341206
3.5871134686956543,1.7437115593315449,1.6647946117464536,62.940017073493564,0.12519612908363342,-0.06493307650089264,1.0,0.04989959509111941
3.586143017481697,1.75537747358678,1.6763947919390447,62.99000292651739,0.11914946138858795,-0.01191265694797039,1.0,0.049985853023827076
3.5844658705363748,1.7678163740597994,1.6790687374747715,63.039911081394294,0.09562492370605469,-0.272960364818573,1.0,0.0499081548769027
3.5844658705363748,1.7678163740597994,1.6790687374747715,63.08996386950288,0.1010952964425087,-0.37290510535240173,1.0,0.050052788108587265
3.5834968672429763,1.7803228713999437,1.6731878935225875,63.1406420025361,0.07483671605587006,0.46155625581741333,1.0,0.050678133033216
3.5834968672429763,1.7803228713999437,1.6731878935225875,63.190052190408224,0.07186448574066162,0.3362750709056854,1.0,0.0494101878721267
3.5834968672429763,1.7803228713999437,1.6731878935225875,63.240013269553074,0.06845985352993011,0.2095491886138916,1.0,0.04996107914485037
3.5834968672429763,1.7803228713999437,1.6731878935225875,63.290041008576864,0.07497967779636383,0.07822996377944946,1.0,0.05002773902378976
3.5834968672429763,1.7803228713999437,1.6731878935225875,63.34001583148178,0.0814753919839859,-0.054589927196502686,1.0,0.04997482290491462
3.5822246359107432,1.7978737900243793,1.670619881934072,63.38996939345647,0.05956654250621796,0.15753312408924103,1.0,0.049953561974689364
3.5822246359107432,1.7978737900243793,1.670619881934072,63.44001442155253,0.0660526305437088,0.02490966208279133,1.0,0.050045028096064925
3.5822246359107432,1.7978737900243793,1.670619881934072,63.49000667252962,0.07255054265260696,-0.10795554518699646,1.0,0.04999225097708404
3.5822246359107432,1.7978737900243793,1.670619881934072,63.54005544850055,0.07904177904129028,-0.24067938327789307,1.0,0.05004877597093582
3.5804227701770506,1.813270197479562,1.6820546618235532,63.59020795657683,0.06808305531740189,-0.2350340485572815,1.0,0.050152508076280355
3.5804227701770506,1.813270197479562,1.6820546618235532,63.640007909465695,0.07401272654533386,-0.3449099659919739,1.0,0.0497999528888613
3.5804227701770506,1.813270197479562,1.6820546618235532,63.68998669747647,0.08154922723770142,-0.4436095952987671,1.0,0.04997878801077604
3.5804227701770506,1.813270197479562,1.6820546618235532,63.740451016541684,0.08969686925411224,-0.5389766097068787,1.0,0.0504643190652132
3.5794317348009637,1.8271785669848641,1.6451103063666324,63.79030694843654,0.07095656543970108,-0.2647995054721832,1.0,0.04985593189485371
3.5794317348009637,1.8271785669848641,1.6451103063666324,63.840061759421715,0.07671301066875458,-0.3672948181629181,1.0,0.049754810985177755
3.5794317348009637,1.8271785669848641,1.6451103063666324,63.89013865155552,0.08435685187578201,-0.4565160274505615,1.0,0.050076892133802176
3.5794317348009637,1.8271785669848641,1.6451103063666324,63.940100315570945,0.09215963631868362,-0.5456245541572571,1.0,0.04996166401542723
3.5794317348009637,1.8271785669848641,1.6451103063666324,63.990036927474776,0.10082253813743591,-0.6245658993721008,1.0,0.04993661190383136
3.578444508731948,1.8438229577589023,1.5728967792778765,64.040166168552,0.10148678719997406,-0.43521279096603394,1.0,0.05012924107722938
3.578444508731948,1.8438229577589023,1.5728967792778765,64.09004076252144,0.10876811295747757,-0.5246100425720215,1.0,0.0498745939694345
3.578444508731948,1.8438229577589023,1.5728967792778765,64.1400404654761,0.11700324714183807,-0.6068174242973328,1.0,0.049999702954664826
3.578444508731948,1.8438229577589023,1.5728967792778765,64.19002877137076,0.12459693849086761,-0.6506373286247253,1.0,0.04998830589465797
3.5789518758353602,1.8618516496500064,1.4793834131554138,64.2400442665295,0.11095643043518066,-0.3794362246990204,1.0,0.05001549515873194
3.5789518758353602,1.8618516496500064,1.4793834131554138,64.29003989844036,0.11869771033525467,-0.4748341739177704,1.0,0.04999563191086054
3.5807148296191476,1.874680970877258,1.4279156350268136,64.34009542649996,0.11729144304990768,-0.3305230140686035,1.0,0.050055528059601784
3.5807148296191476,1.874680970877258,1.4279156350268136,64.39010642639745,0.12422145903110504,-0.41035011410713196,1.0,0.05001099989749491
3.582713690773785,1.8870063181977172,1.3806637502674501,64.44003147150774,0.10588927567005157,-0.1215183436870575,1.0,0.04992504511028528
3.582713690773785,1.8870063181977172,1.3806637502674501,64.49001233054709,0.11051629483699799,-0.20072509348392487,1.0,0.049980859039351344
3.58505347520628,1.8997818679143135,1.3426234153498975,64.5400430055653,0.10773234069347382,-0.05389373004436493,1.0,0.05003067501820624
3.58505347520628,1.8997818679143135,1.3426234153498975,64.58997054359328,0.1138278916478157,-0.12329831719398499,1.0,0.049927538027986884
3.5880501140216805,1.914072239235557,1.3159179746132845,64.63999922255438,0.10810568928718567,0.47996923327445984,1.0,0.050028678961098194
3.5880501140216805,1.914072239235557,1.3159179746132845,64.69050696942408,0.1168632060289383,0.4180496633052826,1.0,0.05050774686969817
3.590872499296006,1.9232688148848385,1.3060944081346144,64.74006095955532,0.10238583385944366,0.5119353532791138,1.0,0.04955399013124406
3.590872499296006,1.9232688148848385,1.3060944081346144,64.79012642645661,0.11538386344909668,0.4603225886821747,1.0,0.050065466901287436
3.5939947493143083,1.935629592287801,1.3231474458053396,64.84016603541944,0.09968797862529755,0.5069518685340881,1.0,0.05003960896283388
3.5939947493143083,1.935629592287801,1.3231474458053396,64.8900942083766,0.11320796608924866,0.4487987458705902,1.0,0.04992817295715213
3.597217563612168,1.94689598138333,1.3639057070744494,64.94001370652963,0.046583957970142365,0.6811866164207458,1.0,0.04991949815303087
3.597217563612168,1.94689598138333,1.3639057070744494,64.99007575245027,0.05785708874464035,0.6821536421775818,1.0,0.05006204592064023
3.597217563612168,1.94689598138333,1.3639057070744494,65.04003863649827,0.06906285881996155,0.6831634640693665,1.0,0.04996288404799998
3.5992243175062586,1.9614176653591917,1.407497666181237,65.09010828457225,0.057554200291633606,0.6827530860900879,1.0,0.05006964807398617
3.5992243175062586,1.9614176653591917,1.407497666181237,65.1400487875418,0.06892910599708557,0.6807874441146851,1.0,0.049940502969548106
3.6004129772042894,1.971065187854833,1.4598363310761755,65.1900187733901,0.055895254015922546,0.6734959483146667,1.0,0.04996998584829271
3.6004129772042894,1.971065187854833,1.4598363310761755,65.24006449951243,0.06602732837200165,0.6572631001472473,1.0,0.0500457261223346
3.6017483879892525,1.9820419862832903,1.5191076375490657,65.29000126857694,0.05306464433670044,0.6319111585617065,1.0,0.04993676906451583
3.6017483879892525,1.9820419862832903,1.5191076375490657,65.34001653951977,0.0665406584739685,0.5976595878601074,1.0,0.0500152709428221
3.6033436919936683,1.9922550711962765,1.579234310914476,65.39003794857685,0.0513433963060379,0.577516496181488,1.0,0.050021409057080746
3.6033436919936683,1.9922550711962765,1.579234310914476,65.44021709247876,0.06579451262950897,0.5427711009979248,1.0,0.05017914390191436
3.603764740134885,2.000118683883178,1.63687605714748,65.48997698452708,0.05653192102909088,0.5116033554077148,1.0,0.049759892048314214
3.603764740134885,2.000118683883178,1.63687605714748,65.54005278841045,0.06428712606430054,0.4460376799106598,1.0,0.05007580388337374
3.603764740134885,2.000118683883178,1.63687605714748,65.5901096973886,0.07469521462917328,0.3516439199447632,1.0,0.050056908978149295
3.603764740134885,2.000118683883178,1.63687605714748,65.64012942657259,0.08403339982032776,0.2676999270915985,1.0,0.05001972918398678
3.603764740134885,2.000118683883178,1.63687605714748,65.69196283359464,0.09017601609230042,0.17815151810646057,1.0,0.051833407022058964
3.6031268727168553,2.0138703723287477,1.7264504219504,65.740125997536,0.08294536173343658,-0.023108748719096184,1.0,0.04816316394135356
3.6031268727168553,2.0138703723287477,1.7264504219504,65.7900447455087,0.08991777896881104,-0.12096841633319855,1.0,0.04991874797269702
3.6031268727168553,2.0138703723287477,1.7264504219504,65.84162265046884,0.0976165160536766,-0.20460757613182068,1.0,0.051577904960140586
3.6031268727168553,2.0138703723287477,1.7264504219504,65.8987654904687,0.10553418099880219,-0.2950587570667267,1.0,0.057142839999869466
3.6031268727168553,2.0138703723287477,1.7264504219504,65.95433550242718,0.11593024432659149,-0.3733501434326172,1.0,0.05557001195847988
3.599697674367923,2.0321169176087497,1.7600905680468053,65.99212464046117,0.09434452652931213,-0.1660696268081665,1.0,0.03778913803398609
3.599697674367923,2.0321169176087497,1.7600905680468053,66.04033287459437,0.09984730929136276,-0.22872939705848694,1.0,0.04820823413319886
3.599697674367923,2.0321169176087497,1.7600905680468053,66.09012660159182,0.10697994381189346,-0.30988654494285583,1.0,0.049793726997449994
3.5965274382567682,2.053084715219764,1.7202455947618165,66.13991084260319,0.07750988751649857,-0.43330076336860657,1.0,0.04978424101136625
3.5965274382567682,2.053084715219764,1.7202455947618165,66.19012792555999,0.08853822201490402,-0.5316091775894165,1.0,0.050217082956805825
3.5950119030301293,2.0600469976818987,1.69531863609268,66.24054732554045,0.08155392110347748,-0.3839986026287079,1.0,0.05041939998045564
3.5950119030301293,2.0600469976818987,1.69531863609268,66.29003686349292,0.09276130795478821,-0.48051556944847107,1.0,0.0494895379524678
3.5950119030301293,2.0600469976818987,1.69531863609268,66.34003103858244,0.10386461019515991,-0.5759319067001343,1.0,0.049994175089523196
3.5950119030301293,2.0600469976818987,1.69531863609268,66.39003664146561,0.11380563676357269,-0.6328635215759277,1.0,0.050005602883175015
3.5950119030301293,2.0600469976818987,1.69531863609268,66.4405534845629,0.1240578442811966,-0.6588121652603149,1.0,0.050516843097284436
3.5933838442300465,2.0810596820192333,1.6137546336224675,66.49029002742294,0.10290929675102234,-0.3105803430080414,1.0,0.04973654286004603
3.5933838442300465,2.0810596820192333,1.6137546336224675,66.54004704354715,0.11372171342372894,-0.38065189123153687,1.0,0.0497570161242038
3.5922755909115294,2.094104354277733,1.5596355922391316,66.59011242756073,0.11015795171260834,-0.14792048931121826,1.0,0.050065384013578296
3.5922755909115294,2.094104354277733,1.5596355922391316,66.64063416638795,0.1191306933760643,-0.22341609001159668,1.0,0.050521738827228546
3.593116952831643,2.1088139253057805,1.518373278122944,66.69040406340186,0.10791125893592834,0.1828247606754303,1.0,0.049769897013902664
3.593116952831643,2.1088139253057805,1.518373278122944,66.74469444140244,0.11679606139659882,0.10762959718704224,1.0,0.054290378000587225
3.593116952831643,2.1088139253057805,1.518373278122944,66.79028710241813,0.12639355659484863,0.021817656233906746,1.0,0.04559266101568937
3.593268048401437,2.120457255107202,1.500053959011231,66.84014259938535,0.1243232935667038,0.1812230944633484,1.0,0.049855496967211366
3.593268048401437,2.120457255107202,1.500053959011231,66.890148131488,0.13306903839111328,0.09896208345890045,1.0,0.050005532102659345
3.5934818447857397,2.131244555116884,1.5062158015520286,66.94006399538752,0.1301591843366623,0.18555349111557007,1.0,0.04991586389951408
3.5934818447857397,2.131244555116884,1.5062158015520286,66.99015206758317,0.13785003125667572,0.10496875643730164,1.0,0.05008807219564915
3.5936435045967805,2.141462998656874,1.514026946146431,67.04010069052141,0.13441868126392365,0.1863226741552353,1.0,0.049948622938245535
3.5936435045967805,2.141462998656874,1.514026946146431,67.09071380839136,0.14199882745742798,0.11252427101135254,1.0,0.05061311786994338
3.5934299871408917,2.1528122993460093,1.5277475248119001,67.14010203451302,0.1376778930425644,0.16339823603630066,1.0,0.04938822612166405
3.5934299871408917,2.1528122993460093,1.5277475248119001,67.19003817656461,0.14361093938350677,0.08608126640319824,1.0,0.04993614205159247
3.593473780314453,2.1670080379592904,1.5406124825485965,67.24013272657443,0.12642128765583038,0.3171638250350952,1.0,0.050094550009816885
3.593473780314453,2.1670080379592904,1.5406124825485965,67.29013327959377,0.1325533241033554,0.2315417230129242,1.0,0.05000055301934481
3.592861572025569,2.1831534605113467,1.5521293054417546,67.34010886641603,0.12707597017288208,0.28598150610923767,1.0,0.049975586822256446
3.592861572025569,2.1831534605113467,1.5521293054417546,67.39006009938579,0.13301531970500946,0.20042511820793152,1.0,0.049951232969760895
3.5932736147014706,2.1983499528373063,1.5716510395008543,67.44004144550685,0.1134650856256485,0.41418692469596863,1.0,0.04998134612105787
3.5932736147014706,2.1983499528373063,1.5716510395008543,67.49020287751604,0.12173457443714142,0.321910560131073,1.0,0.05016143200919032
3.5928584572816598,2.2124285386303795,1.5936872569936271,67.54040973455098,0.11729450523853302,0.35340359807014465,1.0,0.05020685703493655
3.5928584572816598,2.2124285386303795,1.5936872569936271,67.590119661376,0.12309634685516357,0.2599874436855316,1.0,0.04970992682501674
3.592328441578456,2.2230224288106797,1.623583266797058,67.64003021859948,0.11764489114284515,0.2629675567150116,1.0,0.04991055722348392
3.592328441578456,2.2230224288106797,1.623583266797058,67.6902185234559,0.12258999049663544,0.1704809069633484,1.0,0.05018830485641956
3.592328441578456,2.2230224288106797,1.623583266797058,67.75336067642469,0.12798357009887695,0.07591795921325684,1.0,0.06314215296879411
3.5913870621167905,2.2376298482895836,1.6513816112542752,67.79025627959903,0.11226509511470795,0.24083906412124634,1.0,0.036895603174343705
3.5913870621167905,2.2376298482895836,1.6513816112542752,67.84039385857444,0.11581189930438995,0.17035138607025146,1.0,0.05013757897540927
3.590416552685803,2.2500504398843173,1.6690352655894456,67.89000423144002,0.10967686772346497,0.2040576934814453,1.0,0.04961037286557257
3.590416552685803,2.2500504398843173,1.6690352655894456,67.9401588054226,0.11444608867168427,0.1092781126499176,1.0,0.050154573982581496
3.5883950282456007,2.2628584352912666,1.6842384321466783,67.99102261553902,0.10053571313619614,-0.3776656687259674,1.0,0.05086381011642516
3.5883950282456007,2.2628584352912666,1.6842384321466783,68.04013312243309,0.10639308393001556,-0.46264052391052246,1.0,0.04911050689406693
3.5874718864027493,2.2761337109094195,1.7003242346330976,68.09009926750709,0.09991978853940964,-0.43954959511756897,1.0,0.049966145073994994
3.5874718864027493,2.2761337109094195,1.7003242346330976,68.1401480425467,0.0744287520647049,0.20135828852653503,1.0,0.05004877503961325
3.5848945240513035,2.289444810188024,1.684346193500629,68.19002576948527,0.06688801944255829,0.45671582221984863,1.0,0.049877726938575506
3.5848945240513035,2.289444810188024,1.684346193500629,68.23999463355553,0.06499020755290985,0.3351559340953827,1.0,0.049968864070251584
3.583809319808926,2.296106229536447,1.6482354933689858,68.29012998853263,0.06823940575122833,0.3382522165775299,1.0,0.05013535497710109
3.583809319808926,2.296106229536447,1.6482354933689858,68.34011086154182,0.07279576361179352,0.20700880885124207,1.0,0.04998087300918996
3.583809319808926,2.296106229536447,1.6482354933689858,68.39025665641215,0.07928541302680969,0.07431373000144958,1.0,0.05014579487033188
3.583809319808926,2.296106229536447,1.6482354933689858,68.44006595442455,0.08579631894826889,-0.05881989002227783,1.0,0.049809298012405634
3.583809319808926,2.296106229536447,1.6482354933689858,68.49020351756748,0.09226366877555847,-0.1910596638917923,1.0,0.0501375631429255
3.582341352779295,2.3120472269859667,1.6926168843563294,68.54012335053098,0.059419311583042145,-0.1561189591884613,1.0,0.04991983296349645
3.582341352779295,2.3120472269859667,1.6926168843563294,68.59011197959457,0.06567922979593277,-0.27028390765190125,1.0,0.04998862906359136
3.582341352779295,2.3120472269859667,1.6926168843563294,68.64007876052905,0.07166934758424759,-0.37929707765579224,1.0,0.04996678093448281
3.582341352779295,2.3120472269859667,1.6926168843563294,68.69017899649602,0.07981511950492859,-0.4746413826942444,1.0,0.050100235966965556
3.5804550934936827,2.32955763298352,1.683201654364544,68.74000253652606,0.05645781755447388,-0.2553882598876953,1.0,0.0498235400300473
3.5804550934936827,2.32955763298352,1.683201654364544,68.79046442949597,0.06236784905195236,-0.3596685230731964,1.0,0.05046189296990633
3.5804550934936827,2.32955763298352,1.683201654364544,68.84025854043115,0.06998230516910553,-0.4542325437068939,1.0,0.04979411093518138
3.5804550934936827,2.32955763298352,1.683201654364544,68.89022909159225,0.0777403935790062,-0.5428417325019836,1.0,0.0499705511610955
3.57929971144092,2.342467802472285,1.6232499131847122,68.94011780441191,0.07771070301532745,-0.7081295251846313,1.0,0.04988871281966567
3.57929971144092,2.342467802472285,1.6232499131847122,68.99018216140952,0.08619613945484161,-0.7205395102500916,1.0,0.05006435699760914
3.57929971144092,2.342467802472285,1.6232499131847122,69.0400952783731,0.09673739969730377,-0.7254460453987122,1.0,0.04991311696358025
3.57929971144092,2.342467802472285,1.6232499131847122,69.09014749558095,0.10725700855255127,-0.7290776371955872,1.0,0.050052217207849026
3.578905118171034,2.360086887101744,1.5356184514370395,69.1401302875803,0.08931030333042145,-0.6703062057495117,1.0,0.04998279199935496
3.578905118171034,2.360086887101744,1.5356184514370395,69.19014486142818,0.10004490613937378,-0.6959922313690186,1.0,0.050014573847875
3.578967281131797,2.3702096210514965,1.4754272994329232,69.24013295242015,0.09845440089702606,-0.629837691783905,1.0,0.04998809099197388
3.578967281131797,2.3702096210514965,1.4754272994329232,69.29022226443898,0.10968445241451263,-0.6781952977180481,1.0,0.050089312018826604
3.579504740470226,2.3813238289195593,1.415230050394358,69.3401129113828,0.10708712041378021,-0.5763986706733704,1.0,0.0498906469438225
3.579504740470226,2.3813238289195593,1.415230050394358,69.39001811839093,0.11834940314292908,-0.6425098776817322,1.0,0.0499052070081234
3.580614404052743,2.390164752816156,1.3543437156707814,69.44010263852228,0.11045075953006744,-0.07637450098991394,1.0,0.050084520131349564
3.580614404052743,2.390164752816156,1.3543437156707814,69.49010246860247,0.11511173099279404,-0.15569709241390228,1.0,0.04999983008019626
3.5827219946286277,2.404910945960741,1.2956319243531593,69.54012031558354,0.11598211526870728,0.024907993152737617,1.0,0.050017846981063485
3.5827219946286277,2.404910945960741,1.2956319243531593,69.59012276337866,0.12184672802686691,-0.038865312933921814,1.0,0.05000244779512286
3.5859368822807878,2.415987655276154,1.2576869320366793,69.64013803641696,0.11972278356552124,0.11674515902996063,1.0,0.05001527303829789
3.5859368822807878,2.415987655276154,1.2576869320366793,69.69010124340106,0.12642993032932281,0.05408775806427002,1.0,0.049963206984102726
3.5892377250659697,2.4277338362758134,1.2544552273849594,69.74005178044003,0.09645888209342957,0.2998883128166199,1.0,0.04995053703896701
3.5892377250659697,2.4277338362758134,1.2544552273849594,69.79866286747541,0.10561741888523102,0.24148407578468323,1.0,0.058611087035387754
3.5892377250659697,2.4277338362758134,1.2544552273849594,69.8400034993739,0.11697626113891602,0.17715829610824585,1.0,0.041340631898492575
3.5936312719966597,2.4390795794934044,1.2579822454803247,69.8904972605725,0.06983524560928345,0.6447994112968445,1.0,0.050493761198595166
3.5936312719966597,2.4390795794934044,1.2579822454803247,69.94010634146083,0.0874451994895935,0.6094560027122498,1.0,0.049609080888330936
3.597587910691652,2.4507498852451453,1.2770748133181435,69.99015337050345,0.06926079094409943,0.6399893760681152,1.0,0.05004702904261649
3.597587910691652,2.4507498852451453,1.2770748133181435,70.04017561239574,0.08694937825202942,0.6020122766494751,1.0,0.050022241892293096
3.6008542987086627,2.4628768377243837,1.299822774197521,70.0901422054359,0.05648767948150635,0.6788870692253113,1.0,0.049966593040153384
3.6008542987086627,2.4628768377243837,1.299822774197521,70.14008892055985,0.06767737120389938,0.6798975467681885,1.0,0.049946715123951435
3.602980661889024,2.475590404673692,1.3541629309180303,70.19009971556638,0.0565253421664238,0.6800006031990051,1.0,0.0500107950065285
3.602980661889024,2.475590404673692,1.3541629309180303,70.24010241249029,0.06772518157958984,0.6810120940208435,1.0,0.05000269692391157
3.605092748037255,2.48401961872905,1.4089640362505984,70.29003864837263,0.05645599216222763,0.6810795664787292,1.0,0.04993623588234186
3.605092748037255,2.48401961872905,1.4089640362505984,70.34023785040166,0.06699763238430023,0.6818550825119019,1.0,0.050199202029034495
3.6062054557144143,2.49030106379191,1.4638528657163694,70.39002213355538,0.055201709270477295,0.6814297437667847,1.0,0.04978428315371275
3.6062054557144143,2.49030106379191,1.4638528657163694,70.44003225451719,0.06370455026626587,0.6726114749908447,1.0,0.05001012096181512
3.607053730809617,2.4991436190300753,1.5221683751728015,70.49003495539922,0.04881291091442108,0.6649104356765747,1.0,0.050002700882032514
3.607053730809617,2.4991436190300753,1.5221683751728015,70.54022006442223,0.059280842542648315,0.636096179485321,1.0,0.05018510902300477
3.6074048355264114,2.5039264437162894,1.579336357681762,70.59006225441966,0.07601018249988556,0.509558916091919,1.0,0.049842189997434616
3.6074048355264114,2.5039264437162894,1.579336357681762,70.6401402804387,0.0855834037065506,0.4363477826118469,1.0,0.05007802601903677
3.6074477109880028,2.511590236903498,1.6365610036657785,70.6918536134382,0.07270850241184235,0.35296744108200073,1.0,0.05171333299949765
3.6074477109880028,2.511590236903498,1.6365610036657785,70.74004895550583,0.08302423357963562,0.24985989928245544,1.0,0.0481953420676291
3.6074477109880028,2.511590236903498,1.6365610036657785,70.79038050243084,0.09016592800617218,0.15605208277702332,1.0,0.0503315469250083
3.6074477109880028,2.511590236903498,1.6365610036657785,70.8402489475758,0.09787949919700623,0.06770557165145874,1.0,0.049868445144966245
3.6058788459013678,2.5321057684269808,1.7207893339691211,70.8900331834649,0.07727289199829102,0.11566781997680664,1.0,0.04978423588909209
3.6058788459013678,2.5321057684269808,1.7207893339691211,70.94001826651778,0.08485335111618042,0.0394742488861084,1.0,0.04998508305288851
3.6058788459013678,2.5321057684269808,1.7207893339691211,70.99001042249996,0.09196129441261292,-0.035680100321769714,1.0,0.04999215598218143
3.6058788459013678,2.5321057684269808,1.7207893339691211,71.03999660055537,0.09943186491727829,-0.11849868297576904,1.0,0.04998617805540562
3.60387012644274,2.551158281165454,1.7430669259899039,71.08998794838239,0.08034920692443848,0.13667082786560059,1.0,0.04999134782701731
3.60387012644274,2.551158281165454,1.7430669259899039,71.1400029715934,0.08878530561923981,0.04186868667602539,1.0,0.05001502321101725
3.60387012644274,2.551158281165454,1.7430669259899039,71.1901044515745,0.09743528068065643,-0.07278022170066833,1.0,0.0501014799810946
3.60387012644274,2.551158281165454,1.7430669259899039,71.2400304245149,0.10618573427200317,-0.1851096749305725,1.0,0.04992597294040024
3.6001733367442132,2.5690436631378977,1.7430599081167761,71.29000813847792,0.07787811011075974,-0.41005071997642517,1.0,0.04997771396301687
3.6001733367442132,2.5690436631378977,1.7430599081167761,71.34000796646264,0.08872055262327194,-0.5043924450874329,1.0,0.04999982798472047
3.6001733367442132,2.5690436631378977,1.7430599081167761,71.39002451448154,0.09923577308654785,-0.58857661485672,1.0,0.05001654801890254
3.6001733367442132,2.5690436631378977,1.7430599081167761,71.43999135944445,0.10901689529418945,-0.643964946269989,1.0,0.04996684496290982
3.5962912427558935,2.5912376082600383,1.7035650499010573,71.49014734554488,0.09040946513414383,-0.3066026270389557,1.0,0.05015598610043526
3.5962912427558935,2.5912376082600383,1.7035650499010573,71.5399895164502,0.10089060664176941,-0.39185014367103577,1.0,0.049842170905321836
3.5962912427558935,2.5912376082600383,1.7035650499010573,71.59013868643355,0.11107464134693146,-0.4652012884616852,1.0,0.05014916998334229
3.5946874899442056,2.600868752828798,1.6490937825510974,71.64018427658279,0.1074439287185669,-0.23380720615386963,1.0,0.050045590149238706
3.5946874899442056,2.600868752828798,1.6490937825510974,71.69023974154528,0.11618317663669586,-0.32469016313552856,1.0,0.050055464962497354
3.5946874899442056,2.600868752828798,1.6490937825510974,71.74000395143788,0.1261674016714096,-0.40981271862983704,1.0,0.049764209892600775
3.5946874899442056,2.600868752828798,1.6490937825510974,71.7903380285335,0.1356656402349472,-0.4933070242404938,1.0,0.050334077095612884
3.593813515273379,2.6257865973771626,1.5817649340583508,71.8400385063925,0.12075774371623993,-0.033969998359680176,1.0,0.04970047785900533
3.593813515273379,2.6257865973771626,1.5817649340583508,71.89472282848705,0.12877148389816284,-0.1262054741382599,1.0,0.05468432209454477
3.593253316005408,2.641118442481615,1.5528073408660672,71.94011320041876,0.116356760263443,0.24534523487091064,1.0,0.0453903719317168
3.593253316005408,2.641118442481615,1.5528073408660672,71.99074343949009,0.12412858009338379,0.16716858744621277,1.0,0.05063023907132447
3.593211258960651,2.6557050686524626,1.5209736117752097,72.04023135158617,0.12155693769454956,0.35529282689094543,1.0,0.049487912096083164
3.593211258960651,2.6557050686524626,1.5209736117752097,72.0902195964792,0.13071876764297485,0.2647759020328522,1.0,0.04998824489302933
3.594306721812107,2.6701581596887105,1.5226243487712279,72.14001873841893,0.10511420667171478,0.5261408686637878,1.0,0.04979914193972945
3.594306721812107,2.6701581596887105,1.5226243487712279,72.19019788138952,0.11554238200187683,0.4441740810871124,1.0,0.050179142970591784
3.595285214673416,2.683765448592958,1.5444014920448692,72.2400938503762,0.10869449377059937,0.4844400882720947,1.0,0.04989596898667514
3.595285214673416,2.683765448592958,1.5444014920448692,72.29033266155433,0.11872823536396027,0.39932599663734436,1.0,0.05023881117813289
3.5941799048785708,2.6980993561803066,1.5800608104594227,72.34009043740492,0.09269377589225769,0.5605185031890869,1.0,0.049757775850594044
3.5941799048785708,2.6980993561803066,1.5800608104594227,72.39025923850399,0.10431849956512451,0.48290249705314636,1.0,0.050168801099061966
3.593899801280541,2.70960730113875,1.6226348035406222,72.44021051245194,0.10070574283599854,0.4608117938041687,1.0,0.04995127394795418
3.593899801280541,2.70960730113875,1.6226348035406222,72.49011785544839,0.11032502353191376,0.3672446608543396,1.0,0.04990734299644828
3.593173301411298,2.718842737769472,1.666946480864025,72.5399795075265,0.1047896146774292,0.32341694831848145,1.0,0.049861652078107
3.593173301411298,2.718842737769472,1.666946480864025,72.5902216425949,0.10959039628505707,0.22232910990715027,1.0,0.050242135068401694
3.591119679778405,2.728956560432144,1.7076743489043507,72.6399915684798,0.09377727657556534,-0.3381814658641815,1.0,0.04976992588490248
3.591119679778405,2.728956560432144,1.7076743489043507,72.68999596553307,0.09913424402475357,-0.43199822306632996,1.0,0.05000439705327153
3.5878674677881794,2.742435852812807,1.7346382789700339,72.74055190159392,0.09213043004274368,-0.4232972264289856,1.0,0.05055593606084585
3.5878674677881794,2.742435852812807,1.7346382789700339,72.79016101158608,0.09756521135568619,-0.5194398760795593,1.0,0.04960910999216139
3.5853900744092404,2.753810522702076,1.7222769914965699,72.84014586041134,0.09283167123794556,-0.39131268858909607,1.0,0.049984848825261
3.5853900744092404,2.753810522702076,1.7222769914965699,72.8940765714125,0.09810921549797058,-0.4882469177246094,1.0,0.05393071100115776
3.5853900744092404,2.753810522702076,1.7222769914965699,72.9399943094087,0.10549198091030121,-0.5490679144859314,1.0,0.04591773799620569
3.5853900744092404,2.753810522702076,1.7222769914965699,72.98999188545544,0.11240729689598083,-0.5977969169616699,1.0,0.04999757604673505
3.5825816390442804,2.771171574900752,1.647052501150161,73.03998507543851,0.09750384092330933,-0.16730289161205292,1.0,0.0499931899830699
3.5825816390442804,2.771171574900752,1.647052501150161,73.09011481756728,0.10299957543611526,-0.2673369348049164,1.0,0.050129742128774524
3.5825816390442804,2.771171574900752,1.647052501150161,73.14038205247756,0.06737478077411652,-0.32981109619140625,1.0,0.05026723491027951
3.5815217038833995,2.783546424317621,1.6003781749840038,73.19000701753806,0.04521225392818451,-0.4746078550815582,1.0,0.04962496506050229
3.5815217038833995,2.783546424317621,1.6003781749840038,73.24014904148329,0.053243041038513184,-0.5509647727012634,1.0,0.050142023945227265
3.5813858133169756,2.795517239588249,1.5719555309992999,73.29004785146948,0.04741339385509491,-0.4650833308696747,1.0,0.04989880998618901
3.5813858133169756,2.795517239588249,1.5719555309992999,73.34002552538563,0.05534724146127701,-0.5481132864952087,1.0,0.04997767391614616
3.5813858133169756,2.795517239588249,1.5719555309992999,73.39011972242419,0.06368768215179443,-0.6267675161361694,1.0,0.050094197038561106
3.5813858133169756,2.795517239588249,1.5719555309992999,73.44012737957213,0.0734557956457138,-0.6997879147529602,1.0,0.050007657147943974
3.581524059317534,2.8118976227996275,1.4958141328368064,73.49029022649314,0.05490442365407944,-0.4556037485599518,1.0,0.050162846921011806
3.581524059317534,2.8118976227996275,1.4958141328368064,73.54021928653505,0.0624670535326004,-0.5271255373954773,1.0,0.04992906004190445
3.582036840379509,2.820797472416856,1.4472031426288283,73.59010823358234,0.07939445227384567,-0.5249879956245422,1.0,0.049888947047293186
3.582036840379509,2.820797472416856,1.4472031426288283,73.64005305253353,0.08968743681907654,-0.5805521011352539,1.0,0.04994481895118952
3.5833305750917455,2.8305597885057803,1.3949919473831383,73.69012989647139,0.08858589828014374,0.006003828719258308,1.0,0.05007684393785894
3.5833305750917455,2.8305597885057803,1.3949919473831383,73.74016471843619,0.09326550364494324,-0.07229554653167725,1.0,0.05003482196480036
3.585584365369829,2.835357687088107,1.3397699227981748,73.7901031005514,0.09342896938323975,0.10248632729053497,1.0,0.04993838211521506
3.585584365369829,2.835357687088107,1.3397699227981748,73.84001118441496,0.09936441481113434,0.038619041442871094,1.0,0.049908083863556385
3.585584365369829,2.835357687088107,1.3397699227981748,73.89008909541566,0.10553483664989471,-0.03168024122714996,1.0,0.050077911000698805
3.585584365369829,2.835357687088107,1.3397699227981748,73.94001478639815,0.11181291192770004,-0.09840762615203857,1.0,0.04992569098249078
3.590839513378355,2.852664456535696,1.3121823588197943,73.9904100094774,0.08976750075817108,0.19675299525260925,1.0,0.05039522307924926
3.590839513378355,2.852664456535696,1.3121823588197943,74.04004207750235,0.09900763630867004,0.1378289759159088,1.0,0.04963206802494824
3.5933670220611953,2.8628985191628624,1.310075460053403,74.0907228685302,0.057880938053131104,0.6205372214317322,1.0,0.05068079102784395
3.5933670220611953,2.8628985191628624,1.310075460053403,74.1400269014613,0.07541243731975555,0.5830855965614319,1.0,0.0493040329311043
3.5933670220611953,2.8628985191628624,1.310075460053403,74.19004176937428,0.09456877410411835,0.5414421558380127,1.0,0.050014867912977934
3.5933670220611953,2.8628985191628624,1.310075460053403,74.24008345052984,0.11411595344543457,0.4983731806278229,1.0,0.0500416811555624
3.5933670220611953,2.8628985191628624,1.310075460053403,74.29009933242027,0.1253475546836853,0.43298786878585815,1.0,0.050015881890431046
3.5969654710926164,2.8786558970933327,1.359757671035872,74.3401736885627,0.10926029086112976,0.4134872257709503,1.0,0.0500743561424315
3.5969654710926164,2.8786558970933327,1.359757671035872,74.39054403042805,0.12020009756088257,0.3460911214351654,1.0,0.050370341865345836
3.5969654710926164,2.8786558970933327,1.359757671035872,74.44008474455599,0.1312044858932495,0.2782958745956421,1.0,0.04954071412794292
3.5969654710926164,2.8786558970933327,1.359757671035872,74.490113892438,0.14114084839820862,0.2101128101348877,1.0,0.05002914788201451
3.5995534184179445,2.89972187350209,1.4444833184308423,74.54014216045302,0.10055719316005707,0.27148106694221497,1.0,0.050028268015012145
3.5995534184179445,2.89972187350209,1.4444833184308423,74.59002029344823,0.11124499142169952,0.21067461371421814,1.0,0.04987813299521804
3.5997266444153335,2.9124137333766207,1.4745085132014295,74.64003311943647,0.07524122297763824,0.39593955874443054,1.0,0.05001282598823309
3.5997266444153335,2.9124137333766207,1.4745085132014295,74.69028156957042,0.08525063097476959,0.33874717354774475,1.0,0.05024845013394952
3.599098096496169,2.9253636381270316,1.49689941268005,74.74013395056512,0.07081101834774017,0.3883223235607147,1.0,0.049852380994707346
3.599098096496169,2.9253636381270316,1.49689941268005,74.79070794357371,0.08099108934402466,0.32218286395072937,1.0,0.050573993008583784
3.599098096496169,2.9253636381270316,1.49689941268005,74.84006085347768,0.09134058654308319,0.24183011054992676,1.0,0.04935290990397334
3.599098096496169,2.9253636381270316,1.49689941268005,74.89001596144784,0.09936925768852234,0.15981051325798035,1.0,0.049955107970163226
3.600022438714283,2.940965448705457,1.5543445161388294,74.94011075453285,0.0779954046010971,0.09237590432167053,1.0,0.05009479308500886
3.600022438714283,2.940965448705457,1.5543445161388294,74.99015665155288,0.08347167074680328,-0.0021427851170301437,1.0,0.05004589702002704
3.600022438714283,2.940965448705457,1.5543445161388294,75.04013869057793,0.08958590030670166,-0.08172322809696198,1.0,0.04998203902505338
3.600022438714283,2.940965448705457,1.5543445161388294,75.09011843645398,0.09637545049190521,-0.17111694812774658,1.0,0.049979745876044035
3.5988380938272546,2.958544404286593,1.587216939189087,75.14003978747327,0.06506319344043732,0.00171557255089283,1.0,0.04992135101929307
3.5988380938272546,2.958544404286593,1.587216939189087,75.19006412949797,0.07178914546966553,-0.08547866344451904,1.0,0.050024342024698853
3.5988380938272546,2.958544404286593,1.587216939189087,75.24021068246488,0.07941766083240509,-0.17859527468681335,1.0,0.05014655296690762
3.5988380938272546,2.958544404286593,1.587216939189087,75.2902133984809,0.08729184418916702,-0.27793827652931213,1.0,0.05000271601602435
3.5979631180333653,2.975863319030747,1.5747342502490995,75.34013491038617,0.06736098229885101,0.05075491964817047,1.0,0.049921511905267835
3.5979631180333653,2.975863319030747,1.5747342502490995,75.39002944746439,0.07592561841011047,-0.06070166826248169,1.0,0.04989453707821667
3.5979631180333653,2.975863319030747,1.5747342502490995,75.44004394540947,0.08524051308631897,-0.16972148418426514,1.0,0.05001449794508517
3.5979631180333653,2.975863319030747,1.5747342502490995,75.49011470944073,0.09442377090454102,-0.2848818898200989,1.0,0.050070764031261206
3.5984195893219573,2.99197338086833,1.554237888162515,75.54002187059645,0.07806050777435303,0.05407847464084625,1.0,0.049907161155715585
3.5984195893219573,2.99197338086833,1.554237888162515,75.59009465350222,0.0873241126537323,-0.06029035151004791,1.0,0.05007278290577233
3.5984195893219573,2.99197338086833,1.554237888162515,75.64004700452473,0.09679875522851944,-0.16977733373641968,1.0,0.04995235102251172
3.5984195893219573,2.99197338086833,1.554237888162515,75.69004153957043,0.10596618056297302,-0.2737317383289337,1.0,0.049994535045698285
3.598665044384841,3.0083134792590496,1.5276905223591373,75.74004571240779,0.10532186180353165,-0.11619670689105988,1.0,0.05000417283736169
3.598665044384841,3.0083134792590496,1.5276905223591373,75.79000764650677,0.11401786655187607,-0.19180934131145477,1.0,0.04996193409897387
3.598665044384841,3.0083134792590496,1.5276905223591373,75.840081788445,0.12289020419120789,-0.26718494296073914,1.0,0.050074141938239336
3.598665044384841,3.0083134792590496,1.5276905223591373,75.89000124445569,0.1322934329509735,-0.33950546383857727,1.0,0.04991945601068437
3.598665044384841,3.0083134792590496,1.5276905223591373,75.94030550642323,0.14228062331676483,-0.4024498462677002,1.0,0.05030426196753979
3.599417595746225,3.0290969391317684,1.4976625877654772,75.99019991754007,0.12959074974060059,-0.036988288164138794,1.0,0.049894411116838455
3.599417595746225,3.0290969391317684,1.4976625877654772,76.04024194538046,0.13760755956172943,-0.10357269644737244,1.0,0.0500420278403908
3.6010637649856507,3.0413497845211306,1.471698428307154,76.09025310453411,0.12820468842983246,0.25437724590301514,1.0,0.05001115915365517
3.6010637649856507,3.0413497845211306,1.471698428307154,76.14010485944722,0.13606490194797516,0.18305812776088715,1.0,0.04985175491310656
3.6021487200627664,3.054045401785297,1.449456194785314,76.19009505941916,0.13605104386806488,0.3508729338645935,1.0,0.049990199971944094
3.6021487200627664,3.054045401785297,1.449456194785314,76.24023056946147,0.14506927132606506,0.28308728337287903,1.0,0.05013551004230976
3.6046860277130617,3.0664484170592443,1.4503726554768532,76.29009906652767,0.1371815800666809,0.37399566173553467,1.0,0.04986849706619978
3.6046860277130617,3.0664484170592443,1.4503726554768532,76.34009703652386,0.1438279151916504,0.2994619309902191,1.0,0.04999796999618411
3.6062814279681557,3.080699294209835,1.4734406831569997,76.39027152358007,0.11543001234531403,0.6802155375480652,1.0,0.05017448705621064
3.6062814279681557,3.080699294209835,1.4734406831569997,76.44005723957356,0.13045552372932434,0.6522706747055054,1.0,0.049785715993493795
3.6075852682057112,3.09570159043325,1.500700818009292,76.4900368585569,0.10093195736408234,0.6860132813453674,1.0,0.049979618983343244
3.6075852682057112,3.09570159043325,1.500700818009292,76.54002931558911,0.11230592429637909,0.6864603161811829,1.0,0.049992457032203674
3.607816262351541,3.110686499384614,1.5450575503969701,76.59011828348424,0.11085408926010132,0.6826896071434021,1.0,0.050088967895135283
3.607816262351541,3.110686499384614,1.5450575503969701,76.64005516337615,0.12750281393527985,0.6870061755180359,1.0,0.04993687989190221
3.6083026792725357,3.1217032385082386,1.601200210823657,76.69009481448133,0.11042143404483795,0.68559330701828,1.0,0.05003965110518038
3.6083026792725357,3.1217032385082386,1.601200210823657,76.74009822549682,0.1221705824136734,0.6632742285728455,1.0,0.05000341101549566
3.6074038861038367,3.135232789044244,1.6606782609049533,76.79000685558107,0.09697279334068298,0.6486144661903381,1.0,0.0499086300842464
3.6074038861038367,3.135232789044244,1.6606782609049533,76.84001955444377,0.10862405598163605,0.6044979691505432,1.0,0.050012698862701654
3.6074099778132167,3.14414970387159,1.7171236569820265,76.89014155355666,0.09552806615829468,0.5674685835838318,1.0,0.05012199911288917
3.6074099778132167,3.14414970387159,1.7171236569820265,76.94012723149184,0.10602185130119324,0.5219200253486633,1.0,0.04998567793518305
3.6050509550354377,3.1559608690214147,1.7735223943725376,76.99235144754324,0.07967641949653625,0.4672158658504486,1.0,0.05222421605139971
3.6050509550354377,3.1559608690214147,1.7735223943725376,77.03998625356157,0.08419060707092285,0.4029403030872345,1.0,0.047634806018322706
3.60314224220231,3.1650310991629533,1.8254884848468746,77.09005019146402,0.0650484710931778,0.2898121476173401,1.0,0.05006393790245056
3.60314224220231,3.1650310991629533,1.8254884848468746,77.14014523344498,0.06928053498268127,0.19873139262199402,1.0,0.050095041980966926
3.60314224220231,3.1650310991629533,1.8254884848468746,77.19192418557044,0.07388569414615631,0.11212876439094543,1.0,0.05177895212545991
3.60314224220231,3.1650310991629533,1.8254884848468746,77.24016233937267,0.07799321413040161,0.02108714170753956,1.0,0.048238153802230954
3.60314224220231,3.1650310991629533,1.8254884848468746,77.29004840141546,0.08177056163549423,-0.06278671324253082,1.0,0.04988606204278767
3.5997099032681192,3.180012325038408,1.8967971154687688,77.34010878143285,0.05613471567630768,-0.16443407535552979,1.0,0.05006038001738489
3.5997099032681192,3.180012325038408,1.8967971154687688,77.39020730958704,0.061360448598861694,-0.23737558722496033,1.0,0.050098528154194355
3.5997099032681192,3.180012325038408,1.8967971154687688,77.44002664842095,0.06650616973638535,-0.3088180124759674,1.0,0.04981933883391321
3.5997099032681192,3.180012325038408,1.8967971154687688,77.49017394458328,0.07339487969875336,-0.3780081570148468,1.0,0.050147296162322164
3.5955604506816807,3.196323132031017,1.8948592397920225,77.54006154447247,0.05022601783275604,-0.2810782492160797,1.0,0.049887599889189005
3.5955604506816807,3.196323132031017,1.8948592397920225,77.59053155252163,0.05624961107969284,-0.3558824956417084,1.0,0.05047000804916024
3.5955604506816807,3.196323132031017,1.8948592397920225,77.64013977053959,0.06362157315015793,-0.42349404096603394,1.0,0.049608218017965555
3.5955604506816807,3.196323132031017,1.8948592397920225,77.69025594259996,0.07086759805679321,-0.4899514317512512,1.0,0.050116172060370445
3.591627934874879,3.209087549614904,1.8383405848629575,77.74008803240407,0.053929902613162994,-0.3162541687488556,1.0,0.04983208980411291
3.591627934874879,3.209087549614904,1.8383405848629575,77.79033381755848,0.06074517220258713,-0.3854515552520752,1.0,0.050245785154402256
3.591627934874879,3.209087549614904,1.8383405848629575,77.84010931554634,0.06808000057935715,-0.45319926738739014,1.0,0.0497754979878664
3.591627934874879,3.209087549614904,1.8383405848629575,77.89076454945292,0.07539098709821701,-0.5205475091934204,1.0,0.050655233906582
3.5877579428397786,3.223552374477934,1.7701437121848267,77.94002058155287,0.05820599943399429,-0.2743876874446869,1.0,0.04925603209994733
3.5877579428397786,3.223552374477934,1.7701437121848267,77.99046138542157,0.06538192927837372,-0.3432636857032776,1.0,0.050440803868696094
3.5877579428397786,3.223552374477934,1.7701437121848267,78.04016819860239,0.07353031635284424,-0.4166392982006073,1.0,0.049706813180819154
3.5877579428397786,3.223552374477934,1.7701437121848267,78.09003544839483,0.08181184530258179,-0.48160961270332336,1.0,0.049867249792441726
3.5870507289333564,3.236473959626212,1.6928380670293062,78.13999438945588,0.08240178227424622,-0.12108653783798218,1.0,0.0499589410610497
3.5870507289333564,3.236473959626212,1.6928380670293062,78.18999958348844,0.08913525193929672,-0.2066197544336319,1.0,0.05000519403256476
3.5870507289333564,3.236473959626212,1.6928380670293062,78.2401996844766,0.09587042033672333,-0.29222023487091064,1.0,0.05020010098814964
3.5870507289333564,3.236473959626212,1.6928380670293062,78.29011094438296,0.10376065224409103,-0.36790457367897034,1.0,0.04991125990636647
3.5860323936944463,3.2540724662207774,1.6330355513036867,78.34012254149106,0.09843140840530396,0.0743747353553772,1.0,0.050011597108095884
3.5860323936944463,3.2540724662207774,1.6330355513036867,78.39012061137159,0.10527705401182175,-0.0012817364186048508,1.0,0.04999806988053024
3.5860323936944463,3.2540724662207774,1.6330355513036867,78.44026150352705,0.11192946881055832,-0.0659482479095459,1.0,0.050140892155468464
3.5860323936944463,3.2540724662207774,1.6330355513036867,78.49015327550855,0.11861081421375275,-0.1342875361442566,1.0,0.04989177198149264
3.585528817278738,3.2717385029728656,1.5972287168281198,78.54004972342786,0.10733914375305176,0.3105757534503937,1.0,0.04989644791930914
3.585528817278738,3.2717385029728656,1.5972287168281198,78.59022473342169,0.1171780675649643,0.25595393776893616,1.0,0.050175009993836284
3.585528817278738,3.2717385029728656,1.5972287168281198,78.63999010257807,0.1244950145483017,0.19665595889091492,1.0,0.04976536915637553
3.584019807636323,3.2817546113099496,1.589248812681293,78.690095477583,0.11586076021194458,0.3234027028083801,1.0,0.050105375004932284
3.5840440865317342,3.29278170274658,1.6050551924414074,78.74012542151299,0.09728209674358368,0.4936906397342682,1.0,0.050029943929985166
3.5840440865317342,3.29278170274658,1.6050551924414074,78.79072540237952,0.10618191957473755,0.46457257866859436,1.0,0.0505999808665365
3.5840440865317342,3.29278170274658,1.6050551924414074,78.84002549651463,0.11558222770690918,0.4263527989387512,1.0,0.04930009413510561
3.584057228208062,3.3004517897876444,1.6294374398129936,78.89007851140026,0.10120289027690887,0.48598209023475647,1.0,0.050053014885634184
3.584057228208062,3.3004517897876444,1.6294374398129936,78.93998174540151,0.11090824007987976,0.4242715835571289,1.0,0.049903234001249075
3.583015611892294,3.310486877797791,1.6724702845849502,78.9900046254826,0.09779313206672668,0.3971264064311981,1.0,0.05002288008108735
3.583015611892294,3.310486877797791,1.6724702845849502,79.04287529558327,0.10867983102798462,0.33041486144065857,1.0,0.05287067010067403
3.5818633138704628,3.3202627546535814,1.711562396354079,79.09005755240482,0.09793746471405029,0.33092471957206726,1.0,0.04718225682154298
3.5818633138704628,3.3202627546535814,1.711562396354079,79.14068533255171,0.1058443933725357,0.27287057042121887,1.0,0.05062778014689684
3.579973140300089,3.3299696744848033,1.74955042444438,79.19267768141266,0.09261412918567657,0.2618888318538666,1.0,0.05199234886094928
3.579973140300089,3.3299696744848033,1.74955042444438,79.24118544658099,0.10173960030078888,0.19147616624832153,1.0,0.04850776516832411
3.5788664038619453,3.34029380401452,1.7804671958120295,79.29023218139459,0.08859258890151978,0.27721190452575684,1.0,0.04904673481360078
3.5788664038619453,3.34029380401452,1.7804671958120295,79.34021477152977,0.09642575681209564,0.2193199247121811,1.0,0.04998259013518691
3.5788664038619453,3.34029380401452,1.7804671958120295,79.39066163155634,0.10428538918495178,0.15788137912750244,1.0,0.050446860026568174
3.5788664038619453,3.34029380401452,1.7804671958120295,79.44011227840942,0.11205002665519714,0.09233817458152771,1.0,0.04945064685307443
3.5746885208536305,3.3568831739100133,1.827915244695509,79.49022237149451,0.08864726126194,0.12532736361026764,1.0,0.050110093085095286
3.5746885208536305,3.3568831739100133,1.827915244695509,79.54034775037702,0.09776684641838074,0.06265541911125183,1.0,0.05012537888251245
3.5724126940303313,3.366151193962636,1.8403569013100973,79.59027704837185,0.09088589251041412,0.1270010769367218,1.0,0.049929297994822264
3.5724126940303313,3.366151193962636,1.8403569013100973,79.64008825745817,0.10067999362945557,0.07371097803115845,1.0,0.049811209086328745
3.5724126940303313,3.366151193962636,1.8403569013100973,79.69018563053955,0.11045102030038834,0.020546885207295418,1.0,0.05009737308137119
3.5724126940303313,3.366151193962636,1.8403569013100973,79.7399958824591,0.1195988580584526,-0.033306896686553955,1.0,0.049810251919552684
3.5658946990417295,3.387253287235404,1.8596258929366911,79.79001149543014,0.08695077896118164,0.14527273178100586,1.0,0.050015612971037626
3.5658946990417295,3.387253287235404,1.8596258929366911,79.84009511357557,0.09576854109764099,0.09143218398094177,1.0,0.05008361814543605
3.562015779829229,3.3980142348975764,1.8593366796791762,79.89059261543129,0.07085313647985458,-0.279555082321167,1.0,0.05049750185571611
3.562015779829229,3.3980142348975764,1.8593366796791762,79.94009967039723,0.07948490977287292,-0.35566335916519165,1.0,0.0495070549659431
3.562015779829229,3.3980142348975764,1.8593366796791762,79.99030167337891,0.08903904259204865,-0.420758992433548,1.0,0.05020200298167765
3.562015779829229,3.3980142348975764,1.8593366796791762,80.0401691704375,0.09821701049804688,-0.486730694770813,1.0,0.049867497058585286
3.562015779829229,3.3980142348975764,1.8593366796791762,80.09006473639432,0.10744521021842957,-0.5505447387695312,1.0,0.04989556595683098
3.5573918837177545,3.4138243571396827,1.8465638862799767,80.14012558556546,0.08195629715919495,-0.29685959219932556,1.0,0.05006084917113185
3.5573918837177545,3.4138243571396827,1.8465638862799767,80.19017868450295,0.09039562940597534,-0.36633893847465515,1.0,0.05005309893749654
3.5573918837177545,3.4138243571396827,1.8465638862799767,80.24003871538129,0.09942596405744553,-0.4320700466632843,1.0,0.04986003087833524
3.5573918837177545,3.4138243571396827,1.8465638862799767,80.29003019149799,0.10849859565496445,-0.496809720993042,1.0,0.04999147611670196
3.5536194784723687,3.4289899383513545,1.7704791583357746,80.34002458242152,0.11141609400510788,-0.248515322804451,1.0,0.04999439092352986
3.5536194784723687,3.4289899383513545,1.7704791583357746,80.39028175951366,0.11975890398025513,-0.3185783326625824,1.0,0.05025717709213495
3.5536194784723687,3.4289899383513545,1.7704791583357746,80.44000323543709,0.12931807339191437,-0.38161078095436096,1.0,0.0497214759234339
3.5536194784723687,3.4289899383513545,1.7704791583357746,80.49308439142455,0.13877512514591217,-0.4439708888530731,1.0,0.05308115598745644
3.551110454193477,3.447102922195952,1.69689711285211,80.54001313153107,0.12756013870239258,-0.023821530863642693,1.0,0.04692874010652304
3.551110454193477,3.447102922195952,1.69689711285211,80.59004625546198,0.1351274698972702,-0.0848272442817688,1.0,0.05003312393091619
3.549801893523988,3.4611216528522792,1.6631222062232573,80.63999168652494,0.11731581389904022,0.2575925290584564,1.0,0.049945431062951684
3.549801893523988,3.4611216528522792,1.6631222062232573,80.69027551550802,0.1263325959444046,0.19373033940792084,1.0,0.05028382898308337
3.5477931931370117,3.471476850995435,1.6439745217969066,80.74010894059587,0.11803306639194489,0.33103662729263306,1.0,0.049833425087854266
3.5477931931370117,3.471476850995435,1.6439745217969066,80.79004902447026,0.12852318584918976,0.27127888798713684,1.0,0.04994008387438953
3.5487181444633804,3.4826307036787836,1.6534122654078307,80.8401399085616,0.11552342772483826,0.3294278681278229,1.0,0.050090884091332555
3.5487181444633804,3.4826307036787836,1.6534122654078307,80.89012010752607,0.1257452368736267,0.2629106342792511,1.0,0.049980198964476585
3.547593998614578,3.4921634598025757,1.6780174341643366,80.94003170340706,0.08287057280540466,0.6651201248168945,1.0,0.04991159588098526
3.547593998614578,3.4921634598025757,1.6780174341643366,80.9901285915022,0.0958709716796875,0.6454870104789734,1.0,0.05009688809514046
3.545806865500623,3.503487500875413,1.7030481805032016,81.04007750850555,0.07735350728034973,0.6641594767570496,1.0,0.04994891700334847
3.545806865500623,3.503487500875413,1.7030481805032016,81.09024540948134,0.09160764515399933,0.6240521669387817,1.0,0.0501679009757936
3.543927088129158,3.512916808484889,1.7441867971326217,81.14002237639774,0.07859066128730774,0.5934010148048401,1.0,0.049776966916397214
3.543927088129158,3.512916808484889,1.7441867971326217,81.19017906238709,0.09942394495010376,0.5284658670425415,1.0,0.05015668598935008
3.5424879329961563,3.520385635891093,1.8059874639937514,81.24003544341225,0.1048554927110672,0.26704466342926025,1.0,0.04985638102516532
3.5424879329961563,3.520385635891093,1.8059874639937514,81.29011699844536,0.11238452792167664,0.14824187755584717,1.0,0.05008155503310263
3.541964563696803,3.524039172758909,1.8558268376599467,81.34075165757362,0.10470148921012878,0.11394023895263672,1.0,0.05063465912826359
3.541964563696803,3.524039172758909,1.8558268376599467,81.39010694537696,0.1139158383011818,0.00190022774040699,1.0,0.04935528780333698
3.541964563696803,3.524039172758909,1.8558268376599467,81.44002902445767,0.1229536235332489,-0.10676306486129761,1.0,0.049922079080715775
3.541964563696803,3.524039172758909,1.8558268376599467,81.4900940524732,0.13240036368370056,-0.21038374304771423,1.0,0.05006502801552415
3.541964563696803,3.524039172758909,1.8558268376599467,81.54043267349165,0.1422935575246811,-0.31614652276039124,1.0,0.05033862101845443
3.536075086954747,3.54367469488746,1.8907985329797605,81.59009783140768,0.12475084513425827,-0.08951131999492645,1.0,0.04966515791602433
3.536075086954747,3.54367469488746,1.8907985329797605,81.64026167950045,0.13360291719436646,-0.1910918653011322,1.0,0.05016384809277952
3.53283852295273,3.5546738088917134,1.8766052554637431,81.69015096159104,0.16935384273529053,-0.10227590799331665,1.0,0.049889282090589404
3.53283852295273,3.5546738088917134,1.8766052554637431,81.74010593358811,0.1715698540210724,-0.15576213598251343,1.0,0.04995497199706733
3.5285057399556194,3.5654679928380077,1.8577604442645805,81.78999233859044,0.17060476541519165,0.17424137890338898,1.0,0.04988640500232577
3.5285057399556194,3.5654679928380077,1.8577604442645805,81.84000432149891,0.17281925678253174,0.13679349422454834,1.0,0.05001198290847242
3.5243168360043025,3.5783996951470725,1.844581226226285,81.89013104637537,0.15803290903568268,0.5112521648406982,1.0,0.05012672487646341
3.5243168360043025,3.5783996951470725,1.844581226226285,81.94150265453767,0.16359005868434906,0.4726536273956299,1.0,0.0513716081622988
3.5193011725135457,3.594024994642302,1.8453285881957426,81.99083583326069,0.13018909096717834,0.6524357199668884,0.9886457324028015,0.04989975388161838
3.5193011725135457,3.594024994642302,1.8453285881957426,82.03912901975664,0.13488854467868805,0.654019296169281,0.9900998473167419,0.04877607710659504
3.516312642641917,3.608711653900008,1.8748985945361962,82.0881834548722,0.10725869238376617,0.6487159729003906,0.9805294871330261,0.050028515979647636
3.516312642641917,3.608711653900008,1.8748985945361962,82.13716779470163,0.11207864433526993,0.6503345370292664,0.9820585250854492,0.04987924708984792
3.516312642641917,3.608711653900008,1.8748985945361962,82.18739911075954,0.11724163591861725,0.6517890691757202,0.9833484888076782,0.051081907004117966
3.5124169047639873,3.6202187102514296,1.9256762602079307,82.23858443356578,0.09470238536596298,0.6476895809173584,0.979587972164154,0.05225188983604312
3.5124169047639873,3.6202187102514296,1.9256762602079307,82.28682618377432,0.09980148077011108,0.649256706237793,0.9809004664421082,0.049181086011230946
3.5078858776479676,3.630925702821048,1.9831004588514005,82.33349979069583,0.08041748404502869,0.6480926275253296,0.9829866290092468,0.047481426037847996
3.5078858776479676,3.630925702821048,1.9831004588514005,82.3825855133957,0.08460145443677902,0.6484286189079285,0.9828341007232666,0.04994303989224136
3.5038157371841803,3.641391791039108,2.038297346872991,82.43190794569144,0.06823183596134186,0.6487495303153992,0.9839895367622375,0.050124956062063575
3.5038157371841803,3.641391791039108,2.038297346872991,82.48108395633152,0.07245093584060669,0.6490011811256409,0.9840688109397888,0.049972126027569175
3.5006513099672563,3.6473783154077344,2.094960196377008,82.53060918340842,0.06289553642272949,0.6494430303573608,0.9870269298553467,0.050176165997982025
3.5006513099672563,3.6473783154077344,2.094960196377008,82.58028440625388,0.06653010845184326,0.6495662927627563,0.9874337315559387,0.05030739912763238
3.495859795413116,3.6533828169182323,2.1507460876629176,82.62935388635664,0.055781275033950806,0.649430513381958,0.9915301203727722,0.049488642951473594
3.495859795413116,3.6533828169182323,2.1507460876629176,82.67886800391307,0.059382364153862,0.649552583694458,0.991933286190033,0.049916781950742006
3.4906064500214113,3.6618718401429917,2.207320229926127,82.72897723829782,0.043708980083465576,0.6496208310127258,0.9955080151557922,0.05033533996902406
3.4906064500214113,3.6618718401429917,2.207320229926127,82.77866698880806,0.0473862886428833,0.6497455835342407,0.9959197640419006,0.0498933270573616
3.4840973387197383,3.670294608402591,2.268427396743715,82.8284754346603,0.031371742486953735,0.649553120136261,1.0,0.04980844585224986
3.4840973387197383,3.670294608402591,2.268427396743715,82.87848869580901,0.035027146339416504,0.6496770977973938,1.0,0.05001326114870608
3.4795061277933264,3.6751954515886074,2.3269801690584,82.92846029074988,0.027018427848815918,0.6496493220329285,1.0,0.049971594940871
3.4795061277933264,3.6751954515886074,2.3269801690584,82.97844686787701,0.030065804719924927,0.6495739221572876,1.0,0.04998657712712884
3.4795061277933264,3.6751954515886074,2.3269801690584,83.02892624666109,0.03373420238494873,0.6496983170509338,1.0,0.05047937878407538
3.476159863882023,3.677915145342998,2.381663831073797,83.078514891771,0.03336017578840256,0.6506165862083435,1.0,0.04958864510990679
3.471202613690688,3.682331687056207,2.43704662082662,83.12852616175203,0.03199025243520737,0.652255117893219,1.0,0.05001126998104155
3.471202613690688,3.682331687056207,2.43704662082662,83.17952085482082,0.03447989374399185,0.6520220041275024,1.0,0.050994693068787456
3.466246773320944,3.68617487508586,2.490136347772985,83.2286170228397,0.03510666638612747,0.6533728241920471,1.0,0.049096168018877506
3.466246773320944,3.68617487508586,2.490136347772985,83.27844811170488,0.03754182904958725,0.6531093120574951,1.0,0.04983108886517584
3.466246773320944,3.68617487508586,2.490136347772985,83.32851920379451,0.0390460342168808,0.6498602032661438,1.0,0.050071092089638114
3.463451690592623,3.689421208257858,2.545224964360195,83.37849060478746,0.03319108486175537,0.6293497681617737,1.0,0.04997140099294484
3.463451690592623,3.689421208257858,2.545224964360195,83.42844384778417,0.030734464526176453,0.6127889752388,1.0,0.04995324299670756
3.4603552678206153,3.692302244938062,2.6045857171443956,83.47850569579876,0.027247965335845947,0.5242457985877991,1.0,0.050061848014593124
3.4603552678206153,3.692302244938062,2.6045857171443956,83.52843837868548,0.029960542917251587,0.47898441553115845,1.0,0.049932682886719704
3.4557827440540922,3.694204638205566,2.6617705809788927,83.57845984478607,0.03276564180850983,0.31486186385154724,1.0,0.05002146610058844
3.4557827440540922,3.694204638205566,2.6617705809788927,83.62860233369409,0.034341052174568176,0.2912091910839081,1.0,0.05014248890802264
3.4557827440540922,3.694204638205566,2.6617705809788927,83.67852558368011,0.03561766445636749,0.27156975865364075,1.0,0.04992324998602271
3.4557827440540922,3.694204638205566,2.6617705809788927,83.72845373684666,0.036669328808784485,0.2546390891075134,1.0,0.04992815316654742
3.4469921783449475,3.6983593836209523,2.7432358128891927,83.77859711982435,0.030439943075180054,0.06938718259334564,1.0,0.05014338297769427
3.4469921783449475,3.6983593836209523,2.7432358128891927,83.82855270765847,0.030227020382881165,0.05779758095741272,1.0,0.0499555878341198
3.4469921783449475,3.6983593836209523,2.7432358128891927,83.87846973477988,0.029993757605552673,0.04507797956466675,1.0,0.049917027121409774
3.4469921783449475,3.6983593836209523,2.7432358128891927,83.92852164581544,0.029604792594909668,0.03226134181022644,1.0,0.05005191103555262
3.4469921783449475,3.6983593836209523,2.7432358128891927,83.9784868698114,0.02921481430530548,0.019409136846661568,1.0,0.0499652239959687
3.4469921783449475,3.6983593836209523,2.7432358128891927,84.02863419973417,0.028877541422843933,0.021090717986226082,1.0,0.05014732992276549
3.4469921783449475,3.6983593836209523,2.7432358128891927,84.0785947438342,0.02854958176612854,0.025747643783688545,1.0,0.04996054410003126
3.4469921783449475,3.6983593836209523,2.7432358128891927,84.1285343657726,0.028222933411598206,0.030387582257390022,1.0,0.04993962193839252
3.4318958565138273,3.7040624596610634,2.785439375660205,84.18033476485996,0.020379289984703064,-0.10309384763240814,1.0,0.05180039908736944
3.4318958565138273,3.7040624596610634,2.785439375660205,84.22856567483521,0.019952133297920227,-0.10522925853729248,1.0,0.048230909975245595
3.4318958565138273,3.7040624596610634,2.785439375660205,84.27854574178471,0.019510418176651,-0.1095290333032608,1.0,0.049980066949501634
3.4318958565138273,3.7040624596610634,2.785439375660205,84.32853568866975,0.019058167934417725,-0.11484842002391815,1.0,0.04998994688503444
3.4318958565138273,3.7040624596610634,2.785439375660205,84.37862429474606,0.018586233258247375,-0.12342804670333862,1.0,0.050088606076315045
3.4318958565138273,3.7040624596610634,2.785439375660205,84.42853330876804,0.01806648075580597,-0.1398567408323288,1.0,0.04990901402197778
3.4318958565138273,3.7040624596610634,2.785439375660205,84.47855452480852,0.017617464065551758,-0.15538403391838074,1.0,0.05002121604047716
3.4318958565138273,3.7040624596610634,2.785439375660205,84.5285581158021,0.01722276210784912,-0.17026759684085846,1.0,0.0500035909935832
3.4318958565138273,3.7040624596610634,2.785439375660205,84.57868959088935,0.016828209161758423,-0.18514682352542877,1.0,0.05013147508725524
3.4318958565138273,3.7040624596610634,2.785439375660205,84.62848707577339,0.016458839178085327,-0.1994200050830841,1.0,0.04979748488403857
3.4318958565138273,3.7040624596610634,2.785439375660205,84.67855667681559,0.01600632071495056,-0.22800540924072266,1.0,0.050069601042196155
3.422084146586534,3.7090096672702564,2.745594574815132,84.72855415786742,0.012951590120792389,-0.25771838426589966,1.0,0.04999748105183244
3.422084146586534,3.7090096672702564,2.745594574815132,84.77977119768164,0.012241721153259277,-0.2982303500175476,1.0,0.05121703981421888
3.422084146586534,3.7090096672702564,2.745594574815132,84.82855918477415,0.01149168610572815,-0.34054824709892273,1.0,0.048787987092509866
3.422084146586534,3.7090096672702564,2.745594574815132,84.87858163272156,0.010825559496879578,-0.3824443519115448,1.0,0.05002244794741273
3.422084146586534,3.7090096672702564,2.745594574815132,84.92846585284113,0.01040579378604889,-0.43406781554222107,1.0,0.049884220119565725
3.422084146586534,3.7090096672702564,2.745594574815132,84.97847274677022,0.009928882122039795,-0.48655611276626587,1.0,0.050006893929094076
3.4159149101591924,3.709897528859332,2.674595464204757,85.02845199485435,0.009505942463874817,-0.5665876865386963,1.0,0.0499792480841279
3.4159149101591924,3.709897528859332,2.674595464204757,85.07845898680515,0.010119110345840454,-0.5943752527236938,1.0,0.050006991950795054
3.4159149101591924,3.709897528859332,2.674595464204757,85.12848077584184,0.010807573795318604,-0.6217646598815918,1.0,0.05002178903669119
3.4159149101591924,3.709897528859332,2.674595464204757,85.17888290677345,0.011858612298965454,-0.6471654176712036,1.0,0.05040213093161583
3.413573109149282,3.712333182297426,2.5978891488902507,85.22861278671897,0.013892121613025665,-0.51849764585495,1.0,0.049729879945516586
3.413573109149282,3.712333182297426,2.5978891488902507,85.27964197178497,0.014666356146335602,-0.5507103800773621,1.0,0.05102918506599963
3.408383868346203,3.7142640735605,2.5439413228500243,85.32850874574049,0.01442987471818924,-0.5188817381858826,1.0,0.04886677395552397
3.408383868346203,3.7142640735605,2.5439413228500243,85.37857722966126,0.015537917613983154,-0.5497549176216125,1.0,0.0500684839207679
3.408383868346203,3.7142640735605,2.5439413228500243,85.42853200282096,0.017714813351631165,-0.581066906452179,1.0,0.04995477315969765
3.408383868346203,3.7142640735605,2.5439413228500243,85.47851710473313,0.02012636512517929,-0.6117129921913147,1.0,0.04998510191217065
3.4098995483222527,3.713215881825915,2.447640374693105,85.52848293688274,0.028043165802955627,-0.5036535859107971,1.0,0.04996583214960992
3.4098995483222527,3.713215881825915,2.447640374693105,85.57866257974072,0.03056495636701584,-0.5250645875930786,1.0,0.05017964285798371
3.4077823003391594,3.7137228366583726,2.395339258364549,85.62856303281276,0.03316168487071991,-0.49135130643844604,1.0,0.04990045307204127
3.4077823003391594,3.7137228366583726,2.395339258364549,85.67853657468348,0.03537697345018387,-0.5134829878807068,1.0,0.049973541870713234
3.4077823003391594,3.7137228366583726,2.395339258364549,85.72852336182385,0.03810863196849823,-0.5178462266921997,1.0,0.049986787140369415
3.4077823003391594,3.7137228366583726,2.395339258364549,85.7785238708382,0.04117565602064133,-0.5220584273338318,1.0,0.050000509014353156
3.4016771345392414,3.718277775466295,2.30652534811846,85.82851569666653,0.04337524622678757,-0.29756444692611694,1.0,0.04999182582832873
3.4016771345392414,3.718277775466295,2.30652534811846,85.87856546775564,0.04601306468248367,-0.295678049325943,1.0,0.0500497710891068
3.4016771345392414,3.718277775466295,2.30652534811846,85.92854826278179,0.04865391552448273,-0.29378965497016907,1.0,0.049982795026153326
3.4016771345392414,3.718277775466295,2.30652534811846,85.97876106188758,0.05129125714302063,-0.29190313816070557,1.0,0.05021279910579324
3.396976543874454,3.7255633508443253,2.2261679174334312,86.02853766977913,0.05514413118362427,0.04674716293811798,1.0,0.0497766078915447
3.396976543874454,3.7255633508443253,2.2261679174334312,86.0784565497668,0.05807231366634369,0.049138158559799194,1.0,0.04991887998767197
3.396976543874454,3.7255633508443253,2.2261679174334312,86.12846588981463,0.0610087513923645,0.05153341591358185,1.0,0.050009340047836304
3.396976543874454,3.7255633508443253,2.2261679174334312,86.17852293080776,0.06392118334770203,0.05422103404998779,1.0,0.05005704099312425
3.396976543874454,3.7255633508443253,2.2261679174334312,86.23038260787851,0.06680093705654144,0.05725429952144623,1.0,0.051859677070751786
3.396976543874454,3.7255633508443253,2.2261679174334312,86.27853219872466,0.06978434324264526,0.06039714813232422,1.0,0.048149590846151114
3.396976543874454,3.7255633508443253,2.2261679174334312,86.32859715875364,0.07220208644866943,0.07030580937862396,1.0,0.0500649600289762
3.389083709581033,3.739089935839194,2.1991635925745165,86.37863563173576,0.034855104982852936,0.5670037865638733,1.0,0.050038472982123494
3.389083709581033,3.739089935839194,2.1991635925745165,86.42855333383321,0.0368831604719162,0.5826747417449951,1.0,0.049917702097445726
3.389083709581033,3.739089935839194,2.1991635925745165,86.47850253582126,0.03890617936849594,0.5983077883720398,1.0,0.0499492019880563
3.389083709581033,3.739089935839194,2.1991635925745165,86.52872815271965,0.04093058407306671,0.613950252532959,1.0,0.05022561689838767
3.3770680986524084,3.7535767932307675,2.2253610173858434,86.5785443697603,0.0,0.6857792139053345,1.0,0.049816217040643096
3.3770680986524084,3.7535767932307675,2.2253610173858434,86.62880123974881,0.0007102340459823608,0.686421275138855,1.0,0.05025686998851597
3.3729138748051306,3.7574686915572695,2.274421556289675,86.6785322128342,0.0,0.6875699758529663,1.0,0.04973097308538854
3.3729138748051306,3.7574686915572695,2.274421556289675,86.72862344570584,0.0,0.6882367730140686,1.0,0.05009123287163675
3.371702668670786,3.759348795862582,2.328516405970814,86.77861494487277,0.0,0.6894044876098633,1.0,0.04999149916693568
3.371702668670786,3.759348795862582,2.328516405970814,86.82905638367063,0.0,0.6900767683982849,1.0,0.05044143879786134
3.369571118507648,3.75928397021392,2.3843200449346047,86.87847341280556,0.0,0.6928442120552063,1.0,0.04941702913492918
3.369571118507648,3.75928397021392,2.3843200449346047,86.92862324472642,0.0,0.693314254283905,1.0,0.0501498319208622
3.367322859052829,3.7606163241501087,2.4492112657889864,86.97854452286973,0.0,0.6892747282981873,1.0,0.049921278143301606
3.367322859052829,3.7606163241501087,2.4492112657889864,87.02853465974457,0.0,0.693436324596405,1.0,0.049990136874839664
3.367320785564289,3.762705401345997,2.5114255327407813,87.0782642267657,0.003320544958114624,0.6948755979537964,1.0,0.049729567021131516
3.367320785564289,3.762705401345997,2.5114255327407813,87.12863563778936,0.005679219961166382,0.6981609463691711,1.0,0.050371411023661494
3.365701664920512,3.7633433364328543,2.5720178612126006,87.17843441488347,0.006477296352386475,0.683178722858429,1.0,0.049798777094110847
3.365701664920512,3.7633433364328543,2.5720178612126006,87.22859945576764,0.009015530347824097,0.686757504940033,1.0,0.050165040884166956
3.3657766910287705,3.7659824688643724,2.628604913902716,87.28635534979529,0.013819679617881775,0.6959506869316101,1.0,0.057755894027650356
3.3657766910287705,3.7659824688643724,2.628604913902716,87.32834558570883,0.017304614186286926,0.700988233089447,1.0,0.04199023591354489
3.3657766910287705,3.7659824688643724,2.628604913902716,87.37846851986959,0.02052891254425049,0.704465389251709,1.0,0.050122934160754085
3.3644319163335883,3.765735523677654,2.6868979844581857,87.4284060677526,0.02137427031993866,0.6858744621276855,1.0,0.04993754788301885
3.3670608867384084,3.7644772917039764,2.742655990739805,87.47844150276049,0.028465941548347473,0.6724600791931152,1.0,0.0500354350078851
3.3670608867384084,3.7644772917039764,2.742655990739805,87.52852854374922,0.033535197377204895,0.6762986779212952,1.0,0.050087040988728404
3.363541565731666,3.768179825928702,2.8014725774116505,87.57843800876415,0.035812124609947205,0.6748376488685608,1.0,0.04990946501493454
3.363541565731666,3.768179825928702,2.8014725774116505,87.62852260084017,0.04104416072368622,0.6789684891700745,1.0,0.05008459207601845
3.363541565731666,3.768179825928702,2.8014725774116505,87.67852344373367,0.04629676043987274,0.6830977201461792,1.0,0.050000842893496156
3.359388928290755,3.7709570310434413,2.8543310173740886,87.72845047488934,0.04664620757102966,0.6752638220787048,1.0,0.04992703115567565
3.359388928290755,3.7709570310434413,2.8543310173740886,87.77869994971095,0.05194081366062164,0.6793500781059265,1.0,0.05024947482161224
3.3564101165286586,3.773106625819312,2.9107601379296026,87.82841928568794,0.0569428950548172,0.6672140955924988,1.0,0.04971933597698808
3.3494571816494902,3.7737093236755324,2.9659269161589217,87.87864727466493,0.060266703367233276,0.5106995105743408,1.0,0.050227988976985216
3.3494571816494902,3.7737093236755324,2.9659269161589217,87.92839952777265,0.06510312855243683,0.5337647795677185,1.0,0.049752253107726574
3.3447090789836404,3.7733606154120425,3.0234231340338438,87.97864527381151,0.057354316115379333,0.29961952567100525,1.0,0.05024574603885412
3.3447090789836404,3.7733606154120425,3.0234231340338438,88.02882987875617,0.061026230454444885,0.3290742337703705,1.0,0.05018460494466126
3.3447090789836404,3.7733606154120425,3.0234231340338438,88.07843489069617,0.06082630157470703,-0.09350267052650452,1.0,0.04960501194000244
3.3447090789836404,3.7733606154120425,3.0234231340338438,88.12852339572399,0.06893755495548248,-0.1710420548915863,1.0,0.0500885050278157
3.3447090789836404,3.7733606154120425,3.0234231340338438,88.17847842080644,0.0771072655916214,-0.25069841742515564,1.0,0.049955025082454085
3.3309837929401294,3.773349592463041,3.09872842715588,88.22843030383936,0.07012154906988144,-0.36385229229927063,1.0,0.049951883032917976
3.3309837929401294,3.773349592463041,3.09872842715588,88.2853898607207,0.08014117926359177,-0.4404877722263336,1.0,0.05695955688133836
3.3309837929401294,3.773349592463041,3.09872842715588,88.32880030581853,0.09156037122011185,-0.527850866317749,1.0,0.04341044509783387
3.3309837929401294,3.773349592463041,3.09872842715588,88.37908294969364,0.09949000179767609,-0.5951545238494873,1.0,0.05028264387510717
3.3181523801627617,3.7737883129535477,3.063335842036639,88.42863242477304,0.0919436365365982,-0.39619070291519165,1.0,0.04954947507940233
3.3181523801627617,3.7737883129535477,3.063335842036639,88.47858625566712,0.1015889048576355,-0.4768484830856323,1.0,0.049953830894082785
3.3181523801627617,3.7737883129535477,3.063335842036639,88.52853077682792,0.11101226508617401,-0.5642277002334595,1.0,0.049944521160796285
3.3181523801627617,3.7737883129535477,3.063335842036639,88.5788833038894,0.1192224770784378,-0.624965488910675,1.0,0.050352527061477304
3.302313132909756,3.7751434388349336,2.9710648833214957,88.62851252183444,0.08809098601341248,-0.5962154269218445,1.0,0.04962921794503927
3.302313132909756,3.7751434388349336,2.9710648833214957,88.67846751082814,0.09593240916728973,-0.644156813621521,1.0,0.04995498899370432
3.2924822501099125,3.7731758094682535,2.9274594817302377,88.72845775387376,0.08758728206157684,-0.4975575804710388,1.0,0.04999024304561317
3.2924822501099125,3.7731758094682535,2.9274594817302377,88.77853041384495,0.09672778844833374,-0.5789400935173035,1.0,0.05007265997119248
3.282039140786083,3.7745095252668115,2.874685401347011,88.82843601876064,0.09807541966438293,-0.7059103846549988,1.0,0.0499056049156934
3.282039140786083,3.7745095252668115,2.874685401347011,88.87854456165931,0.1086895614862442,-0.7128213047981262,1.0,0.05010854289866984
3.2742527071848877,3.775565060655366,2.82331093705056,88.92845502272374,0.12743660807609558,-0.6804781556129456,1.0,0.04991046106442809
3.2742527071848877,3.775565060655366,2.82331093705056,88.97861271570562,0.13773782551288605,-0.6874891519546509,1.0,0.050157692981883883
3.2655840142464374,3.7782466229793474,2.7639551505131847,89.02851894367612,0.13524726033210754,-0.624182403087616,1.0,0.04990622797049582
3.2655840142464374,3.7782466229793474,2.7639551505131847,89.07905206279955,0.14433220028877258,-0.6468321084976196,1.0,0.05053311912342906
3.2655840142464374,3.7782466229793474,2.7639551505131847,89.12887321282304,0.154231458902359,-0.6532819867134094,1.0,0.04982115002349019
3.257145196527693,3.782326142903233,2.7005247982234106,89.1786388797698,0.15149718523025513,-0.5376198887825012,1.0,0.04976566694676876
3.257145196527693,3.782326142903233,2.7005247982234106,89.22847569370768,0.16214986145496368,-0.5855600237846375,1.0,0.04983681393787265
3.241802839332576,3.789793608672699,2.639044596411061,89.2786327836582,0.1415322870016098,0.2857755124568939,1.0,0.05015708995051682
3.241802839332576,3.789793608672699,2.639044596411061,89.32841880372851,0.14985384047031403,0.21108806133270264,1.0,0.04978602007031441
3.2315926844789473,3.794703646383636,2.5832737416582394,89.37845312673724,0.14790533483028412,0.4127557873725891,1.0,0.05003432300873101
3.2315926844789473,3.794703646383636,2.5832737416582394,89.42853224286935,0.15982231497764587,0.30132386088371277,1.0,0.05007911613211036
3.2207453292478436,3.802556242861588,2.5403179233459396,89.47851246278859,0.15496708452701569,0.4611123204231262,1.0,0.049980219919234514
3.2207453292478436,3.802556242861588,2.5403179233459396,89.52858218769668,0.16642233729362488,0.3547689914703369,1.0,0.05006972490809858
3.2080338231037966,3.8113118617075803,2.5706905945404914,89.57856191471345,0.08871854841709137,0.674952507019043,1.0,0.0499797270167619
3.2080338231037966,3.8113118617075803,2.5706905945404914,89.62855477966494,0.10194648802280426,0.6786051392555237,1.0,0.049992864951491356
3.1923199456435865,3.820666030631362,2.607093970398404,89.67854373282879,0.07365244626998901,0.6714833378791809,1.0,0.04998895316384733
3.1923199456435865,3.820666030631362,2.607093970398404,89.7286384507095,0.08709162473678589,0.6748027205467224,1.0,0.05009471788071096
3.1780657307821363,3.8263543041992807,2.648325187676372,89.77850677874065,0.07929135859012604,0.6726414561271667,1.0,0.04986832803115249
3.1780657307821363,3.8263543041992807,2.648325187676372,89.82868077871515,0.08954539895057678,0.6675342321395874,1.0,0.05017399997450411
3.1726343176850964,3.8287298274475,2.702145706391955,89.87848639777056,0.08022478222846985,0.6589564681053162,1.0,0.04980561905540526
3.1726343176850964,3.8287298274475,2.702145706391955,89.92852458786345,0.15021610260009766,0.6934755444526672,1.0,0.050038190092891455
3.166381354467765,3.831929470246619,2.758496424503718,89.97860863674558,0.14308683574199677,0.6924161314964294,1.0,0.05008404888212681
3.166381354467765,3.831929470246619,2.758496424503718,90.02847978482149,0.15122327208518982,0.6920009851455688,1.0,0.04987114807590842
3.1570017510858612,3.8352916658674845,2.8135953508743072,90.07837487976192,0.1376999467611313,0.690585196018219,1.0,0.04989509494043887
3.1570017510858612,3.8352916658674845,2.8135953508743072,90.12850761073767,0.14635524153709412,0.688829779624939,1.0,0.05013273097574711
3.146516284207952,3.837613480706108,2.8785187675549437,90.1788095187874,0.13303828239440918,0.6862285733222961,1.0,0.05030190804973245
3.146516284207952,3.837613480706108,2.8785187675549437,90.22870165188922,0.14566713571548462,0.6727539896965027,1.0,0.049892133101820946
3.146516284207952,3.837613480706108,2.8785187675549437,90.27851373269348,0.1589377373456955,0.6398939490318298,1.0,0.049812080804258585
3.130360806051295,3.8406397409708033,2.9392944635908083,90.328563842784,0.1268301159143448,0.6571610569953918,1.0,0.05005011009052396
3.130360806051295,3.8406397409708033,2.9392944635908083,90.3790586547473,0.1382518708705902,0.6146582365036011,1.0,0.050494811963289976
3.1159029301380583,3.8419909895258226,2.998114614376041,90.42857897267803,0.11658899486064911,0.5642833113670349,1.0,0.0495203179307282
3.1159029301380583,3.8419909895258226,2.998114614376041,90.47853655982888,0.12316834926605225,0.4867931008338928,1.0,0.04995758715085685
3.101660512614693,3.8431023474061026,3.0526369852941144,90.52848164374134,0.09278468787670135,0.42388975620269775,1.0,0.049945083912461996
3.101660512614693,3.8431023474061026,3.0526369852941144,90.57854478675998,0.0988171249628067,0.3475733697414398,1.0,0.05006314301863313
3.0913434372586504,3.8419825537171013,3.1034063692050564,90.62845183266452,0.07551290094852448,0.14945679903030396,1.0,0.049907045904546976
3.0913434372586504,3.8419825537171013,3.1034063692050564,90.67843203488863,0.0790489912033081,0.06936682760715485,1.0,0.0499802022241056
3.081692654585858,3.8404652766015532,-3.139903054088799,90.72290876884016,0.18272224068641663,-0.8,0.8893942832946777,0.05000789277255535
3.081692654585858,3.8404652766015532,-3.139903054088799,90.76793696508592,0.1868061125278473,-0.8,0.8904654383659363,0.05056703416630626
3.081692654585858,3.8404652766015532,-3.139903054088799,90.8120733623863,0.19048741459846497,-0.8,0.8913377523422241,0.04951702896505594
3.081692654585858,3.8404652766015532,-3.139903054088799,90.8568573251817,0.19409611821174622,-0.8,0.8921926021575928,0.05019539804197848
3.067445567063784,3.8367229317102938,-3.127612051066071,90.9015800625655,0.1943075954914093,-0.8,0.8985688090324402,0.0497710769996047
3.067445567063784,3.8367229317102938,-3.127612051066071,90.94670800473203,0.1973053514957428,-0.8,0.899658739566803,0.050161177990958095
3.0540866244021303,3.8346666509242278,3.0997906257586245,90.99662425163795,0.040318600833415985,-0.46414080262184143,1.0,0.04991624690592289
3.0540866244021303,3.8346666509242278,3.0997906257586245,91.04660307573748,0.046502307057380676,-0.5178141593933105,1.0,0.04997882409952581
3.037307224809964,3.8348201017597003,3.0295097206184507,91.09652115478774,0.0353381410241127,-0.25354069471359253,1.0,0.0499180790502578
3.037307224809964,3.8348201017597003,3.0295097206184507,91.14690098869276,0.040312759578228,-0.314953476190567,1.0,0.05037983390502632
3.0226157497326787,3.835998094912948,2.9602621046474416,91.19652604479005,0.036702826619148254,-0.011020360514521599,1.0,0.04962505609728396
3.0226157497326787,3.835998094912948,2.9602621046474416,91.24662353871052,0.04186317324638367,-0.0789804458618164,1.0,0.050097493920475245
3.0226157497326787,3.835998094912948,2.9602621046474416,91.29679200057534,0.04732762277126312,-0.1518658995628357,1.0,0.05016846186481416
3.0226157497326787,3.835998094912948,2.9602621046474416,91.3465773957282,0.05279970169067383,-0.22485467791557312,1.0,0.04978539515286684
3.01096396507342,3.8394438827564685,2.9036050477581066,91.39649404869077,0.05170649290084839,0.117464080452919,1.0,0.04991665296256542
3.01096396507342,3.8394438827564685,2.9036050477581066,91.44654184467753,0.05907347798347473,0.07145053148269653,1.0,0.05004779598675668
3.01096396507342,3.8394438827564685,2.9036050477581066,91.49654865571891,0.0646398514509201,0.022433074191212654,1.0,0.050006811041384935
3.01096396507342,3.8394438827564685,2.9036050477581066,91.54659026958642,0.07000552117824554,-0.026877162978053093,1.0,0.050041613867506385
3.01096396507342,3.8394438827564685,2.9036050477581066,91.59676582556811,0.0753478854894638,-0.07615947723388672,1.0,0.05017555598169565
3.01096396507342,3.8394438827564685,2.9036050477581066,91.64663038779644,0.08083736151456833,-0.1326998472213745,1.0,0.04986456222832203
2.997921469161125,3.8427157599679718,2.890350778095719,91.6965081906378,0.06869043409824371,0.11406859755516052,1.0,0.04987780284136534
2.997921469161125,3.8427157599679718,2.890350778095719,91.74652678570372,0.07702766358852386,0.04828914999961853,1.0,0.050018595065921545
2.997921469161125,3.8427157599679718,2.890350778095719,91.79660473162902,0.08391392230987549,-0.020069776102900505,1.0,0.05007794592529535
2.997921469161125,3.8427157599679718,2.890350778095719,91.84656400167977,0.09085024893283844,-0.08774560689926147,1.0,0.04995927005074918
2.9797661922441843,3.8469975213405334,2.8838709085387104,91.89650040776131,0.06669323146343231,0.23932304978370667,1.0,0.04993640608154237
2.9797661922441843,3.8469975213405334,2.8838709085387104,91.94648723471572,0.07682719826698303,0.16251173615455627,1.0,0.04998682695440948
2.9797661922441843,3.8469975213405334,2.8838709085387104,91.9966021767318,0.085212841629982,0.11208294332027435,1.0,0.05011494201608002
2.9797661922441843,3.8469975213405334,2.8838709085387104,92.04674416971055,0.09111009538173676,0.053836554288864136,1.0,0.05014199297875166
2.9797661922441843,3.8469975213405334,2.8838709085387104,92.0968211936265,0.09695017337799072,-0.005410460755228996,1.0,0.050077023915946484
2.963915273661209,3.8502044197027745,2.8927353198088266,92.14648670171981,0.07238709926605225,0.24260658025741577,1.0,0.04966550809331238
2.963915273661209,3.8502044197027745,2.8927353198088266,92.19647929658775,0.0806303471326828,0.19517561793327332,1.0,0.04999259486794472
2.963915273661209,3.8502044197027745,2.8927353198088266,92.24661689372395,0.08822906017303467,0.15062104165554047,1.0,0.050137597136199474
2.963915273661209,3.8502044197027745,2.8927353198088266,92.29692362462764,0.0940176248550415,0.11233460158109665,1.0,0.05030673090368509
2.9473777203204565,3.8519456729312127,2.9079325480666594,92.3466592277832,0.06267029047012329,0.302154004573822,1.0,0.04973560315556824
2.9473777203204565,3.8519456729312127,2.9079325480666594,92.39660483277065,0.07059860229492188,0.27028849720954895,1.0,0.04994560498744249
2.9473777203204565,3.8519456729312127,2.9079325480666594,92.4466312106665,0.07856018841266632,0.238289475440979,1.0,0.05002637789584696
2.9473777203204565,3.8519456729312127,2.9079325480666594,92.49676241962833,0.08621273934841156,0.20659078657627106,1.0,0.05013120896182954
2.9323479983100125,3.853368059667125,2.9401208823955995,92.54652353077789,0.05663147568702698,0.3150453567504883,1.0,0.049761111149564385
2.9323479983100125,3.853368059667125,2.9401208823955995,92.59672582456504,0.06733939051628113,0.2549630403518677,1.0,0.050202293787151575
2.9323479983100125,3.853368059667125,2.9401208823955995,92.64669399177318,0.07715333998203278,0.18673279881477356,1.0,0.04996816720813513
2.9323479983100125,3.853368059667125,2.9401208823955995,92.69662784370256,0.08497415482997894,0.13058152794837952,1.0,0.04993385192938149
2.9168321728464144,3.854584907098576,2.9836004613710734,92.74649522178468,0.06083214282989502,0.22826746106147766,1.0,0.04986737808212638
2.9168321728464144,3.854584907098576,2.9836004613710734,92.79663747157564,0.06864765286445618,0.18605650961399078,1.0,0.05014224979095161
2.9168321728464144,3.854584907098576,2.9836004613710734,92.84664024370385,0.0765322744846344,0.1458648294210434,1.0,0.05000277212820947
2.9168321728464144,3.854584907098576,2.9836004613710734,92.89659084663388,0.08463385701179504,0.09752035140991211,1.0,0.04995060293003917
2.903797411535824,3.8573127001458283,3.018404612083195,92.9465160796385,0.06787997484207153,0.2710176706314087,1.0,0.04992523300461471
2.903797411535824,3.8573127001458283,3.018404612083195,92.99646976873872,0.07605297863483429,0.220990389585495,1.0,0.0499536891002208
2.903797411535824,3.8573127001458283,3.018404612083195,93.04654719265771,0.0841340571641922,0.16975805163383484,1.0,0.05007742391899228
2.903797411535824,3.8573127001458283,3.018404612083195,93.0966177927762,0.09183327853679657,0.11059734225273132,1.0,0.05007060011848807
2.903797411535824,3.8573127001458283,3.018404612083195,93.14696747674269,0.09955161809921265,0.05246084928512573,1.0,0.050349683966487646
2.888229978448201,3.8566309774205747,3.0470790370832113,93.19661456560378,0.07525444030761719,0.10099531710147858,1.0,0.049647088861092925
2.888229978448201,3.8566309774205747,3.0470790370832113,93.24651593463157,0.0832928717136383,0.05232402682304382,1.0,0.04990136902779341
2.888229978448201,3.8566309774205747,3.0470790370832113,93.29652577968908,0.09148704260587692,0.003648849204182625,1.0,0.05000984505750239
2.888229978448201,3.8566309774205747,3.0470790370832113,93.34789801579562,0.09987646341323853,-0.040318265557289124,1.0,0.05137223610654473
2.869890714432659,3.8580190480222343,3.0646067721315164,93.39651834363711,0.07580359280109406,0.21928229928016663,1.0,0.04862032784149051
2.869890714432659,3.8580190480222343,3.0646067721315164,93.44644804466178,0.09791615605354309,-0.5994265675544739,1.0,0.04992970102466643
2.869890714432659,3.8580190480222343,3.0646067721315164,93.496581037572,0.10298720002174377,-0.5913777947425842,1.0,0.05013299291022122
2.869890714432659,3.8580190480222343,3.0646067721315164,93.546533966713,0.10845139622688293,-0.583651065826416,1.0,0.04995292914099991
2.855717605025157,3.8581263670342603,3.071645709890552,93.59651963556779,0.09664753079414368,-0.5978450179100037,1.0,0.049985668854787946
2.855717605025157,3.8581263670342603,3.071645709890552,93.64676660257054,0.09946736693382263,-0.5876351594924927,1.0,0.05024696700274944
2.855717605025157,3.8581263670342603,3.071645709890552,93.69652702174743,0.1046358048915863,-0.5795964002609253,1.0,0.049760419176891446
2.855717605025157,3.8581263670342603,3.071645709890552,93.74651907970791,0.11005941033363342,-0.5719278454780579,1.0,0.04999205796048045
2.83782908479023,3.860322066124487,2.9879502033806364,93.79662134176714,0.10799586772918701,0.0495775043964386,1.0,0.05010226205922663
2.83782908479023,3.860322066124487,2.9879502033806364,93.8468017077971,0.11068305373191833,0.06163012981414795,1.0,0.0501803660299629
2.8305398464243186,3.8608553018484724,2.9417266408014684,93.89652932765556,0.10929858684539795,0.17595385015010834,1.0,0.04972761985845864
2.8305398464243186,3.8608553018484724,2.9417266408014684,93.94658748972823,0.11196574568748474,0.18791647255420685,1.0,0.05005816207267344
2.8305398464243186,3.8608553018484724,2.9417266408014684,93.99650382767094,0.11465057730674744,0.19995945692062378,1.0,0.04991633794270456
2.8305398464243186,3.8608553018484724,2.9417266408014684,94.046726457585,0.11732801795005798,0.21196940541267395,1.0,0.050222629914060235
2.8083990759596786,3.866563073752297,2.9175269080908484,94.0965234977625,0.11038470268249512,0.26461753249168396,1.0,0.04979704017750919
2.8083990759596786,3.866563073752297,2.9175269080908484,94.14656559661624,0.11305555701255798,0.2765975296497345,1.0,0.050042098853737116
2.795987352427489,3.8685062662863547,2.933520207164016,94.1965001177009,0.10892024636268616,0.22913578152656555,1.0,0.04993452108465135
2.795987352427489,3.8685062662863547,2.933520207164016,94.24660320770589,0.10897299647331238,0.24365317821502686,1.0,0.050103090004995465
2.784132359501692,3.86960312975403,2.9556900876612078,94.29650178369728,0.09582650661468506,0.4932296574115753,1.0,0.049898575991392136
2.784132359501692,3.86960312975403,2.9556900876612078,94.34658235478808,0.09778425097465515,0.4928860366344452,1.0,0.05008057109080255
2.7731788082732844,3.8701946724325715,2.9759491471212502,94.39680186267604,0.09843996167182922,0.45876917243003845,1.0,0.05021950788795948
2.7731788082732844,3.8701946724325715,2.9759491471212502,94.4465173986241,0.09973010420799255,0.4566103219985962,1.0,0.049715535948053
2.7622016814832078,3.871196281471123,3.0141628933786793,94.4965323107749,0.10247361660003662,0.3972388207912445,1.0,0.05001491215080023
2.7622016814832078,3.871196281471123,3.0141628933786793,94.54648308157583,0.10355377197265625,0.3844485580921173,1.0,0.04995077080093324
2.7622016814832078,3.871196281471123,3.0141628933786793,94.5964713746648,0.10674402117729187,0.37573865056037903,1.0,0.04998829308897257
2.7622016814832078,3.871196281471123,3.0141628933786793,94.6465842805769,0.11031022667884827,0.3671720325946808,1.0,0.05011290591210127
2.738088342638029,3.872588661710566,3.0883805653075345,94.69660032568162,0.10793164372444153,0.2105315923690796,1.0,0.05001604510471225
2.738088342638029,3.872588661710566,3.0883805653075345,94.7467999277137,0.10816338658332825,0.18211714923381805,1.0,0.05019960203208029
2.726284677097483,3.872194645584923,3.120398063939753,94.79660502219262,0.10830676555633545,0.12159594893455505,0.9997281432151794,0.04981863801367581
2.726284677097483,3.872194645584923,3.120398063939753,94.84663077214422,0.10853749513626099,0.09329918026924133,1.0,0.05002574995160103
2.717250527192737,3.8723149227445126,3.136394998157856,94.89650598916846,0.10903474688529968,0.02950570173561573,1.0,0.04987521702423692
2.717250527192737,3.8723149227445126,3.136394998157856,94.9478409882045,0.10944899916648865,0.0009964723140001297,1.0,0.05133499903604388
2.717250527192737,3.8723149227445126,3.136394998157856,94.99655290417063,0.11217275261878967,-0.03053840808570385,1.0,0.04871191596612334
2.707444040588488,3.8713452537674637,-3.1379965002574863,95.0464530892546,0.08894604444503784,0.4867842197418213,1.0,0.04990018508397043
2.707444040588488,3.8713452537674637,-3.1379965002574863,95.09650323124292,0.10266122221946716,0.3856308162212372,1.0,0.05005014198832214
2.6970366949343405,3.870355463376186,-3.1370124736293055,95.14650492815922,0.09752139449119568,0.46223020553588867,1.0,0.05000169691629708
2.6970366949343405,3.870355463376186,-3.1370124736293055,95.19709570523041,0.11112017929553986,0.36614981293678284,1.0,0.05059077707119286
2.6875306396747445,3.870037857830508,-3.1223003935430347,95.24581368463461,0.04735323786735535,0.6199901700019836,0.9856473803520203,0.04942739196121693
2.6875306396747445,3.870037857830508,-3.1223003935430347,95.29502277644801,0.04793164134025574,0.6284697651863098,0.9850785136222839,0.0499544870108366
2.6875306396747445,3.870037857830508,-3.1223003935430347,95.34495030216874,0.04929998517036438,0.6322415471076965,0.985589325428009,0.05065753497183323
2.6875306396747445,3.870037857830508,-3.1223003935430347,95.39369003607584,0.05068424344062805,0.6360653638839722,0.9863184690475464,0.04941581794992089
2.6711086263027224,3.8681194399483143,-3.046076331177293,95.44331775559442,0.06844991445541382,0.210351824760437,0.9911147952079773,0.05007262504659593
2.6711086263027224,3.8681194399483143,-3.046076331177293,95.49301875039298,0.06875422596931458,0.22934527695178986,0.9923458099365234,0.05008434993214905
2.6711086263027224,3.8681194399483143,-3.046076331177293,95.54336545244732,0.06905904412269592,0.2483644336462021,0.9935787320137024,0.050672081066295505
2.6667568021057084,3.866626987462756,-2.9917511702878494,95.59216156178505,0.06716218590736389,0.01217678003013134,0.9929210543632507,0.04914399702101946
2.6667568021057084,3.866626987462756,-2.9917511702878494,95.64187133468081,0.06749439239501953,0.030692769214510918,0.9941148161888123,0.05000405595637858
2.6667568021057084,3.866626987462756,-2.9917511702878494,95.69160275982064,0.06783279776573181,0.0495566725730896,0.9953308701515198,0.04996471689082682
2.6667568021057084,3.866626987462756,-2.9917511702878494,95.74145996259357,0.0681714117527008,0.06842869520187378,0.996547281742096,0.050029942067340016
2.6516914902604056,3.8645916385178487,-2.9414239633978654,95.79109263107344,0.05548137426376343,-0.3596912622451782,0.9910759329795837,0.05007958202622831
2.6516914902604056,3.8645916385178487,-2.9414239633978654,95.84057449360662,0.05666553974151611,-0.3524579107761383,0.9920065999031067,0.04988057794980705
2.6516914902604056,3.8645916385178487,-2.9414239633978654,95.89033156863896,0.05784603953361511,-0.3452467918395996,0.9929347634315491,0.05011112196370959
2.6516914902604056,3.8645916385178487,-2.9414239633978654,95.94014320878908,0.059032976627349854,-0.3379952609539032,0.9938679337501526,0.0501189730130136
2.6390905278996795,3.8617743109489955,-2.939582400603862,95.98958064135844,0.036338090896606445,-0.4878779947757721,0.9908007979393005,0.049896440003067255
2.6390905278996795,3.8617743109489955,-2.939582400603862,96.03931841382953,0.03780832886695862,-0.4878932535648346,0.9916284680366516,0.05015766900032759
2.6390905278996795,3.8617743109489955,-2.939582400603862,96.09153631515535,0.03928759694099426,-0.4879080355167389,0.9924613833427429,0.052614542189985514
2.6390905278996795,3.8617743109489955,-2.939582400603862,96.13830581057516,0.04084062576293945,-0.48792436718940735,0.9933355450630188,0.04708327981643379
2.627750739833556,3.8596422378671287,-3.0026528768578924,96.18799014147653,0.032226890325546265,-0.5387731790542603,0.992861807346344,0.05004153703339398
2.627750739833556,3.8596422378671287,-3.0026528768578924,96.23778185176334,0.03370460867881775,-0.5387879610061646,0.9936936497688293,0.05010770703665912
2.627750739833556,3.8596422378671287,-3.0026528768578924,96.28748633250419,0.03512483835220337,-0.5392169952392578,0.9945115447044373,0.04997878707945347
2.627750739833556,3.8596422378671287,-3.0026528768578924,96.3374837547403,0.036298930644989014,-0.5413082242012024,0.9952647686004639,0.0502352979965508
2.6179098775468077,3.85812626248302,-3.0880420644950553,96.38687048668405,0.03416755795478821,-0.572218656539917,0.9946553707122803,0.04965210403315723
2.6179098775468077,3.85812626248302,-3.0880420644950553,96.4366907307837,0.035334259271621704,-0.5742964148521423,0.9954035878181458,0.050050295889377594
2.6179098775468077,3.85812626248302,-3.0880420644950553,96.48648226114638,0.03651115298271179,-0.5763921141624451,0.9961584806442261,0.049983543111011386
2.6179098775468077,3.85812626248302,-3.0880420644950553,96.53663079387367,0.03768736124038696,-0.5784870386123657,0.9969130158424377,0.05030381982214749
2.609253661588835,3.8560355187951276,3.104158717105796,96.58496771418027,0.09902089834213257,-0.6615085005760193,0.971646249294281,0.04974744701758027
2.609253661588835,3.8560355187951276,3.104158717105796,96.63361566985832,0.1033577173948288,-0.6620244979858398,0.9714627861976624,0.05007701413705945
2.609253661588835,3.8560355187951276,3.104158717105796,96.68241829971859,0.10815222561359406,-0.6630938649177551,0.9729032516479492,0.05016185296699405
2.609253661588835,3.8560355187951276,3.104158717105796,96.73096641238806,0.1129472553730011,-0.6643216013908386,0.9747481942176819,0.049805799033492804
2.5972115122070125,3.856465626699053,3.0006290677165683,96.7798575727631,0.08401566743850708,-0.659165620803833,0.979006826877594,0.04993954999372363
2.5972115122070125,3.856465626699053,3.0006290677165683,96.82886265013425,0.0885603278875351,-0.6595888137817383,0.978990375995636,0.050056750886142254
2.5831924610915995,3.858422733975771,2.941121007172518,96.8779856660797,0.06492206454277039,-0.6581540703773499,0.983134925365448,0.04996569105423987
2.5831924610915995,3.858422733975771,2.941121007172518,96.92717726895742,0.0693923830986023,-0.6586103439331055,0.9831022024154663,0.05003712000325322
2.5731238534538248,3.859701974951393,2.883353035726618,96.97646024500033,0.05277755856513977,-0.6587967276573181,0.9866179823875427,0.04995142691768706
2.5731238534538248,3.859701974951393,2.883353035726618,97.02587134872051,0.05753698945045471,-0.6586843132972717,0.9868863821029663,0.05006767204031348
2.5671564193188,3.861309497383955,2.8233410614930765,97.0753021531018,0.048608750104904175,-0.6595037579536438,0.9909781813621521,0.04988082009367645
2.5671564193188,3.861309497383955,2.8233410614930765,97.12506756421698,0.052595555782318115,-0.6597097516059875,0.9913605451583862,0.05019910400733352
2.562270353781796,3.8632001934064095,2.7647442846375,97.17471005942845,0.045260846614837646,-0.6606816053390503,0.9957771301269531,0.04985301801934838
2.562270353781796,3.8632001934064095,2.7647442846375,97.22524231740601,0.05101613700389862,-0.6608921885490417,0.9957980513572693,0.0507454879116267
2.562270353781796,3.8632001934064095,2.7647442846375,97.27432512088016,0.05641193687915802,-0.6611039638519287,0.9956756830215454,0.049295974895358086
2.560300462153615,3.8645342598205703,2.7055534589534447,97.32461388519403,0.05518099665641785,-0.6620565056800842,0.9998846650123596,0.05029456503689289
2.560300462153615,3.8645342598205703,2.7055534589534447,97.37427663962939,0.06035177409648895,-0.6622471809387207,0.999418318271637,0.0496916591655463
2.557919000966393,3.867341544504139,2.6415840318625503,97.42428751542815,0.05798129737377167,-0.6629078388214111,1.0,0.050010875798761845
2.557919000966393,3.867341544504139,2.6415840318625503,97.47458898645476,0.06319685280323029,-0.6631153225898743,1.0,0.05030147102661431
2.553272495642381,3.8696056340336495,2.5816761308767595,97.52431542562903,0.056609489023685455,-0.6638739109039307,1.0,0.04972643917426467
2.553272495642381,3.8696056340336495,2.5816761308767595,97.57425741755054,0.06121204048395157,-0.6642928123474121,1.0,0.04994199192151427
2.5501904621984033,3.8731404782149563,2.5209073329684957,97.62410816058167,0.055776163935661316,-0.6654601097106934,1.0,0.04985074303112924
2.5434884866317375,3.878200981810372,2.4590827739914833,97.67414633763605,0.035715825855731964,-0.6682969927787781,1.0,0.05003817705437541
2.5434884866317375,3.878200981810372,2.4590827739914833,97.72420936144539,0.03965204954147339,-0.668735921382904,1.0,0.050063023809343576
2.5434884866317375,3.878200981810372,2.4590827739914833,97.77421075963997,0.04373084008693695,-0.6692203283309937,1.0,0.05000139819458127
2.541146638495957,3.8816629298623213,2.399478403378953,97.82431305243284,0.039331868290901184,-0.6724225878715515,1.0,0.050102292792871594
2.541146638495957,3.8816629298623213,2.399478403378953,97.87427061560214,0.04203346371650696,-0.6724584102630615,1.0,0.049957563169300556
2.5402040293536836,3.88465669062162,2.3450569478221848,97.92434674055897,0.04337598383426666,-0.6750940680503845,1.0,0.050076124956831336
2.5402040293536836,3.88465669062162,2.3450569478221848,97.97412163551547,0.04616619646549225,-0.6747518181800842,1.0,0.04977489495649934
2.5327147250688378,3.8882309497237646,2.287307554833313,98.02437258159392,0.03186655044555664,-0.6802727580070496,1.0,0.05025094607844949
2.5327147250688378,3.8882309497237646,2.287307554833313,98.0741230814869,0.0349205881357193,-0.6799606680870056,1.0,0.04975049989297986
2.5293997192975177,3.892829006804078,2.229915647602179,98.12420765260816,0.03049282729625702,-0.6807723641395569,1.0,0.050084571121260524
2.5293997192975177,3.892829006804078,2.229915647602179,98.17424223941401,0.032009467482566833,-0.6725638508796692,1.0,0.05003458680585027
2.527054603807135,3.8965874870686683,2.176827303072478,98.22436053861514,0.018646880984306335,-0.6352403163909912,1.0,0.05011829920113087
2.527054603807135,3.8965874870686683,2.176827303072478,98.27424440250383,0.022094905376434326,-0.6104535460472107,1.0,0.049883863888680935
2.5264339288827355,3.9014646656133407,2.1159542105768328,98.32552847449318,0.030986562371253967,-0.409483939409256,1.0,0.05128407198935747
2.5264339288827355,3.9014646656133407,2.1159542105768328,98.37425429743365,0.03383679687976837,-0.3717716336250305,1.0,0.04872582294046879
2.52719162586001,3.903541664778877,2.0650876424546314,98.42424861152307,0.029971212148666382,-0.21058881282806396,1.0,0.04999431408941746
2.52719162586001,3.903541664778877,2.0650876424546314,98.47418087042519,0.030655354261398315,-0.17297251522541046,1.0,0.04993225890211761
2.52719162586001,3.903541664778877,2.0650876424546314,98.52417498963536,0.03134429454803467,-0.13523828983306885,1.0,0.04999411921016872
2.52719162586001,3.903541664778877,2.0650876424546314,98.57419595561572,0.03203411400318146,-0.09745723754167557,1.0,0.05002096598036587
2.5276913232063665,3.9058737422279806,2.007706060118656,98.62504915051744,0.029574915766716003,0.0888809859752655,1.0,0.05085319490171969
2.5276913232063665,3.9058737422279806,2.007706060118656,98.67416700857342,0.030252769589424133,0.12558872997760773,1.0,0.04911785805597901
2.5276913232063665,3.9058737422279806,2.007706060118656,98.72448722758912,0.031016528606414795,0.15905725955963135,1.0,0.050320219015702605
2.5276913232063665,3.9058737422279806,2.007706060118656,98.77429838056327,0.031595662236213684,0.19327937066555023,1.0,0.049811152974143624
2.5276913232063665,3.9058737422279806,2.007706060118656,98.82437874559895,0.032315902411937714,0.22394269704818726,1.0,0.05008036503568292
2.5276913232063665,3.9058737422279806,2.007706060118656,98.87424854442128,0.03425290435552597,0.25658804178237915,1.0,0.04986979882232845
2.5276913232063665,3.9058737422279806,2.007706060118656,98.92427119562984,0.03676740825176239,0.29395151138305664,1.0,0.05002265120856464
2.5276913232063665,3.9058737422279806,2.007706060118656,98.97422118947492,0.03928966075181961,0.3314301073551178,1.0,0.04994999384507537
2.5276913232063665,3.9058737422279806,2.007706060118656,99.02443055153475,0.04145624488592148,0.3735496401786804,1.0,0.05020936205983162
