x,y,theta,s0,v,omega,w,time_elapsed
-0.12629354401342655,-0.09077728483552193,0.2943171321132863,0.18131554173746964,0.04950449909809597,-0.050000000000000815,0.8674718686543209,0.20901604800019413
-0.12629354401342655,-0.09077728483552193,0.2943171321132863,3.3362408350939354,0.05162406380658641,-0.052348836333411405,0.9228849900820111,3.418546544002311
-0.12629354401342655,-0.09077728483552193,0.2943171321132863,3.3557191070740675,0.08399217698743922,-0.06271391005618554,0.9363949232371066,0.020801342998311156
-0.12629354401342655,-0.09077728483552193,0.2943171321132863,3.402810546362682,0.10329960408228783,-0.06668369793301579,0.9412999822496372,0.050028089000988984
-0.12629354401342655,-0.09077728483552193,0.2943171321132863,3.4572107436707724,0.1155900812520903,-0.07024058815396413,0.9418554128993754,0.05775854400053504
-0.12629354401342655,-0.09077728483552193,0.2943171321132863,3.4969341555707523,0.12345035288396781,-0.07133240745743225,0.9402717161949395,0.04224673699718551
-0.12629354401342655,-0.09077728483552193,0.2943171321132863,3.5441310725009574,0.12861939833256197,-0.0723860953437196,0.9442169959105451,0.04998524400070892
-0.12629354401342655,-0.09077728483552193,0.2943171321132863,3.5912403163669873,0.13212924960091404,-0.07279431488638458,0.9409626985175779,0.050064942999597406
-0.12629354401342655,-0.09077728483552193,0.2943171321132863,3.638161768589243,0.13469497458924995,-0.07305492714883197,0.939709059715805,0.04993189300148515
-0.12629354401342655,-0.09077728483552193,0.2943171321132863,3.685276733980689,0.13666611251350103,-0.07325568305999124,0.9395835917682608,0.05014451700117206
-0.12629354401342655,-0.09077728483552193,0.2943171321132863,3.7320922287587095,0.1382877457769557,-0.07340262632154775,0.9393256004133741,0.049839474999316735
-0.12629354401342655,-0.09077728483552193,0.2943171321132863,3.779068918460046,0.13969645601376152,-0.07352173107883836,0.9392559057797361,0.05001479299971834
-0.12629354401342655,-0.09077728483552193,0.2943171321132863,3.8259826312636696,0.14097964439212274,-0.0736196217103958,0.9391764101627201,0.04995197099924553
-0.12629354401342655,-0.09077728483552193,0.2943171321132863,3.872982689815727,0.14218735655565495,-0.07370143876985844,0.9390466301293572,0.050050825000653276
-0.12629354401342655,-0.09077728483552193,0.2943171321132863,3.919928235658526,0.14335159605704517,-0.07377231749734947,0.9390746538857941,0.04999128200142877
-0.09510773884941914,-0.0862427503926168,0.26796490239374804,3.967492786560208,0.14141073917096494,-0.07096538392047343,0.9395876830304324,0.05062279099729494
-0.09510773884941914,-0.0862427503926168,0.26796490239374804,4.013897602505918,0.14087685902425406,-0.06914905427075257,0.9395652917521756,0.049389666000934085
-0.09510773884941914,-0.0862427503926168,0.26796490239374804,4.06238847249864,0.14099017799594193,-0.06807363090806241,0.9395403912803547,0.051611267001135275
-0.06606268682061052,-0.09036733273546262,0.16022476319517284,4.110343684086793,0.13916875938208306,-0.01604835078466432,0.9399625155082757,0.05101821700009168
-0.06606268682061052,-0.09036733273546262,0.16022476319517284,4.154936960788414,0.13818952015087782,0.015206822458061674,0.9396846975539056,0.047455574000196066
-0.032215346244045075,-0.08471609966777068,0.09144115396531943,4.201824189293215,0.13419795119478375,0.04020076368807818,0.940144665465016,0.04987235499720555
-0.032215346244045075,-0.08471609966777068,0.09144115396531943,4.248858516119229,0.13162159502628223,0.05494000546873243,0.9398842888533577,0.05004267800177331
-0.032215346244045075,-0.08471609966777068,0.09144115396531943,4.295861268213472,0.13052802475027392,0.06385876605911336,0.9398034564984856,0.05001338500005659
0.003400126427400387,-0.07911340660046982,0.03552452415951031,4.3428486120411804,0.12611938940896567,0.07401577395054043,0.9401188815826778,0.04998021500068717
0.003400126427400387,-0.07911340660046982,0.03552452415951031,4.389866954428392,0.12314565733555277,0.07967454502661242,0.9398309937438943,0.050028507997922134
0.003400126427400387,-0.07911340660046982,0.03552452415951031,4.436771396770592,0.12182671873485268,0.08316677626821406,0.9397620743819955,0.04991097600213834
0.05568311242867791,-0.08592074997285658,-0.02786761884284735,4.483840137822709,0.11514176841650697,0.09245221893599972,0.9399048475094912,0.05007819799720892
0.05568311242867791,-0.08592074997285658,-0.02786761884284735,4.530816565998821,0.10995000714394508,0.09682003908724662,0.9396386515470853,0.049994142002105946
0.11341664963022416,-0.0898457195318862,-0.07550130593832181,4.577669306526894,0.10043629144693181,0.10432290547928483,0.9399994340235975,0.04984337099813274
0.11341664963022416,-0.0898457195318862,-0.07550130593832181,4.62478110595797,0.0935602110549294,0.10714077921655499,0.9396310119835993,0.0501386169999023
0.11341664963022416,-0.0898457195318862,-0.07550130593832181,4.671755129841586,0.09005135802140879,0.10894210438317345,0.9394601664900121,0.05000108100284706
0.16024870228631896,-0.09805590066298843,-0.09377153009074105,4.721210978298626,0.08269173878935686,0.11291212310693957,0.9398233116737692,0.05262249599763891
0.16024870228631896,-0.09805590066298843,-0.09377153009074105,4.7657264776136055,0.07769507705749638,0.11390612781448911,0.939495626270111,0.04738233800162561
0.19772074309040982,-0.10413451372975002,-0.09149079331950782,4.812754944895391,0.07098804006272329,0.1156922095024233,0.9398663819935268,0.050037396998959593
0.19772074309040982,-0.10413451372975002,-0.09149079331950782,4.859710431276547,0.06686596257913967,0.11565737076177779,0.9398595287832758,0.04996011099865427
0.19772074309040982,-0.10413451372975002,-0.09149079331950782,4.906686871494886,0.06492508666348835,0.11585442586017211,0.9397019537833703,0.049990787003480364
0.23827860997454692,-0.11111641810949667,-0.05703872914093237,4.953719558278152,0.05995592034552714,0.11570963912965664,0.9402755944427228,0.05002010799944401
0.23827860997454692,-0.11111641810949667,-0.05703872914093237,5.000746141594221,0.057610118442734684,0.11468531635620491,0.9407025355332966,0.04999091799982125
0.23827860997454692,-0.11111641810949667,-0.05703872914093237,5.047759410383909,0.05666663185708576,0.11438383416282685,0.9404589034553398,0.04998971099848859
0.2642373729429071,-0.11334643083195424,-0.006902264920316582,5.094808228572015,0.05428219104404758,0.11266307754452473,0.940868747191375,0.05000571900018258
0.2642373729429071,-0.11334643083195424,-0.006902264920316582,5.142528501915122,0.05408755014032693,0.1112704075138563,0.9415085509076866,0.05068490700068651
0.2642373729429071,-0.11334643083195424,-0.006902264920316582,5.188954018689586,0.05438494764416481,0.11079007843691613,0.9414003849252218,0.0493153790012002
0.30483767271676715,-0.11501566200207221,0.061864952571704226,5.237591663064633,0.05137321077810044,0.10846267295552271,0.9421682956904945,0.0516230959983659
0.30483767271676715,-0.11501566200207221,0.061864952571704226,5.2832338184664565,0.05104768498150497,0.10634819240275642,0.9429816697106236,0.04840195400174707
0.3297215735124492,-0.11294037662748597,0.11647842189691109,5.330436553727791,0.04921301189073274,0.10344613183503175,0.9433306801150482,0.050038375997246476
0.3297215735124492,-0.11294037662748597,0.11647842189691109,5.377596382351139,0.04950927843724841,0.10125193445648906,0.9438824541052628,0.049963666999246925
0.3297215735124492,-0.11294037662748597,0.11647842189691109,5.424764338696873,0.05012848081209825,0.1002754697824926,0.9438402211428463,0.04997451400049613
0.3487350495475798,-0.10794377285348222,0.1909427976596612,5.47354241353787,0.049764864099505764,0.09652227196798022,0.9441761012168501,0.05166205200293916
0.3487350495475798,-0.10794377285348222,0.1909427976596612,5.519209597057736,0.0514209595781118,0.09407498543220422,0.9449097214694974,0.048329678997106384
0.3642260162085798,-0.0989823251574298,0.2749518478554622,5.56647499459592,0.052005106481727986,0.08864004112369465,0.9451467465339295,0.05000852800003486
0.3642260162085798,-0.0989823251574298,0.2749518478554622,5.617213029713783,0.054330819181340306,0.08516028980316753,0.9458397084370698,0.053643376002582954
0.3807647428635988,-0.09131048327703131,0.3466132661180506,5.660996861509617,0.05489270352257164,0.07978206100012636,0.9456672262674797,0.046299407000333304
0.3807647428635988,-0.09131048327703131,0.3466132661180506,5.708358121622746,0.05672833557701066,0.07626987712196179,0.9462424726905881,0.0500519279994478
0.3807647428635988,-0.09131048327703131,0.3466132661180506,5.75568682147327,0.05829916513578341,0.07426410882422596,0.946151445765296,0.050022330000501825
0.3860210953002237,-0.08652338831025363,0.41535957596895007,5.806395332239075,0.059392002006715315,0.06949213258528594,0.945841385144272,0.053612065999914194
0.3860210953002237,-0.08652338831025363,0.41535957596895007,5.850277493287855,0.06134481637815664,0.06643570125169201,0.9460496084896381,0.04638462999719195
0.3860210953002237,-0.08652338831025363,0.41535957596895007,5.897592856856846,0.06295052618748467,0.06461553295920978,0.946086360198437,0.05001167500086012
0.4002075477805443,-0.07598604008493538,0.46991163421111165,5.944874312055252,0.06271005233015858,0.06029015408450676,0.9457314320900424,0.049994590001006145
0.4002075477805443,-0.07598604008493538,0.46991163421111165,5.992125830969477,0.06346137518016073,0.05742742618772931,0.9457077320315362,0.04996418799782987
0.4002075477805443,-0.07598604008493538,0.46991163421111165,6.040994932855782,0.06436042348533305,0.05563363716367641,0.9456920301339832,0.05167549300313112
0.409586089491331,-0.06885554935759115,0.5365260260014425,6.0866885527274395,0.06411082441253659,0.010913052560948659,0.9451855243339154,0.0483435459973407
0.409586089491331,-0.06885554935759115,0.5365260260014425,6.13393927671411,0.0646288232734111,-0.016120992610339252,0.945211064720039,0.04998960100056138
0.40874712381237893,-0.06140375885583564,0.5994027316077359,6.181143861435192,0.06476503226027629,-0.03644990316602802,0.944349955226807,0.049986326001089765
0.40874712381237893,-0.06140375885583564,0.5994027316077359,6.228378031881995,0.06515847611600249,-0.04883825510249893,0.9440094051421936,0.050035698997817235
0.40874712381237893,-0.06140375885583564,0.5994027316077359,6.275568359286664,0.06580047801104302,-0.056466291542974875,0.9438359579820639,0.04999844200210646
0.4131291356142192,-0.04948351272674159,0.6452498977861707,6.322750491480494,0.06506737687153769,-0.06452820392363878,0.9431532416934928,0.05002594499819679
0.4131291356142192,-0.04948351272674159,0.6452498977861707,6.369862552514726,0.06469864334955447,-0.06942167304328253,0.942912347925788,0.049964412002736935
0.4131291356142192,-0.04948351272674159,0.6452498977861707,6.417145931774335,0.0648738809698479,-0.0725793611925876,0.9428467386095409,0.05014959199979785
0.4232778577261606,-0.03278722327926196,0.694587032062177,6.4641084515990395,0.06283856119661207,-0.07816665725126115,0.9420704467095404,0.04985032699914882
0.4232778577261606,-0.03278722327926196,0.694587032062177,6.511187177058645,0.06141184132726664,-0.08133152647034207,0.9415990661237862,0.04999869599851081
0.4324945582598117,-0.01564359778043241,0.7237509009979104,6.558233418570119,0.05849449339494857,-0.08588567139957753,0.9409737984981801,0.04999739800041425
0.4324945582598117,-0.01564359778043241,0.7237509009979104,6.605284514824345,0.056581934306897744,-0.08839285196322942,0.9406240975490942,0.050021146998915356
0.4324945582598117,-0.01564359778043241,0.7237509009979104,6.652298581305738,0.055839374460054346,-0.09016510381436792,0.940598631138846,0.04998313300166046
0.4491980618748794,0.0023726783396693318,0.720676609727572,6.69932365416274,0.05302858983099511,-0.09203189296016528,0.9407336301882078,0.0499876600006246
0.4491980618748794,0.0023726783396693318,0.720676609727572,6.748381395131195,0.05156635024919676,-0.09290224453184508,0.9406823560901952,0.052151228999719024
0.4601196832655534,0.01576609416287785,0.6988361590581122,6.793430974483423,0.04942144724589914,-0.09346208480883783,0.94046076936122,0.047901604000799125
0.4601196832655534,0.01576609416287785,0.6988361590581122,6.840435009312701,0.048629038654248585,-0.09376829166311063,0.9405177363611535,0.04997676600032719
0.4601196832655534,0.01576609416287785,0.6988361590581122,6.887430403480979,0.04855426080891474,-0.0942691265082206,0.9402903370713807,0.04997966299924883
0.47014895488963454,0.02624433134036387,0.6780357891287907,6.934462493042591,0.047491028800280305,-0.09444124968196588,0.9405754054429487,0.05000352899878635
0.47014895488963454,0.02624433134036387,0.6780357891287907,6.981494800784334,0.04741079899134428,-0.09457268225697293,0.940655937635289,0.049999480001133634
0.4794054367451221,0.04094227203178209,0.647555944290947,7.02877561439661,0.04609634124334515,-0.09465856167925865,0.9408548692097052,0.050253035999048734
0.4794054367451221,0.04094227203178209,0.647555944290947,7.075582505859507,0.04594608874509029,-0.09472100388354422,0.9409447395151616,0.049744570002076216
0.4794054367451221,0.04094227203178209,0.647555944290947,7.122641367239137,0.04625676305947961,-0.09509674170652951,0.9407297789204515,0.05002378199787927
0.4910957356601916,0.052884134164444346,0.5972844883806145,7.169597847551545,0.04550366397454382,-0.09418858076241333,0.9411666296455486,0.04989178200048627
0.4910957356601916,0.052884134164444346,0.5972844883806145,7.2167549797126105,0.046026516938347875,-0.093724858481714,0.941588739303705,0.050082515001122374
0.5010081114330243,0.06600793298275712,0.537450575417967,7.2637066569876,0.04550348482472848,-0.09228129170954504,0.9420384220163811,0.04984051199789974
0.5010081114330243,0.06600793298275712,0.537450575417967,7.311885083232157,0.04629109669217764,-0.09151727224941772,0.9425986459083767,0.05111234400101239
0.5010081114330243,0.06600793298275712,0.537450575417967,7.3581034479849095,0.047192588252486414,-0.09141504675967888,0.9423360605833664,0.04904658400118933
0.5130907048596032,0.07218375086263158,0.4925987137245158,7.405250348113266,0.04718910148390287,-0.0899062444856926,0.9427672108784824,0.05000905799897737
0.5130907048596032,0.07218375086263158,0.4925987137245158,7.452398181143482,0.048167493602165615,-0.08909832732878736,0.9429756521440918,0.049998992999462644
0.5130907048596032,0.07218375086263158,0.4925987137245158,7.499537222650667,0.049192965423911335,-0.08890257044357469,0.9427586375708205,0.05000117700183182
0.5252687080643197,0.08121018327117123,0.43314986096250635,7.546715057687786,0.04916700479734089,-0.08703716016616399,0.9433624058820562,0.05001029799677781
0.5252687080643197,0.08121018327117123,0.43314986096250635,7.593893612921857,0.05026170398545048,-0.08601029136536077,0.9438097752935835,0.049987356000201544
0.5252687080643197,0.08121018327117123,0.43314986096250635,7.641109927941223,0.05136890527465572,-0.08566269010323063,0.9437221294801078,0.05003200999999535
0.5451277594605617,0.09052015857984039,0.3783407879409931,7.688278339750615,0.05065432184396944,-0.08365771949066829,0.9441644311096495,0.04995783600315917
0.5451277594605617,0.09052015857984039,0.3783407879409931,7.7366401345985265,0.05123007635699202,-0.08244676147061644,0.9443975130304756,0.051209150999056874
0.5630855040249783,0.0973842993500615,0.32351192808726614,7.782720094080664,0.05046903381417348,-0.07984749147864818,0.9447606585213713,0.04877421499986667
0.5630855040249783,0.0973842993500615,0.32351192808726614,7.830001822839171,0.05097919457628254,-0.07829611192241592,0.9451478618648839,0.05002574799800641
0.5630855040249783,0.0973842993500615,0.32351192808726614,7.877235214129214,0.051757271222783174,-0.0775657664167685,0.9450102596691703,0.04998188200261211
0.5751492739009146,0.09751602942130128,0.2702656174136892,7.924502641387178,0.051983684535822396,-0.07466846392416783,0.9453451608473685,0.05000017899874365
0.5751492739009146,0.09751602942130128,0.2702656174136892,7.971800915940824,0.053030967231936996,-0.0729843625082605,0.9455885416319798,0.05001993200130528
0.589917200152465,0.10099031039362154,0.23213488166324064,8.019662776410831,0.0527879819895266,-0.07055873771293587,0.94567280363672,0.050611438000487396
0.589917200152465,0.10099031039362154,0.23213488166324064,8.069786849386345,0.053361372235736504,-0.06914547809284914,0.9456613054428106,0.05300425499808625
0.589917200152465,0.10099031039362154,0.23213488166324064,8.113634353314161,0.05421489022174297,-0.06843798726572643,0.9455083194915821,0.0463745300003211
0.6061122003567595,0.10491459321602269,0.1747421597777203,8.160924758172904,0.05373737769082886,-0.0657366231839075,0.9459471892377391,0.049992648000625195
0.6061122003567595,0.10491459321602269,0.1747421597777203,8.209498334799772,0.05417853292447438,-0.06416586461158397,0.9460738213284849,0.05134226899826899
0.6061122003567595,0.10491459321602269,0.1747421597777203,8.255535989521848,0.054939800108898144,-0.06332170067629872,0.9459185965751519,0.0486697849992197
0.6179329638623945,0.10515634114927053,0.11804941760056671,8.30625923984463,0.05490351330250284,-0.06019698531472463,0.9460586465696792,0.05361533400355256
0.6179329638623945,0.10515634114927053,0.11804941760056671,8.350135214179241,0.05548349990608725,-0.05838340946542923,0.9459413750072403,0.046383396998862736
0.6268425183902439,0.1043697771423339,0.07433613924904177,8.397429115454496,0.05548081916058718,-0.055175155319086094,0.9459698035280216,0.04999514899827773
0.6268425183902439,0.1043697771423339,0.07433613924904177,8.444835659920843,0.055908260831679074,-0.05328663061047096,0.9459995522955049,0.05011265000212006
0.6268425183902439,0.1043697771423339,0.07433613924904177,8.492039790713106,0.05664652431661901,-0.05219992335613298,0.9458611943362287,0.04990598099902854
0.6352262526674933,0.10157064989732772,0.02615010864332196,8.539376322549405,0.05677516208764398,-0.008875535079253434,0.9457939791523171,0.050049516998114996
0.6352262526674933,0.10157064989732772,0.02615010864332196,8.586803514284748,0.05708145863131653,0.017089633698767568,0.9457121266651021,0.05014971300261095
0.6454855083819264,0.09963161779499649,-0.031639054807411984,8.634004959038165,0.05661710423098133,0.03565243638297609,0.9455930004439299,0.049917295000341255
0.6454855083819264,0.09963161779499649,-0.031639054807411984,8.681157441715907,0.056318441858922645,0.04671439934190011,0.9454473647964331,0.04987319700012449
0.6454855083819264,0.09963161779499649,-0.031639054807411984,8.72842890887741,0.05661756327947491,0.05333139765697697,0.9453780092534944,0.050002714997390285
0.6538741769039536,0.08794143010856395,-0.07473254028824784,8.77565860254085,0.05609551830695851,0.06101551312293138,0.944952407071706,0.04998102900208323
0.6538741769039536,0.08794143010856395,-0.07473254028824784,8.822906613463,0.05539633732796613,0.06547604170266808,0.9449138043002603,0.05000245599876507
0.6737972093868582,0.0806595998992663,-0.11465856840282289,8.870114102560228,0.05301275896350853,0.07093414650734084,0.9447559373502239,0.04996792000019923
0.6737972093868582,0.0806595998992663,-0.11465856840282289,8.917383470085943,0.05116548875750708,0.07369379556078266,0.9445918341622525,0.05004210900006001
0.6737972093868582,0.0806595998992663,-0.11465856840282289,8.96461608858844,0.05060436145580752,0.0753697629244999,0.9444418728174693,0.05001114400147344
0.7075920475825843,0.0817927515694198,-0.12804083645763922,9.01185452081417,0.04718166923189511,0.07675563844271124,0.94512909787697,0.04998093099857215
0.7075920475825843,0.0817927515694198,-0.12804083645763922,9.059108061459192,0.0453616207191983,0.07676206414002212,0.9449929076804828,0.05000412200024584
0.7075920475825843,0.0817927515694198,-0.12804083645763922,9.106356518468004,0.044809810053735286,0.07688424417630518,0.9449905914472383,0.049998865000816295
0.7432861214206877,0.07500853925876792,-0.12713818349532433,9.156840106190797,0.04102732953792032,0.07762861791345974,0.9453666836426838,0.05340106500079855
0.7432861214206877,0.07500853925876792,-0.12713818349532433,9.200956290682177,0.039007729559061864,0.07712392657192518,0.9453553119963075,0.04666624699893873
0.7780435581647069,0.06855634660934234,-0.11042500677992384,9.248131140901918,0.03463761217611777,0.07691058488504207,0.945828281940586,0.04987676000018837
0.7780435581647069,0.06855634660934234,-0.11042500677992384,9.295494444558864,0.03247978888530223,0.07578761016707573,0.9460104524280326,0.050066363997757435
0.7780435581647069,0.06855634660934234,-0.11042500677992384,9.342795876526242,0.03175473180288469,0.07529977840940723,0.9460760566220618,0.04999749400303699
0.8098698117008338,0.06055139634320197,-0.08948773585917875,9.390113867169989,0.028318543253726187,0.07518049764019519,0.9464764756107314,0.04999383699760074
0.8098698117008338,0.06055139634320197,-0.08948773585917875,9.437447550346453,0.02677163141265254,0.07418448396247497,0.9469350554357086,0.049986198002443416
0.8098698117008338,0.06055139634320197,-0.08948773585917875,9.484808301761154,0.026411010180800252,0.0737930429292228,0.94693990441237,0.05001452699798392
0.8274747332865928,0.05914524365013516,-0.06242735210455211,9.532158869846834,0.02493706786577591,0.07286210069416532,0.9471671138771668,0.04999177799982135
0.8274747332865928,0.05914524365013516,-0.06242735210455211,9.579544200346282,0.024947805110253962,0.07186783723950439,0.9474536777208192,0.05001334800181212
0.8274747332865928,0.05914524365013516,-0.06242735210455211,9.626887660993972,0.025478516821946563,0.07147081720808103,0.9475402799748336,0.04996458899768186
0.8501540675931364,0.05564580094515798,-0.022943422446173634,9.676178447732488,0.02401146930662847,0.07045733151786808,0.9478958440128281,0.052000214000145206
0.8501540675931364,0.05564580094515798,-0.022943422446173634,9.721703073995197,0.024186821022834804,0.06925786194286125,0.9484651824141586,0.04799820500193164
0.8577177772640243,0.039964656633466364,0.019425518197004003,9.770697158826849,0.023805176357077674,0.06934409462039824,0.9484108083946906,0.051659138000104576
0.8577177772640243,0.039964656633466364,0.019425518197004003,9.81667605078998,0.024357996566200878,0.0691778552549486,0.9495683214490177,0.04842083599942271
0.8808401675292395,0.05316202695438655,0.05264374738485309,9.866611831685242,0.023216743629740723,0.06690483802372603,0.949952395579998,0.052566613998351386
0.8808401675292395,0.05316202695438655,0.05264374738485309,9.91160155024149,0.02396304470595978,0.06475193743393817,0.9498305517191772,0.04736604700156022
0.8808401675292395,0.05316202695438655,0.05264374738485309,9.959118092792268,0.02497543670036607,0.06363678387089425,0.9499286512584602,0.050021169998217374
0.8808401675292395,0.05316202695438655,0.05264374738485309,10.006648533833928,0.026111204699922428,0.06294789260047251,0.9499325068808491,0.05003559800024959
0.8808401675292395,0.05316202695438655,0.05264374738485309,10.054127882899683,0.027320861681825216,0.06257196101918677,0.9499415755025774,0.04998133600020083
0.8777753945477426,0.05036333345330465,0.08857285772134618,10.10205322103441,0.02895346457001209,0.061501023286361145,0.949821161041991,0.05045722300201305
0.8765134303878672,0.048950810557989596,0.12900355648254735,10.14940710923378,0.031224874634198194,0.059606578277928146,0.9498525492840512,0.049853935997816734
0.8765134303878672,0.048950810557989596,0.12900355648254735,10.196594676384915,0.033753022508846396,0.05846347241578004,0.9499787768476129,0.04967223300263868
0.8765134303878672,0.048950810557989596,0.12900355648254735,10.244698375414602,0.0357961557779428,0.05780211212793965,0.9499955847757564,0.050635707997571444
0.8299109826837452,0.021090297641753276,0.18854844636344315,10.291571333604875,0.042709707122536925,0.05809205768650445,0.9494584961879363,0.049368096002581296
0.8299109826837452,0.021090297641753276,0.18854844636344315,10.339069309822056,0.04797261519382229,0.05881932751956846,0.9499999753519761,0.04999787099950481
0.8242213146094678,0.022853877109521997,0.21919967043641725,10.386885270744074,0.05226358989968949,0.05712407294220685,0.9495470300788315,0.05035660099747474
0.8242213146094678,0.022853877109521997,0.21919967043641725,10.43403540335347,0.055871432569996875,0.055942672553375886,0.9493162698634338,0.049667465002130484
0.8280724604527585,0.02623689235897702,0.24341153323520487,10.48143082229402,0.05800917577592736,0.013337481501171682,0.9487770411447449,0.04995422199863242
0.8280724604527585,0.02623689235897702,0.24341153323520487,10.529486577483718,0.060110949418920534,-0.0125321818154912,0.9487191207658737,0.050653301001148066
0.8280724604527585,0.02623689235897702,0.24341153323520487,10.576293093048603,0.06185359436614353,-0.028238212142986777,0.9487071127929372,0.04933716099912999
0.8280724604527585,0.02623689235897702,0.24341153323520487,10.62390410791053,0.06335760459831125,-0.037899194843909745,0.948695419432638,0.050185774998681154
0.8291900122361348,0.02823245927672854,0.273514588979494,10.671141522455818,0.06440795982093582,-0.0459198970544446,0.9481578284815015,0.04982020200259285
0.8291900122361348,0.02823245927672854,0.273514588979494,10.718787367153466,0.0657283423838186,-0.05117533383689592,0.9477095899172046,0.050274730998353334
0.8351405003878494,0.03386927085116036,0.30764191329915935,10.765854503872438,0.0658661361429062,-0.057287419997422984,0.946777502314003,0.04971298600139562
0.8351405003878494,0.03386927085116036,0.30764191329915935,10.813215617005918,0.06649035572534331,-0.06122467116096049,0.9464889798442733,0.05003873699752148
0.8351405003878494,0.03386927085116036,0.30764191329915935,10.860535911559554,0.06728269927521814,-0.06381465658469679,0.9465345251024226,0.04999320500064641
0.855608970452208,0.043151270106156325,0.348294397168596,10.907918210704262,0.06522493659489034,-0.06888882486451325,0.9455234340156652,0.05011224200279685
0.855608970452208,0.043151270106156325,0.348294397168596,10.955017938125078,0.06428114996422962,-0.07197401059094462,0.944998225333212,0.04984107499694801
0.855608970452208,0.043151270106156325,0.348294397168596,11.002295357510594,0.06409978405208641,-0.07411491002417957,0.9449199780841959,0.050033252002322115
0.855608970452208,0.043151270106156325,0.348294397168596,11.050015912652587,0.06430375320561534,-0.07576206165758106,0.9447538852962185,0.050511097000708105
0.8963361200148426,0.06544203671947621,0.37782290859102924,11.096963540117544,0.0590357763942705,-0.08061975751365905,0.9440427522960853,0.04973040400000173
0.8963361200148426,0.06544203671947621,0.37782290859102924,11.144198549273233,0.055551669132023675,-0.08301938148626802,0.9430900266908596,0.050085365997802
0.8963361200148426,0.06544203671947621,0.37782290859102924,11.191137698839212,0.05390990992665697,-0.08467925910012489,0.9430748684689537,0.049772452999604866
0.9193101377025062,0.07781533762906719,0.37920463489963663,11.23839969331593,0.050018543294595846,-0.08706981418408544,0.9426332070660863,0.05013826600043103
0.9193101377025062,0.07781533762906719,0.37920463489963663,11.28548849759681,0.0476484094056565,-0.08823321400647777,0.9422584277185374,0.04997440499937511
0.9193101377025062,0.07781533762906719,0.37920463489963663,11.332400692809697,0.04658106511561718,-0.08923725662104812,0.9422144903289094,0.049789295000664424
0.9193101377025062,0.07781533762906719,0.37920463489963663,11.379507583999946,0.0460869114764656,-0.09023893756508083,0.941873383451495,0.050014037999062566
0.9193101377025062,0.07781533762906719,0.37920463489963663,11.426606236450452,0.04599062915342768,-0.0911768318305742,0.941806330422986,0.050008851001621224
0.9586091792291379,0.09672210444520338,0.32477385672448744,11.47377472517139,0.041762799519620024,-0.09117475638160233,0.942397389964247,0.05005159099891898
0.9586091792291379,0.09672210444520338,0.32477385672448744,11.521560054143817,0.03904198573830836,-0.09089574643508411,0.9420210112084727,0.05072639400168555
0.9586091792291379,0.09672210444520338,0.32477385672448744,11.567970732546252,0.03771722992992895,-0.09101594536826309,0.94189003746158,0.04927398799918592
0.9586091792291379,0.09672210444520338,0.32477385672448744,11.616537934917922,0.03713680008573533,-0.0913788749748545,0.9419119367558678,0.05156236000038916
0.9671221133374682,0.10027776333888996,0.29290383601189723,11.662192601869586,0.03627907759629154,-0.09108016658362814,0.9419912763933436,0.048466125001141336
0.9671221133374682,0.10027776333888996,0.29290383601189723,11.710384476317078,0.03596009130943352,-0.09112838370171286,0.9420922291898014,0.05115409399877535
0.9885261801638923,0.1052556394005104,0.24790605049885578,11.756341652021964,0.03421528416309753,-0.09004113594974339,0.9427860618999995,0.04874613399806549
0.9885261801638923,0.1052556394005104,0.24790605049885578,11.803484709473187,0.03334259441263456,-0.08942716919373109,0.9428431784228668,0.05000095300056273
1.0029492895966718,0.10730936500075902,0.1910708055362012,11.850613418956613,0.03231338458086107,-0.08734677010587442,0.943687703372944,0.04994100200201501
1.0029492895966718,0.10730936500075902,0.1910708055362012,11.898214854543976,0.03211834205381836,-0.08637133250060769,0.9439793807364494,0.05042635099744075
1.0029492895966718,0.10730936500075902,0.1910708055362012,11.945048347761812,0.032083132034733564,-0.08621519922348425,0.9437619332616045,0.049624266001046635
1.0029492895966718,0.10730936500075902,0.1910708055362012,11.992258128473258,0.032269340014095926,-0.086380311812901,0.9438023317554586,0.05002083500221488
1.0096783578600392,0.10770265789592294,0.14395521444824722,12.039577020690661,0.03258908377663812,-0.0849177130040698,0.9444235110407978,0.05010346699782531
1.0132371336499972,0.10568777867897804,0.09223061755109177,12.086765214260724,0.03390910896516267,-0.08194231446291887,0.9455994690597812,0.04990294000162976
1.0132371336499972,0.10568777867897804,0.09223061755109177,12.134049742796213,0.03533812859031899,-0.08075472654002042,0.9460493883611989,0.04998103599791648
1.0132371336499972,0.10568777867897804,0.09223061755109177,12.181331418815288,0.03636943202473729,-0.08046187825751808,0.9461085425739961,0.04997489599918481
1.0165468671160311,0.10425744824512227,0.042449927118437966,12.22878109616442,0.037814035004740607,-0.07788626487386127,0.9469339655785585,0.05010875000152737
1.0165468671160311,0.10425744824512227,0.042449927118437966,12.27855728765382,0.03949825334135057,-0.07679502067636608,0.9474524966131883,0.05253687300137244
1.0165468671160311,0.10425744824512227,0.042449927118437966,12.323427253000439,0.04064216293840901,-0.07665189580023316,0.9474185937401853,0.047360232998471474
1.0231798975293245,0.10093211939378076,-0.012971153006935254,12.370749340126354,0.042064153082258526,-0.07287353911105948,0.948601917766247,0.049886139000591356
1.0231798975293245,0.10093211939378076,-0.012971153006935254,12.418320683869627,0.043868884390614385,-0.07101981080162476,0.9490803117365234,0.05012362300112727
1.0231798975293245,0.10093211939378076,-0.012971153006935254,12.470168745115291,0.04525880164346045,-0.07025434402288334,0.9491074541076507,0.05462823099878733
1.0327446872822228,0.0976771278600847,-0.06357264005030185,12.513284030682238,0.046297741547537574,-0.06593581729928227,0.9499001452904842,0.04538928200054215
1.0327446872822228,0.0976771278600847,-0.06357264005030185,12.560778881668263,0.04780075265556266,-0.06352452548402648,0.9499999807061433,0.049994581000646576
1.0404113113253617,0.09472493768816787,-0.10833720060953816,12.60827337451657,0.04866653212658051,-0.058364928542857734,0.9499999999642869,0.049994203000096604
1.0404113113253617,0.09472493768816787,-0.10833720060953816,12.655779346213533,0.04990592282481556,-0.05529872927538697,0.9499999999892725,0.05000628599736956
1.046847170607934,0.09094786381714418,-0.147549674629753,12.703205193015542,0.050389717397908776,-0.00958842251457416,0.9499999999914694,0.04992194400256267
1.046847170607934,0.09094786381714418,-0.147549674629753,12.750860043964671,0.05114975032163781,0.017886631543101557,0.949999999976432,0.05016300100032822
1.046847170607934,0.09094786381714418,-0.147549674629753,12.798254992010643,0.05213408437389501,0.03444408690045947,0.9499999999450185,0.04988941899864585
1.0596836577339133,0.08593448610912524,-0.1913517933491734,12.845941564408674,0.051322042499355236,0.04893715839861536,0.9499999999677243,0.050196391999634216
1.0596836577339133,0.08593448610912524,-0.1913517933491734,12.893283666808017,0.050902558296763156,0.05756666156570218,0.9499999999897752,0.049833791999844834
1.0596836577339133,0.08593448610912524,-0.1913517933491734,12.940841006908098,0.05115354807021647,0.06294467914458363,0.9499999999952046,0.050060358000337146
1.0696865280735546,0.0792329129997619,-0.23390339601698093,12.988275464508291,0.049581289872670416,0.07103654774177812,0.9499999999792264,0.049931008001294686
1.0696865280735546,0.0792329129997619,-0.23390339601698093,13.035785394855099,0.048285701332195875,0.0756295018032819,0.9499999999334952,0.05001045300014084
1.0853977779071922,0.07103582090941558,-0.2729264088833633,13.083739264950173,0.04487125187306909,0.0827269357561197,0.9499999999206177,0.0504777579990332
1.0853977779071922,0.07103582090941558,-0.2729264088833633,13.1324873559456,0.042365267794045106,0.08615719166669239,0.9499999998963724,0.05131378000078257
1.0853977779071922,0.07103582090941558,-0.2729264088833633,13.178282388770594,0.04134630823439999,0.08855395415567018,0.949999994356199,0.04820529799690121
1.0971370526843973,0.06384790410386011,-0.28395339511798695,13.225790929484742,0.03903699186749469,0.09202245604062681,0.9499895562363887,0.05000954000206548
1.0971370526843973,0.06384790410386011,-0.28395339511798695,13.273269755870775,0.03753822839552553,0.09397792830894247,0.9499759546079322,0.04997897700013709
1.0971370526843973,0.06384790410386011,-0.28395339511798695,13.322728670382595,0.03705828511865355,0.09555163261432506,0.9499348113129791,0.05206558799909544
1.1133683623173722,0.05609034412678194,-0.28300324375601427,13.368259248149828,0.03481160085228481,0.09787961080916319,0.9498080238940573,0.047936611001205165
1.1133683623173722,0.05609034412678194,-0.28300324375601427,13.415833861349451,0.03351990046019993,0.09913960950290612,0.9498044994220985,0.05008884799826774
1.1300578137554986,0.04890006171112566,-0.25116812757569357,13.46326564423322,0.031384024254235296,0.09968843432529544,0.9499905722221668,0.04992868800036376
1.1300578137554986,0.04890006171112566,-0.25116812757569357,13.510722834851476,0.030873854212378236,0.1002834890128677,0.9499996860825881,0.049954953999986174
1.1422408475921897,0.04431543007306572,-0.2071043868785113,13.55879521269347,0.030033567529691732,0.09972383966298468,0.9499999998258928,0.0506025030008459
1.1422408475921897,0.04431543007306572,-0.2071043868785113,13.605801849191609,0.030700513498166368,0.09997615391262779,0.949999999947486,0.04948067000077572
1.1422408475921897,0.04431543007306572,-0.2071043868785113,13.65327124208815,0.031371548965946246,0.1007232583047787,0.9499999999856968,0.04996778199711116
1.1489097371780599,0.04262003087202357,-0.1632919221152652,13.700761003937773,0.03228144425780834,0.09964377012284574,0.9499999999922191,0.04998922300001141
1.1489097371780599,0.04262003087202357,-0.1632919221152652,13.749910782489499,0.034126444034272306,0.09973779254115114,0.9499999999865956,0.051736609002546174
1.1489097371780599,0.04262003087202357,-0.1632919221152652,13.797395867486735,0.03557660748697968,0.10034481995400701,0.9499999999489066,0.04998429999977816
1.1500633837572394,0.04124461294013104,-0.10906163750346005,13.843247919585428,0.03779553276667422,0.0984880915288094,0.9499999999605013,0.04826531800063094
1.1500633837572394,0.04124461294013104,-0.10906163750346005,13.890821764982029,0.040696435492919805,0.09827560403309096,0.9499999999778568,0.05007773199758958
1.1500633837572394,0.04124461294013104,-0.10906163750346005,13.93862386213177,0.04277592061914441,0.09871792251399754,0.9499999999930988,0.05031799700009287
1.1553843959470413,0.04079169099002105,-0.05318996003746787,13.985780923533857,0.0451284439445955,0.09619825901961745,0.94999999999528,0.04963901200244436
1.1553843959470413,0.04079169099002105,-0.05318996003746787,14.03574251508394,0.04817161125003672,0.09532776402456962,0.9499999999950052,0.05259114900036366
1.1567589914860494,0.04197828554559279,0.005909849560977939,14.080737728930716,0.05204204925149325,0.09070720227088777,0.9499999999922658,0.04736338299699128
1.1567589914860494,0.04197828554559279,0.005909849560977939,14.128239600430847,0.055788565638211135,0.08852919113646912,0.9499999999802722,0.05000197000117623
1.1567589914860494,0.04197828554559279,0.005909849560977939,14.176578994779275,0.058461210199394716,0.08768508649529194,0.9499999999740022,0.050883572999737225
1.1668773026934702,0.04286204717083951,0.060579415330758495,14.223247555728927,0.060852376127594594,0.0832227882625474,0.9499999999873148,0.04912480100028915
1.1668773026934702,0.04286204717083951,0.060579415330758495,14.270723296528619,0.06325604334242965,0.08049480637355022,0.9499999999916633,0.049974464000115404
1.1742149796765615,0.04621006735944024,0.12087401888411274,14.319693723626994,0.06585211345487108,0.07253542609571212,0.9499999999932973,0.051547817998653045
1.1742149796765615,0.04621006735944024,0.12087401888411274,14.365734129377552,0.06747950125420904,0.06821168938786662,0.949999999997437,0.04846358500071801
1.1742149796765615,0.04621006735944024,0.12087401888411274,14.413257878427352,0.06878324358631314,0.06603465297021648,0.9499999999957017,0.05002499900001567
1.1904342659403309,0.050680688962023046,0.1839684691664406,14.460664952277176,0.06720843670460311,0.01757654030362268,0.9499999999948288,0.04990218300008564
1.1904342659403309,0.050680688962023046,0.1839684691664406,14.510847468227027,0.06580456280128352,-0.010221962240675082,0.9499999999916562,0.052823701000306755
1.1904342659403309,0.050680688962023046,0.1839684691664406,14.555737949326307,0.06533853493417607,-0.026360084492725,0.9499999999829966,0.04725313800008735
1.2079627969310576,0.05681445394232115,0.2524126994771826,14.603246383424903,0.06191628180796234,-0.04326461363671494,0.9499999999897383,0.05000887799906195
1.2079627969310576,0.05681445394232115,0.2524126994771826,14.650740302474771,0.059024063620811154,-0.05144433230261513,0.9499999999778416,0.04999359900102718
1.2284304703434596,0.06541337232923951,0.3132842583424095,14.698268651424849,0.05319067704493487,-0.06221336225524088,0.9499999999892073,0.05002984100065078
1.2284304703434596,0.06541337232923951,0.3132842583424095,14.745754903023766,0.04896966748582972,-0.06628083655208834,0.9499999999873618,0.04998552799952449
1.2284304703434596,0.06541337232923951,0.3132842583424095,14.793271634423698,0.04682849824395378,-0.06810427963698296,0.949999999991557,0.050017612000374356
1.2437876035146065,0.07543331562676985,0.3590047815865915,14.840754614221158,0.04195783858463463,-0.07387281038578858,0.9499999999919991,0.049982083997747395
1.2437876035146065,0.07543331562676985,0.3590047815865915,14.88825364807293,0.03856727391137929,-0.07552954023832512,0.9499999999917778,0.04999898300229688
1.2437876035146065,0.07543331562676985,0.3590047815865915,14.935848142672853,0.0369539713130706,-0.07616578638893792,0.949999999987979,0.050099468000553316
1.2581425092688663,0.08844162609912815,0.4010169141354726,14.983256497121323,0.032056221825823544,-0.08149321496884163,0.9499999999966763,0.04990353099856293
1.2581425092688663,0.08844162609912815,0.4010169141354726,15.031323089469565,0.02876837843779117,-0.08302136996779166,0.9499999999867138,0.05059641299885698
1.274302800308311,0.09931070450622104,0.40698273158908277,15.07825341342104,0.025261027062978156,-0.08548828820451984,0.9499999999878707,0.04940034100218327
1.274302800308311,0.09931070450622104,0.40698273158908277,15.125768272368502,0.023156616239898856,-0.08576530985975055,0.9499999999867601,0.050015640998026356
1.2862388286061441,0.10897026314210674,0.3908043798172495,15.173128446619641,0.021893969744250657,-0.08565171550672873,0.9499999999858563,0.04985281500194105
1.2862388286061441,0.10897026314210674,0.3908043798172495,15.22073074166781,0.02143552534477075,-0.0842783667278531,0.9499999999870417,0.050107678998756455
1.2862388286061441,0.10897026314210674,0.3908043798172495,15.269305197366952,0.022082567779114843,-0.08282665748239677,0.9499999999981801,0.05113100599919562
1.2964238260584933,0.11598383922934857,0.37291308946508556,15.315733769316333,0.021249540674547998,-0.08094290419100968,0.9499999999921512,0.048872180999751436
1.2964238260584933,0.11598383922934857,0.37291308946508556,15.363258361016976,0.02198743836022425,-0.07906811976942013,0.9499999999920835,0.05002588600109448
1.2964238260584933,0.11598383922934857,0.37291308946508556,15.410816355667565,0.023486603268097938,-0.07771478917916101,0.9499999999969466,0.0500610470007814
1.3045783011051348,0.12096506710069072,0.3482081794127492,15.45829795511728,0.023811976725100374,-0.07532443913822173,0.9499999999956955,0.04998063099992578
1.3045783011051348,0.12096506710069072,0.3482081794127492,15.505738041465955,0.02584952444432133,-0.07344468022806032,0.9499999999902745,0.049936932999116834
1.3045783011051348,0.12096506710069072,0.3482081794127492,15.553283150316002,0.02891637027421974,-0.07225212483586313,0.9499999999909527,0.05004748300052597
1.3116664614816362,0.12489633340456162,0.3226798629257343,15.60076031421551,0.031669254136183475,-0.06991423695754459,0.94999999999518,0.049975961999734864
1.3116664614816362,0.12489633340456162,0.3226798629257343,15.648855626013544,0.03732834623780912,-0.0682799475204963,0.9499999999829709,0.05062664399883943
1.3116664614816362,0.12489633340456162,0.3226798629257343,15.695729600715687,0.046314585027930094,-0.06753781403994227,0.9499999999978703,0.04934102600236656
1.315099403486138,0.12785852935090958,0.29770174385349557,15.745126061014906,0.05973785720187737,-0.06594680757580298,0.9499999999854094,0.05199627399997553
1.315099403486138,0.12785852935090958,0.29770174385349557,15.79084743586343,0.07997690374001748,-0.0646303701866377,0.9499999999935372,0.048127762998774415
1.31935978393,0.13152655229741458,0.2626968592142756,15.83826858396222,0.09780880504287032,-0.06052336584570446,0.9499999999873812,0.04991699799938942
1.31935978393,0.13152655229741458,0.2626968592142756,15.885744260164417,0.11053710713231273,-0.05758468238209797,0.9499999999935023,0.04997439600265352
1.3211037897769211,0.13254574621826928,0.23658019418575146,15.933366276261241,0.11767829759887573,-0.013364576120804855,0.949999999992615,0.050128437997045694
1.3211037897769211,0.13254574621826928,0.23658019418575146,15.980760234412315,0.12211312149311548,0.01306480403821379,0.949999999993369,0.04988837700147997
1.3211037897769211,0.13254574621826928,0.23658019418575146,16.028497255610265,0.12495152099938173,0.029090193740000977,0.9499999999915857,0.050249495998286875
1.3204632378814585,0.13339908960366345,0.20048674080364223,16.075769571010138,0.12577448104199312,0.04174048939384917,0.9499999999973664,0.04976033200000529
1.3204632378814585,0.13339908960366345,0.20048674080364223,16.123815353610876,0.12626409829281143,0.04922086723508352,0.9499999999983746,0.050574508000863716
1.3204632378814585,0.13339908960366345,0.20048674080364223,16.172292670862813,0.1266907512123719,0.05386072345617021,0.9499999999944658,0.05102875500233495
1.3204632378814585,0.13339908960366345,0.20048674080364223,16.218555578011813,0.12709177417740136,0.056738306775171166,0.9499999999896838,0.04869779699947685
1.3204632378814585,0.13339908960366345,0.20048674080364223,16.265728806509713,0.12748745459650748,0.05861293583992062,0.949999999995871,0.04965602999800467
1.354584225364718,0.13799362018967284,0.12681830728141263,16.313476892361148,0.11968213241313712,0.06689941425271974,0.9499999999909484,0.050261143001989694
1.354584225364718,0.13799362018967284,0.12681830728141263,16.360749113710416,0.11479810845742226,0.07040471296355513,0.9499999999912428,0.049760232999688014
1.354584225364718,0.13799362018967284,0.12681830728141263,16.408375192957756,0.11203059413454612,0.07260978954568836,0.9499999999897095,0.05013271499774419
1.3722384740134992,0.1393445578512964,0.10595686930229528,16.455751042207357,0.10691382338307281,0.07587554930235905,0.949999999987202,0.049869315000250936
1.3722384740134992,0.1393445578512964,0.10595686930229528,16.503554368656673,0.10385679015638188,0.07751668539984408,0.9499999999854709,0.050319291000050725
1.404645904686188,0.14239964573110572,0.09632074459114855,16.55096768210556,0.09665039213234948,0.07987133446276307,0.9499999999825026,0.04990875099974801
1.404645904686188,0.14239964573110572,0.09632074459114855,16.600710630205885,0.09234552073150509,0.08066612110624821,0.9499999999889222,0.05236099800094962
1.404645904686188,0.14239964573110572,0.09632074459114855,16.64575572855613,0.08991980433171926,0.08126713984416216,0.9499999999847415,0.04741589300101623
1.4404484216015507,0.14541932786262352,0.10338180822055554,16.693315053205765,0.08295017037139804,0.08206651545604646,0.949999999982723,0.050062447000527754
1.4404484216015507,0.14541932786262352,0.10338180822055554,16.74079432420379,0.07875534744793738,0.0818449013201602,0.9499999999791815,0.04997817999901599
1.4859985360698247,0.15183606488691595,0.1295722704398573,16.788204749651896,0.06988991758131213,0.08107910348771641,0.9499999999781505,0.04990571099915542
1.4859985360698247,0.15183606488691595,0.1295722704398573,16.835721666300717,0.06469301963671349,0.07958811894544168,0.9499999999825454,0.050017806999676395
1.4859985360698247,0.15183606488691595,0.1295722704398573,16.883304104452282,0.061785672062266574,0.0789676946728721,0.9499999999850894,0.050086777002434246
1.4859985360698247,0.15183606488691595,0.1295722704398573,16.93075692364857,0.06021268020100044,0.07866138811998569,0.9499999999830998,0.049950335996982176
1.5182836201872452,0.15776449322479225,0.16421824207802313,16.978254484048065,0.05504903058043237,0.07733621671094609,0.9499999999716057,0.04999743200096418
1.5182836201872452,0.15776449322479225,0.16421824207802313,17.025759231196382,0.05210084694278848,0.07588653845299065,0.9499999999733004,0.05000499699963257
1.5644484183028151,0.1664165246506008,0.20611018009259244,17.073691737695057,0.043725456035167316,0.07393200620148929,0.9499999999665393,0.05045527000038419
1.5644484183028151,0.1664165246506008,0.20611018009259244,17.120761611895404,0.038739657238164936,0.07165559157112632,0.9499999999749524,0.04954723600167199
1.5644484183028151,0.1664165246506008,0.20611018009259244,17.16850816729404,0.03680327634249475,0.07048115138400293,0.9499999999828048,0.05025953199947253
1.6061377390661797,0.17724767911290432,0.2513497080054858,17.215756956891255,0.031841061597550256,0.06830989895523917,0.9499999999795592,0.04973556799814105
1.6061377390661797,0.17724767911290432,0.2513497080054858,17.263417095542756,0.030038063550208022,0.06595092091842145,0.9499999999844173,0.05016856700240169
1.637484991537078,0.1884322888581803,0.30359723471072697,17.310979527639965,0.02624476292059564,0.06294762837519713,0.9499999999780014,0.05006571799822268
1.637484991537078,0.1884322888581803,0.30359723471072697,17.358589580391534,0.025221899280697846,0.06034951454587722,0.9499999999850706,0.05011584500243771
1.637484991537078,0.1884322888581803,0.30359723471072697,17.40641396834002,0.025158924378121134,0.05887258597809214,0.9499999999824824,0.05034146099933423
1.6551111205144624,0.1973936268478244,0.3511170840378244,17.453409492689467,0.023685265633918654,0.05640499396184775,0.9499999999824728,0.04946897300033015
1.6551111205144624,0.1973936268478244,0.3511170840378244,17.500820335186624,0.023897783606533853,0.05449023264160549,0.9499999999868715,0.04990614999769605
1.6709085020382552,0.20664008027141667,0.3998791246554152,17.54823286773766,0.022659922381953513,0.011798441195098347,0.9499999999812659,0.049907929002074525
1.6709085020382552,0.20664008027141667,0.3998791246554152,17.596245226485635,0.022915680473710245,-0.014189999736735012,0.949999999984761,0.05053932499868097
1.6709085020382552,0.20664008027141667,0.3998791246554152,17.64364565033633,0.023556683614478775,-0.02982494295687483,0.9499999999881508,0.04989518300135387
1.6796641788905224,0.21485651076422055,0.4383511697187408,17.690765378634428,0.023161510932030102,-0.040662697829891695,0.9499999999853443,0.0495997139987594
1.6796641788905224,0.21485651076422055,0.4383511697187408,17.73837836213485,0.02369198693363349,-0.0474090605395667,0.9499999999858438,0.050118930001190165
1.6796641788905224,0.21485651076422055,0.4383511697187408,17.785945803581797,0.02446323797439308,-0.05155819922046058,0.9499999999868155,0.05007099099748302
1.6836178500608914,0.21900574515188995,0.45995312489883994,17.833634115433114,0.02473751964532421,-0.054919520857261706,0.9499999999951357,0.05019822300164378
1.6836178500608914,0.21900574515188995,0.45995312489883994,17.880760730281335,0.025470484255979774,-0.057122575096339126,0.9499999999841983,0.04960696299895062
1.6796683676442228,0.22121602016344338,0.47453245833683877,17.928361706521905,0.02649453529457638,-0.05930357492652359,0.9499995218112469,0.05010631600089255
1.6796683676442228,0.22121602016344338,0.47453245833683877,17.977093018128706,0.027588889683266712,-0.06077246971542921,0.9499745817133836,0.05129749000116135
1.6796683676442228,0.22121602016344338,0.47453245833683877,18.023770118437422,0.028676681363066614,-0.06182339141085636,0.9498019120790826,0.04914403699876857
1.6796683676442228,0.22121602016344338,0.47453245833683877,18.070891629501133,0.0297407997336707,-0.06262262868074397,0.9496719638523314,0.04961872399871936
1.6796683676442228,0.22121602016344338,0.47453245833683877,18.118537991154497,0.03079311338673142,-0.06327698680009035,0.9494480187765292,0.050183223000203725
1.6843234318146152,0.2274554356862954,0.4595028720408398,18.165565738447995,0.031086181793160597,-0.06383226862641084,0.9492117187341478,0.04954400200222153
1.6843234318146152,0.2274554356862954,0.4595028720408398,18.213378156020134,0.03162737525769549,-0.06433546614431775,0.9490006813980977,0.05038185800003703
1.6843234318146152,0.2274554356862954,0.4595028720408398,18.26072138972311,0.03237185817093102,-0.06482186372389145,0.9487890079708112,0.04989858999761054
1.6843234318146152,0.2274554356862954,0.4595028720408398,18.31047797750354,0.033232032326030836,-0.06529928630510196,0.9485803277514917,0.05245374200239894
1.6843234318146152,0.2274554356862954,0.4595028720408398,18.355417846415104,0.03418203766622603,-0.06578459533920847,0.9483582383705076,0.04738701799942646
1.6843234318146152,0.2274554356862954,0.4595028720408398,18.40296873760766,0.035141917243371616,-0.06626129982272284,0.9482574842310431,0.05014554800072801
1.6854847616271948,0.2311457975309414,0.4329014376407413,18.450614778087846,0.035905668318922127,-0.06626778954652998,0.9481713812797788,0.05025045199727174
1.6854847616271948,0.2311457975309414,0.4329014376407413,18.497598873462405,0.03675953357093348,-0.06644297131587226,0.9480140981741,0.049560545001440914
1.6854847616271948,0.2311457975309414,0.4329014376407413,18.54563526438672,0.03768589345415777,-0.06674093331600073,0.9478267215223798,0.05068056199888815
1.6854847616271948,0.2311457975309414,0.4329014376407413,18.592664150736653,0.0386631747905285,-0.06711720284179498,0.9476322998302834,0.04962777900072979
1.6854847616271948,0.2311457975309414,0.4329014376407413,18.643248855943277,0.039660977182666354,-0.06754041165897878,0.9474462397393494,0.0533905810007127
1.6955130060549695,0.23717483052571614,0.3862960336388087,18.687246763237535,0.03969516289660399,-0.06670193738114039,0.9479186625173337,0.04641527700005099
1.6955130060549695,0.23717483052571614,0.3862960336388087,18.73456576935868,0.040107900351418715,-0.06634104997103554,0.9478098366724027,0.04992457800108241
1.6955130060549695,0.23717483052571614,0.3862960336388087,18.78225741734476,0.04078073425658432,-0.06630646059231458,0.9476371752094854,0.05032690699954401
1.6946847381888472,0.2386308169170678,0.353262442322198,18.82977105719299,0.04175946538396897,-0.06555537040976075,0.9476843866381023,0.05013656499795616
1.6946847381888472,0.2386308169170678,0.353262442322198,18.878029350955703,0.042795360569440596,-0.06525420844353813,0.9475760029197591,0.050928151002153754
1.7041157149425274,0.24290948405209584,0.31977791251547877,18.92489530422732,0.042916308051656415,-0.06422110185705635,0.9478450745954735,0.049444739997852594
1.7041157149425274,0.24290948405209584,0.31977791251547877,18.971983776677202,0.04342818580207869,-0.06373249831913003,0.9478119205601195,0.04968124100196292
1.7041157149425274,0.24290948405209584,0.31977791251547877,19.018886228882874,0.04417716498606082,-0.06359367751170485,0.9476620904910732,0.049492801997985225
1.7140310351384584,0.2458215232553722,0.28420904826831456,19.06656791518809,0.04414123203423048,-0.062398296734226914,0.9479994996065555,0.05029716400167672
1.7140310351384584,0.2458215232553722,0.28420904826831456,19.113672952342846,0.044568217667639666,-0.06180642326240867,0.9478621335088361,0.04969608499959577
1.7223436403598753,0.24818375369006856,0.2546481107741324,19.161018748585313,0.04447895255150073,-0.0605524129709339,0.9480953934172208,0.049937798001337796
1.7223436403598753,0.24818375369006856,0.2546481107741324,19.20851486596005,0.04486503282345761,-0.0599139654785983,0.9479556807380328,0.05010373199911555
1.7223436403598753,0.24818375369006856,0.2546481107741324,19.25585334356467,0.045558915036933954,-0.05965158360452197,0.9478153525928051,0.04994483100017533
1.7361473224805832,0.25031699916144967,0.2121152499175621,19.302908062502688,0.04191724322780614,-0.08766719682546462,0.9413050805351739,0.04998880799757899
1.7361473224805832,0.25031699916144967,0.2121152499175621,19.3499098811713,0.03765830788444999,-0.07978027560601678,0.938626762428901,0.05007508900234825
1.7361473224805832,0.25031699916144967,0.2121152499175621,19.397486088968495,0.03485351180561354,-0.09414809534989656,0.9348640007163042,0.05089104699800373
1.7492788008136686,0.2521330987947925,0.17438186480574516,19.443607655052794,0.028912107083396525,-0.09631948946449478,0.938130236988849,0.049163286999828415
1.7492788008136686,0.2521330987947925,0.17438186480574516,19.49022267297458,0.025347264250040913,-0.09971910541041473,0.9344473071912193,0.049885121999977855
1.7591157436521987,0.25330960834362737,0.1359881083855754,19.537023085468427,0.023208358550035224,-0.09942377594754254,0.9349203578300692,0.05005818100107717
1.7591157436521987,0.25330960834362737,0.1359881083855754,19.5836834752476,0.021925015130021507,-0.09799998687441158,0.9342537112630225,0.049944024001888465
1.7591157436521987,0.25330960834362737,0.1359881083855754,19.630398481905186,0.021155009078110364,-0.09680200216813525,0.9340559896355737,0.050013068997941446
1.759819354082354,0.25201020644252836,0.10325769908432736,19.67953249318802,0.02069300544686689,-0.09532810735133052,0.9338012046286189,0.05261720700218575
1.759819354082354,0.25201020644252836,0.10325769908432736,19.723754610400878,0.020415803268290025,-0.09453555225145355,0.9334317156779091,0.04737584599934053
1.7700677038115284,0.2499073604535124,0.06358935127524572,19.770432419668776,0.020249481961191,-0.09359404075381986,0.9340882794499374,0.04997151799761923
1.7700677038115284,0.2499073604535124,0.06358935127524572,19.817225438786696,0.020149689176717812,-0.09244838996276354,0.9339339194977128,0.050103137000405695
1.7700677038115284,0.2499073604535124,0.06358935127524572,19.863944703080467,0.020089813506104878,-0.09176017034912705,0.9340351160808409,0.0500187450015801
1.7711215486259877,0.24801787569542522,0.010590235937816463,19.91391819778986,0.020053888103793813,-0.09030032662080083,0.934150800709173,0.05349617499814485
1.7711215486259877,0.24801787569542522,0.010590235937816463,19.957287456811844,0.02003233286240157,-0.08956776850652412,0.9340333746910189,0.04643223700259114
1.7644902920993015,0.24474065686990348,-0.04030695359521761,20.00733577140319,0.020019417834973838,-0.08801760616904829,0.9340057740295672,0.05358458800037624
1.7644902920993015,0.24474065686990348,-0.04030695359521761,20.053101846209255,0.02039171683182004,-0.08815737536060794,0.9338863918514612,0.04900604099748307
1.7644902920993015,0.24474065686990348,-0.04030695359521761,20.097319582415558,0.020235152053660322,-0.08837784619458952,0.9334321996097962,0.04737112799921306
1.7644902920993015,0.24474065686990348,-0.04030695359521761,20.144034860713514,0.020306200540154133,-0.08871759567169712,0.9330983419267292,0.05006468900319305
1.7644902920993015,0.24474065686990348,-0.04030695359521761,20.191207840818514,0.0203196563297222,-0.08900466360582543,0.93286267398746,0.05056797899669618
1.7644902920993015,0.24474065686990348,-0.04030695359521761,20.237298976393564,0.020524166082163807,-0.08932881421645046,0.9324096071663371,0.049432283001806354
1.7520614679204078,0.2423477931446913,-0.12760587639783522,20.28388524072342,0.022930981885012226,-0.08750396775588055,0.9322622137042079,0.04997120299958624
1.7520614679204078,0.2423477931446913,-0.12760587639783522,20.33052837252808,0.024949306385451238,-0.08772001368361783,0.931996866946894,0.05004644699874916
1.7520614679204078,0.2423477931446913,-0.12760587639783522,20.377051114336773,0.025832611837440823,-0.08815839501983658,0.9316673825904074,0.04993492600260652
1.7520614679204078,0.2423477931446913,-0.12760587639783522,20.424001251979828,0.026493868133859573,-0.08876674476296298,0.9315626600153989,0.050399333998939255
1.7520614679204078,0.2423477931446913,-0.12760587639783522,20.470216891087844,0.02695973828322943,-0.08922437530942007,0.9319648097264381,0.049589467998885084
1.7404437183125787,0.2412675596129255,-0.19533722078346583,20.516883185528396,0.029668408965314506,-0.08750403395001763,0.9328526153695976,0.0500253669997619
1.7404437183125787,0.2412675596129255,-0.19533722078346583,20.56354577112991,0.03201325618895251,-0.08763675188587397,0.9337561457791494,0.04997298899979796
1.7404437183125787,0.2412675596129255,-0.19533722078346583,20.610251930555428,0.03314074742121481,-0.08793607862774322,0.9340308875738951,0.05000494100022479
1.7404437183125787,0.2412675596129255,-0.19533722078346583,20.657111660697762,0.0339394835391503,-0.0884441709765535,0.9341868016049287,0.05016098499982036
1.7404437183125787,0.2412675596129255,-0.19533722078346583,20.703639040987433,0.034333548037370404,-0.08898282521647072,0.9340924305211171,0.04981025300003239
1.7317514312045827,0.2403061973516187,-0.2599423026312668,20.7503994949422,0.03646783558677552,-0.08729002827926571,0.9342955435438705,0.05004888900293736
1.7317514312045827,0.2403061973516187,-0.2599423026312668,20.797115818100206,0.03815573810377795,-0.08783890734094235,0.9348667039280576,0.049971106000157306
1.7317514312045827,0.2403061973516187,-0.2599423026312668,20.844260404477023,0.03871502151956448,-0.0888044620065849,0.9351402193978725,0.0504144569968048
1.7317514312045827,0.2403061973516187,-0.2599423026312668,20.89064300289553,0.038990511169207605,-0.08987352929272663,0.9357013202193171,0.04956987600235152
1.7317514312045827,0.2403061973516187,-0.2599423026312668,20.93754290211092,0.03914363261208414,-0.09069101400280302,0.9363713387672822,0.05008685899883858
1.7333077547471787,0.2365690947804016,-0.35027049346717243,20.984548014390107,0.04053720266346801,-0.0874710567396256,0.9377434831224374,0.05012576800072566
1.7333077547471787,0.2365690947804016,-0.35027049346717243,21.031994292004544,0.04219935442702829,-0.08667558952621332,0.9388236595115091,0.0505380079994211
1.7333077547471787,0.2365690947804016,-0.35027049346717243,21.078283795004538,0.04292292512772471,-0.08696137022419818,0.939829744213282,0.049253073000727454
1.7279049142752982,0.23041499125938597,-0.39550008737877496,21.12785824365895,0.04530271621941195,-0.08421441325176138,0.9416462079738164,0.052646576001279755
1.7279049142752982,0.23041499125938597,-0.39550008737877496,21.172523334930077,0.04781906182335789,-0.08431934711174027,0.9432232556471458,0.04735367899775156
1.7279049142752982,0.23041499125938597,-0.39550008737877496,21.219777051737477,0.04906674733440683,-0.08499856533208316,0.9446429366341663,0.0500228339988098
1.7402768610878079,0.22217147254246453,-0.4399584674688311,21.26710385021951,0.049425199509301715,-0.08286347830507025,0.9464956110607606,0.05000213200037251
1.7402768610878079,0.22217147254246453,-0.4399584674688311,21.315365551913146,0.050743118999244996,-0.08191263456341005,0.9481522182809898,0.0509007950022351
1.7506614166383199,0.2133432262790296,-0.49580272736990433,21.361977299216438,0.051861653056367696,-0.07721110066540361,0.9499989382015124,0.0490650520005147
1.7506614166383199,0.2133432262790296,-0.49580272736990433,21.409855989163304,0.05483350736394221,-0.07457728756786744,0.9499999999614164,0.05039862099874881
1.7506614166383199,0.2133432262790296,-0.49580272736990433,21.45698486026127,0.05687431905005381,-0.07311342924442797,0.9499999999811001,0.04960933799884515
1.7555719555262566,0.20587644733061503,-0.5508576921349009,21.504494072413777,0.05949330587389219,-0.06640313065446671,0.9499999999992513,0.05000969700267888
1.7555719555262566,0.20587644733061503,-0.5508576921349009,21.55198011406337,0.06292163775754267,-0.0621180614873032,0.9499999999996372,0.04998530699958792
1.773355263049767,0.1940519419114008,-0.6107549618797621,21.59947948896065,0.06410322603550449,-0.013306454031784494,0.9499999999827887,0.049999341998045566
1.773355263049767,0.1940519419114008,-0.6107549618797621,21.646980705908806,0.06678676354735427,0.016834226981580325,0.9499999999492186,0.05000128100073198
1.773355263049767,0.1940519419114008,-0.6107549618797621,21.694502837107024,0.06949429584040595,0.03554692413781311,0.9499999999588703,0.05002329600029043
1.789291857981571,0.1739555058228233,-0.6611459221629746,21.74209374830549,0.06966829771356133,0.055887099915785644,0.9499999999957676,0.05009569599860697
1.789291857981571,0.1739555058228233,-0.6611459221629746,21.78949546605778,0.07083257669036211,0.06876300110457406,0.9499999999999538,0.049896545002411585
1.789291857981571,0.1739555058228233,-0.6611459221629746,21.83714072675626,0.0721110423008986,0.07703602954190494,0.9499999999999611,0.050152905998402275
1.8078723622814352,0.15691834567941798,-0.7139897165240467,21.88448236840537,0.06931664154509909,0.08947156823515492,0.9499999999999741,0.04983330699906219
1.8078723622814352,0.15691834567941798,-0.7139897165240467,21.932021775356542,0.06727737475471188,0.09645270623099494,0.949999999999814,0.05004148100124439
1.8224686582675607,0.14087338112528452,-0.7494053257633485,21.98008412975656,0.061712956089358104,0.10534844283772038,0.9499999999983879,0.05059195200010436
1.8224686582675607,0.14087338112528452,-0.7494053257633485,22.02702565230404,0.058193311282840096,0.110290725789165,0.9499999999607063,0.049412128999392735
1.8224686582675607,0.14087338112528452,-0.7494053257633485,22.076037652355147,0.056450250720385196,0.11373486232147242,0.9499999999850276,0.05159157900197897
1.8411211912788923,0.12084815411548487,-0.7614796616978592,22.12199067425281,0.051063238500805866,0.11892754273610899,0.9499999999723047,0.04837160199895152
1.8411211912788923,0.12084815411548487,-0.7614796616978592,22.16950217305142,0.047755020598656536,0.12182009236182806,0.9499999999988338,0.05001210399859701
1.854615686306495,0.103032473988713,-0.7528979806901326,22.216861005901894,0.04227539173430328,0.1250920554170909,0.9499999999999511,0.049851403000502614
1.854615686306495,0.103032473988713,-0.7528979806901326,22.264491155903787,0.03953382623666101,0.1270552332502422,0.9499999999999215,0.05013700000199606
1.854615686306495,0.103032473988713,-0.7528979806901326,22.31197539350371,0.038016326797658165,0.12823313994998636,0.9499999999963024,0.04998340800011647
1.870551185781373,0.08383690776766434,-0.7140105170606664,22.359667080696465,0.03466463351371207,0.12893988396605177,0.9499999999073572,0.05020177599726594
1.870551185781373,0.08383690776766434,-0.7140105170606664,22.407001395937876,0.03327622072884653,0.1293639303751486,0.9499999998165123,0.049825595000584144
1.870551185781373,0.08383690776766434,-0.7140105170606664,22.457024016436744,0.032536550060505945,0.12961835822431608,0.9499999999469912,0.05265539000174613
1.8862307324395133,0.06671913105773246,-0.6666731895275747,22.50197632828479,0.03028098838217036,0.12977101493456705,0.9499999999988423,0.04731822299800115
1.8862307324395133,0.06671913105773246,-0.6666731895275747,22.553091129586416,0.029728809954978924,0.12986260896073937,0.9499999999999335,0.05380505400171387
1.900274536804441,0.05713442529221813,-0.6050207998929962,22.597016723235196,0.029557472249190822,0.12991756537644195,0.9499999999999698,0.046237466998718446
1.900274536804441,0.05713442529221813,-0.6050207998929962,22.64457079438503,0.03059888648379999,0.12995053922583655,0.949999999998667,0.050056916999892564
1.900274536804441,0.05713442529221813,-0.6050207998929962,22.692186806485985,0.031237960914364687,0.12997032353520627,0.9499999999804519,0.050122118002036586
1.9069885201735939,0.051688454990079624,-0.5449433401943916,22.739488109233537,0.032865682500071706,0.12998219412068615,0.9499999999905963,0.049790844997914974
1.9069885201735939,0.051688454990079624,-0.5449433401943916,22.787008533282187,0.03504778742195847,0.12998931647231837,0.9499999999952227,0.05002149899883079
1.9069885201735939,0.051688454990079624,-0.5449433401943916,22.83607878542981,0.036353389473759753,0.12999358988270235,0.9499999999508967,0.051652897000167286
1.9195869080548182,0.04933805727019997,-0.46215175365763506,22.881983988128813,0.03982336638742708,0.12983596293993688,0.949999999976789,0.04832126600012998
1.9195869080548182,0.04933805727019997,-0.46215175365763506,22.930104956578898,0.04410902523414341,0.12990157776388672,0.9499999999984017,0.05065365100017516
1.9281044130206069,0.044426625700992345,-0.3873618155775482,22.976984582828777,0.04885639754101334,0.12829697736992118,0.9499999999988182,0.0493469749999349
1.9281044130206069,0.044426625700992345,-0.3873618155775482,23.024480136830086,0.053520726926885115,0.1289781864182521,0.9499999999982002,0.049995320001471555
1.9281044130206069,0.044426625700992345,-0.3873618155775482,23.0719889480804,0.056334505406450144,0.12938691185019113,0.9499999999915459,0.05000927500077523
1.9360652762912873,0.04438027914980183,-0.31432804022202265,23.119598122079434,0.06116695124475512,0.12599813913276683,0.9499999999991033,0.05011491999903228
1.9360652762912873,0.04438027914980183,-0.31432804022202265,23.16760960587986,0.06534560369680084,0.12527878308088441,0.9499999999954504,0.05053840400069021
1.9450146616495814,0.04119451945808736,-0.24585201966197595,23.214567141628336,0.06925395714134217,0.12065016061124509,0.9499999999807713,0.04942898499939474
1.9450146616495814,0.04119451945808736,-0.24585201966197595,23.262001870929097,0.0726900142111559,0.11923347035269151,0.9499999999962386,0.049931294000998605
1.9450146616495814,0.04119451945808736,-0.24585201966197595,23.30965119002958,0.07516191881731701,0.11923984737170451,0.9499999999998274,0.05015717800051789
1.9450146616495814,0.04119451945808736,-0.24585201966197595,23.357914034328378,0.07696399192956432,0.11990853205406181,0.9499999999905305,0.05080299399924115
1.955389898602242,0.04155549528053915,-0.16763018851125178,23.404504856778093,0.08003095704296254,0.11369587268884915,0.9499999999797979,0.04904297100074473
1.955389898602242,0.04155549528053915,-0.16763018851125178,23.452153907976804,0.08299636849679404,0.11161743001977764,0.9499999999941371,0.05015689599895268
1.9660912178633816,0.043599157304491244,-0.09628880301476367,23.49946022102444,0.08678827045532891,0.1041381340669217,0.9499999999979495,0.04979611899761949
1.9660912178633816,0.043599157304491244,-0.09628880301476367,23.546984203774247,0.09036881640933106,0.10187228400879665,0.9499999999934622,0.050025245000142604
1.9707282849851155,0.048438101524331395,-0.025847170929488274,23.594503076475284,0.09567338289907598,0.0938646976456869,0.9499999999999336,0.05001986600109376
1.9707282849851155,0.048438101524331395,-0.025847170929488274,23.64357421497501,0.10067618533524517,0.09192786955150895,0.9499999999974388,0.05165382999985013
1.9707282849851155,0.048438101524331395,-0.025847170929488274,23.691081334273992,0.10485270465972699,0.09261613818337924,0.9499999999958711,0.05000749399914639
1.9804957271067125,0.04954524954493752,0.04930422998602399,23.736997308075022,0.109977954044786,0.08681102320108815,0.9499999999979593,0.048332604001188884
1.9804957271067125,0.04954524954493752,0.04930422998602399,23.784510293623832,0.11570723825415974,0.08620620211023061,0.9499999999976627,0.05001366899887216
1.9804957271067125,0.04954524954493752,0.04930422998602399,23.832031988773913,0.12126041136322449,0.08766091208930288,0.9499999999989103,0.05002283700014232
2.0009985059193935,0.04906054953503137,0.13495967365632708,23.88056614832362,0.12730178682961177,0.08186224811939447,0.9499999999971257,0.05108858899984625
2.0009985059193935,0.04906054953503137,0.13495967365632708,23.927220926676146,0.13536570563869746,0.08145039349386782,0.9499999999984,0.049110293002740946
2.032721487324296,0.05385078723082328,0.21715997147058913,23.974417885223254,0.14121942338290022,0.07398713244881105,0.9499999999964905,0.04968100899714045
2.032721487324296,0.05385078723082328,0.21715997147058913,24.022631046425186,0.14473165402972382,0.07121302208399033,0.9499999999993614,0.05075069600206916
2.032721487324296,0.05385078723082328,0.21715997147058913,24.071739125673492,0.1468389924177742,0.07024599020739844,0.949999999997499,0.05169271499835304
2.0654117126533125,0.06738563547901631,0.29353770600987295,24.11703586097491,0.1481033954506641,0.02067816738467538,0.9499999999999835,0.047680774001491955
2.0654117126533125,0.06738563547901631,0.29353770600987295,24.164485772222815,0.1488620372703512,0.03252953468989653,0.9499999999965623,0.04994727499797591
2.096159776467308,0.08249719646943009,0.35804623025606236,24.21277551577555,0.1493172223621391,-0.007861701029883258,0.9499999999955977,0.050831309003115166
2.096159776467308,0.08249719646943009,0.35804623025606236,24.259488211823015,0.14959033341727465,-0.030828739259378304,0.9499999999991439,0.049171258997375844
2.096159776467308,0.08249719646943009,0.35804623025606236,24.308544323225252,0.14975420005033646,-0.044405278906321025,0.9499999999971047,0.05163801200251328
2.13960417107532,0.10582117534585597,0.4280069100241345,24.354433996272405,0.14985252003019675,-0.060811560209956615,0.9499999999996747,0.04830491899701883
2.13960417107532,0.10582117534585597,0.4280069100241345,24.402064930973573,0.14991151201807926,-0.06924477764949037,0.949999999995884,0.05013782600144623
2.13960417107532,0.10582117534585597,0.4280069100241345,24.450438622222585,0.14994690721083684,-0.07417880202049447,0.9499999999987944,0.05091967499902239
2.1760600777408334,0.12829266556204313,0.48395279114492173,24.496999383825365,0.1499681443264897,-0.08360017383644854,0.949999999999317,0.04901132800296182
2.1760600777408334,0.12829266556204313,0.48395279114492173,24.544505342223868,0.14998088659589298,-0.08788379628993417,0.9499999999999293,0.05000627199842711
2.2174599741713457,0.15372050351587302,0.5224271411944389,24.591913157074355,0.1487558284693462,-0.09410906844597465,0.9499999999919941,0.04990296300093178
2.2174599741713457,0.15372050351587302,0.5224271411944389,24.63954269337315,0.14871573792889503,-0.09578868859689532,0.9499999999982912,0.050136353998823324
2.2174599741713457,0.15372050351587302,0.5224271411944389,24.686997699473935,0.14885781181496865,-0.0967434751763462,0.9499999999998564,0.04995263800083194
2.262919000715569,0.18124363043865288,0.5348408069388527,24.73455787817356,0.1413651351061988,-0.09944936063464008,0.9499999999989658,0.05006334599966067
2.262919000715569,0.18124363043865288,0.5348408069388527,24.782013671821623,0.13717709360500024,-0.09926010547404317,0.9499999999996713,0.04995346699797665
2.2966715960001944,0.20294273453294023,0.5252481325222768,24.82940814202222,0.12860643036746397,-0.09920429990720597,0.9499999999970766,0.049888916000782046
2.2966715960001944,0.20294273453294023,0.5252481325222768,24.876977624073845,0.12379037742915014,-0.09783583967258322,0.9499999999935009,0.0500731390020519
2.2966715960001944,0.20294273453294023,0.5252481325222768,24.924508883821307,0.12099608396944256,-0.09702800275881718,0.9499999999995516,0.05003290499735158
2.3306955014106423,0.2214465425558612,0.49264820249912267,24.97199019352387,0.11273322981459426,-0.09435833161937349,0.9499999999999823,0.04998032600269653
2.3306955014106423,0.2214465425558612,0.49264820249912267,25.01955562857196,0.108145625743262,-0.09169680196916856,0.949999999999997,0.050068878997990396
2.3306955014106423,0.2214465425558612,0.49264820249912267,25.069293377322115,0.10546966060975313,-0.09017296313394828,0.9499999999999501,0.05235552500016638
2.369176887270483,0.2390180990503849,0.43636241444965623,25.11507495747264,0.096161366622243,-0.08576611272562465,0.9499999999973824,0.04819113700068556
2.369176887270483,0.2390180990503849,0.43636241444965623,25.162198311920758,0.09101194404019078,-0.08241439363010301,0.9499999999837968,0.04960353099886561
2.406503440065904,0.25478218191930674,0.37238612417006417,25.21290023657044,0.0806124740876796,-0.07745758364472073,0.9499999999957506,0.05337044699990656
2.406503440065904,0.25478218191930674,0.37238612417006417,25.257061130020922,0.07478707200519966,-0.07412083250145338,0.9499999999996336,0.04648515100052464
2.406503440065904,0.25478218191930674,0.37238612417006417,25.304507769470767,0.0713427274753015,-0.07220750572360647,0.9499999999999936,0.04994383099983679
2.4401938986097074,0.2643712997378246,0.30718958500380505,25.35199041012005,0.0627859452348627,-0.06848868783530092,0.9499999999999347,0.049981726999249076
2.4401938986097074,0.2643712997378246,0.30718958500380505,25.39950414522012,0.057966102562918315,-0.06618026381990154,0.9499999999999289,0.050014458000077866
2.4401938986097074,0.2643712997378246,0.30718958500380505,25.447024049619124,0.055121458220434544,-0.0648550145262346,0.9499999999874176,0.05002095199961332
2.4780975165864443,0.2754848740212148,0.2421755850430262,25.494502231921825,0.046594300110484425,-0.06233359230264606,0.9499999999979656,0.04997703400294995
2.4780975165864443,0.2754848740212148,0.2421755850430262,25.542007746669793,0.041777423824712064,-0.060865109983422344,0.949999999990443,0.0500058049983636
2.513103158032566,0.28254916796807106,0.19656391984633217,25.588962690111785,0.033066454294829704,0.011295558059051851,0.9400802373991717,0.04994780400011223
2.513103158032566,0.28254916796807106,0.19656391984633217,25.635721396349258,0.027839872576897826,-0.016611779370250435,0.9346615750030458,0.05002741900170804
2.513103158032566,0.28254916796807106,0.19656391984633217,25.682320586801595,0.024703923546138866,0.02619825988812067,0.9317092157091507,0.05001473599986639
2.553790960673528,0.28583646935315393,0.14140626300554054,25.730500222481947,0.022822354127684404,0.040783131059709196,0.9499999996190687,0.05071540599965374
2.553790960673528,0.28583646935315393,0.14140626300554054,25.77720402363771,0.021693412476611884,0.05956846143567593,0.9478508167691073,0.04927336699984153
2.577582323348215,0.28837609535426084,0.09955915105490105,25.825205543836375,0.021016047485968345,0.06655117066372658,0.9499999999955816,0.050527915998827666
2.577582323348215,0.28837609535426084,0.09955915105490105,25.872241756687533,0.020609628491581038,0.07560581532178352,0.9499999999998797,0.0495118030012236
2.577582323348215,0.28837609535426084,0.09955915105490105,25.922213897036823,0.020365777094949286,0.07953858730398217,0.9499999999982739,0.05260225299934973
2.6022256865676714,0.29044540473606356,0.06748738151175691,25.96719973343674,0.020219466256970055,0.08408710684817458,0.949999999998796,0.0473535119999724
2.6022256865676714,0.29044540473606356,0.06748738151175691,26.01626304868509,0.020131679754182043,0.08534986126932206,0.9499999999999829,0.05164559499826282
2.6022256865676714,0.29044540473606356,0.06748738151175691,26.062239943137797,0.02007900785250941,0.08826808838150638,0.9499999999996352,0.048396731002867455
2.6102958675500436,0.29319605651900027,0.055973974277517956,26.10970570513608,0.020047404711508135,0.09087218031484767,0.9499999999956091,0.04996395999842207
2.6102958675500436,0.29319605651900027,0.055973974277517956,26.157265044035938,0.02002844282690563,0.09222933599547967,0.9499999999987758,0.050062461999914376
2.6165806338448947,0.294282917480796,0.07101996947434236,26.204707017086747,0.02001706569614338,0.09286895862943495,0.9499999999999956,0.049938919000851456
2.6165806338448947,0.294282917480796,0.07101996947434236,26.252227044035248,0.020010239417689514,0.09288777320537978,0.9499999999946326,0.05002108099870384
2.6165806338448947,0.294282917480796,0.07101996947434236,26.299707728636275,0.0200061436506185,0.09385173570126311,0.9499999999925782,0.04997966800146969
2.6165806338448947,0.294282917480796,0.07101996947434236,26.34718070113714,0.020003686190371184,0.09587835536949461,0.9499999999998819,0.049971550000918796
2.6165806338448947,0.294282917480796,0.07101996947434236,26.39477434358576,0.020002211714224505,0.0978593230784973,0.9499999999975992,0.050098570998670766
2.621874214290535,0.29653226730932464,0.09405078282358205,26.442214228535313,0.02000132702853484,0.09865022161311118,0.9499999999998204,0.04993672099953983
2.621874214290535,0.29653226730932464,0.09405078282358205,26.489740139784924,0.020000796217120934,0.09883048074429454,0.949999999999961,0.05002727499959292
2.621874214290535,0.29653226730932464,0.09405078282358205,26.537180823686835,0.02000047773027258,0.0987091109252508,0.9499999999999765,0.0499375620020146
2.621874214290535,0.29653226730932464,0.09405078282358205,26.584673174285818,0.020000286638163632,0.09835968026642687,0.9499999999998952,0.04999194799893303
2.621874214290535,0.29653226730932464,0.09405078282358205,26.632219943734263,0.020000171982898905,0.0978826465353903,0.949999999999061,0.050049230998411076
2.6255136467286166,0.2972612483986994,0.14614634356454462,26.67968700153446,0.020000103189741623,0.09632410069785513,0.9499999999969566,0.04996532400036813
2.6255136467286166,0.2972612483986994,0.14614634356454462,26.72718416673574,0.020000061913850765,0.09504694480360802,0.949999999992787,0.04999701600172557
2.6255136467286166,0.2972612483986994,0.14614634356454462,26.77471032878615,0.02000003714831055,0.0944647087806218,0.9499999999998877,0.05002753900043899
2.6255136467286166,0.2972612483986994,0.14614634356454462,26.82219129743583,0.020000022288986452,0.09455011309170279,0.9499999999998406,0.04997996699967189
2.6255136467286166,0.2972612483986994,0.14614634356454462,26.869729161586047,0.020000013373391873,0.096097574615636,0.9499999999999988,0.05003985700022895
2.6255136467286166,0.2972612483986994,0.14614634356454462,26.91721883508481,0.020000008024035502,0.09844762939922358,0.9499999999995908,0.04998912999872118
2.627655211920259,0.2994234751475006,0.21735321461263332,26.9647409026343,0.020000004814424578,0.09779741124017063,0.9499999999967121,0.05002322899963474
2.627655211920259,0.2994234751475006,0.21735321461263332,27.012220570733035,0.02000000288866466,0.09724339135504513,0.9499999999910048,0.04997859799914295
2.627655211920259,0.2994234751475006,0.21735321461263332,27.059712369385696,0.020000001733198842,0.09666957296253387,0.949999999999958,0.0499913670028036
2.627655211920259,0.2994234751475006,0.21735321461263332,27.10718958933269,0.020000001039919307,0.09602520193369732,0.9499999999999988,0.04997602099683718
2.627655211920259,0.2994234751475006,0.21735321461263332,27.154772710534047,0.020000000623956057,0.0953237583922414,0.9499999999957583,0.05008749600165174
2.6366970237143414,0.30408543214390116,0.30484694672509655,27.202215820735084,0.02000000037437923,0.09243654378724533,0.9499999999945209,0.049940116001380375
2.6366970237143414,0.30408543214390116,0.30484694672509655,27.249748129285003,0.020000000224635363,0.09019294544818496,0.9499999999940053,0.05003400900022825
2.6366970237143414,0.30408543214390116,0.30484694672509655,27.29719937528398,0.020000000134806926,0.09018880895473644,0.9499999999805933,0.049948679999943124
2.6366970237143414,0.30408543214390116,0.30484694672509655,27.344705652882567,0.020000000080884157,0.09238288503943161,0.9499999999999988,0.050006607998511754
2.6366970237143414,0.30408543214390116,0.30484694672509655,27.39217459358286,0.020000000048531055,0.09434697942595462,0.9499999999996823,0.04996730600032606
2.6363808163474673,0.30490121341924825,0.3889235567978386,27.439711475432233,0.02000000002911871,0.09249951526302735,0.949999999999957,0.05003882299934048
2.6363808163474673,0.30490121341924825,0.3889235567978386,27.487198979131474,0.020000000017472354,0.09130218239536775,0.9499999999994754,0.049986845999228535
2.6363808163474673,0.30490121341924825,0.3889235567978386,27.534714455583824,0.02000000001050401,0.09080608503981805,0.9499999999904843,0.05001629100297578
2.6363808163474673,0.30490121341924825,0.3889235567978386,27.582213687029945,0.020000000006325444,0.09147795947696923,0.9499999999896829,0.04999919099645922
2.6363808163474673,0.30490121341924825,0.3889235567978386,27.629709598230026,0.020000000003845046,0.09449884043603268,0.9499999999800609,0.04999569600113318
2.6445811486246864,0.3111204588926038,0.476809758703662,27.67718060898047,0.02000000000230742,0.09467303787311321,0.9499999999998756,0.04996948500047438
2.6445811486246864,0.3111204588926038,0.476809758703662,27.72471637363123,0.020000000001391217,0.0938117052023919,0.9499999999987973,0.05003764700086322
2.6445811486246864,0.3111204588926038,0.476809758703662,27.77232538803199,0.020000000000835853,0.09375015078216756,0.9499999999998097,0.05011475200080895
2.6445811486246864,0.3111204588926038,0.476809758703662,27.819716243480688,0.020000000000514162,0.09514485658218103,0.949999999998028,0.04988511099872994
2.6445811486246864,0.3111204588926038,0.476809758703662,27.867194428631002,0.02000000000035851,0.09992629705849734,0.9499999999940278,0.049977037000644486
2.6445811486246864,0.3111204588926038,0.476809758703662,27.91471541887906,0.020000000000224054,0.10568661450852627,0.9499999999994054,0.05002209499798482
2.660093653807576,0.3254517322840829,0.5593942207605874,27.962175820031117,0.020000000000134452,0.10292705267824676,0.949999999999999,0.04995831700216513
2.660093653807576,0.3254517322840829,0.5593942207605874,28.009718137779114,0.021884385307732047,0.10027826002749143,0.9499999999989991,0.050044544997945195
2.660093653807576,0.3254517322840829,0.5593942207605874,28.057217369228752,0.02807936193854113,0.098565075587803,0.9499999999909075,0.0499991910000972
2.660093653807576,0.3254517322840829,0.5593942207605874,28.10478824493106,0.0444488503049312,0.09802987522453244,0.9499999999995911,0.05007460600245395
2.660093653807576,0.3254517322840829,0.5593942207605874,28.153768786679457,0.07372870846018383,0.09752499562595973,0.9499999999987743,0.05155846499837935
2.6576132495154665,0.3293771009281521,0.6429920757956619,28.199708894278697,0.09558870825585089,0.08505037632391518,0.9499999999857789,0.04835800799992285
2.6576132495154665,0.3293771009281521,0.6429920757956619,28.247201526078147,0.11025738182183022,0.07702517937897004,0.9499999999996301,0.04999224399944069
2.6576132495154665,0.3293771009281521,0.6429920757956619,28.295030962330245,0.11948043744139607,0.07154479608010925,0.9499999999991466,0.05034677500225371
2.6576132495154665,0.3293771009281521,0.6429920757956619,28.34220477032996,0.12526582242665424,0.0675009930370581,0.9499999999992486,0.04965663999973913
2.6576132495154665,0.3293771009281521,0.6429920757956619,28.389732137930157,0.12894996608310122,0.06430515260269741,0.9499999999999962,0.05002880800020648
2.66816834201788,0.34098506235484355,0.7184203894691272,28.437389765730032,0.1259238280802391,0.015515969567103868,0.9499999999996704,0.0501659239998844
2.66816834201788,0.34098506235484355,0.7184203894691272,28.485414336726873,0.12445588755607759,-0.013244817550550871,0.9499999999960386,0.05055217999688466
2.66816834201788,0.34098506235484355,0.7184203894691272,28.53947447337655,0.12375423594843621,-0.031241956284011982,0.9499999999916795,0.05690540700015845
2.6719052821749067,0.35290264620399775,0.7584263358420646,28.580318172978608,0.11946020040622407,-0.046499266825507105,0.949999999992597,0.042993368002498755
2.6719052821749067,0.35290264620399775,0.7584263358420646,28.62728222572636,0.11692839136191482,-0.05533946454000799,0.9499999999970974,0.04943584499778808
2.6891037415342285,0.37338102770655174,0.806144392142992,28.674711963729116,0.10915078805521886,-0.06469218963360795,0.9499999999999971,0.04992604000290157
2.6891037415342285,0.37338102770655174,0.806144392142992,28.722217337877172,0.10484239261038272,-0.07059687231101178,0.9499999999970216,0.05000565699810977
2.6891037415342285,0.37338102770655174,0.806144392142992,28.76973339952726,0.10237042926439836,-0.07476812198069235,0.9499999999999126,0.05001690700009931
2.7053073660083973,0.3929579604065995,0.8530104102451989,28.817173714827856,0.09503900497757907,-0.08048075759827643,0.9499999999993453,0.04993717400066089
2.7053073660083973,0.3929579604065995,0.8530104102451989,28.864752919177988,0.09098609258870596,-0.08420438389870581,0.9499999999981843,0.05008337300023413
2.729881103443058,0.4281469143309797,0.8887689525877923,28.915551730526996,0.07969825597133304,-0.08940679097218326,0.9499999999971662,0.05347243299911497
2.729881103443058,0.4281469143309797,0.8887689525877923,28.959816935877686,0.07321458166344588,-0.09274524017978082,0.9499999999995539,0.04659495300074923
2.729881103443058,0.4281469143309797,0.8887689525877923,29.007206118376455,0.0693613477620044,-0.09521999524595848,0.9499999999999073,0.04988334999870858
2.7540585565399054,0.459840473238668,0.8933254868817195,29.054712021678125,0.05987626680483954,-0.09786304849317996,0.9499999999997892,0.05000621400176897
2.7540585565399054,0.459840473238668,0.8933254868817195,29.102193171775014,0.05422112033806456,-0.09982971605471133,0.9499999999910425,0.04998015799719724
2.7540585565399054,0.459840473238668,0.8933254868817195,29.14969398687634,0.050838770925285576,-0.10142133198675851,0.949999999988119,0.05000085800202214
2.77413778325872,0.492739877430773,0.8837283875809303,29.197165764275052,0.04129382093952061,-0.10314697570866813,0.949999999997778,0.04997029199876124
2.77413778325872,0.492739877430773,0.8837283875809303,29.24484125207575,0.03542951129128495,-0.10427688707290955,0.9499999999920866,0.0501847240011557
2.794781719722378,0.5213614132016061,0.8518297354097618,29.29227398162667,0.029257706774771103,-0.10799740183182842,0.949999999999801,0.0499291890009772
2.794781719722378,0.5213614132016061,0.8518297354097618,29.33967582952435,0.025554624064866024,-0.10846535384856379,0.9499999999957192,0.049896681997779524
2.794781719722378,0.5213614132016061,0.8518297354097618,29.38720999057443,0.02333277443892589,-0.10914226856569478,0.9499999999916607,0.0500359590005246
2.81153426939608,0.5428280632369381,0.815634907693261,29.434681340473453,0.02199966466335556,-0.11154694433806957,0.9499999999999601,0.0499698419989727
2.81153426939608,0.5428280632369381,0.815634907693261,29.482207025626185,0.021199798798015323,-0.11244530680016872,0.9499999999972372,0.05002703700301936
2.81153426939608,0.5428280632369381,0.815634907693261,29.53027644707363,0.02071987927881008,-0.11360965676219521,0.9499999999987461,0.05059939099737676
2.826741821014145,0.5629699069568274,0.7680571384208714,29.578767429123033,0.02043192756728606,-0.11548304445936602,0.949999999999983,0.051043138999375515
2.826741821014145,0.5629699069568274,0.7680571384208714,29.62496304777305,0.020259156540371644,-0.11630512451941233,0.9499999999999929,0.04862696700001834
2.8390302883562,0.5741900675806241,0.7232037618309912,29.6720987389237,0.020155493924223,-0.1172046925073709,0.949999999999986,0.049616517000686144
2.8390302883562,0.5741900675806241,0.7232037618309912,29.719718898725834,0.020093296354533885,-0.1176707004428654,0.9499999999999336,0.05012648400224862
2.8390302883562,0.5741900675806241,0.7232037618309912,29.76783151097624,0.020055977812720345,-0.11870001086687543,0.9499999999999892,0.050644855000427924
2.8490214315008107,0.5818923618677615,0.6871748999457616,29.814683286074775,0.020033586687632613,-0.11935508444341554,0.9499999999996979,0.049317657998471987
2.8490214315008107,0.5818923618677615,0.6871748999457616,29.862196509125507,0.020020152012579673,-0.11992505759656776,0.9499999999999277,0.050013919000775786
2.856504534734223,0.5884388926832629,0.6492022335719071,29.90972830182455,0.02001209120755229,-0.12039613622447126,0.9499999999970334,0.050033465999149485
2.856504534734223,0.5884388926832629,0.6492022335719071,29.957227787873606,0.020007254724533786,-0.12073097219113682,0.9499999999985765,0.04999945899908198
2.856504534734223,0.5884388926832629,0.6492022335719071,30.005000527173546,0.020004352834720383,-0.12136704602238185,0.9499999999999319,0.050287093999941135
2.862021598134227,0.596180578986205,0.6028738851638915,30.055652296573633,0.020002611700837135,-0.12143717200597597,0.9499999999970193,0.05331765200025984
2.862021598134227,0.596180578986205,0.6028738851638915,30.10037922282403,0.020001567020502507,-0.12161072988281629,0.9499999999998749,0.047080975000426406
2.862021598134227,0.596180578986205,0.6028738851638915,30.147792367174645,0.020000940212304003,-0.12203028454003885,0.9499999999985757,0.049908573000720935
2.862021598134227,0.596180578986205,0.6028738851638915,30.194687140223348,0.020000564127383477,-0.12241625587294593,0.9499999999993817,0.04936291899866774
2.862021598134227,0.596180578986205,0.6028738851638915,30.242167928375792,0.020000338476430637,-0.12298737309235926,0.949999999999684,0.04997977700259071
2.868827816773746,0.601757407077877,0.5507026118565588,30.28969548312271,0.02000020308585852,-0.12292869198255452,0.9499999999999241,0.050029004996758886
2.868827816773746,0.601757407077877,0.5507026118565588,30.338751684773705,0.020000121851515375,-0.12316771660083219,0.9499999999998743,0.05163810700105387
2.868827816773746,0.601757407077877,0.5507026118565588,30.38471168537578,0.020000073110910205,-0.1240961662796061,0.9499999999995083,0.048378948002209654
2.872430991609917,0.6055494987782474,0.44341168898133976,30.432214747222588,0.020000043866577978,-0.12283887999403148,0.949999999984148,0.05000322299747495
2.872430991609917,0.6055494987782474,0.44341168898133976,30.479696172824244,0.02000002631997549,-0.1227232661864411,0.9499999999891167,0.049980448002315825
2.870521456286624,0.6037009554672116,0.37619601006112063,30.530608998423315,0.02000001579198936,-0.12174443345590442,0.9499999999984358,0.05359244799910812
2.870521456286624,0.6037009554672116,0.37619601006112063,30.574709166922663,0.02000000947519897,-0.12165721948912409,0.949999999998291,0.04642122999939602
2.870521456286624,0.6037009554672116,0.37619601006112063,30.622210628021193,0.020000005685120434,-0.1223399145164354,0.9499999999996709,0.05000153799846885
2.8664725108668008,0.6002971014457361,0.30698075256467794,30.66957974557436,0.02000000341107258,-0.12124956730729086,0.9499999999998953,0.04986222900333814
2.8664725108668008,0.6002971014457361,0.30698075256467794,30.717250525171657,0.020000002046645447,-0.12181436622223746,0.9499999999995163,0.050179767997178715
2.8665438332782314,0.5995762736084711,0.2444750327448426,30.764655212622202,0.02000000122803372,-0.1214996854084324,0.9499999999883665,0.0498996710011852
2.8665438332782314,0.5995762736084711,0.2444750327448426,30.812303006972044,0.020000000736903226,-0.12213628154260775,0.9499999999842154,0.050155573000665754
2.8665438332782314,0.5995762736084711,0.2444750327448426,30.85969941706969,0.020000000442221208,-0.12350893928273174,0.9499999999854924,0.04989095799828647
2.8633934581000924,0.5965463810916647,0.16927997230148126,30.90720382126907,0.02000000026533372,-0.12197875483901191,0.949999999999823,0.05000463599935756
2.8633934581000924,0.5965463810916647,0.16927997230148126,30.954722998920772,0.020000000159200285,-0.12196090155349917,0.9499999999999935,0.05002018700179178
2.8633934581000924,0.5965463810916647,0.16927997230148126,31.002213251921205,0.020000000095520276,-0.12341701342219313,0.9499999999999874,0.04998974000045564
2.8633209027719726,0.5947345399608382,0.09338923093159199,31.04968634507025,0.020000000057333888,-0.12216245526842281,0.9499999999975752,0.04997167699912097
2.8633209027719726,0.5947345399608382,0.09338923093159199,31.097811270268675,0.020000000034422753,-0.12269354353766927,0.9499999999985692,0.05065781599842012
2.8744124131500244,0.5947456532726482,0.019448558603336615,31.144692277820372,0.020000000020669796,-0.12205999396897257,0.949999999998997,0.04934842900183867
2.8744124131500244,0.5947456532726482,0.019448558603336615,31.192225062320656,0.020000000012772988,-0.12190814105736009,0.9499999999897172,0.05003451000084169
2.8744124131500244,0.5947456532726482,0.019448558603336615,31.243177463019837,0.020000000008067245,-0.12313796362457109,0.9499999999907099,0.053634105999663007
2.8728767419045256,0.5903343019352139,-0.041008825880189836,31.287216788767708,0.020000000004840694,-0.12102815140559729,0.9499999999999967,0.04635718499775976
2.8728767419045256,0.5903343019352139,-0.041008825880189836,31.33470490616999,0.022349149882320826,-0.12081128572738803,0.949999999999997,0.04998749200240127
2.87806892276848,0.5885181688712131,-0.1116168689626727,31.38218319106995,0.02451019600736314,-0.11833002976013604,0.9499999999993806,0.04997714199998882
2.87806892276848,0.5885181688712131,-0.1116168689626727,31.42968613036841,0.029320188919336642,-0.11736994878125229,0.9499999999998947,0.05000309399838443
2.87806892276848,0.5885181688712131,-0.1116168689626727,31.47716661357021,0.03252168553096467,-0.11754465199132332,0.9499999999999875,0.049979456001892686
2.8777133616796724,0.5875262998466732,-0.18158919898813294,31.52468340386862,0.03634866310871267,-0.11425714269456233,0.9499999999909079,0.05001767399880919
2.8777133616796724,0.5875262998466732,-0.18158919898813294,31.5726811354678,0.04192578726238688,-0.11280264349240997,0.9499999999994012,0.05052392799916561
2.8777133616796724,0.5875262998466732,-0.18158919898813294,31.619764463569542,0.04576116013377281,-0.11240139734440445,0.9499999999973809,0.04956139800196979
2.875926479101504,0.586593055922127,-0.2500705510747913,31.667204106268642,0.049958468430237435,-0.10827783022238233,0.9499999999999907,0.049936465999053326
2.875926479101504,0.586593055922127,-0.2500705510747913,31.714723046418534,0.055629692576729534,-0.10601631797440243,0.9499999999999922,0.05001993699988816
2.8878864847181087,0.5843932153966596,-0.31240286935494627,31.76221455151835,0.05897217305259547,-0.10161511501842563,0.9499999999932994,0.04999105800015968
2.8878864847181087,0.5843932153966596,-0.31240286935494627,31.81030225666827,0.06370382349854845,-0.09847253015978663,0.9499999999928118,0.050618637000297895
2.8878864847181087,0.5843932153966596,-0.31240286935494627,31.857297365867275,0.06710355069881921,-0.09672485373484976,0.9499999999983684,0.049468535999039887
2.889623955254261,0.583280652549118,-0.37829776538950366,31.90477380776764,0.07015367411798056,-0.09130260808808356,0.9499999999978737,0.04997520200049621
2.889623955254261,0.583280652549118,-0.37829776538950366,31.952203286419135,0.07454931305045648,-0.08766472768291875,0.9499999999976847,0.04992576700169593
2.889623955254261,0.583280652549118,-0.37829776538950366,31.99969920236864,0.07772175036464125,-0.08539075977469485,0.9499999999955108,0.049995700999716064
2.8912726073578465,0.5807091008655364,-0.4381710316010404,32.04718073056802,0.08024310717278674,-0.07949855617430746,0.9499999999999335,0.04998055599935469
2.8912726073578465,0.5807091008655364,-0.4381710316010404,32.09469103521851,0.08380880226787646,-0.07541591152303427,0.9499999999997976,0.05001084700052161
2.9033626440676454,0.5729006166039525,-0.4888761103721268,32.14222215151794,0.08495839479872544,-0.06907679644760371,0.9499999999999589,0.05003275399940321
2.9033626440676454,0.5729006166039525,-0.4888761103721268,32.1896904500164,0.08718118117231496,-0.06450875331894883,0.9499999999999105,0.049966629998380085
2.9033626440676454,0.5729006166039525,-0.4888761103721268,32.23729337206709,0.08892553242699396,-0.061440846053337154,0.9499999999973612,0.05010833900087164
2.921270890005764,0.5611334007796331,-0.5400582284011043,32.28474754311618,0.08792471729267161,-0.015482432651000147,0.9499999999881424,0.04995175899966853
2.921270890005764,0.5611334007796331,-0.5400582284011043,32.33220900921615,0.08850001894627506,0.012866178148246888,0.9499999999674468,0.04995943800167879
2.9438556738109147,0.5472065097392563,-0.5994599634200534,32.38069011501991,0.0859302236135118,0.03409778884996273,0.949537052605796,0.051057623997621704
2.9438556738109147,0.5472065097392563,-0.5994599634200534,32.42716715118046,0.085338429395619,0.0474933965365871,0.9495195449718367,0.04894795099971816
2.9438556738109147,0.5472065097392563,-0.5994599634200534,32.474621181665306,0.0852356994280834,0.055892867706609284,0.9491198652729324,0.04999793200113345
2.971991165491115,0.5244180634273504,-0.6562456230011686,32.521926971123136,0.08086177506097254,0.06533861692939211,0.9467366779878361,0.04996720900089713
2.971991165491115,0.5244180634273504,-0.6562456230011686,32.56939559274244,0.07859485352992515,0.07171421477664622,0.9466849830775257,0.05014193999886629
2.9970954581013003,0.5019155334655118,-0.7089858285164393,32.61643318796729,0.0726247910873895,0.08053351561855981,0.9446229504516747,0.04979510100019979
2.9970954581013003,0.5019155334655118,-0.7089858285164393,32.664113850058904,0.06883927895164041,0.08597854386159576,0.9444637866516219,0.050484373001381755
2.9970954581013003,0.5019155334655118,-0.7089858285164393,32.71095302765353,0.06670858518050665,0.08956154639437233,0.9439918548303782,0.049618200999248074
3.020124114578953,0.47991667694863677,-0.7403186320647674,32.758179787068755,0.06100026022238516,0.09585971077002303,0.9432897439968204,0.050066015999618685
3.020124114578953,0.47991667694863677,-0.7403186320647674,32.80523847856876,0.05735027281939069,0.09881857019204007,0.9427558874784286,0.04991609400167363
3.020124114578953,0.47991667694863677,-0.7403186320647674,32.85245676084175,0.05522504633110584,0.10085744880001354,0.9422863022807407,0.05011033499977202
3.0473875103108683,0.45220497304502566,-0.7484558931322616,32.899455725395306,0.048864114316151605,0.10492239658723021,0.9415881262657829,0.04991456799689331
3.0473875103108683,0.45220497304502566,-0.7484558931322616,32.946557948943145,0.04554386935685536,0.10619883781963299,0.9410399672438237,0.050053372000547824
3.0641676973141534,0.4324681649851597,-0.7315393097563072,32.994810746116954,0.04070907020410344,0.10833110072909598,0.9406681251953111,0.05129630300143617
3.0641676973141534,0.4324681649851597,-0.7315393097563072,33.04060843183067,0.039346890287024955,0.10923528738733806,0.9404071206663533,0.04869984999822918
3.0641676973141534,0.4324681649851597,-0.7315393097563072,33.09382573407815,0.039544910732028496,0.11037598771336764,0.940719459301389,0.05657085300117615
3.0808340176592206,0.4147254479736988,-0.6980469634125271,33.1347135289828,0.03804845378081488,0.11156520999837398,0.940643827614147,0.043467882002005354
3.0808340176592206,0.4147254479736988,-0.6980469634125271,33.18166460861672,0.03982102184492971,0.11181086883889488,0.9405755363895978,0.049917393997020554
3.0969579854357896,0.40116684829829385,-0.6536397872894611,33.22864344022561,0.04000658016154514,0.11143607704679992,0.9407492384328587,0.04993767700216267
3.0969579854357896,0.40116684829829385,-0.6536397872894611,33.27574035580585,0.04224099760263154,0.1105242810932189,0.9405437110435825,0.05007413799830829
3.0969579854357896,0.40116684829829385,-0.6536397872894611,33.32270593295644,0.04422353509915329,0.11033123393246796,0.9402021777316835,0.049952635999943595
3.1183283314093484,0.3861149650239451,-0.5947889341048841,33.370321508998515,0.04213650986926051,0.10849935071803629,0.9410948931166165,0.050595935001183534
3.1183283314093484,0.3861149650239451,-0.5947889341048841,33.416848868807634,0.042169019377046625,0.10647237558536274,0.9408037825550336,0.0494549030008784
3.1183283314093484,0.3861149650239451,-0.5947889341048841,33.46631140075398,0.04242514221909284,0.10554425695518882,0.9404979167766528,0.05259185699833324
3.1373155745445707,0.3743939648084738,-0.5312890849133344,33.5108538764023,0.03930136018592862,0.10337786965123968,0.9406697536049008,0.047351874000014504
3.1373155745445707,0.3743939648084738,-0.5312890849133344,33.56035636104116,0.03827569890946404,0.10149259633521468,0.9404432129935721,0.05263739899965003
3.1601133322549972,0.36335701986047997,-0.46807429349067897,33.604906991247816,0.03362056880939072,0.09914855031980743,0.9407678196413345,0.047355606002383865
3.1601133322549972,0.36335701986047997,-0.46807429349067897,33.65199673043025,0.031463703795150226,0.09725698065581656,0.9412484830332318,0.050029019999783486
3.1601133322549972,0.36335701986047997,-0.46807429349067897,33.699027455682106,0.03023516470755471,0.09637637230044156,0.9410255073698313,0.049978161998296855
3.176908565170854,0.358510367625179,-0.40956590803835624,33.74608544897105,0.026363998385803798,0.0946854547240376,0.9413586430876907,0.049989441999059636
3.176908565170854,0.358510367625179,-0.40956590803835624,33.793161983985215,0.02444577335867579,0.09357969635572885,0.9411926803286927,0.05001795700081857
3.176908565170854,0.358510367625179,-0.40956590803835624,33.84111673481869,0.02333713237978513,0.09318302566966952,0.9409719348319219,0.05096299800061388
3.1945839837410133,0.35363381158669777,-0.3525987643415849,33.887276752050234,0.02200227942787112,0.09229329824425941,0.9416494226406594,0.04902038499858463
3.1945839837410133,0.35363381158669777,-0.3525987643415849,33.93442941287483,0.02120136765672284,0.09149334600409524,0.9414803417410516,0.050083532001735875
3.209199790903472,0.35161159876018044,-0.29297530971311403,33.981475297445115,0.020720820594033802,0.09044681131540161,0.9427052113604192,0.04990519199782284
3.209199790903472,0.35161159876018044,-0.29297530971311403,34.030191591338294,0.020432492356420397,0.08963681061550909,0.9426378800525413,0.05168081500232802
3.209199790903472,0.35161159876018044,-0.29297530971311403,34.0764437984932,0.020259495413852364,0.08938437528832374,0.9424670796137589,0.04907567400005064
3.218821019027881,0.3502000382005928,-0.24048518712605033,34.12442289342867,0.02015569724831151,0.08873203085672995,0.9429109131655865,0.050884017000498716
3.218821019027881,0.3502000382005928,-0.24048518712605033,34.17007606226262,0.020093418348987018,0.08832696769697615,0.9429087389897566,0.04841737799870316
3.2316277279684202,0.3506080189139834,-0.19927949198247746,34.2178878630595,0.020056051009392287,0.08774125707356825,0.9434822493248317,0.050675888000114355
3.2316277279684202,0.3506080189139834,-0.19927949198247746,34.26463753004258,0.02003363060563546,0.08722202877749044,0.9433936754613392,0.049554780998732895
3.2316277279684202,0.3506080189139834,-0.19927949198247746,34.31308809112235,0.02002017836338137,0.08711849707086397,0.9432269985355379,0.05136680900250212
3.2381434710088572,0.3535411459461215,-0.1542612595407616,34.35872497174173,0.020012107018028913,0.08641563456921084,0.9436922469159192,0.0483599189974484
3.2381434710088572,0.3535411459461215,-0.1542612595407616,34.40635331463445,0.020007264210817458,0.0860654631156668,0.9436083346339129,0.05047469500277657
3.2381434710088572,0.3535411459461215,-0.1542612595407616,34.45307984532468,0.020004358526490594,0.08607328409349464,0.9434514378032193,0.04952722399684717
3.247896616314332,0.35588234523877477,-0.1086666376534554,34.500604258062154,0.02000261511589445,0.08551301076215354,0.9440388081592698,0.05034158800117439
3.247896616314332,0.35588234523877477,-0.1086666376534554,34.5475108224645,0.020001569069536783,0.08513970934336673,0.9439673663039473,0.04969087499921443
3.253879402189279,0.3581186342818555,-0.06343603595503272,34.594702701658576,0.02000094144172218,0.08436710230367084,0.9443482118540254,0.0499729639996076
3.253879402189279,0.3581186342818555,-0.06343603595503272,34.641915405219116,0.020000564865033446,0.08397720265803865,0.9442821730395711,0.049998512000456685
3.253879402189279,0.3581186342818555,-0.06343603595503272,34.690675570680696,0.0200003389190211,0.08395423467422614,0.9441343588326859,0.051645367002493
3.2608353362753806,0.3594664211184499,-0.02118283423473117,34.73644348937589,0.020000203351412785,0.08348467268527537,0.944470895914487,0.04845879200001946
3.2608353362753806,0.3594664211184499,-0.02118283423473117,34.7835750281113,0.020000122010903183,0.08324356064530478,0.9444747105029738,0.04990238299797056
3.2757247372070606,0.35968400971467634,0.01808878538163967,34.83188491448017,0.020000073206541992,0.0829724649071013,0.944926062096748,0.051125573001627345
3.2757247372070606,0.35968400971467634,0.01808878538163967,34.87807352626182,0.020000043935794225,0.08257229924939749,0.9448899786646262,0.048882528997637564
3.2757247372070606,0.35968400971467634,0.01808878538163967,34.92533593368102,0.020000026361476634,0.08252239921452083,0.9447309270977096,0.050027373999910196
3.289331303854407,0.3665500996887622,0.05430115518851231,34.97257694465677,0.020000015816886048,0.08194910035173725,0.9454337682047486,0.049967552000453
3.289331303854407,0.3665500996887622,0.05430115518851231,35.01981133785737,0.020000009490131705,0.08137597516628992,0.9452739338567365,0.04996899999969173
3.289331303854407,0.3665500996887622,0.05430115518851231,35.067110132367304,0.020000005694079108,0.08121059078453918,0.9451260517566901,0.05004495899993344
3.3002567317505145,0.3704604719684127,0.0811842581845988,35.11438554245195,0.020000003416449075,0.08088559107573441,0.9455919054597421,0.04999557400151389
3.3002567317505145,0.3704604719684127,0.0811842581845988,35.16222923275036,0.020000002049869514,0.08052739177953763,0.9454777732441646,0.0506026600014593
3.309028642812611,0.3743133099642047,0.10785223952842085,35.2089438026485,0.020000001229921766,0.08010484159749953,0.9458681047400893,0.049388037998141954
3.309028642812611,0.3743133099642047,0.10785223952842085,35.256606539527816,0.02000000073795312,0.07975781299686582,0.9457258706342292,0.05039804700209061
3.309028642812611,0.3743133099642047,0.10785223952842085,35.303536181081355,0.020000000443281013,0.07969967624757188,0.945541121096591,0.04963257599956705
3.309028642812611,0.3743133099642047,0.10785223952842085,35.35085775088807,0.020000000265968678,0.07981109470276868,0.9454024201330362,0.05005442000037874
3.309028642812611,0.3743133099642047,0.10785223952842085,35.398053209064976,0.020000000159581283,0.08004800385693801,0.9453045465128628,0.04992619399854448
3.313455406655962,0.3790118291841481,0.17771905245175526,35.44622209147275,0.02000000009574885,0.07919858745315375,0.9458521615708173,0.05092643899843097
3.313455406655962,0.3790118291841481,0.17771905245175526,35.49514593865281,0.02000000005744941,0.07881445444431698,0.9458595995291633,0.0517242170026293
3.313455406655962,0.3790118291841481,0.17771905245175526,35.54078434812012,0.02000000004698843,0.07880839553613875,0.9457179680208416,0.04825794899807079
3.313455406655962,0.3790118291841481,0.17771905245175526,35.58723018785188,0.020000000028193174,0.07896220361138392,0.9455951450472394,0.049118103001092095
3.313455406655962,0.3790118291841481,0.17771905245175526,35.63608583879842,0.02000000001691603,0.07921210887052102,0.9454634594324783,0.05167375900055049
3.313455406655962,0.3790118291841481,0.17771905245175526,35.68254829676473,0.02000000001014976,0.07952789795648027,0.9453591186160486,0.04914794499927666
3.3179280652552414,0.3865726761655502,0.2585957545951966,35.729139400116566,0.020000000006090056,0.07829885074645843,0.9460775253360455,0.04924660200049402
3.3179280652552414,0.3865726761655502,0.2585957545951966,35.77661304284472,0.020000000038965647,0.07769334762967628,0.9461289510475911,0.050176714998087846
3.3179280652552414,0.3865726761655502,0.2585957545951966,35.8236813242461,0.020000000055096574,0.07756730954828496,0.9460127073270214,0.04975438600013149
3.3179280652552414,0.3865726761655502,0.2585957545951966,35.87094190606716,0.020000000062982488,0.07766086329738389,0.9459042464386443,0.0499633889994584
3.3179280652552414,0.3865726761655502,0.2585957545951966,35.91834712215595,0.020000000063392514,0.07788921348393589,0.9457931815485252,0.05012218000047142
3.332595407048727,0.3953972821897344,0.3381047630546962,35.965563845646095,0.020000000038040373,0.07678385514799706,0.9466037819819089,0.04988013399997726
3.332595407048727,0.3953972821897344,0.3381047630546962,36.01289357863058,0.020000000055712872,0.07598386638227053,0.9466406474762094,0.04999757100085844
3.332595407048727,0.3953972821897344,0.3381047630546962,36.06021842576387,0.020000000065044002,0.07571534058336632,0.9465434368835824,0.04999754399977974
3.332595407048727,0.3953972821897344,0.3381047630546962,36.10774645279826,0.020000000072528033,0.07571302538521324,0.9464375557919353,0.0502178160022595
3.332595407048727,0.3953972821897344,0.3381047630546962,36.154864230522584,0.020000000076323302,0.07587679748260572,0.9463293998274066,0.049790039000072284
3.345817435875639,0.39061422458137435,0.4035084387232183,36.20220013714105,0.0200000000457966,0.07587863812842888,0.9463629623579943,0.0500187649995496
3.345817435875639,0.39061422458137435,0.4035084387232183,36.24951824828478,0.02000000005482323,0.07578376645607067,0.9465896316215746,0.04998798799715587
3.345817435875639,0.39061422458137435,0.4035084387232183,36.29682233249901,0.02000000005779992,0.07597199842275965,0.9465266653399822,0.0499764940032037
3.345817435875639,0.39061422458137435,0.4035084387232183,36.34460552595188,0.02000000005514735,0.0762502616415677,0.946448583139681,0.050486834999901475
3.345817435875639,0.39061422458137435,0.4035084387232183,36.39145724120383,0.02000000005053241,0.07659016425173384,0.9463440211337042,0.04950812199967913
3.345817435875639,0.39061422458137435,0.4035084387232183,36.4391807764759,0.02000000004703597,0.07696459074607695,0.946242258504079,0.05043479599771672
3.3528916166204827,0.39670046617900784,0.4557618789565366,36.48760209791348,0.02000000004786441,0.07637572306424817,0.946634597405808,0.05115101599949412
3.3528916166204827,0.39670046617900784,0.4557618789565366,36.53364062206317,0.020000000049209397,0.07600703897211362,0.9466618745733472,0.048632490001182305
3.3528916166204827,0.39670046617900784,0.4557618789565366,36.580807812391555,0.02000000005741673,0.07600904680408857,0.9465893965874231,0.04982856399874436
3.3528916166204827,0.39670046617900784,0.4557618789565366,36.628464205849,0.0200000000814394,0.07617306212966204,0.946510304445037,0.05034957700263476
3.356647320326589,0.4037915173139369,0.5186384806329283,36.677835753591076,0.02000000010313812,0.07505449824072069,0.9469755895246473,0.05213602999720024
3.356647320326589,0.4037915173139369,0.5186384806329283,36.72329893120005,0.02014054593907629,0.07447521750574063,0.9470194958768335,0.048006591001467314
3.356647320326589,0.4037915173139369,0.5186384806329283,36.77063265202334,0.020407305964278723,0.07433735537600812,0.946941738086975,0.04998588500166079
3.356647320326589,0.4037915173139369,0.5186384806329283,36.81750987011678,0.020748251690554755,0.07440328310951258,0.9468612876192994,0.0495080099972256
3.356647320326589,0.4037915173139369,0.5186384806329283,36.86482914588993,0.021134538174074673,0.07460131508565795,0.9467874077475227,0.049978776001808
3.356647320326589,0.4037915173139369,0.5186384806329283,36.912172094759384,0.02154914585633052,0.07487976132288796,0.946732721119197,0.05000666799969622
3.3613688928006833,0.4114882588623324,0.5920396059536149,36.959507243003486,0.021704245351952898,0.07353419672563252,0.9472781901031936,0.04996963799931109
3.3613688928006833,0.4114882588623324,0.5920396059536149,37.00692587914184,0.022401551237791688,0.07282736915825544,0.9473926640080488,0.05005172399978619
3.3613688928006833,0.4114882588623324,0.5920396059536149,37.05440907769828,0.023012476007718965,0.0725766499033928,0.9473121171882004,0.05012413300210028
3.3613688928006833,0.4114882588623324,0.5920396059536149,37.101715963552856,0.02357688296062225,0.07256967642192991,0.947235866607123,0.049942033998377156
3.3613688928006833,0.4114882588623324,0.5920396059536149,37.149072806271334,0.024110310977218552,0.07271122894617932,0.9471599271791667,0.04999878200032981
3.3722256252520943,0.42229849940871506,0.6548835991044407,37.19643959537776,0.02344589610178164,0.07154466694665151,0.947658156471972,0.049982991000433685
3.3722256252520943,0.42229849940871506,0.6548835991044407,37.243786172527955,0.023533140082162174,0.07084691471018445,0.9477417484659802,0.04995725600019796
3.3722256252520943,0.42229849940871506,0.6548835991044407,37.291433145148766,0.023790065691565623,0.07058516684819359,0.9476666352515648,0.050278200000320794
3.35947890885781,0.4412143247055734,0.6804936974119372,37.33855563504689,0.024990173688650225,0.06808581621226148,0.9484060153482674,0.049685988000419457
3.35947890885781,0.4412143247055734,0.6804936974119372,37.386119203723496,0.026021588632320326,0.06665143525807846,0.948305491246659,0.05015637799806427
3.368833006091697,0.45711412508434923,0.7132955536197785,37.43341136683691,0.025350600370030375,0.06470710640166055,0.9487691905130191,0.04984580400196137
3.368833006091697,0.45711412508434923,0.7132955536197785,37.480863118651264,0.02513577317053811,0.06368395109638762,0.9487856764891364,0.05001314099718002
3.368833006091697,0.45711412508434923,0.7132955536197785,37.53041510491508,0.025227646153250197,0.06317895549226894,0.9487298101313881,0.05222981900078594
3.375067423124682,0.46820718852681564,0.7414748450825251,37.5757554068232,0.024454768862175263,0.06209595187256966,0.9490578467267533,0.04777401300088968
3.375067423124682,0.46820718852681564,0.7414748450825251,37.62335918708536,0.024154954653176554,0.061583682231880696,0.94897797036747,0.05016320899812854
3.381380858329257,0.47801307020427797,0.7741663889388966,37.67065908614397,0.02317387391515193,0.06053335116198644,0.9492748970736284,0.049827399001515005
3.381380858329257,0.47801307020427797,0.7741663889388966,37.71829170463794,0.02273232691268716,0.060056285955457124,0.9491748211516805,0.05018318799920962
3.381380858329257,0.47801307020427797,0.7741663889388966,37.765580029993245,0.022700581817737306,0.05986533374120436,0.949206850393119,0.04981877799946233
3.381380858329257,0.47801307020427797,0.7741663889388966,37.81332678636585,0.022911964946761218,0.05984133534802251,0.9491658505967983,0.050303913001698675
3.381380858329257,0.47801307020427797,0.7741663889388966,37.86093783279177,0.023271027781273296,0.0599223258259694,0.949110087355536,0.050163881998742
3.381380858329257,0.47801307020427797,0.7741663889388966,37.90930160376689,0.02371775610108598,0.060067813916586305,0.9490399210603087,0.050960734002728714
3.380795000537493,0.48296412852586407,0.8386127142228833,37.956098609357944,0.024150078229477626,0.05863660979325652,0.9494877448201056,0.049286581997876056
3.380795000537493,0.48296412852586407,0.8386127142228833,38.003464453164405,0.02442092180839582,0.05784276862703251,0.9493258775318747,0.049894187999598216
3.380795000537493,0.48296412852586407,0.8386127142228833,38.05046286957852,0.024824799131851545,0.057454657286882024,0.9493887904294718,0.049503867001476465
3.380795000537493,0.48296412852586407,0.8386127142228833,38.098560209989785,0.025307530593309577,0.0572997406584113,0.9493434948643594,0.05066379100026097
3.380795000537493,0.48296412852586407,0.8386127142228833,38.148174251292396,0.025842862275125188,0.05729131950777136,0.9492909330795691,0.05226431600021897
3.3860354304691227,0.49515024140960073,0.9085138873814894,38.192781250394965,0.02531436019426052,0.0554876751291726,0.9498450037335333,0.046962397998868255
3.3860354304691227,0.49515024140960073,0.9085138873814894,38.240799086097745,0.024870373970693763,0.05461784287758893,0.9496235558389695,0.050565126999572385
3.408769419713829,0.4936029804988007,0.9514975602663334,38.287729552337936,0.023421450231777344,0.055046839942284945,0.9494362207196634,0.04942982500142534
3.408769419713829,0.4936029804988007,0.9514975602663334,38.33528457221455,0.022800831558361545,0.05542947286462578,0.9493050907446683,0.05009455899926252
3.408769419713829,0.4936029804988007,0.9514975602663334,38.38270468277975,0.022685032145066043,0.05572553476617047,0.9493726790785064,0.04994888899818761
3.396229298208576,0.5199713428974468,0.966988351866297,38.43016327385798,0.021741225822750662,0.013363199604688618,0.9499352845188272,0.04995981500178459
3.396229298208576,0.5199713428974468,0.966988351866297,38.478035965411095,0.02104473572790911,0.028188824070702,0.94999053442215,0.05039280900018639
3.396229298208576,0.5199713428974468,0.966988351866297,38.52517306297553,0.02087546672065794,0.03710657749921453,0.9499518195995342,0.04962051400070777
3.408073483638368,0.5375505356839143,0.9949950773049272,38.57271103731947,0.020525280032559014,0.0019009575125378576,0.9499999999323554,0.05003997299718321
3.408073483638368,0.5375505356839143,0.9949950773049272,38.62015801400911,0.020315168019850952,0.0212683949782259,0.9499999997718723,0.049944186001084745
3.408073483638368,0.5375505356839143,0.9949950773049272,38.66767211960373,0.02018910081237192,0.032905626544619516,0.9499999998484453,0.05001484800231992
3.4090669828141884,0.5485118470865831,1.0225724901057096,38.71556404209867,0.02011346048764945,-0.0010721017981318824,0.949999999948285,0.050412549997417955
3.4090669828141884,0.5485118470865831,1.0225724901057096,38.762659520694584,0.02006807629291115,-0.021242543044450234,0.9499999999097715,0.04957418800040614
3.4136404629738797,0.5623221554951414,1.0451046098110008,38.81030907729078,0.020040845775941344,-0.034046042826682985,0.9499999999472782,0.05015742799878353
3.4136404629738797,0.5623221554951414,1.0451046098110008,38.857672204139746,0.020024507465633532,-0.041429150298219926,0.9499999999792716,0.04985592299999553
3.4136404629738797,0.5623221554951414,1.0451046098110008,38.90516125063831,0.020014704479487905,-0.04586586137787995,0.949999999966531,0.04998847000024398
3.4172358550358033,0.5744846273568105,1.0640782759466134,38.95435000198737,0.02000882268788791,-0.049159096175172196,0.9499999999522052,0.051777633001620416
3.4172358550358033,0.5744846273568105,1.0640782759466134,39.00019761853644,0.020005293612837628,-0.05087763273778477,0.9499999999720882,0.048260649000440026
3.4204671215604865,0.5878992949570797,1.074261218403086,39.04780776343447,0.020003176167724752,-0.05245356580264564,0.9499999999942296,0.050115941998228664
3.4204671215604865,0.5878992949570797,1.074261218403086,39.09516114897781,0.020001905701152317,-0.05308373466873947,0.9499999998624633,0.04984566900020582
3.4204671215604865,0.5878992949570797,1.074261218403086,39.142667431326984,0.02000114342080437,-0.05350496464419517,0.9499999999696492,0.050006613000732614
3.424528309681586,0.6023930185021465,1.0726250111033304,39.1901562650199,0.020000686052938296,-0.05407689536800888,0.9499999998777545,0.04998824599897489
3.424528309681586,0.6023930185021465,1.0726250111033304,39.237663013819585,0.020000411631827787,-0.05406257335575522,0.9499999999834227,0.05000710400054231
3.4280150390345874,0.6108169387221205,1.0605594622065897,39.285139051019854,0.020000246979112235,-0.05400324881726835,0.9499999999967439,0.04997477600045386
3.4280150390345874,0.6108169387221205,1.0605594622065897,39.332641862069444,0.0200001481875354,-0.053743596066005435,0.9499999999867605,0.050002959000266856
3.4280150390345874,0.6108169387221205,1.0605594622065897,39.38063892771956,0.020000088912574168,-0.053651525526849375,0.9499999999897535,0.05052322700066725
3.427779366884793,0.616918098904947,1.0553350549552913,39.42764454961824,0.020000053347616408,-0.053806561242901535,0.9499999999861864,0.04947960199933732
3.427779366884793,0.616918098904947,1.0553350549552913,39.4751991907681,0.020000032008670513,-0.05379363374981324,0.9499999999815176,0.05005751700082328
3.427779366884793,0.616918098904947,1.0553350549552913,39.52266019231626,0.02000001920531362,-0.05383006325873226,0.9499999999798315,0.04995894899911946
3.4277803357985346,0.6210889600874842,1.05166147007344,39.57013207136453,0.020000011523304134,-0.053996840005528006,0.949999999984612,0.049970398998993915
3.4277803357985346,0.6210889600874842,1.05166147007344,39.618276932304994,0.02000000691590075,-0.05401940774140224,0.9499999997648665,0.05067880100250477
3.4267504573980045,0.6214437580945836,1.0397225450682155,39.66509968395218,0.02000000414974306,-0.053920122106744156,0.9499999999768414,0.049287106998235686
3.4267504573980045,0.6214437580945836,1.0397225450682155,39.71298204375199,0.020000002490093427,-0.053874346973444814,0.9499999999755998,0.050402484001097037
3.4267504573980045,0.6214437580945836,1.0397225450682155,39.76013719280021,0.020000001494379478,-0.0539258527524284,0.9499999999711427,0.04963699899963103
3.424905915560945,0.6250529393835798,1.0181255968746388,39.807649955098995,0.02000000089691612,-0.05388832361689643,0.949999999975843,0.05001343399999314
3.424905915560945,0.6250529393835798,1.0181255968746388,39.85513398464867,0.020000000538632243,-0.05382127838217331,0.9499999999731811,0.04998318900106824
3.4261174778643,0.6315620582245811,1.0008203894766332,39.90256076529628,0.020000000323648088,-0.053733137833299846,0.9499999999714568,0.04992292699898826
3.4261174778643,0.6315620582245811,1.0008203894766332,39.95013297288558,0.020000000200207795,-0.053481143967760776,0.9499999997966975,0.05007600799945067
3.4261174778643,0.6315620582245811,1.0008203894766332,39.99768472412282,0.020000000141310075,-0.05338376428871453,0.949999999757631,0.05005447499934235
3.4315417595777786,0.6424333092501885,0.9875702314567164,40.04516812096261,0.020000000089555735,-0.05317958906915519,0.949999999797045,0.049982522999926005
3.4315417595777786,0.6424333092501885,0.9875702314567164,40.092667127254465,0.020000000064308507,-0.052671181396344614,0.9499999998309366,0.04999895400032983
3.4315417595777786,0.6424333092501885,0.9875702314567164,40.14044235839462,0.020206983257406518,-0.05239722622714754,0.9499999997881612,0.05028971700085094
3.440988440554158,0.654678810534116,0.9754016041643058,40.18934747583415,0.020124189959589117,-0.05181869654268638,0.9499999997899614,0.05147907100035809
3.440988440554158,0.654678810534116,0.9754016041643058,40.23525307087308,0.020074513993007047,-0.010992314763449168,0.9499999998095771,0.04832167899803608
3.440988440554158,0.654678810534116,0.9754016041643058,40.2826722999627,0.02034983029251696,0.013493084039189415,0.9499999997778771,0.04991497800074285
3.4476014434314197,0.6641550559361015,0.9582807018840848,40.33019572790315,0.020209898183467814,0.028643852225390475,0.9499999998273946,0.05002466099904268
3.4476014434314197,0.6641550559361015,0.9582807018840848,40.377659287796334,0.02038781925488349,0.038080128782375516,0.9499999998251603,0.04996164200201747
3.453845506375362,0.6727029535906105,0.9468380721122321,40.425147083140146,0.020232691560948986,0.04405595210192488,0.9499999998575662,0.04998715300098411
3.453845506375362,0.6727029535906105,0.9468380721122321,40.4747559092801,0.02039750570402967,0.04795732670542772,0.949999999804845,0.052219817000150215
3.453845506375362,0.6727029535906105,0.9468380721122321,40.520140109167976,0.021012424029022363,0.05036335572059131,0.9499999997988556,0.04777284199735732
3.4591030409171735,0.6795363518833446,0.9392526528981012,40.56764566286214,0.020925294958267587,0.05209271893003525,0.9499999998449293,0.050005846002022736
3.4591030409171735,0.6795363518833446,0.9392526528981012,40.61514919590396,0.0214198567648263,0.05339661272081262,0.9499999998457533,0.05000371899950551
3.467662389606002,0.690544653923437,0.930540827333281,40.664228076899676,0.02085191407175463,0.054526512927441886,0.9499999999159179,0.05166198000006261
3.467662389606002,0.690544653923437,0.930540827333281,40.710160915094136,0.020945866236893547,0.05555888367276997,0.9499999999052646,0.04835035599899129
3.467662389606002,0.690544653923437,0.930540827333281,40.75765932003704,0.02146180504376367,0.05626135777154239,0.9499999998716135,0.049998320999293355
3.4709330181984708,0.6929950103686645,0.9408832230365444,40.805126545974915,0.021769195838485328,0.056698193059680095,0.9499999997081024,0.04996550100258901
3.4709330181984708,0.6929950103686645,0.9408832230365444,40.856105037397235,0.022326948955646603,0.057125625091695574,0.9499999985478601,0.05366157000025851
3.4709330181984708,0.6929950103686645,0.9408832230365444,40.90016652666253,0.02312266197018884,0.05751015528412232,0.9499999798516926,0.04638051599977189
3.4709330181984708,0.6929950103686645,0.9408832230365444,40.948243899503815,0.023998363884678263,0.057841435228031965,0.9499998289534151,0.05060776999744121
3.4709330181984708,0.6929950103686645,0.9408832230365444,40.9951634821405,0.024952852126042376,0.05816533049227826,0.9499976409052782,0.04938915700040525
3.4788950272049264,0.7042313625499715,0.9493361491971348,41.04264862280631,0.02452885656219497,0.05831893240700687,0.9499998402580144,0.04998436700043385
3.4788950272049264,0.7042313625499715,0.9493361491971348,41.09054785888715,0.02453800806328761,0.05870473943843926,0.949989251092062,0.050420818999555195
3.4788950272049264,0.7042313625499715,0.9493361491971348,41.13778604684896,0.02489917708690633,0.05905901673709707,0.9499600406342962,0.049726500001270324
3.4788950272049264,0.7042313625499715,0.9493361491971348,41.18514838625133,0.025459854689007685,0.0593947947200194,0.9498941239553852,0.04986065100092674
3.4788950272049264,0.7042313625499715,0.9493361491971348,41.232655543744244,0.026138618926825473,0.05972350256585135,0.9497972337669834,0.05001820999677875
3.4802570285044316,0.7039869615070128,0.975683666490664,41.280283801162774,0.026876093557951435,0.05959368591896372,0.9498428796215501,0.05014330100311781
3.4802570285044316,0.7039869615070128,0.975683666490664,41.32793469380635,0.027533619743297787,0.05962159327868761,0.9496714575690057,0.05017618700003368
3.4802570285044316,0.7039869615070128,0.975683666490664,41.37509975940778,0.028271491471938734,0.05977472599617243,0.9495683109452565,0.049670008000248345
3.4834743288098475,0.711786648517276,0.9950388404075685,41.42257480356098,0.028286713667227854,0.05939285963368197,0.949847387403065,0.049981759999354836
3.4834743288098475,0.711786648517276,0.9950388404075685,41.470042573290264,0.028528116195243033,0.05936958739543483,0.9496983497030673,0.04998194399740896
3.4820532553691526,0.7149928936350651,1.010797568093877,41.517653239374,0.028927004695785057,0.058814145154287595,0.9499140925503101,0.05012102300315746
3.4820532553691526,0.7149928936350651,1.010797568093877,41.565667789929634,0.02940259033223949,0.0586113830399108,0.9497897369107708,0.050552820997836534
3.4820532553691526,0.7149928936350651,1.010797568093877,41.61252941211114,0.030038219602289404,0.058619873001626785,0.9496897135511858,0.04934413999944809
3.4840801375278665,0.7196004733515451,1.0338488521445777,41.660143767027805,0.030321217258923325,0.0581213004961916,0.9498913203916064,0.05012610800258699
3.4840801375278665,0.7196004733515451,1.0338488521445777,41.70750851500799,0.030700633642268056,0.057985517042094696,0.9497396274510244,0.04987129799701506
3.4840801375278665,0.7196004733515451,1.0338488521445777,41.75500983348881,0.03127527312386956,0.05803660798932582,0.9496575415704274,0.05001941900263773
3.490160469591836,0.7293796114804854,1.0626788731246077,41.802498933778445,0.030840537255168898,0.057529883735578546,0.9499222143284609,0.04999261999910232
3.490160469591836,0.7293796114804854,1.0626788731246077,41.85000607684268,0.030765027492376126,0.05747175115567767,0.9497637346209801,0.050019958998746006
3.4945001345788067,0.7419027874962377,1.0960803578975464,41.89748566025395,0.029834868859983564,0.056527030503338245,0.9499988186866922,0.04997857100170222
3.4945001345788067,0.7419027874962377,1.0960803578975464,41.94655403106631,0.029398838475106055,0.05623545351314831,0.9499732144373115,0.05165237300025183
3.4945001345788067,0.7419027874962377,1.0960803578975464,41.99253625149228,0.029510160333728788,0.05617499415026614,0.9499255854288492,0.048406128997157793
3.4960504466368607,0.7492967443351763,1.1288947018645163,42.03998070051744,0.02926065316781395,0.055249325056049,0.9499998913663722,0.04994153100051335
3.4960504466368607,0.7492967443351763,1.1288947018645163,42.08757639537561,0.0292253006373047,0.054879211064116355,0.9499950591279377,0.05010099200080731
3.4960504466368607,0.7492967443351763,1.1288947018645163,42.13561080434477,0.0295683528059514,0.05476163571451386,0.9499809065458248,0.05056355200213147
3.4976744572746283,0.7602598365771087,1.1592644296147665,42.18249251758039,0.029125909145350095,0.05371108015396516,0.9499999967235767,0.049349171997164376
3.4976744572746283,0.7602598365771087,1.1592644296147665,42.22999518369883,0.028953166790314143,0.053326911597111906,0.9499998563513905,0.05000281400134554
3.4989709983390176,0.7696333766090327,1.1921589972678523,42.27751390153333,0.02833906492707826,0.052132474893767045,0.9499999996625135,0.05001970300145331
3.4989709983390176,0.7696333766090327,1.1921589972678523,42.325004133568235,0.028028077300816082,0.05164778229275496,0.9499999987365393,0.049989717997959815
3.500167905010318,0.7768838325981042,1.2294150484518682,42.37235542150835,0.02751229464012174,0.010393569806750953,0.9499999997688229,0.04984346100172843
3.500167905010318,0.7768838325981042,1.2294150484518682,42.419993454581665,0.027211601259123676,-0.014169928543711173,0.9499999994900272,0.05014529799882439
3.500167905010318,0.7768838325981042,1.2294150484518682,42.46747912663291,0.027416936826520293,-0.028833562306407098,0.9499999989975331,0.049984918001428014
3.4988860467363234,0.7824648915017479,1.2593165513447886,42.516034177621776,0.027427909738701517,-0.03862823274243077,0.9499999997885875,0.05111057999965851
3.4988860467363234,0.7824648915017479,1.2593165513447886,42.562480684604786,0.027470638616328272,-0.044369680878379364,0.9499999996577428,0.048891059999732533
3.4988860467363234,0.7824648915017479,1.2593165513447886,42.60999851797957,0.027875041068705992,-0.0477593549637933,0.9499999995145088,0.05001877199902083
3.497349916487961,0.7889296979919174,1.286820970821143,42.65749053702179,0.027895117627559425,-0.050803121736045655,0.9499999998377279,0.049991599000350107
3.497349916487961,0.7889296979919174,1.286820970821143,42.70653511446273,0.027924214409231776,-0.052469940208777585,0.9499999998004368,0.05162587100130622
3.497349916487961,0.7889296979919174,1.286820970821143,42.75267756445149,0.028347775422839873,-0.05341503252543125,0.9499999997810621,0.04857099999935599
3.498136833922665,0.7981393340729674,1.3080358871987956,42.802513911793724,0.028007843488459017,-0.05470589887150119,0.9499999998625412,0.05245931299941731
3.498136833922665,0.7981393340729674,1.3080358871987956,42.84753262008461,0.027924592847005852,-0.055218666132033405,0.9499999998327012,0.04738811399874976
3.4989135389206614,0.810689210287033,1.3132632409598342,42.894987324080006,0.026956812608937484,-0.055918773020927376,0.9499999998799511,0.04995232000146643
3.4989135389206614,0.810689210287033,1.3132632409598342,42.942467702775005,0.026636996203812678,-0.05598280123916032,0.9499999998936496,0.049979346000327496
3.4989135389206614,0.810689210287033,1.3132632409598342,42.98998972946843,0.02685939677767343,-0.05600838477901145,0.9499999998927259,0.05002318599872524
3.4981739530563183,0.8175839807037435,1.3099093861772768,43.03748900176493,0.02668903276179342,-0.056191175535288386,0.9499999999109495,0.0499992340010067
3.4981739530563183,0.8175839807037435,1.3099093861772768,43.08500947426051,0.026961759381755313,-0.05611484475218302,0.9499999999181311,0.05002154999965569
3.4981739530563183,0.8175839807037435,1.3099093861772768,43.13246158950468,0.027525051982237703,-0.056060044659265285,0.9499999999040335,0.04994959499890683
3.4951168905299963,0.8220505747452929,1.303875756811772,43.180015194201026,0.02786116412209588,-0.05629662086462482,0.94999999992545,0.050056426000082865
3.4951168905299963,0.8220505747452929,1.303875756811772,43.227496103000675,0.028442445977367087,-0.056318297502679485,0.9499999999779356,0.049979904000792885
3.4935734287555067,0.8255751631119449,1.2915169645414633,43.2752315091982,0.028873012312621196,-0.05626800082356048,0.9499999999527657,0.05024779599989415
3.4935734287555067,0.8255751631119449,1.2915169645414633,43.325935348094866,0.029623978692799285,-0.056121825138121806,0.9499999999380688,0.053372461999970255
3.4935734287555067,0.8255751631119449,1.2915169645414633,43.37004697929095,0.03049369596673644,-0.056010409274310544,0.9499999999148818,0.04643329600003199
3.4918703044355333,0.8243608227652278,1.278124370240279,43.41903390598854,0.03155196148795844,-0.05569640933075749,0.9499999999438914,0.051565186000516405
3.4918703044355333,0.8243608227652278,1.278124370240279,43.46505786248714,0.03272073400520952,-0.055476167132850016,0.9499999999600406,0.04844627000056789
3.491301208114538,0.8288928741477686,1.2616662304844268,43.51274199148617,0.03336520370614873,-0.05505746064617206,0.9499999999891828,0.050193819999549305
3.491301208114538,0.8288928741477686,1.2616662304844268,43.559991227584824,0.03429849597202941,-0.05463785626631541,0.949999999981758,0.049736037999537075
3.491301208114538,0.8288928741477686,1.2616662304844268,43.6107321554307,0.03524349235166395,-0.05433864996260314,0.9499999999469355,0.05341150299864239
3.4921597023434168,0.8356785732938891,1.2457168088284787,43.6549887024781,0.0355171003769587,-0.05375269592552427,0.9499999999108109,0.046585839001636487
3.4921597023434168,0.8356785732938891,1.2457168088284787,43.70310062787422,0.03619336448916425,-0.05319457024279155,0.9499999999340698,0.05064413199943374
3.493224019018009,0.8411747721470785,1.224048202681981,43.749939303420824,0.03640095312519351,-0.05222845933751344,0.9499999999283918,0.049303869000141276
3.493224019018009,0.8411747721470785,1.224048202681981,43.79748042036674,0.03710484503063109,-0.051443143608764966,0.94999999991079,0.050043281000398565
3.493224019018009,0.8411747721470785,1.224048202681981,43.8450024280639,0.03789981451068651,-0.05088101593471951,0.9499999999288756,0.05002316600075574
3.493224019018009,0.8411747721470785,1.224048202681981,43.892482844757495,0.038743629235858286,-0.01043891857856763,0.9499999998736113,0.04997938599990448
3.494715861564913,0.8507985683497237,1.2044099880351171,43.94001005370339,0.03860937558470266,0.014332255704779417,0.9499999999409577,0.05002864099878934
3.494715861564913,0.8507985683497237,1.2044099880351171,43.98945074885043,0.03905609239551702,0.029460767859497382,0.9499999999423868,0.05204283700004453
3.497677408824573,0.8581686093879356,1.1799118175993109,44.03498838702659,0.03883206790456566,0.03943268227513044,0.9499999995017362,0.04793435600004159
3.497677408824573,0.8581686093879356,1.1799118175993109,44.082488521873586,0.03923175347657472,0.04564679586098143,0.9499999989304916,0.05000014200049918
3.499432887995906,0.8637055951877766,1.1559714083481947,44.12998508760068,0.03916890410481309,0.05019971864694053,0.9499999235417309,0.049996388999716146
3.499432887995906,0.8637055951877766,1.1559714083481947,44.1774973133147,0.03963510790800032,0.053151980653252814,0.9499994524523939,0.0500128979983856
3.499432887995906,0.8637055951877766,1.1559714083481947,44.22531501802204,0.04024896557376427,0.05507154459449419,0.9499885250282394,0.05033503400045447
3.503375358612708,0.8735890516759627,1.1312551043284063,44.27344787731198,0.039769779345073045,0.05714978157316903,0.9498094364620002,0.05067633300132002
3.503375358612708,0.8735890516759627,1.1312551043284063,44.320023879865346,0.03994581992242281,0.058633567903742315,0.949713000261425,0.049042186998121906
3.5095875724469265,0.8885360041634204,1.1146745857962803,44.36751994388225,0.038619889363033136,0.0601811246063788,0.9496068655014647,0.05001655500018387
3.5095875724469265,0.8885360041634204,1.1146745857962803,44.41493293364045,0.03822132068474071,0.06134540433501982,0.9495642875667238,0.04993131100127357
3.5095875724469265,0.8885360041634204,1.1146745857962803,44.46294924615016,0.03829501962501915,0.06222447829850139,0.9493849869366016,0.05057622900130809
3.519957073093824,0.9095185460181955,1.1089000051950733,44.509874236269056,0.03616963520964129,0.06324069307692856,0.9493822291368728,0.049426867997681256
3.519957073093824,0.9095185460181955,1.1089000051950733,44.55732961647305,0.03521111834556846,0.06404636682294901,0.9492161563930873,0.04999428200244438
3.52956895670824,0.9315151623056613,1.113109039787714,44.60689493237532,0.032463130864588824,0.0646048346891921,0.9494228699730255,0.052205731997673865
3.52956895670824,0.9315151623056613,1.113109039787714,44.65226214831838,0.03111336403693169,0.06512123191027266,0.9492274419989166,0.04779383099958068
3.52956895670824,0.9315151623056613,1.113109039787714,44.7011411378599,0.030591856207021068,0.06560282714863444,0.9490673218856522,0.05150213100205292
3.5390582627971034,0.9576915946808405,1.1324178552538806,44.74715639501876,0.027874541341454482,0.06544230401291737,0.9496962477083,0.0484526049986016
3.5390582627971034,0.9576915946808405,1.1324178552538806,44.79469694570725,0.026506952360937336,0.06550620813051847,0.9494736421349187,0.05007042700162856
3.5390582627971034,0.9576915946808405,1.1324178552538806,44.8421051190977,0.02601743026127559,0.06571530146844826,0.9492823869416017,0.049941065000894014
3.5470752224981883,0.9793981179938773,1.1548601246818948,44.891969158479576,0.023759016967641947,0.0654136880687264,0.9497057347517548,0.0525047259980056
3.5470752224981883,0.9793981179938773,1.1548601246818948,44.93708592150599,0.02269852348080821,0.06537569618701324,0.9494884721610437,0.04751691500132438
3.551968650567897,0.9977455403854327,1.1806773698252122,44.984632518366496,0.02161911408882089,0.06480097023419928,0.9499917304238615,0.05004948499845341
3.551968650567897,0.9977455403854327,1.1806773698252122,45.03207895068662,0.02097146845435022,0.06454387514428248,0.9499861329423336,0.04994434200125397
3.551968650567897,0.9977455403854327,1.1806773698252122,45.079694618880914,0.02058288107423509,0.06453165400810898,0.949819953576661,0.05013125699770171
3.55438016881138,1.0089270438637408,1.2036399135557883,45.127568767714145,0.020349728644633757,0.06408309867324748,0.9499978862687205,0.050393953002640046
3.55438016881138,1.0089270438637408,1.2036399135557883,45.174646703413096,0.02020983718969782,0.06390231433738734,0.9499338437174382,0.04955917299957946
3.55438016881138,1.0089270438637408,1.2036399135557883,45.22205024245589,0.02012590231664041,0.06393094477415562,0.9496889748968685,0.049914803999854485
3.556668182532444,1.0210606184292579,1.229822152956486,45.27304962069853,0.020075541390287166,0.06340734891886661,0.9499947450451383,0.05368385299880174
3.556668182532444,1.0210606184292579,1.229822152956486,45.31704219214158,0.020045324836887125,0.06317973198176487,0.9498853347224328,0.046313560000271536
3.552734153905281,1.025338922786203,1.2602282221862307,45.36478790203096,0.02002719491300656,0.06206866913173513,0.9499988467793475,0.05025870299868984
3.552734153905281,1.025338922786203,1.2602282221862307,45.41206378464669,0.020299844659600805,0.061508775996963354,0.9499731021275375,0.049765496001782594
3.552734153905281,1.025338922786203,1.2602282221862307,45.459541375443166,0.020905262984463484,0.061293085308449874,0.9498770348501422,0.049982880998868495
3.54975180039461,1.0298341950647114,1.2863610686239644,45.50705379770916,0.02150558137748106,0.0602969251191295,0.9499975129573106,0.050013207001029514
3.54975180039461,1.0298341950647114,1.2863610686239644,45.55477040699126,0.022256949964780594,0.05979839778678947,0.9499696589713036,0.050229614000272704
3.546738359701771,1.0307756691589778,1.3065088043864035,45.603546791819234,0.023253207760709837,0.05881918426158057,0.949997575742748,0.05134369399820571
3.546738359701771,1.0307756691589778,1.3065088043864035,45.649626411341224,0.02426481369857146,0.05831720488144038,0.9499644857321891,0.048506676001125015
3.546738359701771,1.0307756691589778,1.3065088043864035,45.69702260633752,0.02531955835535699,0.05811219612545772,0.9498677853685646,0.04989767599909101
3.544727160797827,1.0346691059905766,1.328771804157304,45.75081508406733,0.02616306030970498,0.05722071186563849,0.9499856348211351,0.05662451700118254
3.544727160797827,1.0346691059905766,1.328771804157304,45.791999879086866,0.027123167265435497,0.05678972173551716,0.9498789177028211,0.043357941998692695
3.544727160797827,1.0346691059905766,1.328771804157304,45.839537503969794,0.028105377691932124,0.05660651232569157,0.9497714027407805,0.05005164900285308
3.5417449233226006,1.0366459882085446,1.3485081579283458,45.887022438486845,0.02911315809157052,0.05569488073096002,0.9499201167337239,0.04998834499929217
3.5417449233226006,1.0366459882085446,1.3485081579283458,45.9345066381703,0.030111446216555537,0.055220729666205476,0.9497695869284924,0.04999549399872194
3.5417449233226006,1.0366459882085446,1.3485081579283458,45.98204490313705,0.03118490355975991,0.05501930007932876,0.9496372062608761,0.05005939600232523
3.5394588145270047,1.0388357231628758,1.369529856901752,46.032940986732335,0.032191524209740266,0.054069530803064536,0.9497814625083507,0.05358715199690778
3.5394588145270047,1.0388357231628758,1.369529856901752,46.07694273048432,0.03321246376337415,0.05357346741092068,0.9495997617718831,0.04633714699957636
3.5386106187168505,1.0451539153868195,1.387614411403859,46.12598752343913,0.033678297455922705,0.052558721900430726,0.9497847662495001,0.05163779700160376
3.5386106187168505,1.0451539153868195,1.387614411403859,46.171973370616136,0.03436288997340246,0.052053534948154775,0.9496100997136148,0.04842602999997325
3.535800248771724,1.047723145417933,1.410873627190068,46.221877339672346,0.03506597696499148,0.010718405134107465,0.9497771894466618,0.0525428170003579
3.535800248771724,1.047723145417933,1.410873627190068,46.26685815823199,0.035849496154780607,-0.014028979831058136,0.9495729080966928,0.04736952600069344
3.535800248771724,1.047723145417933,1.410873627190068,46.31437598237504,0.03678442735730542,-0.028835734547929898,0.9494671929305378,0.050046830998326186
3.532747030940613,1.0502622274300057,1.4388954199474788,46.361763922866714,0.0376356329973452,-0.03899324897382257,0.9496472784052564,0.04990057000031811
3.532747030940613,1.0502622274300057,1.4388954199474788,46.409340377826666,0.03842147194058283,-0.045055478607596476,0.9494238088337671,0.050110872001823736
3.532747030940613,1.0502622274300057,1.4388954199474788,46.456786159420666,0.03938949893096751,-0.048659167459928196,0.9493119126811447,0.04997912799808546
3.530852911776281,1.0554260603995476,1.4649276089959036,46.504310045440235,0.03993798992772919,-0.05200748651211783,0.9494882207575596,0.050052106998919044
3.530852911776281,1.0554260603995476,1.4649276089959036,46.55172971041719,0.040536495262764496,-0.053950696322644556,0.949260410923392,0.04995432700161473
3.528584355288634,1.0645866142024516,1.4863265087368533,46.599100005287895,0.04042713610833446,-0.056263000836140636,0.9494884674321459,0.049890332000359194
3.528584355288634,1.0645866142024516,1.4863265087368533,46.64665211728278,0.040625722293714736,-0.05752084915118571,0.9492798827951565,0.050092826000764035
3.528584355288634,1.0645866142024516,1.4863265087368533,46.69575028384802,0.04125329131017715,-0.05827632976332038,0.9491698729324282,0.051727480997215025
3.5277290260944114,1.077677349317216,1.487887531985764,46.74159737522581,0.04077626588907321,-0.059071733644685764,0.9493610648797377,0.04829257600067649
3.5277290260944114,1.077677349317216,1.487887531985764,46.789061357926066,0.04092699392671086,-0.059366534252328185,0.9492765403903389,0.05000016399935703
3.5277290260944114,1.077677349317216,1.487887531985764,46.836521132887995,0.04152633434107206,-0.05955415605389145,0.9491646133913568,0.05000162700162036
3.5272613196555316,1.0974828781090304,1.4788001387879857,46.88398331244444,0.04033542072442909,-0.059673178022959975,0.9494557755379608,0.049988825998298125
3.5272613196555316,1.0974828781090304,1.4788001387879857,46.931460888035545,0.0401651238374302,-0.059465898097724755,0.9494395728592487,0.05000589500195929
3.527213939215123,1.117183610569591,1.4683193472341567,46.9789472791685,0.03853555703088556,-0.05928017323197532,0.9497075938992157,0.050001064999378286
3.527213939215123,1.117183610569591,1.4683193472341567,47.026418794568805,0.038118162255176564,-0.05888431333056729,0.9496977998632143,0.04998591700132238
3.527213939215123,1.117183610569591,1.4683193472341567,47.074025140130004,0.03837854520298627,-0.058661443714915364,0.9495793797080953,0.050134139997680904
3.527635935988924,1.1372171269091862,1.4489710048500515,47.121477770426,0.0369780840836864,-0.05812564650118961,0.9498223038644598,0.04995948200303246
3.527635935988924,1.1372171269091862,1.4489710048500515,47.16895109263637,0.03677571380143868,-0.057532029146113654,0.9498554860550231,0.04997952099802205
3.529312774819901,1.154018299988872,1.4243362111794664,47.216308185154226,0.03543303349299309,-0.05646650877095888,0.9499442238269469,0.04985249799938174
3.529312774819901,1.154018299988872,1.4243362111794664,47.264137985471294,0.035307870616080234,-0.05560317984363797,0.9499643243742958,0.050349049000942614
3.529312774819901,1.154018299988872,1.4243362111794664,47.31137587359469,0.03573721090211665,-0.05507479581776528,0.9498762275464359,0.04973057199822506
3.529976271807259,1.1718260142706072,1.4046709659568135,47.358969622675154,0.034653409626621376,-0.05435304300358292,0.9499873377095264,0.05009935100315488
3.529976271807259,1.1718260142706072,1.4046709659568135,47.40637728255102,0.03462426238740342,-0.05368962899761232,0.9499878521086126,0.049903437997272704
3.529976271807259,1.1718260142706072,1.4046709659568135,47.45388983189336,0.0351029848735332,-0.05326668736909202,0.9499304992682643,0.05001686900141067
3.5313638590687457,1.1865614420382002,1.3745178899243653,47.5013566768105,0.03435355659962182,-0.052158233416684865,0.9499549770581642,0.04996746799952234
3.5313638590687457,1.1865614420382002,1.3745178899243653,47.549102295527476,0.03457803317040899,-0.051308213998327606,0.9499611955784292,0.050260599000466755
3.5313638590687457,1.1865614420382002,1.3745178899243653,47.59638222475018,0.03520308449433808,-0.010749737395903722,0.9498625172932952,0.04977555000004941
3.533569966979815,1.1961338394322354,1.337926920808294,47.64391725677379,0.0350204291659856,0.014832682259901465,0.9496911188097968,0.05005315000016708
3.533569966979815,1.1961338394322354,1.337926920808294,47.691329885761455,0.03556851981899886,0.03032809156615801,0.9496579786287827,0.04992600499826949
3.5323423396473275,1.196243326098556,1.2999853408163615,47.73878385807015,0.036343701780427534,0.040752650079084685,0.9493192062320442,0.04998737200003234
3.5323423396473275,1.196243326098556,1.2999853408163615,47.78626836699907,0.03741226535137464,0.0471506866713234,0.9492269178654746,0.05002440200041747
3.5328823204740667,1.1941880420502298,1.2632399854560057,47.83613521434769,0.03860669271985716,0.052418236340994066,0.9487020945664802,0.052563231001840904
3.5328823204740667,1.1941880420502298,1.2632399854560057,47.88361934293957,0.039861643938706996,0.055758328790057085,0.9485381037423527,0.050060327997925924
3.5328823204740667,1.1941880420502298,1.2632399854560057,47.928758742474855,0.041060323907309224,0.05790972773683241,0.9483858911742498,0.047596026000974234
3.5349133679510714,1.1966823136911025,1.2263582788642677,47.97594309625218,0.041736899709666,0.06077157497632595,0.9478932570845439,0.049778130000049714
3.5349133679510714,1.1966823136911025,1.2263582788642677,48.023330145396216,0.04255433169675947,0.06265167698587609,0.9476868131202775,0.050002857999061234
3.5349133679510714,1.1966823136911025,1.2263582788642677,48.07070397644025,0.04347367729257523,0.06395666522741149,0.9475299668103917,0.049997185000393074
3.5376179844585605,1.1999524946229971,1.2037921026470788,48.11809453601268,0.043892130479142866,0.06591991584308243,0.9471267029367466,0.05003613500230131
3.5376179844585605,1.1999524946229971,1.2037921026470788,48.16539123309667,0.04449602606538007,0.06725652800875281,0.9469175617987529,0.04994806199829327
3.541453557927565,1.2025920056995196,1.207038422135869,48.2142919743045,0.0448259950930371,0.06848146409959338,0.9466886322115308,0.051654514001711505
3.541453557927565,1.2025920056995196,1.207038422135869,48.26003562576748,0.0454289957705038,0.06938496148359158,0.9465525334528424,0.04832658499799436
3.541453557927565,1.2025920056995196,1.207038422135869,48.3074453690047,0.04619266893705307,0.07012790179843936,0.9464110124685284,0.050094243000785355
3.544797433177604,1.2048610441439975,1.2223031192674905,48.35529456043113,0.0467532448469959,0.07051981524281938,0.9463278177302851,0.05056301899821847
3.544797433177604,1.2048610441439975,1.2223031192674905,48.40205064764532,0.047543049424629995,0.07092503965207018,0.9462491038104345,0.04941202800182509
3.544797433177604,1.2048610441439975,1.2223031192674905,48.449922166452176,0.0484322443265311,0.0713731622799647,0.9461115703777698,0.05059817499932251
3.549195901373743,1.2137342946075196,1.2464252970634673,48.49708388347582,0.04847779013837679,0.0711336562513473,0.9462942966589142,0.04983831899880897
3.549195901373743,1.2137342946075196,1.2464252970634673,48.54394464180012,0.04900525392791018,0.07110072540614126,0.9462414774341671,0.04952304400285357
3.55295190709729,1.2181527102688088,1.2678710822052361,48.591616379393564,0.049261196055530934,0.07075555048955165,0.9462787647670202,0.05037811199872522
3.55295190709729,1.2181527102688088,1.2678710822052361,48.63857615400278,0.04991896609098581,0.07068254485918327,0.9462381344319065,0.0496278610007721
3.55295190709729,1.2181527102688088,1.2678710822052361,48.68588093282582,0.05074686350128324,0.07082785519777482,0.9461146312197163,0.049998992999462644
3.5538405256458634,1.2168980330497585,1.2958997094342373,48.733287651952246,0.05192332615394833,0.07011748458404399,0.9461631273213131,0.05010417100129416
3.5538405256458634,1.2168980330497585,1.2958997094342373,48.780527714250574,0.053196546869831066,0.06986016757504301,0.9461549477220482,0.0499284629986505
3.5538405256458634,1.2168980330497585,1.2958997094342373,48.82803958505158,0.054404956428463325,0.06988319128985959,0.9460384621434093,0.050221923000208335
3.553855779985161,1.2137409061757702,1.3255042923942377,48.87512936561696,0.056056637520460806,0.06888880639082627,0.9460790219404357,0.04977362299905508
3.553855779985161,1.2137409061757702,1.3255042923942377,48.922405572739585,0.05762900075866787,0.0684485614622648,0.9460711607915838,0.04997109000032651
3.555542686152057,1.219993961646042,1.3658741385086903,48.969740350283935,0.05856710969125487,0.06657955004469021,0.9463715889960677,0.0500171159983438
3.555542686152057,1.219993961646042,1.3658741385086903,49.01720003548481,0.0597233191189807,0.06554190788415343,0.9463511679261186,0.05015018400081317
3.555542686152057,1.219993961646042,1.3658741385086903,49.064379891221904,0.06088616288846577,0.06505258232501264,0.9462445176393273,0.04986011000073631
3.55561646990917,1.2302362594937095,1.4147588303615002,49.11216343655514,0.061249395809879925,0.06237420928201291,0.946699471271949,0.05047382699922309
3.55561646990917,1.2302362594937095,1.4147588303615002,49.15913546256391,0.06202179718615085,0.06082824838848718,0.9466345832345606,0.049620019002759364
3.5561458954746072,1.2436239938044924,1.458068935934716,49.20885020652078,0.06171377691759662,0.057772108463526727,0.9470448060381069,0.052494605999527266
3.5561458954746072,1.2436239938044924,1.458068935934716,49.253773183865185,0.062013649170843524,0.05601187612641927,0.9469250456656869,0.047440900998481084
3.5561458954746072,1.2436239938044924,1.458068935934716,49.30105384713846,0.06265520647830429,0.05501374378862877,0.9468351562522617,0.04993547499907436
3.5544794965748117,1.25318261622408,1.502704637872617,49.34843147675042,0.06263542858530652,0.011974048445354279,0.9472797188222729,0.05001440300111426
3.5544794965748117,1.25318261622408,1.502704637872617,49.39583446125645,0.06297808081296484,-0.013799391739850859,0.9471147726341649,0.050049884001055034
3.551739169594179,1.2664334769743937,1.5540413688536552,49.44310593936628,0.06230423190911209,-0.03221561041170495,0.947460329703778,0.04989283100076136
3.551739169594179,1.2664334769743937,1.5540413688536552,49.49050776644884,0.06206102345837072,-0.04315623676838201,0.9472049715180184,0.050043895997077925
3.551739169594179,1.2664334769743937,1.5540413688536552,49.53789927513752,0.06241574786079214,-0.04972836895086391,0.9471076064272573,0.05003814600058831
3.5476475266214504,1.2801537384947264,1.604313328885025,49.58871469379754,0.061553064330331995,-0.05674146483720846,0.9473786735476076,0.053637917000742164
3.5476475266214504,1.2801537384947264,1.604313328885025,49.63263083641571,0.06105009894939695,-0.060782145361508375,0.9470689999742957,0.04637058400112437
3.543234314096319,1.2982523461102597,1.641690850209694,49.67989736157514,0.05909985442273919,-0.0656231532590283,0.947336146479396,0.04989414299780037
3.543234314096319,1.2982523461102597,1.641690850209694,49.727362541341634,0.05789935640257708,-0.06822663352962359,0.9470291532867184,0.05012008300036541
3.543234314096319,1.2982523461102597,1.641690850209694,49.77716544738245,0.05769961995733629,-0.06985518104126806,0.9469217093832326,0.05259453400140046
3.537558187981876,1.3110991648570265,1.6649650617278793,49.82351161676152,0.056479763626583655,-0.07270946450646842,0.9470402266692952,0.048937909999949625
3.537558187981876,1.3110991648570265,1.6649650617278793,49.86935646311061,0.05579485355050781,-0.07422033578216776,0.9468223650773561,0.04841969100016286
3.537558187981876,1.3110991648570265,1.6649650617278793,49.91679894194588,0.055882236838893845,-0.07521561110704283,0.9467224617536717,0.050112340999476146
3.5320015862745087,1.327053325967415,1.671286911410417,49.964073505231816,0.05455393691434557,-0.07688484685752449,0.9469253083585399,0.04992427899924223
3.5320015862745087,1.327053325967415,1.671286911410417,50.01136643183043,0.05401542596105681,-0.07762516459739494,0.9468375430750343,0.04994830099894898
3.5320015862745087,1.327053325967415,1.671286911410417,50.05871919959288,0.05420723926154491,-0.07818626907264589,0.9467299073528816,0.05001718800122035
3.525916321409468,1.3423830495208429,1.6582040550589157,50.10615513769198,0.0531156347508754,-0.07880823805773779,0.9469221476335377,0.05009486600101809
3.525916321409468,1.3423830495208429,1.6582040550589157,50.15342138608569,0.052993793773059863,-0.07896419030005017,0.947019944191546,0.049910509998881025
3.5219739192400574,1.3546595365202463,1.6329152182355653,50.20128621436265,0.05221295515583983,-0.07859945003902871,0.947149094272945,0.05053568500079564
3.5219739192400574,1.3546595365202463,1.6329152182355653,50.24810575323622,0.05251275886119465,-0.0782421468456648,0.9473543387266009,0.04942135899909772
3.5219739192400574,1.3546595365202463,1.6329152182355653,50.295567968117616,0.053193632100631244,-0.07816999209268011,0.9472541355960997,0.0501050490020134
3.51865654507822,1.368348862110104,1.5994303853236473,50.34282872551518,0.052813410488845525,-0.07720585261458794,0.9474196229216718,0.04988365899771452
3.51865654507822,1.368348862110104,1.5994303853236473,50.390821040634314,0.05347277994536239,-0.07647369998592228,0.9476637999391344,0.050642764999793144
3.516558343532383,1.3769742000807668,1.560428242256727,50.437984177318555,0.0536762709120292,-0.07476002675448204,0.9476818689947448,0.04976684500070405
3.516558343532383,1.3769742000807668,1.560428242256727,50.48502622567752,0.054773799618620146,-0.07364968147672929,0.9479313228399789,0.04962600900034886
3.516558343532383,1.3769742000807668,1.560428242256727,50.5331185333153,0.055937172194235954,-0.07307933149959006,0.9478422760144262,0.05073872399952961
3.5157002267864867,1.386895971398786,1.5115182487163048,50.579807839094684,0.056360171677922316,-0.07075521383395231,0.947823514530543,0.04925949300013599
3.5157002267864867,1.386895971398786,1.5115182487163048,50.627238906942566,0.057659451970609565,-0.06924163179177173,0.9480712670580127,0.05002901099942392
3.5157002267864867,1.386895971398786,1.5115182487163048,50.674606311596726,0.05894772831138559,-0.06838357958892408,0.9479606083273118,0.0499676930012356
3.5155465907261,1.3994413396031535,1.4659355493478958,50.72257026074875,0.05909273589591759,-0.06592336306885262,0.9479321592608474,0.05059850399993593
3.5155465907261,1.3994413396031535,1.4659355493478958,50.76963951300237,0.060119478855612946,-0.06427790965487334,0.9480858886215339,0.04964661199846887
3.517346967756953,1.407833458650195,1.4084359737887344,50.816781870096854,0.06049814228192206,-0.06047584249626936,0.9478040432859763,0.04973850600072183
3.517346967756953,1.407833458650195,1.4084359737887344,50.86421510838097,0.061627803033871546,-0.058035276715065975,0.9479046219910856,0.05004009600088466
3.517346967756953,1.407833458650195,1.4084359737887344,50.91332697249617,0.0627983537443047,-0.05651423997657549,0.9477802571977307,0.05181777499819873
3.5196772528930635,1.4118997770545283,1.3586585421405255,50.958952837751916,0.06356707896996085,-0.012879703415412624,0.9473329072680962,0.048162441002205014
3.5196772528930635,1.4118997770545283,1.3586585421405255,51.00630401170414,0.06468378423715046,0.013457556328347609,0.9472876965224946,0.049986054000328295
3.5196772528930635,1.4118997770545283,1.3586585421405255,51.05398390547653,0.06583034674409778,0.02936943831187594,0.9471573946496058,0.0503399899971555
3.523071421340316,1.4181303574378035,1.3055280947623042,51.100996402877,0.06617523690174454,0.0419827360850101,0.9466291492908797,0.049663057001453126
3.523071421340316,1.4181303574378035,1.3055280947623042,51.148947103218696,0.06684519583417797,0.049700987622768145,0.9464930023259862,0.05066144200100098
3.5307659999355097,1.432660742043594,1.2581927671070192,51.19561680053452,0.06579222892551656,0.05742634800055468,0.9460217857007678,0.049332581998896785
3.5307659999355097,1.432660742043594,1.2581927671070192,51.243521070834404,0.06540182126998415,0.06208040787681285,0.945801394260089,0.050649396998778684
3.5307659999355097,1.432660742043594,1.2581927671070192,51.29051882028147,0.06562183882890349,0.0650568256753238,0.9456615837497343,0.049698275000992
3.5415942038728323,1.452507073642889,1.2142690029968137,51.33746512586247,0.06349332295564496,0.06990182479637433,0.9452301539963899,0.049666533999698004
3.5415942038728323,1.452507073642889,1.2142690029968137,51.38469495791215,0.06225093435590806,0.07263564204665644,0.9449450233154565,0.04998156600049697
3.5517608601641304,1.4690837469457037,1.1976040263091463,51.433600694593224,0.059702551917035517,0.07591154123354364,0.9447262195401839,0.05176710000159801
3.5517608601641304,1.4690837469457037,1.1976040263091463,51.479157644072515,0.05834045284659922,0.07775996387038284,0.9445165222968315,0.048233088997221785
3.5517608601641304,1.4690837469457037,1.1976040263091463,51.52671953905154,0.05794323496683429,0.07908726355080306,0.9443816884823234,0.05036300000210758
3.563518857147801,1.4902173627415929,1.1974260767884441,51.57361520825322,0.05545936792103407,0.08080240600437794,0.9444160854572412,0.04965572899891413
3.563518857147801,1.4902173627415929,1.1974260767884441,51.620976375607206,0.0542211338148158,0.08161996255795542,0.9442903434945978,0.050155302000348456
3.563518857147801,1.4902173627415929,1.1974260767884441,51.66956080980873,0.0539160474223171,0.08234527519528383,0.9441440370535942,0.051458710000588326
3.5734115025825925,1.5064113074424113,1.211578810280198,51.71565062760763,0.052171339000522274,0.08305634563579169,0.9442425305812956,0.048811419001140166
3.5734115025825925,1.5064113074424113,1.211578810280198,51.762462022109744,0.05153172107097575,0.0833759405371866,0.9442486782669615,0.04957528199884109
3.5816230047093063,1.5219641383030353,1.239899187100841,51.809695230279466,0.049885023930487604,0.08314832208754265,0.9445035789156894,0.05000850099895615
3.5816230047093063,1.5219641383030353,1.239899187100841,51.85693376444664,0.049499182802348975,0.08294747766238132,0.9445913243461568,0.05000949399982346
3.5863756248729266,1.5288926157012692,1.2699115744178064,51.904067428975935,0.04902080857533936,0.0822529351146325,0.9447195531296033,0.04989170000044396
3.5863756248729266,1.5288926157012692,1.2699115744178064,51.95141175906599,0.049415222122942616,0.08192931126852449,0.944849185673181,0.050107817001844523
3.5863756248729266,1.5288926157012692,1.2699115744178064,51.998674491223504,0.05008486821994892,0.08197337692033496,0.944732886121589,0.0500276139973721
3.5918754464309655,1.5445607453428614,1.311814092865681,52.045873627878755,0.04948068188100497,0.08076088588881664,0.9451738411302774,0.04993699000260676
3.5918754464309655,1.5445607453428614,1.311814092865681,52.09321270672929,0.049926841529380324,0.08000313429599493,0.945351015152338,0.050075662999006454
3.5918754464309655,1.5445607453428614,1.311814092865681,52.14289852510659,0.0506442539287333,0.07977120371165862,0.9452348019703215,0.05256452499816078
3.595987977094866,1.5624923827119541,1.3627794674531204,52.187730711461974,0.05000246943216464,0.07783601956264746,0.9457568220961327,0.0474035030019877
3.595987977094866,1.5624923827119541,1.3627794674531204,52.235395201226765,0.05049444376711115,0.0766250870237874,0.9459684723207845,0.05038697499912814
3.5986052983145758,1.5804097590836486,1.417906429490678,52.28251008656418,0.04973924845638129,0.07384904303180209,0.9464613796349535,0.04978004000076908
3.5986052983145758,1.5804097590836486,1.417906429490678,52.33027642084502,0.05018532082908641,0.07213331938461892,0.9466595629333739,0.05045777399936924
3.5986052983145758,1.5804097590836486,1.417906429490678,52.37792317978323,0.05093319446224595,0.07125498254813559,0.9465528192158467,0.05033713699958753
3.5985672849236523,1.59460091022001,1.467620813342628,52.424334333196796,0.0506982270611018,0.06861211798764269,0.9469205640296344,0.04901272099959897
3.5985672849236523,1.59460091022001,1.467620813342628,52.47175881238027,0.05136220558632508,0.06699899651306224,0.9470231561511346,0.05007742300222162
3.5985672849236523,1.59460091022001,1.467620813342628,52.5205756918126,0.05224694096551916,0.0661326573705252,0.9469203710723074,0.051553309996961616
3.5986484514625072,1.6195685678021325,1.5199579272767623,52.56644677604975,0.05092715900014606,0.0633030359860863,0.9474240657533612,0.04841663400293328
3.5986484514625072,1.6195685678021325,1.5199579272767623,52.61377957905782,0.05084923292513435,0.061545298219697744,0.9474683248057316,0.049957134997384856
3.5986484514625072,1.6195685678021325,1.5199579272767623,52.66119221272447,0.051292118554797525,0.060546178097619224,0.9473825781955636,0.05004592100158334
3.5978567028951276,1.6385374048373578,1.5741430328637172,52.70853202778594,0.05022684724589946,0.0576001714429073,0.9476941846071667,0.0499526280000282
3.5978567028951276,1.6385374048373578,1.5741430328637172,52.75832508484938,0.05021526808862397,0.0558152010666474,0.9476693317245136,0.05254264899849659
3.5935726975321174,1.6493968315410996,1.623053013994603,52.80330309493594,0.04964338462645303,0.012258201999652094,0.9477267055782611,0.04745884000294609
3.5935726975321174,1.6493968315410996,1.623053013994603,52.85073295107115,0.049748058821716554,-0.013891998762553884,0.9476150145263963,0.05005181999877095
3.5935726975321174,1.6493968315410996,1.623053013994603,52.8982304163621,0.050302042442568244,-0.02961607770268397,0.9475116993294674,0.05012863199954154
3.5880798999807753,1.6563573189913432,1.6654973430037276,52.94543389212877,0.0503097298666461,-0.04148059164168896,0.9474354503144127,0.04982236599971657
3.5880798999807753,1.6563573189913432,1.6654973430037276,52.99295732973944,0.05063179904537729,-0.048623829574805,0.9470830439673915,0.05017874400073197
3.582495181322739,1.666247418147934,1.715518729374242,53.04048886929868,0.05004992996830825,-0.05563982340061946,0.9469676739974505,0.05019341300067026
3.582495181322739,1.666247418147934,1.715518729374242,53.08903415980679,0.04981938626073289,-0.05980369651975803,0.9466772715728567,0.051279661998705706
3.582495181322739,1.666247418147934,1.715518729374242,53.13649877144587,0.05017843348006992,-0.06240404780899578,0.9465722573642067,0.0501436750018911
3.575917415572164,1.6722656159419906,1.7515590714916989,53.1836783084446,0.04988599249990453,-0.06629652806306066,0.946341129078894,0.04985468299855711
3.575917415572164,1.6722656159419906,1.7515590714916989,53.22950154448771,0.04976494836806515,-0.06861911671205007,0.9460694086052726,0.04843538500063005
3.575917415572164,1.6722656159419906,1.7515590714916989,53.27674196956596,0.050156983815850174,-0.07013545214237668,0.9459906304245109,0.04993751899746712
3.5660239917079415,1.6816240932674364,1.771654725435526,53.324126792495875,0.049398214633572024,-0.07310825900765063,0.9457834413087404,0.05010113400203409
3.5660239917079415,1.6816240932674364,1.771654725435526,53.37191006521181,0.04899875507958458,-0.07478208765673103,0.945617249750813,0.050531304001196986
3.5563799201129886,1.6964845737763428,1.7735434901039313,53.41883963958864,0.04731837734266199,-0.07697044256685259,0.9456193114056722,0.04962840099688037
3.5563799201129886,1.6964845737763428,1.7735434901039313,53.465836274523944,0.046540515404138616,-0.07806586404419849,0.9455858268021371,0.04970107800181722
3.5563799201129886,1.6964845737763428,1.7735434901039313,53.51315578531658,0.046559738253753785,-0.07889875797825938,0.9454806256907361,0.05004810199898202
3.5503058905453284,1.7016034229723507,1.7601698303846132,53.560582237173335,0.04632691256513105,-0.0797020866244555,0.9454520633678729,0.050162725001428043
3.5503058905453284,1.7016034229723507,1.7601698303846132,53.61299215743373,0.0467090407168994,-0.08022688198863913,0.945550262940411,0.05542795799919986
3.544362595246166,1.7046089312187027,1.734483571995952,53.65511379060344,0.047080790671276726,-0.08040433547456656,0.9454977627114369,0.04454969099970185
3.544362595246166,1.7046089312187027,1.734483571995952,53.7024138764759,0.047961257494202145,-0.08061279398384473,0.9457446640464868,0.05001359000016237
3.544362595246166,1.7046089312187027,1.734483571995952,53.74949144699536,0.04895977198913781,-0.08092510082409973,0.9456587277527114,0.04978283300079056
3.5390923885804804,1.7107534811776464,1.7014221663482394,53.79723728684003,0.04944497294233438,-0.08049022826623332,0.9457289830880738,0.05048575299952063
3.5390923885804804,1.7107534811776464,1.7014221663482394,53.84411092608224,0.05058084231046854,-0.08026549154205777,0.9460155512221115,0.04954848700072034
3.5351433599283393,1.7197344703217494,1.656238211286903,53.891337896924774,0.05101418841727842,-0.07883530129642208,0.9461664825811646,0.0499140179999813
3.5351433599283393,1.7197344703217494,1.656238211286903,53.93871423797955,0.052294230038169034,-0.07795534064909043,0.9465059198601276,0.050053929997375235
3.5351433599283393,1.7197344703217494,1.656238211286903,53.986093610997166,0.05355347778068466,-0.07759290905342979,0.9464186900084407,0.05006174700247357
3.5339809138743905,1.7213318926581764,1.610425897472655,54.03333509240038,0.054919952466938954,-0.07559454452846587,0.9463964820842674,0.04991721999977017
3.5339809138743905,1.7213318926581764,1.610425897472655,54.08164209230796,0.05678547308785882,-0.07445328723697872,0.9466623447092778,0.051028753998252796
3.5339809138743905,1.7213318926581764,1.610425897472655,54.12802402111665,0.05841161937523225,-0.07388311279130648,0.9465745347045624,0.04899976399974548
3.532058666179357,1.7280264702454944,1.5506922789493307,54.17539505892548,0.05948982580333502,-0.0710654643302976,0.946601094232753,0.050043295002978994
3.532058666179357,1.7280264702454944,1.5506922789493307,54.222732358311696,0.06123236988912979,-0.06931251553084537,0.9468826039449432,0.049992786000075284
3.5330702741386646,1.7340424795460616,1.486230189067926,54.272399820605585,0.062426535811546224,-0.06508661013973327,0.946738958005961,0.05246162299954449
3.5330702741386646,1.7340424795460616,1.486230189067926,54.31736642072477,0.06414697912272214,-0.06243713057759567,0.9468772864726926,0.047489363998465706
3.5330702741386646,1.7340424795460616,1.486230189067926,54.36474232560853,0.06565326410172326,-0.060844664247353464,0.9467867806194331,0.05003862100056722
3.5339824182451314,1.7430838364983374,1.4193125268818452,54.412735609243356,0.06622483250680647,-0.016461398460155867,0.9465663399186535,0.05070250399876386
3.5339824182451314,1.7430838364983374,1.4193125268818452,54.45939965844527,0.0673201720405111,0.010307013683933176,0.9465861612544144,0.04929720200016163
3.5379875610554983,1.7524132733298547,1.353606777046564,54.506671203805126,0.06736739078241324,0.03016794795435839,0.946198179263685,0.049959455001953756
3.5379875610554983,1.7524132733298547,1.353606777046564,54.55400759867761,0.06783766506724574,0.04219068098071113,0.946051319415341,0.05003575799855753
3.5379875610554983,1.7524132733298547,1.353606777046564,54.60125931322438,0.06858982233575886,0.049531376702646734,0.9459416191945232,0.04995204100123374
3.5428915250126463,1.7557550670131095,1.3066874053579096,54.64933553886253,0.06883464006925936,0.05706004435056557,0.9454011127634746,0.05085272799988161
3.5428915250126463,1.7557550670131095,1.3066874053579096,54.695831248577306,0.06921551851288815,0.061700872058428974,0.9455951500069683,0.04917084199769306
3.5428915250126463,1.7557550670131095,1.3066874053579096,54.74338467293072,0.0698930039906864,0.06464091201320135,0.9454818052612296,0.050295441000344
3.5496642959679288,1.772232410224933,1.2659918316311107,54.790383039606795,0.06861190951676974,0.06912142073400313,0.94520847666498,0.04972275200270815
3.5496642959679288,1.772232410224933,1.2659918316311107,54.83821611973516,0.06793851918146995,0.07171917645780863,0.9449225089662173,0.05062116699991748
3.5496642959679288,1.772232410224933,1.2659918316311107,54.8848794203574,0.0679978278166565,0.07345993148387706,0.9447784209531841,0.049390734999178676
3.5606737569064646,1.7906845972887149,1.2371191304655347,54.932102914185926,0.06591624732116139,0.07702202318051982,0.9445018573968371,0.049998307000350906
3.5606737569064646,1.7906845972887149,1.2371191304655347,54.97930051768245,0.06467033128902,0.07894437926932371,0.9443728258037756,0.049977722999756224
3.5722972973164464,1.8111304556716947,1.2354239961712,55.02654973513817,0.06178830140567633,0.08120992974010081,0.9443857030489384,0.05003169499832438
3.5722972973164464,1.8111304556716947,1.2354239961712,55.07374970956457,0.06028734312587637,0.08234239263151216,0.9442798262917962,0.04998515600163955
3.5722972973164464,1.8111304556716947,1.2354239961712,55.12095964254529,0.05984049015472289,0.08324098606949665,0.9441350626758762,0.05000336800003424
3.5805515693487178,1.828225369194327,1.251805996167161,55.16874167001447,0.05806212298795818,0.08376830168725805,0.944339748966513,0.050598343997990014
3.5805515693487178,1.828225369194327,1.251805996167161,55.215385480284866,0.057492523244674985,0.0839770630259701,0.9443308249888922,0.04939350600034231
3.5901491450926515,1.8447266754020466,1.2759665464944623,55.262874849044316,0.055697551627040154,0.08399557368058408,0.944511935969067,0.05027926800175919
3.5901491450926515,1.8447266754020466,1.2759665464944623,55.30987485280271,0.05518769085207527,0.08389204545217169,0.9447123191326242,0.04975059899879852
3.5901491450926515,1.8447266754020466,1.2759665464944623,55.35707308844444,0.05532900674276185,0.08406215987611726,0.9445951923287019,0.04996662700068555
3.5990702216290416,1.8635555037059077,1.309360080035622,55.40457267154188,0.0538561883393309,0.08354686317726773,0.9449365161706839,0.0502674859999388
3.5990702216290416,1.8635555037059077,1.309360080035622,55.45156764074217,0.053677254507202524,0.08310432163432571,0.9450918319343327,0.04972529400038184
3.6036867563199912,1.879935382915922,1.3539068502837548,55.49888578318148,0.05257874699963641,0.0813965745969755,0.9454970193406026,0.05004578700027196
3.6036867563199912,1.879935382915922,1.3539068502837548,55.54610464777282,0.052815683317305795,0.08030879419669332,0.9457036032838981,0.049929877000977285
3.6036867563199912,1.879935382915922,1.3539068502837548,55.59400312040781,0.0534203142483331,0.07986542574462754,0.9456906058995356,0.0506491999985883
3.6050451670057706,1.8916685685843018,1.4077769676650562,55.640730475796964,0.05344933254903406,0.0774146788150556,0.946084820290253,0.049390239000786096
3.6050451670057706,1.8916685685843018,1.4077769676650562,55.6882263741983,0.054462275501309915,0.07595336321897732,0.946318494235092,0.05019018299935851
3.6050451670057706,1.8916685685843018,1.4077769676650562,55.735345164894696,0.05554546921825566,0.07524550177246388,0.94620157182068,0.049797835999925155
3.6056475502378085,1.9059603274575436,1.4750604680101254,55.78269418112523,0.05564643211153396,0.07184798033345825,0.9466175240149725,0.05001916299806908
3.6056475502378085,1.9059603274575436,1.4750604680101254,55.830407773811,0.0567187404818125,0.06977631002379914,0.946813106190257,0.05039388700242853
3.604810315254721,1.9190146223108753,1.5402673303410896,55.87768270499926,0.05682828994232253,0.06550091007057508,0.9471815001117936,0.049911163998331176
3.604810315254721,1.9190146223108753,1.5402673303410896,55.92488755474245,0.057726147496931474,0.06289165876534336,0.9472666437791218,0.049832695000077365
3.604810315254721,1.9190146223108753,1.5402673303410896,55.97390345633602,0.05875608525838624,0.06137115568683967,0.9471652587364213,0.05175010500170174
3.6019949981237622,1.928205546145713,1.6051292799340555,56.01946153331451,0.05911509696858321,0.05710334756525296,0.9472258372274449,0.048096319998876425
3.6019949981237622,1.928205546145713,1.6051292799340555,56.066835005003995,0.05992170577371961,0.054490352563664995,0.9471643900355904,0.050016102999506984
3.6019949981237622,1.928205546145713,1.6051292799340555,56.1144434376224,0.06089765162916104,0.05290505513443472,0.9470478509653143,0.050270356001419714
3.59863499014465,1.9313970017719024,1.6653533348361322,56.16154844448396,0.06162848828441218,0.008637286729495198,0.9468673301989842,0.04974826499892515
3.59863499014465,1.9313970017719024,1.6653533348361322,56.20886896020515,0.06242599130588833,-0.018012124566659984,0.9467759971891803,0.04998068799977773
3.59863499014465,1.9313970017719024,1.6653533348361322,56.25845004727802,0.06338979561887552,-0.03406694142581285,0.9466725908345538,0.05237406000014744
3.593712360150401,1.933396818259587,1.7279613905841142,56.303556388651565,0.0640222876945384,-0.04748297362933482,0.9463295197477203,0.04766451899922686
3.593712360150401,1.933396818259587,1.7279613905841142,56.350840750639996,0.0644284096569041,-0.05562036937753582,0.9460083906700707,0.04998302600142779
3.587589453724249,1.9379793771757203,1.783560787290387,56.39805019035952,0.06420257483765363,-0.06408647957809427,0.9456075651033027,0.049924980998184765
3.587589453724249,1.9379793771757203,1.783560787290387,56.445364332285166,0.06389634576573933,-0.06916462296813501,0.945212498743272,0.05005661900213454
3.579661543493667,1.9461690914608363,1.824482364707199,56.492758529007645,0.0627321746695413,-0.07520495521351332,0.944958626032741,0.05015478499990422
3.579661543493667,1.9461690914608363,1.824482364707199,56.54012631850034,0.061819009845145864,-0.07870920937040671,0.9446164964975072,0.050144994998845505
3.579661543493667,1.9461690914608363,1.824482364707199,56.58704038679408,0.06175664346204516,-0.08096448370570797,0.9445012275483265,0.049670733002130874
3.5710500160240723,1.9552199289956633,1.851572457305284,56.634277913608706,0.06057941048350202,-0.08470337650361151,0.9442083530260067,0.05002871099713957
3.5710500160240723,1.9552199289956633,1.851572457305284,56.68189072795966,0.059735874241197584,-0.08678773809658012,0.9439347096183447,0.050440792001609225
3.559530052094376,1.9730227105996871,1.8600726903461244,56.72870769305739,0.05726131759644852,-0.0896611104544913,0.943869397657153,0.049601104998146184
3.559530052094376,1.9730227105996871,1.8600726903461244,56.77620696928807,0.05579946827720503,-0.0910052816947771,0.9438645441267747,0.05032425100216642
3.559530052094376,1.9730227105996871,1.8600726903461244,56.823179659434494,0.05542112407204615,-0.09202171108237972,0.9437298428727717,0.049773449998610886
3.550214453170046,1.9912672965287253,1.8425329811925812,56.870345345278636,0.05350552431293376,-0.09281743334462372,0.9439259094317289,0.04996757200206048
3.550214453170046,1.9912672965287253,1.8425329811925812,56.91766270105108,0.05287837582143782,-0.09302759558882864,0.9440579825859813,0.050121238997235196
3.550214453170046,1.9912672965287253,1.8425329811925812,56.96458012455326,0.052975659172484646,-0.093404498974904,0.9439176027626626,0.04970499900082359
3.541163944872182,2.0084711983147137,1.8115969729024608,57.01228723574264,0.051614638298249665,-0.0932633358715128,0.9441652671473392,0.05052834800153505
3.541163944872182,2.0084711983147137,1.8115969729024608,57.06060306107012,0.05157196217234488,-0.09298221867386948,0.9444467650362108,0.0511578069999814
3.541163944872182,2.0084711983147137,1.8115969729024608,57.10977027013687,0.052026153025536134,-0.09308425793096796,0.9444172841735328,0.052060894999158336
3.5359766020536205,2.0188816295668524,1.7696216455880431,57.154126572379994,0.05190960835017863,-0.09198890675535407,0.9446369397847261,0.04695592600182863
3.5359766020536205,2.0188816295668524,1.7696216455880431,57.20117076895949,0.052874972613981934,-0.0913498669931819,0.9450387946718022,0.04978017499888665
3.5315013788115017,2.0361266606641584,1.7147048408790688,57.248215960140406,0.0525171173910258,-0.08914965137086558,0.9453943522306764,0.049762505001126556
3.5315013788115017,2.0361266606641584,1.7147048408790688,57.2955565728835,0.053558630741936945,-0.08770904816535806,0.9458559566659122,0.050050551999447634
3.5315013788115017,2.0361266606641584,1.7147048408790688,57.343205327823554,0.054661965926219205,-0.0870887303309977,0.9457284545387296,0.05038312499891617
3.5304987771680074,2.047734095320877,1.647323188374933,57.390011802772534,0.055204046895911595,-0.08385584996133139,0.9460837188483662,0.04947392499889247
3.5304987771680074,2.047734095320877,1.647323188374933,57.43726035650048,0.05696241678745363,-0.08189415660957391,0.9465657728361551,0.049915764000616036
3.530989446610485,2.056077035751165,1.5813596439232531,57.485062470477004,0.05814512397538647,-0.0777393832255431,0.9466331998992876,0.05049697600043146
3.530989446610485,2.056077035751165,1.5813596439232531,57.53193873560542,0.060165743371637534,-0.07519948797375206,0.9469635939902044,0.04950165500122239
3.530989446610485,2.056077035751165,1.5813596439232531,57.579270376932556,0.06187431792446532,-0.07378459270464396,0.9468400519747151,0.04998905699903844
3.532093762670284,2.067158137919161,1.5243535264573018,57.62675907745148,0.06257430062420172,-0.0700861500814573,0.9468362993031324,0.05015513299804297
3.532093762670284,2.067158137919161,1.5243535264573018,57.67396104176453,0.06403908578246974,-0.06775475635684386,0.9471079728948119,0.04983799700130476
3.534606199743525,2.075483067019322,1.468513326369467,57.721226099559736,0.06475066289870282,-0.06333411414450656,0.9469368188023441,0.04991363400040427
3.534606199743525,2.075483067019322,1.468513326369467,57.76872023264398,0.06604152452029168,-0.06056155940623701,0.9469896461767559,0.05015274800098268
3.534606199743525,2.075483067019322,1.468513326369467,57.81615667129199,0.0673127792093684,-0.0588711887985748,0.9468649451117757,0.05009842099752859
3.538405122661856,2.0861260831191033,1.4030350067060566,57.86337059054258,0.06751057178748213,-0.01407925024983554,0.9465755155309296,0.04987866100054816
3.538405122661856,2.0861260831191033,1.4030350067060566,57.91075418376591,0.06826528043125266,0.01291554102939871,0.9464910600301157,0.0500623780026217
3.538405122661856,2.0861260831191033,1.4030350067060566,57.95797963277986,0.06919973744304161,0.029200325369886215,0.9463501234348404,0.04990272399663809
3.5431442158358766,2.0947699852594543,1.3413631388795115,58.005515626856955,0.06914537844871782,0.042747586016331496,0.9460077977674135,0.05024905100071919
3.5431442158358766,2.0947699852594543,1.3413631388795115,58.05349556932191,0.069441519316831,0.05096447697721355,0.9457956801135476,0.05072971200206666
3.550364871733771,2.107739755145551,1.288462832923283,58.099835947832666,0.0683114273141552,0.05939482365427404,0.9453545761802584,0.04901904500002274
3.550364871733771,2.107739755145551,1.288462832923283,58.147128411561255,0.067711588525493,0.06441529353780284,0.9450569766257234,0.05004191799889668
3.550364871733771,2.107739755145551,1.288462832923283,58.19545475628761,0.06781356909278562,0.06759029455722394,0.9449084660002831,0.051143943001079606
3.5585058833978733,2.117635646510063,1.2489335606717487,58.241667044337014,0.0667194359252429,0.07244419572917896,0.9444080609174125,0.04893254299895489
3.5585058833978733,2.117635646510063,1.2489335606717487,58.28877928428434,0.06602947231386294,0.07529879196758846,0.9442232298992791,0.04989523499898496
3.5703286501746767,2.142246849283572,1.2157222577450117,58.33594583982522,0.06282414522515462,0.0795559829888243,0.9440531981954203,0.04996175600172137
3.5703286501746767,2.142246849283572,1.2157222577450117,58.38314980351201,0.06078170233581721,0.08168171223701336,0.9437342256431547,0.05001828099921113
3.5703286501746767,2.142246849283572,1.2157222577450117,58.43043384060994,0.060033238221796105,0.08315787275889813,0.9435652309903368,0.050112101998820435
3.5821235484039162,2.16204237821799,1.2051855631543515,58.47770424283175,0.05733920471575764,0.08555367729263502,0.9434674450943522,0.05010284400123055
3.5821235484039162,2.16204237821799,1.2051855631543515,58.524696880278555,0.05580680600345929,0.08666621098944807,0.9432803845953791,0.04981831300028716
3.5821235484039162,2.16204237821799,1.2051855631543515,58.5718873235533,0.055345360359225576,0.08755953820881138,0.9431164859942344,0.05003670699807117
3.594153509102528,2.182201631422992,1.2163129498098426,58.618995372115755,0.05296152607498692,0.08865178609227717,0.9433405431021727,0.04993747900152812
3.594153509102528,2.182201631422992,1.2163129498098426,58.66612879921757,0.05188192697544212,0.08901531619026651,0.9433467517553833,0.049964052999712294
3.6014635255923957,2.1948743909560386,1.2406982538391635,58.71620912047969,0.05028787162968035,0.08897499855174817,0.9434884962207246,0.0530799490006757
3.6014635255923957,2.1948743909560386,1.2406982538391635,58.76053881616825,0.0499808974614146,0.0888905478488782,0.9435926667927997,0.04697969499829924
3.6014635255923957,2.1948743909560386,1.2406982538391635,58.80769597463331,0.05020724659531864,0.08910538468147741,0.9434630598893077,0.04998304699984146
3.609212932036775,2.2080879968769467,1.2746675561803007,58.85486649155338,0.04938268497175585,0.08861381880253483,0.9436793624807388,0.04998574600176653
3.609212932036775,2.2080879968769467,1.2746675561803007,58.90209090653152,0.049661842275324615,0.08826786031795297,0.9440208582234447,0.050024757998471614
3.609212932036775,2.2080879968769467,1.2746675561803007,58.949263927760605,0.050271840777392246,0.08832649432040679,0.9438972979849348,0.04997685800117324
3.615446791603447,2.2228276821398416,1.312510285959158,58.99649386810473,0.04967415626674162,0.08739840269361984,0.9442149645832381,0.050020326001686044
3.615446791603447,2.2228276821398416,1.312510285959158,59.04367697985924,0.050183612098757754,0.08676960341876716,0.9444577707783302,0.049957883999013575
3.619946942204706,2.238918459766963,1.3605229465504114,59.09118875767579,0.04957790763913973,0.08487582221766282,0.9448307841333392,0.05028601799858734
3.619946942204706,2.238918459766963,1.3605229465504114,59.13818587473911,0.050246821358196095,0.0836550346736589,0.9451321184515772,0.04972544699921855
3.619946942204706,2.238918459766963,1.3605229465504114,59.1854881291816,0.05111153023979285,0.08315516672977692,0.945122044797651,0.05004883200308541
3.6221703313044973,2.2532799963173176,1.4102053709887563,59.2327366607063,0.05098518706141121,0.08096782438720972,0.945480830886991,0.049973018998571206
3.6221703313044973,2.2532799963173176,1.4102053709887563,59.280014804449316,0.051966828379053365,0.07960037183977964,0.9457665172830161,0.04998923400125932
3.624097978216729,2.274432046673687,1.4656867835713927,59.327378342867554,0.051219732574661614,0.0766068608175008,0.9461885557383535,0.05005718800020986
3.624097978216729,2.274432046673687,1.4656867835713927,59.37470583196119,0.05183109166534071,0.07465275246697281,0.9464428717285032,0.0500056479977502
3.624097978216729,2.274432046673687,1.4656867835713927,59.421939963146826,0.052688297122074304,0.07362669299387757,0.9463123818060689,0.049913889000890777
3.622710080565936,2.297440421663636,1.5283285438694456,59.470484821059,0.05172995535931821,0.07009739358996726,0.9467210089468432,0.05127683599857846
3.622710080565936,2.297440421663636,1.5283285438694456,59.51666529275448,0.05220107601398572,0.0678291298858948,0.9470278608511087,0.04876358299952699
3.6207533778841183,2.3197087110008168,1.601466120064254,59.56406090447902,0.05095793916347319,0.06320904994395685,0.947306488804861,0.05003197200130671
3.6207533778841183,2.3197087110008168,1.601466120064254,59.6114117273551,0.05111652790883796,0.060337956768315416,0.9474233189766377,0.04997852800079272
3.6207533778841183,2.3197087110008168,1.601466120064254,59.658785932785435,0.051705455752134005,0.05862820591091961,0.9472947064780297,0.050009997001325246
3.616309965054154,2.32441349677071,1.6576781965836942,59.70608761891633,0.052143672694718673,0.014707707038041265,0.9470780466850962,0.04994486599753145
3.616309965054154,2.32441349677071,1.6576781965836942,59.754040145456514,0.05302843498836506,-0.011732016747650412,0.9469963094585849,0.05063644500114606
3.616309965054154,2.32441349677071,1.6576781965836942,59.80079286992823,0.05405495019613704,-0.027645863099261585,0.9469843520879253,0.049370112999895355
3.610873272070524,2.330338406387207,1.7232265834047755,59.84816013011988,0.05441897100056615,-0.04072957839412836,0.9466439110735716,0.05003704100090545
3.610873272070524,2.330338406387207,1.7232265834047755,59.89546692693247,0.05497570926935311,-0.048657888305614544,0.9464265649776405,0.049984645997028565
3.6040001266296064,2.334769842516607,1.7750288945443682,59.94271030559994,0.054972730113706576,-0.05657946846242908,0.9459439819119596,0.0499431040007039
3.6040001266296064,2.334769842516607,1.7750288945443682,59.99008987575796,0.055083274172449244,-0.061388962268331265,0.9456397351401458,0.05010319299981347
3.6040001266296064,2.334769842516607,1.7750288945443682,60.03887834251411,0.055617715296224696,-0.0644101709419491,0.9455012127604581,0.05160063900257228
3.597472204490298,2.3508242243552173,1.8178883691770804,60.08453829502932,0.05432106573671274,-0.06876728497383472,0.9453937343806745,0.048297286997694755
3.597472204490298,2.3508242243552173,1.8178883691770804,60.13186441081561,0.053553886320418756,-0.07121176793722385,0.9450651953012434,0.050077091000275686
3.5906585558444095,2.3592292148021814,1.8389599841819924,60.178983781908464,0.052271277400671445,-0.07436627598783509,0.9447709088108286,0.04987385899949004
3.5906585558444095,2.3592292148021814,1.8389599841819924,60.226336862344326,0.05161974486189029,-0.07622192658855363,0.944532999385735,0.050133855002059136
3.5906585558444095,2.3592292148021814,1.8389599841819924,60.2734942954696,0.051687002146661734,-0.0775188368685302,0.9443899308488712,0.04993428200032213
3.581422166479227,2.3698582726595836,1.838533420900014,60.32171584422778,0.05064291633023238,-0.07936242007109261,0.9442246803364077,0.05106999399868073
3.581422166479227,2.3698582726595836,1.838533420900014,60.36788905877909,0.050302938573371744,-0.08039809080736618,0.944148121604069,0.048904629999015015
3.581422166479227,2.3698582726595836,1.838533420900014,60.41524177650389,0.0505444826781259,-0.08122687121766994,0.9441333004785926,0.050154694999946514
3.5727573068588403,2.3754639580566184,1.825254474537298,60.464831838125576,0.050213946270902844,-0.08230606605969251,0.9439767102293085,0.05253314100264106
3.5727573068588403,2.3754639580566184,1.825254474537298,60.509575930308735,0.05048194680802054,-0.08300334898695616,0.9440456252203638,0.04739611199693172
3.5727573068588403,2.3754639580566184,1.825254474537298,60.55828441956721,0.05106741434343281,-0.08364443204926694,0.9439283045377099,0.05160189500020351
3.564481702268902,2.390213246752308,1.7999674613153083,60.60389218196938,0.050213156830766506,-0.083894935636259,0.9432093987842011,0.048353804002545075
3.564481702268902,2.390213246752308,1.7999674613153083,60.65114109842133,0.050305089205860035,-0.08393223527428251,0.9433457371890995,0.050086531999113504
3.559026113125991,2.4015897977060376,1.7666514433972278,60.69824895922781,0.049713359348298305,-0.08328596982252368,0.9436242687875037,0.04992226499962271
3.559026113125991,2.4015897977060376,1.7666514433972278,60.745532950917024,0.05014771989771708,-0.08286917280589323,0.9438453570764083,0.05009718099972815
3.556239945101319,2.4158340636785507,1.7304235334728997,60.79257583905049,0.04962249014228501,-0.08149995208935193,0.9441460155542981,0.04982586099868058
3.556239945101319,2.4158340636785507,1.7304235334728997,60.839830342203555,0.050173056180393166,-0.08060478430150078,0.9443422195572709,0.05003959600071539
3.556239945101319,2.4158340636785507,1.7304235334728997,60.88714911987895,0.050977413231033775,-0.08026576266024343,0.9442267577714357,0.050113786001020344
3.5524707342928328,2.4285870400062963,1.6776376743330217,60.9342198881571,0.050892163236602735,-0.0783398136962,0.9444208905809399,0.04984088000128395
3.5524707342928328,2.4285870400062963,1.6776376743330217,60.98170667680953,0.05187414090547723,-0.07714466560079794,0.944748032499463,0.050263971999811474
3.5524707342928328,2.4285870400062963,1.6776376743330217,61.02877590030266,0.052947234442138,-0.07660251820286557,0.9447648574709302,0.04982109899719944
3.550504057432186,2.436538123081479,1.6169803038149406,61.076175891998105,0.05359956852481917,-0.07397891530521904,0.9449586922294596,0.05016091400102596
3.550504057432186,2.436538123081479,1.6169803038149406,61.12481909446048,0.05508254763789561,-0.07239513824127362,0.9452855695834156,0.051458738002111204
3.550504057432186,2.436538123081479,1.6169803038149406,61.170584576839346,0.056477913452203904,-0.07156794080635788,0.9451939779652169,0.04841914299686323
3.550532100777906,2.4425177494823096,1.5524749960612978,61.21780630927781,0.057513658082873925,-0.0682119211103881,0.9452505322704261,0.04995684300229186
3.550532100777906,2.4425177494823096,1.5524749960612978,61.265091555392566,0.059145885586829386,-0.06614892229068037,0.9454614281593382,0.05001287699997192
3.551902370691949,2.4468926864705978,1.48895020910349,61.31243775347881,0.06038684160481616,-0.0618129898966503,0.9454762862545015,0.05007655800000066
3.551902370691949,2.4468926864705978,1.48895020910349,61.359620432938335,0.06194821816304743,-0.059119830288680036,0.9455620738982867,0.049899081997864414
3.551902370691949,2.4468926864705978,1.48895020910349,61.406956412068986,0.06337816459308132,-0.05749141305331057,0.9454945809165012,0.050064781000401126
3.553725255598352,2.448964298078433,1.4372616125094333,61.454174232706876,0.06455302775734412,-0.013720685211633995,0.9452695998841495,0.0499516970012337
3.553725255598352,2.448964298078433,1.4372616125094333,61.50142913634843,0.06584124097615927,0.012654939771280252,0.9452450206377473,0.04999222699916572
3.5574343840652567,2.4564692184098957,1.379210424637377,61.548902926487266,0.06619733737750708,0.0318529730431228,0.9449919482452543,0.05023724300190224
3.5574343840652567,2.4564692184098957,1.379210424637377,61.59843739125442,0.06677280855847637,0.043457615686854634,0.9449292626729258,0.052421346998016816
3.5574343840652567,2.4564692184098957,1.379210424637377,61.643144080241896,0.06761645659965235,0.05053114748316797,0.944845568872498,0.04731639800229459
3.5635279077237447,2.467588056536465,1.3296884764968464,61.69026879106289,0.0670849418596305,0.05799488028012662,0.944612623624259,0.04988786899775732
3.5635279077237447,2.467588056536465,1.3296884764968464,61.737606500652014,0.06691167739273968,0.062465194214349075,0.9443780045128384,0.05012580699985847
3.5722531563868736,2.4906994890029313,1.2893793460403833,61.78477346705479,0.06441798558157266,0.06786682794637293,0.9443365095997133,0.049947202001931146
3.5722531563868736,2.4906994890029313,1.2893793460403833,61.83205469788927,0.0629585026104818,0.07085387413055366,0.9441183325777646,0.050079771997843636
3.5722531563868736,2.4906994890029313,1.2893793460403833,61.879259359694686,0.06256080793791534,0.07280766360842039,0.9440157701228109,0.05000410300272051
3.582300305073328,2.511116055022308,1.262504907440234,61.92796767663878,0.060107480677196026,0.0761529362342607,0.9440565063181535,0.051594704997114604
3.582300305073328,2.511116055022308,1.262504907440234,61.97367179302966,0.05867610788756901,0.07788455695649366,0.9438230023123858,0.048424456999782706
3.582300305073328,2.511116055022308,1.262504907440234,62.02083639064272,0.05827768295256859,0.07910316724890432,0.9437439867015633,0.04997605100288638
3.594777971912066,2.5403248382121575,1.2544291544213717,62.07147581573511,0.05495049237985267,0.08112837515167307,0.9439777708648982,0.053644722000171896
3.594777971912066,2.5403248382121575,1.2544291544213717,62.11519968078183,0.05313998191365515,0.08187354609076469,0.9438800252294209,0.046323540998855606
3.594777971912066,2.5403248382121575,1.2544291544213717,62.162544798729485,0.052503738651617754,0.08252193409317052,0.9437796187271559,0.05016543799865758
3.6079080868125066,2.577816204857887,1.2714654400186591,62.20962181836563,0.04841835161697404,0.0829748849349739,0.944475596201587,0.04984461200001533
3.6079080868125066,2.577816204857887,1.2714654400186591,62.25687364471344,0.04640542293879325,0.08264668258466401,0.9445019954508963,0.05002829700242728
3.6194254448423626,2.607570006170233,1.297216731373764,62.30413155745447,0.042409853151633314,0.08233062938950866,0.9449633655882654,0.05001031199935824
3.6194254448423626,2.607570006170233,1.297216731373764,62.35490349746671,0.04057224815034491,0.0816637677974735,0.9451040791007235,0.053721003998361994
3.6194254448423626,2.607570006170233,1.297216731373764,62.400188633384765,0.039984855387963245,0.0815062593963107,0.9450233047226646,0.047919597000145586
3.6243256284677545,2.626582084316163,1.3287938422438426,62.44595051109071,0.03820355025890104,0.08066423352533071,0.9454458538851677,0.04840243099897634
3.6243256284677545,2.626582084316163,1.3287938422438426,62.493218216522614,0.03787924045976465,0.07996523848249251,0.9457219566273348,0.04998055200121598
3.6291910371016654,2.642692075602308,1.3735744149786449,62.54052345461236,0.03664734718080068,0.07850918914385871,0.9460655757825469,0.050002070998743875
3.6291910371016654,2.642692075602308,1.3735744149786449,62.58776483379957,0.03682494572195126,0.07751977776534627,0.9464032883717255,0.04991675300334464
3.6291910371016654,2.642692075602308,1.3735744149786449,62.635143037146975,0.03740240489597051,0.07715091863752935,0.9463004908823184,0.05006676399716525
3.63208692775617,2.652037986396951,1.4215296251016771,62.682775818117356,0.03746800920299364,0.0756436910078587,0.9465853380312855,0.050320640999416355
3.63208692775617,2.652037986396951,1.4215296251016771,62.72987954108908,0.03849494265976208,0.07475155654329749,0.9469119484393566,0.049744565003493335
3.63208692775617,2.652037986396951,1.4215296251016771,62.7772193512255,0.039587579462314795,0.07441035456636672,0.9468992253906328,0.04999455999859492
3.6329804810042963,2.66316372744318,1.4754751751897885,62.82453498612483,0.039887008911278145,0.07240581403080998,0.9471526898330107,0.04995565699937288
3.6329804810042963,2.66316372744318,1.4754751751897885,62.87187276881666,0.0411053533641659,0.07117247628912761,0.9474705203552046,0.04996227499941597
3.6310778102638084,2.6679062047179896,1.5233179184562116,62.919327293540526,0.042129786006171996,0.06857390789150494,0.9475115800979694,0.0500833190017147
3.6310778102638084,2.6679062047179896,1.5233179184562116,62.966613997136,0.04368855801132783,0.0670253784456054,0.9476837986956719,0.04989713199756807
3.6310778102638084,2.6679062047179896,1.5233179184562116,63.01460182140149,0.045120002713158955,0.06618879492721183,0.9476421689398439,0.050639182001759764
3.6296335009184215,2.6776443595098676,1.5705153517679702,63.063876802063604,0.0456784668257607,0.06372825708649495,0.9477095071011384,0.05199376000018674
3.6296335009184215,2.6776443595098676,1.5705153517679702,63.10878319969322,0.04687076362545343,0.06219205912734786,0.9478794330981583,0.04737564300012309
3.626281149196253,2.6890958388826203,1.6116648783794807,63.156153733126544,0.04699696790832967,0.05930415775316733,0.947923248699891,0.04997296299916343
3.626281149196253,2.6890958388826203,1.6116648783794807,63.203572070021245,0.0477796632202349,0.05749712081960938,0.9479346882094561,0.050022789000649936
3.626281149196253,2.6890958388826203,1.6116648783794807,63.25097962464661,0.04874473440037898,0.05641388260882123,0.9478240742433695,0.05001725100009935
3.6227118919600576,2.6999748992436126,1.6444586402907835,63.29836172374869,0.048719746760134214,0.05405258578906479,0.9478551736450668,0.049988753999059554
3.6227118919600576,2.6999748992436126,1.6444586402907835,63.34575891458945,0.04928892163428047,0.05257182795955753,0.947779452870249,0.05000867100170581
3.6189954447216537,2.703193157623564,1.6782444020590845,63.39306610464157,0.04975060089677893,0.009849105402311324,0.9476360435335955,0.049921264999284176
3.6189954447216537,2.703193157623564,1.6782444020590845,63.44055301202976,0.050520599671476964,-0.01586056017485888,0.9475203437742485,0.05011703199852491
3.6189954447216537,2.703193157623564,1.6782444020590845,63.4878336653707,0.05146788031294704,-0.03134931349540363,0.9474215429573042,0.04990455799998017
3.6142869659814783,2.7077506473136363,1.718133183896576,63.53773270935843,0.05190957136747253,-0.04292814268359893,0.9471385217695661,0.052683998001157306
3.6142869659814783,2.7077506473136363,1.718133183896576,63.58257177799978,0.05255232377557119,-0.04995436226687204,0.9469919064940006,0.04734894599823747
3.6142869659814783,2.7077506473136363,1.718133183896576,63.629947517085675,0.053388405602687684,-0.054262273170130146,0.946886503560225,0.050033176001306856
3.6089510502771414,2.7149958785520787,1.7591808604335029,63.67726166307717,0.05335440555389282,-0.05928628081540102,0.9466681948292206,0.049979651001194725
3.6089510502771414,2.7149958785520787,1.7591808604335029,63.724580428950404,0.05352624905398572,-0.06232638341034649,0.9464131929557207,0.04999799899815116
3.6089510502771414,2.7149958785520787,1.7591808604335029,63.77209725010127,0.05409969382758466,-0.0642718382632834,0.9463092902834254,0.050212780999572715
3.601617286975398,2.7319415652514882,1.7864528070911887,63.81920247043479,0.05281319305234808,-0.06739102888406474,0.9462117414807198,0.049782959002186544
3.601617286975398,2.7319415652514882,1.7864528070911887,63.86650631862843,0.05218999557538437,-0.06910802780144976,0.9459684802156256,0.0500057339995692
3.593366122091599,2.751207203988614,1.8017756447673723,63.91380036234459,0.04994635949179364,-0.07157579017782818,0.9460060119793593,0.049993386001006
3.593366122091599,2.751207203988614,1.8017756447673723,63.96109374257329,0.048775241465181335,-0.07282054434188287,0.9458087563785851,0.050003110998659395
3.593366122091599,2.751207203988614,1.8017756447673723,64.0084241044296,0.04855084215027784,-0.07372792830347073,0.9457590426071982,0.05004484199889703
3.5859269882832363,2.7706044110810715,1.7985395500453032,64.05569605107563,0.04663065917617519,-0.0748464509537229,0.9458944945804908,0.04997591900246334
3.5859269882832363,2.7706044110810715,1.7985395500453032,64.1029792512857,0.045830896154877704,-0.07529093822931734,0.9458316055581222,0.049991140000201995
3.5788028292341756,2.792627767738213,1.783969135879189,64.15062644583121,0.04342317760196743,-0.07563685025975642,0.9460714388179845,0.050363209997158265
3.5788028292341756,2.792627767738213,1.783969135879189,64.19758381084448,0.04245485651071011,-0.07556175670861484,0.9461370008998367,0.04963061899979948
3.5788028292341756,2.792627767738213,1.783969135879189,64.24485753381524,0.04234868646265223,-0.07570395316462811,0.9460025369472195,0.049972089000220876
3.5727865908109933,2.8113599075609677,1.761837556374565,64.29221450280554,0.04074889780833325,-0.0755473437323658,0.9463288491168338,0.05004282500158297
3.5727865908109933,2.8113599075609677,1.761837556374565,64.34293688471611,0.040373450923329404,-0.07523987977463967,0.9464160357475662,0.053594169999996666
3.5686699146381717,2.823606049057557,1.7335942063933674,64.3868270177135,0.039431344730317563,-0.07455731563769685,0.9465490809312499,0.0463685760005319
3.5686699146381717,2.823606049057557,1.7335942063933674,64.43664959350652,0.039523166919378634,-0.07405896519541252,0.946720010734553,0.05262651600060053
3.5686699146381717,2.823606049057557,1.7335942063933674,64.48173100648356,0.040078413482723035,-0.0739351699020428,0.946648634513003,0.04762211799970828
3.566838086948038,2.834281274955853,1.701592415096573,64.52884480601932,0.0398978318832627,-0.07294833905556874,0.9468263244408706,0.04975970599844004
3.566838086948038,2.834281274955853,1.701592415096573,64.57624465262636,0.04056869937800424,-0.0722957207831923,0.9470708294390772,0.05004889300107607
3.566838086948038,2.834281274955853,1.701592415096573,64.62355876827566,0.04145378456367546,-0.07206389123634477,0.9469586498112702,0.04996428899903549
3.56537129023424,2.8449145580049855,1.6600359325580747,64.67106843428586,0.04155435650637871,-0.07058848216214254,0.9471342281986823,0.05016149199946085
3.56537129023424,2.8449145580049855,1.6600359325580747,64.71827960792308,0.0424928651206072,-0.06963765235934428,0.9473474646927345,0.049835118999908445
3.56473636096378,2.8557609703823577,1.615189121418945,64.7658922084216,0.04261565223498032,-0.06753254365616035,0.9474653769357514,0.05025260200272896
3.56473636096378,2.8557609703823577,1.615189121418945,64.81304212177145,0.04357719052116656,-0.06617840814791282,0.9477172926070015,0.0497510319983121
3.56473636096378,2.8557609703823577,1.615189121418945,64.86038819671235,0.044650434634545384,-0.06545774079332159,0.9476077943168184,0.04996378799842205
3.5642056690992043,2.8627872581217795,1.5718282435908002,64.90782708643717,0.045201913886711485,-0.06345222722527351,0.9476806645801923,0.05005788500056951
3.5642056690992043,2.8627872581217795,1.5718282435908002,64.95517829370921,0.04636326683176364,-0.0621768787591348,0.9478198780931923,0.049958023002545815
3.565205260415807,2.864823736073035,1.5376114569029649,65.00255437424596,0.04743699274788255,-0.05996339094606594,0.947687626695669,0.04999124099776964
3.565205260415807,2.864823736073035,1.5376114569029649,65.05010652128149,0.048813440122383214,-0.058580005518252404,0.9477201013153717,0.05017530700206407
3.565205260415807,2.864823736073035,1.5376114569029649,65.09734712844599,0.05014241964226049,-0.05774949691746195,0.9476653172169032,0.04984946299737203
3.566134736172036,2.8688786123251013,1.501636559719516,65.14471323231469,0.05105740600272317,-0.05562288536107844,0.9475009655396326,0.04999056000087876
3.566134736172036,2.8688786123251013,1.501636559719516,65.19207169542301,0.05228439009546106,-0.05424579147410398,0.9475712028966231,0.04997879100119462
3.566134736172036,2.8688786123251013,1.501636559719516,65.23945913486845,0.05351794797849134,-0.05338030273069254,0.9474567638280993,0.050015410997730214
3.5676100528873795,2.8755707895961566,1.45994165758401,65.28947795463303,0.05403936640588313,-0.010843901348940106,0.9472738703738061,0.052802913000050467
3.5676100528873795,2.8755707895961566,1.45994165758401,65.3341719260531,0.054989090738515906,0.014812646553823262,0.9471996053538788,0.04718537799999467
3.5676100528873795,2.8755707895961566,1.45994165758401,65.3815593155865,0.056021468877864515,0.03028431904534432,0.9471469774388397,0.05003171700082021
3.570918898327755,2.879896943232387,1.4212602398644942,65.42886521037242,0.05654994118277072,0.04179724355497559,0.9468136901208113,0.04996325600222917
3.570918898327755,2.879896943232387,1.4212602398644942,65.47625294784339,0.057350364626292324,0.04884129586298341,0.9467462563998589,0.05005326099853846
3.5739305889512663,2.882946987069404,1.3805430513382912,65.5235705095967,0.057765704773595994,0.05539893158315791,0.9463396329667069,0.0500006129987014
3.5739305889512663,2.882946987069404,1.3805430513382912,65.57085312740726,0.05836970321788683,0.05947472004218288,0.9461444270123323,0.04997399599960772
3.5739305889512663,2.882946987069404,1.3805430513382912,65.61820766799318,0.05919728269329583,0.06207645084715101,0.9460018689074904,0.0500575550031499
3.576427101521647,2.885336031542424,1.349104482251206,65.66543704383643,0.059650314550782825,0.06554312048583727,0.9455864722654118,0.04994717799854698
3.576427101521647,2.885336031542424,1.349104482251206,65.71270820546397,0.06021099728363358,0.067771185366481,0.9454142700459015,0.05000047399880714
3.581845389869237,2.897987690195184,1.328142344693854,65.75995497129038,0.05937157412157701,0.07072247890218797,0.9452197709204051,0.04998495300242212
3.581845389869237,2.897987690195184,1.328142344693854,65.8071911022758,0.059127754427571594,0.07251444583859216,0.9450620482447685,0.04998204199728207
3.581845389869237,2.897987690195184,1.328142344693854,65.85606939829484,0.0594313739659043,0.07378515778272562,0.944952272332922,0.05172567699992214
3.5883373831276866,2.918404188560215,1.3241498821441644,65.90182325459078,0.057730233121484814,0.07534764332966501,0.945067071611762,0.04841334299999289
3.5883373831276866,2.918404188560215,1.3241498821441644,65.94898493238757,0.0570332558853204,0.07621106214855217,0.9448843255038943,0.04991264700220199
3.5959735717251498,2.940808817426834,1.3312769774362867,65.99764417169214,0.05455502678895341,0.07714185302993767,0.9451629907123241,0.05148237899993546
3.5959735717251498,2.940808817426834,1.3312769774362867,66.04387967015718,0.053478908436309223,0.07760233453903306,0.9450102832873516,0.04892592100077309
3.5959735717251498,2.940808817426834,1.3312769774362867,66.09070466187416,0.0532706440427745,0.07809524702989881,0.9449260041041811,0.04955413599964231
3.60185801846334,2.9609359188779436,1.3547990315327896,66.13799783936005,0.05150618814103737,0.07798436044091898,0.9453580478570744,0.05002673600029084
3.60185801846334,2.9609359188779436,1.3547990315327896,66.18526357117197,0.05099745320411993,0.07787857621302749,0.9453048240315839,0.050000518996967
3.60185801846334,2.9609359188779436,1.3547990315327896,66.2325155776594,0.051134802263286996,0.07802893824918145,0.945144284644077,0.049994490000244696
3.6088743903082205,2.985248107841534,1.3841772362883047,66.27979516759969,0.0491514940888261,0.077628927138746,0.9456640475110281,0.04999618000147166
3.6088743903082205,2.985248107841534,1.3841772362883047,66.32707726411064,0.04854194032713578,0.0772992012832375,0.9456271973535859,0.05000077899967437
3.611430966423892,3.003850232831781,1.4203255754552429,66.37429251640947,0.04693363683935566,0.07601437086080977,0.946160504549621,0.04990194800120662
3.611430966423892,3.003850232831781,1.4203255754552429,66.42171987114953,0.04663749704352718,0.07524002105822333,0.9462320624088528,0.05012232899753144
3.611430966423892,3.003850232831781,1.4203255754552429,66.47150368629099,0.04690512302910805,0.0749658712782224,0.9460933300447818,0.052620406000642106
3.6153579881406563,3.0278176754849393,1.4611383279666073,66.51635820822074,0.04523577932412061,0.07371875931674475,0.9466253755136831,0.047383604000060586
3.6153579881406563,3.0278176754849393,1.4611383279666073,66.56364876177469,0.04487845756151526,0.07292225431496197,0.9466376750819464,0.04995634000079008
3.6166615244303717,3.0512819895676486,1.4995911472595163,66.61143130872024,0.04290848164274762,0.07128347063417151,0.9472217639801241,0.05044494200046756
3.6166615244303717,3.0512819895676486,1.4995911472595163,66.65835668629194,0.042384670242335165,0.07026508939521242,0.9471960673269346,0.04954135599837173
3.6166615244303717,3.0512819895676486,1.4995911472595163,66.70586593596826,0.042522713112064216,0.06981090716189822,0.9471296857201109,0.0501612930020201
3.617330271167254,3.0762713626700617,1.5495411257726888,66.75308150793231,0.040696964806521733,0.068007124413139,0.9477921110242763,0.04981638000026578
3.617330271167254,3.0762713626700617,1.5495411257726888,66.80054943368599,0.04025841676322037,0.0669227666028626,0.9478000096109129,0.05008221699972637
3.617330271167254,3.0762713626700617,1.5495411257726888,66.84944350687951,0.040436489708238876,0.0664022826004853,0.9476693297153133,0.051594022999779554
3.6160606100809742,3.0987777211564693,1.6018024487697384,66.89533518611373,0.03891675110677531,0.06441563225691431,0.9482529318960002,0.04839603199798148
3.6160606100809742,3.0987777211564693,1.6018024487697384,66.94274202934545,0.03861057058933169,0.06326278449604025,0.9482240253412778,0.04999540400240221
3.6127117621461995,3.114950952892013,1.6562775780501313,66.99016245456068,0.0374082456765852,0.06070444039744714,0.9486871147373,0.04998531599994749
3.6127117621461995,3.114950952892013,1.6562775780501313,67.03772986133501,0.037150850706670666,0.05924216904183751,0.9486610152509272,0.050141626998083666
3.6127117621461995,3.114950952892013,1.6562775780501313,67.08506359296209,0.03739769574248081,0.05843420916221016,0.9485767755801509,0.049899737001396716
3.609346039834553,3.123170242003323,1.6982768608566006,67.1324859434737,0.03718865739812199,0.05642586317787215,0.9487427333435178,0.04998441499992623
3.609346039834553,3.123170242003323,1.6982768608566006,67.18191205230096,0.03746242824025646,0.05527706510429065,0.9486928079383766,0.05209917100000894
3.6030467278432954,3.142199788511811,1.7415120375719413,67.22724088660205,0.03608080421327951,0.012862747649108833,0.9489898117567266,0.04776535400014836
3.6030467278432954,3.142199788511811,1.7415120375719413,67.27479591670533,0.0355292649408041,-0.012414872082542976,0.9489232407342463,0.05011472800106276
3.6030467278432954,3.142199788511811,1.7415120375719413,67.32360294179092,0.035607170781043404,-0.027560571655520765,0.9488294517198027,0.05143919699912658
3.5964423563737338,3.158411527508594,1.7818786092584928,67.36966855342494,0.0343053135727145,-0.0382705381005496,0.9490836346684908,0.04853693599943654
3.5964423563737338,3.158411527508594,1.7818786092584928,67.4171056083,0.033720140750963315,-0.0444971180239348,0.9489014238609713,0.0499915520013019
3.5964423563737338,3.158411527508594,1.7818786092584928,67.46516837408137,0.03378101830943532,-0.04823079928132196,0.9488862605974577,0.05065176700009033
3.5915125125070735,3.169159561558726,1.82298124484683,67.51289161044923,0.032984376866449915,-0.0519719093188213,0.9490230859573386,0.05028669699822785
3.5915125125070735,3.169159561558726,1.82298124484683,67.55943303483159,0.0326453930046263,-0.05406232012760504,0.94878181143897,0.04905387500184588
3.5862133001555216,3.170684404216227,1.8529248121881374,67.60711853128473,0.03246448262352786,-0.056720081752794194,0.9487894878271748,0.050259300998732215
3.5862133001555216,3.170684404216227,1.8529248121881374,67.65432555014043,0.03244642549249844,-0.05831466063079476,0.9485765090111905,0.049766168998758076
3.5862133001555216,3.170684404216227,1.8529248121881374,67.7017605886827,0.03283334819907667,-0.05930108285976758,0.9485375654604716,0.050008603000605945
3.580473829978342,3.1800823063027654,1.8678069968111422,67.74918904189374,0.03227329862103829,-0.06074543016659008,0.9486010510516139,0.04999831399982213
3.580473829978342,3.1800823063027654,1.8678069968111422,67.79663154707815,0.03213193570492768,-0.061438912336149364,0.9485236598006724,0.05001720799918985
3.580473829978342,3.1800823063027654,1.8678069968111422,67.84405416397998,0.03246087439976197,-0.06190399583393502,0.9484471405288201,0.05000027400092222
3.574974740021299,3.18464967442925,1.8677509226576583,67.89146950690333,0.032363670769673086,-0.06270918839488598,0.948486520752337,0.049990529001661344
3.574974740021299,3.18464967442925,1.8677509226576583,67.93884504981216,0.03260523708045605,-0.06312021106099087,0.9484661912665011,0.04994963799981633
3.5693866998036103,3.1927745402274423,1.856542065202254,67.98782728028549,0.03215768944221616,-0.06347858492147185,0.9485302560438862,0.05164013499961584
3.5693866998036103,3.1927745402274423,1.856542065202254,68.03372370555125,0.03232770872733498,-0.06353425812004508,0.9485882433322657,0.04838392799865687
3.5693866998036103,3.1927745402274423,1.856542065202254,68.08177103133362,0.03283521687788765,-0.06364241375120067,0.9485831008759344,0.050651678000576794
3.5653191727035267,3.1969874112015253,1.8400142060542852,68.12860762358551,0.03300754985309797,-0.06359494661413348,0.9485453321738166,0.049377283998182975
3.5653191727035267,3.1969874112015253,1.8400142060542852,68.17664088333518,0.033616230872134605,-0.06349900053895147,0.9487140917788732,0.05062985800032038
3.5653191727035267,3.1969874112015253,1.8400142060542852,68.2234338948504,0.034400396719420426,-0.06350575919690195,0.948653428886176,0.04932571800236474
3.5653191727035267,3.1969874112015253,1.8400142060542852,68.27095643709242,0.035272669202202706,-0.06354917969993039,0.9486475985737793,0.05009504299960099
3.5653191727035267,3.1969874112015253,1.8400142060542852,68.31844943290089,0.03620572050190966,-0.06361326295320541,0.9485879167040091,0.050067046999174636
3.560631929593158,3.2039222391366073,1.7961092695019136,68.36578930953158,0.036439567947226255,-0.06262514759045335,0.9485734898151117,0.049906388001545565
3.560631929593158,3.2039222391366073,1.7961092695019136,68.41318787239895,0.03738364209560953,-0.06188500687081047,0.9488512220159588,0.0499536299976171
3.560631929593158,3.2039222391366073,1.7961092695019136,68.46065034823155,0.03837365394008389,-0.06149591567711998,0.9488511320227095,0.05002099299963447
3.5578746630053337,3.2025414422681977,1.772807177980696,68.50814515893666,0.039480005925017395,-0.06085339692724251,0.9487042620198616,0.050062820002494846
3.5578746630053337,3.2025414422681977,1.772807177980696,68.55552560188741,0.04074592588669934,-0.06045773054076459,0.9488145936153972,0.049936461000470445
3.555292150035927,3.204408092630467,1.744562958452542,68.60291884361826,0.041713720202670314,-0.05951452022558318,0.9487113507989049,0.04995538599905558
3.555292150035927,3.204408092630467,1.744562958452542,68.65042818851522,0.042955311684915676,-0.05885384533082389,0.9488285171178762,0.05007158199805417
3.555292150035927,3.204408092630467,1.744562958452542,68.69781878191026,0.044122509979297314,-0.05844306935698378,0.948801486791146,0.04994784900191007
3.5520546090535454,3.2150231049761797,1.7153332520021727,68.74575978695694,0.044121222700740016,-0.05727919964524049,0.9487354416784535,0.050531478998891544
3.5520546090535454,3.2150231049761797,1.7153332520021727,68.79272123487536,0.044785450654628856,-0.056340677316128546,0.9489121322307615,0.04948977499952889
3.5520546090535454,3.2150231049761797,1.7153332520021727,68.84022860038031,0.045602016484328364,-0.05573976686400166,0.9488250654409418,0.05006967799999984
3.549857778982606,3.223062968918496,1.6759437327232793,68.88754918684506,0.045654572474963545,-0.05398422826276356,0.9486402369944804,0.04988254199997755
3.549857778982606,3.223062968918496,1.6759437327232793,68.93502350922115,0.046392919981410444,-0.05270940491774527,0.9487345564208732,0.050039625999488635
3.547966035407444,3.240214019796283,1.6389010031216749,68.98243945995087,0.04541774045919216,-0.010488581411759568,0.9486302222175012,0.049983597000391455
3.547966035407444,3.240214019796283,1.6389010031216749,69.02997528233068,0.045472548431111905,0.015134878497289866,0.948672949102837,0.050107703002140624
3.548357704575054,3.2508717604098196,1.6007480312369449,69.0772076723184,0.044706689141073244,0.0321410175931109,0.9483988499786931,0.04980224300015834
3.548357704575054,3.2508717604098196,1.6007480312369449,69.12472731313541,0.044810435321087846,0.04256938092986579,0.9483703596915977,0.05010662799759302
3.548357704575054,3.2508717604098196,1.6007480312369449,69.17214825652276,0.045253917965933865,0.04897795778313919,0.9482611719138634,0.05000831500001368
3.5492563981484406,3.255934957779414,1.5642900070004564,69.21950583369473,0.04522496889126895,0.0544251394478653,0.9477626797431674,0.04996775900144712
3.5492563981484406,3.255934957779414,1.5642900070004564,69.26689786902193,0.0456641415546265,0.05790110043146825,0.9477137697992787,0.05000669699802529
3.5492563981484406,3.255934957779414,1.5642900070004564,69.31430119078624,0.04628875234973501,0.06017193310744888,0.9475640178506717,0.05002651100221556
3.550513055331857,3.2681909906115068,1.5255890094397724,69.36162061270484,0.0455177888512175,0.0633334131175588,0.9470657039815813,0.049964244000875624
3.550513055331857,3.2681909906115068,1.5255890094397724,69.40902636293296,0.04540806162756624,0.06538402236766079,0.9470168817006749,0.05005797799822176
3.550513055331857,3.2681909906115068,1.5255890094397724,69.4563182714075,0.045682983622449616,0.0668274376217444,0.9468548833448599,0.04994631099907565
3.5522615763541237,3.288237890576709,1.5041490257643764,69.50390715316959,0.04390062159830575,0.06892460666989367,0.9466029356000977,0.05027333000180079
3.5522615763541237,3.288237890576709,1.5041490257643764,69.5509954721386,0.04311161432279208,0.07027406462481944,0.9463967960779026,0.049755365998862544
3.554290430791802,3.3077524175691084,1.4999343125769082,69.59854683503086,0.04082672940325794,0.07170481713238716,0.9464010036798518,0.05024441299974569
3.554290430791802,3.3077524175691084,1.4999343125769082,69.64561804352972,0.039732572691514915,0.07265044033553207,0.9461944661620068,0.04974792199936928
3.554290430791802,3.3077524175691084,1.4999343125769082,69.69293907154636,0.03939368782370038,0.07345247865617995,0.9461436808278664,0.05001463200096623
3.5562435329770423,3.330178842409414,1.5099598803207304,69.7436818924937,0.03715456316260264,0.0741050499300738,0.9462952641232192,0.05362260900074034
3.5562435329770423,3.330178842409414,1.5099598803207304,69.78757649488968,0.03612902132926635,0.07457586319199375,0.9460376364435688,0.04639836799833574
3.5570042493859697,3.3526965791004883,1.5271704970092421,69.83481521881339,0.033531893743212776,0.07473046726741849,0.9463372029550428,0.049917432999791345
3.5570042493859697,3.3526965791004883,1.5271704970092421,69.88419202775978,0.03229480795177089,0.0748777905182132,0.9462100572635702,0.05218377100027283
3.5570042493859697,3.3526965791004883,1.5271704970092421,69.92968821874804,0.031882529274899055,0.07522127211543947,0.946007064505759,0.048092865999933565
3.558260299399671,3.369698261871074,1.5463322502394923,69.97676934949057,0.03021395413222464,0.07533734268986965,0.9463276613445523,0.04975140500027919
3.558260299399671,3.369698261871074,1.5463322502394923,70.02412022227706,0.029547534494196885,0.07548755731331061,0.9461690448213419,0.05004483400261961
3.558400887905879,3.383895101216472,1.578295663388969,70.07142525017194,0.028164052309807973,0.0750810525350944,0.9464225876725837,0.049982986998657
3.558400887905879,3.383895101216472,1.578295663388969,70.11873197463109,0.027743084860747513,0.07497247503905831,0.9463080231255835,0.04999083100119606
3.558400887905879,3.383895101216472,1.578295663388969,70.16651488441835,0.02781470727967706,0.0751578805676975,0.9461819001790115,0.05050076499901479
3.557385330903955,3.3975447964590964,1.609514217769422,70.21337855657815,0.02695629543611988,0.07470959768385256,0.9465262293056227,0.049511223998706555
3.557385330903955,3.3975447964590964,1.609514217769422,70.26120812905918,0.026865573023895868,0.07457665225986407,0.9464169375323791,0.05053752800085931
3.557385330903955,3.3975447964590964,1.609514217769422,70.30801409754031,0.027147113086466824,0.07473572981775468,0.9463737072594836,0.049458230001619086
3.554605744320526,3.416581821857231,1.6494394659127058,70.3555478778457,0.02592696667071408,0.0739458544591076,0.946932363562402,0.050197650998597965
3.554605744320526,3.416581821857231,1.6494394659127058,70.4027099972662,0.025694370025274818,0.07358401168997913,0.946783738307957,0.049812979999842355
3.551054781767005,3.433143250993575,1.6916996350651332,70.45011707574885,0.024452640857043125,0.07241164183440599,0.9473435274407452,0.05004212000130792
3.551054781767005,3.433143250993575,1.6916996350651332,70.4974342405355,0.02420447044043166,0.07184087377237064,0.9473102342587523,0.0499489639987587
3.551054781767005,3.433143250993575,1.6916996350651332,70.54486691204646,0.02442559538896182,0.07172273289649209,0.9471143882985378,0.05008124899904942
3.547546143445288,3.4456288714048404,1.730108986063602,70.59325204201382,0.023855879740621068,0.07075801997531067,0.9477008980062852,0.05105527500199969
3.547546143445288,3.4456288714048404,1.730108986063602,70.6395212338156,0.024017604165101528,0.0703278334384142,0.9476011019990096,0.04882770999756758
3.547546143445288,3.4456288714048404,1.730108986063602,70.68737032154846,0.024568212051791154,0.07027921334360271,0.9474328630080133,0.050503935002780054
3.5439375421904717,3.4554500827640457,1.7651645818718957,70.73440324128303,0.02450786554279409,0.06939448657670695,0.9478228932044737,0.04962205499759875
3.5439375421904717,3.4554500827640457,1.7651645818718957,70.78228950174257,0.025009808899786653,0.06902271355582867,0.947770341268477,0.050525173002824886
3.5405639633284376,3.450608659065711,1.7965857066936595,70.82910420181601,0.026496995927243902,0.06765811327715845,0.94799032509615,0.04938309899807791
3.5405639633284376,3.450608659065711,1.7965857066936595,70.87649870649027,0.027920278356827137,0.06701005650117264,0.9479822183593063,0.04999514100200031
3.5405639633284376,3.450608659065711,1.7965857066936595,70.92429437400696,0.02922895911805099,0.06679862199392853,0.9478139578667822,0.05042726699684863
3.5366504561798324,3.4539533101216016,1.8299910947654474,70.97130312566328,0.030303170954936218,0.06551869605050745,0.948134164319821,0.049580274000618374
3.5366504561798324,3.4539533101216016,1.8299910947654474,71.01886472611444,0.03144245274350238,0.06490275217112362,0.947984857518006,0.050171266000688775
3.5366504561798324,3.4539533101216016,1.8299910947654474,71.06801676098456,0.032591735082069626,0.0647011773084882,0.9478840203150268,0.05185448200063547
3.530985467292206,3.458988003193631,1.8601974306343267,71.1135066507951,0.0333624185476985,0.06330461282724925,0.9482477637898663,0.04797257799873478
3.530985467292206,3.458988003193631,1.8601974306343267,71.16091271156107,0.03425944477123342,0.0626043120606059,0.9481740475324014,0.049997214002360124
3.52403085425703,3.4622677286434254,1.8944939845585183,71.2084527911255,0.035016758399625564,0.06048402303500316,0.9485862250854954,0.05011677199945552
3.52403085425703,3.4622677286434254,1.8944939845585183,71.25644240853941,0.03583566639971668,0.05933535324273831,0.9483729141893222,0.05060205399786355
3.52403085425703,3.4622677286434254,1.8944939845585183,71.30320236129455,0.036814658014274845,0.05877405318103336,0.9482295304687882,0.049312905000988394
3.5182991863230924,3.462096328356559,1.9168820591652427,71.35063071854646,0.037887515247824424,0.05703421012711673,0.9484756551002298,0.0500048229987442
3.5182991863230924,3.462096328356559,1.9168820591652427,71.39802747834321,0.03886588300788997,0.05608633915887268,0.9483209918600611,0.04997965900111012
3.508707598548273,3.4685853202874855,1.9528780929466378,71.44534458224297,0.039165672133326584,0.013392639486469193,0.9488480616389595,0.049867945999721996
3.508707598548273,3.4685853202874855,1.9528780929466378,71.49350112989057,0.039456042559829416,-0.012052279860436351,0.9486089452243778,0.05076543700124603
3.508707598548273,3.4685853202874855,1.9528780929466378,71.54037271411013,0.04013551027347864,0.012785007134316588,0.9484803230053661,0.04941756100015482
3.4986751619864993,3.470407623923541,1.9880086936730639,71.58778326179402,0.04058054704992563,-0.014783136753026768,0.948948343469171,0.04996114700043108
3.4986751619864993,3.470407623923541,1.9880086936730639,71.63701058999641,0.04075141382231872,-0.031209312188362343,0.9486020772434834,0.05189460299880011
3.486578187270228,3.470893345198039,2.0309968124894247,71.68267058768102,0.04079933946556146,-0.04421702878478731,0.9491691949233454,0.04810522499974468
3.486578187270228,3.470893345198039,2.0309968124894247,71.73016152022414,0.04025188693639581,-0.0519090397129713,0.9486576456949427,0.050061191999702714
3.486578187270228,3.470893345198039,2.0309968124894247,71.77757020551232,0.040432723154439104,-0.056443388641550206,0.9486798833605684,0.04997332200218807
3.476099488225113,3.4665234983352295,2.0649181008907034,71.82556792438552,0.04067654577665512,-0.06214976928997087,0.9490257950394013,0.05057577899788157
3.476099488225113,3.4665234983352295,2.0649181008907034,71.87269214254677,0.040153351358665,-0.06554974998896465,0.948560519369086,0.04967971700170892
3.476099488225113,3.4665234983352295,2.0649181008907034,71.91982986988305,0.040363024138175996,-0.06750659469563658,0.9484530041218999,0.04969959200025187
3.4628791751127017,3.4702686718228364,2.0897693828887864,71.96727455577263,0.03956179638895727,-0.07124507350956331,0.9489183897334066,0.04999869999664952
3.4628791751127017,3.4702686718228364,2.0897693828887864,72.01529868835898,0.038465074309127385,-0.07303955964516434,0.9485387466840245,0.05062959499991848
3.445703632155476,3.4760278958888158,2.100368731944918,72.06212007173426,0.036479928233636896,-0.07644501996930328,0.9493949402770714,0.04931707700234256
3.445703632155476,3.4760278958888158,2.100368731944918,72.10969768596902,0.03455938461997576,-0.07773031208195569,0.9492898990603303,0.05011916199873667
3.445703632155476,3.4760278958888158,2.100368731944918,72.15704726584016,0.03406275972602922,-0.07849065742836259,0.9491576701161393,0.049885895001352765
3.4304576510224547,3.481825323040248,2.0870001352597884,72.20610335387791,0.032426011673032745,-0.08009952006028237,0.9494309886036416,0.05166893500063452
3.4304576510224547,3.481825323040248,2.0870001352597884,72.25458462274835,0.031564659595623955,-0.08040372259702458,0.9496223982606472,0.051053207000222756
3.4304576510224547,3.481825323040248,2.0870001352597884,72.29951295059954,0.03162600140857964,-0.08068527034982018,0.9496128033880321,0.04731225999785238
3.4162054490559104,3.487955313274395,2.062981365388285,72.34757201083946,0.030517026118924418,-0.08152595066343185,0.9498487117640885,0.050596542001585476
3.4162054490559104,3.487955313274395,2.062981365388285,72.39460724138405,0.03001760881141516,-0.08137725100923714,0.949999999884323,0.04951076900033513
3.406144683342674,3.4879041319140436,2.0376525847927787,72.44353616297848,0.029504702075428834,-0.0819867996346075,0.9499999999330473,0.0515041279977595
3.406144683342674,3.4879041319140436,2.0376525847927787,72.48950070267603,0.029543085550022365,-0.0820391889186411,0.9499999999516361,0.04838372599988361
3.406144683342674,3.4879041319140436,2.0376525847927787,72.53858034367578,0.029987620995698034,-0.0822829719182141,0.9499999999488673,0.05166278000251623
3.397943248908333,3.4953507457251183,2.0038535393427583,72.58448775702092,0.029534859465527495,-0.08195066275631588,0.9499999999605975,0.04832359299689415
3.397943248908333,3.4953507457251183,2.0038535393427583,72.63276817062209,0.03019345571209779,-0.0812617807512313,0.9499999999699175,0.05082148800283903
3.397943248908333,3.4953507457251183,2.0038535393427583,72.67954024072019,0.03100851278473811,-0.08102797006958559,0.9499999999633503,0.04923375799990026
3.3935463582913874,3.494260643961603,1.96932135184749,72.72703436211638,0.03186621809548939,-0.08032713488566776,0.9499999999730736,0.049993811997410376
3.3935463582913874,3.494260643961603,1.96932135184749,72.77451253776516,0.03342105835521683,-0.07985078366901448,0.9499999999785815,0.049977026999840746
3.392322140313866,3.491398592147937,1.9252452943447562,72.82201388581338,0.035208946844597154,-0.07844728967678372,0.949999999960799,0.05000141900018207
3.392322140313866,3.491398592147937,1.9252452943447562,72.8694790075138,0.03774800422208484,-0.07759628280906282,0.9499999999895722,0.049963286001002416
3.392322140313866,3.491398592147937,1.9252452943447562,72.91710001471442,0.03964496766978199,-0.07720777481865379,0.949999999976111,0.050127376001910307
3.392322140313866,3.491398592147937,1.9252452943447562,72.96453572251313,0.041222840663842464,-0.0768796986407531,0.9499999999722311,0.049932324000110384
3.392322140313866,3.491398592147937,1.9252452943447562,73.01208965590895,0.042531461977375264,-0.07658809391206123,0.9499999999669613,0.05005677199733327
3.389760442456996,3.4917069195268176,1.8343239429341887,73.0594539778593,0.0440417332676432,-0.0730698305245832,0.9499999999659442,0.049857181002153084
3.389760442456996,3.4917069195268176,1.8343239429341887,73.10724118280868,0.047361303604571844,-0.070528718381097,0.9499999999811009,0.05030232100034482
3.389760442456996,3.4917069195268176,1.8343239429341887,73.15450152725604,0.04978440729577066,-0.06909312911259494,0.9499999999813058,0.04974773099820595
3.3916328821504202,3.487707262433409,1.785930116627695,73.20450560565445,0.05220843294041123,-0.06583830421078826,0.9499999999389305,0.0526358720017015
3.3916328821504202,3.487707262433409,1.785930116627695,73.25003302280086,0.055023288191092964,-0.06362653740661312,0.9499999999676424,0.04792359699786175
3.39418769553415,3.482644574932673,1.7395261552515284,73.296901715489,0.057562337961323325,-0.05990340892998633,0.949999999772677,0.04933546599932015
3.39418769553415,3.482644574932673,1.7395261552515284,73.34454702369007,0.06021085241430642,-0.05740376735041714,0.9499999999753457,0.05015295600242098
3.39418769553415,3.482644574932673,1.7395261552515284,73.39200728708526,0.06206573934236012,-0.05570904331838452,0.9499999999113714,0.04995817199960584
3.3970350436372483,3.4798927878300807,1.701356883416754,73.4394939005722,0.06358420034979102,-0.01235289795667377,0.9498847832645546,0.04999197199867922
3.3970350436372483,3.4798927878300807,1.701356883416754,73.48770044927134,0.06526975343183009,0.013979155023802523,0.9499320545916579,0.05074736499955179
3.3970350436372483,3.4798927878300807,1.701356883416754,73.53445054595284,0.06649888695321025,0.030017894124842466,0.949847132461198,0.049218547999771545
3.39768918063055,3.485527896491526,1.6566507850532042,73.58189889612477,0.06654070438517681,0.042135174447759306,0.9487534959112365,0.050011252002150286
3.39768918063055,3.485527896491526,1.6566507850532042,73.62933196992472,0.0672200085253142,0.04982692846296444,0.9488496328641307,0.04999008500089985
3.401916673166101,3.4923742241309106,1.6057516941753693,73.67771746597866,0.06651596631762775,0.0576339285081731,0.9473329225395738,0.051075493000098504
3.401916673166101,3.4923742241309106,1.6057516941753693,73.72409066947513,0.06658395782563167,0.06262469453475508,0.94746590909509,0.048944455997116165
3.401916673166101,3.4923742241309106,1.6057516941753693,73.77147297342566,0.06674844337186657,0.06586022449495728,0.9473129847968941,0.05001758100115694
3.4055316688593478,3.500381747596897,1.5623744055304827,73.81873738578437,0.06549040136900694,0.07042066906564391,0.9460244054979224,0.04996109200146748
3.4055316688593478,3.500381747596897,1.5623744055304827,73.86950928086179,0.06497626630277278,0.07336221708304906,0.9461053700318292,0.053664101997128455
3.4101945941128644,3.5131588462235697,1.5350255636018886,73.91333481427638,0.06282251405098468,0.0771696223796331,0.9450848328992728,0.0463720630032185
3.4101945941128644,3.5131588462235697,1.5350255636018886,73.96060328824845,0.06161125751742907,0.07952753289198848,0.9451557797840163,0.05001130499658757
3.4101945941128644,3.5131588462235697,1.5350255636018886,74.0085301158138,0.06096837990973201,0.08118791425635685,0.9450540883061861,0.05071331700310111
3.4154317573055097,3.525287907692293,1.5297078741139696,74.05529525085421,0.05896890090882987,0.08338409273611383,0.9444297645074979,0.0495167949993629
3.4154317573055097,3.525287907692293,1.5297078741139696,74.10228284562493,0.05778532511044786,0.08477674163391798,0.9443244845487145,0.049757890999899246
3.4154317573055097,3.525287907692293,1.5297078741139696,74.14949409443804,0.057150128582991275,0.08585515489376541,0.9442332477920979,0.04999956199753797
3.421613054557372,3.546082689571361,1.538122415027246,74.19666131821438,0.05428303606586722,0.08741292315687105,0.9437723818595074,0.04997733000345761
3.421613054557372,3.546082689571361,1.538122415027246,74.24477568882061,0.052543301111645936,0.08825404845668317,0.9437504545043359,0.050982089996978175
3.425929513577385,3.5705279330358457,1.562253590740629,74.29103925052247,0.04889646446130101,0.08906251470401334,0.9436581873322342,0.04902576200038311
3.425929513577385,3.5705279330358457,1.562253590740629,74.33870219128514,0.04670610881933317,0.08937529980781221,0.9435824152750789,0.050512748002802255
3.425929513577385,3.5705279330358457,1.562253590740629,74.38541252195671,0.045481733628519025,0.08980025508161033,0.94337975515759,0.049513814999954775
3.4288856877065075,3.5871974552297186,1.5935399120444493,74.43252881288274,0.043074530488885904,0.09001597939462189,0.9434104953696346,0.04994251299649477
3.4288856877065075,3.5871974552297186,1.5935399120444493,74.47970460616028,0.041700488567606206,0.09009502936923963,0.9433479307145526,0.05000890100200195
3.4288856877065075,3.5871974552297186,1.5935399120444493,74.52737248291268,0.04095555338046583,0.0903704625322999,0.9432636892048152,0.050535048998426646
3.431922015049846,3.6092407130676203,1.636515396930563,74.57442424249543,0.03829148479705431,0.09038715484625315,0.9433229195384923,0.04987874099970213
3.431922015049846,3.6092407130676203,1.636515396930563,74.6220426771174,0.03678578232321662,0.09023132911732097,0.9432842425723552,0.05048153300231206
3.432538748184294,3.629735224970672,1.6888024888871636,74.66835319313148,0.034020554583646195,0.08970818704001948,0.9434319343575672,0.04908728900045389
3.432538748184294,3.629735224970672,1.6888024888871636,74.71569914879248,0.03251198996979483,0.08925069201885287,0.9433944406629877,0.05018680799912545
3.432538748184294,3.629735224970672,1.6888024888871636,74.76471701397139,0.03170574300901029,0.08920439749372325,0.9433200129106944,0.051963134999823524
3.431826375322476,3.6540040441359936,1.7394312145852102,74.81022231599462,0.028835686671170126,0.08884724817046277,0.9434752505149934,0.04823157999999239
3.431826375322476,3.6540040441359936,1.7394312145852102,74.85763000682641,0.02726563733777479,0.08835144547103069,0.9434658668310848,0.05024844299987308
3.4289159345389892,3.6713382041638196,1.7907124073688767,74.90436357213456,0.02481750781041822,0.0875687408050657,0.9437759505105773,0.04951764799989178
3.4289159345389892,3.6713382041638196,1.7907124073688767,74.95147478241034,0.023566647035833346,0.08693808724587646,0.9437662251228854,0.04991830500148353
3.4289159345389892,3.6713382041638196,1.7907124073688767,74.99876686705299,0.02292290457446127,0.0867826502091574,0.9435683348021787,0.050120465999498265
3.423892879901819,3.6884991373132703,1.8401006554751167,75.0458107445229,0.0217537427446772,0.08620436013488035,0.9439393299131523,0.049837818998639705
3.423892879901819,3.6884991373132703,1.8401006554751167,75.0938963164595,0.021052245646806935,0.08557818307316781,0.9439202041991117,0.050942411999130854
3.423892879901819,3.6884991373132703,1.8401006554751167,75.14204457337692,0.020631347388085,0.0854284662773859,0.9438225853024493,0.051014097000006586
3.4197654141039293,3.6984587120817545,1.8785245928161245,75.18770859073074,0.020378808432851274,0.0849913178279908,0.9441138009190162,0.04836706900096033
3.4197654141039293,3.6984587120817545,1.8785245928161245,75.23464018670956,0.0202272850597111,0.08458647941157135,0.9441064720117378,0.04971006699997815
3.4144045450025957,3.70798885421978,1.9229832324385163,75.28186618346689,0.02013637103582733,0.08390182645400107,0.9443619622786322,0.050008363999950234
3.4144045450025957,3.70798885421978,1.9229832324385163,75.32908408581069,0.02008182262149663,0.0833603233690586,0.9443498121433703,0.0500004360001185
3.4144045450025957,3.70798885421978,1.9229832324385163,75.3773524735833,0.020049093572898236,0.08325600772809301,0.9442503701839051,0.05111820900128805
3.4128711763211497,3.710738519042907,1.9598702860594726,75.42362899665967,0.020029456143739188,0.08282930890042961,0.9444096254737198,0.0490004780003801
3.4128711763211497,3.710738519042907,1.9598702860594726,75.4710571444014,0.020017673686243825,0.08271848035754277,0.9444456064849676,0.050217976997373626
3.4116249488598003,3.7069398494317607,2.000252857236361,75.5180650434876,0.020010604211747426,0.08205214528761208,0.9447269267631389,0.049758187000406906
3.4116249488598003,3.7069398494317607,2.000252857236361,75.56533602832825,0.020059557322944732,0.08202830820638507,0.9446107321939581,0.05004281999936211
3.4116249488598003,3.7069398494317607,2.000252857236361,75.61243059251021,0.02016023366482722,0.08225523537186169,0.9445316651956179,0.0498602280022169
3.408902825581804,3.7024408753964284,2.043179264303395,75.65994408027298,0.021123781881277996,0.08156208124898574,0.9450132325373836,0.050278119000722654
3.408902825581804,3.7024408753964284,2.043179264303395,75.70696074651421,0.02206931253667214,0.08145026552265316,0.9450113578970191,0.04975248799746623
3.408902825581804,3.7024408753964284,2.043179264303395,75.75426183656442,0.02273388026055686,0.08158639639486107,0.9449251397347903,0.050058029002684634
3.404689067125566,3.7001357852588406,2.07967054999039,75.80165966946005,0.023738665927380918,0.08084772523673582,0.9454093092930191,0.050134721997892484
3.404689067125566,3.7001357852588406,2.07967054999039,75.84922260499062,0.024660123528650345,0.08062099164094907,0.9453604554921387,0.05031195799892885
3.399600804292168,3.702021701736805,2.115488142777374,75.89756900987952,0.02527294134398795,0.07978159392101827,0.9455538158980641,0.051130252002622
3.399600804292168,3.702021701736805,2.115488142777374,75.94325975904297,0.025920686250117474,0.07942256987564447,0.9455086605353815,0.04832398799771909
3.399600804292168,3.702021701736805,2.115488142777374,75.990950748996,0.026430045052803202,0.07939778190992491,0.9454328266095194,0.05044355200152495
3.3956382731990575,3.6969930794495136,2.14641401734743,76.0402345899553,0.02759707930189628,0.07846870540729317,0.9459626762542614,0.05209913900034735
3.3956382731990575,3.6969930794495136,2.14641401734743,76.08530546387804,0.028586480454233114,0.07814493754430021,0.9458764923103508,0.047649850999732735
3.3956382731990575,3.6969930794495136,2.14641401734743,76.13479822386046,0.02930144839805579,0.07813079729806996,0.9458024818094304,0.05232885399891529
3.3911485505467827,3.694019370759886,2.1805869666593525,76.18307245068138,0.030340892399087407,0.07715011053868374,0.9462417639062383,0.05101680000007036
3.3911485505467827,3.694019370759886,2.1805869666593525,76.22710436470375,0.031226513053887694,0.07676491513978155,0.9461526935195168,0.04653785200207494
3.3861354627752265,3.6907390471123382,2.217339285876476,76.27451299833605,0.03236320105759603,0.07538182473839358,0.9467825496983265,0.05007341300006374
3.3861354627752265,3.6907390471123382,2.217339285876476,76.3222817087577,0.033278414874634524,0.07472683931223352,0.9466849470384228,0.05045893100032117
3.3861354627752265,3.6907390471123382,2.217339285876476,76.37057727743519,0.03397498419157551,0.07451673206304125,0.9465963588665746,0.05102023499784991
3.381699755445379,3.689747600830882,2.2556610430425623,76.41651925599623,0.034748619146390713,0.07331249246211309,0.9471235599554791,0.048506848001125036
3.381699755445379,3.689747600830882,2.2556610430425623,76.4640072701224,0.03540230032303006,0.07275336488058048,0.9470326202611697,0.05014401099833776
3.381699755445379,3.689747600830882,2.2556610430425623,76.5110504020998,0.035946687849621003,0.07260432865804078,0.9469371847846207,0.04967925299933995
3.381699755445379,3.689747600830882,2.2556610430425623,76.55902022253866,0.0364223842507653,0.07269482476869893,0.9468534038363275,0.050662352001381805
3.381699755445379,3.689747600830882,2.2556610430425623,76.60577677007467,0.0368597916479586,0.07293270926313,0.946767518776887,0.049385458001779625
3.3732220148761445,3.6908099657542977,2.3207601012234282,76.65329707302936,0.03724117515862889,0.0711149630848987,0.9476882597593175,0.05014339099943754
3.3732220148761445,3.6908099657542977,2.3207601012234282,76.7006000133035,0.03761733801203941,0.0701619853603191,0.9476055441482528,0.049918386997887865
3.3732220148761445,3.6908099657542977,2.3207601012234282,76.7479488985728,0.038013574266652674,0.06976057668150362,0.9475241046023642,0.04997116700178594
3.3656679203735496,3.68861868091858,2.3569965017885397,76.79550027536818,0.03847152339001775,0.06807776011388975,0.9482804433607809,0.0501448459981475
3.3656679203735496,3.68861868091858,2.3569965017885397,76.84272396918865,0.03886412668969108,0.067220175844836,0.9481542889442067,0.04980591700223158
3.352597756353001,3.69376514895993,2.3933501698169266,76.89022502469169,0.038256028764695554,0.06539622216376723,0.9488303469506306,0.05006274900006247
3.352597756353001,3.69376514895993,2.3933501698169266,76.9376301175524,0.03795215164255344,0.06450264126649738,0.9486901210240056,0.049968995997915044
3.352597756353001,3.69376514895993,2.3933501698169266,76.98571798235132,0.03796015392985617,0.06411943043179295,0.9486058247747744,0.05069320000256994
3.339881819104246,3.6980644910817118,2.4292550310761447,77.03250723430688,0.03716083586058189,0.06259106549625384,0.9492476104927567,0.04929088199787657
3.339881819104246,3.6980644910817118,2.4292550310761447,77.07999924095863,0.036704887146457955,0.061901394457515954,0.9492817275653158,0.05002941199927591
3.3220607347879767,3.702999518214782,2.470248427269429,77.12909516400825,0.035195530864336716,0.05983849192938556,0.9499999999763147,0.05167991900088964
3.3220607347879767,3.702999518214782,2.470248427269429,77.17522772301501,0.03420970538437704,0.05891440626512316,0.9499709187936501,0.048562075000518234
3.3220607347879767,3.702999518214782,2.470248427269429,77.2227686492964,0.03383372105589326,0.05848050947665179,0.9498736672782767,0.050049736000801204
3.3220607347879767,3.702999518214782,2.470248427269429,77.27265300710148,0.03382466542576118,0.058341542327335516,0.9497704034559572,0.0525225439996575
3.308691743620615,3.706214007234418,2.510142477388572,77.31745501184785,0.03294914118088136,0.05683558830271088,0.9499999999133895,0.04716000500047812
3.308691743620615,3.706214007234418,2.510142477388572,77.36495487504165,0.03231197756558518,0.05619827683463764,0.9499999999298194,0.04999985599715728
3.2951212681425015,3.7081959245966085,2.552869340546148,77.41249043448654,0.03106639403431568,0.05426477116562961,0.9499999998382533,0.0500374310031475
3.2951212681425015,3.7081959245966085,2.552869340546148,77.45992191097955,0.030112890675253624,0.053391660653178116,0.9499999999132587,0.04992786999719101
3.2790730999581563,3.7113344944125983,2.596400100542634,77.50995399252444,0.028318524372902595,0.0113162877909442,0.9499999998764468,0.05266534900147235
3.2790730999581563,3.7113344944125983,2.596400100542634,77.55501212390162,0.026961190151885465,-0.013533904790272833,0.9499999994986871,0.04742961200099671
3.2790730999581563,3.7113344944125983,2.596400100542634,77.60582006597944,0.02641144261566296,-0.028393601304869537,0.9478889061593369,0.05360115700023016
3.2717852634770592,3.7061946966819184,2.6331543786607257,77.65069083709442,0.025999253999289644,-0.03889931683551294,0.9457084997156081,0.04744672499873559
3.2717852634770592,3.7061946966819184,2.6331543786607257,77.69702264672983,0.025445301391017798,-0.045121091625910964,0.9433761765367857,0.04911276200073189
3.257669356926046,3.7062569829947507,2.6719426359319787,77.74384639792541,0.024058390990643323,-0.05042022908188093,0.941457291248489,0.04973539599814103
3.257669356926046,3.7062569829947507,2.6719426359319787,77.79088413013032,0.02280489434600736,-0.0532263311976416,0.9386139846979595,0.05011403300159145
3.257669356926046,3.7062569829947507,2.6719426359319787,77.83770671352795,0.022379396596006344,-0.05488266561907784,0.93597843723331,0.05002528000113671
3.2479954771897828,3.7031031364663547,2.7009245582397585,77.88437647078236,0.02154192594171093,-0.057275367335764785,0.9339144389156372,0.049972197997703915
3.2479954771897828,3.7031031364663547,2.7009245582397585,77.93086872063631,0.020925155570408575,-0.05850681839457133,0.9311844127474194,0.04992807999951765
3.2479954771897828,3.7031031364663547,2.7009245582397585,77.97739508803045,0.020725693145816675,-0.059233055925324116,0.9288149845543938,0.05009218000122928
3.2405510573746343,3.699908082248464,2.7109349884841007,78.02364209203138,0.02043541589596292,-0.060584914905880666,0.9266212675161607,0.049909284000023035
3.2405510573746343,3.699908082248464,2.7109349884841007,78.06998527675488,0.020261249547225503,-0.06126969532617912,0.9240172592904365,0.05015402500066557
3.2370023816406803,3.6926389324063944,2.7046943915546873,78.1158822667014,0.020240579850245327,-0.06237686116416476,0.9216912297137275,0.04979649199958658
3.2370023816406803,3.6926389324063944,2.7046943915546873,78.1619938967413,0.02045299285825418,-0.06311725476126735,0.919313431288072,0.05015876900142757
3.2370023816406803,3.6926389324063944,2.7046943915546873,78.20772829368882,0.020931890409094826,-0.06366871498700474,0.9167532189963331,0.049887358996784315
3.227958102902367,3.6903136119530684,2.6959726943208304,78.25346384173764,0.020717991111441094,-0.06448862282498291,0.9145266655621195,0.05001007600003504
3.227958102902367,3.6903136119530684,2.6959726943208304,78.30057046380256,0.021171289043897354,-0.06480577716563218,0.9124195002193098,0.05162825000297744
3.227958102902367,3.6903136119530684,2.6959726943208304,78.34468292107753,0.021961827148831194,-0.06509655266504273,0.9097451932875997,0.04848880499775987
3.2154552091833013,3.69341278067857,2.6889057674431895,78.39005160389209,0.021554544527846733,-0.06548029011503645,0.907592458674984,0.04998794600032852
3.2154552091833013,3.69341278067857,2.6889057674431895,78.43522497631724,0.021815539959078076,-0.06531575954761684,0.9051953033942964,0.04990455900042434
3.2023652648679732,3.6955883008734043,2.680498961873369,78.48061217022413,0.021116149063707457,-0.06554224787057585,0.90299173966119,0.050263132998225046
3.2023652648679732,3.6955883008734043,2.680498961873369,78.52542321729138,0.02118747661141951,-0.06525373809133936,0.9006319303058269,0.04975511700104107
3.2023652648679732,3.6955883008734043,2.680498961873369,78.57029743953763,0.02175725425210415,-0.06518521434930762,0.8980617190156004,0.04996785999901476
3.189630144680628,3.696664173506302,2.671624480877534,78.61524119682747,0.021265585004588448,-0.06549974307224475,0.8959458151032014,0.0501634770007513
3.189630144680628,3.696664173506302,2.671624480877534,78.6597782512612,0.021451932651246394,-0.06530854339228323,0.8936186120735136,0.04983899600119912
3.1776130729048147,3.7015055556051353,2.6495654713816803,78.70435976065811,0.020871159629023,-0.06490527134304526,0.8912823560726938,0.05001951300073415
3.1776130729048147,3.7015055556051353,2.6495654713816803,78.74873847225462,0.021236274706572696,-0.06423062808694051,0.8891056987363912,0.04991387599875452
3.1776130729048147,3.7015055556051353,2.6495654713816803,78.7931044764918,0.02197756074096515,-0.06395469480652638,0.8865516749485504,0.05004333699980634
3.1628075997742684,3.7046206421101298,2.631487603210736,78.83881917649988,0.021353586976047736,-0.0638524367072024,0.884451595084857,0.0516870569990715
3.1628075997742684,3.7046206421101298,2.631487603210736,78.88470631884573,0.02165144968005972,-0.06331012649543066,0.882202744695656,0.05201428200234659
3.1628075997742684,3.7046206421101298,2.631487603210736,78.92550420558274,0.02236631911270382,-0.06309297939142439,0.879548682332131,0.046385023997572716
3.148462254262787,3.707482723706507,2.6114022966970505,78.97075180120603,0.02175500627081421,-0.06300382561596629,0.8776413632013836,0.051555906000430696
3.148462254262787,3.707482723706507,2.6114022966970505,79.01310359071509,0.02208758407236871,-0.06247158458501159,0.8754407613148922,0.04837767600110965
3.1372359418199456,3.712551989986657,2.5933470254493725,79.05672123957933,0.021526474211190416,-0.06198753424333549,0.8731789521724118,0.049952703000599286
3.1372359418199456,3.712551989986657,2.5933470254493725,79.10031300651416,0.021918936627615734,-0.061255351662740175,0.8709986573905725,0.05004802999974345
3.1372359418199456,3.712551989986657,2.5933470254493725,79.14372910232842,0.022659492498261387,-0.0608994962030112,0.8684670892219627,0.049991642001259606
3.1201660778458824,3.719500539031473,2.575627103356927,79.18760976059482,0.021665480390188382,-0.06060439096951196,0.8664064919698814,0.05064673299784772
3.1201660778458824,3.719500539031473,2.575627103356927,79.23025880653209,0.021744999198848897,-0.05979642372783357,0.8642250045516661,0.04934947000219836
3.106615976927783,3.7259320496770463,2.5574648230483223,79.27328438134238,0.021046999534116234,-0.059181290557859687,0.8620854228406573,0.04990871399786556
3.106615976927783,3.7259320496770463,2.5574648230483223,79.31635405137527,0.02103276773837607,-0.058249041072175864,0.8598565103198947,0.05008936900048866
3.106615976927783,3.7259320496770463,2.5574648230483223,79.35923237756924,0.02153321266466466,-0.057771371438746666,0.8573188615871997,0.050014444001135416
3.0911758926730153,3.734141464620427,2.5441211269679007,79.40243343070024,0.020919927607700457,-0.0573575886579762,0.8553217391610624,0.05050854100045399
3.0911758926730153,3.734141464620427,2.5441211269679007,79.44464624115602,0.02071240280515573,-0.056480656849278416,0.8529629478390209,0.04948961799891549
3.083868593989695,3.7375131853189756,2.5297845650451265,79.488940782815,0.020427441710098682,-0.05583960704359138,0.8506521102034262,0.052071276997594396
3.083868593989695,3.7375131853189756,2.5297845650451265,79.52966754664752,0.020732396883774113,-0.05513680849980152,0.848266438880743,0.048011759001383325
3.083868593989695,3.7375131853189756,2.5297845650451265,79.57211789309396,0.02136557329537143,-0.05476533497842041,0.845875531547419,0.050185097999928985
3.076409287543519,3.739338600022573,2.5140139806592003,79.61426833087202,0.021426604899532936,-0.054438238437705275,0.8436475654759246,0.049962140001298394
3.076409287543519,3.739338600022573,2.5140139806592003,79.65614447142228,0.022078492019419554,-0.05398496483778728,0.8414177168195383,0.04976855099812383
3.076409287543519,3.739338600022573,2.5140139806592003,79.69814436006313,0.022911277419132167,-0.053729087548840274,0.8389597949427803,0.050061861002177466
3.0753070608370345,3.7396859990525813,2.4920352117195246,79.73993671111819,0.02372312535489041,-0.053053642582770066,0.8363749577373488,0.04996843899789383
3.0753070608370345,3.7396859990525813,2.4920352117195246,79.78168445172122,0.02494676721907271,-0.05254935472596666,0.8341519407854253,0.05004812500192202
3.0753070608370345,3.7396859990525813,2.4920352117195246,79.82621555151462,0.026098907327561194,-0.05223279262783437,0.8317038769801977,0.0535420129999693
3.0753070608370345,3.7396859990525813,2.4920352117195246,79.86484002785393,0.027228785348596594,-0.051971437902412376,0.8290946009740657,0.04658633199869655
3.0753070608370345,3.7396859990525813,2.4920352117195246,79.90603288501167,0.02828803001368236,-0.05176791257680391,0.8268256788296662,0.049820486001408426
3.066203300463101,3.74270967599889,2.4452435547025493,79.94725946081874,0.028366291031764523,-0.010691169092759408,0.8243658845870111,0.05001004599762382
3.066203300463101,3.74270967599889,2.4452435547025493,79.98839829496941,0.02938226111267253,0.014285936783891059,0.8223718950813939,0.050024611002299935
3.066203300463101,3.74270967599889,2.4452435547025493,80.03068936264101,0.03038753527480148,0.029300152188461378,0.8199264208076477,0.0515791010002431
3.066203300463101,3.74270967599889,2.4452435547025493,80.07021852757808,0.03138378848843137,0.03841811271013694,0.8174254074681176,0.048358130999986315
3.066203300463101,3.74270967599889,2.4452435547025493,80.11104394662634,0.032347420769552646,0.0439849291526934,0.815085128256336,0.05008730699773878
3.066203300463101,3.74270967599889,2.4452435547025493,80.15158900303955,0.03329957473537528,0.04743718101441619,0.8126698717172407,0.049891177000972675
3.058449176529567,3.7472006150763493,2.4040817616932095,80.19212116806082,0.03326242762737165,0.050606423640121044,0.8100558803238982,0.050036257998726796
3.058449176529567,3.7472006150763493,2.4040817616932095,80.23250814183112,0.034027809997114855,0.05281569385586235,0.8079175080740877,0.04998898200210533
3.058449176529567,3.7472006150763493,2.4040817616932095,80.27308981959484,0.0348380781240242,0.05424166522099412,0.8055047435509248,0.05038043300010031
3.058449176529567,3.7472006150763493,2.4040817616932095,80.31290899492102,0.035671097623706766,0.0552395528569627,0.8030887029385987,0.04958253699805937
3.055871190308002,3.7504939871740754,2.3854698500392937,80.35339661066372,0.036010275859319346,0.05660213352455516,0.8004592708486632,0.050580482002260396
3.055871190308002,3.7504939871740754,2.3854698500392937,80.39284368892504,0.03671306772307602,0.05764370000573739,0.798123787900876,0.04942476199721568
3.055871190308002,3.7504939871740754,2.3854698500392937,80.43265199712928,0.037456398975485417,0.058413919905616236,0.7957684231099121,0.05002499100010027
3.055934425498177,3.7509899371431006,2.3914224753683087,80.47231967093916,0.03820752657785868,0.058914168925155705,0.7934395643644045,0.04999457500161952
3.055934425498177,3.7509899371431006,2.3914224753683087,80.5119505106167,0.038936587296994556,0.0593711037524454,0.7910592611289861,0.05009844600135693
3.055934425498177,3.7509899371431006,2.3914224753683087,80.55131650298385,0.03969369009141566,0.0598127242608853,0.7887028536186411,0.04991232399697765
3.0549516868591775,3.751265728700166,2.4024460794452334,80.59066096660644,0.04042475574666177,0.05985968654168741,0.7865785424425259,0.05001975200138986
3.0549516868591775,3.751265728700166,2.4024460794452334,80.63026537245638,0.04110646529233235,0.06004904983136833,0.7842166211064714,0.05050186999869766
3.047262117111737,3.7588627406328357,2.4144732556826907,80.66896791080654,0.04074437659039776,0.06006482118511343,0.7821412517456532,0.04948279900054331
3.047262117111737,3.7588627406328357,2.4144732556826907,80.70795130686552,0.04076895696265426,0.06031734778184414,0.7798213432435736,0.04999016299916548
3.047262117111737,3.7588627406328357,2.4144732556826907,80.74892985498644,0.04110045402870456,0.060634807347986076,0.7775170700525761,0.052704371002619155
3.0391215445810102,3.7643337123811076,2.435850971322579,80.7857464298584,0.04073264677236064,0.06022795633198402,0.775646391355762,0.047465668998484034
3.0391215445810102,3.7643337123811076,2.435850971322579,80.82429108810993,0.04068470981060869,0.060196871856205966,0.7734246457823004,0.04983634599921061
3.0391215445810102,3.7643337123811076,2.435850971322579,80.86291444329545,0.04097512146458136,0.060339137049312395,0.7711555839796248,0.05008503600038239
3.0308169216844574,3.7679633130396533,2.4586725554066597,80.90141552097009,0.040708616333610934,0.05959757338719856,0.7695483120675356,0.05003074799969909
3.0308169216844574,3.7679633130396533,2.4586725554066597,80.9396839605576,0.040726026628204494,0.05936141622599157,0.7672330914333152,0.049878505000378937
3.0220218127464475,3.772797793813394,2.493044295348071,80.97805468822826,0.04018858465783185,0.058133142309277526,0.7657296571700564,0.05011001900129486
3.0220218127464475,3.772797793813394,2.493044295348071,81.01611998634411,0.03995936182336976,0.05761414576296889,0.7633765448830012,0.0498643799983256
3.0220218127464475,3.772797793813394,2.493044295348071,81.05423592075188,0.040158629859842726,0.05744125962393341,0.7611554751321605,0.050076411000191
3.0112458399982054,3.777295389915151,2.5326958734855527,81.09217212740329,0.039604795962016506,0.05592125359430089,0.7598293351706374,0.04992727300123079
3.0112458399982054,3.777295389915151,2.5326958734855527,81.1300650182334,0.039296212964129294,0.055246654542371335,0.7574751098711845,0.05002526200041757
2.99877994146971,3.7823875410985686,2.575460561512843,81.16976538492516,0.03822448433806809,0.05333002684000801,0.756187104621102,0.05250071900081821
2.99877994146971,3.7823875410985686,2.575460561512843,81.20556275979324,0.037549778418623024,0.05247185993389512,0.7536880972065229,0.0474962719999894
2.99877994146971,3.7823875410985686,2.575460561512843,81.24339773230069,0.03749507661219585,0.052050608188596095,0.7516190615057503,0.0503379629990377
2.9887352226893595,3.7847518836159866,2.616456524745769,81.28066060711218,0.036889458394034305,0.010253708394207722,0.7502537812700762,0.04966702700039605
2.9887352226893595,3.7847518836159866,2.616456524745769,81.3180464665073,0.036439424547719715,-0.014597177115534802,0.7478857463955845,0.049988730999757536
2.9887352226893595,3.7847518836159866,2.616456524745769,81.3553291907907,0.036545938689803964,-0.029421870005122634,0.7457372475710597,0.049994451001111884
2.9781025204377585,3.782624832482917,2.6535144491929006,81.39256706272012,0.03616593148768051,-0.04025129497699052,0.7445448412585376,0.05001427699971828
2.9781025204377585,3.782624832482917,2.6535144491929006,81.42967110329505,0.03574293225217175,-0.046541751834687756,0.7421907893721816,0.04999259099713527
2.9579912911364405,3.7870355123634925,2.7020124495456064,81.46789164914118,0.03375812263993968,-0.05240848062330214,0.7411444076869831,0.05156963400077075
2.9579912911364405,3.7870355123634925,2.7020124495456064,81.50366101972688,0.03213783538600956,-0.055310912340908604,0.7385588995484543,0.048431303999677766
2.9579912911364405,3.7870355123634925,2.7020124495456064,81.54169416259292,0.03159721152961244,-0.05700258562029095,0.736489447137308,0.05164112400234444
2.940126569722695,3.789455026258614,2.7435809272603007,81.57740219284653,0.029726226023454302,-0.05985042340913522,0.735210853442612,0.048568420999799855
2.940126569722695,3.789455026258614,2.7435809272603007,81.61390094880522,0.02817674832929798,-0.06097711496173174,0.7327814670303958,0.049808513998868875
2.91869377906422,3.7918069808433037,2.7689737394557,81.65047867822055,0.025365545495877224,-0.06304683155963531,0.7314729266518878,0.05000558200117666
2.91869377906422,3.7918069808433037,2.7689737394557,81.68694161969101,0.02338999128780314,-0.06350645762536987,0.7291757033934563,0.05000569999901927
2.91869377906422,3.7918069808433037,2.7689737394557,81.72334267094185,0.02269458276778282,-0.06379779708907048,0.727058254498244,0.05006620999847655
2.898691742642698,3.795811100980117,2.7705856324298095,81.76075499480358,0.021616749664202677,-0.06454995170024413,0.7258858960702171,0.051540227002988104
2.898691742642698,3.795811100980117,2.7705856324298095,81.79573287708493,0.0209700498025522,-0.06420344988126128,0.7238205595491783,0.048323969000193756
2.898691742642698,3.795811100980117,2.7705856324298095,81.83185928485784,0.02058202988996783,-0.06408032648600617,0.7216482785803141,0.050060962999850744
2.8847117204231827,3.7974277136624432,2.7584585255932814,81.86785388264555,0.020349217936793465,-0.06424848526873955,0.7202952202334195,0.049972007000178564
2.8847117204231827,3.7974277136624432,2.7584585255932814,81.90379006007552,0.020209530765512802,-0.06381416653819416,0.7184407703336881,0.05001967999851331
2.8720516331315595,3.7983152761045,2.7406652189359137,81.93959460805559,0.020125718461574474,-0.06377695393309157,0.7169293367667178,0.04994153000006918
2.8720516331315595,3.7983152761045,2.7406652189359137,81.97543750931095,0.020075431079841312,-0.06325067907502928,0.7151633311807184,0.05011848299909616
2.8720516331315595,3.7983152761045,2.7406652189359137,82.01105059469792,0.020045258651936078,-0.06310531480296047,0.7129581537547623,0.04995115800193162
2.860261145832738,3.79904827944469,2.7222971467574073,82.046610848355,0.020027155193554032,-0.06315267191746401,0.7115279930441355,0.049977307997323805
2.860261145832738,3.79904827944469,2.7222971467574073,82.08208364099708,0.02001629311929137,-0.0627429358314071,0.7097663330068049,0.0499781280013849
2.85471049381685,3.797974358187717,2.7055295746911745,82.11976875093629,0.020009775874740524,-0.06265621160700319,0.7079109772095115,0.05323425000096904
2.85471049381685,3.797974358187717,2.7055295746911745,82.15278646885365,0.020005865529397503,-0.062439560743025736,0.705956855726952,0.04677016399728018
2.85471049381685,3.797974358187717,2.7055295746911745,82.18917594899969,0.02000351932570213,-0.0624852500583261,0.7039551322511256,0.05169289700279478
2.843697817503344,3.798992011910909,2.6879406465279807,82.22302434950059,0.02000211159889303,-0.0626300398051303,0.7024390833979622,0.048186954998527654
2.843697817503344,3.798992011910909,2.6879406465279807,82.25820197503542,0.020001266964564304,-0.062307585567641134,0.7007521369535373,0.05019981200166512
2.843697817503344,3.798992011910909,2.6879406465279807,82.29311122030198,0.02000076019226111,-0.06225929361480763,0.6985796727010652,0.049971745000220835
2.838017854851589,3.7993576222037033,2.667351028091888,82.32792527488145,0.020000456123599675,-0.06207803108419929,0.6967792190741516,0.04996425499848556
2.838017854851589,3.7993576222037033,2.667351028091888,82.36268961169391,0.02014550991386492,-0.06179707827393294,0.6950195707044834,0.050019220001559006
2.838017854851589,3.7993576222037033,2.667351028091888,82.39733614990985,0.02063951374030905,-0.06177218922832043,0.6930138012656047,0.04999400899760076
2.8272336242654195,3.80200465893252,2.6540542618882377,82.43371565052182,0.02038370826189571,-0.061799446196232594,0.6914149076702449,0.05261602000246057
2.8272336242654195,3.80200465893252,2.6540542618882377,82.46640741664673,0.020503092444575995,-0.06140896307860808,0.6895415491787331,0.0474108719972719
2.824506817337751,3.8032136833952546,2.6299386524299604,82.5007535964981,0.02072246695830576,-0.060769095009550994,0.687550973518451,0.04995437600155128
2.824506817337751,3.8032136833952546,2.6299386524299604,82.53506224148488,0.021604333300110037,-0.06027203217715863,0.685935236897781,0.05001732399978209
2.824506817337751,3.8032136833952546,2.6299386524299604,82.56925624986368,0.022515902871654343,-0.060062319309875725,0.6839626808171563,0.04999396800121758
2.8246611659622185,3.802284226824683,2.6098445588412447,82.60336424405672,0.023521189638516897,-0.059545928418616806,0.6818947495732716,0.0500194409978576
2.8246611659622185,3.802284226824683,2.6098445588412447,82.63733694106232,0.024798247544020297,-0.05925409563857428,0.6801815302625305,0.049946515002375236
2.8246611659622185,3.802284226824683,2.6098445588412447,82.67128866925559,0.0259241835797814,-0.05912291299279669,0.6782246415701927,0.050059708999469876
2.8246611659622185,3.802284226824683,2.6098445588412447,82.70508437093274,0.026962072264513165,-0.05903524951807619,0.6762648256730982,0.04997406399706961
2.8246611659622185,3.802284226824683,2.6098445588412447,82.73894241841597,0.027941262435134062,-0.05897079385613678,0.6743111488888915,0.050211312001920305
2.8200665435267878,3.8055594910854764,2.5499988207173216,82.77237997461658,0.02839765941730705,-0.05729105419676481,0.6718828370844501,0.0497669450014655
2.8200665435267878,3.8055594910854764,2.5499988207173216,82.8059469845875,0.0298846257627988,-0.05605593767416648,0.6705451474493983,0.050059283999871695
2.8200665435267878,3.8055594910854764,2.5499988207173216,82.83933537728215,0.031130666603939948,-0.05535814831081348,0.6685789203956557,0.04993934399681166
2.8200665435267878,3.8055594910854764,2.5499988207173216,82.87271297634155,0.032221107029438284,-0.054877792553255256,0.6666246396524962,0.05006955499993637
2.8200665435267878,3.8055594910854764,2.5499988207173216,82.90603623785503,0.03320920308492332,-0.05452958127418121,0.6646680741054436,0.05013519200292649
2.8096774661244757,3.811749868305153,2.505846526066663,82.93907624244768,0.03287968859841046,-0.053101835645809795,0.6624852024693378,0.04987281899957452
2.8096774661244757,3.811749868305153,2.505846526066663,82.97210603544643,0.03353776649971187,-0.05188395458071496,0.660938384677458,0.049974088000453776
2.8096774661244757,3.811749868305153,2.505846526066663,83.00506120312309,0.03425980158759764,-0.011119851620206803,0.6589776601727458,0.05000953699709498
2.81014776948273,3.8141982943764936,2.474900535851598,83.03787921661973,0.03484191158963025,0.014567419915052292,0.6564367054238669,0.04999417799990624
2.81014776948273,3.8141982943764936,2.474900535851598,83.07060894610693,0.03583023083893777,0.030138128802883697,0.6546481661406606,0.04999590800071019
2.805754338686653,3.8196188280295784,2.443977333000394,83.10336719017442,0.03592096469744452,0.04064979519731577,0.6522275484797424,0.050225177001266275
2.805754338686653,3.8196188280295784,2.443977333000394,83.13612884153824,0.03653300177872902,0.04718830768937668,0.6504155037074142,0.05037034199995105
2.805754338686653,3.8196188280295784,2.443977333000394,83.16815664034328,0.037177188233210534,0.05122426029237141,0.6484520732244932,0.04939115800152649
2.800246916784917,3.8277524182784677,2.412877890717837,83.20054514712713,0.036688879187062505,0.05501203944799635,0.6459368635184917,0.050141907999204705
2.800246916784917,3.8277524182784677,2.412877890717837,83.23371656621349,0.03685571759911539,0.057496590359408156,0.6440896417827982,0.051501245998224476
2.7995022619696233,3.832453916534906,2.3905428890008196,83.26467353778368,0.03665419763964875,0.06010284466251803,0.6414838668797221,0.04825837899988983
2.7995022619696233,3.832453916534906,2.3905428890008196,83.29670772190306,0.036855582066297445,0.06182569105391347,0.6396509786457286,0.05008072400232777
2.7995022619696233,3.832453916534906,2.3905428890008196,83.32864298771405,0.03721067411518659,0.06301081664013937,0.6377226621547757,0.0500770439975895
2.7969004533324724,3.8390028376666003,2.379846874442746,83.36038143748021,0.036835276687804244,0.06455960895974854,0.6353740874773158,0.049952383000345435
2.7969004533324724,3.8390028376666003,2.379846874442746,83.39201416974456,0.036844580132630866,0.0656329682931471,0.6334756804152571,0.04993519600247964
2.7969004533324724,3.8390028376666003,2.379846874442746,83.42360045533141,0.03707155195254282,0.06643798560465956,0.6315774552540425,0.05001173699929495
2.791569510718363,3.8479442130415342,2.3863461224845675,83.45507151290496,0.03630231719923659,0.06730268007895975,0.6295595035024405,0.049989011997240596
2.791569510718363,3.8479442130415342,2.3863461224845675,83.4865167700927,0.03602069253750906,0.06793962596418718,0.6276779955780624,0.05009775300277397
2.7814879267327974,3.860403244804675,2.40537582881322,83.51776352868873,0.03441150920271924,0.06835080623173062,0.6259730602916153,0.04991709800015087
2.7814879267327974,3.860403244804675,2.40537582881322,83.55001236534673,0.03361197600625332,0.0686788844352226,0.6241088668401604,0.05167181299839285
2.7814879267327974,3.860403244804675,2.40537582881322,83.58008340876056,0.033359953931599545,0.06903946006619714,0.622189092203306,0.04833103599958122
2.768741346504101,3.8725501693581954,2.4280257002114642,83.61215012962688,0.031650975266471856,0.0690261764522295,0.6208123837360277,0.0516528370026208
2.768741346504101,3.8725501693581954,2.4280257002114642,83.64203758455498,0.030819196731740387,0.06906991046614222,0.618912040738272,0.048290310998709174
2.768741346504101,3.8725501693581954,2.4280257002114642,83.6729398199969,0.030535113633053994,0.0692447270239314,0.6171410415663798,0.05007321399898501
2.7527476217516242,3.887189699840519,2.4558566314866574,83.70472977496485,0.028398141651064707,0.06906465279508892,0.6157888438069121,0.05162476600162336
2.7527476217516242,3.887189699840519,2.4558566314866574,83.73442739405962,0.027313482997524126,0.06895204581147037,0.6139177229394626,0.04837394000060158
2.744039314480474,3.897711056048099,2.4834624515738386,83.76496972283631,0.02548727325099637,0.06878399877332952,0.6123127707502686,0.049880273996677715
2.744039314480474,3.897711056048099,2.4834624515738386,83.79778909514745,0.024597914438342458,0.0687001759205147,0.6105833402011893,0.05375084800107288
2.744039314480474,3.897711056048099,2.4834624515738386,83.82601618881012,0.02431368143610535,0.06879810178201023,0.608659668505181,0.04637582400027895
2.7387354480578407,3.9042343541606965,2.5110621149577885,83.85639016611378,0.023529779836346923,0.06865556876618278,0.6071642456830879,0.05002596499980427
2.7387354480578407,3.9042343541606965,2.5110621149577885,83.8866597350854,0.023307547812917617,0.0686217353843837,0.6054885845804618,0.04999197299912339
2.735834742773695,3.9080050089548544,2.5322065980438393,83.91725458953685,0.022964110446688155,0.068467607809673,0.60383232858849,0.05066779800108634
2.735834742773695,3.9080050089548544,2.5322065980438393,83.94695230764535,0.023022161987047443,0.06845898322090854,0.6021468225735015,0.049319729001581436
2.735834742773695,3.9080050089548544,2.5322065980438393,83.97706994662235,0.023287919588466224,0.0685901298694616,0.6004261561437052,0.0501604379969649
2.7331220248077774,3.910511537633423,2.5669509038795106,84.0069036821828,0.0234292526179235,0.06815177524137828,0.5989626286469926,0.049809010000899434
2.7331220248077774,3.910511537633423,2.5669509038795106,84.03837501607782,0.023838234300464944,0.06798955190220324,0.5973911928240307,0.05268128200259525
2.7331220248077774,3.910511537633423,2.5669509038795106,84.06658035374831,0.024336356740948722,0.06803339029108016,0.5955814083817649,0.04735765299847117
2.726114085387499,3.913241027040814,2.6056085582979986,84.09635468532215,0.024308151802746467,0.06724126789715415,0.5944770192891297,0.05008491599801346
2.726114085387499,3.913241027040814,2.6056085582979986,84.12593390193604,0.024646140131660464,0.06682462078931733,0.5929025918696411,0.049888830002601026
2.7174579938970362,3.9183992954216893,2.641456120933599,84.15552173528575,0.02418049596118365,0.06597986551792778,0.5916054763028441,0.050012777999654645
2.7174579938970362,3.9183992954216893,2.641456120933599,84.18502144091558,0.024232169295190887,0.06549838157028649,0.590034518170919,0.04999657599910279
2.7174579938970362,3.9183992954216893,2.641456120933599,84.21442682954455,0.024520590831225403,0.0653240816706232,0.5883522918045927,0.04997921999893151
2.7115550292897677,3.920535625687567,2.6793480918288735,84.24416688827583,0.024470171882936105,0.06443917167578907,0.5870819510505868,0.050657423002121504
2.7115550292897677,3.920535625687567,2.6793480918288735,84.27309785837909,0.02479927342126611,0.06396482477906328,0.5855168727932131,0.049410993000492454
2.7065816997280465,3.921895812810771,2.7078876285381956,84.30220103321105,0.024852206329974626,0.06307623513709754,0.5841849526163422,0.04981842599954689
2.7065816997280465,3.921895812810771,2.7078876285381956,84.33141489980014,0.025215903863867708,0.06259660328844292,0.5826241241823413,0.05014187599954312
2.7065816997280465,3.921895812810771,2.7078876285381956,84.36046483470689,0.02570303610238967,0.06240061788025371,0.5809739602748485,0.050002128999039996
2.695643090786966,3.9254331900106982,2.746687075540686,84.38944783021574,0.025227028910402828,0.06139641850676388,0.5798092574302021,0.04998712100132252
2.695643090786966,3.9254331900106982,2.746687075540686,84.41835567275264,0.025279767607092857,0.060817983120864,0.5782582656655069,0.049991231000603875
2.695643090786966,3.9254331900106982,2.746687075540686,84.44731078970331,0.025584602943557407,0.060548899403241326,0.5766317946944828,0.050214221999340225
2.6867318674266536,3.9261624973906275,2.7788392996577556,84.47596622644404,0.025300557440191284,0.05947602757580449,0.5754272693986565,0.04979853799886769
2.6867318674266536,3.9261624973906275,2.7788392996577556,84.50464131875701,0.0254483410745412,0.0588667725009622,0.5738672964213066,0.04996815900085494
2.6751363841346456,3.930133265506292,2.8072733499637934,84.53328404662244,0.024605068900964908,0.057928216699321584,0.5726066415424327,0.050021647999528795
2.6751363841346456,3.930133265506292,2.8072733499637934,84.56184830259765,0.02439460138841163,0.057393271514723815,0.5710322549983897,0.05002214100022684
2.6751363841346456,3.930133265506292,2.8072733499637934,84.59184032352456,0.02454758445786767,0.0571240503645706,0.5694348307472326,0.05266980400119792
2.666065380390584,3.9310314727099236,2.834813892883079,84.61871014500333,0.02409265980253366,0.0562143945034132,0.5680826044637264,0.04729914499694132
2.666065380390584,3.9310314727099236,2.834813892883079,84.64704113563545,0.024090455816721104,0.05570311249345145,0.5665970354328396,0.050002010000753216
2.6541089730051017,3.9332000291604654,2.863939460773983,84.67527844196964,0.02317293132063257,0.054676298678356064,0.5653618283051092,0.04994554800214246
2.6541089730051017,3.9332000291604654,2.863939460773983,84.70351411544925,0.022887583392977147,0.05411278611347929,0.5637816738207583,0.05008263799754786
2.6541089730051017,3.9332000291604654,2.863939460773983,84.73162782943923,0.022998669704598074,0.053801810682370395,0.562210682512476,0.05000565600130358
2.6426642631748067,3.934278681399164,2.888840151228338,84.75965682015185,0.022211790895333754,0.05292159003393585,0.560955295305592,0.04996653199850698
2.6426642631748067,3.934278681399164,2.888840151228338,84.787662542804,0.02198791435384341,0.05245441617384694,0.5593746911980816,0.05006612400029553
2.6426642631748067,3.934278681399164,2.888840151228338,84.81617573227255,0.022135895482750072,0.052190339795831694,0.5578176176375809,0.05111561300145695
2.6304819252305305,3.933543502938937,2.9157831373203775,84.84360554321958,0.02133732036279195,0.011121287755582708,0.5565575520927442,0.04928477000066778
2.6304819252305305,3.933543502938937,2.9157831373203775,84.87110419550037,0.021054561080209505,-0.013431343749380289,0.5549831560550481,0.04954862500017043
2.621844005134686,3.931551226765283,2.9363096928047203,84.89878038628673,0.020632736666900128,-0.028947551485003352,0.553750299599976,0.049979549999989104
2.621844005134686,3.931551226765283,2.9363096928047203,84.92729704561434,0.020379642048090583,-0.03817726559974734,0.5521103216147978,0.051650291999976616
2.621844005134686,3.931551226765283,2.9363096928047203,84.95389993368777,0.020402555114525878,-0.04372702206475824,0.5504959973581024,0.0483253069978673
2.613318969372706,3.9292930720051045,2.958644833954534,84.98146581139774,0.020241533082277004,-0.04790470712680661,0.5493240681243152,0.050181449001684086
2.613318969372706,3.9292930720051045,2.958644833954534,85.00877440193803,0.020144919870194213,-0.0503060139971271,0.5476728616198963,0.04986296100105392
2.613318969372706,3.9292930720051045,2.958644833954534,85.03609357197276,0.020100157999761763,-0.05176793816306608,0.546085183593698,0.05002730499836616
2.605762334803902,3.926881247904815,2.9793964358336367,85.06332187522816,0.020060094810911033,-0.053460637677946114,0.5448537151820584,0.04997360299967113
2.605762334803902,3.926881247904815,2.9793964358336367,85.0904921508954,0.02003605690063396,-0.05436305733029788,0.543217875008081,0.05001727100170683
2.6024057329512744,3.9236668156684114,2.991087570710246,85.11783107985663,0.02002163415233741,-0.05552643596168095,0.541778140366257,0.05046148399924277
2.6024057329512744,3.9236668156684114,2.991087570710246,85.14458284228512,0.020012980508018932,-0.05620147757602897,0.5401706182179571,0.04952465300084441
2.6024057329512744,3.9236668156684114,2.991087570710246,85.17151365507817,0.020007788432432824,-0.05664777105833246,0.5386193259909763,0.04999971500001266
2.6024057329512744,3.9236668156684114,2.991087570710246,85.19838159958375,0.020202855224127896,-0.05697063538795239,0.5371147499883674,0.05002272699857713
2.6024057329512744,3.9236668156684114,2.991087570710246,85.22513146830492,0.020579904654141182,-0.05721222838984295,0.5356326883523012,0.04994069500025944
2.6013311142478446,3.9204891861601365,2.9692467396314464,85.25183920409357,0.020990708787135545,-0.057315248307996294,0.5341525043786172,0.05000020700026653
2.6013311142478446,3.9204891861601365,2.9692467396314464,85.2784994232495,0.021591500489869398,-0.05740831972400563,0.5328541381172605,0.050032864997774595
2.6013311142478446,3.9204891861601365,2.9692467396314464,85.30505929880596,0.022216365639464577,-0.05752003310155521,0.5313844840420089,0.04998240700297174
2.6013311142478446,3.9204891861601365,2.9692467396314464,85.33166633888506,0.022853967005893122,-0.05762696735482127,0.5299211315660236,0.05020943399722455
2.6013311142478446,3.9204891861601365,2.9692467396314464,85.3593852943312,0.023500471304580266,-0.057730602938066505,0.528454383972358,0.05245288200239884
2.6013311142478446,3.9204891861601365,2.9692467396314464,85.38431899369573,0.024163470518656912,-0.0578311755152847,0.5269256876472201,0.04731919500045478
2.5972909636623087,3.9172267091722,2.953773685144994,85.41096503816856,0.02441930421646517,-0.05804316836036253,0.5256178914153067,0.050694705998466816
2.5972909636623087,3.9172267091722,2.953773685144994,85.4368221651784,0.024877352033519005,-0.058136733666916796,0.5242886575269545,0.0493184939987259
2.59390385316253,3.915337053608768,2.939452095790185,85.46311586863672,0.02509212584913604,-0.058217137362657594,0.5229205407157613,0.05028240700266906
2.59390385316253,3.915337053608768,2.939452095790185,85.4890469720158,0.025545650079274652,-0.05823722532204319,0.521597877372652,0.04971474099875195
2.59390385316253,3.915337053608768,2.939452095790185,85.51698642073931,0.02608162559571775,-0.05829563641176931,0.5201649287269388,0.0537126730014279
2.5790653645857358,3.916752222511785,2.9251894696819334,85.5410165221646,0.025139959285728528,-0.05826239821452099,0.5188923395925364,0.04631037999934051
2.5790653645857358,3.916752222511785,2.9251894696819334,85.56704482340918,0.024885301351604827,-0.05797028185444844,0.5177007273845976,0.05027673299991875
2.5790653645857358,3.916752222511785,2.9251894696819334,85.59347092576319,0.0250135410598172,-0.05783481286066308,0.5162492434959248,0.05118865099939285
2.5641794507443234,3.917475610594311,2.904913698968389,85.61847175108582,0.023822898288129966,-0.057656904922040425,0.5150648788663111,0.04853917700165766
2.5641794507443234,3.917475610594311,2.904913698968389,85.64417469775518,0.023464545208383605,-0.0572718906893351,0.5138768873820647,0.050017712997942
2.5559046104652183,3.9186222197174705,2.8828896040049687,85.66986761779384,0.022683978621919704,-0.05674240346233858,0.5125633990819425,0.050126326001191046
2.5559046104652183,3.9186222197174705,2.8828896040049687,85.6953610160078,0.022630597126667863,-0.05627078022877342,0.5113281333456208,0.04985721800039755
2.542393217008624,3.92043645523546,2.8627888561296286,85.7210747108458,0.02157835832637468,-0.05583455666278321,0.5101837333606227,0.050400852000166196
2.542393217008624,3.92043645523546,2.8627888561296286,85.7463179871758,0.021213829314481944,-0.055297907401956996,0.5089142550442932,0.04960221899818862
2.542393217008624,3.92043645523546,2.8627888561296286,85.77169118269423,0.021270105262365904,-0.055018549859074506,0.5075009680879029,0.04999634900013916
2.5312393901340164,3.9217484288783275,2.846084487708025,85.79702603462127,0.020762063173155404,-0.05475354046275439,0.5064051668485408,0.05002881800101022
2.5312393901340164,3.9217484288783275,2.846084487708025,85.82226987234293,0.020459560947475933,-0.05435195023659765,0.5050647496515992,0.04998138899827609
2.5312393901340164,3.9217484288783275,2.846084487708025,85.84882705180414,0.02054444666905345,-0.05415733306841849,0.5036433622250321,0.0527301290021569
2.514911235762919,3.925830645287301,2.8254544003876547,85.8730863748114,0.0203266680060638,-0.05378219283947036,0.5027573676137757,0.04825254599927575
2.514911235762919,3.925830645287301,2.8254544003876547,85.8980149528442,0.020196000809896517,-0.0531647584666685,0.5015012204646918,0.049707910999131855
2.514911235762919,3.925830645287301,2.8254544003876547,85.92266305958616,0.02011760049576289,-0.05283891707281693,0.500014245763251,0.04929480899954797
2.498513031942131,3.930854124167046,2.7964326149285363,85.94763201929382,0.020070560300171295,-0.052208483224839314,0.49935856065591705,0.050002066000160994
2.498513031942131,3.930854124167046,2.7964326149285363,85.97255783007641,0.02004233618344832,-0.051460786776913535,0.4979958398862038,0.05005224699925748
2.482930661736776,3.9356142371986906,2.776390944486382,85.99739704413547,0.020025401712006695,-0.010790836585623041,0.4975595784972638,0.049922090001928154
2.482930661736776,3.9356142371986906,2.776390944486382,86.0225554738354,0.020015241029192304,0.013904541743357281,0.49616235485744015,0.050706042999081546
2.482930661736776,3.9356142371986906,2.776390944486382,86.04694701745169,0.020009144619784192,0.02870523701358199,0.4945922651187374,0.04931646800105227
2.472463376059263,3.9373404434622636,2.7576140018666364,86.07168823075769,0.020005486772118688,0.037693603602620376,0.493922570976779,0.05009127899757004
2.472463376059263,3.9373404434622636,2.7576140018666364,86.09627236027505,0.02000329206530872,0.04326734471847389,0.49249324406190337,0.04991769900152576
2.4647720641496167,3.9396515769052156,2.7376630512960616,86.12159047122248,0.0200019752405159,0.046835619394637616,0.49159675640440764,0.05150178600160871
2.4647720641496167,3.9396515769052156,2.7376630512960616,86.14536505675795,0.020001185144579277,0.04909956334382003,0.49005444298502854,0.04851417199824937
2.4647720641496167,3.9396515769052156,2.7376630512960616,86.17107920314955,0.020000711087029777,0.05046193500941873,0.48855650939852197,0.052632900999014964
2.4540992525931395,3.944443818679974,2.715573751077065,86.19417760100045,0.020000426652405857,0.05164343529022611,0.4878759661971051,0.04734481600098661
2.4540992525931395,3.944443818679974,2.715573751077065,86.21852247719897,0.02000025599164967,0.05248938457212886,0.48646113913952466,0.05004485300014494
2.4540992525931395,3.944443818679974,2.715573751077065,86.24273430839833,0.020000153596457577,0.05300874662533226,0.484893431542872,0.04993227299928549
2.444507717918167,3.9488615809671,2.7094691107920763,86.26696009201765,0.02000009215805109,0.053464782349117286,0.4842844749726066,0.05002387000058661
2.444507717918167,3.9488615809671,2.7094691107920763,86.291085945382,0.020000055295018904,0.05385187737338937,0.48275392568652764,0.04997546799859265
2.4370332844855485,3.9526292712320967,2.719695057371773,86.31520744722843,0.02000003317714899,0.054029706395304786,0.48202602198134636,0.05004190800173092
2.4370332844855485,3.9526292712320967,2.719695057371773,86.33935863293765,0.02000001990638727,0.054217978867715504,0.48042449278346555,0.050270512998395134
2.4370332844855485,3.9526292712320967,2.719695057371773,86.36316559767072,0.020000011944009254,0.054354236030099354,0.47886929978841536,0.04971495300196693
2.4304602657003187,3.9549531717154682,2.7253268116441682,86.3870739785466,0.02000000716653657,0.05437687272025557,0.47812138317555447,0.05000483500043629
2.4304602657003187,3.9549531717154682,2.7253268116441682,86.41090425799676,0.020000004300076302,0.054450174194301953,0.47654490576927766,0.05000636700060568
2.4226373119505458,3.9579284886692787,2.733120584469313,86.43548019970969,0.020000002580189174,0.05443204853485452,0.47599317449886935,0.05163086999891675
2.4226373119505458,3.9579284886692787,2.733120584469313,86.45840420500717,0.020000001548257908,0.05448132669727447,0.47436957010920977,0.04832520199852297
2.4226373119505458,3.9579284886692787,2.733120584469313,86.48205755732401,0.020000000929090215,0.05452936659648622,0.4728569654451472,0.05002221399990958
2.4136090479174053,3.9609588671066276,2.743389437138062,86.50566860267712,0.02000000055758205,0.05444843495471024,0.4724849221647928,0.04997206100233598
2.4136090479174053,3.9609588671066276,2.743389437138062,86.52929723344131,0.020000000334681273,0.05446078015890182,0.47092565642199163,0.050174863998108776
2.4136090479174053,3.9609588671066276,2.743389437138062,86.55270329163838,0.02000000020095368,0.05448664218858214,0.4693669859414939,0.049867287001688965
2.408286192058111,3.962662804092134,2.756510849750277,86.57618610184753,0.020000000120701814,0.054361295044877966,0.4685418804209163,0.05011891399772139
2.408286192058111,3.962662804092134,2.756510849750277,86.59948291306118,0.020000000072553932,0.054326526866216404,0.46698834902295516,0.049887350000062725
2.402411798277371,3.963950080593628,2.7696446251521976,86.6230631035657,0.020000000043660347,0.054130283881914584,0.46625251802808076,0.05057386200132896
2.402411798277371,3.963950080593628,2.7696446251521976,86.64602629528478,0.020000000026323083,0.054054743763099135,0.46469600050891685,0.04941551400042954
2.402411798277371,3.963950080593628,2.7696446251521976,86.67039975029041,0.020000000015927187,0.054024644555874815,0.46318447694469317,0.05262148499969044
2.394539296719703,3.9673570750618747,2.786494824065043,86.69245907948451,0.020000000009654243,0.053888519110078276,0.4626511352397931,0.04768026600140729
2.394539296719703,3.9673570750618747,2.786494824065043,86.71538078481181,0.020000000005880297,0.05385080378173811,0.46114877875874244,0.04970566199699533
2.394539296719703,3.9673570750618747,2.786494824065043,86.73958066100077,0.020000000003651985,0.05384561399860502,0.4596311264381765,0.0526506470014283
2.3867712256117657,3.969413543674178,2.8022589533806372,86.76300640763489,0.020000000002295598,0.053664786639380485,0.4591708787502125,0.05101749200184713
2.3867712256117657,3.969413543674178,2.8022589533806372,86.78420364330027,0.020000000001470314,0.05359226284567013,0.45758150210095855,0.04632450299686752
2.3748971209334293,3.9730785895438814,2.8148219592516828,86.80709720037008,0.020000000000956274,0.053443802620105535,0.4579684413442987,0.04998937700293027
2.3748971209334293,3.9730785895438814,2.8148219592516828,86.83002698490291,0.020000000000666728,0.05339686114716989,0.45641369546103355,0.050239036998391384
2.3748971209334293,3.9730785895438814,2.8148219592516828,86.85267047936647,0.020000000000498896,0.053380999477262416,0.4548614546578332,0.0497810800006846
2.359366598812908,3.9769891343172556,2.828460277954381,86.875468360739,0.02000000000037709,0.053228787028270705,0.455939964326935,0.05000193700107047
2.359366598812908,3.9769891343172556,2.828460277954381,86.89818922306279,0.02000000000030625,0.05317268356740964,0.4543515563470754,0.050007228997856146
2.339166677959022,3.9808134713595686,2.8409929468359647,86.92112212731405,0.02000000000024498,0.0529626826697046,0.45663019033127367,0.05022205000204849
2.339166677959022,3.9808134713595686,2.8409929468359647,86.94401377776182,0.020000000000205527,0.0528650130172921,0.45499321432805034,0.0503120699977444
2.339166677959022,3.9808134713595686,2.8409929468359647,86.96717236337034,0.02000000000018517,0.05281503679285429,0.4533554513752888,0.05108262300200295
2.3243181080123234,3.9847031363154115,2.8578977783234967,86.98914948064542,0.02000000000016369,0.05266274461143587,0.4548666953148605,0.0483155119982257
2.3243181080123234,3.9847031363154115,2.8578977783234967,87.01183765788149,0.020000000000155498,0.052583852467254485,0.45325393317745655,0.05005621700183838
2.3243181080123234,3.9847031363154115,2.8578977783234967,87.03444163006237,0.02000000000015234,0.05254432308832839,0.4515910479000211,0.05005407499993453
2.3112194941795083,3.9867184659164225,2.876537177223939,87.05705945044642,0.02000000000013235,0.05232323808878229,0.45290165600405735,0.049939804997848114
2.3112194941795083,3.9867184659164225,2.876537177223939,87.07963378374326,0.020000000000123107,0.05219867309139275,0.4512048614114868,0.05003122800189885
2.3001984042085004,3.9877964384953573,2.8961749631501608,87.10221911040814,0.02000000000011721,0.05190669107987861,0.45218690049549476,0.04994688399892766
2.3001984042085004,3.9877964384953573,2.8961749631501608,87.12474386898445,0.020000000000114544,0.05173947686626754,0.45049285598702865,0.05000025700064725
2.3001984042085004,3.9877964384953573,2.8961749631501608,87.14793036685565,0.020000000000119342,0.05164341022973122,0.44880085722790575,0.051663220998307224
2.2895005584315786,3.987645755491176,2.915884464106549,87.16966197569924,0.020000000000109635,0.0513172711058925,0.4496603193517526,0.048328945002140244
2.2895005584315786,3.987645755491176,2.915884464106549,87.19238802715225,0.02000000000010646,0.05113507840361346,0.4480221540973764,0.050725285000225995
2.271506690479054,3.988198155088529,2.9398437871762457,87.21455626404459,0.020000000000096448,0.05069565241273183,0.4510097316529518,0.04915245799929835
2.271506690479054,3.988198155088529,2.9398437871762457,87.23709787555542,0.02000000000009073,0.050463984493600296,0.4492938122722617,0.050171203998615965
2.271506690479054,3.988198155088529,2.9398437871762457,87.25966581084894,0.02000000000008883,0.05032509651476674,0.44755751042810865,0.050424659999407595
2.2545550772578977,3.9896595556231915,2.961361390761232,87.28199179141941,0.020000000000083763,0.00999277105941607,0.4505552891786151,0.04955214400251862
2.2545550772578977,3.9896595556231915,2.961361390761232,87.30443281701025,0.020000000000080485,-0.014170298288213798,0.4488092018366519,0.050001259998680325
2.230381542980862,3.9926979767627846,2.979323930374817,87.3271563567621,0.02000000000007955,-0.028873315401080984,0.4544273336183747,0.05000478199872305
2.230381542980862,3.9926979767627846,2.979323930374817,87.34978354260113,0.020000000000075388,-0.037645565313246136,0.4526181815085644,0.04999177400168264
2.230381542980862,3.9926979767627846,2.979323930374817,87.3723223483503,0.020000000000068956,-0.042910689762877416,0.45076708160636075,0.050001002000499284
2.2034069223894037,3.994736372794225,2.9942302616241583,87.39521770389942,0.020000000000062607,-0.04630485435767753,0.45789174414645706,0.05000167799880728
2.2034069223894037,3.994736372794225,2.9942302616241583,87.41801798057347,0.020000000000057357,-0.04828902558720423,0.4560136140546825,0.04999911399863777
2.2034069223894037,3.994736372794225,2.9942302616241583,87.44073389878156,0.020000000000055404,-0.04948309341471182,0.45411482081604776,0.050022411000099964
2.1695022349136885,3.9984877014903084,3.010186850250256,87.46394672706694,0.020000000000049915,-0.05043013001242626,0.4646548678300543,0.049957140003243694
2.1695022349136885,3.9984877014903084,3.010186850250256,87.48706953696725,0.020000000000045204,-0.05092906255170823,0.4626919951094467,0.04997451899907901
2.1432195233578155,4.001654883358845,3.0121320065153,87.51094281306794,0.020000000000041596,-0.05133982152913831,0.471166878377189,0.05066840899962699
2.1432195233578155,4.001654883358845,3.0121320065153,87.5341052461817,0.020000000000040524,-0.05154077207430793,0.4690923046025777,0.04937713300023461
2.1432195233578155,4.001654883358845,3.0121320065153,87.55746257375844,0.020000000000040874,-0.05166455668602005,0.4670537666490319,0.05000993299836409
2.121050319979275,4.000569045863438,3.009015533816871,87.58117232392644,0.02000000000003632,-0.0519375373077683,0.47423203139189285,0.049996096000541
2.121050319979275,4.000569045863438,3.009015533816871,87.60477237665356,0.020000000000033574,-0.052057602360039465,0.4721716785062477,0.049981931999354856
2.1073374445368094,4.0015249652317095,3.0072533197067117,87.6285465939659,0.020000000000031257,-0.05221423417909263,0.4759973762118252,0.04994611000074656
2.1073374445368094,4.0015249652317095,3.0072533197067117,87.65226786936555,0.020000000000031163,-0.05227201481288689,0.4738900880130955,0.050056492000294384
2.1073374445368094,4.0015249652317095,3.0072533197067117,87.67587438401787,0.020000000000032173,-0.05231068867083423,0.47175551161244406,0.050039721998473397
2.094075902226021,4.000894262404401,3.006964096514674,87.69959589391284,0.020000000000032762,-0.052471467494546356,0.4754395846550476,0.04989384700093069
2.094075902226021,4.000894262404401,3.006964096514674,87.72329337336632,0.02000000000003309,-0.05252952349449661,0.4734397228894695,0.05005384700052673
2.094075902226021,4.000894262404401,3.006964096514674,87.74688377585105,0.020000000000033415,-0.0525689038500251,0.4712482821300159,0.05005939200054854
2.0849846823048512,4.001518912257965,2.9969823322689186,87.77054119977919,0.020000000000029876,-0.0526141377950789,0.47320910612478007,0.04999359399880632
2.0849846823048512,4.001518912257965,2.9969823322689186,87.79430080641069,0.020000000000028016,-0.05261403691070439,0.47109896102609167,0.05043442800160847
2.0849846823048512,4.001518912257965,2.9969823322689186,87.81793342343596,0.02000000000002823,-0.052618728992040856,0.4689460814179121,0.050395169000694295
2.0743820939394633,4.001766019774603,2.985067563349483,87.8411267092101,0.02000000000002993,-0.05266343758476096,0.4716010575275464,0.0491798849980114
2.0743820939394633,4.001766019774603,2.985067563349483,87.8653881894889,0.02000000000003113,-0.0526549970192651,0.46964556349314995,0.051659127999300836
2.0615007345777743,4.003045360143027,2.968038533678083,87.88847523772628,0.020000000000028585,-0.05266801781580553,0.4734088064627715,0.0487676780030597
2.0615007345777743,4.003045360143027,2.968038533678083,87.91182064420008,0.020000000000027246,-0.05262959729469516,0.4712458057682255,0.049539764997462044
2.0615007345777743,4.003045360143027,2.968038533678083,87.93535515033213,0.020000000000025664,-0.05261164345983009,0.4691092432475682,0.05016849800085765
2.051290634019818,4.0039740849550105,2.9534419614584064,87.95970015641728,0.02000000000002443,-0.05261718390383668,0.47177255544564395,0.05160326899931533
2.051290634019818,4.0039740849550105,2.9534419614584064,87.98233207335163,0.02000000000002521,-0.052584735361517844,0.46958240261094253,0.04819583700009389
2.0418226015313006,4.005981328867977,2.9372619122940242,88.006701545241,0.020000000000026996,-0.05254463103398134,0.47219434649008624,0.05160898699978134
2.0418226015313006,4.005981328867977,2.9372619122940242,88.02944088343433,0.02000000000002331,-0.052483031124652885,0.4699746430025741,0.04838418100189301
2.0418226015313006,4.005981328867977,2.9372619122940242,88.05305910493695,0.020000000000021813,-0.05244983296691724,0.46773063205299137,0.0504953489980835
2.0294497176484527,4.0081679918649655,2.92122719138538,88.07640433547456,0.020000000000022715,-0.05243543703386905,0.47158939870485467,0.04950329799976316
2.0294497176484527,4.0081679918649655,2.92122719138538,88.10019703372511,0.020000000000021743,-0.052381041845382816,0.46947945742111613,0.05067889100246248
2.021167057973985,4.00792027202792,2.9090865710233746,88.12342327087205,0.020000000000023003,-0.052397022877995414,0.471288649385282,0.04928240299705067
2.021167057973985,4.00792027202792,2.9090865710233746,88.14715989211987,0.020000000000024453,-0.05237808732851396,0.4693370018796411,0.05057479199967929
2.021167057973985,4.00792027202792,2.9090865710233746,88.17025935369684,0.020000000000025928,-0.05237157310981119,0.46713087566410866,0.04944965700269677
2.021167057973985,4.00792027202792,2.9090865710233746,88.19351030708364,0.020000000000026198,-0.05236963943336754,0.46480612147376815,0.050022906998492545
2.021167057973985,4.00792027202792,2.9090865710233746,88.21665407258185,0.0200000000000249,-0.05237068916774952,0.4626623187343967,0.050023018000501906
2.021167057973985,4.00792027202792,2.9090865710233746,88.2397084953573,0.020000000000024137,-0.05237405693304257,0.46053740407485766,0.05005982700095046
2.0083178296083197,4.010534208071882,2.8740568384685474,88.26292325768783,0.02000000000002383,-0.05231164545839778,0.46480020556377083,0.04994567999892752
2.0083178296083197,4.010534208071882,2.8740568384685474,88.28605599807882,0.02000000000002206,-0.05222319111863122,0.46270568691933217,0.04999450200193678
1.9993719027470298,4.0137155972102185,2.8518044113243244,88.30938361223905,0.020000000000020918,-0.05210941038430698,0.4653030005162758,0.05013424399658106
1.9993719027470298,4.0137155972102185,2.8518044113243244,88.33245737866764,0.02000000000002139,-0.05200349689526387,0.462915393550309,0.049844457000290276
1.9993719027470298,4.0137155972102185,2.8518044113243244,88.3555007431005,0.020000000000022326,-0.051942968280217994,0.4607649711744049,0.050011103001452284
1.9903948031996628,4.014603316955945,2.837218977871417,88.3786624260983,0.020000000000019558,-0.051929562427985146,0.4631471718603265,0.05000933699921006
1.9903948031996628,4.014603316955945,2.837218977871417,88.4017017084395,0.02000000000002,-0.05188807188229358,0.4610360908282816,0.04997283900229377
1.979862915800414,4.016572387696527,2.821106458291185,88.42524044947191,0.02000000000001899,-0.05187947008998936,0.46431294948424906,0.05069585299861501
1.979862915800414,4.016572387696527,2.821106458291185,88.44840013258096,0.020000000000018003,-0.0518327883723414,0.4621594048823257,0.05011189400102012
1.979862915800414,4.016572387696527,2.821106458291185,88.47104122542207,0.02000000000001754,-0.05180986263328327,0.45969876650184266,0.04925201999867568
1.973329093516467,4.021226012757285,2.7978590352600636,88.49407221417752,0.020000000000019877,-0.05167658322534088,0.4611663956393614,0.04994073499983642
1.973329093516467,4.021226012757285,2.7978590352600636,88.51703773295472,0.020000000000021743,-0.05156589656026184,0.4590165315294123,0.05003200799910701
1.973329093516467,4.021226012757285,2.7978590352600636,88.53990648511517,0.020000000000017983,-0.05150077304868224,0.4568674543234213,0.05005555100069614
1.967665467158071,4.022588685970043,2.7809614452462665,88.5627867495025,0.020000000000017934,-0.05143231699147657,0.45772324300521067,0.04998711500229547
1.967665467158071,4.022588685970043,2.7809614452462665,88.58554834413042,0.020000000000018926,-0.0513740457953535,0.45560621865361334,0.04995891999715241
1.967665467158071,4.022588685970043,2.7809614452462665,88.60821959924742,0.020000000000020134,-0.05134162554752138,0.45347911167797855,0.04999404500267701
1.9605356172786312,4.026390148316015,2.7608146991377485,88.63096419091875,0.02000000000001706,-0.05124383735969927,0.4549149795271982,0.04999745599707239
1.9605356172786312,4.026390148316015,2.7608146991377485,88.65360824006851,0.020000000000018225,-0.05115756529635366,0.4528059982978668,0.05000828000265756
1.950985981838551,4.028456773677857,2.7402576124499602,88.67638628624137,0.02000000000001729,-0.05109445768612368,0.45576817036319195,0.04997726399960811
1.950985981838551,4.028456773677857,2.7402576124499602,88.69907503876289,0.020000000000016397,-0.05102852473376224,0.45366757658172285,0.0500118449999718
1.950985981838551,4.028456773677857,2.7402576124499602,88.72189619369873,0.02000000000001611,-0.05099185661907394,0.45154297576539093,0.050540382999315625
1.950985981838551,4.028456773677857,2.7402576124499602,88.74411712275648,0.020000000000016817,-0.05097058307485228,0.44941522457438754,0.04944409499876201
1.950985981838551,4.028456773677857,2.7402576124499602,88.76662035051689,0.02000000000001788,-0.05095932726448905,0.44697208941119815,0.05034593500022311
1.9394896369146744,4.034885015611568,2.7081295128800513,88.78901700962226,0.020000000000016567,-0.05082789236160955,0.45128687537041956,0.0496284300024854
1.9394896369146744,4.034885015611568,2.7081295128800513,88.81269453459596,0.020000000000016272,-0.05071156216977802,0.44919980055708403,0.052710452997416724
1.9394896369146744,4.034885015611568,2.7081295128800513,88.83385210455484,0.020000000000016657,-0.05064277494525898,0.44698342922225903,0.04733412600035081
1.9303386626174195,4.0396326090214965,2.690136635254233,88.85709334588746,0.020000000000016845,-0.0505385352925031,0.45016601662215344,0.05162815600124304
1.9303386626174195,4.0396326090214965,2.690136635254233,88.87899830009572,0.020000000000017403,-0.05045139476521644,0.44756008362048955,0.04894304700064822
1.9178873220102237,4.040433303736592,2.6768082126705823,88.90132485810348,0.020000000000016956,-0.05047450204398314,0.45220262213041623,0.04937290700036101
1.9178873220102237,4.040433303736592,2.6768082126705823,88.92404201601971,0.020000000000017615,-0.050463544181810975,0.4501443023088882,0.050466389999201056
1.9178873220102237,4.040433303736592,2.6768082126705823,88.94626313236218,0.020000000000017795,-0.05045927656375443,0.4480141458733389,0.049599139998463215
1.9086382514637115,4.043723040715617,2.6623220629654933,88.96936237545948,0.02000000000002592,-0.05044574560129078,0.45115909200847526,0.05119977299909806
1.9086382514637115,4.043723040715617,2.6623220629654933,88.9913651449757,0.020000000000022167,-0.05041304851902882,0.44850792583990745,0.04905770500045037
1.9086382514637115,4.043723040715617,2.6623220629654933,89.0136077196206,0.02000000000001941,-0.05039500137271237,0.446450903262584,0.04982087499956833
1.8970808417918705,4.049829825125003,2.6438607342771525,89.03612591466938,0.020000000000018222,-0.0503307561502014,0.4511218759266657,0.04991599000277347
1.8970808417918705,4.049829825125003,2.6438607342771525,89.05861197021243,0.020000000000015943,-0.050261158700872485,0.44901396774683605,0.0500787439996202
1.88325873080403,4.058024574782714,2.619654077500904,89.08201286670501,0.02000000000001369,-0.010131680319581816,0.45520671055814466,0.05140718699840363
1.88325873080403,4.058024574782714,2.619654077500904,89.10396542218581,0.020000000000012265,0.013975379277371639,0.4524303062436655,0.04852140799994231
1.88325873080403,4.058024574782714,2.619654077500904,89.12653724510754,0.020000000000011328,0.028439474739381708,0.450375733491355,0.05011776000173995
