x,y,theta,s0,v,omega,w,time_elapsed
-0.26525672574936654,-0.14602065931516256,0.40970835379702497,0.24028833555193832,0.09710782885551453,0.05329294949769974,0.7306503325700759,0.3288691249981639
-0.26525672574936654,-0.14602065931516256,0.40970835379702497,0.25637678096750494,0.09753201842308046,0.007597653865814208,0.6546246975660324,0.02457659400170087
-0.26525672574936654,-0.14602065931516256,0.40970835379702497,0.28763449043185013,0.09783392262458802,-0.020156040906906134,0.6492526829242706,0.04814413599888212
-0.26525672574936654,-0.14602065931516256,0.40970835379702497,0.3185623714386877,0.09799706048965455,-0.037359492850303655,0.6381442189216614,0.048465347001183545
-0.26525672574936654,-0.14602065931516256,0.40970835379702497,0.3498949262090066,0.09805331151008607,-0.04820479862213135,0.6270073860883713,0.049971587999607436
-0.26525672574936654,-0.14602065931516256,0.40970835379702497,0.3806818200827475,0.09804488182258607,-0.055242056324005126,0.6157249718904495,0.05000104799910332
-0.26525672574936654,-0.14602065931516256,0.40970835379702497,0.4109060489929543,0.09799437070007325,-0.059997873707962036,0.6044982761144638,0.04999886700170464
-0.26525672574936654,-0.14602065931516256,0.40970835379702497,0.4405728452725799,0.097915027762146,-0.06338896525165558,0.5933220893144607,0.05000116600058391
-0.26525672574936654,-0.14602065931516256,0.40970835379702497,0.4696812333943299,0.09781928147357179,-0.06595129830992888,0.582351902127266,0.04998418999821297
-0.26525672574936654,-0.14602065931516256,0.40970835379702497,0.49826717668808684,0.09771461990762635,-0.06800644912336272,0.5715882807970046,0.050011423001706135
-0.26525672574936654,-0.14602065931516256,0.40970835379702497,0.5263405620011153,0.09760543362670472,-0.06974798809298277,0.5610176354646682,0.05004011200071545
-0.22978430470076652,-0.14173774536464542,0.3832918039288175,0.5602590565026285,0.09554275331719714,-0.06706903976683856,0.6806550532579422,0.04983213499872363
-0.22978430470076652,-0.14173774536464542,0.3832918039288175,0.5954817346281297,0.09439583169116972,-0.06623474718621397,0.6688035637140274,0.05266520700024557
-0.22978430470076652,-0.14173774536464542,0.3832918039288175,0.6266054558728539,0.0936455070179367,-0.06639130211765185,0.6555429756641388,0.047477773998252815
-0.19220247257863457,-0.13058877492536156,0.3424224917386223,0.6649874763822048,0.09011527318964385,-0.06255999086436399,0.7678879618644714,0.04998388100284501
-0.19220247257863457,-0.13058877492536156,0.3424224917386223,0.702717962843143,0.08810206448560942,-0.06115076886497002,0.7544392108917236,0.05001130099844886
-0.19220247257863457,-0.13058877492536156,0.3424224917386223,0.7397750904474582,0.08699728867725127,-0.06117969779301918,0.7412188827991485,0.0499948510005197
-0.16537905889665255,-0.12237896033182258,0.3129833700321175,0.7816346587883094,0.08572943855116125,-0.016078275162751888,0.8126718699932098,0.0515085730003193
-0.16537905889665255,-0.12237896033182258,0.3129833700321175,0.820375583090636,0.08503897111886356,-0.030188864823445925,0.7991056233644485,0.04848035499890102
-0.1216590609704037,-0.11163648139857389,0.2577180494240724,0.8649823935743556,0.0804956595973588,0.022887619521459793,0.8943955063819885,0.04987369700029376
-0.1216590609704037,-0.11163648139857389,0.2577180494240724,0.9095915042105671,0.07825902026155096,0.05331987988128713,0.8896177649497985,0.050144132001150865
-0.1216590609704037,-0.11163648139857389,0.2577180494240724,0.953857425708045,0.07742154050623477,0.06955500394805939,0.8858330458402633,0.049970952997682616
-0.06818880732115226,-0.10308186809117119,0.18848468468123802,1.000920348645642,0.07052443676444949,0.08854323119345112,0.9126862674951552,0.0515652800022508
-0.06818880732115226,-0.10308186809117119,0.18848468468123802,1.0450297278232479,0.06700992782862819,0.09988580161585095,0.9102241814136505,0.048459906996868085
-0.026737553111263124,-0.09250125991591548,0.12258105536346794,1.0919721429493252,0.05883975547523401,0.10736487873943854,0.9392315089702605,0.04997960000036983
-0.026737553111263124,-0.09250125991591548,0.12258105536346794,1.138826333733147,0.05456435216648044,0.1117902026686204,0.9365887910127639,0.0500264270012849
-0.026737553111263124,-0.09250125991591548,0.12258105536346794,1.1855637623363915,0.05262399478663601,0.11438230193335608,0.933909323811531,0.050044931998854736
-0.002764344365278568,-0.09301495831092148,0.08910245056114469,1.2329995850891688,0.04733044865077494,0.11636492441105124,0.95,0.04993244500292349
-0.002764344365278568,-0.09301495831092148,0.08910245056114469,1.280497243338618,0.04479129494634722,0.11751184719805285,0.95,0.04999753499942017
-0.002764344365278568,-0.09301495831092148,0.08910245056114469,1.3293949092030568,0.04392845101003322,0.1181415239453576,0.9486497908830642,0.05154448599932948
0.030108309366941303,-0.0918586673230573,0.07893938394955942,1.3754209034532148,0.04031123105790897,0.11853039261581075,0.95,0.04844841500016628
0.030108309366941303,-0.0918586673230573,0.07893938394955942,1.4229439048529282,0.03867186867658308,0.11875571487475378,0.95,0.05002421199969831
0.05733540996502268,-0.09123459844437906,0.09284286634212639,1.4702902290513347,0.034912407299661705,0.11888821171598997,0.95,0.04983823599832249
0.05733540996502268,-0.09123459844437906,0.09284286634212639,1.5179386580038963,0.033185939193239256,0.11896722821520189,0.95,0.05015624100269633
0.05733540996502268,-0.09123459844437906,0.09284286634212639,1.5654359638023205,0.03268263691691783,0.11901415650919925,0.95,0.04999716399834142
0.07402308216213797,-0.08991277485938232,0.13431939475697732,1.613485840903905,0.032302226507831974,0.11907619991824539,0.95,0.05057881800166797
0.07402308216213797,-0.08991277485938232,0.13431939475697732,1.6604296710018214,0.0326785495782908,0.11910687422111935,0.95,0.049414557997806696
0.09510893625230304,-0.0892270819810571,0.17268538953683402,1.707936121501171,0.030375573391021263,0.1191972788295466,0.95,0.050006789999315515
0.09510893625230304,-0.0892270819810571,0.17268538953683402,1.75540794545339,0.02960442492622195,0.11923295593984831,0.95,0.04997034100233577
0.09510893625230304,-0.0892270819810571,0.17268538953683402,1.8036889167014858,0.029740923757899156,0.11924494944052642,0.95,0.050822074997995514
0.11334938416190032,-0.08934682979681416,0.21706681992195032,1.851818448453542,0.02969693613979122,0.11935451294205633,0.95,0.05066266500216443
0.11334938416190032,-0.08934682979681416,0.21706681992195032,1.8979537411534517,0.030315832572775488,0.11939448991550235,0.95,0.04856346599990502
0.11334938416190032,-0.08934682979681416,0.21706681992195032,1.9454447380024982,0.03133910386419141,0.11939443635423914,0.95,0.04999052299899631
0.12891035762134037,-0.08427263910380803,0.27081187104068394,1.9962954041527887,0.030933845512007736,0.1195141761748787,0.95,0.05352701700030593
0.12891035762134037,-0.08427263910380803,0.27081187104068394,2.0404516255017193,0.031413883967360896,0.11956757123761155,0.95,0.04648023299887427
0.13780123801530045,-0.08034588555754867,0.33604769414679836,2.087945219653539,0.03219742715547147,0.11963791260416971,0.95,0.04999325700191548
0.13780123801530045,-0.08034588555754867,0.33604769414679836,2.1354275563025844,0.033408292473492994,0.11961542254266541,0.95,0.049981406998995226
0.13780123801530045,-0.08034588555754867,0.33604769414679836,2.183019819353813,0.03487538292475818,0.11953725031362415,0.95,0.05009711900129332
0.14642663946745027,-0.0754571373109315,0.40467328852657325,2.2304252535013624,0.036710092392374744,0.11934170014468695,0.95,0.049900456997420406
0.14642663946745027,-0.0754571373109315,0.40467328852657325,2.2779152129527396,0.03852328596521,0.1191439967561237,0.95,0.0499894310014497
0.15115828181521135,-0.0664079526597906,0.4694300802056762,2.3286566614011286,0.04245145903830874,0.11778672821572256,0.95,0.05341205099830404
0.15115828181521135,-0.0664079526597906,0.4694300802056762,2.3729526154011005,0.04580796609404772,0.11534034423381587,0.95,0.046627319999970496
0.15115828181521135,-0.0664079526597906,0.4694300802056762,2.4204430660028997,0.04809017115880901,0.11129388339728415,0.95,0.049989948001893936
0.14533560161956025,-0.06141978515684538,0.5328923720199547,2.467941685654278,0.0492034942749134,0.09146168069487988,0.95,0.04999854700145079
0.14533560161956025,-0.06141978515684538,0.5328923720199547,2.515431913954108,0.04996381895798393,0.07530964105693208,0.95,0.049989713999821106
0.14533560161956025,-0.06141978515684538,0.5328923720199547,2.563040916953269,0.050427421433078934,0.02112506860117737,0.95,0.050114739999116864
0.1532377498704365,-0.05685746522279821,0.6014903804869027,2.608650187440981,0.048778632999865824,-0.032510884799834355,0.9130191057920456,0.049954343998251716
0.1532377498704365,-0.05685746522279821,0.6014903804869027,2.653455235387676,0.04795313830459631,-0.06557843220131174,0.897058892250061,0.04994660699958331
0.1532377498704365,-0.05685746522279821,0.6014903804869027,2.698799016538546,0.04748604175618003,-0.08599819142756805,0.8802191883325576,0.0515141930009122
0.149073556835714,-0.05894772352600994,0.6597286845868691,2.7408785016493167,0.048693858249012886,-0.09696542858563628,0.865134048461914,0.048639266002282966
0.149073556835714,-0.05894772352600994,0.6597286845868691,2.7828485235810168,0.04942441848696724,-0.10410164618183831,0.841278862953186,0.04988835899712285
0.14527761340063594,-0.05713655312835239,0.7247226666644396,2.81909822184714,0.04706548695434007,-0.11070558085256613,0.7241053432226181,0.050061360001564026
0.14527761340063594,-0.05713655312835239,0.7247226666644396,2.854312307315527,0.04571541312139554,-0.11473835858234047,0.7062159359455108,0.04986305700003868
0.14527761340063594,-0.05713655312835239,0.7247226666644396,2.888942341519615,0.04493789901018931,-0.11722712130861448,0.6897749245166779,0.050204832001327304
0.15752790812734965,-0.0465764687938198,0.7791683387105153,2.9207271462960396,0.04166943418789383,-0.11934799201200585,0.6379924088716507,0.049820035997981904
0.15752790812734965,-0.0465764687938198,0.7791683387105153,2.9518994075104805,0.03973690734987543,-0.12066448120421278,0.6229631006717682,0.050038696001138305
0.1708769849182902,-0.031366137567709014,0.7928051667435538,2.982059823874916,0.036965663830549035,-0.1215098737963802,0.6042393893003464,0.04991468099979102
0.1708769849182902,-0.031366137567709014,0.7928051667435538,3.0117406692290034,0.035445948034590787,-0.12192256923250952,0.5918453246355057,0.050149665999924764
0.1708769849182902,-0.031366137567709014,0.7928051667435538,3.040663988676012,0.03467267637852806,-0.12207546517689585,0.5794808745384216,0.049912465998204425
0.18015039841042294,-0.02034569663655235,0.7616357793228884,3.070842688428046,0.03331679988148199,-0.12186092070007062,0.6038346946239471,0.04997841300064465
0.18015039841042294,-0.02034569663655235,0.7616357793228884,3.1004564568610893,0.032652789880289954,-0.1216378279403671,0.5923318415880203,0.04999523299920838
0.18981379531976283,-0.013852313789610162,0.7223931623045983,3.132513334979608,0.03152734013167281,-0.12122833418105985,0.6229662716388702,0.05145844900107477
0.18981379531976283,-0.013852313789610162,0.7223931623045983,3.164439753920256,0.03103531197766816,-0.12091343216451969,0.612903943657875,0.05209041199850617
0.18981379531976283,-0.013852313789610162,0.7223931623045983,3.1924424526533772,0.030922587490441533,-0.12065556414337734,0.6028824418783187,0.04644802500115475
0.20139826552125173,-0.004440447145877622,0.6700364584532024,3.224731268783081,0.030388728217102368,-0.1202659986460911,0.6454499572515487,0.05002528200202505
0.20139826552125173,-0.004440447145877622,0.6700364584532024,3.256458326917181,0.03027080812204914,-0.11996110093860071,0.6347643077373505,0.049982422999164555
0.20139826552125173,-0.004440447145877622,0.6700364584532024,3.2877855556003865,0.03040141360848568,-0.11970778830211305,0.624135622382164,0.05019298299885122
0.21586866661751372,0.0037584480113714647,0.6078675010947001,3.3237993595115154,0.030573193293150794,-0.12005881385422315,0.7229360491037369,0.04981603000123869
0.21586866661751372,0.0037584480113714647,0.6078675010947001,3.359397498440357,0.030912041819892246,-0.12018949935684542,0.7106696724891662,0.0500909779984795
0.21586866661751372,0.0037584480113714647,0.6078675010947001,3.3942608164919807,0.031348406855345914,-0.12018890112549031,0.6985444039106369,0.049908520999451866
0.22980547736483337,0.013676803645617366,0.5378220958762474,3.4316747255133353,0.031728796949434965,-0.12036947327798583,0.7472848296165466,0.05006646400215686
0.22980547736483337,0.013676803645617366,0.5378220958762474,3.468382303745598,0.032193079048662594,-0.12040436457363354,0.7350394040346145,0.049939606000407366
0.2354443022379191,0.016249301297258528,0.47314514767192223,3.5076505333776375,0.03258407822505785,-0.12061773175458662,0.7853972494602203,0.04999792099988554
0.2354443022379191,0.016249301297258528,0.47314514767192223,3.5462647089852437,0.03310050801191421,-0.12066754123246999,0.7725768595933914,0.049981014999502804
0.2354443022379191,0.016249301297258528,0.47314514767192223,3.584670462120724,0.033690902923069546,-0.1206199933330794,0.7598064124584197,0.05054676099825883
0.2376451453234576,0.017066510891592952,0.41089183189121564,3.6241759002057643,0.03548690941007265,-0.12063105399850488,0.7986020058393478,0.04946824299986474
0.2376451453234576,0.017066510891592952,0.41089183189121564,3.666254154006091,0.036826640046068004,-0.12050456461574721,0.7861486554145812,0.053524551000009524
0.24332871921292706,0.018277755387163582,0.3433483262080431,3.7114951862605836,0.03814642928625821,-0.12076752100745493,0.9051089584827423,0.04998407300081453
0.24332871921292706,0.018277755387163582,0.3433483262080431,3.7534550144773515,0.03920884610763596,-0.12075349041437897,0.9023357778787613,0.04650134600160527
0.24332871921292706,0.018277755387163582,0.3433483262080431,3.7984612352521037,0.0400976392123187,-0.12060112207302923,0.9003632098436355,0.04998673899899586
0.22749290445800313,0.023819892515773555,0.27926100194009534,3.8438267721407047,0.04312516275007036,-0.12002589493494914,0.9065064489841461,0.05004436200033524
0.22749290445800313,0.023819892515773555,0.27926100194009534,3.8890291995541078,0.045232990282526656,-0.11955866688192895,0.905195140838623,0.049936666000576224
0.23279447170102258,0.02583163181972419,0.21530273178902895,3.938634573329412,0.04778568917378846,-0.11949452324927455,0.9264005869626999,0.05354635399999097
0.23279447170102258,0.02583163181972419,0.21530273178902895,3.981648646498803,0.04967479499498047,-0.11932631828916435,0.9254222303628921,0.04648048399758409
0.23279447170102258,0.02583163181972419,0.21530273178902895,4.027867854785167,0.05111861641597174,-0.11911262332518319,0.924573203921318,0.04998977700233809
0.22312597561976508,0.0230712996842158,0.15598786084746075,4.074407670957133,0.05433795723552359,-0.11864114796590458,0.9306581765413284,0.05000742199990782
0.22312597561976508,0.0230712996842158,0.15598786084746075,4.121399098431681,0.05656552584907325,-0.11833076831979543,0.9301700174808502,0.05051918100070907
0.22312597561976508,0.0230712996842158,0.15598786084746075,4.167397293707395,0.05823453791106291,-0.11813634846975202,0.9296470910310745,0.04947920099948533
0.2375748896140594,0.006823340548509139,0.06966493127668473,4.214927334606104,0.06059648065069048,-0.11812670120221254,0.95,0.05003162199864164
0.2375748896140594,0.006823340548509139,0.06966493127668473,4.26238112908524,0.062350724508158734,-0.11802288465870546,0.9499959796667099,0.04995157400117023
0.24457679482445238,0.010480354662503067,0.004291510234802493,4.309866800236175,0.06396736918079399,-0.11780618770821766,0.95,0.04998491700098384
0.24457679482445238,0.010480354662503067,0.004291510234802493,4.357394779635085,0.06530607639662947,-0.11757316317500993,0.95,0.05002945199885289
0.24457679482445238,0.010480354662503067,0.004291510234802493,4.407318368335124,0.06648109423466042,-0.11732973889316514,0.95,0.052551146000041626
0.2466239167578943,0.01075653827036945,-0.06048245101283867,4.4523768806859305,0.06823433761207769,-0.11668696544054387,0.95,0.0474300130008487
0.2466239167578943,0.01075653827036945,-0.06048245101283867,4.5013609526333465,0.0696740284228832,-0.11626315916468644,0.95,0.05156218099727994
0.2399948066850793,0.008723632941221643,-0.11224099562701181,4.547256883334755,0.07207842806962195,-0.11532051327758994,0.95,0.048311506001482485
0.2399948066850793,0.008723632941221643,-0.11224099562701181,4.594915111535207,0.07393866491310037,-0.11473717786630372,0.95,0.0501665560004767
0.2399948066850793,0.008723632941221643,-0.11224099562701181,4.642362319085092,0.07549780089850566,-0.11434974490261304,0.95,0.049944428999879165
0.25274310765521596,0.00584374287456857,-0.1785454131718698,4.690490605383471,0.07575378572461212,-0.11266307961139815,0.95,0.050661353998293635
0.25274310765521596,0.00584374287456857,-0.1785454131718698,4.7374325164861295,0.076437543842299,-0.11164069253917774,0.95,0.0494125380027981
0.25274310765521596,0.00584374287456857,-0.1785454131718698,4.788261861785956,0.0773576366979499,-0.1109982590598836,0.95,0.053504573999816785
0.26847028404155465,0.0036465043152383594,-0.26262854625477294,4.832386270483054,0.07704706204406138,-0.10740198258894529,0.95,0.04644674599694554
0.26847028404155465,0.0036465043152383594,-0.26262854625477294,4.879956457433597,0.0773465888051493,-0.10531151035033373,0.95,0.05007388100057142
0.26847028404155465,0.0036465043152383594,-0.26262854625477294,4.927426101135112,0.07805011977841277,-0.10412978970171635,0.95,0.04996804600159521
0.28683118284653025,-0.006578224831139203,-0.3431636740432169,4.976128649135368,0.07685227805429588,-0.09550625588394179,0.95,0.051265840000269236
0.28683118284653025,-0.006578224831139203,-0.3431636740432169,5.022413848984994,0.07668202229770357,-0.09057653847871408,0.95,0.04872126299960655
0.30596588741404324,-0.01706814285443021,-0.4320982908842201,5.069897432985104,0.07534142654199799,-0.0753580402793776,0.95,0.04998272000011639
0.30596588741404324,-0.01706814285443021,-0.4320982908842201,5.12075002668445,0.07504611361658216,-0.06693324962033576,0.95,0.053529045999312075
0.30596588741404324,-0.01706814285443021,-0.4320982908842201,5.164901767834103,0.0753914297141769,-0.06220384757979956,0.95,0.04647551699963515
0.33559960317636256,-0.029933254645461507,-0.5003656165403324,5.211531965269395,0.07017502907026639,0.00938907193384024,0.9328917831182479,0.0499845730009838
0.33559960317636256,-0.029933254645461507,-0.5003656165403324,5.25821645918791,0.0676912564224531,0.051953814788111764,0.9334982872009276,0.05001026199897751
0.35409249161013423,-0.04139358080735352,-0.5853463795915758,5.303800266860443,0.06284465409436998,0.0792048229953341,0.886285474896431,0.0514324210016639
0.35409249161013423,-0.04139358080735352,-0.5853463795915758,5.346802790168929,0.0602678788728665,0.09561271513585404,0.8857481092214584,0.04854938199787284
0.35409249161013423,-0.04139358080735352,-0.5853463795915758,5.391084869393117,0.059013987244793814,0.10552438882043454,0.8852880358695984,0.050019967999105575
0.36872036309878164,-0.05569027177829094,-0.6614135670678462,5.433873703941,0.05602560666896644,0.11072230331331787,0.855976578593254,0.04998832400087849
0.36872036309878164,-0.05569027177829094,-0.6614135670678462,5.476638105836854,0.05451316456614579,0.11389826531547485,0.8551013350486755,0.050010917002509814
0.3918938778164753,-0.07627380672121059,-0.702935681681021,5.517959518289667,0.050023976925722635,0.11481979367338525,0.8269886165857314,0.04996611999740708
0.3918938778164753,-0.07627380672121059,-0.702935681681021,5.559212933567992,0.04763998851997368,0.11539995954753701,0.8242372930049896,0.05005041100230301
0.3918938778164753,-0.07627380672121059,-0.702935681681021,5.600269942540368,0.04651811156167217,0.11577580384207811,0.8215245872735977,0.04997660399749293
0.424289376149401,-0.10575257699159897,-0.7268426629529104,5.643219868940335,0.040692318817935155,0.11575000531550077,0.8325262576341629,0.05158987600225373
0.424289376149401,-0.10575257699159897,-0.7268426629529104,5.68338842721657,0.03749884887991057,0.11574241785452263,0.8290842860937118,0.048449305999383796
0.424289376149401,-0.10575257699159897,-0.7268426629529104,5.7246764259864715,0.0358652166989905,0.11574524920133053,0.8258650749921799,0.04999363699971582
0.4514807461709485,-0.13039449703452008,-0.7114199452198618,5.7669966415115175,0.030659377364365005,0.1158268706855017,0.8468659371137619,0.04997274500055937
0.4514807461709485,-0.13039449703452008,-0.7114199452198618,5.809195689323161,0.027809858195810166,0.11589141707759129,0.8438005179166793,0.05001069200079655
0.48871474716483,-0.11417910120671927,-0.6965883145690945,5.8521008056120385,0.0252059149174861,0.11564835799420492,0.8592947691679,0.04993061499772011
0.48871474716483,-0.11417910120671927,-0.6965883145690945,5.894980248138622,0.023643548950491658,0.1155186014931477,0.8562033593654632,0.05008090900082607
0.48871474716483,-0.11417910120671927,-0.6965883145690945,5.9376195457788805,0.022706129370294995,0.115456027839248,0.8530748039484024,0.04998306999914348
0.5104185783297526,-0.12542172318731065,-0.6548792962530465,5.981007230547167,0.022143677622176998,0.11557983342031516,0.867964419722557,0.04998786100259167
0.5104185783297526,-0.12542172318731065,-0.6548792962530465,6.024265887689254,0.021806206573306196,0.1156458484126322,0.8653077155351638,0.04999222399783321
0.5104185783297526,-0.12542172318731065,-0.6548792962530465,6.067417049814404,0.021603723943983716,0.11568855208117917,0.8630810171365737,0.04999665300056222
0.5218852341484124,-0.13349295378946033,-0.606136531239034,6.111064339249004,0.021482234366390227,0.11591168976997826,0.8727033168077468,0.05001389199969708
0.5218852341484124,-0.13349295378946033,-0.606136531239034,6.154593558110878,0.021409340619834134,0.11605073652968105,0.8705323368310928,0.0500029889990401
0.5316315809792901,-0.13992495865481985,-0.5419581693116499,6.198670319703288,0.02136560437190048,0.11634825016442117,0.8809861660003662,0.050031162001687335
0.5316315809792901,-0.13992495865481985,-0.5419581693116499,6.243161125572996,0.021339362623140287,0.11654066768517005,0.8791543662548065,0.0506063639986678
0.5316315809792901,-0.13992495865481985,-0.5419581693116499,6.286501131506585,0.021323617573884172,0.11666682080763524,0.8772140175104141,0.049406422000174643
0.535262372005776,-0.14242452693437466,-0.4683308323051321,6.331012931354095,0.021314170544330505,0.11701855371199812,0.8886616617441176,0.050088578998838784
0.535262372005776,-0.14242452693437466,-0.4683308323051321,6.375695308259671,0.021308502326598304,0.1172403556692765,0.886672106385231,0.05039334899993264
0.5395374590291743,-0.1477865413356984,-0.4053373492785603,6.420074111880771,0.02130510139595898,0.11755725995231663,0.8968915104866028,0.0494806820024678
0.5395374590291743,-0.1477865413356984,-0.4053373492785603,6.466160105535453,0.02130306083757539,0.11773744616227742,0.8946881413459777,0.051510679000784876
0.5395374590291743,-0.1477865413356984,-0.4053373492785603,6.509436904748012,0.021301836502545232,0.11784470196555494,0.892598021030426,0.04848408599718823
0.5447001173356091,-0.1450151691787496,-0.3510189656618454,6.554504608615619,0.02130110190152714,0.11798371622556708,0.9000815600156784,0.05007068900158629
0.5447001173356091,-0.1450151691787496,-0.3510189656618454,6.599363475559515,0.021300661140916284,0.11807710975166716,0.8983920007944106,0.0499323980002373
0.5590742906454065,-0.1478809657993497,-0.2944427702954423,6.644794060506581,0.02130039668454977,0.11827937275026176,0.9114530444145202,0.04984413100100937
0.5590742906454065,-0.1478809657993497,-0.2944427702954423,6.690482510506673,0.02130023801072986,0.11838569825800618,0.9090273678302765,0.05026080799871124
0.5590742906454065,-0.1478809657993497,-0.2944427702954423,6.735734389014089,0.021300142806437918,0.11843439451403832,0.9065882712602615,0.04991447599968524
0.5725674218918245,-0.15186037650518536,-0.24617246142357999,6.781637999154739,0.021300085683862748,0.11857695407597671,0.9185361921787262,0.0499747430003481
0.5725674218918245,-0.15186037650518536,-0.24617246142357999,6.827454655790098,0.02130005141031765,0.11864351884680062,0.9159299403429031,0.050022010000247974
0.5830009524334551,-0.15368936850708695,-0.18769695088092392,6.873635615860322,0.021300030846190587,0.11882217202280204,0.9262045532464981,0.0498604329986847
0.5830009524334551,-0.15368936850708695,-0.18769695088092392,6.919944896854683,0.021300018507714354,0.11887335225161458,0.924016472697258,0.05011737600216293
0.5830009524334551,-0.15368936850708695,-0.18769695088092392,6.966529665614376,0.021300011104628612,0.11887885954509106,0.9214596539735793,0.050555407997308066
0.589690185276979,-0.14923983534194118,-0.1276058150532098,7.013445798467051,0.02193730016129325,0.11973469392377094,0.95,0.04938540300281602
0.589690185276979,-0.14923983534194118,-0.1276058150532098,7.061520324264579,0.022755220291478098,0.12022144875477526,0.95,0.05060476399739855
0.589690185276979,-0.14923983534194118,-0.1276058150532098,7.1098640703661005,0.02369227645245949,0.12048608590096696,0.9483462840318679,0.0509768920019269
0.6160356057254316,-0.14747025914387388,-0.050882211256476496,7.155982408416028,0.022735365871475694,0.12057293968755284,0.95,0.048545618999924045
0.6160356057254316,-0.14747025914387388,-0.050882211256476496,7.203603320613663,0.02216121952288542,0.12061477611874508,0.95,0.05012727599751088
0.6160356057254316,-0.14747025914387388,-0.050882211256476496,7.250918406916687,0.021889768007714708,0.1206227166081367,0.95,0.04980535400318331
0.624240224480428,-0.1422140977640833,0.018900481023858724,7.298576412815171,0.02211675492722938,0.12060819045453655,0.95,0.05016632199840387
0.624240224480428,-0.1422140977640833,0.018900481023858724,7.3459313601644025,0.02282223467707127,0.1205591867908799,0.95,0.04984731299919076
0.6317981140167431,-0.13745452538145583,0.09278733355850496,7.393514629566132,0.023902497200247584,0.12054710331827184,0.95,0.05008765200182097
0.6317981140167431,-0.13745452538145583,0.09278733355850496,7.440929802165672,0.02513136762862023,0.12049843992751706,0.95,0.04991070799951558
0.6317981140167431,-0.13745452538145583,0.09278733355850496,7.4886777265149505,0.02644735871842275,0.1204279764053933,0.95,0.05026097299924004
0.6372103755930156,-0.13430644710910164,0.15324801287731987,7.538351737866949,0.028813949221913635,0.1203809847568102,0.95,0.052288433002104284
0.6372103755930156,-0.13430644710910164,0.15324801287731987,7.583625013865029,0.03084012871655501,0.12030955494252607,0.95,0.04765607999797794
0.6319063706495274,-0.132193889363425,0.2193512023096743,7.630782398265663,0.03367252061171935,0.12027682269101003,0.95,0.049639352000667714
0.6319063706495274,-0.132193889363425,0.2193512023096743,7.678438280914569,0.03590053063275579,0.12022771003535188,0.95,0.05016408699884778
0.6319063706495274,-0.132193889363425,0.2193512023096743,7.725919910764177,0.037741387973083046,0.12017576910669087,0.95,0.049980662999587366
0.6314112814410151,-0.13142169784699045,0.29590120913836754,7.773419273313747,0.04097290109983265,0.12000697504052209,0.95,0.04999932899954729
0.6314112814410151,-0.13142169784699045,0.29590120913836754,7.822995813716197,0.04346805412406432,0.11985372335057667,0.95,0.052185832002578536
0.6314112814410151,-0.13142169784699045,0.29590120913836754,7.868417438866645,0.04557546006938641,0.11970038670504815,0.95,0.047812237000471214
0.6278911656383032,-0.13463114856466185,0.36160789032106516,7.916006475715704,0.04933160821974769,0.11928570662858919,0.95,0.050093722999008605
0.6278911656383032,-0.13463114856466185,0.36160789032106516,7.963415792516689,0.05229973078000841,0.11896999832941792,0.95,0.04990454400103772
0.6309725979148558,-0.12981823455979905,0.42418824116654635,8.01078226578196,0.05673076319830595,0.11845112417312681,0.9484189331531524,0.04994256399731967
0.6309725979148558,-0.12981823455979905,0.42418824116654635,8.058080294562654,0.0600633918531953,0.11807260617120396,0.9447489351034164,0.05006412500006263
0.6309725979148558,-0.12981823455979905,0.42418824116654635,8.105116057344455,0.0627206131987702,0.11777713122667868,0.9411057204008102,0.049979254999925615
0.635940719511584,-0.12661908155764343,0.48104530747263613,8.152542283150124,0.06536724514799899,0.1174095786970973,0.940250238776207,0.050440004000847694
0.635940719511584,-0.12661908155764343,0.48104530747263613,8.198969993520244,0.06761476067923061,0.11711507304681062,0.9365892440080642,0.0495710479990521
0.6543342590980712,-0.11739357008444164,0.55219886412064,8.24583860213927,0.06885798661841483,0.11687893667324017,0.9399553388357162,0.04986259100041934
0.6543342590980712,-0.11739357008444164,0.55219886412064,8.29280235950684,0.07024119215568025,0.11667345642151614,0.9366242945194244,0.0501415110011294
0.6543342590980712,-0.11739357008444164,0.55219886412064,8.339616509264008,0.071693596466542,0.11648726391257154,0.9332188457250594,0.050164170999778435
0.6690318216755632,-0.08550254697939455,0.6149986492785209,8.38612995095894,0.07202888835916561,0.11637790159858052,0.9335316389799118,0.04982524400111288
0.6690318216755632,-0.08550254697939455,0.6149986492785209,8.432767951511684,0.07279816013246562,0.11623999808118811,0.9294568330049514,0.05017769400001271
0.6690318216755632,-0.08550254697939455,0.6149986492785209,8.47961177681987,0.07382788802188507,0.11608045657805247,0.9249927908182144,0.05064236799807986
0.6811887178198518,-0.0691482319404359,0.6792302529539672,8.525689766915113,0.07414233902097864,0.11590948677260662,0.9269672840833664,0.04970832400067593
0.6811887178198518,-0.0691482319404359,0.6792302529539672,8.571325024338218,0.07486426078677846,0.11573402986645093,0.9224767416715621,0.04947036099838442
0.6905011604314112,-0.05666588484267902,0.7438544884340201,8.617166637632074,0.07618094529748365,0.11541690174173946,0.9165900111198425,0.05001321500094491
0.6905011604314112,-0.05666588484267902,0.7438544884340201,8.663116955812407,0.07752000812316182,0.11513370122570774,0.9109901964664459,0.05043997000029776
0.6905011604314112,-0.05666588484267902,0.7438544884340201,8.707773624515417,0.0788008047558322,0.11481250671183454,0.9012302428483963,0.049550788000487955
0.7010800815806679,-0.04264845491688706,0.8263503808132351,8.7528366793603,0.08034173795088854,0.11315327493927113,0.9010775834321976,0.050010183000267716
0.7010800815806679,-0.04264845491688706,0.8263503808132351,8.797684300920455,0.08119552831950622,0.11132804637301702,0.8961854040622711,0.050042793998727575
0.7010800815806679,-0.04264845491688706,0.8263503808132351,8.843499671970628,0.08179428935708308,0.10917725136964761,0.8898490756750106,0.05148667600224144
0.7147116371553299,-0.022480439593285155,0.9150276999056245,8.886501684066987,0.07963527608312192,0.04297455114775443,0.8871320664882659,0.048473066999576986
0.7147116371553299,-0.022480439593285155,0.9150276999056245,8.934461079366391,0.07886452608345165,0.07348858334215608,0.95,0.05048357399937231
0.7314415193890405,0.006674983701004428,1.0065103494771799,8.98138950141698,0.0769929428877724,0.09029300342555122,0.95,0.04939833900061785
0.7314415193890405,0.006674983701004428,1.0065103494771799,9.029020089366403,0.07634789276017505,0.10039135057065054,0.95,0.050137460999394534
0.7314415193890405,0.006674983701004428,1.0065103494771799,9.076498199464785,0.07644980113442992,0.10646325015028217,0.95,0.04997695799829671
0.7446171987363108,0.034635120030111335,1.089829520748129,9.123994679716324,0.07399366343460236,0.10691193379759728,0.95,0.04999629500161973
0.7446171987363108,0.034635120030111335,1.089829520748129,9.172119358866128,0.07303662362362,0.10712597154259645,0.95,0.050657556999794906
0.7508740315580019,0.05977347396968691,1.1701723496508152,9.21900016501482,0.07098488046327264,0.1005914114873407,0.95,0.049348216998623684
0.7508740315580019,0.05977347396968691,1.1701723496508152,9.266540979865802,0.07025168081282993,0.09688461082940089,0.95,0.05004296300103306
0.7508740315580019,0.05977347396968691,1.1701723496508152,9.315787245166081,0.0703125207433666,0.09484738384345047,0.95,0.05183817400029511
0.7621837972538795,0.08063165511992586,1.2438000819749184,9.361490598514553,0.06886592488345891,0.07909332498704714,0.95,0.048108792998391436
0.7621837972538795,0.08063165511992586,1.2438000819749184,9.409483171617337,0.06846960938487881,0.07102613142010762,0.95,0.050518498002929846
0.7621837972538795,0.08063165511992586,1.2438000819749184,9.456501953867935,0.06872708294698258,0.06764043862150426,0.95,0.04949345500062918
0.7593655409354729,0.12027936917254642,1.3061818926807842,9.501825392308037,0.06208548828308976,-0.00767085853501371,0.9065860629081726,0.049993530999927316
0.7593655409354729,0.12027936917254642,1.3061818926807842,9.547396193418773,0.058577247287900425,-0.05279165687134392,0.9116247296333313,0.049988552997092484
0.7694516079914706,0.1435487799164008,1.3654864980252717,9.592914600136718,0.05412581081752252,-0.07917499650699214,0.8731739789247512,0.0521298250023392
0.7694516079914706,0.1435487799164008,1.3654864980252717,9.634705093624941,0.05185997000672979,-0.09507714098204563,0.873402401804924,0.047847925998212304
0.7694516079914706,0.1435487799164008,1.3654864980252717,9.678874733184358,0.05086814374529458,-0.1046798395246827,0.8734313935041427,0.05057024499910767
0.7718218185297139,0.17173117710753905,1.4136997126965287,9.720181482725938,0.04819144291164361,-0.10942374510351201,0.831874793767929,0.049655008002446266
0.7718218185297139,0.17173117710753905,1.4136997126965287,9.761622716264737,0.04694795711327722,-0.11232976700534451,0.8318650543689727,0.049817254999652505
0.7710643644709972,0.2030829560925412,1.4723920024081576,9.801752614259955,0.04403111442022997,-0.11330107322734612,0.8050544708967209,0.04984743200111552
0.7710643644709972,0.2030829560925412,1.4723920024081576,9.842056739304075,0.04263833334501671,-0.11391381663919697,0.8033249914646148,0.05017163099910249
0.7710643644709972,0.2030829560925412,1.4723920024081576,9.883344121015089,0.04215739733252578,-0.1143113937547279,0.8016279011964798,0.05150442200101679
0.7535926169017683,0.22266373247705665,1.500919376266305,9.921710894206939,0.041940965928278284,-0.11458112517419294,0.7921255886554718,0.048435214997880394
0.7535926169017683,0.22266373247705665,1.500919376266305,9.961225014513369,0.04209621153929348,-0.11473294090880654,0.7891435772180557,0.05007215600198833
0.7535926169017683,0.22266373247705665,1.500919376266305,10.000468126170949,0.04248966689502308,-0.11482439513000071,0.7863271921873092,0.04990684799849987
0.7713494826661543,0.2478212195337281,1.4687507460607268,10.040714077047346,0.039495847735375816,-0.11488253161306511,0.8040137141942978,0.05005629899824271
0.7713494826661543,0.2478212195337281,1.4687507460607268,10.081395089047934,0.03800723237608114,-0.11491722753641206,0.8011314183473587,0.050779449000401655
0.7731499656086879,0.25379281508621443,1.4297212750551294,10.121086123543678,0.036708268003548615,-0.11503065163491485,0.8071824163198471,0.04917232300067553
0.7731499656086879,0.25379281508621443,1.4297212750551294,10.161337700916741,0.036226756558946034,-0.11509723505138347,0.8042466670274734,0.05004879600164713
0.7731499656086879,0.25379281508621443,1.4297212750551294,10.20138823331587,0.03622215022810177,-0.11513149881815309,0.8009749084711074,0.05000223100068979
0.7731499656086879,0.25379281508621443,1.4297212750551294,10.241558130752614,0.03646692448954508,-0.1151538762119734,0.7980655461549758,0.05033408299641451
0.7731499656086879,0.25379281508621443,1.4297212750551294,10.281048417420175,0.03685840781987146,-0.11516998962565206,0.7951806455850601,0.04966203200092423
0.7731499656086879,0.25379281508621443,1.4297212750551294,10.320958281663948,0.037345925548436854,-0.11518230888845887,0.7922217935323714,0.05037713500132668
0.7737888598659184,0.25997222059521,1.3213323851342786,10.36116314092555,0.03703504000828422,-0.11550708325864295,0.8102925688028335,0.04961770699810586
0.7737888598659184,0.25997222059521,1.3213323851342786,10.401514408696206,0.0371612880511627,-0.11570514745808494,0.806814244389534,0.050013083000521874
0.7730176418406498,0.2509459033199012,1.254680702247996,10.442001752247961,0.03828364466926726,-0.1159721512037328,0.8105182737112044,0.04995241299911868
0.7730176418406498,0.2509459033199012,1.254680702247996,10.484374095156298,0.039260280879147486,-0.1161363612674362,0.8070823609828949,0.05250064300344093
0.7730176418406498,0.2509459033199012,1.254680702247996,10.52540777275051,0.04016361054885842,-0.11623908824102203,0.8034865409135818,0.05106952699861722
0.7484348500512217,0.2439631095047477,1.1578330595529946,10.562910598748822,0.04377047018473421,-0.11670061913952899,0.8016097247600555,0.046784394999122014
0.7484348500512217,0.2439631095047477,1.1578330595529946,10.602778268270356,0.046220248319298475,-0.11698298315897984,0.7985128790140151,0.04992739700173843
0.7488586061302794,0.24553346775189036,1.082318486268283,10.64299813903363,0.047864375875944165,-0.1173044482511008,0.8062771052122115,0.04988343399963924
0.7488586061302794,0.24553346775189036,1.082318486268283,10.684550982701873,0.04912736908588068,-0.11750159261475349,0.8030513256788253,0.05174369599990314
0.7488586061302794,0.24553346775189036,1.082318486268283,10.723108974443525,0.050202240204770904,-0.11762427567154375,0.7995638281106948,0.04822378199969535
0.7564147484251448,0.25974601211130144,1.0153343742927912,10.763848234098333,0.04921435770747634,-0.11781483935541039,0.8149048537015915,0.049992658001428936
0.7564147484251448,0.25974601211130144,1.0153343742927912,10.80433435770256,0.04896775136803134,-0.11792461900249794,0.8111121505498886,0.04991433499890263
0.7564147484251448,0.25974601211130144,1.0153343742927912,10.844792546618223,0.04915867507704821,-0.1179846145411472,0.8073217123746872,0.05011408499922254
0.7617773568869631,0.2617843855211826,0.9511334911544193,10.885530394736195,0.04900331986098723,-0.11810375319124106,0.8163822978734969,0.04990045500017004
0.7617773568869631,0.2617843855211826,0.9511334911544193,10.92657660180293,0.049236578656132436,-0.11817293564200904,0.812784269452095,0.05050073999882443
0.7666909344792705,0.2699197775280358,0.8852635603515926,10.967412204349493,0.04855114568048442,-0.11834321737122837,0.8253420919179916,0.04947718400217127
0.7666909344792705,0.2699197775280358,0.8852635603515926,11.0106072115425,0.04847317039235667,-0.11844706725974263,0.8219381153583526,0.05255262699938612
0.7666909344792705,0.2699197775280358,0.8852635603515926,11.049458711766942,0.048775993700410344,-0.11851206178605188,0.8183924078941345,0.04747294800108648
0.7735208845062501,0.27726046317265973,0.8273500033146911,11.09111508119255,0.04804801244472588,-0.11874242040598171,0.8334864377975464,0.04997846100013703
0.7735208845062501,0.27726046317265973,0.8273500033146911,11.132655101140246,0.04802181600889638,-0.1188914645498024,0.8300040930509567,0.05004796999855898
0.7735208845062501,0.27726046317265973,0.8273500033146911,11.175478370612584,0.04840708219624206,-0.11899474077135483,0.8266997188329697,0.0518002710014116
0.7839198962415489,0.28925913829247035,0.7584751336901624,11.216779926669584,0.0470578296996155,-0.11928465850776529,0.8480837583541869,0.048699854996812064
0.7839198962415489,0.28925913829247035,0.7584751336901624,11.25869080158431,0.04660968625646821,-0.1194773631550437,0.8449422925710678,0.049602056002186146
0.8050401368815879,0.3058875217936626,0.6846137335903147,11.302160057576621,0.04401626708568329,-0.1195041511808375,0.8724200248718261,0.04982606399789802
0.8050401368815879,0.3058875217936626,0.6846137335903147,11.345656845733286,0.042817687347300015,-0.11955019559589264,0.8693619668483734,0.05003300099997432
0.8290849461978558,0.3251314568598856,0.6135863878417377,11.390290572693058,0.04012012568400333,-0.1191887421973183,0.8907413631677628,0.050108515002648346
0.8290849461978558,0.3251314568598856,0.6135863878417377,11.436863326930867,0.03893470077089089,-0.1190131332616588,0.8884065121412277,0.052422796998143895
0.8290849461978558,0.3251314568598856,0.6135863878417377,11.478992931096005,0.03867918615562688,-0.11895111239794377,0.8860009372234344,0.047550293002132094
0.8406341334777045,0.32795827182276766,0.5496811340846064,11.524215341110597,0.03868636104478222,-0.11886299274470498,0.8966327369213104,0.05043582299913396
0.8406341334777045,0.32795827182276766,0.5496811340846064,11.568492365130943,0.03913541801580061,-0.11885172737900072,0.8942623823881148,0.049512341000081506
0.8406341334777045,0.32795827182276766,0.5496811340846064,11.61326286021853,0.03984114973430794,-0.1188939441040972,0.8922590672969818,0.05017656500058365
0.8608116003013223,0.338118097672197,0.4781851991186313,11.65863173438636,0.03950989799907781,-0.11881664686178084,0.9112819254398346,0.04978577200017753
0.8608116003013223,0.338118097672197,0.4781851991186313,11.704096450698378,0.03975752232796537,-0.1188103442953522,0.9090370506048202,0.05001415099832229
0.8608116003013223,0.338118097672197,0.4781851991186313,11.749789195278401,0.040354617108861124,-0.11884653363028139,0.9067763775587081,0.050390312000672566
0.8688348437217953,0.33883742918589305,0.40453566099051985,11.795820340394894,0.04180076865551442,-0.118899904450172,0.9172819048166274,0.05018211399874417
0.8688348437217953,0.33883742918589305,0.40453566099051985,11.841035704696395,0.04317761414168817,-0.11897477314495672,0.9149696469306945,0.0494173379993299
0.871447846457641,0.33791746092276465,0.33741241040180325,11.88710117277593,0.04572312034916009,-0.11907574418558853,0.921208581328392,0.05000547000236111
0.871447846457641,0.33791746092276465,0.33741241040180325,11.933024916471599,0.047768495725101986,-0.11917805482968197,0.9187906622886657,0.04998281499865698
0.871447846457641,0.33791746092276465,0.33741241040180325,11.965944708035599,0.04966096338421509,-0.1208786690832645,0.6579653114080429,0.05003271600071457
0.8727001576446176,0.3355368587527432,0.2761191977639612,12.002192741523892,0.05259251068109516,-0.12170338658103169,0.7043636947870254,0.05146209799931967
0.8727001576446176,0.3355368587527432,0.2761191977639612,12.036200853357858,0.05463989633366015,-0.12214405314689172,0.6990305244922638,0.04865039600190357
0.8729130618004765,0.3332303943493439,0.22687351168161093,12.072704686404485,0.05748056422498552,-0.12226543770173368,0.7301168173551559,0.04999725000016042
0.8729130618004765,0.3332303943493439,0.22687351168161093,12.10887629605975,0.05947262877718644,-0.12229109970294938,0.7252468913793564,0.04987489099949016
0.8729130618004765,0.3332303943493439,0.22687351168161093,12.144911862090423,0.06097923275527976,-0.12225705604293051,0.7208053857088088,0.04999347500051954
0.8807917215238755,0.3364148258781866,0.16377651965104822,12.184810031499111,0.06292934344230665,-0.12211922061764063,0.7938371181488036,0.05025989399655373
0.8807917215238755,0.3364148258781866,0.16377651965104822,12.224077757796318,0.06444328049432381,-0.12198728115751065,0.7888482242822646,0.04977855700053624
0.8866361056861103,0.3364942591059646,0.09260309529968781,12.26748528108573,0.0666677399850556,-0.121888445564471,0.8613201111555099,0.050396505001117475
0.8866361056861103,0.3364942591059646,0.09260309529968781,12.309847107639744,0.06837954487661532,-0.12179220840237279,0.8548674196004867,0.049553680000826716
0.8866361056861103,0.3364942591059646,0.09260309529968781,12.352288159483043,0.06977964095032221,-0.12169784262717806,0.8483587831258773,0.050027244000375504
0.8914857242094776,0.3394211805738386,0.022042892470468454,12.396909386122974,0.07249495835158828,-0.12148181888425973,0.8932668119668961,0.04995285399854765
0.8914857242094776,0.3394211805738386,0.022042892470468454,12.441631031028072,0.07451850313576223,-0.1213059037504472,0.8911120265722274,0.05018633299914654
0.8914857242094776,0.3394211805738386,0.022042892470468454,12.48733924541874,0.07605053817410565,-0.12114674625264868,0.8894961923360825,0.05138663300022017
0.904134183000612,0.33920788876647595,-0.035390809201977506,12.533513427379585,0.07784045586096822,-0.12111531244198837,0.9057271838188171,0.05098023200116586
0.904134183000612,0.33920788876647595,-0.035390809201977506,12.57642942766734,0.07924826126758801,-0.12102846709776138,0.9045082300901413,0.04744677700000466
0.9165424471035227,0.3341816030002605,-0.11155465419587487,12.623006690959633,0.08041230941691724,-0.1212051058285726,0.9276466637849807,0.05021013399891672
0.9165424471035227,0.3341816030002605,-0.11155465419587487,12.669183549574068,0.0816812137656136,-0.12123435881574708,0.9272116750478744,0.04980185200111009
0.9165424471035227,0.3341816030002605,-0.11155465419587487,12.715545568394,0.0829267387326195,-0.12116355506682253,0.9267479211091995,0.0500265689988737
0.9399867123851315,0.33192573156772837,-0.1930271362751355,12.762479921511144,0.0843867485961696,-0.12150524621071729,0.9388683766126632,0.049990343999525066
0.9399867123851315,0.33192573156772837,-0.1930271362751355,12.809396246017618,0.085833095147692,-0.1216396365455527,0.9384554713964461,0.04999312800282496
0.9399867123851315,0.33192573156772837,-0.1930271362751355,12.856593558868243,0.0872913962808149,-0.12162746869872443,0.937677451968193,0.05033427299713367
0.9631754061416684,0.32579539176355976,-0.2768856832556488,12.903780279850473,0.0886817025069533,-0.12157772471517582,0.9491073161363601,0.04971695000131149
0.9631754061416684,0.32579539176355976,-0.2768856832556488,12.9511924460294,0.09010754483486046,-0.12153014475113308,0.9488868206739425,0.04996609199952218
0.9893449555375322,0.3198785492886775,-0.3539383034335666,12.998811875278463,0.09111267887082594,-0.12120795568231436,0.95,0.050125714999012416
0.9893449555375322,0.3198785492886775,-0.3539383034335666,13.04619163378013,0.09227339841441451,-0.12100513887646015,0.95,0.04987343000175315
0.9893449555375322,0.3198785492886775,-0.3539383034335666,13.093795213229189,0.0935104471297034,-0.12086572475577721,0.95,0.05010903099901043
1.02184317434735,0.30502677281259755,-0.44656708828135894,13.141164197778583,0.0934668439537864,-0.12046844141093091,0.95,0.04986208899936173
1.02184317434735,0.30502677281259755,-0.44656708828135894,13.188810459779436,0.0939600833601106,-0.12018676028494354,0.95,0.05015396000089822
1.0443465135852505,0.2900272221332036,-0.5421078887034483,13.236169614681259,0.09446898653187447,-0.11968799010422418,0.95,0.049851742001919774
1.0443465135852505,0.2900272221332036,-0.5421078887034483,13.283690226830752,0.09529843779848869,-0.11932934031192416,0.95,0.05002169699946535
1.0443465135852505,0.2900272221332036,-0.5421078887034483,13.331206379679882,0.09629863961009298,-0.11905297461333247,0.95,0.05001700299908407
1.0652207129666864,0.2738661022530597,-0.6244461192526544,13.378745720129176,0.09588713397662707,-0.11773469938744528,0.95,0.050041410999256186
1.0652207129666864,0.2738661022530597,-0.6244461192526544,13.426340396180807,0.09615757077980559,-0.11687282856648817,0.95,0.050099659001716645
1.0839196774527753,0.2576245395231544,-0.7021584236387723,13.473540943829015,0.09494362503319097,-0.1132386930963138,0.95,0.04968478699811385
1.0839196774527753,0.2576245395231544,-0.7021584236387723,13.521193257328944,0.09473182290809817,-0.11098636675958273,0.95,0.050160329999926034
1.0839196774527753,0.2576245395231544,-0.7021584236387723,13.568752253278602,0.09512624746571463,-0.10956245594671034,0.95,0.05006210099963937
1.104479567377149,0.24087661570837304,-0.7905937991525889,13.616171086229608,0.09282343987232734,-0.10497221311003366,0.95,0.049914561001060065
1.104479567377149,0.24087661570837304,-0.7905937991525889,13.663767613831098,0.09192016961339886,-0.10214817500156402,0.95,0.05010160800156882
1.104479567377149,0.24087661570837304,-0.7905937991525889,13.711181424130356,0.0918656132350193,-0.10042387590433502,0.95,0.049909273999219295
1.125515789806046,0.22030548494084579,-0.8843505075454662,13.758463764763212,0.0882057285147802,-0.09241675940528717,0.9448125809431076,0.05004414799986989
1.125515789806046,0.22030548494084579,-0.8843505075454662,13.80710690088067,0.08641652344691134,-0.08747109298333648,0.9443418055772781,0.05151009499968495
1.125515789806046,0.22030548494084579,-0.8843505075454662,13.852829342727425,0.08575322543995009,-0.0843825991417475,0.9437698990106582,0.04844659900118131
1.1517549099394626,0.18325182850076469,-0.9668769584065267,13.897356579930616,0.08044267830500856,-0.011794144836992461,0.8902785152196884,0.0500149519975821
1.1517549099394626,0.18325182850076469,-0.9668769584065267,13.9418040528845,0.07769235776215705,0.031463903827708695,0.8890238881111144,0.04999581400261377
1.167841994159528,0.15095101812557604,-1.0543872081555081,13.943999279374577,0.05541006032437034,0.06941960730745896,0.043910179287195206,0.04999356699772761
1.167841994159528,0.15095101812557604,-1.0543872081555081,13.946161578262863,0.04205303778535096,0.09219940947648586,0.043202742189168926,0.05005003800033592
1.178775767914291,0.11822931221146256,-1.12835783835937,13.946635532607369,0.033751822671210574,0.10580712584946574,0.0095,0.049889931000507204
1.178775767914291,0.11822931221146256,-1.12835783835937,13.947111120590886,0.028771093602726342,0.11397380607303394,0.0095,0.05006189300183905
1.178775767914291,0.11822931221146256,-1.12835783835937,13.947600595379864,0.025782656161635803,0.11887586937532671,0.0095,0.05152366199763492
1.1902018790021904,0.07780339715133609,-1.189219240214845,13.948060955984355,0.023989593696981483,0.11751412168852,0.0095,0.048459010999067686
1.1902018790021904,0.07780339715133609,-1.189219240214845,13.948536521490876,0.02291375621818889,0.11669773588008588,0.0095,0.050059527002304094
1.1902018790021904,0.07780339715133609,-1.189219240214845,13.949025414965353,0.02226825373091333,0.11620857196704688,0.0095,0.05146247099764878
1.1951211889339328,0.05013045709193376,-1.2085033430638672,13.949509059860858,0.021880952238547996,0.11153638289961901,0.0095,0.05090998900050181
1.1951211889339328,0.05013045709193376,-1.2085033430638672,13.949960857640365,0.021648571343128795,0.10873666242714933,0.0095,0.047557661000610096
1.1951211889339328,0.05013045709193376,-1.2085033430638672,13.950437410719358,0.021509142805877277,0.10706018469307549,0.0095,0.05016348199933418
1.1964010862175474,0.03344475241578693,-1.1829564079088142,13.950912178472858,0.021425485683526365,0.10456025041087703,0.0095,0.049975552999967476
1.1964010862175474,0.03344475241578693,-1.1829564079088142,13.951386085906368,0.02137529141011582,0.1030638112839713,0.0095,0.049884993000887334
1.2034579288018863,0.019402665688695683,-1.1315195219008063,13.951860849299367,0.021345174846069494,0.10249164666036692,0.0095,0.049975093999819364
1.2034579288018863,0.019402665688695683,-1.1315195219008063,13.952336245230876,0.021327104907641697,0.10215090850174383,0.0095,0.0500416770009906
1.2034579288018863,0.019402665688695683,-1.1315195219008063,13.952811081336858,0.021316262944585017,0.10194898569095108,0.0095,0.04998274799800129
1.2034579288018863,0.019402665688695683,-1.1315195219008063,13.953286506100886,0.02130975776675101,0.10183036639397128,0.0095,0.05004471200300031
1.2034579288018863,0.019402665688695683,-1.1315195219008063,13.953761143324366,0.021305854660050604,0.10176173635783663,0.0095,0.04996181299793534
1.2079686024936152,0.017016955663867565,-1.0435372294666587,13.955349733387814,0.021303512796030363,0.10623996370114606,0.03106912150979042,0.05113083300238941
1.2079686024936152,0.017016955663867565,-1.0435372294666587,13.956854220061809,0.02130210767761822,0.10893898316072059,0.030798470973968504,0.04884939499970642
1.2079686024936152,0.017016955663867565,-1.0435372294666587,13.958381913528,0.021301264606570933,0.11056984369663377,0.030542174726724623,0.05001914499734994
1.2079686024936152,0.017016955663867565,-1.0435372294666587,13.959895245658467,0.021300758763942558,0.11155999484484183,0.030281928926706312,0.049974760000623064
1.2079686024936152,0.017016955663867565,-1.0435372294666587,13.96141437700678,0.021300455258365533,0.11216557730927935,0.030024018883705136,0.05059720200006268
1.2079686024936152,0.017016955663867565,-1.0435372294666587,13.962885346633275,0.02130027315501932,0.11254048293647094,0.02976534441113472,0.04941886800224893
1.2122918343820446,0.004904683766747256,-0.9421714090422957,13.96879073802046,0.021300163893011592,0.1131417938817556,0.11788258478045463,0.05009553699710523
1.2122918343820446,0.004904683766747256,-0.9421714090422957,13.974621002482127,0.021300098335806955,0.11351333551102968,0.11684157326817513,0.049898887002200354
1.210517567484631,0.00934428987958063,-0.8855133363287672,13.982618475518228,0.02130005900148417,0.11461627300080116,0.15966772064566612,0.050088226998923346
1.210517567484631,0.00934428987958063,-0.8855133363287672,13.990535199560293,0.021300035400890503,0.11528867611584934,0.15843492224812508,0.04996830199888791
1.210517567484631,0.00934428987958063,-0.8855133363287672,13.998382131143597,0.021300021240534303,0.11570652085124178,0.15703907385468482,0.04996802000096068
1.2140169619768777,0.005462170202487008,-0.823906747944245,14.00891759051658,0.02130001274432058,0.11637281273352337,0.2107731781899929,0.04998482000155491
1.2140169619768777,0.005462170202487008,-0.823906747944245,14.019382569952167,0.02130000764659235,0.116786692706032,0.20893556028604507,0.050087114999769256
1.2140169619768777,0.005462170202487008,-0.823906747944245,14.02973678813559,0.02130000458795541,0.11704912791686262,0.20713555514812468,0.049987643000349635
1.2140169619768777,0.005462170202487008,-0.823906747944245,14.03999180108815,0.021300002752773245,0.11722347384713294,0.20522220209240913,0.049970289997872896
1.2140169619768777,0.005462170202487008,-0.823906747944245,14.050248706539964,0.021300001651663944,0.11734766510738255,0.20319677516818047,0.050477698001486715
1.2208045738034667,0.002486192193182235,-0.7284574889768656,14.064802150733113,0.021300000990998366,0.11817105738886191,0.2938960462808609,0.049519019998115255
1.2208045738034667,0.002486192193182235,-0.7284574889768656,14.079354750893906,0.02130000059459902,0.11868475275378224,0.2913691818714142,0.04994557100144448
1.2208045738034667,0.002486192193182235,-0.7284574889768656,14.093800596249066,0.021300000356759413,0.1190126395055103,0.28884265720844265,0.05001285300022573
1.2314666121115485,0.0007087572600634615,-0.6754035865498338,14.111796737022605,0.021300000214055648,0.11953949784210012,0.36000793576240536,0.04998817799787503
1.2314666121115485,0.0007087572600634615,-0.6754035865498338,14.129661168519549,0.02130000012843339,0.11988006743771247,0.3568860054016113,0.05005640800300171
1.2494265758827812,-0.009596592236163909,-0.6137540906706468,14.152135122432364,0.02130000007706003,0.11980833240140921,0.44957524240016933,0.04998930500005372
1.2494265758827812,-0.009596592236163909,-0.6137540906706468,14.174410037918243,0.021300000046236018,0.11979042069786458,0.44583865404129025,0.04996183099865448
1.2494265758827812,-0.009596592236163909,-0.6137540906706468,14.196747071585214,0.02130000002774161,0.11980888948842089,0.44215614199638364,0.05051842900138581
1.2619275099224379,-0.014418722364206256,-0.5500216667311408,14.2228012881507,0.02143604214544631,0.11990485731365799,0.522118815779686,0.049900933998287655
1.2619275099224379,-0.014418722364206256,-0.5500216667311408,14.248438745738406,0.021536529454919916,0.11996324863196921,0.5170637279748916,0.04958278100093594
1.265519556043675,-0.011524963597604534,-0.48715607411894507,14.276559492636121,0.021827019300063387,0.12027285341120666,0.5609907954931259,0.050126931000704644
1.265519556043675,-0.011524963597604534,-0.48715607411894507,14.305078601133227,0.022022776839733083,0.1204663720351273,0.5547664701938629,0.05140741200011689
1.265519556043675,-0.011524963597604534,-0.48715607411894507,14.331633685968765,0.022162269555091832,0.12059792319666232,0.5480793535709381,0.0484511679969728
1.2702439231350255,-0.010632215908946955,-0.4181716351338788,14.361580474211241,0.022497252406215654,0.12089253687698176,0.5986290991306304,0.05002561400033301
1.2702439231350255,-0.010632215908946955,-0.4181716351338788,14.392055251866918,0.022721680093727104,0.12108731760882455,0.5916038781404495,0.05151213300268864
1.2702439231350255,-0.010632215908946955,-0.4181716351338788,14.421298785375168,0.022878979288888927,0.12121998843135308,0.5847583264112473,0.05000960599863902
1.2753240043136578,-0.012665751924882791,-0.3469610046346859,14.452335797336374,0.02322121804556427,0.12140525088657063,0.6405963957309723,0.04845018199921469
1.2753240043136578,-0.012665751924882791,-0.3469610046346859,14.484025389594175,0.023450272802121506,0.12153470460146143,0.6335039049386978,0.050022726001770934
1.283765243597913,-0.01758192369203478,-0.2732352244100189,14.51906540847529,0.0238185365638775,0.1216071483109562,0.7012017875909805,0.049971377000474604
1.283765243597913,-0.01758192369203478,-0.2732352244100189,14.555044553447448,0.02406617791304841,0.12168296316946556,0.6940993875265121,0.05183572499663569
1.283765243597913,-0.01758192369203478,-0.2732352244100189,14.58813182187371,0.02424037069588813,0.12175908887198572,0.6869461387395859,0.04816573900097865
1.2773145674365982,-0.010216444227222123,-0.21258727588454157,14.623431398943415,0.025197015824973065,0.12221717836744192,0.7040888398885726,0.050135117999161594
1.2773145674365982,-0.010216444227222123,-0.21258727588454157,14.658238026883291,0.025968126221334625,0.1225015711920655,0.6972239792346954,0.04992173100254149
1.2773145674365982,-0.010216444227222123,-0.21258727588454157,14.695206451887678,0.026625169672868064,0.12268161488397099,0.69045470058918,0.053542143999948166
1.286592512111643,-0.011478690420850408,-0.13806994865476688,14.730563732578265,0.0280681440879711,0.12271172590746389,0.7611894071102142,0.04645004299891298
1.286592512111643,-0.011478690420850408,-0.13806994865476688,14.768286193189866,0.029143646636593846,0.12274085275944416,0.754467636346817,0.049998778998997295
1.28749753082867,-0.009317431928085936,-0.07168898776096498,14.808078739824294,0.03126380463182241,0.12285255904565062,0.7980770409107207,0.04986053299944615
1.28749753082867,-0.009317431928085936,-0.07168898776096498,14.847749530532258,0.032772989271517464,0.12292024085265282,0.7912111043930053,0.05013932500150986
1.293484455335466,-0.008588518240004462,-0.0018292099368587063,14.890220958256458,0.03505816531088106,0.12291822069491079,0.8505526959896087,0.04993391699827043
1.293484455335466,-0.008588518240004462,-0.0018292099368587063,14.934779516089737,0.03688582099620195,0.12289477606776433,0.847380256652832,0.05258389900336624
1.293484455335466,-0.008588518240004462,-0.0018292099368587063,14.974754520936685,0.03844545857395942,0.1228546906719391,0.8424669563770294,0.047449937999772374
1.304541128354026,-0.0036082389504210636,0.0509322050705409,15.018312208580303,0.03994366810492406,0.12280020530282167,0.8710524320602416,0.050005815999611514
1.304541128354026,-0.0036082389504210636,0.0509322050705409,15.061715188638784,0.04130790058238345,0.12274098047768299,0.8679784625768661,0.0500046739980462
1.304541128354026,-0.0036082389504210636,0.0509322050705409,15.104976959294142,0.04259902741588972,0.12266477375719084,0.8652408987283706,0.04999968300035107
1.320829148733347,-0.0038227896836258387,0.1184132474888118,15.149866962099058,0.04370078293131484,0.1225167919963189,0.8980129569768905,0.04998814600185142
1.320829148733347,-0.0038227896836258387,0.1184132474888118,15.19759538668178,0.0448471297481459,0.12236222086963582,0.897580799460411,0.05317451600058121
1.320829148733347,-0.0038227896836258387,0.1184132474888118,15.239544406678084,0.046068197528052426,0.12220133577953295,0.8957651376724243,0.04683037799986778
1.3315230371075286,0.0011019787268388532,0.18887456874190064,15.284989264262604,0.047804945671277105,0.12231046936017582,0.9079957842826842,0.05004963499959558
1.3315230371075286,0.0011019787268388532,0.18887456874190064,15.33034123515578,0.049355752386878046,0.12232568610371536,0.9081356465816497,0.049939643999096006
1.3477289242548156,0.0077170218545475,0.2597704261164041,15.376309657910966,0.05087277860535986,0.12270898788369528,0.918447858095169,0.05005011699904571
1.3477289242548156,0.0077170218545475,0.2597704261164041,15.42220310585336,0.05226484126504545,0.12289973002193469,0.918706065416336,0.04995444100131863
1.3477289242548156,0.0077170218545475,0.2597704261164041,15.468165217137855,0.05356974963340929,0.12296847761582194,0.9189270704984664,0.050017147998005385
1.3589844135673177,0.018117824293718724,0.3231658453756798,15.514657382457345,0.055120640182457985,0.12336671507901464,0.928227800130844,0.05008702100167284
1.3589844135673177,0.018117824293718724,0.3231658453756798,15.560960951128237,0.05652061747548736,0.12356686446992465,0.9278751999139785,0.04990279800040298
1.3589844135673177,0.018117824293718724,0.3231658453756798,15.607826115754628,0.0578473447980747,0.12364295157151167,0.9274261116981506,0.050532504999864614
1.3711150243208787,0.02465183565895641,0.3921156163896987,15.65562563681209,0.05952685065402182,0.12392154832098928,0.9372842520475387,0.05099789199812221
1.3711150243208787,0.02465183565895641,0.3921156163896987,15.701090638567361,0.06108170477946754,0.12403733193525103,0.9367536813020706,0.04853463900144561
1.388380654110869,0.03367748631981816,0.46681293718051986,15.748496297639027,0.06249689655542467,0.12430268204002635,0.9492428183555602,0.049940498000069056
1.388380654110869,0.03367748631981816,0.46681293718051986,15.795927989260631,0.06387774251127298,0.12447875783317719,0.9488257229328155,0.04998988800070947
1.4031588143722509,0.04379743727057601,0.5419787672972639,15.845859792609767,0.06500399948492083,0.12430798557682893,0.95,0.05255979299909086
1.4031588143722509,0.04379743727057601,0.5419787672972639,15.89092830940975,0.0662269771178629,0.1241854759888891,0.95,0.047440543999982765
1.4031588143722509,0.04379743727057601,0.5419787672972639,15.938440955810105,0.06747980237484372,0.12409474210959934,0.95,0.050013312000373844
1.4119758990205489,0.05392958412769041,0.6087136144990419,15.985938040260438,0.0689046481876397,0.12364988182200351,0.95,0.04999693100035074
1.4119758990205489,0.05392958412769041,0.6087136144990419,16.03353085145976,0.07030655751400136,0.12336481245883321,0.95,0.05009769599928404
1.4119758990205489,0.05392958412769041,0.6087136144990419,16.084290026909034,0.07167833679779138,0.12317864556627284,0.95,0.05343071099923691
1.4201762019954665,0.06403311259311935,0.6914301404988588,16.128502713410885,0.07349347981133321,0.12264255797575002,0.95,0.04653967000194825
1.4201762019954665,0.06403311259311935,0.6914301404988588,16.175967008611075,0.07503910715769684,0.12230700323408893,0.95,0.04996241600019857
1.432904606086688,0.08073368616572836,0.776097389769378,16.22355330946142,0.07635224625701281,0.12188041728392869,0.95,0.05009084300036193
1.432904606086688,0.08073368616572836,0.776097389769378,16.270960438408327,0.07761937156459434,0.1215980250934102,0.95,0.049902240996743785
1.432904606086688,0.08073368616572836,0.776097389769378,16.3184062038605,0.07884109780276265,0.12140351768132077,0.95,0.0499429110022902
1.444849058892071,0.09703801084232731,0.8672461550751444,16.365921144510356,0.07998698690583972,0.12087803504345433,0.95,0.050015726999845356
1.444849058892071,0.09703801084232731,0.8672461550751444,16.413466190660653,0.081160694116656,0.12051124943183432,0.95,0.050047417000314454
1.4566690069122843,0.12175636165044659,0.9538476175582198,16.460936976261326,0.08118039438385011,0.11902907593778711,0.95,0.04996924800070701
1.4566690069122843,0.12175636165044659,0.9538476175582198,16.5084754607606,0.08171466880594636,0.11808214607078994,0.95,0.05004050999923493
1.4566690069122843,0.12175636165044659,0.9538476175582198,16.55592819730904,0.08254286929103699,0.11746282113933065,0.95,0.04995024899835698
1.468747620903396,0.1459076950419714,1.024881681504931,16.603466543108915,0.08105755879958251,0.11432584961261451,0.95,0.05004036399986944
1.468747620903396,0.1459076950419714,1.024881681504931,16.650930931408983,0.08071420654344427,0.11245239520076572,0.95,0.04996251400007168
1.468747620903396,0.1459076950419714,1.024881681504931,16.69845428906141,0.08105550697259825,0.11134627070429122,0.95,0.050024587002553744
1.488387220372769,0.18019236150615697,1.1269193450387955,16.745912751259347,0.0765266186643405,0.10588545564652799,0.95,0.049956275997828925
1.488387220372769,0.18019236150615697,1.1269193450387955,16.79346350216023,0.07427842334799548,0.10268838622475457,0.95,0.05005342200092855
1.488387220372769,0.18019236150615697,1.1269193450387955,16.84093536505901,0.0734225591176306,0.10079810630264754,0.95,0.04997038199871895
1.4952615171579413,0.21199023744159629,1.2172650044922637,16.88721070603224,0.069735933074567,0.08107861696769521,0.9248226910829543,0.05003698700238601
1.4952615171579413,0.21199023744159629,1.2172650044922637,16.93341328503053,0.06799115951610404,0.06999088239127234,0.9244643718004226,0.04997767399981967
1.4948165787969174,0.23363263229761688,1.2986544275977137,16.978297892722072,0.06463491234632014,0.002967560955606907,0.8980298310518264,0.04998119899755693
1.4948165787969174,0.23363263229761688,1.2986544275977137,16.991127160424366,0.04803891347915935,-0.046858145792053336,0.25650100111961366,0.050016443001368316
1.5003566108027933,0.2606991215861251,1.3737050161026736,16.998097422033844,0.037343348087495606,-0.07729466795847785,0.13791780248284338,0.050539244999527
1.5003566108027933,0.2606991215861251,1.3737050161026736,17.00476882147628,0.030926008852497362,-0.09558045411065799,0.1349093474447727,0.04945098000098369
1.5003566108027933,0.2606991215861251,1.3737050161026736,17.011376879827374,0.027075605311498416,-0.10657555546734084,0.13204236850142478,0.050044985000567976
1.4948719333569647,0.2842940640476661,1.4492798705631844,17.014777283468476,0.02476536318689905,-0.11386021307929367,0.06814435198903084,0.04990000699763186
1.4948719333569647,0.2842940640476661,1.4492798705631844,17.018127936185472,0.023379217912139427,-0.11824008424177175,0.06696738526225089,0.05003409799974179
1.4948719333569647,0.2842940640476661,1.4492798705631844,17.02145388321253,0.022547530747283655,-0.12087694525178912,0.06580740585923195,0.0505406190022768
1.496014964145585,0.315587801261983,1.4966322184911114,17.02440521280301,0.02204851844837019,-0.1224225552049675,0.05966314747929573,0.04946654199738987
1.496014964145585,0.315587801261983,1.4966322184911114,17.027357859246816,0.021749111069022116,-0.12336538262172927,0.05843855962157249,0.050525654001830844
1.496014964145585,0.315587801261983,1.4966322184911114,17.030189186135136,0.02156946664141327,-0.12394655720594162,0.05721363201737403,0.04948692800098797
1.4916078573681917,0.33508527355932394,1.4880800705328632,17.03134902451939,0.02146167998484796,-0.12392637119413993,0.02319781854748726,0.04999773499730509
1.4916078573681917,0.33508527355932394,1.4880800705328632,17.032487397858386,0.021397007990908774,-0.12391954771114339,0.02276070639491081,0.05001485100001446
1.4910170992494929,0.34837639367277223,1.4494822345624514,17.03459326503761,0.02135820479454526,-0.12360655851026148,0.04213336184620857,0.049980990999756614
1.4910170992494929,0.34837639367277223,1.4494822345624514,17.036662032670712,0.021334922876727155,-0.12342889301097257,0.04137133881449699,0.05000485100026708
1.4893641292230482,0.35135204909653284,1.4140794670316632,17.03962631647575,0.02132095372603629,-0.12297903294632354,0.057700049877166745,0.05137402500258759
1.4893641292230482,0.35135204909653284,1.4140794670316632,17.042379144070594,0.021312572235621774,-0.12272338149112175,0.05662766844034195,0.04861276599694975
1.4893641292230482,0.35135204909653284,1.4140794670316632,17.045161710086667,0.021307543341373063,-0.12258323477006977,0.05563161671161651,0.05001770900344127
1.4893641292230482,0.35135204909653284,1.4140794670316632,17.04789298863559,0.02130452600482384,-0.12251252917228356,0.05462517440319061,0.050000362996797776
1.4893641292230482,0.35135204909653284,1.4140794670316632,17.05057546218294,0.021302715602894304,-0.12248325459824928,0.05363680943846702,0.05001180300314445
1.4893641292230482,0.35135204909653284,1.4140794670316632,17.0532294740656,0.02130162936173658,-0.12247859545151549,0.05266629531979561,0.05039298599876929
1.4929890242362924,0.36394323365585574,1.3261681103482874,17.060144422635126,0.021300977617041948,-0.12201797191858385,0.13270429372787476,0.052107948999037035
1.4929890242362924,0.36394323365585574,1.3261681103482874,17.06631705984931,0.02130058657022517,-0.12176633611059244,0.13008152171969414,0.04745206799998414
1.496668753359966,0.372099624199186,1.260455338955333,17.07502822461386,0.0213003519421351,-0.12189194163522754,0.17410990446805955,0.05003256300187786
1.496668753359966,0.372099624199186,1.260455338955333,17.08357269268243,0.02130021116528106,-0.12200651765371343,0.17088374271988868,0.05000164399825735
1.496668753359966,0.372099624199186,1.260455338955333,17.091951184353864,0.021300126699168635,-0.12211372018161404,0.16760064512491227,0.04999080800189404
1.5012538186331903,0.38190653119801976,1.1916146400386811,17.104168915444088,0.02130007601950118,-0.12220135665120475,0.24184648990631102,0.05051853799886885
1.5012538186331903,0.38190653119801976,1.1916146400386811,17.115899179239452,0.021300045611700708,-0.12230892977822896,0.2370902232825756,0.04947594899931573
1.5012538186331903,0.38190653119801976,1.1916146400386811,17.127553799780422,0.021300027367020424,-0.12242629290645765,0.232523662596941,0.0501222989987582
1.5048155128436425,0.3974530763840232,1.1120594201012726,17.141511102328863,0.021300016420212252,-0.12285592413559822,0.27928292751312256,0.049975495003309334
1.5048155128436425,0.3974530763840232,1.1120594201012726,17.155179484091192,0.02130000985212735,-0.12317654524216215,0.27384958863258363,0.0499120039967238
1.5048155128436425,0.3974530763840232,1.1120594201012726,17.168607070346297,0.02130000591127641,-0.12343044897299504,0.2685286208987236,0.05000430200016126
1.5069992779391286,0.3966740458885042,1.0374156238754386,17.18595634813816,0.021300003546765846,-0.12359930169809756,0.3469779223203659,0.05000110000037239
1.5069992779391286,0.3966740458885042,1.0374156238754386,17.203502182827343,0.021300002128059506,-0.12378274376528797,0.3402562081813812,0.05156653800077038
1.512134348256133,0.40636742081254257,0.9633218252646242,17.221929083898683,0.021300001276835703,-0.12408935651384197,0.38050172626972195,0.04842790399925434
1.512134348256133,0.40636742081254257,0.9633218252646242,17.24064120699587,0.02130000076610142,-0.12431954875709059,0.3744616568088531,0.04997073200138402
1.511411599005513,0.4061329489058529,0.9034681966011265,17.261222446757756,0.02130000045966085,-0.1245662113137331,0.4103041738271713,0.05016093199810712
1.511411599005513,0.4061329489058529,0.9034681966011265,17.28138850703342,0.02130000027579651,-0.12475471854849376,0.4038357406854629,0.049936294002691284
1.511411599005513,0.4061329489058529,0.9034681966011265,17.301222925370784,0.021300000165477905,-0.1249075124302132,0.3974976003170013,0.049898208999366034
1.5095988399798772,0.40399109712020964,0.8424562617326076,17.322820185847522,0.021300000099286745,-0.1251038354419841,0.432263234257698,0.049963213998125866
1.5095988399798772,0.40399109712020964,0.8424562617326076,17.344127492602443,0.021300000059572048,-0.12525953780312382,0.42574066817760464,0.050047619002725696
1.5095988399798772,0.40399109712020964,0.8424562617326076,17.365110188459496,0.021300000035743227,-0.12539041954695607,0.419304284453392,0.050041692000377225
1.5094515843164042,0.40538309353776886,0.7714882106601167,17.389095883918078,0.021300000021445935,-0.12562810729992047,0.45776466131210325,0.052397437997569796
1.5094515843164042,0.40538309353776886,0.7714882106601167,17.41057751509808,0.02131633589839231,-0.12581446737677845,0.45051226317882537,0.047682677999546286
1.5094515843164042,0.40538309353776886,0.7714882106601167,17.43274107086068,0.021351769031138963,-0.12596511465687152,0.4440725952386856,0.04990975799955777
1.5116789573041725,0.4055132339437589,0.7005147108326955,17.457158246216174,0.021561960018308013,-0.1261603833578741,0.48807916343212127,0.05002708000029088
1.5116789573041725,0.4055132339437589,0.7005147108326955,17.481228136508747,0.021710011682886513,-0.12632019766227695,0.4808761417865753,0.050054241000907496
1.5164140978242922,0.4088927863231185,0.6284556842597653,17.509979074786344,0.021960915191160817,-0.12636961607966596,0.5587142109870911,0.05145911400177283
1.5164140978242922,0.4088927863231185,0.6284556842597653,17.536662611062336,0.022137095489017475,-0.1264472703268157,0.5504405349493027,0.048476691998075694
1.5164140978242922,0.4088927863231185,0.6284556842597653,17.56379630949836,0.022266586457438654,-0.12653841615498224,0.542761754989624,0.049991913001576904
1.5201701442222664,0.4097520385544788,0.5619128203731976,17.59302015174867,0.022575411817280882,-0.1265540053890953,0.584471806883812,0.05000043099789764
1.5201701442222664,0.4097520385544788,0.5619128203731976,17.621848775161006,0.022881312889366408,-0.1265678793458229,0.5769168645143509,0.049970152002060786
1.5231580825093067,0.41477517088276405,0.4840616045899811,17.653398690110503,0.02491806812435929,-0.12645341576743638,0.6323547124862671,0.04989274900071905
1.5231580825093067,0.41477517088276405,0.4840616045899811,17.68474532156607,0.026416591449681184,-0.12637643588548014,0.6255360573530196,0.05011162999653607
1.5231580825093067,0.41477517088276405,0.4840616045899811,17.71581686965368,0.027590394225182092,-0.12632200344184108,0.6187609463930129,0.05021575499995379
1.529358511823519,0.41850784471600916,0.41644968323056875,17.750200408650873,0.029252549383915638,-0.12615859522687833,0.6925672441720963,0.04964649900284712
1.529358511823519,0.41850784471600916,0.41644968323056875,17.784561810279385,0.030550320550130114,-0.12605147608678008,0.6851367622613906,0.05015261699736584
1.531185824072763,0.41680046989073305,0.3530765916981621,17.82106238814528,0.03306660145779032,-0.1258146396193532,0.7321624308824539,0.04985311500058742
1.531185824072763,0.41680046989073305,0.3530765916981621,17.858500774176107,0.03487330502426373,-0.12566767399988343,0.7246799111366271,0.051661961999343475
1.531185824072763,0.41680046989073305,0.3530765916981621,17.893298616885968,0.036268864429925364,-0.12557664552618128,0.7169269531965256,0.04853750100301113
1.5369053895299998,0.4224135338472425,0.2910891961746649,17.93254057826043,0.037887380216678666,-0.1254675974803511,0.7860090762376785,0.049925583000003826
1.5369053895299998,0.4224135338472425,0.2910891961746649,17.97162555478591,0.03917569350848239,-0.12539867820485495,0.7783766716718673,0.05021344799752114
1.5369053895299998,0.4224135338472425,0.2910891961746649,18.010017795606622,0.040248193691072714,-0.12534702695694006,0.7708883762359618,0.04980259399962961
1.5482113504816575,0.42414862049678964,0.2143376607082443,18.05241395920858,0.04191091570252052,-0.12519823120407125,0.8470003634691238,0.05005448100200738
1.5482113504816575,0.42414862049678964,0.2143376607082443,18.094473715246508,0.043270294028484056,-0.12510778788549817,0.8420679241418838,0.049948175001190975
1.5482113504816575,0.42414862049678964,0.2143376607082443,18.136268689162563,0.04443055800078108,-0.12504997899426887,0.8357584357261657,0.05000843800007715
1.55839203321206,0.4285813146552123,0.14362515502656523,18.179801265403555,0.04588858855651494,-0.12491284758027714,0.8710777431726455,0.04997553499924834
1.55839203321206,0.4285813146552123,0.14362515502656523,18.223116576968025,0.047160731273214074,-0.12484795183048439,0.8661093473434448,0.050011365998216206
1.5679881951559793,0.42828691520901835,0.07097542154703966,18.268353572053236,0.049003670166325605,-0.12460464674297446,0.9047864258289336,0.049997428999631666
1.5679881951559793,0.42828691520901835,0.07097542154703966,18.313341217773008,0.050563707798953084,-0.1244794728640525,0.8981442123651504,0.05008955700031947
1.5679881951559793,0.42828691520901835,0.07097542154703966,18.357826324918893,0.051977450400731096,-0.12442042602800181,0.8911643475294113,0.04991796100148349
1.5709159744660544,0.4278402466688135,0.01184329294357365,18.403277258323442,0.05467096552261182,-0.12421804054798394,0.9091521680355071,0.04999265799779096
1.5709159744660544,0.4278402466688135,0.01184329294357365,18.44874825766516,0.05676510456209462,-0.12404985299242562,0.9054495543241501,0.05021925199980615
1.5795458198475667,0.43201145611650305,-0.05356449771865865,18.49441210167549,0.05903090097311188,-0.12394729775508062,0.9173773735761642,0.04977651000081096
1.5795458198475667,0.43201145611650305,-0.05356449771865865,18.540250044558242,0.06088584469439417,-0.12380895806741604,0.91648191511631,0.05001510900183348
1.5795458198475667,0.43201145611650305,-0.05356449771865865,18.586009819201383,0.062496159712563934,-0.12364885207052165,0.9155830591917038,0.049978834998910315
1.577674361686056,0.42594513213115387,-0.12830059153164866,18.633576681358573,0.06552054681783377,-0.12324588654062231,0.9223595291376113,0.05157084700113046
1.577674361686056,0.42594513213115387,-0.12830059153164866,18.678175634905276,0.06784738813880359,-0.12293659184945273,0.9213246047496795,0.04840742699889233
1.6009568101072797,0.4242326729816664,-0.19535962247139269,18.727256603133092,0.06924506124879881,-0.12270987352474122,0.9332689583301543,0.05259037900032126
1.6009568101072797,0.4242326729816664,-0.19535962247139269,18.771451855413943,0.07058733676091411,-0.12254225206818335,0.9313393115997314,0.04745343800095725
1.6009568101072797,0.4242326729816664,-0.19535962247139269,18.81794636957136,0.07181948896774995,-0.12237904424933285,0.930169054865837,0.04998501499721897
1.6159125661109703,0.4212738616500754,-0.26103941396463215,18.86518539992226,0.07211284814196436,-0.12206245872657114,0.9446864217519759,0.05000498500157846
1.6159125661109703,0.4212738616500754,-0.26103941396463215,18.912365275499273,0.07274116824816232,-0.12184800751972563,0.942908415198326,0.05003654100073618
1.6306165341415093,0.4190934307299542,-0.326906379276355,18.95973316849768,0.07385834104270081,-0.12164058952312688,0.95,0.04986093999832519
1.6306165341415093,0.4190934307299542,-0.326906379276355,19.005148562765662,0.07678985933333839,-0.11918148200977458,0.9038844555616379,0.05024469000272802
1.6306165341415093,0.4190934307299542,-0.326906379276355,19.05006897314234,0.07903111314696196,-0.11765590191643605,0.9011818289756774,0.049846111996885156
1.6405310047969668,0.4167084122499552,-0.40159741196622034,19.095072708714863,0.0812647232766278,-0.11649442244029741,0.8994386464357376,0.05003535899959388
1.6405310047969668,0.4167084122499552,-0.40159741196622034,19.139759143502477,0.0830507083746986,-0.11568505840573728,0.8933977276086806,0.050018523001199355
1.6638989408698257,0.4057978835806724,-0.48813664468130685,19.185865648343807,0.08331666004736403,-0.11424671457453978,0.9237683445215225,0.04991132800205378
1.6638989408698257,0.4057978835806724,-0.48813664468130685,19.231892601626225,0.08356592423963058,-0.11283057955649144,0.9201435327529907,0.05002149299980374
1.6638989408698257,0.4057978835806724,-0.48813664468130685,19.277863022340206,0.08378799883870786,-0.11142368571607258,0.9152784764766693,0.050225610997586045
1.6840257844884472,0.3940527514620742,-0.5735907522338589,19.323881385269235,0.08221843676774804,-0.1014692250290393,0.9251824259757995,0.04973977200279478
1.6840257844884472,0.3940527514620742,-0.5735907522338589,19.36982886821282,0.08163796733027162,-0.0932020046352672,0.9177351832389831,0.05006616699756705
1.6840257844884472,0.3940527514620742,-0.5735907522338589,19.418696180023215,0.08157873028639234,-0.08562105286355778,0.908511009812355,0.05378835400188109
1.707007641895239,0.37830687388810696,-0.6631843522619525,19.460118368840387,0.07750058182551431,-0.019128712345576074,0.8950834363698958,0.04627746099868091
1.707007641895239,0.37830687388810696,-0.6631843522619525,19.503949328374674,0.07518354075237493,0.02235853413974298,0.8772755682468414,0.04996259000108694
1.707007641895239,0.37830687388810696,-0.6631843522619525,19.546924675132164,0.07392942033460367,0.04806266272208126,0.8585344731807708,0.050056634998327354
1.7337950161440423,0.35747439010571397,-0.7496130842504607,19.587031989996426,0.06623256720453875,0.07342293288791794,0.8036240816116332,0.04990805499983253
1.7337950161440423,0.35747439010571397,-0.7496130842504607,19.626230482532428,0.061416729553642135,0.08892593876412284,0.7841683864593505,0.04998734100081492
1.7337950161440423,0.35747439010571397,-0.7496130842504607,19.665387096627686,0.05833347622400657,0.09849319276744586,0.7651454716920852,0.051175385000533424
1.7526066968231888,0.3319174726168802,-0.8242650358506424,19.696873759243967,0.049786133967913,0.10689365278204954,0.6442212074995041,0.048875544998736586
1.7526066968231888,0.3319174726168802,-0.8242650358506424,19.729108923483157,0.044559366287634856,0.11200986033988403,0.6260924488306046,0.051486268999724416
1.7717471328381103,0.3042467050841024,-0.8852227834982532,19.75439601976434,0.03758995359053975,0.1162364967245603,0.5217667818069458,0.04846436600200832
1.7717471328381103,0.3042467050841024,-0.8852227834982532,19.779765523987795,0.03342958208865384,0.11876134440772201,0.5074045658111572,0.049998572998447344
1.7891575648970206,0.28125807239670275,-0.9119409134530372,19.802999001147906,0.029123075347819685,0.11992135027332583,0.4646257847547531,0.050004708999040304
1.7891575648970206,0.28125807239670275,-0.9119409134530372,19.8268001424465,0.02657787131767199,0.1205464504914491,0.45315583050251007,0.05252308300259756
1.7891575648970206,0.28125807239670275,-0.9119409134530372,19.848028070589677,0.025090389594440016,0.12084887163382821,0.4414055287837982,0.048091667998960475
1.809146484803669,0.2591535662100773,-0.9030230969862173,19.87057003879847,0.02357423375666401,0.12040771327341826,0.4563196629285812,0.04939951100095641
1.809146484803669,0.2591535662100773,-0.9030230969862173,19.89286297523676,0.022664540253998403,0.12018188763812322,0.4458508282899856,0.05000088599990704
1.809146484803669,0.2591535662100773,-0.9030230969862173,19.915257092418468,0.02211872415239904,0.12008883076402628,0.4375709235668182,0.051178256999264704
1.8246250895741989,0.23995165927862203,-0.8717219993316764,19.938078091016703,0.021791234491439423,0.11993903587754418,0.4674622148275375,0.04881891599870869
1.8246250895741989,0.23995165927862203,-0.8717219993316764,19.960956046202973,0.021594740694863654,0.11991613072452455,0.4577574133872986,0.049978339000517735
1.8433392569008176,0.2209170394628895,-0.8204983827247463,19.989505207231428,0.02147684441691819,0.11957636214672035,0.5433514416217804,0.05254271699959645
1.8433392569008176,0.2209170394628895,-0.8204983827247463,20.01482782311428,0.021406106650150913,0.11945596180783813,0.5334098935127258,0.047473090002313256
1.8433392569008176,0.2209170394628895,-0.8204983827247463,20.04187858064403,0.02136366399009055,0.11945774818913402,0.5245916038751602,0.05156536499998765
1.8588418303745722,0.20553940270020404,-0.7641775901930904,20.071025158398623,0.021338198394054327,0.119713884982206,0.602155327796936,0.04840375300045707
1.8588418303745722,0.20553940270020404,-0.7641775901930904,20.10063495693341,0.021322919036432596,0.11995561265512561,0.5918540447950363,0.050028885998472106
1.8588418303745722,0.20553940270020404,-0.7641775901930904,20.129753840553892,0.021313751421859557,0.12019083108642253,0.5813366264104843,0.050089538999600336
1.8753922816508963,0.19690021233084595,-0.6999773289637353,20.16293131179997,0.02130825085311573,0.12031262878262133,0.6647031635046005,0.04991321399938897
1.8753922816508963,0.19690021233084595,-0.6999773289637353,20.19557177029862,0.02130495051186944,0.12048914530088384,0.6527882546186446,0.05000160200143
1.8802805450674056,0.19449647755964003,-0.6387245777852398,20.230455271864738,0.021302970307121662,0.12058094560033011,0.6973495155572891,0.05002298099861946
1.8802805450674056,0.19449647755964003,-0.6387245777852398,20.264727161914635,0.021301782184272998,0.12074282061413483,0.6858687460422516,0.04996858400045312
1.8802805450674056,0.19449647755964003,-0.6387245777852398,20.299937101424696,0.021301069310563796,0.12093825275513861,0.6748545616865158,0.05217411500052549
1.8839005853435948,0.19247840376408415,-0.5816506568552391,20.33449282975902,0.02130064158633828,0.12107945641764006,0.7195859789848327,0.0480216809992271
1.8839005853435948,0.19247840376408415,-0.5816506568552391,20.36983200004483,0.02130038495180297,0.12126736617617608,0.7093853175640106,0.04981660799967358
1.8840496412582461,0.19250312109152085,-0.5123753353533517,20.407913301181242,0.02130023097108178,0.12146244273503304,0.7599478602409362,0.050110413001675624
1.8840496412582461,0.19250312109152085,-0.5123753353533517,20.44526624172348,0.021300138582649068,0.12169123307418633,0.748870313167572,0.04987905099915224
1.8840496412582461,0.19250312109152085,-0.5123753353533517,20.48219903467105,0.021300083149589442,0.12193745264739878,0.7381424218416214,0.050034779000270646
1.891616658878359,0.1927119262919501,-0.4443425189596604,20.52393699842972,0.021300049889753665,0.12199693137008599,0.8106222361326217,0.051488796998455655
1.891616658878359,0.1927119262919501,-0.4443425189596604,20.562626205910327,0.0213000299338522,0.1221618867731014,0.7980220586061477,0.04848137600129121
1.891616658878359,0.1927119262919501,-0.4443425189596604,20.604739741539237,0.02130001796031132,0.12238586287593359,0.7865568608045578,0.05354162900039228
1.8999839545638335,0.19235311796582227,-0.37514299390804867,20.644410840278013,0.02130001077618679,0.12255935872134874,0.8539913266897201,0.046453749000647804
1.8999839545638335,0.19235311796582227,-0.37514299390804867,20.689746514857898,0.021300006465712073,0.12277963044963663,0.8462514489889145,0.053572344997519394
1.9120483610585206,0.186918258362113,-0.31084002515481596,20.730664264551734,0.021300003879427244,0.12300797630979052,0.8813070565462112,0.04642848300136393
1.9120483610585206,0.186918258362113,-0.31084002515481596,20.776729193948643,0.021300002327656345,0.12319091754933256,0.8768379747867584,0.052535281000018585
1.9120483610585206,0.186918258362113,-0.31084002515481596,20.818120141171516,0.021300001396593805,0.1233524000512365,0.8718064993619918,0.04747721799867577
1.9242790364095126,0.18835079384444306,-0.2494192334716223,20.862827480059863,0.02130000083795628,0.12335511898200532,0.8943275570869446,0.04998989300293033
1.9242790364095126,0.18835079384444306,-0.2494192334716223,20.907343791506438,0.021300000502773767,0.12339179548740876,0.890613505244255,0.04998387199884746
1.9267428428346347,0.1896914203602736,-0.17714830258356745,20.952392797067883,0.021788233908479598,0.12337039728832538,0.90292150080204,0.049892494000232546
1.9267428428346347,0.1896914203602736,-0.17714830258356745,20.99754270920047,0.02244995015410494,0.12333557617588219,0.900969997048378,0.0501125589980802
1.9267428428346347,0.1896914203602736,-0.17714830258356745,21.04291174429472,0.02322027508943028,0.12329082496120558,0.8989271014928817,0.0504702050020569
1.9314260275324455,0.19157617105921976,-0.10659152702669916,21.08821494265554,0.025056461778454463,0.1231771755644919,0.9137867629528045,0.04957742899932782
1.9314260275324455,0.19157617105921976,-0.10659152702669916,21.136250112525268,0.02652448438833504,0.12308943798716315,0.9117440372705459,0.05268492899995181
1.9314260275324455,0.19157617105921976,-0.10659152702669916,21.180644954369676,0.02778128423232048,0.1230173237954107,0.9095669418573379,0.04880876799870748
1.9296176718621125,0.19447473785712432,-0.04480566556031121,21.225309092894356,0.03037235586606389,0.12285108851400178,0.9214266985654831,0.0484728070005076
1.9296176718621125,0.19447473785712432,-0.04480566556031121,21.271313883188565,0.032263762466686524,0.12274546317462422,0.9200565010309218,0.0500021360021492
1.9324319155336402,0.19776307728881826,0.012268321391291264,21.321334101300742,0.03489877332006547,0.12255495603206334,0.9330597311258315,0.0536088059998292
1.9324319155336402,0.19776307728881826,0.012268321391291264,21.364546423998384,0.036843893699375706,0.1224395979364072,0.9316481411457062,0.04638266400070279
1.9324319155336402,0.19776307728881826,0.012268321391291264,21.411564531975294,0.03832218937428469,0.12237700396295516,0.9304625958204269,0.05053196999870124
1.9367853968459467,0.19895626142440132,0.07411517711339335,21.458300684372457,0.04083015532703206,0.12221943481872158,0.9428076803684234,0.049571247000130825
1.9367853968459467,0.19895626142440132,0.07411517711339335,21.50673394292997,0.04267707140094641,0.12213059630459354,0.9414686828851699,0.05144436499904259
1.9367853968459467,0.19895626142440132,0.07411517711339335,21.55225399773836,0.04413977081088187,0.1220831916717637,0.9400807619094849,0.04842143000132637
1.9682963506945204,0.20312346343287752,0.15743196675671908,21.5997784326889,0.044705781129050035,0.12198161637711218,0.95,0.05002572100056568
1.9682963506945204,0.20312346343287752,0.15743196675671908,21.64729164718584,0.0454686579031037,0.12192373726324851,0.95,0.05001390999677824
1.9775401254323905,0.23999633995373423,0.2432270936255821,21.694802380286554,0.04780849271549503,0.12109909327957998,0.95,0.05001129800075432
1.9775401254323905,0.23999633995373423,0.2432270936255821,21.742291878036767,0.04958286674936843,0.12049804611285905,0.95,0.049988945000222884
1.9775401254323905,0.23999633995373423,0.2432270936255821,21.789807104635756,0.051017795396567776,0.12003119995165099,0.95,0.0500160279989359
1.991433093680257,0.21484964614003985,0.29266970737062786,21.837288793387334,0.05178134953541839,0.1198632467387213,0.95,0.049980725001660176
1.991433093680257,0.21484964614003985,0.29266970737062786,21.884842837935786,0.05262895319201519,0.11967598608720861,0.95,0.050056888998369686
2.007822086686838,0.25171688601563746,0.3763274188441925,21.932686181239035,0.05224601139627677,0.115956451961926,0.95,0.05036141400341876
2.007822086686838,0.25171688601563746,0.3763274188441925,21.979779232586147,0.05247380679847468,0.11381208328576765,0.95,0.049571632996958215
2.007822086686838,0.25171688601563746,0.3763274188441925,22.028771644586516,0.05305682221652072,0.1126135792027228,0.95,0.05157096000039019
2.0134254591732663,0.25858878872825775,0.4434919674459138,22.074470665884228,0.04915777599573733,0.042462106090206675,0.9435720533132552,0.04843193600027007
2.0134254591732663,0.25858878872825775,0.4434919674459138,22.121713809418303,0.04685446295595527,-0.0041144194952137635,0.9439942449331283,0.05004600800020853
2.0209275423969357,0.26417322604121124,0.5150855696841414,22.166564092633052,0.04367804726038194,-0.04808912412831112,0.8980286985635757,0.04994304000138072
2.0209275423969357,0.26417322604121124,0.5150855696841414,22.21104694698969,0.04187000381990562,-0.07468222222631529,0.8892447799444199,0.05002318299739272
2.0209275423969357,0.26417322604121124,0.5150855696841414,22.255076283601642,0.04095021061923677,-0.09080699826422545,0.8808199733495712,0.049986760001047514
2.0149026052284853,0.23672457152175952,0.5857727295936664,22.30162803409298,0.0458515014220868,-0.08972659793581494,0.9300524652004242,0.05005282199999783
2.0149026052284853,0.23672457152175952,0.5857727295936664,22.347683806249982,0.04898561131772962,-0.09123841814449983,0.9211674153804779,0.04999717900136602
2.0149026052284853,0.23672457152175952,0.5857727295936664,22.396216774006668,0.0510242804993246,-0.09304335649163459,0.9074906378984451,0.05348040600074455
2.03434606315511,0.27907793380091545,0.6495511044261923,22.43229200518939,0.04310514379197681,-0.10367080053896269,0.7747174888849258,0.046565659999032505
2.03434606315511,0.27907793380091545,0.6495511044261923,22.470080922708792,0.03820990347060158,-0.11013880062824821,0.7571352124214172,0.049910394998732954
2.033949610496643,0.257950325416728,0.6821013050066231,22.509953191262948,0.03813870437856075,-0.11295060091451606,0.7983441948890686,0.04994370699932915
2.033949610496643,0.257950325416728,0.6821013050066231,22.549033790794883,0.0381671171064112,-0.11475315197250724,0.7795128405094146,0.05013464500007103
2.033949610496643,0.257950325416728,0.6821013050066231,22.58701362521491,0.03825389442890486,-0.11594786944354463,0.7610554337501525,0.04990416300279321
2.071518665228042,0.30467516487385315,0.6664785768731344,22.621955310369,0.03262751080423355,-0.11759651602724128,0.6989086121320724,0.04999464099819306
2.071518665228042,0.30467516487385315,0.6664785768731344,22.656248072453398,0.029305109189926147,-0.11847099364649613,0.6848303109407424,0.05007483100052923
2.0703413585241037,0.29422496855505315,0.6305546037104076,22.692813952807267,0.028076539103376007,-0.11928844154388524,0.7248169988393783,0.050448431000404526
2.0703413585241037,0.29422496855505315,0.6305546037104076,22.727910957955064,0.02738355711948105,-0.11966389000720273,0.7090655595064163,0.04949754599874723
2.0703413585241037,0.29422496855505315,0.6305546037104076,22.762568284505154,0.027007572506971528,-0.11977428186122471,0.6930794686079025,0.0500048380017688
2.0785203247577444,0.3040110819981218,0.586452125244587,22.798795028436178,0.026306857499544246,-0.11949779741873677,0.724366608262062,0.05001161499967566
2.0785203247577444,0.3040110819981218,0.586452125244587,22.83617959637978,0.025966030676999347,-0.11923137279099426,0.7118064075708389,0.05252069600101095
2.0785203247577444,0.3040110819981218,0.586452125244587,22.869400422243658,0.025943914246462974,-0.11896553857175231,0.7001242250204086,0.0474499019983341
2.0785203247577444,0.3040110819981218,0.586452125244587,22.90408279827594,0.02618167048210096,-0.11871517671971155,0.6900963813066482,0.050257292998139746
2.0785203247577444,0.3040110819981218,0.586452125244587,22.937895342531466,0.02658044967361803,-0.11847651823656936,0.6798417001962661,0.04973590800000238
2.0785203247577444,0.3040110819981218,0.586452125244587,22.973766539425053,0.02706941788380453,-0.11824711337266672,0.6698442071676254,0.0535515520023182
2.0904245931426333,0.3138746032056736,0.4616734123227407,23.00917107174431,0.02793055954566663,-0.117908249941935,0.7619438141584396,0.04646606700043776
2.0904245931426333,0.3138746032056736,0.4616734123227407,23.04717357558958,0.02873987444037834,-0.11760610976664415,0.7520199328660965,0.05053390499961097
2.0882483948580224,0.31518130835165437,0.38312301541402594,23.08689116203388,0.030473011450735565,-0.11752249621658438,0.8023824214935302,0.049499572000058834
2.0882483948580224,0.31518130835165437,0.38312301541402594,23.12928610287772,0.03181441933916082,-0.11738273276870795,0.7921389520168304,0.05351957599850721
2.0882483948580224,0.31518130835165437,0.38312301541402594,23.166800046730835,0.032937313264644566,-0.11720651372662394,0.7812846750020981,0.04801571700227214
2.0871841504375173,0.3141206355247434,0.3242437283791429,23.20669782187723,0.03461342993142392,-0.11715472688908105,0.8145100116729735,0.0489837749992148
2.0871841504375173,0.3141206355247434,0.3242437283791429,23.24649919478372,0.03591938777424208,-0.11703617424151137,0.8039575994014739,0.049506806000863435
2.0906623929883428,0.313085182890506,0.2574747939915046,23.28857729778773,0.037965461871965596,-0.11705108553398152,0.842049691081047,0.04997104499852867
2.0906623929883428,0.313085182890506,0.2574747939915046,23.33082269439521,0.03948556885835163,-0.11693934244053662,0.8344269126653671,0.050628036999114556
2.0906623929883428,0.313085182890506,0.2574747939915046,23.373701029703273,0.04070722154209991,-0.11679284120879829,0.8225329548120498,0.052129626001260476
2.085516293332724,0.3092084353878022,0.1972533110852266,23.414635934866723,0.04329101676601159,-0.11706540075112737,0.8674782991409301,0.047188390999508556
2.085516293332724,0.3092084353878022,0.1972533110852266,23.458116280563605,0.04510429081236117,-0.11706390313607071,0.8630571216344833,0.050379453001369257
2.093876431908866,0.30918057288825107,0.13033985352484107,23.502905430052305,0.04713804827281709,-0.11772757251442441,0.9021756440401076,0.04964570899755927
2.093876431908866,0.30918057288825107,0.13033985352484107,23.548206490087882,0.04868848005621955,-0.11799019980061631,0.8982699751853942,0.05043145300078322
2.093876431908866,0.30918057288825107,0.13033985352484107,23.592563796778546,0.04995807063394382,-0.1180283475376879,0.8946511656045913,0.049580561000766465
2.1063958306100288,0.31295189276219115,0.06904705488351746,23.63906284552651,0.05131391818412301,-0.11841064741955487,0.9270145654678345,0.0501599979979801
2.1063958306100288,0.31295189276219115,0.06904705488351746,23.685073392803343,0.05245858654432391,-0.1184180334254878,0.9226619601249695,0.049867177000123775
2.1063958306100288,0.31295189276219115,0.06904705488351746,23.73097886033097,0.053495932847576706,-0.11826691359548433,0.9186107099056243,0.04997271100000944
2.119698046162441,0.3141897504062835,0.0009392582583441007,23.778471024733655,0.055336185592602116,-0.11855012732904352,0.95,0.049991752002824796
2.119698046162441,0.3141897504062835,0.0009392582583441007,23.826134055181274,0.056820847927445434,-0.1185614285359454,0.95,0.05017161099749501
2.1344675886379165,0.313886886113944,-0.0701525599519439,23.87405593403214,0.05786797960931913,-0.11888401850996445,0.95,0.05044408300091163
2.1344675886379165,0.313886886113944,-0.0701525599519439,23.920963870283366,0.05885574114522252,-0.11892710891329068,0.95,0.04937677500129212
2.1344675886379165,0.313886886113944,-0.0701525599519439,23.9688783590816,0.05980896074891635,-0.11880188207008133,0.95,0.05043630399813992
2.148974326848324,0.31211077426136224,-0.1363593687493019,24.016063393234028,0.06106192969870894,-0.11828842294322067,0.95,0.04966845700255362
2.148974326848324,0.31211077426136224,-0.1363593687493019,24.063777825331954,0.06225586809869009,-0.11789649088446266,0.95,0.05022571799781872
2.1638058405455136,0.308883067541106,-0.2038085969240017,24.110858177082036,0.06118075393530964,-0.11397104596652964,0.95,0.049558265000086976
2.1638058405455136,0.308883067541106,-0.2038085969240017,24.15848274013383,0.06110491027172351,-0.11187094650005328,0.95,0.0501311190018896
2.1638058405455136,0.308883067541106,-0.2038085969240017,24.20601998488196,0.06163822167954411,-0.11086551309427635,0.95,0.05003920499802916
2.1743198646254616,0.30047409137946063,-0.27287144965312016,24.254910419132056,0.061151538573751246,-0.10365654325962671,0.95,0.051463615000102436
2.1743198646254616,0.30047409137946063,-0.27287144965312016,24.301451138582113,0.061484769751459,-0.09997609553623563,0.95,0.04899023100006161
2.1743198646254616,0.30047409137946063,-0.27287144965312016,24.348523324133883,0.06227484522451737,-0.09837416349582889,0.95,0.04954966900186264
2.1938030176278143,0.2956323845837484,-0.3419667040215014,24.395943180233143,0.06141410361641513,-0.09280981861789833,0.95,0.04991563799922005
2.1938030176278143,0.2956323845837484,-0.3419667040215014,24.44347446848292,0.06145446712323348,-0.09006319310212023,0.95,0.0500329349997628
2.212537583499309,0.29095420780799874,-0.4221394140751105,24.49081634098555,0.061087817755629534,-0.027494293844365397,0.9468549668788909,0.049999074999504955
2.212537583499309,0.29095420780799874,-0.4221394140751105,24.539716221517402,0.06135733843284245,0.006779364409647399,0.9488038092851638,0.051538453000830486
2.212537583499309,0.29095420780799874,-0.4221394140751105,24.585780865564914,0.06201270354054805,0.024120096437693844,0.95,0.04848909899737919
2.2241327651903617,0.28314801098515385,-0.495775807440928,24.633170305401467,0.06128996713317893,0.05193868999037815,0.9384537160396575,0.050497365002229344
2.2241327651903617,0.28314801098515385,-0.495775807440928,24.67984797083857,0.061264763494476446,0.06557222559662862,0.9384833306074142,0.049737340999854496
2.237530478282383,0.2717139408912666,-0.5632574289412526,24.727436800729624,0.056285214674559096,0.08706393214829089,0.9206640809774398,0.051689677999092964
2.237530478282383,0.2717139408912666,-0.5632574289412526,24.771855410635297,0.053876848490289966,0.09989266617755485,0.9246254682540893,0.048039569999673404
2.237530478282383,0.2717139408912666,-0.5632574289412526,24.81820547761697,0.05312018529847391,0.10733714475429292,0.9265054553747176,0.0500267610004812
2.237530478282383,0.2717139408912666,-0.5632574289412526,24.864498634844033,0.053660616852492855,0.11106583579895636,0.9261948704719543,0.04998209200130077
2.262297577738843,0.2572744496676085,-0.6348069781905772,24.90802051432561,0.049604309545547225,0.1138822239906653,0.8697999566793442,0.050036653999995906
2.262297577738843,0.2572744496676085,-0.6348069781905772,24.95454261597959,0.04761645266210464,0.11567724241441872,0.8697221547365188,0.05349076299899025
2.2870985383750764,0.23613869144254054,-0.6745936111530798,24.99668752529239,0.042278669409724634,0.11570318754688733,0.842137685418129,0.05004515299879131
2.2870985383750764,0.23613869144254054,-0.6745936111530798,25.03572225045182,0.039524359245760775,0.11580421099767585,0.8407742828130722,0.046427116001723334
2.311573331854854,0.21390790549134928,-0.6728090338150657,25.078914474469624,0.03493424257019969,0.11577975970331131,0.8485280901193618,0.05090252700028941
2.311573331854854,0.21390790549134928,-0.6728090338150657,25.120483205380847,0.03260275119769461,0.1158283532966572,0.8464474260807037,0.049109642997791525
2.311573331854854,0.21390790549134928,-0.6728090338150657,25.162762130502585,0.03160759737627439,0.11592316277679192,0.8445157974958419,0.05006291800236795
2.3305806702882954,0.20101228528273757,-0.6330372856863173,25.205746627177827,0.028086595776896074,0.11609885959539643,0.8623381048440932,0.04984645399963483
2.3305806702882954,0.20101228528273757,-0.6330372856863173,25.24881683893963,0.02639228614760661,0.116272730044805,0.860367801785469,0.05006023199894116
2.3305806702882954,0.20101228528273757,-0.6330372856863173,25.291843631710975,0.02579593505020871,0.11644263172881782,0.8584112018346786,0.05012375500155031
2.3451043618784126,0.1926271918686976,-0.5731903521649886,25.335535005023313,0.023997561030125226,0.1166164654775678,0.8756594508886337,0.049895394000486704
2.3451043618784126,0.1926271918686976,-0.5731903521649886,25.379245950897122,0.023237219925246,0.11678104748035782,0.8734810531139373,0.05004223699870636
2.358555482316929,0.1882391460426703,-0.5049642454295853,25.423797684290722,0.022462331955147602,0.1171998164040167,0.8926235020160674,0.049911001999134896
2.358555482316929,0.1882391460426703,-0.5049642454295853,25.468424651059003,0.021997399173088558,0.11750179654254429,0.891084337234497,0.050081641998986015
2.358555482316929,0.1882391460426703,-0.5049642454295853,25.516317670997314,0.021718439503853132,0.11773223951991743,0.889506271481514,0.05384225100351614
2.375104774073786,0.18295797970137698,-0.4291159084891872,25.55942505305409,0.0238051312830118,0.1189638094635984,0.9347672402858733,0.046115631997963646
2.375104774073786,0.18295797970137698,-0.4291159084891872,25.606320049524705,0.025474089423779708,0.11963804701162462,0.9323563992977142,0.050297286001296015
2.3868029428715074,0.17721507480802615,-0.35878350629260786,25.653185736762616,0.02517563214299921,0.12031074368472745,0.9457098513841629,0.04955609500029823
2.3868029428715074,0.17721507480802615,-0.35878350629260786,25.70047200397177,0.02547064292668011,0.12064355375478178,0.9430008262395858,0.050144459997682134
2.3868029428715074,0.17721507480802615,-0.35878350629260786,25.74750276515748,0.026110504497520365,0.12077067710226481,0.9403249830007553,0.05001543300022604
2.3940854165661007,0.1763942353340258,-0.29589889528928637,25.794970198564428,0.025980667310614727,0.12086608181754174,0.9469222366809844,0.05012812200220651
2.3940854165661007,0.1763942353340258,-0.29589889528928637,25.842182456090836,0.026314308844601716,0.12086961847757949,0.9447530686855315,0.049973118999332655
2.3940854165661007,0.1763942353340258,-0.29589889528928637,25.88921696525001,0.026899846555349594,0.12082155336270126,0.9426989048719405,0.04989345899957698
2.394380511958108,0.17750363454397028,-0.2287103672346126,25.936572444051315,0.027724426008199077,0.12085198038416739,0.9469399601221085,0.050008956000965554
2.394380511958108,0.17750363454397028,-0.2287103672346126,25.98383757538024,0.028605892549118057,0.12082008524893305,0.9448814362287521,0.0500222880000365
2.391855222276143,0.17902874662557888,-0.1599576748113518,26.031012405655073,0.0310639904082779,0.12079433443640816,0.9446005791425705,0.04994156399698113
2.391855222276143,0.17902874662557888,-0.1599576748113518,26.078201876940444,0.03300876862650895,0.12074027682837933,0.9428075104951859,0.05005207400245126
2.391855222276143,0.17902874662557888,-0.1599576748113518,26.126768986044663,0.03465923367050757,0.12068656102119142,0.9413379937410354,0.051593698997749016
2.383437582595552,0.1849141517792053,-0.10232534109828677,26.172161310018748,0.0382993755823819,0.12046740183411989,0.9353282183408737,0.048530904001381714
2.383437582595552,0.1849141517792053,-0.10232534109828677,26.21873908608027,0.041037467306044594,0.1202921326707539,0.9335060447454452,0.04989552700135391
2.383437582595552,0.1849141517792053,-0.10232534109828677,26.265328043590877,0.04324878393720799,0.12014206741754635,0.9316367030143737,0.05000764499709476
2.3761092411976303,0.19006761864837218,-0.03375352185559142,26.311735363634863,0.04617440688080319,0.11976772841515793,0.9290556490421294,0.049951066001085564
2.3761092411976303,0.19006761864837218,-0.03375352185559142,26.358103351246914,0.04850073806921678,0.11949984488906057,0.9271834760904312,0.05000950600151555
2.3715103771847894,0.19266374443255188,0.032215409920699815,26.403667601033543,0.05337930949020408,0.11887274657500738,0.9117027014493941,0.04997709199960809
2.3715103771847894,0.19266374443255188,0.032215409920699815,26.44915307576902,0.056836932608413826,0.11847913786657424,0.9092986553907394,0.05002259100001538
2.3719200328144936,0.19413823612334696,0.10188755536143058,26.494182153897054,0.060725491827087474,0.11797332599692209,0.903426307439804,0.049842558000818826
2.3719200328144936,0.19413823612334696,0.10188755536143058,26.53934128483862,0.06360287069401555,0.11764315983612933,0.9006789475679398,0.050138987997343065
2.3719200328144936,0.19413823612334696,0.10188755536143058,26.58433808839335,0.06591584252787477,0.11741429699039219,0.8975909352302551,0.05013063500155113
2.378484017109475,0.19699612868857266,0.16630237593975722,26.62917770262989,0.06787313561125306,0.11708744843349311,0.8985235959291458,0.049903658000403084
2.378484017109475,0.19699612868857266,0.16630237593975722,26.67401755767997,0.0696328161983711,0.11685931968418034,0.8953980416059494,0.050078124997526174
2.378484017109475,0.19699612868857266,0.16630237593975722,26.718638137761218,0.07129249339276686,0.11665558509664102,0.8934886664152145,0.04993972700322047
2.3903926181691473,0.19926089685983217,0.24082616895886438,26.76563846219722,0.07299660733326754,0.1157712631978772,0.9037026911973953,0.05200861399862333
2.3903926181691473,0.19926089685983217,0.24082616895886438,26.80903756881739,0.07429003972401906,0.1145365103219856,0.9032314628362655,0.04804870999942068
2.3903926181691473,0.19926089685983217,0.24082616895886438,26.854039699133388,0.07513859819525891,0.11302741194575483,0.9017123430967331,0.04990741300207446
2.4000807560372595,0.2020921625990812,0.3033924827180605,26.898297230128996,0.07577032238933094,0.09917576447015676,0.8868326932191848,0.04990516399993794
2.4000807560372595,0.2020921625990812,0.3033924827180605,26.94242285685487,0.07627377313788324,0.08678396245769067,0.8810330510139465,0.05008396299672313
2.4188670960067284,0.21016808857294844,0.3792966362756352,26.986840103945617,0.07606039716253035,0.0779168576057637,0.883243328332901,0.05028880000099889
2.4188670960067284,0.21016808857294844,0.3792966362756352,27.030370352488088,0.07600887354284139,0.06851611078118588,0.875680062174797,0.04971022000245284
2.4188670960067284,0.21016808857294844,0.3792966362756352,27.073452762450444,0.07604049060386188,0.019845818223567638,0.8616278648376464,0.05000117999952636
2.4399445875607637,0.2203177423923279,0.44988972163976465,27.114739375642984,0.07354065164114099,-0.019175568376772506,0.8259322881698608,0.049987890997726936
2.4399445875607637,0.2203177423923279,0.44988972163976465,27.15719912343707,0.07218873264899886,-0.04373272010969693,0.8082581669092178,0.052532408000843134
2.4651503439618523,0.23634705963026126,0.5418107247951257,27.193334558842718,0.06586948002881429,-0.07062697737984404,0.761091560125351,0.047478434000368
2.4651503439618523,0.23634705963026126,0.5418107247951257,27.230736587426644,0.06225164130632056,-0.0870461006735119,0.747647339105606,0.0500262979985564
2.4651503439618523,0.23634705963026126,0.5418107247951257,27.269292397409078,0.06026075837197288,-0.09713106750096993,0.7342319965362548,0.052511754001898225
2.4909810629258424,0.2555347891739062,0.6169359120932365,27.301689090506922,0.05425232480277052,-0.10640608429101775,0.682520204782486,0.04746627699933015
2.4909810629258424,0.2555347891739062,0.6169359120932365,27.335546540499408,0.05077606117909807,-0.11204671835415167,0.6704227954149246,0.05050163900159532
2.4909810629258424,0.2555347891739062,0.6169359120932365,27.368118546481195,0.04882490865102802,-0.11551013931937576,0.6577803194522858,0.049518060997797875
2.5142549801200578,0.27603484605583833,0.6683648365163067,27.400616124561235,0.04355160958594915,-0.118022764595196,0.6492010980844497,0.05005779900238849
2.5142549801200578,0.27603484605583833,0.6683648365163067,27.432626468753803,0.04060559953467153,-0.11946226887216888,0.6379963159561157,0.05017324299842585
2.5496300576649364,0.302733536888973,0.6986127930650671,27.46405461387295,0.03478427267203392,-0.11963867027944756,0.6329689741134643,0.0496519519983849
2.5496300576649364,0.302733536888973,0.6986127930650671,27.495222405530633,0.0313683167465309,-0.11968511390320322,0.6219522982835769,0.05011283299973002
2.5496300576649364,0.302733536888973,0.6986127930650671,27.527019399620624,0.029394953421818,-0.11965407161493219,0.6110266745090485,0.05203863499991712
2.5728461703250765,0.32048231638260655,0.694914640701579,27.558078578727915,0.02733163471345114,-0.11958227413045834,0.6480802744626999,0.04792489500323427
2.5728461703250765,0.32048231638260655,0.694914640701579,27.59155357869171,0.026169586392188117,-0.11948049221722763,0.6371927589178085,0.052535122998961015
2.593445929989272,0.3399957543629982,0.6594801805679045,27.625620741926273,0.02422175183531287,-0.11917534681730557,0.7180121600627899,0.047446499000216136
2.593445929989272,0.3399957543629982,0.6594801805679045,27.660815726693468,0.023053051101187723,-0.11890617616518193,0.7035350531339645,0.05002591499942355
2.593445929989272,0.3399957543629982,0.6594801805679045,27.695274900215978,0.022351830660712634,-0.11866972450938137,0.6883919298648834,0.05005749200063292
2.6124918101607584,0.3545961068268557,0.6116852492102368,27.731021413871005,0.02193109839642758,-0.11894153120831438,0.7157005816698074,0.049946184997679666
2.6124918101607584,0.3545961068268557,0.6116852492102368,27.76623933502738,0.021678659037856547,-0.1191678700608956,0.7047376424074173,0.049973095003224444
2.6124918101607584,0.3545961068268557,0.6116852492102368,27.800903274161943,0.021527195422713925,-0.11936636076944751,0.6928439676761627,0.05003137899984722
2.6214562924928524,0.36223415905274814,0.5563824376842792,27.838868222612106,0.021436317253628354,-0.11940330568896343,0.7594628155231475,0.049989212999207666
2.6214562924928524,0.36223415905274814,0.5563824376842792,27.87627823918319,0.021381790352177014,-0.11949426593748695,0.746433538198471,0.05011834899778478
2.6214562924928524,0.36223415905274814,0.5563824376842792,27.912916231616236,0.021349074211306208,-0.11961697019557933,0.7336522191762924,0.04993918300169753
2.6214562924928524,0.36223415905274814,0.5563824376842792,27.948925759519298,0.021329444526783724,-0.11976133392703997,0.7212442815303802,0.04992695100008859
2.6214562924928524,0.36223415905274814,0.5563824376842792,27.98442929106558,0.021401582049818096,-0.11991951827080528,0.7090673714876174,0.050070745000994066
2.6295745278579425,0.3703614242780751,0.45049577031418137,28.024400927760556,0.021360949229890857,-0.12033927180690455,0.8003261059522628,0.04994418699789094
2.6295745278579425,0.3703614242780751,0.45049577031418137,28.063688036022178,0.021465754152354452,-0.12067163311435514,0.7856446981430053,0.050006203000521054
2.6246358109041714,0.3626228920745695,0.3891431211251538,28.105238669242308,0.022513397479663404,-0.12097825481291849,0.8235946625471114,0.05045034300201223
2.6246358109041714,0.3626228920745695,0.3891431211251538,28.1454454814175,0.023518934842711753,-0.12120363875506066,0.81138876080513,0.049553079999896
2.6246358109041714,0.3626228920745695,0.3891431211251538,28.185440540488614,0.02448345842764739,-0.12136047938035574,0.7998883992433548,0.05000079899764387
2.622094188413397,0.36271573117514905,0.3228291669290867,28.226535029259203,0.026935115115678095,-0.12142094289402156,0.8217445731163024,0.05000883500179043
2.622094188413397,0.36271573117514905,0.3228291669290867,28.26704927671569,0.028733303998014798,-0.12148440787279599,0.8105433017015456,0.04998406300001079
2.622094188413397,0.36271573117514905,0.3228291669290867,28.307454650558704,0.030134093555272502,-0.12154951875855918,0.7995457649230957,0.050535410999145824
2.6191286345005906,0.3620357470757345,0.26180384362626935,28.349759253761338,0.0325377694621449,-0.12122011652857301,0.8552183210849762,0.049466437001683516
2.6191286345005906,0.3620357470757345,0.26180384362626935,28.39195388457791,0.03431627409784587,-0.12104934973281763,0.8438663721084594,0.050001554998743813
2.622914478427603,0.3621488966343971,0.20565512213878234,28.437427217156117,0.03647851727681513,-0.12088515593267765,0.8822808265686035,0.051540656000724994
2.622914478427603,0.3621488966343971,0.20565512213878234,28.479620118278078,0.038176798416835994,-0.12080995937381557,0.8703156352043151,0.048479998997208895
2.622914478427603,0.3621488966343971,0.20565512213878234,28.523013208997977,0.039586574908294044,-0.12078818976994973,0.858527848124504,0.050543602999823634
2.6229388612232705,0.3587753642699687,0.14705342639120692,28.567303705366424,0.04169554226171837,-0.12070304453442468,0.8976235508918762,0.04934195000168984
2.6229388612232705,0.3587753642699687,0.14705342639120692,28.61164428876092,0.043371159330438766,-0.12067648351234182,0.8852499276399612,0.05008820900184219
2.6229388612232705,0.3587753642699687,0.14705342639120692,28.659238803372485,0.04478722804512453,-0.12068508732343902,0.8728620916604996,0.054526957999769365
2.6306922179130137,0.3604020748473994,0.0746231521391023,28.701208591339746,0.046081756912028024,-0.12068083684459442,0.9213203579187392,0.04555395699935616
2.6306922179130137,0.3604020748473994,0.0746231521391023,28.74838701874795,0.04730101869246675,-0.12067149639615485,0.916818943619728,0.05145882699798676
2.6320884886609472,0.36289487131156867,-4.72625934082754e-05,28.793339851263674,0.049582639013179025,-0.1207565937071387,0.9276155203580856,0.04846063000150025
2.6320884886609472,0.36289487131156867,-4.72625934082754e-05,28.839409021607004,0.05137044028904908,-0.12079734049018287,0.9212384223937988,0.05000786899836385
2.6320884886609472,0.36289487131156867,-4.72625934082754e-05,28.885165784142348,0.052873069384496645,-0.12081319118604697,0.9147134214639663,0.05002305800007889
2.6438918797484643,0.3610269936033441,-0.06123090431968721,28.93263933244017,0.054077076398611805,-0.12045038715044043,0.9448040872812271,0.05024697599947103
2.6438918797484643,0.3610269936033441,-0.06123090431968721,28.979446311202473,0.05519607429699942,-0.1202097545566522,0.941525363922119,0.049713986001734156
2.6465971003689166,0.35929975794896213,-0.1363356428517309,29.026919112703425,0.05778631404040363,-0.11952801051749962,0.95,0.04997137000100338
2.6465971003689166,0.35929975794896213,-0.1363356428517309,29.07445577320125,0.06173103389142816,-0.11910762252220021,0.95,0.050038589997711824
2.6465971003689166,0.35929975794896213,-0.1363356428517309,29.121976741603454,0.0644321545183591,-0.11885236657743756,0.95,0.05002207200232078
2.653956358421228,0.357652671141085,-0.19967753655210543,29.16943587260123,0.06681207693934035,-0.11863871668031874,0.95,0.0499569799976598
2.653956358421228,0.357652671141085,-0.19967753655210543,29.216960684703395,0.06856608854126688,-0.11850442799479402,0.95,0.05002611800227896
2.6720913806768056,0.35809153784286,-0.2658442932981736,29.26432523845126,0.06925644508833739,-0.11828613229126117,0.95,0.049857424997753697
2.6720913806768056,0.35809153784286,-0.2658442932981736,29.313409451802386,0.07005141146084698,-0.11817688672262656,0.95,0.05166759300118429
2.6720913806768056,0.35809153784286,-0.2658442932981736,29.35959962315212,0.07092296103895326,-0.11813385801624195,0.95,0.04862123299972154
2.684483994301182,0.3535006026593721,-0.3230728113534122,29.406952222101996,0.0714132800117768,-0.11779655407137235,0.95,0.0498448409998673
2.684483994301182,0.3535006026593721,-0.3230728113534122,29.45449884240336,0.07205301263425572,-0.11751580351749992,0.95,0.050049074001435656
2.684483994301182,0.3535006026593721,-0.3230728113534122,29.504381346452853,0.07279676555689468,-0.1173049909720417,0.95,0.0525078989994654
2.6965747155391435,0.34733788705308305,-0.39425932801521935,29.549960774202034,0.07315539299903091,-0.11637414353189444,0.95,0.047978344999137335
2.6965747155391435,0.34733788705308305,-0.39425932801521935,29.596961490303173,0.07377951287900077,-0.11579339061437592,0.95,0.049474438001197996
2.6965747155391435,0.34733788705308305,-0.39425932801521935,29.644462082152703,0.07459153916641871,-0.11543129416858283,0.95,0.05000062299950514
2.720975124007244,0.33656059726404036,-0.47951390137493666,29.692007853153545,0.07296149543645858,-0.11277386505934672,0.95,0.05004818000088562
2.720975124007244,0.33656059726404036,-0.47951390137493666,29.73946750190319,0.0724735621912651,-0.11111379956920789,0.95,0.04995752499962691
2.73591726416989,0.324951197722039,-0.5653175310153592,29.78935686115276,0.07110146667381363,-0.10571330365967659,0.95,0.05251511499955086
2.73591726416989,0.324951197722039,-0.5653175310153592,29.834457998103815,0.07078746310365341,-0.10252204643149321,0.95,0.04747488100110786
2.7501109236642236,0.3146027445592924,-0.6434084250292433,29.884642298151654,0.06959630174334135,-0.09394468132531134,0.95,0.05282557899772655
2.7501109236642236,0.3146027445592924,-0.6434084250292433,29.92944725170203,0.06938545014199785,-0.08904108920023135,0.95,0.04716310900039389
2.7501109236642236,0.3146027445592924,-0.6434084250292433,29.976959062100857,0.06970804825864536,-0.0863078744311648,0.95,0.05001243199876626
2.7747747197099124,0.29603692287599576,-0.7261578227292206,30.024365706553752,0.06780607471133651,-0.01317494935390457,0.95,0.049901731003046734
2.7747747197099124,0.29603692287599576,-0.7261578227292206,30.071956695652467,0.06722813039580214,0.02884788735749063,0.95,0.05009577799864928
2.7747747197099124,0.29603692287599576,-0.7261578227292206,30.11949088298348,0.0674427873465969,0.05214226260210119,0.9498390167951584,0.05004446699967957
2.794941877606757,0.28026110773861235,-0.8032990127013636,30.165254589148,0.060934461449000464,0.0794829107190671,0.9158824890851974,0.049966787999437656
2.794941877606757,0.28026110773861235,-0.8032990127013636,30.211250389922547,0.057506707843788404,0.09580108743104353,0.9201687306165695,0.04998626800079364
2.8106407103012057,0.26074723909280084,-0.87227172091456,30.258366549940096,0.05306123783388611,0.10495851767774234,0.8801892340183257,0.053529580000031274
2.8106407103012057,0.26074723909280084,-0.87227172091456,30.29925795832408,0.050809042335741975,0.11052055557200796,0.880167207121849,0.04645868200168479
2.8106407103012057,0.26074723909280084,-0.87227172091456,30.343284837742832,0.0498229485042055,0.11391790032165935,0.8800729274749756,0.05002639899976202
2.819854301135769,0.24592347626424602,-0.9204405034519315,30.386014109072757,0.04796288140339611,0.11536509108410889,0.8549598306417465,0.049978103998000734
2.819854301135769,0.24592347626424602,-0.9204405034519315,30.42890408107419,0.047204109118717655,0.1162968368045486,0.8548498660326004,0.05017252000106964
2.819854301135769,0.24592347626424602,-0.9204405034519315,30.471492635109573,0.047059590331517305,0.116916707200527,0.8545600056648254,0.04983682099918951
2.836910168276069,0.2229282033961507,-0.9456686009784644,30.51266609052226,0.0442712376784102,0.1163493103043555,0.8225724220275878,0.05005450500175357
2.836910168276069,0.2229282033961507,-0.9456686009784644,30.55364479512631,0.04286774189894294,0.11602862514593117,0.8201945364475249,0.04996217699954286
2.856222344477469,0.19653265244236062,-0.9252201503350217,30.594933368534637,0.03867095381990013,0.11557479761563487,0.8246783405542373,0.05006627599868807
2.856222344477469,0.19653265244236062,-0.9252201503350217,30.635972155728627,0.0363865525184568,0.11530594386173931,0.8218242436647415,0.049936209001316456
2.856222344477469,0.19653265244236062,-0.9252201503350217,30.676915482690998,0.035246833304077164,0.1151483175606349,0.819035604596138,0.049989678998827
2.866442604719871,0.179369240602775,-0.8845391648377495,30.718615012799507,0.03260656686992036,0.11522128089969272,0.8333649784326553,0.050037535998853855
2.866442604719871,0.179369240602775,-0.8845391648377495,30.760122740712255,0.031235679580989998,0.11526534023705075,0.8304041445255279,0.04998497199994745
2.879919155820694,0.16529610994668764,-0.843879358916684,30.802247127337914,0.028302271005048465,0.11541448511375754,0.8449633568525314,0.049853507000079844
2.879919155820694,0.16529610994668764,-0.843879358916684,30.84444968314172,0.026779401324113675,0.11550562189634901,0.8419204175472259,0.05012653800076805
2.879919155820694,0.16529610994668764,-0.843879358916684,30.886396365996852,0.026092331601333896,0.11556036833892025,0.8388145118951797,0.05000710199965397
2.890230069630289,0.1513563144914367,-0.7851832778841277,30.929308287411303,0.024175398960800336,0.11573258855324839,0.8526349455118178,0.05032859800121514
2.890230069630289,0.1513563144914367,-0.7851832778841277,30.97153543010957,0.023027599880153755,0.11584924351204548,0.8497717887163162,0.049692332999256905
2.890230069630289,0.1513563144914367,-0.7851832778841277,31.013863839040525,0.0226369968229859,0.11593235666173168,0.846954271197319,0.04997720699975616
2.906094704177673,0.13470016261377296,-0.7216976044920852,31.05700751100179,0.02210219809379154,0.1161864252961723,0.8631801098585128,0.04998223599977791
2.906094704177673,0.13470016261377296,-0.7216976044920852,31.100081269739167,0.021781318856274923,0.1163243491695552,0.8606523394584655,0.05004780300077982
2.927708331489226,0.12035301281523099,-0.6524569771451092,31.144119654886328,0.021588791313764955,0.11679577822960788,0.8815724551677704,0.04995435700038797
2.927708331489226,0.12035301281523099,-0.6524569771451092,31.188066391169198,0.021473274788258973,0.11706133362935407,0.8790383994579315,0.049994102999335155
2.927708331489226,0.12035301281523099,-0.6524569771451092,31.2319181253851,0.021403964872955383,0.1172060994940187,0.8765336751937866,0.05002857900035451
2.943085213428116,0.10981498659490305,-0.5941657232779514,31.27662106415496,0.02136237892377323,0.11755296639425668,0.8943127781152724,0.04998579899984179
2.943085213428116,0.10981498659490305,-0.5941657232779514,31.32119552693019,0.021337427354263937,0.11774428517713018,0.8916543185710907,0.049990743998932885
2.943085213428116,0.10981498659490305,-0.5941657232779514,31.368797949047636,0.02132245641255836,0.11784482616838138,0.8889602988958358,0.053548423002212076
2.9586065432340245,0.10502692513430645,-0.5320574636047012,31.41076349108048,0.021313473847535014,0.11797026764545632,0.903219684958458,0.04646216499895672
2.9586065432340245,0.10502692513430645,-0.5320574636047012,31.455789061787016,0.021308084308521005,0.11802786809917563,0.9006130933761596,0.04999435499848914
2.965984189435376,0.10632967362135412,-0.4768010854365794,31.50118978270371,0.021304850585112604,0.11808770550916359,0.9080717176198959,0.04999684500216972
2.965984189435376,0.10632967362135412,-0.4768010854365794,31.54674194417059,0.02130291035106756,0.11809414657133677,0.9051657527685165,0.050324662999628345
2.9656305833248315,0.10650866311860803,-0.4255630260766599,31.593216673031936,0.021301746210640536,0.11803492803679619,0.9087920933961868,0.05113901100048679
2.9656305833248315,0.10650866311860803,-0.4255630260766599,31.63720348437356,0.02130104772638432,0.11798519670550056,0.9062505066394806,0.04853714400087483
2.9656305833248315,0.10650866311860803,-0.4255630260766599,31.682451409648174,0.02130062863583059,0.11794727551689164,0.9041764110326767,0.050043248997099
2.9656305833248315,0.10650866311860803,-0.4255630260766599,31.727491714491862,0.021300377181498353,0.11791665975898753,0.9020477294921875,0.04993117699996219
2.9656305833248315,0.10650866311860803,-0.4255630260766599,31.772524632804668,0.02130022630889901,0.11789664760023505,0.9002124190330505,0.05002476899971953
2.9656305833248315,0.10650866311860803,-0.4255630260766599,31.817446927754784,0.021300135785339402,0.11788424453014226,0.8984524756669998,0.04999963400041452
2.9688709135850204,0.1079421713627466,-0.32331239936918255,31.86291888670481,0.02130008147120364,0.11794702411218937,0.9093987107276916,0.05000222500166274
2.9688709135850204,0.1079421713627466,-0.32331239936918255,31.908276530653918,0.021300048882722182,0.11798171878173622,0.9072125554084778,0.04999671100085834
2.9688709135850204,0.1079421713627466,-0.32331239936918255,31.955618300638967,0.02130002932963331,0.11799956488796873,0.9050322324037552,0.05230948499956867
2.9605533708899423,0.11245273313582123,-0.2659656947232915,31.998785154421697,0.02156050501595473,0.11806507544630052,0.9053599745035171,0.04767921600068803
2.9605533708899423,0.11245273313582123,-0.2659656947232915,32.04395777514557,0.022139901389661647,0.11811342261381912,0.9035284012556075,0.04999579499781248
2.9605533708899423,0.11245273313582123,-0.2659656947232915,32.08906312751146,0.022928083759536276,0.11814818157045823,0.9015379965305328,0.05003156000020681
2.958759503863399,0.116308102098887,-0.1994231142618417,32.134419711629235,0.025300743175739007,0.11822791679673661,0.9057706713676452,0.05007512999873143
2.958759503863399,0.116308102098887,-0.1994231142618417,32.17949401861133,0.02716017841887114,0.11830773940070433,0.9032563775777817,0.049902008002391085
2.9530857515799687,0.1257052794375359,-0.13532479849104595,32.224671904259324,0.030453531978080494,0.11849662655820824,0.9030578523874282,0.05002767599944491
2.9530857515799687,0.1257052794375359,-0.13532479849104595,32.26968346666647,0.03287461074444641,0.11863973494905458,0.9005796283483505,0.049980658001004485
2.9472323847497166,0.13006520538959995,-0.08003911018049685,32.3174902525312,0.039949796809273894,0.11948952410541908,0.9294182151556014,0.051437324000289664
2.9472323847497166,0.13006520538959995,-0.08003911018049685,32.36252098303482,0.04468931198925849,0.11998213847829661,0.9273604840040206,0.048557956997683505
2.9472323847497166,0.13006520538959995,-0.08003911018049685,32.408802749067064,0.04800534654147075,0.12029654216977216,0.9255085259675979,0.05000685000049998
2.951620696750349,0.13255766850056297,-0.014990152609385195,32.45486466986679,0.051741062453309575,0.12035250682957324,0.9213211506605148,0.049995509998552734
2.951620696750349,0.13255766850056297,-0.014990152609385195,32.50094028939316,0.054504239589524196,0.12039302360610576,0.9191361844539642,0.05012926300332765
2.951620696750349,0.13255766850056297,-0.014990152609385195,32.54666241552549,0.05668406547936912,0.1204242764210487,0.9169508785009384,0.04986322299737367
2.946766032716878,0.1384704902715342,0.04416844094942195,32.5924738157035,0.059644869934517834,0.12015796532009748,0.9134531885385513,0.05015188600009424
2.946766032716878,0.1384704902715342,0.04416844094942195,32.637975396242744,0.06200048945605677,0.11999187248810952,0.9107712298631667,0.04995939600121346
2.9542164017945782,0.14007054101860333,0.11426580914839186,32.6834782101299,0.06438300074493838,0.11963650332608716,0.9124316841363906,0.049869831000251
2.9542164017945782,0.14007054101860333,0.11426580914839186,32.72903041922242,0.06639976025435897,0.11941186873149214,0.9096265107393264,0.050077926000085426
2.9542164017945782,0.14007054101860333,0.11426580914839186,32.77432271787624,0.06819771028049929,0.1192656796457251,0.9068183362483978,0.049946385999646736
2.966074520604538,0.14313898026843833,0.18171169917921567,32.81975091716106,0.07019140444092836,0.11893490798961401,0.9085970222949982,0.049998181999399094
2.966074520604538,0.14313898026843833,0.18171169917921567,32.865051336410914,0.0719739097469621,0.11872505812460947,0.9057962656021118,0.050011709001410054
2.98184651054013,0.14580358149790637,0.25170700701791204,32.9106894607229,0.07268748856267769,0.11837176125416021,0.9145199924707412,0.049903911000001244
2.98184651054013,0.14580358149790637,0.25170700701791204,32.9563394391442,0.07378017626214886,0.11815601611834084,0.9113207697868346,0.05009210799835273
2.98184651054013,0.14580358149790637,0.25170700701791204,33.001746112539074,0.07506002260451833,0.1180277444404442,0.9081467449665069,0.0499992690020008
2.98184651054013,0.14580358149790637,0.25170700701791204,33.049314265494154,0.0764704446387608,0.1179569946218776,0.9048377841711044,0.052570918000128586
3.0083277697879267,0.15524675848442185,0.3243659497734912,33.09421147365474,0.0758492300744247,0.11778729596669957,0.9168619781732559,0.04896833899692865
3.0083277697879267,0.15524675848442185,0.3243659497734912,33.13988443971531,0.07614731501551816,0.11767041110357931,0.912968710064888,0.05002686900115805
3.038023528869677,0.1695854773890005,0.3954960276105171,33.18472161437402,0.07495124132044524,0.11737644805527503,0.9256381392478943,0.0484392040016246
3.038023528869677,0.1695854773890005,0.3954960276105171,33.23085949986302,0.07490503532056457,0.11718258937607273,0.921780714392662,0.050052995000442024
3.062917389182791,0.181242520629218,0.46490090641706283,33.276976948277564,0.07464385558584002,0.1169391493821744,0.9235485285520553,0.0499350569989474
3.062917389182791,0.181242520629218,0.46490090641706283,33.323026540843564,0.07515722530733746,0.11673984890130781,0.9201435893774033,0.05004609399838955
3.062917389182791,0.181242520629218,0.46490090641706283,33.36882220986855,0.07612805651218416,0.11659038045971168,0.9164953917264937,0.049968248000368476
3.0912658045433816,0.195108073972593,0.5485146153151265,33.415054914423266,0.0753406361734314,0.11641996847968443,0.925040128827095,0.04997913400075049
3.0912658045433816,0.195108073972593,0.5485146153151265,33.46115941979912,0.07554005300971528,0.11626573412049498,0.9218099325895309,0.050015197000902845
3.0912658045433816,0.195108073972593,0.5485146153151265,33.50765393554665,0.07633298239691651,0.11610909466998987,0.918254542350769,0.050633580998692196
3.1173886205769628,0.21471139069783218,0.6383667359369043,33.55382955371185,0.07563574088563679,0.11594196656380422,0.9255307793617248,0.04989095899873064
3.1173886205769628,0.21471139069783218,0.6383667359369043,33.59941906072672,0.07587391038507318,0.1157602029981275,0.9215779989957809,0.04946896200272022
3.1391684274434217,0.23461812284645814,0.7273406464104268,33.645867509984114,0.0748507463918334,0.1156020449365413,0.9289033859968185,0.050003530999674695
3.1391684274434217,0.23461812284645814,0.7273406464104268,33.69212123986507,0.0748972475520495,0.11542518179209446,0.924927219748497,0.05000796699823695
3.1391684274434217,0.23461812284645814,0.7273406464104268,33.73816621441178,0.07558593523453018,0.11523681426400789,0.9209637373685836,0.049996511999779614
3.1478953781612242,0.26799925777716566,0.8093183891004925,33.78541255715074,0.0723416131255051,0.09348432358714848,0.9449800193309783,0.04999718700128142
3.1478953781612242,0.26799925777716566,0.8093183891004925,33.8348591417082,0.0704941245029581,0.07634786828823631,0.9415489196777344,0.052516214000206674
3.1599310919391597,0.28015560337206397,0.8917204158958977,33.8790928356881,0.06872464752854182,0.013420281794474985,0.9284095644950866,0.04764459099897067
3.1599310919391597,0.28015560337206397,0.8917204158958977,33.92436244505936,0.06774894915021226,-0.02705931425881001,0.9083108991384505,0.04983933300172794
3.1599310919391597,0.28015560337206397,0.8917204158958977,33.968709467777195,0.06719316388366678,-0.05360230184073217,0.8869484901428222,0.049999546998151345
3.173066911077648,0.30066887774107814,0.9692204353841544,34.009392993934696,0.061186903448093286,-0.0790270947007833,0.813635504245758,0.050002152001979994
3.173066911077648,0.30066887774107814,0.9692204353841544,34.04896669921424,0.05739506145190499,-0.09466441050699342,0.7916729897260666,0.04998743899705005
3.1884279848006107,0.31557199714343803,1.049527180601959,34.08693786969938,0.05170416790170254,-0.10528013930041187,0.7615901947021484,0.0498577460020897
3.1884279848006107,0.31557199714343803,1.049527180601959,34.12406718795986,0.048297830569283856,-0.11168691054176444,0.740448734164238,0.05014434699842241
3.1884279848006107,0.31557199714343803,1.049527180601959,34.160101455815514,0.046260614483080324,-0.11556180080885382,0.719740280508995,0.050065654002537485
3.197803257125398,0.3420366849092115,1.1041977864384613,34.203248468315685,0.03839004861624361,-0.11792856074043924,0.8642917603254318,0.04992181399939
3.197803257125398,0.3420366849092115,1.1041977864384613,34.24651767274674,0.033706504030891184,-0.1193167186776925,0.8618390172719955,0.05020566899838741
3.197803257125398,0.3420366849092115,1.1041977864384613,34.289333644575514,0.030936178758065654,-0.12011870008707815,0.8594908028841018,0.049815509002655745
3.211642862539596,0.37704986357156295,1.1450241392349554,34.332491103194045,0.027370196577501747,-0.12147003806829912,0.8626922905445098,0.05002647999936016
3.211642862539596,0.37704986357156295,1.1450241392349554,34.37548529411178,0.025269745467062267,-0.12225946424722947,0.8607394278049468,0.049950297998293536
3.2206887695001396,0.39320574234059225,1.1305856858816972,34.42102469326416,0.02368184728023736,-0.12328737877798246,0.8845713406801223,0.051481884001987055
3.2206887695001396,0.39320574234059225,1.1305856858816972,34.46627439235046,0.022729108368142417,-0.12382183493967155,0.8837024956941604,0.05120467499727965
3.2206887695001396,0.39320574234059225,1.1305856858816972,34.50808377906019,0.022157465020885447,-0.12406076921102582,0.8828391999006271,0.04735787300160155
3.2268446533042665,0.41023223932054903,1.1025017233645302,34.55297448604003,0.021814479012531265,-0.12439945181058157,0.8993540495634078,0.04991438800061587
3.2268446533042665,0.41023223932054903,1.1025017233645302,34.597919434035525,0.021608687407518756,-0.12453771853355353,0.8983886033296584,0.050028403999021975
3.2268446533042665,0.41023223932054903,1.1025017233645302,34.64313192300305,0.02148521244451125,-0.12455565943662991,0.8974221378564834,0.05038040300132707
3.234281216260004,0.4259220370660202,1.0552725908930436,34.68813704359719,0.02141112746670675,-0.12468185671773356,0.9065203219652176,0.0496460139984265
3.234281216260004,0.4259220370660202,1.0552725908930436,34.73345834344815,0.02136667648002405,-0.12470769076709035,0.9060964316129684,0.05001818600067054
3.234281216260004,0.4259220370660202,1.0552725908930436,34.77872647865685,0.021340005888014428,-0.12466896289088775,0.9055271297693253,0.049990921001153765
3.234281216260004,0.4259220370660202,1.0552725908930436,34.82395014741213,0.021324003532808656,-0.12458022781311541,0.9045536994934081,0.04999555999893346
3.234281216260004,0.4259220370660202,1.0552725908930436,34.86913284730422,0.021314402119685195,-0.12446156947671812,0.9035814583301544,0.050004013999569
3.238156720452173,0.42735040087915976,0.935005018451948,34.916294126913066,0.021365241227369894,-0.12463012581383848,0.9154546350240707,0.051516784998966614
3.238156720452173,0.42735040087915976,0.935005018451948,34.96063617615752,0.021462288926733367,-0.12464872148821153,0.914704418182373,0.04847691599934478
3.238156720452173,0.42735040087915976,0.935005018451948,35.00774029700094,0.021588733154948254,-0.1245837327670419,0.9139837592840194,0.05153715300184558
3.234196249714369,0.4236904313574831,0.8588864073215607,35.05266870126417,0.02231711426878911,-0.12444421749301933,0.9199858903884888,0.048835970999789424
3.234196249714369,0.4236904313574831,0.8588864073215607,35.09879137706454,0.022805869516759766,-0.12429610193364729,0.9196032792329788,0.05015497099884669
3.2332948905560293,0.4185854233741264,0.7898404636765879,35.144703389132964,0.02491215028585771,-0.12418304264898841,0.9288466483354568,0.04942905500138295
3.2332948905560293,0.4185854233741264,0.7898404636765879,35.191148689844155,0.026373347748647805,-0.12403858888361302,0.9283594518899917,0.05002943699946627
3.2332948905560293,0.4185854233741264,0.7898404636765879,35.23755567226933,0.027449773317176504,-0.12387439243920713,0.9278667628765106,0.050014705000648974
3.2308852811498716,0.4138210978920886,0.7048804504485569,35.28495739562901,0.030176554957388878,-0.12371521373348277,0.9373364031314849,0.05057066299923463
3.2308852811498716,0.4138210978920886,0.7048804504485569,35.331263434128914,0.032030976497744945,-0.12354065406177546,0.9368883907794952,0.04942535200098064
3.232406390683653,0.41153528932215405,0.6344035188679286,35.378715494467684,0.03497133057332959,-0.1234211267701036,0.9470791429281235,0.050103584999305895
3.232406390683653,0.41153528932215405,0.6344035188679286,35.42834330428393,0.037054181104999334,-0.1232687080902604,0.9466564416885376,0.05242430900034378
3.232406390683653,0.41153528932215405,0.6344035188679286,35.473268660065536,0.038624744836152525,-0.12307774811999486,0.9462379306554793,0.04747786399821052
3.2299303360180533,0.40697302070933455,0.5590022976905598,35.52071702186661,0.04215349186877068,-0.12246395701179795,0.95,0.04994564400112722
3.2299303360180533,0.40697302070933455,0.5590022976905598,35.568273877466005,0.04458715897452627,-0.12197918149238761,0.95,0.05005984799936414
3.2299303360180533,0.40697302070933455,0.5590022976905598,35.61575534676688,0.04636450106890079,-0.12157156260255536,0.95,0.04998049400091986
3.2349476652162172,0.4087031841172092,0.481039501918345,35.663264583616574,0.048935182303137044,-0.12097414846088624,0.95,0.05000972299967543
3.2349476652162172,0.4087031841172092,0.481039501918345,35.71076025826626,0.05079925108548788,-0.12051613399306617,0.95,0.04999544699967373
3.247316857511668,0.4161396980613302,0.40193450001426956,35.758236022816554,0.05225597780106537,-0.12012663167071153,0.95,0.049974489000305766
3.247316857511668,0.4161396980613302,0.40193450001426956,35.80577840706649,0.0534086520740871,-0.11981252599568254,0.95,0.0500446149999334
3.247316857511668,0.4161396980613302,0.40193450001426956,35.85376900131817,0.054379283861487174,-0.11954355817324572,0.95,0.05051641500176629
3.2513757023620067,0.4179505824030667,0.3353049696710077,35.90080861326881,0.0559167527414376,-0.11906577695182952,0.95,0.0495153810006741
3.2513757023620067,0.4179505824030667,0.3353049696710077,35.948282095918174,0.05713846500259724,-0.11875216215116974,0.95,0.04997208699933253
3.2679789685396905,0.42669870523741266,0.25926045141009296,35.99563377146572,0.05669069502080731,-0.11747252970494745,0.95,0.049843868997413665
3.2679789685396905,0.42669870523741266,0.25926045141009296,36.043377545266985,0.056778335531504465,-0.11673210876916598,0.95,0.05025660400133347
3.2679789685396905,0.42669870523741266,0.25926045141009296,36.090800763416546,0.0571530525445649,-0.11629768143734187,0.95,0.04991917699953774
3.2679789685396905,0.42669870523741266,0.25926045141009296,36.138290593665836,0.05768512419222051,-0.11605265337610751,0.95,0.04998929499924998
3.282960576780787,0.43211822335686834,0.1942147661759746,36.18576867716623,0.05676123387431058,-0.11365367292394941,0.95,0.04997693000041181
3.282960576780787,0.43211822335686834,0.1942147661759746,36.23342018981642,0.05647466353663774,-0.11228465151209059,0.95,0.0501594870002009
3.29346747269427,0.4290942284269668,0.1197401081909191,36.28075488791768,0.055762739730411605,-0.10675203270565524,0.95,0.04982599800132448
3.29346747269427,0.4290942284269668,0.1197401081909191,36.32830544881712,0.055584073872884415,-0.10363264123708638,0.95,0.05005322199940565
3.304841313911128,0.4285563192097473,0.05592326552675717,36.37576845201715,0.05477083087654132,-0.09489792847699305,0.95,0.0499610560000292
3.304841313911128,0.4285563192097473,0.05592326552675717,36.42334174261727,0.05448693836147319,-0.08998509206811417,0.95,0.050077148000127636
3.304841313911128,0.4285563192097473,0.05592326552675717,36.470928280965964,0.05452113344916541,-0.08736613606476681,0.95,0.05009109299862757
3.3201617175116884,0.42895922139474035,-0.01596140931211585,36.51830391361676,0.05347288015275502,-0.02652009496130882,0.95,0.04986908700084314
3.3201617175116884,0.42895922139474035,-0.01596140931211585,36.56576206231715,0.05310200549834551,0.00881062943316497,0.95,0.04995594600040931
3.3372002711125686,0.42715038699833213,-0.0853856795668186,36.61319674506816,0.04900436364217747,0.05325837253676056,0.95,0.04993124500106205
3.3372002711125686,0.42715038699833213,-0.0853856795668186,36.660830672268126,0.047038615301872186,0.07945194076982856,0.95,0.05014097599996603
3.3372002711125686,0.42715038699833213,-0.0853856795668186,36.70836304541593,0.04636321142651134,0.09465023417167497,0.95,0.050034076997690136
3.347440054294326,0.424248215402987,-0.15456133531816382,36.75541945315435,0.04456415334545072,0.10475891434486288,0.9431304395198822,0.049893849001819035
3.347440054294326,0.424248215402987,-0.15456133531816382,36.803064245541975,0.04367779975654182,0.11087544204792725,0.9439269185066222,0.05047508599818684
3.3583273487649175,0.42002776929303204,-0.2079762232302207,36.84878248812472,0.04212993255568443,0.11419555093050807,0.9256973683834075,0.04938789300285862
3.3583273487649175,0.42002776929303204,-0.2079762232302207,36.89529376650718,0.041408626862245196,0.11625029888868814,0.9265767455101013,0.050196897998830536
3.3583273487649175,0.42002776929303204,-0.2079762232302207,36.94162227956395,0.04118723620645845,0.11754757074785521,0.9274656921625137,0.04995172700000694
3.380163450344854,0.41614253577599714,-0.23662891640200553,36.98662737335647,0.03843757974906352,0.11752250855131322,0.9003448069095611,0.04998650899869972
3.380163450344854,0.41614253577599714,-0.23662891640200553,37.03172364589893,0.0369942900407528,0.11757315316774472,0.901176393032074,0.05004155999995419
3.380163450344854,0.41614253577599714,-0.23662891640200553,37.07682450269933,0.03633525120426507,0.11766936253892199,0.9020098477602004,0.05000040400045691
3.390006237525752,0.4135609965526071,-0.2147525947917127,37.121424552056695,0.03486910877948577,0.11739067000977287,0.892045196890831,0.04999752200092189
3.390006237525752,0.4135609965526071,-0.2147525947917127,37.16604499659726,0.03420156847432598,0.1172914157082563,0.8929883331060409,0.049967555998591706
3.390006237525752,0.4135609965526071,-0.2147525947917127,37.21075284377939,0.03399147320386973,0.11729524909078629,0.8936690717935561,0.05002729600164457
3.39922134111841,0.4130192570485576,-0.17373714108502486,37.25511957482561,0.032763043097240964,0.11699415909421176,0.8870010375976562,0.050018803998682415
3.39922134111841,0.4130192570485576,-0.17373714108502486,37.29946808038864,0.03222710624431565,0.11688322107298213,0.8878917962312698,0.04994809699928737
3.39922134111841,0.4130192570485576,-0.17373714108502486,37.34388791936568,0.03207681539711353,0.116866323234457,0.8877756029367446,0.0500349850008206
3.39922134111841,0.4130192570485576,-0.17373714108502486,37.38824764648548,0.03215818490419982,0.11690593056787148,0.8876594096422195,0.049973814999248134
3.39922134111841,0.4130192570485576,-0.17373714108502486,37.43261300845995,0.03237224016090749,0.11697703536098655,0.887446728348732,0.0499921410009847
3.404697564801823,0.4072690874323852,-0.080223317789258,37.47991696112771,0.031974240919950714,0.11677943906632338,0.8834477990865707,0.053544705999229336
3.404697564801823,0.4072690874323852,-0.080223317789258,37.52090500232386,0.03186950849354453,0.11669915223984285,0.8826215356588363,0.04643897700225352
3.4154274420721973,0.4042893267716466,-0.01306457012640677,37.5654094871046,0.03022167197978608,0.11657410684149483,0.8900941461324692,0.04999974999736878
3.4154274420721973,0.4042893267716466,-0.01306457012640677,37.609919648326944,0.029333017719484045,0.11650485886884343,0.8885984688997268,0.050090297001588624
3.4154274420721973,0.4042893267716466,-0.01306457012640677,37.65421885219843,0.028899889858184265,0.11646908696742422,0.8871026784181595,0.049936952000280144
3.4391485442743917,0.40534764672728835,0.06220869976562403,37.70021865048182,0.02585993391491056,0.11643678293378096,0.9077975988388061,0.050671865999902366
3.4391485442743917,0.40534764672728835,0.06220869976562403,37.74491027039931,0.024035960348946332,0.11642109123319948,0.9060511320829391,0.04932571500103222
3.45444233345536,0.40567825528803686,0.124551408505926,37.79079391408871,0.0229415762093678,0.11651805143028833,0.9182750970125197,0.04996720899725915
3.45444233345536,0.40567825528803686,0.124551408505926,37.836963489088035,0.02228494572562068,0.11657625139039957,0.9165805548429489,0.050371541001368314
3.45444233345536,0.40567825528803686,0.124551408505926,37.88237093632878,0.02189096743537241,0.11661119997669579,0.914875254034996,0.049632392001512926
3.473000787895382,0.41056786183222865,0.1969124770109716,37.928817802491885,0.021654580461223445,0.11702812278371645,0.9283762127161026,0.05003021999800694
3.473000787895382,0.41056786183222865,0.1969124770109716,37.97516610932695,0.021512748276734064,0.1172723207718229,0.9265850692987442,0.05002056300145341
3.473000787895382,0.41056786183222865,0.1969124770109716,38.02139344857999,0.021427648966040436,0.11741289817369555,0.9247977197170257,0.04998643299768446
3.4921638897511054,0.4171631151022367,0.2686102872630755,38.068353297594086,0.02137658937962426,0.11793556048319681,0.9393075555562973,0.04999411400058307
3.4921638897511054,0.4171631151022367,0.2686102872630755,38.11523509826794,0.021345953627774555,0.11824385305551256,0.9375042378902435,0.050007027999527054
3.5074811353032005,0.4218466310678624,0.33089299735752353,38.162530787234665,0.021327572176664734,0.11886361348812322,0.9483838260173797,0.04986977600128739
3.5074811353032005,0.4218466310678624,0.33089299735752353,38.2133230745368,0.021316543305998838,0.11921822731604897,0.9467079132795333,0.053651487000024645
3.5074811353032005,0.4218466310678624,0.33089299735752353,38.25723667076412,0.0213099259835993,0.11941248002595141,0.9449080497026443,0.0464739359995292
3.514737280240618,0.4307581556019134,0.3921496763003226,38.30473094986604,0.02130595559015958,0.11982466592160723,0.95,0.04999397800202132
3.514737280240618,0.4307581556019134,0.3921496763003226,38.35224210695417,0.021303573354095745,0.1200546754227153,0.9499990940093994,0.05001179199825856
3.514737280240618,0.4307581556019134,0.3921496763003226,38.40014801264661,0.021302144012457447,0.12017706232226322,0.9482457190752029,0.05052056099884794
3.5265504417353197,0.4372832899873411,0.455611707588463,38.44714355504803,0.021301286407474466,0.12060399768922586,0.95,0.04946899200149346
3.5265504417353197,0.4372832899873411,0.455611707588463,38.496097726696284,0.02130077184448468,0.120840529907786,0.95,0.05153070699816453
3.5312379047747644,0.43977246739437376,0.5121814146829163,38.54215476979771,0.021300463106690808,0.12114498156848141,0.95,0.04848109800150269
3.5312379047747644,0.43977246739437376,0.5121814146829163,38.58964046754664,0.021300277864014484,0.12131653272236936,0.95,0.04998494499886874
3.5312379047747644,0.43977246739437376,0.5121814146829163,38.637184473448,0.02130016671840869,0.12140566613152953,0.95,0.05004632200143533
3.5319293110732044,0.4431619425415224,0.5800445566039426,38.68464634424618,0.02130010003104521,0.12147337261364062,0.95,0.049959863998083165
3.5319293110732044,0.4431619425415224,0.5800445566039426,38.73214614569716,0.021300060018627123,0.12150017060950517,0.95,0.049999791001027916
3.5319293110732044,0.4431619425415224,0.5800445566039426,38.78131000229715,0.021300036011176273,0.12149556659528685,0.95,0.051751427999988664
3.5256661254110444,0.4446924760159134,0.6389879473143686,38.82714225354849,0.021300021606705764,0.1214177214078252,0.95,0.04824447500141105
3.5256661254110444,0.4446924760159134,0.6389879473143686,38.87463275544888,0.02130001296402346,0.12133796709609893,0.95,0.04999000200041337
3.524026676885704,0.4460819577409333,0.6940089434738618,38.9226584246464,0.021300007778414072,0.12124218522210636,0.95,0.05055333599739242
3.524026676885704,0.4460819577409333,0.6940089434738618,38.96963514564814,0.02130000466704844,0.1211500142735226,0.95,0.04944918000182952
3.530596853543111,0.4548190107019902,0.7587806965395136,39.01715974209783,0.021300002800229062,0.12124604074489968,0.95,0.05002589099967736
3.530596853543111,0.4548190107019902,0.7587806965395136,39.0646625987476,0.02130000168013744,0.12126338534552988,0.95,0.050003006999759236
3.530596853543111,0.4548190107019902,0.7587806965395136,39.112180211749006,0.021300001008082464,0.12123353036045514,0.95,0.05001854000147432
3.5306882108801676,0.45842954320188606,0.8280300348448174,39.15959375034855,0.021300000604849476,0.12124471635698965,0.95,0.049908987999515375
3.5306882108801676,0.45842954320188606,0.8280300348448174,39.20758064909697,0.021300000362909684,0.121208901232956,0.95,0.05051252499833936
3.5306882108801676,0.45842954320188606,0.8280300348448174,39.25612550469906,0.02130000021774581,0.12115611733584293,0.95,0.05109984800219536
3.5291974965147386,0.4568398220903424,0.8948488070429782,39.302160419447326,0.021300000130647485,0.12110758365147525,0.95,0.0484578049981792
3.5291974965147386,0.4568398220903424,0.8948488070429782,39.349641256997536,0.02130000007838849,0.12104287231536635,0.95,0.0499798290002218
3.5324945053314267,0.4630563214305756,0.9532470749923664,39.39739422774874,0.021300000047033092,0.121171179321837,0.95,0.05026628500127117
3.5324945053314267,0.4630563214305756,0.9532470749923664,39.444657310096595,0.021300000028219856,0.12120002443041299,0.95,0.04975061299774097
3.5324945053314267,0.4630563214305756,0.9532470749923664,39.49214460194853,0.021300000016931914,0.12116832694081005,0.95,0.0499866230020416
3.540675032107569,0.47641466988874925,1.0204869734656696,39.53965412949947,0.021300000010159147,0.12148095584313592,0.95,0.05001002900098683
3.540675032107569,0.47641466988874925,1.0204869734656696,39.5905200763993,0.021300000006095488,0.12162516961336448,0.95,0.053543101999821374
3.540675032107569,0.47641466988874925,1.0204869734656696,39.635036626098376,0.021300000003657293,0.12166781216764637,0.95,0.04685952599902521
3.5500123539535267,0.4932623397376695,1.0835387415739133,39.68218504059624,0.021300000002194376,0.122089196383382,0.95,0.049629909997747745
3.5500123539535267,0.4932623397376695,1.0835387415739133,39.72962487709847,0.021300000001316627,0.12229987450803824,0.95,0.04993667000235291
3.5581926406834574,0.5098254351071352,1.150147579818495,39.77713519789923,0.021300000000789975,0.1227155021927685,0.95,0.05001086400079657
3.5581926406834574,0.5098254351071352,1.150147579818495,39.82463054669934,0.021300000000473985,0.12231800628315989,0.95,0.04999510400011786
3.5581926406834574,0.5098254351071352,1.150147579818495,39.87214568969921,0.02130000000028439,0.12203380389578095,0.95,0.05001593999986653
3.5609025278265776,0.5178800166611455,1.2052837445340525,39.919639900398394,0.021300000000170634,0.12188025309781403,0.95,0.04999390599914477
3.5609025278265776,0.5178800166611455,1.2052837445340525,39.96716137799867,0.02130000000010238,0.1217412519105683,0.95,0.05002260800029035
3.5609025278265776,0.5178800166611455,1.2052837445340525,40.01469372169722,0.02130000000006143,0.12161761329462589,0.95,0.05003404599847272
3.5684954980753565,0.5297719524328218,1.2654970015173483,40.062394221096476,0.021540338723696373,0.12157508734399355,0.95,0.05021105199921294
3.5684954980753565,0.5297719524328218,1.2654970015173483,40.109687526748715,0.022293548899195853,0.12151289584359096,0.95,0.04978242700235569
3.5684954980753565,0.5297719524328218,1.2654970015173483,40.15720902999656,0.02335912335950271,0.12143175007176737,0.95,0.050022634997731075
3.5628116637647644,0.5272249414902049,1.3350994768628572,40.20464433974612,0.02582647603176913,0.1212415969447633,0.95,0.049931904999539256
3.5628116637647644,0.5272249414902049,1.3350994768628572,40.25213006979902,0.028040050455468184,0.12104977584340218,0.95,0.04998497900305665
3.5621976210307915,0.5316291235655225,1.3990119048958598,40.29963979399745,0.03166431485923367,0.12063618312155033,0.95,0.05001023599834298
3.5621976210307915,0.5316291235655225,1.3990119048958598,40.347799567098086,0.034575695212556344,0.1203088510625054,0.95,0.0506944980006665
3.561266252863759,0.5392485743962729,1.4525748866849577,40.39693495599932,0.03696319193594064,0.12001784733489093,0.95,0.05172146200129646
3.561266252863759,0.5392485743962729,1.4525748866849577,40.442211036398845,0.03926902890773061,0.11974896247121654,0.95,0.04765903199950117
3.561266252863759,0.5392485743962729,1.4525748866849577,40.48964014169706,0.04142245328766968,0.11950460228283978,0.95,0.04992537399812136
3.5614581385318265,0.547336970478345,1.5123369967077174,40.53807373804939,0.043400286473887356,0.11926473827934132,0.95,0.05098273300245637
3.5614581385318265,0.547336970478345,1.5123369967077174,40.58464281214638,0.045365185641084424,0.1190269926296226,0.95,0.04902007799682906
3.5614581385318265,0.547336970478345,1.5123369967077174,40.63214839814882,0.04725881916453499,0.11879170531669567,0.95,0.05000588000257267
3.5644826649827492,0.5620927158350688,1.5696029479866564,40.68024672144784,0.049180053723872054,0.11851592656755036,0.95,0.05062981399896671
3.5644826649827492,0.5620927158350688,1.5696029479866564,40.7273145084986,0.051089372785699576,0.11824842570295087,0.95,0.049545039000804536
3.5665045933967714,0.5815134901497575,1.628838429683401,40.77457305269909,0.05129168871153129,0.11816939519685596,0.95,0.04974583600051119
3.5665045933967714,0.5815134901497575,1.628838429683401,40.82215915879933,0.052159001488141614,0.11803221706653888,0.95,0.05009063800025615
3.5665045933967714,0.5815134901497575,1.628838429683401,40.86964758779832,0.053418607508332966,0.1178559470421389,0.95,0.04998781999893254
3.5612728312316535,0.5869235145403451,1.6956597944332148,40.91738824084933,0.056709484931940696,0.11662722875155898,0.95,0.05025331900105812
3.5612728312316535,0.5869235145403451,1.6956597944332148,40.96469962499614,0.05903031818694762,0.11534091978954011,0.95,0.049801456996647175
3.561409133990757,0.5984848884795179,1.7644407021788937,41.01231172499884,0.06080375190154846,0.10829817503504,0.95,0.050118000002839835
3.561409133990757,0.5984848884795179,1.7644407021788937,41.0629869574972,0.06206359145388684,0.10009199529774213,0.95,0.053342349998274585
3.561409133990757,0.5984848884795179,1.7644407021788937,41.10712846144798,0.063018748982821,0.09069294303588404,0.95,0.04646474100081832
3.5566160579126573,0.6120301224302139,1.8371275625766477,41.155841401496765,0.060897399797483744,0.023108703910901147,0.95,0.05127677899872651
3.5566160579126573,0.6120301224302139,1.8371275625766477,41.20213513899726,0.05982873810198573,-0.021047393667939902,0.95,0.04873025000051712
3.5566160579126573,0.6120301224302139,1.8371275625766477,41.24985694456524,0.05940261288205784,-0.05002777706876015,0.947546124458313,0.05036357000062708
3.551429610532025,0.6237914501602481,1.9120882846077123,41.29410691132502,0.0564772508366108,-0.07657879430827269,0.8914365410804748,0.049638942000456154
3.551429610532025,0.6237914501602481,1.9120882846077123,41.340928303628814,0.052128611554098134,-0.08836321257815818,0.9263673484325409,0.050543008001113776
3.5402718450156705,0.6498716835899232,1.9803211009849808,41.38544231406742,0.04483082336151123,-0.10079796685735024,0.8972001701593398,0.04961435799850733
3.5402718450156705,0.6498716835899232,1.9803211009849808,41.42994380795653,0.040405116033336644,-0.10825101360058567,0.8914429396390915,0.04992074300025706
3.5402718450156705,0.6498716835899232,1.9803211009849808,41.47435001385605,0.03769746101008721,-0.11271883144602646,0.8857783466577529,0.050132412998209475
3.5323227261014343,0.665859572524562,2.0359380453407083,41.51706709451336,0.03404974783126633,-0.1160109942831127,0.8573708415031432,0.04982334200030891
3.5323227261014343,0.665859572524562,2.0359380453407083,41.559455639090146,0.031772984592104675,-0.11804794702992011,0.8474061340093613,0.05002152200177079
3.521244678600069,0.6878015501858797,2.072968452594066,41.6005250343613,0.028618322627535296,-0.11967095514574747,0.822377011179924,0.049939862998144235
3.521244678600069,0.6878015501858797,2.072968452594066,41.64112133267687,0.026733122567409773,-0.12064019668363987,0.8120493978261947,0.049992399999609916
3.521244678600069,0.6878015501858797,2.072968452594066,41.68168732953876,0.02560950782899529,-0.12121724503197348,0.8018403559923172,0.05059111400260008
3.5094198140307267,0.7004482555933369,2.0553236925618346,41.72079196382668,0.023885704697397172,-0.12154741178129956,0.7805799841880798,0.050096896000468405
3.5094198140307267,0.7004482555933369,2.0553236925618346,41.7591972061823,0.022879914713637123,-0.12165890628203657,0.7730854034423827,0.04967787799978396
3.5094198140307267,0.7004482555933369,2.0553236925618346,41.79721697983671,0.022310681028804832,-0.12164109524550978,0.7657670378684998,0.04964926899992861
3.5066158949845643,0.7050064040693479,2.0101819158863132,41.836689206484905,0.022093783696676285,-0.12158626542367307,0.787130919098854,0.050146964997111354
3.5066158949845643,0.7050064040693479,2.0101819158863132,41.875781655919965,0.022015536922326676,-0.1214713229291306,0.784090358018875,0.049857072001032066
3.5066158949845643,0.7050064040693479,2.0101819158863132,41.91498689355725,0.02202779129034936,-0.12132065615371859,0.7812394320964813,0.05018338300214964
3.5066158949845643,0.7050064040693479,2.0101819158863132,41.95377748550601,0.022090504198590873,-0.12115345907995699,0.7786167591810226,0.04981987799692433
3.5066158949845643,0.7050064040693479,2.0101819158863132,41.99256074275269,0.0221870414789438,-0.1209821874665594,0.7756155520677566,0.050003197000478394
3.5002732294215693,0.716871168062077,1.9160969444664344,42.03439527643632,0.02238663195824145,-0.12118178217216585,0.8368547976016998,0.04999019400202087
3.5002732294215693,0.716871168062077,1.9160969444664344,42.07621389661844,0.022565178777310364,-0.12122129922273311,0.8342016607522964,0.050130109000747325
3.497346522764033,0.7202599268581411,1.8488535954681848,42.12258073939898,0.022987578574140737,-0.12135549500681492,0.8675325453281402,0.05344680499911192
3.497346522764033,0.7202599268581411,1.8488535954681848,42.162807518368645,0.02331692687470905,-0.12132096597610434,0.8658142775297164,0.04646121000041603
3.497346522764033,0.7202599268581411,1.8488535954681848,42.20617723413505,0.02358152912139411,-0.1212145299259336,0.8644655406475067,0.05016939800043474
3.494054600131988,0.7288233174931823,1.787262619047264,42.25068882629412,0.024093085563656778,-0.1215453440274901,0.8948436886072159,0.04974230999869178
3.494054600131988,0.7288233174931823,1.787262619047264,42.29544268442191,0.02468477132110422,-0.12165770139253776,0.894443467259407,0.05003542399936123
3.4955368835835485,0.7360795311727177,1.7180076101972672,42.34103662604156,0.025746122254065425,-0.12193346742365742,0.9080066561698913,0.05021322399989003
3.4955368835835485,0.7360795311727177,1.7180076101972672,42.38630316949014,0.02662861547060713,-0.12201458170160046,0.9075634568929671,0.049877001001732424
3.4955368835835485,0.7360795311727177,1.7180076101972672,42.43160390067007,0.02737262994759026,-0.12198455544796222,0.907272520661354,0.04993067699979292
3.4955368835835485,0.7360795311727177,1.7180076101972672,42.47698424890373,0.02801682252116646,-0.12189225323490283,0.9070889443159103,0.05002855400016415
3.498847955519907,0.737674451303683,1.654042607337641,42.52300475229781,0.029514682343170916,-0.12201441030199515,0.9207342952489852,0.04998239300039131
3.498847955519907,0.737674451303683,1.654042607337641,42.56901923154939,0.030606274158099817,-0.12201443851289265,0.9205434709787368,0.04998620999685954
3.496884498958349,0.7415387850844735,1.5781205855198217,42.61547285932678,0.0321795836987135,-0.12206546032605835,0.9279125720262527,0.050062505000823876
3.496884498958349,0.7415387850844735,1.5781205855198217,42.661814616918846,0.033345163607718775,-0.12204556920634668,0.9278910547494887,0.04994310199981555
3.496884498958349,0.7415387850844735,1.5781205855198217,42.70819604770898,0.034238204177690884,-0.12199623142783023,0.9277378290891647,0.04999411400058307
3.499338710877772,0.7469813307441592,1.5041224865553,42.755133387378365,0.03581482524661621,-0.12226041290226088,0.9383844643831253,0.05001930599974003
3.499338710877772,0.7469813307441592,1.5041224865553,42.80201685465849,0.03699162802093268,-0.12237562497295443,0.9382808983325958,0.04996741099967039
3.49658774112439,0.7495798170808423,1.4239325958150086,42.84955277889025,0.039349175041872506,-0.12240008926294746,0.9463452905416488,0.05023105700092856
3.49658774112439,0.7495798170808423,1.4239325958150086,42.89676537126967,0.04098386665937796,-0.12232447156848014,0.9461947828531265,0.04989732900139643
3.49658774112439,0.7495798170808423,1.4239325958150086,42.94661717897747,0.04219014662955699,-0.12218428188289107,0.9459664165973662,0.052699341998959426
3.4945295202120197,0.7478531175126445,1.3565646349081308,42.991420582126956,0.044746773233738525,-0.12186676343515457,0.95,0.04716147699946305
3.4945295202120197,0.7478531175126445,1.3565646349081308,43.038964146275646,0.046538937324718824,-0.12157458591601218,0.95,0.050045856998622185
3.495281595539273,0.7554599305467685,1.2763322232532743,43.08630529677779,0.04889816703464758,-0.12151298837745765,0.95,0.04983279000225593
3.495281595539273,0.7554599305467685,1.2763322232532743,43.13398281567555,0.050588707459367346,-0.12136117885640013,0.95,0.05018686199764488
3.495281595539273,0.7554599305467685,1.2763322232532743,43.18145318707542,0.05187266917967619,-0.12113693875152318,0.95,0.04996881199986092
3.4957761282265154,0.7623566260211964,1.1991834906755945,43.228941723427155,0.05394784445729149,-0.1210370297555831,0.95,0.04998793300183024
3.4957761282265154,0.7623566260211964,1.1991834906755945,43.27645382832546,0.05546634361246999,-0.12086946697978418,0.95,0.05001274199821637
3.4957761282265154,0.7623566260211964,1.1991834906755945,43.32394158567679,0.056632711560128786,-0.12063076813190127,0.95,0.049987113001407124
3.4954650006881485,0.7677353698348567,1.1322550413129129,43.371722610876375,0.05849843220150391,-0.12037014436226454,0.95,0.050295815999561455
3.4954650006881485,0.7677353698348567,1.1322550413129129,43.4189486783773,0.05988085839889001,-0.12015499992073397,0.95,0.04971165000097244
3.5025337138591635,0.7820590362715262,1.0612765825426727,43.46641245772646,0.060861917100796414,-0.11982948972523702,0.95,0.049961872999119805
3.5025337138591635,0.7820590362715262,1.0612765825426727,43.51394104227805,0.061711798049479315,-0.11957580205047424,0.95,0.050030089001666056
3.5025337138591635,0.7820590362715262,1.0612765825426727,43.56180393467587,0.06248332878200387,-0.11936512921002088,0.95,0.05038199199771043
3.5087506443564505,0.7991184823091363,1.0058842531768446,43.60902053827579,0.061859170795966235,-0.11845314344016658,0.95,0.0497016879999137
3.5087506443564505,0.7991184823091363,1.0058842531768446,43.65642997097642,0.061824066401415495,-0.11790814304499594,0.95,0.049904666000657016
3.5218639829769973,0.8169557924406865,0.939861669008739,43.704424543825766,0.05969052670055236,-0.1144755047807024,0.95,0.05052060299931327
3.5218639829769973,0.8169557924406865,0.939861669008739,43.75147792982719,0.05876949022801879,-0.11250463022285259,0.95,0.049529880001500715
3.5218639829769973,0.8169557924406865,0.939861669008739,43.79895383307688,0.05856370514984228,-0.11139819916184876,0.95,0.04997463499967125
3.538046361741377,0.8368372423701725,0.8748698545742885,43.8463048939779,0.055813892104359254,-0.1031566840177544,0.95,0.04984322200107272
3.538046361741377,0.8368372423701725,0.8748698545742885,43.8942970424287,0.054485785197098124,-0.09817146907840776,0.95,0.05051805100083584
3.538046361741377,0.8368372423701725,0.8748698545742885,43.941478809528085,0.054035428542422693,-0.0949174347555316,0.95,0.04966501799935941
3.5516033213198273,0.8504442699424866,0.7987538172655908,43.98898607132836,0.052322818922118805,-0.024390113534669668,0.95,0.050007644000288565
3.5516033213198273,0.8504442699424866,0.7987538172655908,44.03660918657646,0.05163727652258662,0.018029774318849695,0.95,0.05012959499799763
3.575555775279633,0.8705728529987191,0.7292866435895989,44.08358164891018,0.044564753390711476,0.058717315847108154,0.9425077408552169,0.049837746999401134
3.575555775279633,0.8705728529987191,0.7292866435895989,44.130649548979164,0.04059745244226571,0.08318380442525708,0.9410421311855316,0.05001678299959167
3.575555775279633,0.8705728529987191,0.7292866435895989,44.17767129185609,0.03846398539568016,0.09791651920834638,0.9396147429943085,0.0500436410002294
3.5958967738884593,0.8863649973499885,0.6540663441753319,44.22321273412769,0.033808266980797225,0.10577315542912161,0.9030239909887313,0.050432151001587044
3.5958967738884593,0.8863649973499885,0.6540663441753319,44.26824422750241,0.031232982375234468,0.1105340364802818,0.9017221957445144,0.04993943099907483
3.5958967738884593,0.8863649973499885,0.6540663441753319,44.31285993397108,0.02990258353829986,0.1134287311571205,0.9000864297151565,0.04956824699911522
3.6153706227171556,0.8991631180745164,0.5900013943819381,44.356654312963734,0.026461550122979915,0.11436278783901718,0.8728113561868667,0.0501762250023603
3.6153706227171556,0.8991631180745164,0.5900013943819381,44.40004130671878,0.02439693007378795,0.11495202758088223,0.8708066821098327,0.049823909997940063
3.6357752404010912,0.9102865763512918,0.5684615106998857,44.44382313979636,0.023158158044272768,0.11516879783972807,0.8738576620817184,0.05010179000237258
3.6357752404010912,0.9102865763512918,0.5684615106998857,44.487558624811626,0.022414894826563662,0.11532962314429704,0.8719864517450332,0.05015615199954482
3.6357752404010912,0.9102865763512918,0.5684615106998857,44.53089061390173,0.021968936895938197,0.1154546522625853,0.8701835870742798,0.049796375998994336
3.645678655029558,0.9164774098571188,0.5932292144803348,44.57471741333706,0.021701362137562918,0.11553360125592765,0.876261368393898,0.050015669999993406
3.645678655029558,0.9164774098571188,0.5932292144803348,44.618362948093676,0.02154081728253775,0.11560996950370918,0.874429228901863,0.04991317000167328
3.6578882388187393,0.9243226794786561,0.6320638138796938,44.6627043239792,0.021444490369522652,0.11567596543254167,0.8837423026561737,0.050174553998658666
3.6578882388187393,0.9243226794786561,0.6320638138796938,44.706632921642985,0.02138669422171359,0.11573643415225572,0.8817426115274429,0.04982020500028739
3.6578882388187393,0.9243226794786561,0.6320638138796938,44.7508294097821,0.02135201653302815,0.11578216152818814,0.8795113265514374,0.05025118699995801
3.6758441950842724,0.9424987519381419,0.6744499341184651,44.79533331200833,0.02133120991981689,0.11602079151530155,0.8943943738937378,0.049758700999518624
3.6758441950842724,0.9424987519381419,0.6744499341184651,44.84000370807038,0.021318725951890133,0.116145289411897,0.8923211276531219,0.050060896999639226
3.6865212946142183,0.9503832363932908,0.716460708029682,44.88490368737246,0.02131123557113408,0.11642346648618848,0.9000677436590194,0.04988511100236792
3.6865212946142183,0.9503832363932908,0.716460708029682,44.92986714020974,0.021306741342680447,0.11655411641743942,0.8981810182332992,0.05006056899946998
3.6865212946142183,0.9503832363932908,0.716460708029682,44.97468891509943,0.02130404480560827,0.11661753130523658,0.8964337587356567,0.05000009699870134
3.694401986500618,0.9570872046785674,0.7562376188930809,45.01989962641796,0.02130242688336496,0.1169799415622252,0.9026448339223861,0.050086932998965494
3.694401986500618,0.9570872046785674,0.7562376188930809,45.0649014584953,0.021301456130018978,0.11717813780034171,0.9010841518640518,0.04994187500051339
3.694401986500618,0.9570872046785674,0.7562376188930809,45.10988587340544,0.021300873678011388,0.11727790576293817,0.8995311141014098,0.050008737001917325
3.698584397759915,0.9652837940260753,0.8132247309047559,45.1552024442812,0.02130052420680683,0.11766587103649825,0.9068754702806472,0.04997000399816898
3.698584397759915,0.9652837940260753,0.8132247309047559,45.20041726888802,0.021300314524084096,0.11785980227735549,0.9044974714517593,0.04998889000125928
3.698584397759915,0.9652837940260753,0.8132247309047559,45.24555698640091,0.021300188714450455,0.11793739177672212,0.902083346247673,0.05003940899769077
3.704667846668853,0.9719585075740167,0.8742028190042808,45.29198834405544,0.021300113228670273,0.11877070294551936,0.9286806821823119,0.04999711800337536
3.704667846668853,0.9719585075740167,0.8742028190042808,45.3382141825343,0.021300067937202162,0.1191739608450704,0.9250483393669128,0.049971267999353586
3.7094806791858344,0.9828109011466741,0.9359171921536266,45.38939536462896,0.021300040762321296,0.11972615299248535,0.9384593218564987,0.054537453997909324
3.7094806791858344,0.9828109011466741,0.9359171921536266,45.431957007514164,0.021300024457392777,0.11998059021010302,0.9355130404233932,0.04549550999945495
3.7094806791858344,0.9828109011466741,0.9359171921536266,45.47904436920317,0.021300014674435666,0.12006549398049296,0.9327713429927825,0.05048114100281964
3.7060710086588675,0.9894437547016366,0.9933671141568581,45.5252329676088,0.0213000088046614,0.11995882487264026,0.9335631221532821,0.04947560299842735
3.7060710086588675,0.9894437547016366,0.9933671141568581,45.5718813416774,0.02130000528279684,0.11983452258090227,0.93067227602005,0.05012330899990047
3.7045950244370625,0.9934757839389906,1.0579340295824355,45.61871660904173,0.021300003169678103,0.11983801375377207,0.9344304949045181,0.05012172400165582
3.7045950244370625,0.9934757839389906,1.0579340295824355,45.66505982687872,0.02130000190180686,0.11977896124451178,0.9315036922693252,0.04975097599890432
3.7045950244370625,0.9934757839389906,1.0579340295824355,45.71148799821803,0.021341616846574228,0.11968301671939384,0.9286071270704269,0.04999764699823572
3.702146148780197,1.002162014827406,1.1250215387910674,45.75838726758093,0.021324970107944534,0.11974768959401424,0.9378549128770828,0.05000695600028848
3.702146148780197,1.002162014827406,1.1250215387910674,45.80514853620619,0.02131498206476672,0.11973851873229965,0.9353798598051071,0.049991742002021056
3.701726584662977,1.008455109307924,1.1907307987864149,45.85282967767644,0.02130898923886003,0.11983594866842642,0.9444833099842072,0.05048383699977421
3.701726584662977,1.008455109307924,1.1907307987864149,45.89950646821825,0.021305393543316016,0.11986098511368402,0.9424161225557327,0.049528854000527645
3.701726584662977,1.008455109307924,1.1907307987864149,45.946532624491674,0.02130323612598961,0.11984408988565426,0.9404149025678634,0.050005753997538704
3.6957291774553043,1.0081718130144681,1.242806670668739,45.993389445281196,0.022379489921977434,0.11964120801693333,0.9375281900167465,0.04997910600286559
3.6957291774553043,1.0081718130144681,1.242806670668739,46.04018195050626,0.023452835728794523,0.11949327669385751,0.9356490522623062,0.05001074399842764
3.6957291774553043,1.0081718130144681,1.242806670668739,46.0868968540953,0.02453839042786967,0.11937839914467144,0.9337163478136062,0.05003115100043942
3.694721308268244,1.0144534184862415,1.3057204858126221,46.133745295590835,0.025820588225151368,0.11938296991053944,0.9377443820238113,0.049958648000028916
3.694721308268244,1.0144534184862415,1.3057204858126221,46.18059771685517,0.027084568473115724,0.11937557958044842,0.9362269610166549,0.05004387100052554
3.6932661236290594,1.0154828314223106,1.362665766376265,46.22776838106977,0.02729443605686138,0.11942781271027467,0.9441765755414963,0.04995957899882342
3.6932661236290594,1.0154828314223106,1.362665766376265,46.27489475544726,0.02793578753438538,0.11944562710217799,0.9424739927053452,0.05000283800109173
3.6932661236290594,1.0154828314223106,1.362665766376265,46.32203482752453,0.02885401230792371,0.11944785426194765,0.9407887369394302,0.05010696899989853
3.6910693442311673,1.008110691551607,1.4195805602407976,46.369043106021145,0.031195791314483686,0.11956277793726502,0.9421615958213806,0.04989407199900597
3.6910693442311673,1.008110691551607,1.4195805602407976,46.416061650478305,0.03321664413836062,0.1195972997312616,0.9402792870998382,0.05000487100187456
3.6885849501859367,1.0112548311176484,1.4738812795731873,46.46317198226763,0.03548446685687578,0.1196080159166378,0.9448416858911514,0.04986055599874817
3.6885849501859367,1.0112548311176484,1.4738812795731873,46.51285213643359,0.03746395159134791,0.11958036369198097,0.9429513931274414,0.052685806000226876
3.6885849501859367,1.0112548311176484,1.4738812795731873,46.55754456578059,0.03930418025475458,0.11952784267731627,0.9409579873085021,0.04749673200058169
3.685174817939683,1.0161392510554308,1.5437911196305405,46.6050258926345,0.040834078437219354,0.11945542936127257,0.9458871990442276,0.05019766300029005
3.685174817939683,1.0161392510554308,1.5437911196305405,46.65199268804938,0.04236953767903465,0.11938226726413292,0.9441641181707382,0.04974431299706339
3.685174817939683,1.0161392510554308,1.5437911196305405,46.69913368086504,0.04390163411359678,0.11930897299504592,0.942459836602211,0.050019100002828054
3.685431069370719,1.0253439170792877,1.6237141421930288,46.74608360762656,0.04691265237129146,0.11903952875170894,0.9394163876771926,0.04997775999800069
3.685431069370719,1.0253439170792877,1.6237141421930288,46.79643743473517,0.04935729808686026,0.11883095335026853,0.9368874281644821,0.05374586700054351
3.683764823087109,1.0400223801473159,1.6984722182297474,46.841614357834885,0.050236299676167065,0.11871417898571654,0.9449529528617858,0.0478086479997728
3.683764823087109,1.0400223801473159,1.6984722182297474,46.8872674883794,0.05148936667589372,0.1185890372910271,0.9415701538324356,0.04848616999879596
3.683764823087109,1.0400223801473159,1.6984722182297474,46.93414340857294,0.05298201214401737,0.11845638610828936,0.9380834490060805,0.04996988300263183
3.680874011958331,1.0510445917946218,1.7601958405596403,46.98104793431219,0.054661945647769064,0.11826341782754074,0.9376228660345077,0.05002493799838703
3.680874011958331,1.0510445917946218,1.7601958405596403,47.027720370386184,0.05642770990536981,0.11808281799999124,0.9338237076997756,0.04997992200151202
3.680874011958331,1.0510445917946218,1.7601958405596403,47.07423963236756,0.05819126859191879,0.11791539228467492,0.9302584081888199,0.05000681700039422
3.6759092220886345,1.0635374230977068,1.8287651588185285,47.120850204181835,0.06029406437208548,0.11749053976838796,0.9225909531116485,0.050521383996965596
3.6759092220886345,1.0635374230977068,1.8287651588185285,47.166335395186636,0.06222106485921321,0.11717750657740239,0.9194264978170394,0.049471264002932
3.6665349754972327,1.0762203237000039,1.8906297026876202,47.212799239897215,0.06280051177357542,0.11681133287634256,0.9292463034391403,0.050001645999145694
3.6665349754972327,1.0762203237000039,1.8906297026876202,47.259321105993315,0.06384192946919744,0.11638647185257556,0.9309125900268554,0.04997447300047497
3.6568198802322605,1.0918771720069136,1.9560510718975659,47.30609889737048,0.06380445577722159,0.10274245301778007,0.9358325719833374,0.049985213998297695
3.6568198802322605,1.0918771720069136,1.9560510718975659,47.352776976488826,0.06399387727988581,0.09138896560606294,0.9331738859415054,0.05002077300014207
3.6568198802322605,1.0918771720069136,1.9560510718975659,47.39916405047217,0.06427919894941342,0.08134693143330177,0.9265657603740691,0.050063444999977946
3.6479259222524023,1.1051659809239047,2.016807816782186,47.445457878176,0.06429263657622154,0.06881823129989004,0.9261988341808318,0.04998260200227378
3.6479259222524023,1.1051659809239047,2.016807816782186,47.49150578702047,0.06445479718621144,0.018021483645065395,0.9179500728845595,0.05016384899863624
3.6479259222524023,1.1051659809239047,2.016807816782186,47.53659520450484,0.06464209513530475,-0.0151922044603683,0.9055041402578353,0.0497948219999671
3.633358272608697,1.1427773289229721,2.0964523870852503,47.58514226034403,0.05938799081245268,-0.04876318677953824,0.9238280832767486,0.052549880998412846
3.633358272608697,1.1427773289229721,2.0964523870852503,47.62818579099091,0.056273464608187704,-0.07002306404526201,0.9063833475112915,0.04748932200163836
3.6161444041598094,1.1640384843603384,2.172637413387464,47.671071650885736,0.04988714161395742,-0.09026892914065818,0.8531905442476272,0.05026527800146141
3.6161444041598094,1.1640384843603384,2.172637413387464,47.71255048941195,0.04607357873248884,-0.10250056227260292,0.833812990784645,0.04974597299951711
3.6161444041598094,1.1640384843603384,2.172637413387464,47.75331614499833,0.04383363964395421,-0.10992711568005956,0.8134102523326874,0.050116967999201734
3.6078232292205854,1.166805131343399,2.240917619403817,47.7901104426728,0.039724816276053766,-0.115086258555222,0.7389672696590424,0.04979151199950138
3.6078232292205854,1.166805131343399,2.240917619403817,47.826185980303606,0.03737837150300752,-0.11819374627159146,0.7208094626665115,0.05004864600050496
3.589542878119012,1.1855282007240426,2.2853580700455707,47.8602312982685,0.03413455083730942,-0.120040648378647,0.6722310960292815,0.05064525899797445
3.589542878119012,1.1855282007240426,2.2853580700455707,47.89271228063006,0.03236950602986292,-0.1210460240827302,0.6578044980764389,0.04937786600203253
3.589542878119012,1.1855282007240426,2.2853580700455707,47.924895592809804,0.031483401249992105,-0.12155123085893987,0.6440406888723373,0.0499709299983806
3.5731036904836104,1.2014818232863678,2.285003786564984,47.95773372847943,0.029070190245596914,-0.12129082400272966,0.6571704745292664,0.04996897599994554
3.5731036904836104,1.2014818232863678,2.285003786564984,47.98990399916303,0.027648704978637903,-0.12103900026482749,0.6429761499166489,0.050033381001412636
3.5731036904836104,1.2014818232863678,2.285003786564984,48.021370750666264,0.02681858231592954,-0.12079663462163452,0.6291151165962219,0.050017477999062976
3.56029916463774,1.2083458472081496,2.2558517902235553,48.053999697960954,0.025698005258850937,-0.12034624449444678,0.6527543932199478,0.04998656099996879
3.56029916463774,1.2083458472081496,2.2558517902235553,48.08594462729346,0.025054371863491944,-0.11999190111179868,0.6388489097356796,0.05000388800181099
3.56029916463774,1.2083458472081496,2.2558517902235553,48.11733505684063,0.024717490380935438,-0.11969868099224401,0.6277263462543488,0.050006550998659804
3.5502714869078478,1.2184676654967688,2.208608552577589,48.150528837050146,0.024033122870881895,-0.11935141894538304,0.6640728205442429,0.04998515099941869
3.5502714869078478,1.2184676654967688,2.208608552577589,48.1832116858864,0.02367905361268493,-0.1190719796020931,0.6533079534769058,0.05002671200054465
3.5502714869078478,1.2184676654967688,2.208608552577589,48.21536195671426,0.023521251725039317,-0.11884717421526586,0.6432108581066132,0.04998402999990503
3.5502714869078478,1.2184676654967688,2.208608552577589,48.24705170550448,0.023481670526791475,-0.11865628884312435,0.6333451867103577,0.050035509000736056
3.5502714869078478,1.2184676654967688,2.208608552577589,48.278225184416385,0.023569425379114665,-0.11858122304723813,0.6239658057689667,0.049960235999606084
3.543019129833051,1.2269500517462195,2.0982250982811776,48.313975065953656,0.024344148984478307,-0.11889470312384458,0.7143401235342025,0.05004602199915098
3.543019129833051,1.2269500517462195,2.0982250982811776,48.35020376330502,0.0250867446368494,-0.11913748439185436,0.7032989293336868,0.051512516001821496
3.543019129833051,1.2269500517462195,2.0982250982811776,48.383737909777246,0.025813772386643792,-0.11933858547230133,0.6921097189188004,0.04845206699974369
3.5441467156812503,1.2257814551065425,2.021510034613318,48.41944595200588,0.028379228655298655,-0.11964867683422309,0.7142571121454239,0.04999326100005419
3.5441467156812503,1.2257814551065425,2.021510034613318,48.45469244972647,0.030186695542216365,-0.11983975989920939,0.7044856071472168,0.05003153700090479
3.5492418441700107,1.2185328970699911,1.9635775172413377,48.49240769146016,0.033013079635071794,-0.119619927545208,0.7549465090036391,0.049957502000324894
3.5492418441700107,1.2185328970699911,1.9635775172413377,48.52964233298806,0.035015069050650625,-0.11948397024859087,0.7448397874832153,0.0499901349976426
3.5492418441700107,1.2185328970699911,1.9635775172413377,48.56909448083786,0.03652374124709418,-0.1194189492725676,0.7352745085954666,0.05365635199996177
3.5476380536730163,1.2277546745052137,1.8990845963504268,48.60574543443095,0.037684175051353276,-0.11959059619089041,0.7907194346189499,0.046351401000720216
3.5476380536730163,1.2277546745052137,1.8990845963504268,48.644796901938214,0.03868047909563893,-0.11971066941726252,0.7809058576822281,0.050007907000690466
3.5455721508114455,1.2298630658566372,1.8358647273424336,48.68578945574855,0.04059571788684198,-0.11970418304150132,0.8200776636600494,0.04998618500030716
3.5455721508114455,1.2298630658566372,1.8358647273424336,48.72615330109368,0.042068469202373435,-0.11972519403663176,0.8070883065462112,0.05001168399758171
3.5455721508114455,1.2298630658566372,1.8358647273424336,48.76068191996596,0.039233201608570814,-0.11908005384187041,0.6898129761219024,0.05005504400105565
3.5488299410629978,1.2257598033675656,1.7644636266971556,48.798036672000656,0.039799672285027746,-0.1187995690559157,0.7481866300106048,0.04992705100085004
3.5488299410629978,1.2257598033675656,1.7644636266971556,48.8351023802865,0.040464736473147536,-0.11848700871794272,0.7408080160617828,0.05003416199906496
3.5504317469013302,1.2239627063017695,1.692096563139183,48.874113435264675,0.04297763827537564,-0.11808310765462428,0.7819405555725097,0.04989005199968233
3.5504317469013302,1.2239627063017695,1.692096563139183,48.912890100022345,0.04481858636793534,-0.11769291888736075,0.7740228205919265,0.050097572999220574
3.5504317469013302,1.2239627063017695,1.692096563139183,48.951313552554495,0.046253493701559546,-0.11731223303712836,0.7661242812871932,0.05015302800165955
3.5481650586223465,1.2283470664243066,1.6370451503175387,48.99033168334755,0.04830593471237555,-0.11669741176746745,0.7828841447830199,0.049838958999316674
3.5481650586223465,1.2283470664243066,1.6370451503175387,49.02918273058063,0.04987834408586344,-0.11619364799965894,0.7767798632383346,0.05001551800160087
3.5481650586223465,1.2283470664243066,1.6370451503175387,49.06774682366442,0.051169520704180724,-0.11575394381230755,0.7702448964118958,0.050067313997715246
3.5461440673708187,1.233914536818586,1.575061055048458,49.10944015407772,0.05299600201143666,-0.11564264958587697,0.8343984872102737,0.049968128001637524
3.5461440673708187,1.233914536818586,1.575061055048458,49.15081228667376,0.05444008205708172,-0.11546409049920685,0.8273553162813186,0.050005278000753606
3.5426990080544503,1.2440069430321854,1.5100940551551396,49.194870137434606,0.05627848240361396,-0.11568937253530291,0.8725409179925918,0.05049373599831597
3.5426990080544503,1.2440069430321854,1.5100940551551396,49.23792104150077,0.05779117114916911,-0.11571451396689098,0.8702181845903396,0.04947139100113418
3.5426990080544503,1.2440069430321854,1.5100940551551396,49.28137595797373,0.05909451179251355,-0.11560826999512482,0.8678486794233322,0.05007199700048659
3.542249844544297,1.2494544670975227,1.4380479484098514,49.32599280797554,0.06168109472122957,-0.11558716954330901,0.8941074579954147,0.04990099299902795
3.542249844544297,1.2494544670975227,1.4380479484098514,49.373761672540645,0.06366201338486177,-0.11552096045935333,0.8918485969305038,0.053561630000331206
3.542249844544297,1.2494544670975227,1.4380479484098514,49.41510713151303,0.06537030993292511,-0.11559343002393352,0.8901064336299895,0.04645001699827844
3.540948886678777,1.2662638832120974,1.3708044793861016,49.461732569519796,0.06631288920873273,-0.11589755095335547,0.9322397530078887,0.05001442800130462
3.540948886678777,1.2662638832120974,1.3708044793861016,49.50822441667934,0.06729492732902687,-0.11602127002056063,0.9302020102739333,0.04998037699988345
3.544596680638389,1.2840013706717304,1.2984088827380407,49.55693485633038,0.06775247662675572,-0.1162251725576855,0.95,0.051274147001095116
3.544596680638389,1.2840013706717304,1.2984088827380407,49.60326383882967,0.06848054128534908,-0.11635647623434883,0.95,0.048767349999252474
3.544596680638389,1.2840013706717304,1.2984088827380407,49.6508035032277,0.06933165918378421,-0.11640081649240984,0.95,0.05004175199792371
3.550059981226289,1.3026646025315218,1.2389019036598625,49.69824521027787,0.06859480470769637,-0.11501897481213291,0.95,0.04993863900017459
3.550059981226289,1.3026646025315218,1.2389019036598625,49.74576624707935,0.0687299723050179,-0.11440350477177072,0.95,0.050022144001559354
3.5560388884897813,1.3250265258256946,1.1716923658237735,49.79312496307977,0.06758646026976001,-0.11335272708104949,0.95,0.04985128000043915
3.5560388884897813,1.3250265258256946,1.1716923658237735,49.84071354297977,0.06737716803388054,-0.11285300444702445,0.95,0.05009324200000265
3.5560388884897813,1.3250265258256946,1.1716923658237735,49.88823299138077,0.06777255147359523,-0.11270929212057673,0.95,0.05002047200105153
3.5629910512365086,1.347252570937793,1.0952587385842874,49.93562583517797,0.06617670208014102,-0.10873208066632797,0.95,0.04988720399705926
3.5629910512365086,1.347252570937793,1.0952587385842874,49.984171503978374,0.06564548963187368,-0.10670441878325015,0.95,0.05110070400041877
3.572530214167192,1.3666222643738248,1.0123849865569148,50.03060194647952,0.0635438518159284,-0.09756081517032546,0.95,0.04887415000121109
3.572530214167192,1.3666222643738248,1.0123849865569148,50.078220504578724,0.06271869864658677,-0.09280222305948592,0.95,0.050124797999160364
3.572530214167192,1.3666222643738248,1.0123849865569148,50.12603483297863,0.06268157712576487,-0.09063362508592043,0.95,0.05033087199990405
3.572530214167192,1.3666222643738248,1.0123849865569148,50.17566496097771,0.06318723673795282,-0.08986440080152175,0.95,0.05224223999903188
3.5821722570748027,1.382688907069981,0.9405522289306717,50.22071974457778,0.06210976776584756,-0.027461349831498987,0.95,0.04742608800006565
3.5821722570748027,1.382688907069981,0.9405522289306717,50.26823536257781,0.061867278439431024,0.007254756172610927,0.95,0.0500164400000358
3.59381306299789,1.4048437440732116,0.8583519584455249,50.31572171318209,0.059288264526503466,0.049232678818770415,0.9497748047113418,0.04999748400223325
3.59381306299789,1.4048437440732116,0.8583519584455249,50.364623176381656,0.05880819381092618,0.07303786826614628,0.9485397696495056,0.05155446799835772
3.59381306299789,1.4048437440732116,0.8583519584455249,50.410509211925,0.05915052974709649,0.0854740294962173,0.9466520249843597,0.04847191400040174
3.6104192914248,1.4203936622878308,0.7798500069542188,50.45568984429568,0.05491761627488601,0.09910874325925381,0.9043490588665009,0.0499592849992041
3.6104192914248,1.4203936622878308,0.7798500069542188,50.500904301504,0.05277823467667858,0.10735809063252372,0.9043201804161072,0.04999828400104889
3.6290041095135166,1.4319380250499472,0.7124920717800337,50.545171945810026,0.04959264272222495,0.11167492899499275,0.8863693922758102,0.049942658999498235
3.6290041095135166,1.4319380250499472,0.7124920717800337,50.58959975116804,0.04807846780878053,0.1143328263354417,0.8862863808870315,0.05012804700163542
3.6290041095135166,1.4319380250499472,0.7124920717800337,50.63434170065096,0.04756858358539191,0.1159955950970719,0.8862030297517776,0.050487245000113035
3.6450511866872017,1.446009897348688,0.6631384967064632,50.67694527640237,0.04540140741918711,0.11630247905226168,0.8607747048139571,0.04949445599777391
3.6450511866872017,1.446009897348688,0.6631384967064632,50.719866441612695,0.044452875160302094,0.11652778908235799,0.8592510551214217,0.04995183299979544
3.6618546673155805,1.4583822502119952,0.6601178076189994,50.762185634585514,0.04199293065257392,0.116146615294355,0.8469756752252579,0.04996506300085457
3.6618546673155805,1.4583822502119952,0.6601178076189994,50.804441337537405,0.04086876993291093,0.11595440098508467,0.8450987458229064,0.05000090600151452
3.6618546673155805,1.4583822502119952,0.6601178076189994,50.8466051234101,0.04055522128887482,0.11588387125053566,0.8431754976511001,0.05000594299781369
3.6765131963673903,1.4662587009888606,0.6909902878523894,50.889319817053625,0.03902605363695329,0.1156922700006876,0.8448015809059143,0.050561806001496734
3.6765131963673903,1.4662587009888606,0.6909902878523894,50.93097246189534,0.038472845905831485,0.11559415829176387,0.8418776094913483,0.04947589099901961
3.6765131963673903,1.4662587009888606,0.6909902878523894,50.97296242516181,0.038496167632228746,0.11555173022743868,0.8390262871980667,0.05004606399961631
3.691158640858064,1.4807791773222845,0.7353897142974174,51.015736974720525,0.03529297523038782,0.11555529608247761,0.85616734623909,0.04996050100089633
3.691158640858064,1.4807791773222845,0.7353897142974174,51.05841527817727,0.033806064083201866,0.11558039053629686,0.8533724218606948,0.050011346000246704
3.7010036433682667,1.4887951766022445,0.7845401298405922,51.101280212405406,0.03253403046966981,0.1157483045122078,0.859307849407196,0.049883094001415884
3.7010036433682667,1.4887951766022445,0.7845401298405922,51.14416872151067,0.03217371135497922,0.11586632155543869,0.8560842782258987,0.050098465999326436
3.7010036433682667,1.4887951766022445,0.7845401298405922,51.18896748503604,0.032360637900500505,0.11595440759161893,0.8528588384389877,0.05252775899862172
3.7079665238713395,1.4996447081896322,0.8454415938683578,51.22982937677627,0.03174941981868089,0.11603388580024113,0.8611943483352661,0.04744793300051242
3.7079665238713395,1.4996447081896322,0.8454415938683578,51.272762525703186,0.03177000758073414,0.11609616632664126,0.8581657916307449,0.05002896799851442
3.7162904260772036,1.512224684791782,0.9204051590960535,51.31639555238039,0.029119719904790425,0.1161989328587289,0.875227066874504,0.049853379001433495
3.7162904260772036,1.512224684791782,0.9204051590960535,51.36011256017675,0.027962307597476307,0.11623918517376394,0.8723972052335739,0.050111356998968404
3.7162904260772036,1.512224684791782,0.9204051590960535,51.403615286862916,0.0276914120705593,0.11625497760740167,0.8694273114204406,0.05003607100297813
3.7162904260772036,1.512224684791782,0.9204051590960535,51.446928457066534,0.027908723711470865,0.11627678884486703,0.8662570804357528,0.05000036499768612
3.7162904260772036,1.512224684791782,0.9204051590960535,51.4900823144413,0.02840227071017033,0.11629788883578984,0.8630783557891846,0.04999993000092218
3.7162904260772036,1.512224684791782,0.9204051590960535,51.53309909548049,0.02907290830355886,0.11631579165489797,0.8598577290773392,0.050027788998704636
3.7097209311087687,1.5261309230439635,1.001758784382942,51.576554618847624,0.029485952938449404,0.11633509495753838,0.8697788923978805,0.04996157500136178
3.7097209311087687,1.5261309230439635,1.001758784382942,51.61990579395552,0.03009694128325702,0.1163565856152701,0.8668958604335785,0.050007361998723354
3.7226501268796226,1.5547517156179302,1.1316492251822323,51.66502489102236,0.026578164769954213,0.11679175984465645,0.9030014544725418,0.04996569700233522
3.7226501268796226,1.5547517156179302,1.1316492251822323,51.710097796566025,0.024466898861972525,0.11703578645946722,0.9007135450839996,0.05004133199690841
3.7226501268796226,1.5547517156179302,1.1316492251822323,51.75501933314401,0.023200139317183514,0.11716545352317179,0.8984277307987213,0.050000167000689544
3.7199954760946534,1.557681508881348,1.1974140625728913,51.80013768174156,0.02357013560132314,0.11724253135309984,0.9022785305976867,0.050004901000647806
3.7199954760946534,1.557681508881348,1.1974140625728913,51.84513275077958,0.024299447636581237,0.11727350018850785,0.9000499069690704,0.04999174900149228
3.7199954760946534,1.557681508881348,1.1974140625728913,51.892324562345046,0.025288785040841567,0.11727311052341355,0.8975404828786849,0.052579033999791136
3.716330650600904,1.5613785053516103,1.25600379961503,51.93540063470113,0.025295121574679655,0.11740994594966825,0.9084534227848052,0.04741692999959923
3.716330650600904,1.5613785053516103,1.25600379961503,51.983012847528194,0.025821767511534477,0.11748310412451896,0.9061130791902542,0.052545553000527434
3.7106601376386186,1.5646185443334213,1.3065318276997635,52.02621158125692,0.026839070357422702,0.1177137379973249,0.9123345166444778,0.047349664997454965
3.7106601376386186,1.5646185443334213,1.3065318276997635,52.07182288831202,0.027954522334063453,0.11786179096276261,0.9103096842765808,0.05010526400292292
3.7106601376386186,1.5646185443334213,1.3065318276997635,52.11729441994631,0.029133533097818135,0.1179701897548121,0.9084601610898971,0.050053412996931
3.706913327655071,1.5651358905376804,1.3623412454236699,52.16282254747577,0.03160640934557595,0.11811885434666167,0.9116366773843765,0.04994108800019603
3.706913327655071,1.5651358905376804,1.3623412454236699,52.208448117516845,0.03359399503142165,0.11826342581676774,0.9098446279764175,0.050146551002399065
3.704374303440743,1.5704380816443377,1.421932074674653,52.25430333357891,0.034652683113041684,0.11866496466974814,0.9216691642999648,0.049752359998819884
3.704374303440743,1.5704380816443377,1.421932074674653,52.300434163772024,0.03584208927990387,0.11894510545361281,0.9201781868934631,0.05013249699914013
3.704374303440743,1.5704380816443377,1.421932074674653,52.34636105207127,0.03706368495488996,0.11917789911048557,0.9190122336149216,0.04997418600032688
3.700715562525853,1.5782320228373217,1.479829374938646,52.392732190102066,0.03925782525220415,0.11949994644413559,0.9262534767389297,0.05006311900069704
3.700715562525853,1.5782320228373217,1.479829374938646,52.43895420171331,0.04111977859544099,0.11977031279140811,0.9246950596570969,0.049986221001745434
3.700715562525853,1.5782320228373217,1.479829374938646,52.48511204180908,0.04278066393260563,0.12000942497571768,0.9231416255235672,0.05000082199694589
3.694158417574173,1.5787542273909239,1.5344626289530567,52.53124269610877,0.0458635121376777,0.12018410127830781,0.9234288245439529,0.04995583100026124
3.694158417574173,1.5787542273909239,1.5344626289530567,52.57774215948904,0.04835566090294506,0.12031256295128034,0.920151686668396,0.05053456300083781
3.6902081353496943,1.58974355805539,1.582353743799651,52.62333646421032,0.050805248062305366,0.12029907665779213,0.9213945358991622,0.049484019000374246
3.6902081353496943,1.58974355805539,1.582353743799651,52.669479073705034,0.05291102745562358,0.12031437136012328,0.9181187003850937,0.05025778200069908
3.6902081353496943,1.58974355805539,1.582353743799651,52.71513006031322,0.05480177866476514,0.12034471975134618,0.9147189140319824,0.04990711999926134
3.68830687047247,1.596287162818347,1.6454279494496586,52.760842225768,0.05683957712088667,0.12023082105139973,0.9178134381771087,0.04980550899927039
3.68830687047247,1.596287162818347,1.6454279494496586,52.806673355471396,0.05865502748629238,0.12016114191901733,0.9139513701200485,0.050146135999966646
3.6879292694591586,1.6031886101613233,1.708817628665568,52.852344293975605,0.06051057883346549,0.11994533894474535,0.9154538422822952,0.049888849000126356
3.6879292694591586,1.6031886101613233,1.708817628665568,52.897929333625896,0.06221313672211452,0.11981196855315702,0.9115032702684402,0.05001083499882952
3.6879292694591586,1.6031886101613233,1.708817628665568,52.94381745056731,0.06381034002868345,0.11972014936691008,0.9072372436523437,0.05058006300168927
3.6846561356864345,1.6170905116937575,1.7739126556495382,52.98849922048801,0.06555949846606261,0.11937398691705156,0.9026946067810058,0.049498213000333635
3.6846561356864345,1.6170905116937575,1.7739126556495382,53.0331171400652,0.06712748980343823,0.1190830289109426,0.8944828778505325,0.04988124499868718
3.6846561356864345,1.6170905116937575,1.7739126556495382,53.0774314526082,0.06858892104518703,0.11882725827597841,0.8863218277692795,0.04999799300276209
3.6819427859026397,1.6310514422979494,1.8334178702087616,53.12207206393831,0.0691762392609852,0.11844588203849354,0.8927985846996307,0.050000763996649766
3.6819427859026397,1.6310514422979494,1.8334178702087616,53.16634590137489,0.07005313473281488,0.11813688328040814,0.8846254736185073,0.050048115001118276
3.6750176110060475,1.6549076139025645,1.9002389133842934,53.211352797370814,0.06978813336692588,0.11659687787397607,0.9013631969690322,0.04993203200137941
3.6750176110060475,1.6549076139025645,1.9002389133842934,53.25624649941834,0.06964963535310231,0.11480991619887296,0.8975910484790801,0.050015763998089824
3.6750176110060475,1.6549076139025645,1.9002389133842934,53.30048474821188,0.07003158914948346,0.11195864783562626,0.8839429795742034,0.05004649600232369
3.6629552190309917,1.6756876644611685,1.9746243329082047,53.34464590400896,0.06926918499413037,0.09883264843724611,0.8840117782354354,0.049955392998526804
3.6629552190309917,1.6756876644611685,1.9746243329082047,53.388309919891675,0.06877255471195522,0.08710590031208064,0.8726994663476944,0.05003327899976284
3.652206542203208,1.7023310726999197,2.0509283222459156,53.43354346995619,0.06580922264841642,0.029963208892711788,0.9045480370521545,0.05000679699878674
3.652206542203208,1.7023310726999197,2.0509283222459156,53.477980513048884,0.06396138989321855,-0.008493575061101443,0.8891550302505493,0.04997671000091941
3.652206542203208,1.7023310726999197,2.0509283222459156,53.52170432014717,0.0627822058403043,-0.035669602516137794,0.8740948617458343,0.050021810002363054
3.638672417896367,1.7257277248027134,2.1150070583856397,53.56239790799893,0.05892590922138381,-0.06668670032193855,0.8139074712991714,0.049997805999737466
3.638672417896367,1.7257277248027134,2.1150070583856397,53.60188140932816,0.05652940870536142,-0.08626943977934477,0.7902537554502487,0.04996306699831621
3.638672417896367,1.7257277248027134,2.1150070583856397,53.64144225896041,0.05499851895101531,-0.09866196723140691,0.7674439132213592,0.0515488480014028
3.6217023627240708,1.7496163093735217,2.2025411864600244,53.67689639890601,0.05113139958815374,-0.10796102530573257,0.7319724559783936,0.04843643999993219
3.6217023627240708,1.7496163093735217,2.2025411864600244,53.712565775754584,0.04877295524857401,-0.11364312795886068,0.7133595019578933,0.05000196499895537
3.6026206437913673,1.771293229524504,2.277237240034391,53.74729612903795,0.04267824024547314,-0.11782198803477685,0.6949939966201782,0.04997216300034779
3.6026206437913673,1.771293229524504,2.277237240034391,53.78634347537755,0.040014024439985606,-0.11713233981641055,0.7801833301782608,0.05004893699879176
3.6026206437913673,1.771293229524504,2.277237240034391,53.824338845821345,0.03822288055034581,-0.11674719449348403,0.7597796291112899,0.05000840900174808
3.5810823446542424,1.793036092373022,2.319513734720873,53.859040747650646,0.03300116818435254,-0.11790892956535312,0.6943224310874939,0.04997951999757788
3.5810823446542424,1.793036092373022,2.319513734720873,53.89301866596435,0.02974852944187678,-0.11869574235606367,0.6798879623413085,0.04997576100140577
3.5690353764499667,1.7998948367884506,2.311720137846347,53.924694816230016,0.02683798906071399,-0.11943450359540089,0.6322029024362564,0.05010440499972901
3.5690353764499667,1.7998948367884506,2.311720137846347,53.95557794771333,0.025124420504947988,-0.11987477772257867,0.6185793519020081,0.04992590099936933
3.5690353764499667,1.7998948367884506,2.311720137846347,53.98797786443201,0.024130298454273037,-0.12013767142785872,0.6054876178503036,0.053510453002672875
3.5545052165176547,1.814173415173138,2.2820564519577693,54.0189017547442,0.022998179072563824,-0.12038745152767472,0.6655819743871688,0.04646142999990843
3.5545052165176547,1.814173415173138,2.2820564519577693,54.05148564576538,0.022318907443538295,-0.12056154053101523,0.6512558847665787,0.05003239399957238
3.5545052165176547,1.814173415173138,2.2820564519577693,54.08332664910575,0.021911344466122976,-0.12067846084052075,0.6368338733911514,0.04999891599800321
3.5442567268415908,1.8234307368126246,2.2393951641481102,54.116625739975646,0.021666806679673786,-0.12070939316996188,0.6628847271203995,0.05023360700215562
3.5442567268415908,1.8234307368126246,2.2393951641481102,54.149022137509746,0.021520084007804273,-0.12064546450762897,0.6509319365024566,0.049769254997954704
3.5415469249231286,1.8246376882384676,2.1849981879231835,54.182275116856644,0.021432050404682563,-0.12053942742817968,0.6659271568059921,0.049934860002395
3.5415469249231286,1.8246376882384676,2.1849981879231835,54.215036361120795,0.021379230242809535,-0.12035002507491928,0.6542222112417221,0.0500766309996834
3.5415469249231286,1.8246376882384676,2.1849981879231835,54.247153006574884,0.02134753814568572,-0.12011063693597329,0.6424998819828033,0.04998700599753647
3.542567173009363,1.822918744215245,2.120162388676225,54.28151118943014,0.021555229879799204,-0.11983361124178417,0.6665731847286224,0.051544502002798254
3.542567173009363,1.822918744215245,2.120162388676225,54.31502911957652,0.0217574003084795,-0.11953737425315766,0.6570355385541916,0.051013876996876206
3.5491688599040923,1.8157729652808479,2.056873381962363,54.34700898276362,0.02255412860180714,-0.11898264221852056,0.6575255662202835,0.048636684001394315
3.5491688599040923,1.8157729652808479,2.056873381962363,54.37867646380078,0.0231038630215274,-0.11852238734069487,0.6488074451684952,0.048808750998432515
3.5491688599040923,1.8157729652808479,2.056873381962363,54.41066089089038,0.023497609121081037,-0.11812410449685468,0.6400269240140914,0.04997356500098249
3.549915775282598,1.8126557806444987,1.9926560419335921,54.44428119906592,0.02464138953237343,-0.11779198703588135,0.6719304770231247,0.0500353970019205
3.549915775282598,1.8126557806444987,1.9926560419335921,54.477428296608984,0.025588864376238633,-0.11746045862091235,0.663266035914421,0.04997556899979827
3.549915775282598,1.8126557806444987,1.9926560419335921,54.510269908506366,0.02641486289506653,-0.11713119098217877,0.6547328501939773,0.050160323997261
3.542800323928172,1.8247955449894737,1.9249164378731474,54.54665795060432,0.027890417470964782,-0.11707123606605287,0.7300250291824341,0.049844924000353785
3.542800323928172,1.8247955449894737,1.9249164378731474,54.58282549465796,0.02905894541408598,-0.1169057446074662,0.7224610835313796,0.0500615810015006
3.5396704605802545,1.8350654370059942,1.852347188174194,54.62203428443088,0.030329055331146593,-0.11680250867320163,0.7848453313112258,0.04995734600015567
3.5396704605802545,1.8350654370059942,1.852347188174194,54.660932762888855,0.031403454716203136,-0.11676807107992807,0.7763705253601074,0.05010298200068064
3.5396704605802545,1.8350654370059942,1.852347188174194,54.69924450869724,0.03236906515073629,-0.11680746616403961,0.7680560231208801,0.049881446997460444
3.5402489301880578,1.8330069008373027,1.7898511160345476,54.739671189522674,0.03441309265203388,-0.11678106869149628,0.8067726254463196,0.05010913800288108
3.5402489301880578,1.8330069008373027,1.7898511160345476,54.77989823186228,0.03597309042159981,-0.11682764580779328,0.7981312304735183,0.050401538999722106
3.5402489301880578,1.8330069008373027,1.7898511160345476,54.81906594590903,0.03724684452500502,-0.11694896156151924,0.7901859760284423,0.049567715999728534
3.5446890108233267,1.8267662474004027,1.721407561620231,54.86001076416227,0.04067779061488247,-0.11675458392238518,0.8194491326808929,0.049966271999437595
3.5446890108233267,1.8267662474004027,1.721407561620231,54.90054731524179,0.04307836614425144,-0.11673355603656708,0.8115871161222458,0.04994725800133892
3.5443209143790124,1.8246429558082629,1.6498602543160414,54.94346862222119,0.04655313219055629,-0.11665966334606134,0.8607107758522033,0.049867281999468105
3.5443209143790124,1.8246429558082629,1.6498602543160414,54.98634411883044,0.04899643293276487,-0.1166816700855787,0.8548254042863845,0.05015702200034866
3.5443209143790124,1.8246429558082629,1.6498602543160414,55.0286969908882,0.05078780204805766,-0.11680518086909625,0.8463337242603302,0.050042756000038935
3.5426586440323566,1.8267857167941899,1.5798103778544608,55.07316890666041,0.053678284113127195,-0.11702642736529931,0.8813309520483017,0.05045994999818504
3.5426586440323566,1.8267857167941899,1.5798103778544608,55.116643103164485,0.055764823332141764,-0.11719955383357777,0.8784734010696411,0.04948834700189764
3.5425125423358477,1.8333566226087015,1.5162162084386699,55.16262532520405,0.057874269351190874,-0.11751234637866839,0.9107741743326186,0.050486962998547824
3.5425125423358477,1.8333566226087015,1.5162162084386699,55.20758957203851,0.05947906080772075,-0.11766532723409191,0.9082451015710831,0.04950673200073652
3.5425125423358477,1.8333566226087015,1.5162162084386699,55.25292035875956,0.06080045583182331,-0.11772643127621564,0.9062191367149353,0.050021881997963646
3.5448304348501343,1.8505359530521936,1.4423629642160158,55.30044477095724,0.0625303779979572,-0.11797538160432192,0.9407701075077056,0.050516499002696946
3.5448304348501343,1.8505359530521936,1.4423629642160158,55.34697641474246,0.0639342699611202,-0.11812160944431313,0.9407155781984329,0.0494640939978126
3.5448304348501343,1.8505359530521936,1.4423629642160158,55.39401332730561,0.06516220510983557,-0.11820382437401586,0.9407396435737609,0.04999992599914549
3.5482277463033607,1.8650865339854998,1.3725996703838133,55.44150994245831,0.06565010429015214,-0.11826441145714267,0.95,0.049996437002846505
3.5482277463033607,1.8650865339854998,1.3725996703838133,55.489181396558,0.06636056638115916,-0.1182904044197568,0.95,0.05018047799967462
3.553314789835732,1.8762121980109863,1.3027868826935096,55.53650824290546,0.06757350824090405,-0.11779185291567854,0.95,0.04981773299732595
3.553314789835732,1.8762121980109863,1.3027868826935096,55.58406334860867,0.0687000289071355,-0.11740218971037514,0.95,0.050058006003382616
3.553314789835732,1.8762121980109863,1.3027868826935096,55.631500450055704,0.06983841207675659,-0.11709148033776073,0.95,0.04993379099687445
3.5603527866170257,1.8917848338136292,1.234927433584802,55.679004533157624,0.06995202807815387,-0.11659360614012593,0.95,0.05000429800202255
3.5603527866170257,1.8917848338136292,1.234927433584802,55.72652557470776,0.07051662593025872,-0.11621081284636803,0.95,0.050022149000142235
3.5695415401667066,1.9103318736926616,1.1559396567384137,55.774014291556725,0.07008225529753512,-0.11342975289794532,0.95,0.04998812299891142
3.5695415401667066,1.9103318736926616,1.1559396567384137,55.8215021781067,0.07032071429111568,-0.11168229813082652,0.95,0.04998724899996887
3.5695415401667066,1.9103318736926616,1.1559396567384137,55.86898230125755,0.0709719446755529,-0.11050833126725934,0.95,0.04997907700089854
3.5801110242855065,1.928149424556336,1.0684929424925471,55.91651770110877,0.06982485005003694,-0.10375276005758155,0.95,0.05003726300128619
3.5801110242855065,1.928149424556336,1.0684929424925471,55.96409131280636,0.06968398409332326,-0.09969560501869504,0.95,0.050077485997462645
3.5801110242855065,1.928149424556336,1.0684929424925471,56.01151525675689,0.07014730320719177,-0.09725749491391172,0.95,0.04991994100055308
3.5938815666459085,1.9501634572387103,0.9899365983993426,56.0589475605569,0.06848638013808307,-0.03066079973422044,0.9485256701707839,0.0500063469989982
3.5938815666459085,1.9501634572387103,0.9899365983993426,56.106403083939966,0.06800004241352306,0.007650586609586757,0.9492850601673126,0.04999080400011735
3.608100175915925,1.9659907539716892,0.9055263326722941,56.153142567164906,0.06367185102394239,0.05074638881954234,0.9349606126546859,0.04999085800227476
3.608100175915925,1.9659907539716892,0.9055263326722941,56.200206222531854,0.061884618797844744,0.07609178518457818,0.934586551785469,0.050357727999653434
3.608100175915925,1.9659907539716892,0.9055263326722941,56.24895023125615,0.06149652147230273,0.09095026907446152,0.9337222933769226,0.05220396799995797
3.620036792423937,1.9800271889386347,0.837634049381391,56.29136274966722,0.05816265013180236,0.10252695475293497,0.8936252444982529,0.04746119099945645
3.620036792423937,1.9800271889386347,0.837634049381391,56.33595586303607,0.05649315706707275,0.10952361580296337,0.8923239022493362,0.04997413299861364
3.620036792423937,1.9800271889386347,0.837634049381391,56.38062715757387,0.05585755176435253,0.11374063108303535,0.8921509712934493,0.05007145200215746
3.637543662313204,1.9900571322211569,0.7459192327176408,56.42335748278133,0.05324113635474647,0.11546546467505925,0.8548906356096267,0.049983381999481935
3.637543662313204,1.9900571322211569,0.7459192327176408,56.46647062175712,0.051987822224224836,0.11654028563715836,0.8532014727592467,0.05053101799785509
3.658890585003171,2.0081006143234656,0.6951386805824953,56.50895267938492,0.04798080257745101,0.11626581471573007,0.8270138710737228,0.05136801100161392
3.658890585003171,2.0081006143234656,0.6951386805824953,56.54902663885599,0.045889491034576374,0.11612637353784258,0.8243606209754943,0.04861217099823989
3.681495156302111,2.019756468906437,0.6801323704844564,56.58925434147443,0.04244623803676908,0.11560949988869676,0.8145681083202362,0.049385315000108676
3.681495156302111,2.019756468906437,0.6801323704844564,56.63015910086626,0.04067991235006895,0.11531271760289578,0.8117381900548934,0.050391567001497606
3.681495156302111,2.019756468906437,0.6801323704844564,56.670316120725985,0.039943617273265404,0.11514870300665322,0.8087641060352325,0.04965232700124034
3.681495156302111,2.019756468906437,0.6801323704844564,56.71104305561006,0.03983002149396794,0.11506571754678979,0.805996361374855,0.050529923999420134
3.6968721448428865,2.031513362868828,0.706186675350334,56.75162961185941,0.03676250423987899,0.11498914471188125,0.8193145364522934,0.04953721000129008
3.6968721448428865,2.031513362868828,0.706186675350334,56.79247596640888,0.03528670904636499,0.11496329016041122,0.8164600431919098,0.05002860199965653
3.717060353980803,2.047476474184363,0.7437914586985591,56.83579205788146,0.03241982249975274,0.11501587931246376,0.8266231060028075,0.05240125899945269
3.717060353980803,2.047476474184363,0.7437914586985591,56.87493268865308,0.03107701890802425,0.11507177534062157,0.8237403005361557,0.04751574100009748
3.717060353980803,2.047476474184363,0.7437914586985591,56.915994709534175,0.03060952534160639,0.11512899030660682,0.8212271958589553,0.0500008050003089
3.7325282548658683,2.0632190587326438,0.7922625195446902,56.95786698000029,0.027968486010322723,0.11517139452347215,0.8372959017753601,0.050008927999442676
3.7325282548658683,2.0632190587326438,0.7922625195446902,56.99959766916008,0.026749498879486175,0.11522568093329105,0.8347940653562546,0.049989201997959753
3.7439468168951886,2.0750584665129486,0.8430923363917936,57.042171412758,0.024569699327691704,0.1154423381482925,0.8511192232370376,0.050020893002511
3.7439468168951886,2.0750584665129486,0.8430923363917936,57.084584344834006,0.02326181959661502,0.11560830745669401,0.8486419051885604,0.04997741899933317
3.7439468168951886,2.0750584665129486,0.8430923363917936,57.129041393536646,0.022500983307079427,0.11574373289091704,0.8461736470460891,0.05253891900065355
3.753462318486341,2.084299390974823,0.884979097991689,57.16993605844023,0.022020589984247656,0.11608080175008367,0.8617378294467926,0.0474560399998154
3.753462318486341,2.084299390974823,0.884979097991689,57.21291023340981,0.02173235399054859,0.11629208151391739,0.8592897295951842,0.050011274997814326
3.7640332398564564,2.0963424896985434,0.9495787885399458,57.25680351213165,0.021559412394329153,0.11682544603283164,0.8776252806186675,0.050013690000923816
3.7640332398564564,2.0963424896985434,0.9495787885399458,57.300590730650704,0.02145564743659749,0.11718864950141283,0.8760900229215621,0.04998027300098329
3.7640332398564564,2.0963424896985434,0.9495787885399458,57.34432245988849,0.02139338846195849,0.11744977779746635,0.8746603697538375,0.049998525999399135
3.769819817697847,2.10805363474103,1.0146500192165966,57.38869445960224,0.021356033077175096,0.1177913555357491,0.8877341538667678,0.04998343199986266
3.769819817697847,2.10805363474103,1.0146500192165966,57.43301869610837,0.02133361984630506,0.11802511267981738,0.8861240953207016,0.05002034900098806
3.773053443809253,2.111876840057437,1.0765979070831406,57.47805568848458,0.021320171907783035,0.11828409226609356,0.901280128955841,0.049970026997470995
3.773053443809253,2.111876840057437,1.0765979070831406,57.52624507193496,0.02131210314466982,0.11845740671082189,0.8994280010461807,0.05357781100246939
3.773053443809253,2.111876840057437,1.0765979070831406,57.567935261384555,0.02130726188680189,0.1185805570788613,0.897446146607399,0.04645425199851161
3.773053443809253,2.111876840057437,1.0765979070831406,57.61270985185263,0.021304357132081134,0.11867109845324939,0.8957308799028396,0.049986655001703184
3.773053443809253,2.111876840057437,1.0765979070831406,57.657557432873425,0.021302614279248677,0.1187490243330275,0.893834301829338,0.05017437899732613
3.773053443809253,2.111876840057437,1.0765979070831406,57.703389618112375,0.021301568567549205,0.1188247024187252,0.8922179013490676,0.05136882500300999
3.777041171019499,2.123183295885781,1.1821836386993057,57.747461584848224,0.0219040880917281,0.11909104461483985,0.9093093574047089,0.048467516997334315
3.777041171019499,2.123183295885781,1.1821836386993057,57.792853123738816,0.022824789423869257,0.1192693607509901,0.9078130573034286,0.05000097599986475
3.777041171019499,2.123183295885781,1.1821836386993057,57.83816194446151,0.02394942601867092,0.1193926582634908,0.9059378266334533,0.0500131680018967
3.7761596266607973,2.1279000388576557,1.2375886966166312,57.88513035560606,0.026104184331581425,0.11954316436651122,0.911320599913597,0.05153884500032291
3.7761596266607973,2.1279000388576557,1.2375886966166312,57.93041265909158,0.027966371859362977,0.11968767487646802,0.9091885775327682,0.049805182999989484
3.7762086412627327,2.133607043944447,1.2991541941457767,57.97518490857359,0.029867196074277912,0.1198070731380085,0.9197878748178482,0.04867671199826873
3.7762086412627327,2.133607043944447,1.2991541941457767,58.02114357941561,0.03155038654276773,0.11993037740102408,0.9177558511495589,0.05007723000016995
3.7762086412627327,2.133607043944447,1.2991541941457767,58.06684807664293,0.03311739366930154,0.1200573961717546,0.9156696945428848,0.04991373799930443
3.7788685459708193,2.1449950987121618,1.350517198793416,58.1132174084681,0.03465848280001537,0.1201612544526255,0.9248960763216019,0.05013464000148815
3.7788685459708193,2.1449950987121618,1.350517198793416,58.15923889793576,0.036158626633935306,0.12027425005850767,0.9227376669645309,0.0498749440012034
3.7811914632340216,2.1606786668481157,1.418734967195654,58.206300342222406,0.03700514373663255,0.12035113355408653,0.938928398489952,0.05012250599975232
3.7811914632340216,2.1606786668481157,1.418734967195654,58.253559931882265,0.038055398151178296,0.12045258868271436,0.9366664797067642,0.05045508799958043
3.7811914632340216,2.1606786668481157,1.418734967195654,58.29984081435671,0.03921024363332935,0.12056159847101167,0.9342421621084213,0.04953842199756764
3.7768670223849927,2.178255433178844,1.4833087998559078,58.34676967848959,0.040870481199586084,0.1205437986440694,0.9415659070014953,0.04984129500007839
3.7768670223849927,2.178255433178844,1.4833087998559078,58.39413922985486,0.04248863981161338,0.12052618076725219,0.9374270588159561,0.05053145300189499
3.76958706824475,2.187813757991911,1.5532473982021062,58.44055005683182,0.04477633658643855,0.12038244134380467,0.9385230809450149,0.04945091699846671
3.76958706824475,2.187813757991911,1.5532473982021062,58.48797098036972,0.04677721687314685,0.12028590754386215,0.9343308359384537,0.050753889001498464
3.76958706824475,2.187813757991911,1.5532473982021062,58.53382072249229,0.04861966883038149,0.12021748254130142,0.9300474256277084,0.04929828400054248
3.76464781160773,2.1994854017597456,1.6099651422490406,58.58094422294832,0.050758128851024306,0.12000544803994809,0.9319493263959884,0.050564444998599356
3.76464781160773,2.1994854017597456,1.6099651422490406,58.62837219062221,0.05265970151982784,0.11983033143078037,0.9255735307931899,0.051241707002191106
3.76464781160773,2.1994854017597456,1.6099651422490406,58.67684710464577,0.054417145737183564,0.11963870121595113,0.9170011043548584,0.052862437998555833
3.759646071898184,2.2098371490040445,1.6846696848983962,58.71816992250638,0.05694178741465358,0.11925249811146765,0.9107118874788284,0.04537419400003273
3.759646071898184,2.2098371490040445,1.6846696848983962,58.76423980788262,0.06315646017366855,0.11837232778152293,0.9187422484159469,0.05014451600072789
3.755061277604637,2.216996303913144,1.759219965814449,58.81319197010644,0.06753018632396585,0.11758590858984272,0.9184789448976516,0.053296989000955364
3.755061277604637,2.216996303913144,1.759219965814449,58.85612593228448,0.07062668856897668,0.11707904530649352,0.9156237721443176,0.04689039699951536
3.755061277604637,2.216996303913144,1.759219965814449,58.902789528836685,0.07293989322733113,0.11673949833562951,0.9127840012311935,0.05112227700010408
3.7498732505110417,2.2213684763847508,1.8335903043538215,58.94687399381609,0.07454173637718695,0.11633004591376174,0.9089028507471084,0.048502944999199826
3.7498732505110417,2.2213684763847508,1.8335903043538215,58.99216892908739,0.07595717855269156,0.1160501876205837,0.9062285363674163,0.049981801999820163
3.7458965395793986,2.226314806112646,1.9082646988753345,59.03832127718812,0.07888493864521051,0.11550288431230993,0.8978431403636932,0.05140357599884737
3.7458965395793986,2.226314806112646,1.9082646988753345,59.08181971981654,0.08111615484228529,0.1151418580554951,0.8951994031667709,0.04859078600202338
3.7458965395793986,2.226314806112646,1.9082646988753345,59.12644389263712,0.08292734947962044,0.11488815152305536,0.8926262766122818,0.0499920000002021
3.738393583226972,2.2368246202418303,1.9690103050002652,59.171392835502466,0.08417897824741888,0.11456831218992575,0.8900048494338989,0.050504154998634476
3.738393583226972,2.2368246202418303,1.9690103050002652,59.21516439444115,0.08538724711118631,0.11427252961513343,0.8836881130933761,0.049532813998666825
3.738393583226972,2.2368246202418303,1.9690103050002652,59.2589486240244,0.08654615193950231,0.11397395535300339,0.8764046281576157,0.04995892100123456
3.7259014746957186,2.2525859269092328,2.041653064626537,59.30386297895192,0.0865541502854055,0.11350149395459988,0.8978546917438507,0.05002407999927527
3.7259014746957186,2.2525859269092328,2.041653064626537,59.34854078316774,0.08703578287487185,0.11299603272911368,0.893412959575653,0.05000800999914645
3.7259014746957186,2.2525859269092328,2.041653064626537,59.39331555883597,0.08766935523822877,0.11227120095155513,0.8907001972198486,0.050269188002857845
3.7082678921639003,2.2834439324594253,2.123358447284047,59.44107080403423,0.08419828913494928,0.11012176474131272,0.929129147529602,0.05139785499704885
3.7082678921639003,2.2834439324594253,2.123358447284047,59.48558515922338,0.0823318758123218,0.10703924298403934,0.9212564855813979,0.04831917699993937
3.6836622128226884,2.320799879336554,2.201854915230833,59.53292170561327,0.07602784302908772,0.0945684242255585,0.9470281809568405,0.04998430600244319
3.6836622128226884,2.320799879336554,2.201854915230833,59.58015421492676,0.07242667560028192,0.08357013928932527,0.9439491719007491,0.05003713199766935
3.6836622128226884,2.320799879336554,2.201854915230833,59.627631393536134,0.0704343321576545,0.07302085618998158,0.9386092066764831,0.05058247700071661
3.6568856154103746,2.3494883929004504,2.2712849416133345,59.67306267872814,0.0647605275306004,0.0037465957452389453,0.9181736260652542,0.049480059002235066
3.6568856154103746,2.3494883929004504,2.2712849416133345,59.71805973850667,0.0615498668666421,-0.038475750228790476,0.901896995306015,0.049891572998603806
3.629257241202362,2.369043596632487,2.3544019946580055,59.7574391083383,0.05199152885173193,-0.06996784588159802,0.7875253081321716,0.050003942000330426
3.629257241202362,2.369043596632487,2.3544019946580055,59.795719729019204,0.04603956746038455,-0.08885999906338263,0.7653916746377945,0.050014420001389226
3.629257241202362,2.369043596632487,2.3544019946580055,59.83341536047275,0.04231471876488124,-0.10029272310898904,0.7464012056589127,0.050503175996709615
3.5999209229849622,2.3930957370732457,2.4295600601290355,59.86738789759783,0.03564732843748328,-0.10858492179492835,0.6882912516593933,0.04935779300285503
3.5999209229849622,2.3930957370732457,2.4295600601290355,59.90110922234323,0.03151880555815456,-0.11364180638658836,0.6712356954813004,0.0502376809999987
3.570936872125781,2.4113577317643573,2.4969766170401226,59.93007005683339,0.027431283334892736,-0.11686430450837514,0.5815601795911789,0.04979851700045401
3.570936872125781,2.4113577317643573,2.4969766170401226,59.95862093244315,0.02497877000093564,-0.11874022767877995,0.5675956934690475,0.050301430997933494
3.570936872125781,2.4113577317643573,2.4969766170401226,59.98619005681145,0.023507262000561385,-0.119804071700194,0.5536007434129715,0.04979965199891012
3.54299039933521,2.4284607250383496,2.5227295788598734,60.01185423736918,0.022624357200336828,-0.11921239812112958,0.512618201971054,0.05006490300002042
3.54299039933521,2.4284607250383496,2.5227295788598734,60.036854265894675,0.022094614320202096,-0.11892528843246168,0.5006992161273957,0.04993023300266941
3.54299039933521,2.4284607250383496,2.5227295788598734,60.061333542902425,0.021776768592121257,-0.11881869740106026,0.4891331702470779,0.05004624199864338
3.521012269831002,2.441086439098199,2.4989315696557863,60.08714559305562,0.021586061155272753,-0.11885618988762713,0.509955495595932,0.050616280001122504
3.521012269831002,2.441086439098199,2.4989315696557863,60.11169361296251,0.021471636693163654,-0.11892562522942075,0.49766947031021114,0.04932595100035542
3.5063901905137467,2.4475252211107033,2.4609438929466947,60.13850219663203,0.021402982015898193,-0.1190691436198607,0.5331965327262879,0.05027899099877686
3.5063901905137467,2.4475252211107033,2.4609438929466947,60.16459681704597,0.021361789209538913,-0.11921502857609123,0.5240118265151977,0.04979776999971364
3.5063901905137467,2.4475252211107033,2.4609438929466947,60.19031530606992,0.021337073525723345,-0.11935996359111983,0.5149465411901474,0.04994399800125393
3.5063901905137467,2.4475252211107033,2.4609438929466947,60.217402934594084,0.021322244115434007,-0.11950351324988674,0.5060120016336441,0.05353159299920662
3.5063901905137467,2.4475252211107033,2.4609438929466947,60.24047459561931,0.021313346469260405,-0.11965415672846597,0.49612600207328794,0.04650363199834828
3.509605008302373,2.4421162916993637,2.3582330591650136,60.268199617009365,0.02130800788155624,-0.11964159605734326,0.5518130540847778,0.050243503999809036
3.509605008302373,2.4421162916993637,2.3582330591650136,60.29517942161542,0.021304804728933743,-0.11969596503873335,0.542648959159851,0.04971870700319414
3.509605008302373,2.4421162916993637,2.3582330591650136,60.32203048249659,0.021302882837360246,-0.11978980278193752,0.5336357682943343,0.050317205997998826
3.5097740627276006,2.4389024607863186,2.305962107607279,60.34816542913674,0.021301729702416144,-0.12002653584015249,0.5245868474245071,0.04982005700003356
3.5097740627276006,2.4389024607863186,2.305962107607279,60.373940403937155,0.021301037821449688,-0.1202323359556906,0.5156384915113449,0.049986522000835976
3.5097740627276006,2.4389024607863186,2.305962107607279,60.399227021760076,0.021300622692869812,-0.12041869177269415,0.5068132370710373,0.04989336499784258
3.5124260158693708,2.4313283540018404,2.226629674243291,60.42662895408396,0.021300373615721888,-0.12053852804808304,0.5480904519557953,0.04999527400286752
3.5124260158693708,2.4313283540018404,2.226629674243291,60.4535340006059,0.021300224169433134,-0.12067982630913547,0.5383150398731231,0.049980112999037374
3.511955078501321,2.4350570399543727,2.1448359198579494,60.48322541085868,0.02130013450165988,-0.1208320705710953,0.5930196583271027,0.05006817200046498
3.511955078501321,2.4350570399543727,2.1448359198579494,60.51241053118582,0.021300080700995927,-0.1210018830668393,0.5844453066587448,0.04993644400019548
3.511955078501321,2.4350570399543727,2.1448359198579494,60.541209250073464,0.021300048420597555,-0.1211813948852696,0.5760261625051498,0.04999550499996985
3.511742008200258,2.432312335048663,2.065233944034184,60.57301757279867,0.021552822881799605,-0.12131591929810512,0.6329215794801711,0.05025634100093157
3.511742008200258,2.432312335048663,2.065233944034184,60.60407428516654,0.02184446492425303,-0.12148512538562575,0.624250116944313,0.04975043099693721
3.511742008200258,2.432312335048663,2.065233944034184,60.63488149274003,0.022156118474195602,-0.1216730400102756,0.6157833516597747,0.050029296002321644
3.5114974985249745,2.4351270861699152,2.0008697431735443,60.66787438903531,0.023103509379500273,-0.12179926658734211,0.6603233218193054,0.04996475999723771
3.5114974985249745,2.4351270861699152,2.0008697431735443,60.70046927873574,0.024003918131038027,-0.12195774331727344,0.6517649382352829,0.050010192000627285
3.5158898335504607,2.4305612042954654,1.91935030791415,60.73537653953357,0.02761049163928299,-0.12173060187720489,0.6999569565057754,0.04987058200276806
3.5158898335504607,2.4305612042954654,1.91935030791415,60.77035439247426,0.030067052081767732,-0.12166148191108246,0.6906313121318817,0.05064620199846104
3.5158898335504607,2.4305612042954654,1.91935030791415,60.804466029282956,0.03183411454292775,-0.12163931706794465,0.6822929143905639,0.04999559000134468
3.5161773879906537,2.4332209048637634,1.834569282687452,60.842911234834425,0.03404227784355068,-0.1213521729662917,0.7760713785886764,0.049538233997736825
3.5161773879906537,2.4332209048637634,1.834569282687452,60.88130855192377,0.0356895634596323,-0.1211991841050924,0.7677155971527099,0.05001502800223534
3.5192046957778103,2.4305167814534974,1.7469594606520356,60.92199074720569,0.03939427376179546,-0.12089428034144288,0.8148715585470199,0.04992467199917883
3.5192046957778103,2.4305167814534974,1.7469594606520356,60.96229216089521,0.04194563144677073,-0.12073463396261719,0.8063221782445907,0.04998177499874146
3.5192046957778103,2.4305167814534974,1.7469594606520356,61.002282099915725,0.0437966346396994,-0.12066369650382153,0.7980264753103256,0.050111043001379585
3.520242750666762,2.432310109745581,1.6774243886809992,61.046326224913614,0.045790038088201965,-0.12040835259925337,0.8801535040140152,0.05004141300014453
3.520242750666762,2.432310109745581,1.6774243886809992,61.09028884615539,0.04736607633783787,-0.120272994271344,0.8710823863744735,0.05046895899795345
3.521467047363477,2.4334801622669118,1.5990182232227055,61.13801320203801,0.050415617243971644,-0.12023036732162598,0.9144197672605514,0.05219086199940648
3.521467047363477,2.4334801622669118,1.5990182232227055,61.181641943941536,0.05264989329369439,-0.12015826138189771,0.9106754213571548,0.04790811400016537
3.521467047363477,2.4334801622669118,1.5990182232227055,61.22648604938584,0.05435937305087789,-0.12007281918723188,0.9070975512266158,0.049436916000558995
3.5245553416862823,2.4377514325269107,1.5297422951974096,61.272807899474586,0.0573340548264679,-0.12005330884098292,0.9304603308439254,0.049783799000579165
3.5245553416862823,2.4377514325269107,1.5297422951974096,61.319408615058656,0.05953051156924347,-0.12003396370195914,0.9292395651340484,0.05014930200195522
3.5245553416862823,2.4377514325269107,1.5297422951974096,61.365736666472166,0.061243834061182625,-0.12001272450794916,0.9280754804611205,0.04991840899674571
3.527261737573524,2.447448257290763,1.4559604726218787,61.41330617863293,0.06356204137966459,-0.11976294285601462,0.9472581893205643,0.050218106000102125
3.527261737573524,2.447448257290763,1.4559604726218787,61.46053132536796,0.06538124660113706,-0.11960488657084754,0.945960584282875,0.049922954000066966
3.531042197284935,2.467337001812522,1.3894079336826015,61.508389311020586,0.06651829743063005,-0.11946759760336667,0.95,0.05037682700276491
3.531042197284935,2.467337001812522,1.3894079336826015,61.55557318807056,0.06767335548207493,-0.11936139905426854,0.95,0.04966723899997305
3.531042197284935,2.467337001812522,1.3894079336826015,61.60291113612072,0.06886833711984951,-0.11927067186816903,0.95,0.04982941900016158
3.539094826601443,2.4853830091291997,1.3257224129502416,61.65040215196783,0.06992065933062552,-0.11897641269197685,0.95,0.049990542996965814
3.539094826601443,2.4853830091291997,1.3257224129502416,61.69792180557012,0.07104883269497109,-0.11877169995206965,0.95,0.05002068800240522
3.539094826601443,2.4853830091291997,1.3257224129502416,61.74544393201828,0.07219651708619804,-0.11862526886879429,0.95,0.05002329099806957
3.54586228231753,2.510167891822191,1.2504289014161898,61.79291113896922,0.0723937732554496,-0.11703031869661226,0.95,0.049965481000981526
3.54586228231753,2.510167891822191,1.2504289014161898,61.84049032907002,0.072977007542671,-0.11609671361405499,0.95,0.05008335800084751
3.5550775758506137,2.537109418344508,1.1599502098238852,61.889216727767746,0.07070311278976275,-0.11271321682428626,0.95,0.051290945997607196
3.5550775758506137,2.537109418344508,1.1599502098238852,61.93544596692078,0.0699079077892141,-0.11071910088238304,0.95,0.04866235700319521
3.5550775758506137,2.537109418344508,1.1599502098238852,61.98291945717007,0.06997074469641665,-0.10955677047358266,0.95,0.04997209499924793
3.565784995554789,2.553519095738594,1.0734689170119738,62.0306770582181,0.06818014827201259,-0.10283657798162883,0.95,0.05027115899792989
3.565784995554789,2.553519095738594,1.0734689170119738,62.07799121921795,0.0676690395285457,-0.09930826478595606,0.95,0.04980437999984133
3.5741004848655353,2.567325405688852,1.000867900621209,62.12532472031977,0.06726806447564182,-0.09338313969013137,0.95,0.04982473800191656
3.5741004848655353,2.567325405688852,1.000867900621209,62.172916717370356,0.06753155246769557,-0.0901243676664653,0.95,0.050096839000616455
3.5741004848655353,2.567325405688852,1.000867900621209,62.220909001669284,0.06818478259679776,-0.08858415185941593,0.95,0.05051819399886881
3.5879760132364162,2.5832132620687958,0.9149605388547399,62.26706008267242,0.06561347480557622,-0.01630669176300368,0.9329345911741256,0.049468721001176164
3.5879760132364162,2.5832132620687958,0.9149605388547399,62.31387798617843,0.0645901596304313,0.024994402291059488,0.9331273406744003,0.050173112998891156
3.5879760132364162,2.5832132620687958,0.9149605388547399,62.360451436961974,0.06442681072691295,0.047541503406572344,0.9346371740102768,0.049830513999040704
3.603240951383804,2.601893506748287,0.8277024488262533,62.40615696568978,0.057490366390581214,0.0762362219673443,0.9123577892780304,0.05009605799932615
3.603240951383804,2.601893506748287,0.8277024488262533,62.452282695580564,0.054018223936101964,0.09332278119218637,0.9144473433494568,0.05044110000017099
3.6215232497996546,2.6149848593603404,0.7431235890618573,62.49530094055163,0.04920653030558894,0.10343551365549737,0.8694983184337616,0.04947478800022509
3.6215232497996546,2.6149848593603404,0.7431235890618573,62.54008946576206,0.04677597430517953,0.10961286144265756,0.8693013221025466,0.051522440000553615
3.6215232497996546,2.6149848593603404,0.7431235890618573,62.58220774317322,0.04579395358068157,0.11343529890065923,0.8690809398889541,0.048463008999533486
3.636517119199335,2.620436377895938,0.6810556784495435,62.62389338407115,0.044206997599020054,0.11508070153048952,0.8335475921630859,0.050009910999506246
3.636517119199335,2.620436377895938,0.6810556784495435,62.66553425926262,0.04368583312381175,0.11616608334810327,0.8329684376716613,0.049990940002317075
3.636517119199335,2.620436377895938,0.6810556784495435,62.707284531833636,0.04380367708652537,0.11691535015839809,0.8323898494243621,0.050157114001194714
3.655873170978389,2.634690548499252,0.6405877203648799,62.747091049224686,0.041037793948944336,0.11639107048474834,0.7987202942371368,0.04983786899902043
3.655873170978389,2.634690548499252,0.6405877203648799,62.786949155042365,0.03978725784700866,0.11614518392064026,0.7969544619321822,0.05001302799792029
3.674661517214174,2.648423347639801,0.6612417164415839,62.826873211256256,0.037733424208651514,0.11591470139013439,0.799389198422432,0.049943202000577
3.674661517214174,2.648423347639801,0.6612417164415839,62.86678690288565,0.036884806217009146,0.11583417115680403,0.7973365634679794,0.05005877499934286
3.689670500085696,2.6535138910743976,0.7040118267626402,62.90813975556141,0.03439098010137935,0.11596918736739173,0.811210224032402,0.05097673999989638
3.689670500085696,2.6535138910743976,0.7040118267626402,62.94779873930954,0.0332765154819206,0.11610755106713302,0.809064045548439,0.049018349000107264
3.689670500085696,2.6535138910743976,0.7040118267626402,62.98847392561802,0.03297403262737486,0.11624557483736234,0.8070057481527328,0.050402598000800936
3.6976089585327503,2.6555554327856936,0.7489251468481151,63.02880571827694,0.03249054418017324,0.11650730078544352,0.8134302407503128,0.04958236200036481
3.6976089585327503,2.6555554327856936,0.7489251468481151,63.0694093067858,0.03257995758062515,0.11671669784263453,0.8112502008676529,0.05005063600037829
3.6976089585327503,2.6555554327856936,0.7489251468481151,63.10985340912901,0.03301755048993774,0.11689434947416592,0.8090417355298996,0.04999013099950389
3.7093848051504383,2.6630313811993584,0.8162816660023453,63.151103047921886,0.03197012882330148,0.11722128213551886,0.8258562415838241,0.04994772300051409
3.7093848051504383,2.6630313811993584,0.8162816660023453,63.192349477653764,0.031719087844479854,0.11748346937362698,0.8242415398359298,0.050041678001434775
3.7093848051504383,2.6630313811993584,0.8162816660023453,63.23638327335354,0.03194585280739592,0.11770681174197405,0.8226271778345108,0.05352825299996766
3.717864888319757,2.6716272664507716,0.886467384659126,63.275584292641675,0.030668603641529835,0.11818330306767588,0.8442214637994766,0.046434520998445805
3.717864888319757,2.6716272664507716,0.886467384659126,63.31772785315363,0.030260926164829706,0.11853194486474493,0.8426869988441467,0.05001093000100809
3.7242993329015346,2.67998793636732,0.9574157705593552,63.36047539897284,0.03036415295460461,0.11900045306310356,0.8546883732080459,0.050015359000099124
3.7242993329015346,2.67998793636732,0.9574157705593552,63.40527156173578,0.030829274455658424,0.11934658426538289,0.8529664814472198,0.05251808100001654
3.7242993329015346,2.67998793636732,0.9574157705593552,63.4478339004607,0.03153354346749296,0.11962183558043946,0.8511499136686325,0.05000568999821553
3.729220072325558,2.6856780444332133,1.017596442180475,63.48914439046871,0.030617738902551594,0.12004239227233594,0.8701633155345916,0.047474409999267664
3.729220072325558,2.6856780444332133,1.017596442180475,63.532524608277036,0.03049060621260563,0.12032988349114815,0.8679242730140686,0.049981570002273656
3.735849511423079,2.6957200869414097,1.086773537508371,63.57649048122452,0.03049287961959219,0.12059357332894183,0.8800626784563064,0.04995766099818866
3.735849511423079,2.6957200869414097,1.086773537508371,63.62041279355334,0.030983212334152316,0.12080455641573057,0.8776299804449081,0.05004650400223909
3.735849511423079,2.6957200869414097,1.086773537508371,63.66420748612927,0.03176589324607626,0.12098386538401475,0.8751996606588364,0.050039658999594394
3.739975693992978,2.706341161697726,1.1551173949409268,63.708519362187,0.032149593022669405,0.12119122894033926,0.8882093459367751,0.04988899999807472
3.739975693992978,2.706341161697726,1.1551173949409268,63.75290706301047,0.032855488829138906,0.1213638839210578,0.8858247786760329,0.05010889500044868
3.7455361302437082,2.716961622280933,1.224945128442588,63.799610719629236,0.03640838520069303,0.12170027357849528,0.9370531111955642,0.049840992000099504
3.7455361302437082,2.716961622280933,1.224945128442588,63.84647251320159,0.03890924636327853,0.12187777437277467,0.9349953234195709,0.0501198160018248
3.7455361302437082,2.716961622280933,1.224945128442588,63.89314624489487,0.04078014089944142,0.12195984886591332,0.9329302877187728,0.05002917399906437
3.74978015271202,2.73318931108133,1.2808903865307186,63.94072874338756,0.04157498916555749,0.12184821108880459,0.9413655698299408,0.05054624900003546
3.74978015271202,2.73318931108133,1.2808903865307186,63.98716199591468,0.04245716947656457,0.12175765359343779,0.9393748253583908,0.04942995199962752
3.74978015271202,2.73318931108133,1.2808903865307186,64.03453949559028,0.043381954779276755,0.12168030931914861,0.9374322682619094,0.05053965100159985
3.751453796952179,2.7463741752450828,1.3442146590411859,64.08147403080378,0.04261329159143538,0.12153501864889274,0.9477493494749069,0.049522096996952314
3.751453796952179,2.7463741752450828,1.3442146590411859,64.13205432520523,0.04258613559605462,0.12140467856299286,0.9451517045497894,0.053515530002187006
3.7530903547018664,2.7565095574134038,1.4113328421149485,64.17641280542354,0.04279939903617967,0.12109025176746491,0.947299638390541,0.046826239999063546
3.7530903547018664,2.7565095574134038,1.4113328421149485,64.22331389093729,0.04334411343217533,0.12087160740126873,0.9454032868146895,0.0496096069982741
3.7530903547018664,2.7565095574134038,1.4113328421149485,64.2704816923156,0.04411471545863534,0.12071037527221266,0.9434794157743454,0.04999346100157709
3.750272055260029,2.7592262307318234,1.4793958730765373,64.31740950402461,0.04664698445897332,0.12032082936941281,0.938568153977394,0.04999936500098556
3.750272055260029,2.7592262307318234,1.4793958730765373,64.36427266017043,0.048683699989921045,0.12005089081393895,0.9366879403591155,0.050030702997901244
3.7491098343437974,2.76872135893758,1.5483048622350688,64.41115938224212,0.050764686837557665,0.11971756432692539,0.9391376256942748,0.04992529400260537
3.7491098343437974,2.76872135893758,1.5483048622350688,64.45808981927063,0.052546351894595444,0.11948176750087935,0.9372003346681594,0.050075138999090996
3.7491098343437974,2.76872135893758,1.5483048622350688,64.50485819739643,0.054132805791412726,0.11930404978122829,0.9353203475475311,0.050002523999864934
3.7469594926120746,2.771767219870484,1.6072586388868324,64.55137989244997,0.05706614644939598,0.11894276188091349,0.9311363130807876,0.04996228199888719
3.7469594926120746,2.771767219870484,1.6072586388868324,64.59784781662543,0.059339114616005995,0.11869005707666822,0.92927286028862,0.05000460700102849
3.7469594926120746,2.771767219870484,1.6072586388868324,64.64471978758918,0.06121526109557711,0.11850254504540889,0.9274115592241287,0.05054063699935796
3.743270510232936,2.783649013489898,1.6793285888742022,64.69307913314059,0.06301214854348519,0.11826153974926071,0.9268294036388397,0.052177181001752615
3.743270510232936,2.783649013489898,1.6793285888742022,64.736838290553,0.0646259760882188,0.11809214103934523,0.925010797381401,0.04730664499948034
3.743270510232936,2.783649013489898,1.6793285888742022,64.78440994166523,0.06615347695504004,0.11795507281254147,0.922823679447174,0.05155009800000698
3.738985344751833,2.799479749737889,1.7457832007642138,64.82936995686538,0.06660443050953373,0.11774513250130661,0.9286183387041091,0.04841603199747624
3.738985344751833,2.799479749737889,1.7457832007642138,64.87574951347288,0.06746382059629336,0.11757517293416408,0.9261923223733901,0.05007551400194643
3.735362807033018,2.8171129706913143,1.8121419649923602,64.92215224707388,0.06727408994421705,0.11741540929867594,0.9293660074472427,0.04992945000049076
3.735362807033018,2.8171129706913143,1.8121419649923602,64.96996619021874,0.06777868312111703,0.11728322804685692,0.9270165473222732,0.05157830600001034
3.735362807033018,2.8171129706913143,1.8121419649923602,65.01473611857637,0.06869349969334129,0.11716622770259535,0.9246925115585327,0.04841601699808962
3.7293680378218688,2.8347596382235407,1.8673388276693224,65.06094407978499,0.06995926411692335,0.11690627491730306,0.9238887280225754,0.050014639000437455
3.7293680378218688,2.8347596382235407,1.8673388276693224,65.1069548886383,0.07147054965343495,0.11670102689419896,0.9205501526594162,0.049981860000116285
3.7182659043198907,2.8532483289265276,1.939345294004008,65.15533566655051,0.07204651138214123,0.11648095139118857,0.921909761428833,0.052478865000011865
3.7182659043198907,2.8532483289265276,1.939345294004008,65.19898390589834,0.07320153391973884,0.11629410557897585,0.9183042019605636,0.047531350999634014
3.7182659043198907,2.8532483289265276,1.939345294004008,65.24472324752554,0.07462003836999363,0.11613352521033106,0.9150768935680389,0.049984151002718136
3.7070423902989407,2.880044601517923,2.0170574251515094,65.29230818049261,0.07385392838698641,0.11601570262772451,0.9231108218431472,0.05154845099968952
3.7070423902989407,2.880044601517923,2.0170574251515094,65.33686080830019,0.07421993967283974,0.11588705428995258,0.9192541331052779,0.048466061998624355
3.6936396674529224,2.9064102348802643,2.0972734049851613,65.38682909870928,0.0727106113218618,0.1154271533999298,0.9355755537748336,0.05340914499902283
3.6936396674529224,2.9064102348802643,2.0972734049851613,65.43198998519094,0.0726943324198337,0.11481103246888244,0.9373971611261367,0.04817689700212213
3.6936396674529224,2.9064102348802643,2.0972734049851613,65.4774348342956,0.07290955508887836,0.11369246331143809,0.9381849199533462,0.04843911699936143
3.679485932469092,2.9221526158044817,2.177006128624484,65.52423191906502,0.0722189793893103,0.09499005846553107,0.9349471360445022,0.05005318799885572
3.679485932469092,2.9221526158044817,2.177006128624484,65.57047331814611,0.07190616082599188,0.07961261315568124,0.9248393386602402,0.04999938599939924
3.679485932469092,2.9221526158044817,2.177006128624484,65.6162157286965,0.07182149202496067,0.02629065062656304,0.9159884333610534,0.049937760002649156
3.66185731707667,2.943459075384018,2.266706213821208,65.65916957919856,0.0669388551167861,-0.02554774793354094,0.8592795938253402,0.04998821199842496
3.66185731707667,2.943459075384018,2.266706213821208,65.70406892805077,0.06391560319973322,-0.057452696039482484,0.838494923710823,0.053547550000075717
3.66185731707667,2.943459075384018,2.266706213821208,65.74194385834174,0.061962346100290375,-0.07739533035409721,0.8165162712335586,0.04638600800171844
3.6436612364924947,2.962740311154383,2.3464792495586586,65.77913236772376,0.05419107798545346,-0.09443112283022564,0.7427583873271941,0.050068110998836346
3.6436612364924947,2.962740311154383,2.3464792495586586,65.81535461799741,0.04955614002829066,-0.10468688052339173,0.7235828131437301,0.05005957799949101
3.621096524693533,2.978817395108824,2.421948805184717,65.84886754210677,0.04286881007126135,-0.11155551696683655,0.6663550674915314,0.05029289300000528
3.621096524693533,2.978817395108824,2.421948805184717,65.88198159001414,0.03876930887920357,-0.11580005898991638,0.6472018033266067,0.051164950000384124
3.621096524693533,2.978817395108824,2.421948805184717,65.91257301159654,0.03623146543158708,-0.1184662748272384,0.6286625176668167,0.04866111899900716
3.600308514741092,2.9899225619376155,2.47156627113028,65.93998738324062,0.03241597383769523,-0.12030452542872218,0.5502591103315353,0.0498208409990184
3.600308514741092,2.9899225619376155,2.47156627113028,65.96686675077392,0.030196549591733048,-0.1213676551185309,0.5366949021816253,0.05008314299993799
3.579111240461288,3.002673841282091,2.5021901343894597,65.99148584444455,0.027375836937018054,-0.12121891374601478,0.4935463070869446,0.04988203399989288
3.579111240461288,3.002673841282091,2.5021901343894597,66.0156042335936,0.02575041384600867,-0.12109566328056785,0.48151894211769103,0.0500881420011865
3.579111240461288,3.002673841282091,2.5021901343894597,66.03929842869749,0.02483674473228019,-0.12098117469029505,0.46942034363746643,0.0504754329995194
3.5658046671492927,3.0059703122721775,2.4773742789077287,66.06047881221427,0.023651388357054957,-0.12089877008364724,0.4279807865619659,0.04948909900122089
3.5658046671492927,3.0059703122721775,2.4773742789077287,66.08146255938692,0.023024518471939426,-0.12088030266145544,0.420025622844696,0.04995825500009232
3.5658046671492927,3.0059703122721775,2.4773742789077287,66.1020787082981,0.02273187418698255,-0.12089987806904123,0.4121447503566742,0.05002162199889426
3.560057962571294,3.0034569086929928,2.4347722706378345,66.1237795430268,0.022828410446160935,-0.1207950771595705,0.4330388754606247,0.05011290200127405
3.560057962571294,3.0034569086929928,2.4347722706378345,66.1450248162374,0.02295783166856402,-0.12075930957470347,0.42529486417770385,0.049954220001382055
3.563129285285312,2.9996404067174125,2.375155526340827,66.16811551309237,0.023337151108806336,-0.1205429799823404,0.46185781359672545,0.04999524999948335
3.563129285285312,2.9996404067174125,2.375155526340827,66.1907941821253,0.0236406562320143,-0.1204384307544494,0.45393871963024135,0.049959758998738835
3.563129285285312,2.9996404067174125,2.375155526340827,66.21310359628153,0.023896130060657862,-0.12039960744864132,0.4462420463562011,0.04999397600113298
3.563129285285312,2.9996404067174125,2.375155526340827,66.23504267046684,0.024121453514996172,-0.12039888216785422,0.4387803077697754,0.050000134000583785
3.563129285285312,2.9996404067174125,2.375155526340827,66.25765236089923,0.024328428716244105,-0.12042201229174036,0.43133012056350706,0.05241852899780497
3.5745274697748846,2.987466417209419,2.2482249755322945,66.28204389619349,0.026499042189587235,-0.12003041427277981,0.5127953797578811,0.04756582499976503
3.5745274697748846,2.987466417209419,2.2482249755322945,66.30805396737205,0.027986880854647803,-0.1198198623713461,0.5047336488962173,0.05153227100163349
3.5745274697748846,2.987466417209419,2.2482249755322945,66.33210640927439,0.029070294628072646,-0.11972119732240483,0.4962797939777374,0.048465486997884
3.5734296441558304,2.9897094488557068,2.1820571343676503,66.35950156139364,0.030663165110068835,-0.11944640590870169,0.5478311121463776,0.05000656500124023
3.5734296441558304,2.9897094488557068,2.1820571343676503,66.38647117902111,0.03184391925198872,-0.11932321854903571,0.5391386985778809,0.05002352399969823
3.5703892533917427,2.99308112671855,2.1152316682002414,66.41651597268952,0.0334585105148735,-0.11904056589886113,0.5955791383981704,0.050446350000129314
3.5703892533917427,2.99308112671855,2.1152316682002414,66.44556632954011,0.03468474672840729,-0.11894426656415799,0.5858999878168106,0.049582449999434175
3.5703892533917427,2.99308112671855,2.1152316682002414,66.47434457390072,0.03566542104844268,-0.11895810075194084,0.5761399209499359,0.04995009599952027
3.566284892550674,2.999553622614218,2.058831874197016,66.50577131612135,0.036058343863272765,-0.1191585737919238,0.6287509083747863,0.04998281799998949
3.566284892550674,2.999553622614218,2.058831874197016,66.53680928237475,0.036561645994057715,-0.11930009117456833,0.6198132544755935,0.05007631900298293
3.566284892550674,2.999553622614218,2.058831874197016,66.56744249095094,0.03710826076833633,-0.11940837377746438,0.6113139867782592,0.05011043299964513
3.561555435737573,3.0056591404099606,1.9891590556850405,66.6005617202247,0.038566964791823796,-0.11940576597714148,0.6647836834192276,0.04981955800030846
3.561555435737573,3.0056591404099606,1.9891590556850405,66.63377046797972,0.03970100529587828,-0.11942980745234325,0.6558638095855712,0.05063360299755004
3.5555209676555197,3.0168601121226626,1.9143850096917154,66.67077812890012,0.039715331718901174,-0.11957597290753266,0.7497672438621521,0.04935886599923833
3.5555209676555197,3.0168601121226626,1.9143850096917154,66.7078182114601,0.04001335342262946,-0.11969080421494807,0.7399045169353484,0.050060625002515735
3.5555209676555197,3.0168601121226626,1.9143850096917154,66.7442830401649,0.040481830951778666,-0.1197868541071854,0.730033352971077,0.04994953799905488
3.5552038188784247,3.021076620552872,1.8405961673424638,66.78477623192605,0.0420148020489267,-0.11974844665467989,0.7857213675975799,0.051536325001507066
3.5552038188784247,3.021076620552872,1.8405961673424638,66.82234000617089,0.04328580567260096,-0.11975027400934846,0.7751565545797348,0.048459596997417975
3.5540037438161467,3.023855967985051,1.7789861086669292,66.86316294478387,0.04530012350690073,-0.1196677236478576,0.8186542391777039,0.04986591000124463
3.5540037438161467,3.023855967985051,1.7789861086669292,66.90365804759831,0.04688054955847088,-0.11964528016573482,0.8073386430740356,0.05015875699973549
3.5540037438161467,3.023855967985051,1.7789861086669292,66.94338588226925,0.04819668875245466,-0.11966145189002927,0.7949583381414413,0.04997473800176522
3.553855761118331,3.026551440606943,1.7055920872818386,66.98681969256035,0.04964489821260103,-0.1195195064031826,0.8687652021646499,0.04999487799796043
3.553855761118331,3.026551440606943,1.7055920872818386,67.02956923115732,0.050879965565591614,-0.11946413428090491,0.8549628317356109,0.05000163400109159
3.553855761118331,3.026551440606943,1.7055920872818386,67.07168080485951,0.051983223761313896,-0.11946276849807785,0.8409589350223541,0.05007565999767394
3.552627683173772,3.0428035367042265,1.6374671095866267,67.11831180421642,0.053179398420568555,-0.11935259119451933,0.9063457489013671,0.05144946000291384
3.552627683173772,3.0428035367042265,1.6374671095866267,67.16166689110743,0.054318495537707956,-0.11928524741995866,0.8930632472038269,0.04854649099797825
3.552627683173772,3.0428035367042265,1.6374671095866267,67.20557722170264,0.05537644383065089,-0.11927673679273447,0.8788478016853332,0.04996352099988144
3.5502485988423955,3.0564378057444603,1.570109360349034,67.25239032373082,0.055396599750233796,-0.11893379128981305,0.9366209536790847,0.04998084000180825
3.5502485988423955,3.0564378057444603,1.570109360349034,67.2994865481113,0.059391965377636614,-0.11840420148973867,0.9402266263961792,0.05009028999847942
3.550539772685173,3.0714373877313985,1.5059603928452294,67.35023874011229,0.061974178021137624,-0.11831840742948772,0.95,0.05342336000103387
3.550539772685173,3.0714373877313985,1.5059603928452294,67.39441054716143,0.06385403315125984,-0.11815342944457008,0.95,0.046496638999087736
3.550539772685173,3.0714373877313985,1.5059603928452294,67.44189572811236,0.06526961159645964,-0.11795568252559825,0.95,0.04998440100098378
3.5519265213713083,3.0849482432666355,1.4454862894722955,67.48939783711182,0.06624717791044384,-0.11809094539258673,0.95,0.05000221999944188
3.5519265213713083,3.0849482432666355,1.4454862894722955,67.53928621406055,0.06712761449315352,-0.11808147544249173,0.95,0.052514080998662394
3.553972573445869,3.096215296260564,1.3735294074202522,67.58433629516283,0.06796798090635658,-0.11786778279891177,0.95,0.04742113800239167
3.553972573445869,3.096215296260564,1.3735294074202522,67.63190849516239,0.06878030693828416,-0.11771959250420669,0.95,0.05007599999953527
3.553972573445869,3.096215296260564,1.3735294074202522,67.6793949643118,0.06959305868327231,-0.11760958066731894,0.95,0.04998575699937646
3.5586619964334223,3.1113673982793126,1.3023619955960992,67.72690843151038,0.06883209196197755,-0.11577449101895215,0.95,0.050014175998512655
3.5586619964334223,3.1113673982793126,1.3023619955960992,67.77443428196064,0.06876492886226038,-0.11470023786240889,0.95,0.050027211000269745
3.566048128191848,3.1330635864109544,1.2244547035968762,67.82190029951205,0.06683331148910915,-0.11079945561417384,0.95,0.049964229001489
3.566048128191848,3.1330635864109544,1.2244547035968762,67.86938771581052,0.06611791144066093,-0.1085421299763229,0.95,0.04998675399838248
3.566048128191848,3.1330635864109544,1.2244547035968762,67.91806041671106,0.06613244015129231,-0.10727091406748929,0.95,0.05123442200056161
3.575358057051232,3.1578364814461453,1.1570865117172993,67.96442857341252,0.0638812336811532,-0.10019541367868326,0.95,0.0488085860015417
3.575358057051232,3.1578364814461453,1.1570865117172993,68.01189281731065,0.0629845066958135,-0.0961203359662279,0.95,0.04996236199804116
3.575358057051232,3.1578364814461453,1.1570865117172993,68.05944306376212,0.06291084123214874,-0.0938503517567387,0.95,0.050052891001541866
3.5903443968762963,3.184875348391026,1.0757146989371351,68.10691921876303,0.06060818739271637,-0.01966081105823938,0.95,0.0499749000009615
3.5903443968762963,3.184875348391026,1.0757146989371351,68.15439258551275,0.05972609798631952,0.022483850460316993,0.95,0.049971964999713236
3.6019475455177137,3.206498926343215,0.9854294735976357,68.20083894394563,0.053992599192392146,0.06160278853241578,0.9312179088592529,0.04987700299898279
3.6019475455177137,3.206498926343215,0.9854294735976357,68.24757434332545,0.050989703263718676,0.085155688145542,0.9323053807020187,0.05012885299947811
3.6019475455177137,3.206498926343215,0.9854294735976357,68.29427910830543,0.04963269992225098,0.09935800458120336,0.9333447784185409,0.05004020599881187
3.620559052735652,3.2247579577152528,0.9018928295323031,68.33916175845464,0.04634756889076666,0.10698394909576792,0.8978874772787093,0.04998694300229545
3.620559052735652,3.2247579577152528,0.9018928295323031,68.38408036860426,0.04480806348402283,0.11165057739660869,0.8988537728786468,0.04997321200062288
3.633789346616758,3.2395443896369494,0.8370745221426389,68.4276428406323,0.04189014081763614,0.11380218220380384,0.8737082302570343,0.049859290000313194
3.633789346616758,3.2395443896369494,0.8370745221426389,68.47146726414019,0.04055401500825517,0.11516940565483236,0.8740506380796432,0.050139455997850746
3.633789346616758,3.2395443896369494,0.8370745221426389,68.5151963927272,0.04016635749795695,0.11607129795298853,0.8747098594903946,0.049992724001640454
3.649148479379349,3.252692333420016,0.7972920943433677,68.5581896747948,0.037993372345320346,0.11609532012311148,0.8587462484836578,0.050065175997588085
3.649148479379349,3.252692333420016,0.7972920943433677,68.60100018441265,0.03710565493366239,0.11615999444584565,0.8575501143932343,0.049921875001018634
3.649148479379349,3.252692333420016,0.7972920943433677,68.64382736023092,0.03696023771680068,0.11624130907213996,0.8560996800661087,0.05002592199889477
3.6609913220922676,3.2661509016406143,0.8180046014154486,68.68881353365347,0.03501042681644363,0.11603948654267973,0.8556898891925812,0.05257298700234969
3.6609913220922676,3.2661509016406143,0.8180046014154486,68.7314511600068,0.03426639656847717,0.11592383850535028,0.852910366654396,0.0499907470002654
3.671333814099121,3.2737117414617813,0.8620473357016295,68.77223196714165,0.032768219355499756,0.1159068850810544,0.8600849062204361,0.0474148619978223
3.671333814099121,3.2737117414617813,0.8620473357016295,68.81511954468938,0.03225838592276335,0.11590123105855085,0.8575424134731292,0.0500121940021927
3.671333814099121,3.2737117414617813,0.8620473357016295,68.85786741404951,0.032366537932308675,0.11590057330615101,0.8548284620046616,0.0500075409981946
3.6772301844861635,3.2779290204935383,0.9079593353182271,68.90093598904558,0.031966323842854596,0.11597333262733685,0.8606969028711319,0.05003918900183635
3.6772301844861635,3.2779290204935383,0.9079593353182271,68.94383562998175,0.032088471287638726,0.11604005283339063,0.8587500989437102,0.049955907998082694
3.6849756430346248,3.287524035552543,0.9684816773054516,68.98876169785854,0.03073929198631691,0.1161705195082619,0.8707592874765395,0.05159413000001223
3.6849756430346248,3.287524035552543,0.9684816773054516,69.03090283669906,0.030242102730566545,0.11627112502893175,0.8689587444067001,0.04849613300029887
3.6849756430346248,3.287524035552543,0.9684816773054516,69.07419139684202,0.030237252049621514,0.11635221883678654,0.8672659009695053,0.04991382699881797
3.6954980713329992,3.2971542703082437,1.0379592789682086,69.11823994534966,0.028570290227518422,0.116520132094766,0.881031408905983,0.049996570000075735
3.6954980713329992,3.2971542703082437,1.0379592789682086,69.16217857904323,0.027845389258733953,0.11663594333538133,0.8788106560707092,0.049997838999843225
3.6954980713329992,3.2971542703082437,1.0379592789682086,69.20607999153033,0.027685046799106335,0.11672046475534867,0.8765959620475768,0.05008169600114343
3.700859375061489,3.3054405020531386,1.1078545367310522,69.25179206481306,0.026381038550807794,0.11686199601248044,0.8885177224874496,0.0514475650015811
3.700859375061489,3.3054405020531386,1.1078545367310522,69.29475162512935,0.02588427735821829,0.11696255502554856,0.8862123161554336,0.04847547199824476
3.7007156224578153,3.3058617326364703,1.168211641956272,69.33927837099802,0.025685622831919344,0.11711133657367874,0.8918681889772415,0.04992525399939041
3.7007156224578153,3.3058617326364703,1.168211641956272,69.38382469027425,0.025857435131513208,0.11722755872292429,0.8896476060152053,0.05007187000228441
3.7007156224578153,3.3058617326364703,1.168211641956272,69.42820107656247,0.02624397418763824,0.11732588078429168,0.8871852368116379,0.05001930199796334
3.700904119729244,3.3066551180119093,1.2361205180595187,69.47285522464735,0.026653725754419495,0.11748405376583257,0.8933878749608993,0.04998293500102591
3.700904119729244,3.3066551180119093,1.2361205180595187,69.51737889439299,0.027227054388045985,0.11760226535505008,0.8904910266399383,0.04999900999973761
3.700904119729244,3.3066551180119093,1.2361205180595187,69.56174622003475,0.02790591213150008,0.11769504575554103,0.8875523895025252,0.049988401999144116
3.7031786469970296,3.309461190499356,1.3025192285244676,69.606473387827,0.028181557852287195,0.11783160465135317,0.8943122118711471,0.05001292300221394
3.7031786469970296,3.309461190499356,1.3025192285244676,69.65239977076845,0.028681940673744143,0.11793352423414076,0.8912839949131012,0.05152833799729706
3.704064622005968,3.313533490726535,1.3589677399461408,69.69586917878483,0.028780621432635465,0.11805310760917952,0.897089809179306,0.04845602700152085
3.704064622005968,3.313533490726535,1.3589677399461408,69.74075713390069,0.02915334304772215,0.1181513888536852,0.8943688362836837,0.05018953399849124
3.704064622005968,3.313533490726535,1.3589677399461408,69.78517059387082,0.029700709584965686,0.11823774951094158,0.8915593028068542,0.049815486003353726
3.7045712781559406,3.323555976792003,1.4154894548217116,69.8302032952048,0.029079024376639354,0.11830174194213014,0.90094236433506,0.04998399799660547
3.7045712781559406,3.323555976792003,1.4154894548217116,69.87512962450963,0.02906916861663379,0.11835354606173193,0.898179206252098,0.05001933800303959
3.6999754186673313,3.323378678194196,1.467261583335313,69.92020139828914,0.03019481864529918,0.11840422654069516,0.8996538192033767,0.050099018997570965
3.6999754186673313,3.323378678194196,1.467261583335313,69.96495925037937,0.03123121843909067,0.11844449105213314,0.8969026654958725,0.049902686001587426
3.6999754186673313,3.323378678194196,1.467261583335313,70.00978047281437,0.03222198561534192,0.11847674645394224,0.8940731436014175,0.05013149400110706
3.7019970194495633,3.335824002071026,1.5277298621603252,70.05724996398219,0.032420827780395185,0.11850813506490075,0.9048427671194076,0.0524615909998829
3.7019970194495633,3.335824002071026,1.5277298621603252,70.10025713653309,0.03302071388615933,0.11854416536358645,0.9015920162200928,0.0477013679992524
3.7019970194495633,3.335824002071026,1.5277298621603252,70.1480948483522,0.03381605896981815,0.11858135704438477,0.898646867275238,0.05323304799821926
3.701579448885407,3.3472212672489015,1.5883633285679015,70.19045306442199,0.034269433639241814,0.1186629452958142,0.9093195497989655,0.046582322000176646
3.701579448885407,3.3472212672489015,1.5883633285679015,70.23573588865183,0.03493344481098268,0.11873623601522657,0.9073825985193252,0.049904884999705246
3.700050656840101,3.354011106117235,1.64033872701401,70.28142942269587,0.035823071153805335,0.11882609887079365,0.9141070872545242,0.04998706900005345
3.700050656840101,3.354011106117235,1.64033872701401,70.32716175502618,0.036810464174655486,0.11889157034847717,0.9121521294116973,0.05013673800203833
3.700050656840101,3.354011106117235,1.64033872701401,70.37252163006873,0.03783629567093099,0.11895018182929504,0.9096417993307113,0.049865644999954384
3.696688971467541,3.3637768978663796,1.700743484349191,70.42431625118911,0.03890421229998138,0.11889595605573741,0.9161853164434433,0.0565329089986335
3.696688971467541,3.3637768978663796,1.700743484349191,70.4640182846362,0.04003337149858395,0.11888859759355597,0.913533878326416,0.0434598370011372
3.693576537409363,3.37463321855133,1.7660195111039256,70.5100400821502,0.04106517580175352,0.11881301457038529,0.9225023925304412,0.04988799800048582
3.693576537409363,3.37463321855133,1.7660195111039256,70.556171846312,0.04211599354162188,0.11878482612580663,0.9208252906799316,0.05009828099719016
3.693576537409363,3.37463321855133,1.7660195111039256,70.60212538000492,0.043188452924575634,0.11880316801435117,0.9190000027418136,0.05000384500090149
3.6905827836463043,3.383693888571677,1.8272852806230082,70.64847717366575,0.044402496996692555,0.11876064817646959,0.9269347816705703,0.05000545300208614
3.6905827836463043,3.383693888571677,1.8272852806230082,70.69510639760952,0.04553500848005518,0.11877719569527995,0.9253813475370407,0.05038919799699215
3.6905827836463043,3.383693888571677,1.8272852806230082,70.74097645315551,0.04659252093428555,0.11883709197237427,0.9239313095808028,0.04964660800033016
3.6853701650598207,3.401079667385555,1.8859542704013241,70.78774664818036,0.04647216329690328,0.1188618240654131,0.9361376076936722,0.04996081200079061
3.6853701650598207,3.401079667385555,1.8859542704013241,70.8344918411476,0.046798762379387085,0.11889213907120587,0.9348427206277847,0.05000327000016114
3.675467789928572,3.4183519091561094,1.952865833708429,70.88422632417806,0.0461659319390649,0.11906037203906752,0.9464206010103225,0.05255008500171243
3.675467789928572,3.4183519091561094,1.952865833708429,70.92916997129561,0.0460797174686071,0.11936296148561702,0.947208359837532,0.04744853299780516
3.675467789928572,3.4183519091561094,1.952865833708429,70.97645514069403,0.046575635308854384,0.11950703575291195,0.9453821092844009,0.050016992001474136
3.665781458589574,3.43486199485061,2.0208092121066814,71.02396649984705,0.046302127084036235,0.11945657321261142,0.949703174829483,0.050027588000375545
3.665781458589574,3.43486199485061,2.0208092121066814,71.07131838165296,0.04679212286525938,0.11937010519770845,0.9472031503915787,0.04999126300026546
3.665781458589574,3.43486199485061,2.0208092121066814,71.11859808822356,0.04773803671869024,0.11926223178546466,0.9447114497423171,0.05004671699862229
3.65453206889599,3.4487782103047655,2.088821117932064,71.16594734507508,0.04758069461984864,0.11918146455193065,0.95,0.04984132300160127
3.65453206889599,3.4487782103047655,2.088821117932064,71.21352463232398,0.04814047066213746,0.11907687809410396,0.95,0.050081354998837924
3.64915308960035,3.455065638506094,2.1558283197715875,71.26273001693909,0.050548988627446056,0.11876381293739499,0.9439508706331252,0.05212706100064679
3.64915308960035,3.455065638506094,2.1558283197715875,71.3077987007906,0.052650850920112346,0.118521631096635,0.941366758942604,0.04787579699768685
3.64915308960035,3.455065638506094,2.1558283197715875,71.3547443226877,0.054528475110668786,0.11832808514525517,0.9388810604810714,0.050001671002974035
3.642942142141718,3.4657700098874686,2.2156135753280375,71.40418025389523,0.05506053334768942,0.11810315764004006,0.941259115934372,0.05252106499756337
3.642942142141718,3.4657700098874686,2.2156135753280375,71.44872154805103,0.05613522771773535,0.11790684173139342,0.9379677087068558,0.04748702299912111
3.636239321336593,3.469317468124544,2.278208687118996,71.49511953999306,0.059033456109629866,0.1175133663990045,0.929068049788475,0.049940359000174794
3.636239321336593,3.469317468124544,2.278208687118996,71.5419406152383,0.061521608747641315,0.11721054307090906,0.9254596024751662,0.05059224100114079
3.636239321336593,3.469317468124544,2.278208687118996,71.58750953893549,0.06377981753206258,0.11695858473460476,0.9216604441404342,0.04944220399920596
3.625639699572788,3.4799312465669168,2.3524073576762534,71.63432116115067,0.0650963686171532,0.11641695877838493,0.9260027438402175,0.05055235799954971
3.625639699572788,3.4799312465669168,2.3524073576762534,71.68016156512746,0.0666661900438881,0.11584477890091158,0.9268112272024154,0.0494603460028884
3.6086687157354556,3.495009957041837,2.4243871262459207,71.72682428526919,0.06678846658218003,0.11067208330963263,0.9356049418449401,0.04987438399984967
3.6086687157354556,3.495009957041837,2.4243871262459207,71.77361260380825,0.06724387896626054,0.10470002937992937,0.9332882106304168,0.05013276499812491
3.6086687157354556,3.495009957041837,2.4243871262459207,71.82066108384343,0.06768205542903458,0.09736406474519091,0.9313837617635726,0.05051460200047586
3.592299014560827,3.5121191260135114,2.4878064061115874,71.86713861618267,0.06524764597142527,0.036904361660530065,0.9392713159322739,0.04948254199916846
3.592299014560827,3.5121191260135114,2.4878064061115874,71.91395756231779,0.06392700517013543,-0.003322221746891802,0.936586582660675,0.04998891400100547
3.592299014560827,3.5121191260135114,2.4878064061115874,71.96021312085331,0.0631915171374969,-0.03058788055828218,0.9248988509178161,0.05001147800066974
3.572435520631036,3.520606417608575,2.560487730861207,72.00552933384303,0.06028057846010282,-0.05937400623947981,0.8791152387857437,0.05154752299858956
3.572435520631036,3.520606417608575,2.560487730861207,72.04731316192925,0.05853518529284331,-0.07761373737329605,0.8605427712202072,0.04855520199998864
3.572435520631036,3.520606417608575,2.560487730861207,72.08930401370003,0.05732586409776409,-0.0893023313216827,0.8412985116243362,0.04991195299953688
3.551665986290786,3.5317172216308097,2.637427487210747,72.12787374350619,0.050948287881189575,-0.10170852310254942,0.7717292487621307,0.04997831800210406
3.551665986290786,3.5317172216308097,2.637427487210747,72.165567947687,0.04723528709219336,-0.10923391322371226,0.7536837846040725,0.050013288000627654
3.5295779456927616,3.544750921072911,2.704971979050598,72.20347894819976,0.04213600824002289,-0.11430607640789067,0.7357728034257889,0.051525416998629225
3.5295779456927616,3.544750921072911,2.704971979050598,72.2383524947357,0.03902870410516181,-0.11740676643875907,0.716691905260086,0.04865904899997986
3.5295779456927616,3.544750921072911,2.704971979050598,72.27320306650313,0.037278426789249884,-0.11930959035413069,0.6997234374284744,0.049806209000962554
3.506397650582094,3.548903718417496,2.743569235517885,72.3039713538892,0.03373442185104245,-0.12082826262388588,0.6151849448680877,0.05001469499984523
3.506397650582094,3.548903718417496,2.743569235517885,72.33396059668735,0.0316661508511326,-0.12164643267198777,0.5998973727226257,0.04999062199931359
3.483350683431555,3.5563551487277727,2.751535562211285,72.36440703546259,0.028924688168217017,-0.12152434384467826,0.6088515609502793,0.050006340999971144
3.483350683431555,3.5563551487277727,2.751535562211285,72.39413975865469,0.027314869891315263,-0.12134631750370638,0.5945433080196381,0.050009348000457976
3.483350683431555,3.5563551487277727,2.751535562211285,72.42321035716613,0.02638322349233005,-0.12113717959753023,0.5805707812309265,0.05007244499938679
3.4667794467411657,3.55972256186233,2.716062439033406,72.45212859829579,0.02464785424377068,-0.12018700698871224,0.5793759495019912,0.04991273999985424
3.4667794467411657,3.55972256186233,2.716062439033406,72.48069146826603,0.023692063763770727,-0.1196453849068809,0.5698340564966201,0.05012489100045059
3.4667794467411657,3.55972256186233,2.716062439033406,72.51003705296253,0.02320456565918521,-0.11935605761954357,0.559968838095665,0.05240574599883985
3.459196559822205,3.560306239436937,2.6661169633374913,72.53804452335493,0.02312188891471622,-0.119042550072367,0.5894164204597473,0.04751728900009766
3.459196559822205,3.560306239436937,2.6661169633374913,72.56703718790067,0.023147620605833516,-0.11889048251229227,0.5801380574703217,0.049975457000982715
3.455408627599065,3.5583016464259027,2.602957400875175,72.61199487607259,0.023063927082662097,-0.12113069673012317,0.8995141267776489,0.04997996900056023
3.455408627599065,3.5583016464259027,2.602957400875175,72.65736075436806,0.02305413543489236,-0.12240374791401995,0.8992597132921218,0.05044802699922002
3.455408627599065,3.5583016464259027,2.602957400875175,72.70202446522082,0.023078394766489617,-0.12309663002358898,0.8989472031593322,0.049684465000609634
3.457612883376247,3.5571884583554887,2.538050208804792,72.74726141581407,0.02407356639852521,-0.1234878593961419,0.9071916043758392,0.049864824999531265
3.457612883376247,3.5571884583554887,2.538050208804792,72.79274126967911,0.024853852570953353,-0.12364409531831869,0.9071359992027282,0.05013565099943662
3.453602283258501,3.5587294212843172,2.46327245742249,72.8388941424291,0.02648109375292205,-0.12375573257017211,0.9167846858501434,0.050342106998868985
3.453602283258501,3.5587294212843172,2.46327245742249,72.88428945360313,0.02766063164981689,-0.12374077522401855,0.9166857630014419,0.04952112600221881
3.453602283258501,3.5587294212843172,2.46327245742249,72.93008537349749,0.02856821800060562,-0.12365118672636059,0.9165883690118789,0.04996345299878158
3.4547924651342563,3.5530323045520618,2.3917820517190296,72.97629317120322,0.030954176692888094,-0.1233909536015207,0.9235622882843018,0.050032139999530045
3.4547924651342563,3.5530323045520618,2.3917820517190296,73.0224887204591,0.03256440294308958,-0.12316555074520197,0.9237879365682602,0.05000665999978082
3.455593506990472,3.5496585023640117,2.3185785763330653,73.06909448365928,0.0353636003287047,-0.12287397558490804,0.933035722374916,0.04995067400159314
3.455593506990472,3.5496585023640117,2.3185785763330653,73.11582411003616,0.03733717440077125,-0.12258780106902344,0.9331572383642196,0.050076905001333216
3.455593506990472,3.5496585023640117,2.3185785763330653,73.1624532580122,0.038811207285573836,-0.12230427804589404,0.9332179397344589,0.04996597899662447
3.4559418683528786,3.5469832514101127,2.2554226297623154,73.21172710656036,0.04115921430054352,-0.1219527872979649,0.9380030423402785,0.05253058500238694
3.4559418683528786,3.5469832514101127,2.2554226297623154,73.2562425241665,0.042886471404212985,-0.12161749557137537,0.9378637462854384,0.047464695999224205
3.4559418683528786,3.5469832514101127,2.2554226297623154,73.30313882896384,0.0442105181536545,-0.12130393716979056,0.9377383232116698,0.05001001200071187
3.4532111642367345,3.5495117621199443,2.1877084367870063,73.35045345601749,0.04620259520539461,-0.12114623626046198,0.9450047641992568,0.05006813599902671
3.4532111642367345,3.5495117621199443,2.1877084367870063,73.39813413216757,0.04777731846051704,-0.12091745758040437,0.9450477987527847,0.05045319000055315
3.451752918923343,3.5532530049197653,2.119531619303779,73.44513766786653,0.05004110425875956,-0.1206847943304997,0.95,0.04947740599891404
3.451752918923343,3.5532530049197653,2.119531619303779,73.4926385637163,0.051767604888477176,-0.12039782270425683,0.95,0.05000094299975899
3.451752918923343,3.5532530049197653,2.119531619303779,73.54164148651611,0.053175633514522466,-0.12007673063656167,0.95,0.051582023999799276
3.448754164060637,3.5570230995522993,2.0466087041687095,73.58763218541584,0.0551554243353599,-0.11969317840802954,0.95,0.04841126199971768
3.448754164060637,3.5570230995522993,2.0466087041687095,73.63513516841644,0.05670275190994702,-0.11931848196547201,0.95,0.050003140000626445
3.448754164060637,3.5570230995522993,2.0466087041687095,73.6839316125182,0.057997435805353895,-0.11894793789601905,0.95,0.05136467800184619
3.44319545047793,3.5660772167339454,1.983487466657948,73.73253230151909,0.05920144991705023,-0.11877275634417882,0.95,0.0511586200009333
3.44319545047793,3.5660772167339454,1.983487466657948,73.77814346496703,0.06029584405797245,-0.11852388577824802,0.95,0.04801175099782995
3.4401471974511306,3.5732774746718663,1.9147721380313651,73.82511354261601,0.06174506818042708,-0.11835561631420832,0.95,0.04944218699893099
3.4401471974511306,3.5732774746718663,1.9147721380313651,73.87404457986699,0.06297328242532321,-0.11811800979554404,0.95,0.05150635500103817
3.4401471974511306,3.5732774746718663,1.9147721380313651,73.92013358286653,0.06408367043061203,-0.11783391346323341,0.95,0.0485147399995185
3.433103226182062,3.591683125063794,1.841223935626578,73.96797474021653,0.06409812012507407,-0.11705760305993468,0.95,0.05035911300001317
3.433103226182062,3.591683125063794,1.841223935626578,74.01513570991641,0.0645162478637331,-0.11655423728151745,0.95,0.049643125999864424
3.433103226182062,3.591683125063794,1.841223935626578,74.06265419216682,0.06516267058561047,-0.11621899418546931,0.95,0.05001945500043803
3.4265556853390713,3.6135782385235524,1.7631218251258316,74.11014214996733,0.06346903227156281,-0.11379131205388412,0.95,0.04998732400053996
3.4265556853390713,3.6135782385235524,1.7631218251258316,74.15772115291796,0.06283989824286627,-0.11237743692105118,0.95,0.05008316100065713
3.4232043546075883,3.636245765392004,1.6817126051158622,74.20514137381682,0.06063746510405259,-0.10489144680801096,0.95,0.04991602199879708
3.4232043546075883,3.636245765392004,1.6817126051158622,74.25271806826852,0.05961022280728171,-0.1007094941014234,0.95,0.050080731001798995
3.4232043546075883,3.636245765392004,1.6817126051158622,74.3001447140164,0.059304869193287785,-0.09853326687062883,0.95,0.04992278499776148
3.42173791252395,3.6592544937805784,1.6118347442057623,74.34776523101822,0.05743388558533913,-0.07964738366809548,0.95,0.050126860001910245
3.42173791252395,3.6592544937805784,1.6118347442057623,74.39511296596768,0.05655025616352037,-0.06911661242131628,0.95,0.04983972099944367
3.4208704592278667,3.683629061772959,1.531554716381743,74.4423548702945,0.051508130044128145,0.0060629033167109644,0.9464383244514465,0.04991546000019298
3.4208704592278667,3.683629061772959,1.531554716381743,74.48980488418893,0.04865138030671218,0.051216899342474094,0.9469046264886856,0.05011065799772041
3.4208704592278667,3.683629061772959,1.531554716381743,74.5375815453684,0.04713089136256658,0.07831018149086043,0.9489651322364807,0.05034606600020197
3.4224084908963945,3.709688329141525,1.4461726785463958,74.58373853441863,0.043446645009362,0.09394673215882901,0.9130850166082382,0.05055059300138964
3.4224084908963945,3.709688329141525,1.4461726785463958,74.62863678558453,0.04143787161579329,0.10339389388285233,0.9141182422637939,0.04911645899846917
3.4241630768850886,3.7353085432857887,1.3658891303328704,74.67240828619948,0.0372165177826321,0.10806090202642771,0.8752645522356033,0.05000945200299611
3.4241630768850886,3.7353085432857887,1.3658891303328704,74.71619296947294,0.034875047180905096,0.11092295984454925,0.8762444376945495,0.049968571998761036
3.4241630768850886,3.7353085432857887,1.3658891303328704,74.76007156761666,0.033660647972735255,0.11270210707204327,0.8772475391626358,0.05001849100153777
3.426880473930675,3.747068678191052,1.3122306408313695,74.8029110217255,0.031655854466147715,0.11329958894262782,0.8570432126522064,0.04998517399872071
3.426880473930675,3.747068678191052,1.3122306408313695,74.84636842231198,0.030588812162034212,0.11370348965174001,0.8576645523309707,0.050669461001234595
3.426880473930675,3.747068678191052,1.3122306408313695,74.8887159611764,0.030086377101869878,0.11399189731506135,0.8582948952913284,0.04933914799767081
3.4301526091836525,3.7632456176556324,1.3043471831084097,74.93182454683163,0.027825355373460946,0.1141807967485644,0.8621438831090926,0.05000161399948411
3.4301526091836525,3.7632456176556324,1.3043471831084097,74.97487079199777,0.026604619528436003,0.11430647933850631,0.8613137692213058,0.04997742600244237
3.432450148088317,3.7728353247146798,1.3340550971663183,75.01829167064402,0.024696606341352068,0.11453237393122878,0.8706212371587753,0.04987344300025143
3.432450148088317,3.7728353247146798,1.3340550971663183,75.06191003458318,0.023688651945203545,0.11468033944739084,0.8697852343320847,0.05014843000026303
3.432450148088317,3.7728353247146798,1.3340550971663183,75.10631060056168,0.02323193110585809,0.1147820362757038,0.8688874542713165,0.051100479999149684
3.436252249792119,3.7816383263441913,1.3753422242013635,75.14923366770387,0.022459158663514854,0.11501974638166373,0.8782234609127044,0.048874880998482695
3.436252249792119,3.7816383263441913,1.3753422242013635,75.1933653198031,0.02199549519810891,0.11517814860261884,0.8768756866455077,0.05032828800176503
3.438239830603501,3.789424697932751,1.4162016215668132,75.2371677773832,0.021717297118865345,0.11535830536793117,0.8839594572782516,0.04955256399989594
3.438239830603501,3.789424697932751,1.4162016215668132,75.28143801983173,0.021550378271319205,0.11548250460213688,0.8825815588235855,0.05015994499990484
3.438239830603501,3.789424697932751,1.4162016215668132,75.32548383814265,0.021450226962791523,0.1155650397752897,0.8813453346490859,0.04997566399833886
3.4379743018596813,3.805825744976225,1.4737069600752652,75.3705096054425,0.021390136177674914,0.11567513111920213,0.8955750495195388,0.05027581700051087
3.4379743018596813,3.805825744976225,1.4737069600752652,75.41504277536623,0.021354081706604945,0.11575679995829496,0.894481348991394,0.04978658300024108
3.4379743018596813,3.805825744976225,1.4737069600752652,75.46192339375901,0.021332449023962967,0.11582358728775163,0.8932136982679366,0.05248533299891278
3.4378190371932704,3.816466005081336,1.5398967478488368,75.50547232864804,0.02131946941437778,0.11596101552801598,0.9048659831285476,0.04812749700067798
3.4378190371932704,3.816466005081336,1.5398967478488368,75.55323996550494,0.021311681648626665,0.11604175347421926,0.9038663923740387,0.05284811700039427
3.4371693246694153,3.821626078008521,1.6077031353810867,75.59558426242987,0.021307008989176,0.11619335996111847,0.9122945964336395,0.04641515700132004
3.4371693246694153,3.821626078008521,1.6077031353810867,75.64138818836264,0.0213042053935056,0.11628407112956415,0.9114177107810973,0.050255689999175956
3.4371693246694153,3.821626078008521,1.6077031353810867,75.68672866693115,0.02130252323610336,0.11633823318600875,0.9104694217443465,0.04979901299884659
3.4347980361138974,3.828900456561957,1.6729690045679675,75.7338612440764,0.021301513941662013,0.11644733907771243,0.9184056162834167,0.05132000099911238
3.4347980361138974,3.828900456561957,1.6729690045679675,75.77853312481979,0.021300908364997206,0.1165249118923672,0.9177047193050384,0.048677837003197055
3.4347980361138974,3.828900456561957,1.6729690045679675,75.82489909743862,0.02130054501899832,0.1165894156527238,0.9172557443380356,0.0505485769972438
3.4309263837839286,3.8411765016772725,1.7484269274744546,75.87086748207582,0.021300327011398994,0.11684720074127417,0.9293931871652603,0.04946064300020225
3.4309263837839286,3.8411765016772725,1.7484269274744546,75.9172967612934,0.021300196206839393,0.11701465341443001,0.9284738332033157,0.050006018002022756
3.4262343857135154,3.853377646506327,1.8186731994206362,75.96425873173179,0.021300117724103635,0.11746869261857378,0.9396931678056717,0.04997585599994636
3.4262343857135154,3.853377646506327,1.8186731994206362,76.01119719286903,0.02130007063446218,0.11774546966431443,0.9383328229188919,0.0500232539998251
3.4262343857135154,3.853377646506327,1.8186731994206362,76.05803512473479,0.021300042380677307,0.11790260473178568,0.936655268073082,0.05000551799821551
3.4222927346602017,3.8566981899654547,1.882122553197077,76.1051408626555,0.021300025428406383,0.11817271947435583,0.9422793745994568,0.049991265001153806
3.4222927346602017,3.8566981899654547,1.882122553197077,76.15455179793405,0.02130001525704383,0.11832142972691087,0.9404903262853622,0.05253742000058992
3.4206731143919518,3.860487017144556,1.936219710507468,76.20086664382906,0.021300009154226297,0.11860452117766873,0.945410817861557,0.04898912199860206
3.4206731143919518,3.860487017144556,1.936219710507468,76.2465995379536,0.02130000549253578,0.11877730144408903,0.943933430314064,0.04844927900194307
3.4206731143919518,3.860487017144556,1.936219710507468,76.29375408384044,0.021300003295521466,0.11888385923711992,0.9424742192029952,0.050032716997520765
3.4160879886632523,3.8677765568476272,1.9990269373678065,76.34130363584104,0.02130000197731288,0.11922921605115255,0.95,0.050052160000632284
3.4160879886632523,3.8677765568476272,1.9990269373678065,76.39022766169599,0.021300001186387727,0.11944073359492494,0.9490930467844009,0.05154818699884345
3.4160879886632523,3.8677765568476272,1.9990269373678065,76.43613861873348,0.021300000711832634,0.11956138086511536,0.9472062081098556,0.048469865003426094
3.4099878551085188,3.8719153173608842,2.0566717455072734,76.48356438193335,0.021300000427099577,0.11982325954552796,0.95,0.049921855999855325
3.4099878551085188,3.8719153173608842,2.0566717455072734,76.53105541963326,0.021300000256259746,0.11996904995033923,0.95,0.04999056599990581
3.4050286844160915,3.881632343299862,2.1100925679572,76.57847331303168,0.021300000153755848,0.1202988599895822,0.95,0.04991357199833146
3.4050286844160915,3.881632343299862,2.1100925679572,76.62606100278029,0.02130000009225351,0.12046779722925346,0.95,0.050092304998543113
3.4050286844160915,3.881632343299862,2.1100925679572,76.67375341293085,0.021300000055352104,0.12053897339675618,0.95,0.050202537000586744
3.4050286844160915,3.881632343299862,2.1100925679572,76.72106129633143,0.02130000003321126,0.1205412647639143,0.95,0.04979777200060198
3.4050286844160915,3.881632343299862,2.1100925679572,76.76855732913121,0.021300000019926754,0.120499323696758,0.95,0.04999582399977953
3.4050286844160915,3.881632343299862,2.1100925679572,76.81617345562918,0.021300000011956054,0.12043066673926453,0.9498617231845855,0.05012953500045114
3.3939376482199584,3.90144450245465,2.20560991735595,76.86372341612805,0.02130000000717363,0.12052811535270178,0.95,0.050052589998813346
3.3939376482199584,3.90144450245465,2.20560991735595,76.91103022602874,0.021300000004304175,0.1205449018005798,0.95,0.04979664200072875
3.3939376482199584,3.90144450245465,2.20560991735595,76.9586448758304,0.021300000002582503,0.12051625926043212,0.95,0.0501206840017403
3.3939376482199584,3.90144450245465,2.20560991735595,77.00606042177988,0.021300000001549503,0.12046009945121777,0.95,0.049911100999452174
3.3939376482199584,3.90144450245465,2.20560991735595,77.05434459643038,0.0213000000009297,0.12038859276322944,0.95,0.05082544700053404
3.382902178514539,3.9120364008658295,2.3261686242443074,77.10105763258034,0.021300000000557817,0.1206916865608002,0.95,0.049171616999956314
3.382902178514539,3.9120364008658295,2.3261686242443074,77.1487665489787,0.02130000000033469,0.12083172898893985,0.95,0.05021991199828335
3.3834007792173293,3.9072294098049642,2.388253435939893,77.19605395797807,0.02130000000020081,0.12085435927751917,0.95,0.04977621999933035
3.3834007792173293,3.9072294098049642,2.388253435939893,77.24356209947854,0.021300000000120486,0.12082552993800197,0.95,0.050008570000500185
3.3834007792173293,3.9072294098049642,2.388253435939893,77.29105120677812,0.02130000000007229,0.12078600218597622,0.95,0.04998853399956715
3.378380535133318,3.91306478048755,2.4605254668612186,77.33856623482878,0.021300000000043375,0.12095595056237918,0.95,0.05001581900069141
3.378380535133318,3.91306478048755,2.4605254668612186,77.38604807462832,0.021300000000026024,0.12104938897146071,0.95,0.04998088399952394
3.378380535133318,3.91306478048755,2.4605254668612186,77.4336669319791,0.021300000000015612,0.12109692855270675,0.95,0.050125113000831334
3.3724572605113456,3.9137869702470174,2.5346862411986546,77.48133769638004,0.021300000000009367,0.12124883630032522,0.95,0.0501797520009859
3.3724572605113456,3.9137869702470174,2.5346862411986546,77.52856357292909,0.02130000000000562,0.12131472526881208,0.95,0.04971144899900537
3.3621445109918047,3.919924104192891,2.6073007726360693,77.57650187537907,0.021300000000003372,0.12149178563888735,0.95,0.050461370999983046
3.3621445109918047,3.919924104192891,2.6073007726360693,77.62596227257941,0.021300000000002022,0.12155650126538198,0.95,0.052063576000364264
3.3621445109918047,3.919924104192891,2.6073007726360693,77.67105515308009,0.021300000000001214,0.12155248205424261,0.95,0.047466190000704955
3.348300703289306,3.923976836284516,2.6712490682936156,77.71855252822822,0.021300000000000728,0.12173915076590128,0.95,0.049997236998024164
3.348300703289306,3.923976836284516,2.6712490682936156,77.76606337247992,0.021300000000000437,0.12182534318170873,0.95,0.05001141500179074
3.336970743247245,3.9262663240066997,2.7252041334033708,77.8136007654282,0.021300000000000263,0.1220238910973187,0.95,0.05003936099819839
3.336970743247245,3.9262663240066997,2.7252041334033708,77.86103678482847,0.02130000000000016,0.12212416332126354,0.95,0.04993265200027963
3.336970743247245,3.9262663240066997,2.7252041334033708,77.90868230582852,0.021300000000000097,0.12216551781392512,0.95,0.05015318000005209
3.320374903728574,3.9303434685415692,2.7934297595547184,77.95640036408001,0.021300000000000055,0.12245425272403013,0.95,0.05022953500156291
3.320374903728574,3.9303434685415692,2.7934297595547184,78.0035840359287,0.021300000000000034,0.122601997187244,0.95,0.04966702299861936
3.320374903728574,3.9303434685415692,2.7934297595547184,78.0530584427808,0.02130000000000002,0.12266503294140524,0.95,0.05207832300220616
3.307308275216953,3.933340651754452,2.8607179272563683,78.09857765002832,0.021300000000000013,0.12293526959318177,0.95,0.0479149549973954
3.307308275216953,3.933340651754452,2.8607179272563683,78.14607797588066,0.021300000000000006,0.12306101221977625,0.95,0.05000034300246625
3.2927727679636423,3.933922115661741,2.9298047005446293,78.19356791538009,0.021300000000000003,0.12332959830247732,0.95,0.04998940999939805
3.2927727679636423,3.933922115661741,2.9298047005446293,78.24106862027799,0.0213,0.12345277225663287,0.95,0.05000074199779192
3.2927727679636423,3.933922115661741,2.9298047005446293,78.2888219700782,0.0213,0.12348870370203269,0.95,0.05026668400023482
3.277415554670357,3.935752672892903,2.988534565598325,78.33606355297921,0.0213,0.1236695118749977,0.95,0.04972798200105899
3.277415554670357,3.935752672892903,2.988534565598325,78.38355643748032,0.0213,0.12377842116384749,0.95,0.049992510001175106
3.254582252205689,3.9319139923052413,3.0600186246439516,78.43145570443099,0.0213,0.1237823000432792,0.95,0.05042028100069729
3.254582252205689,3.9319139923052413,3.0600186246439516,78.47856569238043,0.0213,0.12378483717928783,0.95,0.04958946099941386
3.254582252205689,3.9319139923052413,3.0600186246439516,78.5264657231282,0.0213,0.12353755775267157,0.95,0.05042108499765163
3.2364909405405102,3.9254699705513594,3.1259207020470132,78.57413757052977,0.0213,0.12352701510890884,0.95,0.05018089200166287
3.2364909405405102,3.9254699705513594,3.1259207020470132,78.62143296807803,0.0213,0.12341880372705795,0.95,0.049784628998168046
3.2280888255496163,3.9164711688835316,-3.09447334659338,78.65787589201878,0.024005284665822982,0.02205128223623476,0.7341924160718918,0.049636748000921216
3.2280888255496163,3.9164711688835316,-3.09447334659338,78.69455804845133,0.025674667363643648,-0.03876923065825915,0.7326274871826172,0.05006931499883649
3.2280888255496163,3.9164711688835316,-3.09447334659338,78.73110309908165,0.02672281843738556,-0.0752615383949555,0.7310522526502609,0.04998965600316296
3.224428961750551,3.9116637515286454,-3.04020747810595,78.76784124602021,0.02772942058632851,-0.0971569230369733,0.7360067754983901,0.049915501000214135
3.224428961750551,3.9116637515286454,-3.04020747810595,78.80468164474323,0.02837485550278473,-0.110294153822184,0.7342459261417389,0.05017446799683967
3.224428961750551,3.9116637515286454,-3.04020747810595,78.84151973098265,0.028803711732828904,-0.1181764922933104,0.732480376958847,0.05029225000180304
3.2191451754305427,3.905247526956489,-2.9756160461285255,78.87800906568869,0.02945162212884682,-0.12290589537598624,0.7367842286825179,0.04952512999807368
3.2191451754305427,3.905247526956489,-2.9756160461285255,78.91492288307676,0.029881567692972764,-0.12574353722559173,0.7350353270769119,0.0502204670010542
3.2191451754305427,3.905247526956489,-2.9756160461285255,78.9514703425666,0.0301812112845287,-0.12744612233535504,0.7332662671804427,0.04984200300168595
3.2191451754305427,3.905247526956489,-2.9756160461285255,78.98805148220814,0.0304022599170986,-0.128467673401213,0.7315147042274475,0.05000738799935789
3.2191451754305427,3.905247526956489,-2.9756160461285255,79.02562037122269,0.030580200607203435,-0.1290806040407278,0.730083692073822,0.051458332000038354
3.2191451754305427,3.905247526956489,-2.9756160461285255,79.06098401054618,0.030737690481318827,-0.1294483624244367,0.7289361417293548,0.048514042999158846
3.2191451754305427,3.905247526956489,-2.9756160461285255,79.09757496415877,0.030879939051135657,-0.12966901745466203,0.7278562009334564,0.05027222900025663
3.2191451754305427,3.905247526956489,-2.9756160461285255,79.13391914522823,0.031020699233808686,-0.12980141047279722,0.7268370747566223,0.050003201999061275
3.2191451754305427,3.905247526956489,-2.9756160461285255,79.17028573197405,0.031163118774294,-0.12988084628367835,0.7258728176355361,0.050100494001526386
3.2191451754305427,3.905247526956489,-2.9756160461285255,79.20631367741181,0.031306569960474456,-0.129928507770207,0.7249079942703247,0.049700024999765446
3.225662256171397,3.9025579136085735,-3.056652726878102,79.24257117542902,0.03128320055410831,-0.1299571046621242,0.7267233163118362,0.049891750000824686
3.225662256171397,3.9025579136085735,-3.056652726878102,79.2799574855026,0.03131940303567391,-0.12997426279727453,0.7256219148635864,0.051523127000109525
3.225662256171397,3.9025579136085735,-3.056652726878102,79.31514057319187,0.03140224822356308,-0.12998455767836473,0.7246300250291824,0.04855317399778869
3.225662256171397,3.9025579136085735,-3.056652726878102,79.35129521975699,0.031552586066687136,-0.12999073460701882,0.7243600398302078,0.04991253600019263
3.225662256171397,3.9025579136085735,-3.056652726878102,79.38778313891946,0.0317462004768634,-0.1299944407642113,0.7240829199552535,0.05039190699972096
3.217153493080675,3.9007084112026176,3.110766404472838,79.43479105507178,0.03164989659474994,-0.029801488333954025,0.95,0.04948201700244681
3.217153493080675,3.9007084112026176,3.110766404472838,79.48259167117068,0.032313124175588515,0.030226161233178606,0.95,0.050316437998844776
3.217153493080675,3.9007084112026176,3.110766404472838,79.52990935002092,0.03344651635630144,0.06615975269770136,0.95,0.04980808300024364
3.2224783459664343,3.900054179211309,3.037095965346869,79.57840310606863,0.03462574616755971,0.08759143810925192,0.95,0.051046058997599175
3.2224783459664343,3.900054179211309,3.037095965346869,79.62506333361891,0.035998332772767115,0.10042470968638245,0.95,0.04911602900028811
3.2224783459664343,3.900054179211309,3.037095965346869,79.67384688527092,0.037501893683740836,0.10807821915670862,0.95,0.051351107002119534
3.2232075092530206,3.90100742607036,2.965640894183353,79.720410996572,0.037689285841267905,0.11265490392520802,0.95,0.04901485400114325
3.2232075092530206,3.90100742607036,2.965640894183353,79.76741749912199,0.03833111194770432,0.11541429483696686,0.95,0.04948052899999311
3.2140336245187138,3.9003530931571637,2.907015093723168,79.81488962802142,0.036846740710740664,0.11703217818620722,0.95,0.049970661999395816
3.2140336245187138,3.9003530931571637,2.907015093723168,79.8625850145203,0.0364873653459581,0.11800635811259103,0.95,0.05020566999883158
3.2140336245187138,3.9003530931571637,2.907015093723168,79.90990111637166,0.03681719456958963,0.11859109256607146,0.95,0.0498064230014279
3.1967352921629675,3.9039218587527946,2.90683510865323,79.95747980961951,0.03494482168464776,0.11898422869409234,0.95,0.050082834997738246
3.1967352921629675,3.9039218587527946,2.90683510865323,80.00827886986863,0.03430651789253304,0.11921782393673128,0.95,0.0534726949990727
3.1807026128951215,3.9082206877059367,2.9443534524327406,80.05240621027188,0.034274321885975303,0.11932597100388448,0.95,0.04644983200341812
3.1807026128951215,3.9082206877059367,2.9443534524327406,80.09990330707079,0.03478270357374674,0.11938412391931677,0.95,0.04999694399884902
3.1807026128951215,3.9082206877059367,2.9443534524327406,80.1474158822206,0.03571116277888016,0.1194148886429719,0.95,0.05001323699980276
3.168154999429516,3.9102039457924973,2.984270777510287,80.19676168187107,0.0350990677435076,0.11955869127675603,0.95,0.05194294700049795
3.168154999429516,3.9102039457924973,2.984270777510287,80.24241658047177,0.03536830816023802,0.11965849595883316,0.95,0.048057788000733126
3.168154999429516,3.9102039457924973,2.984270777510287,80.29005535741926,0.036115673979242174,0.1197324788428475,0.95,0.05014608099736506
3.1609981386501205,3.9100897808669646,3.033500101049417,80.33759745476964,0.038251772701811515,0.11980282997233446,0.95,0.05004431300039869
3.1609981386501205,3.9100897808669646,3.033500101049417,80.38443189400621,0.041117402303261594,0.11947662195648417,0.940497687458992,0.04979750600250554
3.1609981386501205,3.9100897808669646,3.033500101049417,80.43146074603713,0.04340141307594957,0.11921197271994152,0.937670487165451,0.05015498799912166
3.149462412662622,3.9108838813368028,3.087935252940585,80.47835427883096,0.04470575804282774,0.11894235906989215,0.9402856856584548,0.04987157999858027
3.149462412662622,3.9108838813368028,3.087935252940585,80.52521075475924,0.04607257565718621,0.11871044336551927,0.9373399138450622,0.04998877700199955
3.145453798755446,3.9111968810095648,-3.1245668549965786,80.5595366757895,0.044921686416040246,0.02007585107561649,0.6863659650087356,0.05001110599914682
3.145453798755446,3.9111968810095648,-3.1245668549965786,80.59382460904212,0.04436963591883802,-0.03891055500938474,0.6863137006759643,0.049959563999436796
3.145453798755446,3.9111968810095648,-3.1245668549965786,80.62816452448376,0.04417674144452943,-0.07410824249049412,0.6862613230943679,0.05003912399843102
3.134924212361534,3.9088475287379807,-3.0649257129283867,80.66283262518289,0.043865012349761326,-0.09539598196661703,0.6936621338129043,0.04997836700204061
3.134924212361534,3.9088475287379807,-3.0649257129283867,80.69760414787437,0.04381783176784325,-0.10797233086774487,0.6936091333627701,0.05013129299913999
3.127555813815982,3.902783843562312,-2.991292395475371,80.73260776405976,0.0440515804250515,-0.11515076101988397,0.7035748600959778,0.04975108999860822
3.127555813815982,3.902783843562312,-2.991292395475371,80.7679031362527,0.044333048698870926,-0.11925961697798872,0.7035216331481934,0.05016956200051936
3.127555813815982,3.902783843562312,-2.991292395475371,80.80305147695086,0.044644329629879353,-0.1215250737947339,0.7034674435853958,0.049964417001319816
3.1091326387328975,3.898205679236083,-2.9334790258959007,80.83909474750415,0.04427927129420111,-0.12352663561595167,0.7203945755958556,0.050032678998832125
3.1091326387328975,3.898205679236083,-2.9334790258959007,80.8751024373045,0.04421357651324552,-0.1245106165700715,0.7204347223043441,0.04998050300127943
3.08654947689195,3.889413582009217,-2.9184481441472223,80.91238008525427,0.043947148023673784,-0.12605577856859929,0.7463201761245727,0.049948600000789156
3.08654947689195,3.889413582009217,-2.9184481441472223,80.94970689355723,0.04404066097654634,-0.12682821601963856,0.7460817873477935,0.050030450998747256
3.08654947689195,3.889413582009217,-2.9184481441472223,80.98699495780275,0.04435046191166481,-0.12713680893383514,0.7458427757024765,0.049994536999292905
3.0796948644023243,3.882408236922525,-2.944993700619743,81.0250158622443,0.045181900353137495,-0.1275301422488814,0.760403686761856,0.05000094700153568
3.0796948644023243,3.882408236922525,-2.944993700619743,81.06320597117661,0.045921608621420765,-0.12761447702718529,0.7600528985261916,0.05024664599841344
3.0796948644023243,3.882408236922525,-2.944993700619743,81.10102751982087,0.04662703729542631,-0.12751494333072158,0.7600459337234496,0.04976218800220522
3.0796948644023243,3.882408236922525,-2.944993700619743,81.13906003591934,0.047345996718839045,-0.12731062939717563,0.76068035364151,0.04999802599922987
3.0796948644023243,3.882408236922525,-2.944993700619743,81.1771249556368,0.04807472814395144,-0.12704263908239716,0.7613183408975601,0.04999868999948376
3.064864896698912,3.8794772390750927,-3.0389937146694495,81.21595289634196,0.04800212281509706,-0.12780961264713117,0.7769439607858657,0.049975213998550316
3.064864896698912,3.8794772390750927,-3.0389937146694495,81.25519595052094,0.04825992296674531,-0.12811634582009024,0.7774724364280701,0.05047517100319965
3.064864896698912,3.8794772390750927,-3.0389937146694495,81.29376516374936,0.04870862073027302,-0.12816263223723237,0.778230184316635,0.04956016099822591
3.0634312802881483,3.877138282328281,-3.108662543443341,81.33307099292263,0.04929406300975805,-0.1284450661244134,0.7864513128995895,0.04997871899831807
3.0634312802881483,3.877138282328281,-3.108662543443341,81.3724701553458,0.04992306623336032,-0.12853967971218466,0.7878226429224013,0.05001019300107146
3.0524502813977805,3.877684919124706,3.0963741184929936,81.41996463774815,0.04731459017679902,-0.09806681402988934,0.95,0.04999419200248667
3.0524502813977805,3.877684919124706,3.0963741184929936,81.46752162349661,0.04608814564994462,-0.08370810346882167,0.95,0.050059984998370055
3.0524502813977805,3.877684919124706,3.0963741184929936,81.51736774064814,0.04573298953563862,-0.07889445958781613,0.95,0.05246959700161824
3.039196575473024,3.8788197747448487,3.023285738791987,81.56256370184477,0.04496484787816342,-0.022658928264667824,0.95,0.04757469599644537
3.039196575473024,3.8788197747448487,3.023285738791987,81.60995066324543,0.04482721681329332,0.007567060050672154,0.95,0.0498810120006965
3.039196575473024,3.8788197747448487,3.023285738791987,81.65750736684643,0.04506868711073829,-0.017991656626876677,0.95,0.0500596880010562
3.023023693576393,3.880935506866554,2.934945144567972,81.70495594049483,0.04479905075406809,0.021687127014627165,0.95,0.04994586699831416
3.023023693576393,3.880935506866554,2.934945144567972,81.75246247079507,0.044938788035963656,0.04183707646169073,0.95,0.05000687400024617
2.9986546337633047,3.888719772341374,2.860362925658309,81.7999145689468,0.042870337915095494,0.07255416877053861,0.95,0.049949577001825674
2.9986546337633047,3.888719772341374,2.860362925658309,81.84745681449735,0.042417710752292156,0.09050367693294695,0.95,0.050044469000567915
2.9986546337633047,3.888719772341374,2.860362925658309,81.89495615519758,0.042993253666760725,0.09998058331125742,0.95,0.04999930600024527
2.97110980693277,3.901031837638167,2.802498956620222,81.94250743524502,0.039422510593296406,0.10712197930880646,0.95,0.05005397899731179
2.97110980693277,3.901031837638167,2.802498956620222,81.98996580149527,0.03776684366414625,0.111444680161883,0.95,0.04995617500026128
2.97110980693277,3.901031837638167,2.802498956620222,82.03795623234696,0.03725765337198781,0.11407175795293423,0.95,0.05051624300176627
2.944552860245669,3.9130004992544283,2.7753283334416445,82.08490720662384,0.03372638922721033,0.11519195280108793,0.9486319541931152,0.049493350998091046
2.944552860245669,3.9130004992544283,2.7753283334416445,82.13226869289844,0.03204917756789854,0.11588567043324675,0.9475491821765899,0.0499831430024642
2.9174550211504853,3.924475877321969,2.7785678453241296,82.18216773929795,0.027749506540739124,0.11626249757397394,0.95,0.05252531199948862
2.9174550211504853,3.924475877321969,2.7785678453241296,82.22728048524893,0.025636298005368464,0.11647583131187093,0.95,0.04748710100102471
2.9174550211504853,3.924475877321969,2.7785678453241296,82.27477290709845,0.024812094357363076,0.11659042766209204,0.95,0.049992022999504115
2.9001618152929276,3.9339055386782187,2.8108926527486404,82.32226100929743,0.023407256614417844,0.11681939798900938,0.95,0.049987475998932496
2.9001618152929276,3.9339055386782187,2.8108926527486404,82.36977392454624,0.022564353968650704,0.1169096448320714,0.95,0.05001359499874525
2.8897281235266465,3.9380254114623985,2.8484289331830603,82.41724658734779,0.02205861238119042,0.11717782368055388,0.95,0.04997122400163789
2.8897281235266465,3.9380254114623985,2.8484289331830603,82.46477994944594,0.02175516742871425,0.11729929417247417,0.95,0.05003511799804983
2.8897281235266465,3.9380254114623985,2.8484289331830603,82.51229346604573,0.021644831886328587,0.1173286173932245,0.95,0.050014227999781724
2.8897281235266465,3.9380254114623985,2.8484289331830603,82.56313329174877,0.022290558332465488,0.11730267370894495,0.95,0.053515606003202265
2.8897281235266465,3.9380254114623985,2.8484289331830603,82.60730457534696,0.0234438824738636,0.11726090768071976,0.95,0.04649608799809357
2.8897281235266465,3.9380254114623985,2.8484289331830603,82.65477928729628,0.024749353294704818,0.1172392264550505,0.95,0.049973380999290384
2.881796785714272,3.941408613242999,2.948347120778162,82.70228327159579,0.02580605069704918,0.11770829054984916,0.95,0.050004193999484414
2.881796785714272,3.941408613242999,2.948347120778162,82.74985975989578,0.027169005870271136,0.11797132786079328,0.95,0.05008051400000113
2.8744727856771615,3.9420282999790652,3.014191495115103,82.79718897934666,0.028420351713567025,0.11840545592286636,0.95,0.04982023100092192
2.8744727856771615,3.9420282999790652,3.014191495115103,82.8447856161983,0.02986250669936481,0.11866057549463778,0.95,0.05010172300171689
2.8744727856771615,3.9420282999790652,3.014191495115103,82.89372470374795,0.031366889811635865,0.11881025692550581,0.95,0.051514828999643214
2.8622448243873984,3.94185240918237,3.0870650911482485,82.93981845579867,0.0322902925235515,0.11914447343783521,0.95,0.048519739000767004
2.8622448243873984,3.94185240918237,3.0870650911482485,82.98728887374848,0.03347401049271137,0.11934331295750704,0.95,0.04996886099979747
2.8574234333578534,3.9395579131540557,-3.12985563532536,83.03167833109802,0.03436650625786132,0.01980340503372053,0.845785316824913,0.052483125997241586
2.8574234333578534,3.9395579131540557,-3.12985563532536,83.07408380612853,0.0349705474789199,-0.03964113460351647,0.8469041019678115,0.050071165002009366
2.8574234333578534,3.9395579131540557,-3.12985563532536,83.114314163924,0.03539845798702579,-0.07504093686562552,0.8479733973741531,0.047442947998206364
2.8520221859617534,3.9348774165990243,-3.0602578903171485,83.1590778040967,0.0359501723306867,-0.09624406361473664,0.8497750163078308,0.05267704899961245
2.8520221859617534,3.9348774165990243,-3.0602578903171485,83.19928309000603,0.036397895685284884,-0.10869049944813886,0.8498375862836838,0.047309376001066994
2.8520221859617534,3.9348774165990243,-3.0602578903171485,83.24178332656648,0.036771343512207004,-0.11591096114120386,0.8498937010765075,0.050006532001134474
2.852553855467733,3.9324932761163143,-2.9951532505126544,83.28408270205547,0.037352973856252275,-0.12025163764358462,0.8459660053253173,0.05000127099992824
2.852553855467733,3.9324932761163143,-2.9951532505126544,83.32638443117486,0.037810405396057276,-0.12259873506188929,0.8460633993148803,0.049998296999547165
2.852553855467733,3.9324932761163143,-2.9951532505126544,83.36912704139866,0.0382146875277955,-0.12376244519210183,0.8458617597818374,0.050531436998426216
2.852553855467733,3.9324932761163143,-2.9951532505126544,83.40668879999716,0.042489817751395625,-0.1250436190012474,0.7594104379415512,0.049461736001831014
2.852553855467733,3.9324932761163143,-2.9951532505126544,83.44466782572677,0.045321539290516334,-0.12565178890486833,0.7593441307544708,0.050015565000649076
2.8422858086448946,3.9284119748051274,-2.9731772031167005,83.48317978406453,0.04746527543530986,-0.12618894827044175,0.7704329460859298,0.04998742399766343
2.8422858086448946,3.9284119748051274,-2.9731772031167005,83.52180438591223,0.04900802147904709,-0.12635320575044254,0.7701814770698547,0.050150001003203215
2.8422858086448946,3.9284119748051274,-2.9731772031167005,83.56018785817655,0.05017985232186124,-0.12631144136789857,0.7701630175113677,0.04983811399870319
2.8422858086448946,3.9284119748051274,-2.9731772031167005,83.59879546325978,0.051166115805577075,-0.12615978247286927,0.771043187379837,0.05007190999822342
2.8422858086448946,3.9284119748051274,-2.9731772031167005,83.63750270192233,0.05203755200211455,-0.12594932035423548,0.7719988942146301,0.05013898200195399
2.8389775735914764,3.9242973420556253,-3.058860092116514,83.67623702404644,0.05260488915624767,-0.12603646347413797,0.7780505150556564,0.04978381399996579
2.8389775735914764,3.9242973420556253,-3.058860092116514,83.7153152157168,0.05322412805666059,-0.12601152079993688,0.7792797178030013,0.05014655299964943
2.8389775735914764,3.9242973420556253,-3.058860092116514,83.75426760563262,0.053876972060856405,-0.12591864954050902,0.7805199056863784,0.04990569700021297
2.8389775735914764,3.9242973420556253,-3.058860092116514,83.79335899647637,0.05454907718983721,-0.12578527146945312,0.781756129860878,0.050004584998532664
2.8389775735914764,3.9242973420556253,-3.058860092116514,83.8325159715463,0.055233740113302655,-0.12562731513005443,0.7829967141151428,0.050009118000161834
2.827711503584898,3.924306494897812,3.103055225000264,83.87868162131578,0.05155428236849581,-0.12024271731747357,0.9236155718564987,0.049983619999693474
2.827711503584898,3.924306494897812,3.103055225000264,83.92458699377879,0.0497357697256057,-0.11746147540314894,0.9184036344289779,0.04998387500017998
2.827711503584898,3.924306494897812,3.103055225000264,83.97019121197715,0.049128643033960376,-0.1161891845888132,0.9126521795988083,0.049968892002652865
2.823289238751258,3.9243174452241028,3.0288093586081106,84.0172949200776,0.04822208795431788,-0.11192319560207331,0.9410731613636016,0.05005318399707903
2.823289238751258,3.9243174452241028,3.0288093586081106,84.06404474888188,0.04809456255128107,-0.1100786672124708,0.9356476932764053,0.04996520500208135
2.816721693590924,3.9257547109036763,2.939415750517166,84.11152959163121,0.049066968834937344,-0.10517619884547258,0.95,0.049984044999291655
2.816721693590924,3.9257547109036763,2.939415750517166,84.16048702748124,0.050156920240247684,-0.1027163305076162,0.95,0.051534143000026233
2.816721693590924,3.9257547109036763,2.939415750517166,84.20641836033188,0.05134454517717626,-0.10178683270169497,0.9465957403182983,0.048522648998186924
2.8074841991665904,3.9294131399056043,2.843685185104343,84.25389152568201,0.0522436367819039,-0.09572044294567825,0.95,0.04997175300013623
2.8074841991665904,3.9294131399056043,2.843685185104343,84.30137834823286,0.05324970956738758,-0.093015430459332,0.95,0.04998612900089938
2.800018196963386,3.9335365098222916,2.7527492947782015,84.34874613198458,0.054573624706840324,-0.022709009700388624,0.95,0.0498608250018151
2.800018196963386,3.9335365098222916,2.7527492947782015,84.39636814333312,0.05570916961227406,0.016664366928713967,0.95,0.05012843299846281
2.800018196963386,3.9335365098222916,2.7527492947782015,84.44411854813511,0.05676507801171868,0.036572163705812365,0.95,0.05026358400209574
2.792295542183749,3.936050542234212,2.6791607076393853,84.49126667003434,0.05783953720543819,0.06048634970473438,0.95,0.04962960199918598
2.792295542183749,3.936050542234212,2.6791607076393853,84.5388761812846,0.05883140906223081,0.07336741640738957,0.95,0.050115275000280235
2.792295542183749,3.936050542234212,2.6791607076393853,84.58637007373413,0.05976469519453301,0.0789393374596376,0.95,0.0499935709995043
2.786457400544374,3.9413770061842035,2.604644349829579,84.63358334199478,0.059893319146138754,0.09172570403065317,0.9442931085824966,0.049998530997982016
2.786457400544374,3.9413770061842035,2.604644349829579,84.6807585490119,0.06074207159060378,0.0971743350961568,0.9433600515127182,0.05000763700081734
2.786457400544374,3.9413770061842035,2.604644349829579,84.72846982819205,0.06178717775451027,0.09753717218272459,0.9440742552280426,0.05053763400064781
2.7797142630740583,3.947910100686981,2.5489933900571677,84.77403851289876,0.060625632782619496,0.10607967635650975,0.9214470267295837,0.049453396000899374
2.7797142630740583,3.947910100686981,2.5489933900571677,84.82033579477785,0.06081673299064713,0.11055889523422445,0.9258766412734984,0.050003725998976734
2.766242882828129,3.9575390128373487,2.526519582785013,84.86553025100086,0.058628195016327364,0.11403204915759399,0.9042161613702774,0.04998191599952406
2.766242882828129,3.9575390128373487,2.526519582785013,84.91116400400458,0.05791353254839353,0.11602714012764356,0.9112389475107192,0.05007879999902798
2.766242882828129,3.9575390128373487,2.526519582785013,84.95698515416439,0.058026892479208544,0.1171467062872795,0.9176846176385879,0.049931261000892846
2.7535378485682456,3.9699724993715084,2.5294261920213383,85.00181411366866,0.055289262196986336,0.11765184146417067,0.8870826333761215,0.050535269001557026
2.7535378485682456,3.9699724993715084,2.5294261920213383,85.0456952378969,0.05410368040893582,0.11802761162670186,0.885705754160881,0.0495436819983297
2.7535378485682456,3.9699724993715084,2.5294261920213383,85.08986170213532,0.053839196417892615,0.11832795146317321,0.8845867425203323,0.04992892399968696
2.7325237226832813,3.9861637285447236,2.559301922930968,85.13408679184742,0.05121615788588801,0.11805194856650256,0.8841496020555496,0.05001991700191866
2.7325237226832813,3.9861637285447236,2.559301922930968,85.1794733023667,0.05008250040560888,0.11795868779377117,0.8828143984079361,0.051411157997790724
2.7128629687212675,3.998074423478078,2.612189501658072,85.22248350933629,0.04702388902157502,0.117466499240136,0.8853481143712997,0.04857999500018195
2.7128629687212675,3.998074423478078,2.612189501658072,85.26666698729265,0.04559277933627341,0.11722668041642656,0.8834562927484512,0.05001207000168506
2.69346303972009,4.010533857327024,2.6695620245822664,85.31173956305953,0.042448285471141184,0.11713567989978879,0.9018682867288589,0.04997689399897354
2.69346303972009,4.010533857327024,2.6695620245822664,85.35671660132806,0.04101022633954277,0.11713266383358054,0.8994095414876937,0.05000729500170564
2.69346303972009,4.010533857327024,2.6695620245822664,85.40219639160578,0.04450448580410714,0.11812355524747498,0.9100817710161209,0.049973301000136416
2.6803544268197657,4.015846562230259,2.730560836297692,85.44812204935549,0.0454009214510121,0.1186885142710741,0.9181304782629013,0.05002083999715978
2.6803544268197657,4.015846562230259,2.730560836297692,85.49395065857847,0.0463089824598788,0.11899512197893475,0.9164722889661788,0.050005450000753626
2.6803544268197657,4.015846562230259,2.730560836297692,85.54015317656759,0.04722312372218125,0.11915604583216675,0.9144778072834014,0.05052338899986353
2.6609408049653775,4.023850940509822,2.805990528309507,85.58597211129394,0.04571004439169498,0.1192801374899922,0.926043626666069,0.04947815999912564
2.6609408049653775,4.023850940509822,2.805990528309507,85.63222494232534,0.045139610521640366,0.11933000914499628,0.9245818108320236,0.05002567700284999
2.6400659272630578,4.027321268393257,2.8736005016689012,85.67887234980715,0.04275413558044791,0.11937835950997751,0.9360859096050262,0.04983240000001388
2.6400659272630578,4.027321268393257,2.8736005016689012,85.72575040729672,0.04169762423729158,0.11938246929256488,0.9344998031854629,0.05016379600056098
2.6400659272630578,4.027321268393257,2.8736005016689012,85.77239390125364,0.04146932972130332,0.11936162259345275,0.9327426344156264,0.05000682099853293
2.6148061281918853,4.03146687341473,2.9365600814600787,85.81965930718644,0.03879977531824799,0.11936809030869616,0.9459476739168167,0.049966194997978164
2.6148061281918853,4.03146687341473,2.9365600814600787,85.86686098919502,0.03764059643503602,0.11936147575199016,0.944421362876892,0.04997947300216765
2.6148061281918853,4.03146687341473,2.9365600814600787,85.91407581607623,0.03738704777095661,0.11934703567397241,0.9428968638181686,0.050074221999238944
2.5967603368572165,4.031496400525132,2.991680453004623,85.9615203949767,0.03596266678770748,0.11937499510509755,0.95,0.049941662000492215
2.5967603368572165,4.031496400525132,2.991680453004623,86.0090712095282,0.03555719531655531,0.11938692371405951,0.95,0.05005348900158424
2.5785831909607198,4.031320246413107,3.061723836518866,86.05699729972643,0.03430030904460085,0.11952253842567082,0.95,0.050448515998141374
2.5785831909607198,4.031320246413107,3.061723836518866,86.10402712572818,0.03402213294653972,0.11959217229017421,0.95,0.04950508000183618
2.5785831909607198,4.031320246413107,3.061723836518866,86.15392570567788,0.03435043125956583,0.1196119155796099,0.95,0.05252482099967892
2.558905099752862,4.03129316544334,3.1281542219639156,86.19894452417725,0.033580309329088495,0.11966894187401106,0.95,0.047388229999342
2.558905099752862,4.03129316544334,3.1281542219639156,86.2465274563278,0.03357089100936411,0.11968362878483754,0.95,0.05008729700057302
2.5449795020646353,4.028247645410988,-3.0801596408895335,86.28426615608589,0.0344435981134138,0.01981017727090252,0.7562605917453765,0.04990171399913379
2.5449795020646353,4.028247645410988,-3.0801596408895335,86.32215756395325,0.03509306202647457,-0.04011389363745849,0.756270557641983,0.050102978999348124
2.5449795020646353,4.028247645410988,-3.0801596408895335,86.35995746808075,0.03560908252189976,-0.0760683361824751,0.7562807500362396,0.049981312000454636
2.5312746825201633,4.025462102077279,-3.017651586023389,86.39818039878307,0.03582174196356787,-0.09764100170948506,0.7634360373020171,0.05006697199860355
2.5312746825201633,4.025462102077279,-3.017651586023389,86.43630538890379,0.03607679131337555,-0.11058460102569104,0.7634463995695113,0.04993800500233192
2.5312746825201633,4.025462102077279,-3.017651586023389,86.47446965525381,0.036356947616985755,-0.11835076061541462,0.7634564787149429,0.04998879099730402
2.5155305390577882,4.020551587347021,-2.9509556715475043,86.51376865623055,0.036485273239762375,-0.12301045636924877,0.7744152277708053,0.050746679000440054
2.5155305390577882,4.020551587347021,-2.9509556715475043,86.55196372058249,0.0366898424015944,-0.12580627382154927,0.775049364566803,0.04928081500111148
2.501972316440075,4.015824775945636,-2.9096529573823933,86.59135089523484,0.03683441481509833,-0.12748376429292957,0.7877595633268356,0.049998980000964366
2.501972316440075,4.015824775945636,-2.9096529573823933,86.63076972214802,0.0370490148754062,-0.12849025857575774,0.7883950024843216,0.04999882899937802
2.501972316440075,4.015824775945636,-2.9096529573823933,86.67022377692766,0.03730573922938953,-0.12909415514545464,0.7890310078859328,0.050003174001176376
2.4904920837630646,4.009422875445794,-2.9287912797872977,86.71309801836365,0.037681019726674855,-0.12945649308727278,0.8011733204126358,0.05351431499730097
2.4904920837630646,4.009422875445794,-2.9287912797872977,86.75137065549295,0.038128889872599304,-0.12967389585236366,0.8005788773298264,0.04780620400197222
2.4904920837630646,4.009422875445794,-2.9287912797872977,86.79029966823525,0.03859314410326997,-0.1298043375114182,0.7998846054077148,0.04866828599915607
2.4904920837630646,4.009422875445794,-2.9287912797872977,86.83025681311493,0.039070576956499334,-0.1298826025068509,0.7991786688566207,0.049997761998383794
2.4904920837630646,4.009422875445794,-2.9287912797872977,86.87019928208316,0.039560230631010954,-0.12992956150411056,0.7986147463321686,0.05001469000126235
2.4759511501397014,4.005489879170072,-2.999876148456283,86.91082767499115,0.03955407283209397,-0.12995773690246634,0.8120344489812851,0.05003284399936092
2.4759511501397014,4.005489879170072,-2.999876148456283,86.95143125568251,0.03975669402779719,-0.1299746421414798,0.8115106165409087,0.0500345649998053
2.4759511501397014,4.005489879170072,-2.999876148456283,86.99190303522904,0.040084458642611384,-0.12998478528488788,0.8109873503446579,0.0499043290001282
2.4673144023556604,4.0026401295058065,-3.05537069224476,87.03291827050832,0.040243940385228084,-0.12999087117093272,0.8199955016374587,0.05001885400270112
2.4673144023556604,4.0026401295058065,-3.05537069224476,87.07388079196326,0.04054459162476402,-0.12999452270255962,0.8194388836622237,0.049988500999461394
2.462473182579389,4.000821899805599,-3.1228379904134687,87.11543487654589,0.040807469355599535,-0.12999671362153578,0.8266703307628631,0.05026681500021368
2.462473182579389,4.000821899805599,-3.1228379904134687,87.15655978692776,0.04113767604084996,-0.12999802817292147,0.8267433196306229,0.04974326299998211
2.462473182579389,4.000821899805599,-3.1228379904134687,87.19832614870705,0.04152309387953393,-0.12999881690375287,0.8265701055526733,0.05052972699922975
2.4530832261930104,4.00035254074056,3.0852518505572086,87.24531179970766,0.04011484074611254,-0.036957589302255386,0.95,0.04945858000064618
2.4530832261930104,4.00035254074056,3.0852518505572086,87.29525239720755,0.03962053720962279,0.016130527547720864,0.95,0.05256904999987455
2.4605733213808128,4.001458061883459,3.0076820816333045,87.34032901085615,0.04051541450507208,0.051887615139319776,0.95,0.04744906699852436
2.4605733213808128,4.001458061883459,3.0076820816333045,87.38784353445739,0.04151685650877216,0.07092674113216059,0.95,0.050015288001304725
2.4605733213808128,4.001458061883459,3.0076820816333045,87.435331850408,0.0425064079507116,0.07887785993160043,0.95,0.04998770100064576
2.4597659442013238,4.000658910020199,2.9165391188793945,87.48279011120634,0.043680492195124834,0.09015051461542388,0.95,0.04995606399825192
2.4597659442013238,4.000658910020199,2.9165391188793945,87.5336609791077,0.0450243296340915,0.09417909107974017,0.95,0.05354828200142947
2.4597659442013238,4.000658910020199,2.9165391188793945,87.57978593319677,0.04622448433135822,0.09227289511186387,0.9478535383939742,0.04866253299769596
2.4567630037278123,4.0019752783404865,2.845852188504047,87.62492109421778,0.04750212173876092,0.09992778392685954,0.9438314497470855,0.04782120900199516
2.4567630037278123,4.0019752783404865,2.845852188504047,87.67198723968067,0.04889733446369723,0.10276196534665527,0.9412502259016037,0.050003861000732286
2.4518841340590036,4.005021108104501,2.808151564701046,87.7188008309572,0.04855963815885875,0.10876639446754516,0.9365443974733352,0.049985447996732546
2.4518841340590036,4.005021108104501,2.808151564701046,87.76571241452181,0.04915384030126389,0.11176662541114843,0.9369195342063903,0.050070024000888225
2.4518841340590036,4.005021108104501,2.808151564701046,87.81582264082239,0.05029881456960951,0.11299335775782797,0.9371676057577133,0.05346986600125092
2.440715707244843,4.011863201534694,2.809719182169005,87.85882011089755,0.048889197405992235,0.11524842392212233,0.921728789806366,0.04664872200009995
2.440715707244843,4.011863201534694,2.809719182169005,87.90467985400034,0.04844883096028464,0.11665865070108224,0.9202865093946456,0.04983202799849096
2.440715707244843,4.011863201534694,2.809719182169005,87.95063654837556,0.04861700643187224,0.11756578854610711,0.9187483072280883,0.050020983999274904
2.420901827418699,4.0150944590782105,2.842609014860532,87.99925694707345,0.0469355732148019,0.1178846464865815,0.9260585755109787,0.05250250900280662
2.420901827418699,4.0150944590782105,2.842609014860532,88.04313188814453,0.04641585939795539,0.11814455427607366,0.9243441581726074,0.047466022999287816
2.401370224477166,4.022877759414943,2.8890324694960983,88.08957340325082,0.04445814164680698,0.11809335373568813,0.9296735346317291,0.049954648999118945
2.401370224477166,4.022877759414943,2.8890324694960983,88.13620274132316,0.04374027027012383,0.11815179003911185,0.9288232624530792,0.050202595000882866
2.401370224477166,4.022877759414943,2.8890324694960983,88.18247982877068,0.043732776184806074,0.1182665360786734,0.9276309221982956,0.04988739200052805
2.381895875618847,4.02481406759502,2.9511595183278434,88.2294095750527,0.04272030647988846,0.11831584768403876,0.938648447394371,0.0499971489989548
2.381895875618847,4.02481406759502,2.9511595183278434,88.2768530911383,0.04263184163806277,0.1184478807265121,0.9379716724157333,0.05058096900029341
2.381895875618847,4.02481406759502,2.9511595183278434,88.32312702083829,0.04310346408985519,0.11863067196694364,0.9372875928878783,0.04937004399835132
2.362814749066264,4.024714557396709,3.010799843263641,88.37298026221762,0.04254827186049499,0.11875443248085589,0.9486264616250991,0.05255307900006301
2.362814749066264,4.024714557396709,3.010799843263641,88.41793942646355,0.04276656809199737,0.11893466107924229,0.9476325333118438,0.047443669001950184
2.3313294719496525,4.025189736513515,3.0813062106084224,88.466902418864,0.04005378808229498,0.11837763901281026,0.95,0.0515399920004711
2.3313294719496525,4.025189736513515,3.0813062106084224,88.51299918431224,0.03916093489914735,0.11625527212457458,0.95,0.04852291099814465
2.3313294719496525,4.025189736513515,3.0813062106084224,88.56045314826325,0.03922197551363468,0.11324472468755603,0.95,0.04995154100106447
2.3126919076482295,4.023766564238967,-3.1248110729446212,88.5998369118786,0.040253553931914335,0.015946834812533617,0.7877272307872771,0.04999670200049877
2.3126919076482295,4.023766564238967,-3.1248110729446212,88.63924498638495,0.04112545570433293,-0.04243189911247983,0.787966752052307,0.05001235699819517
2.3126919076482295,4.023766564238967,-3.1248110729446212,88.67868567888128,0.04194790441215131,-0.0774591394674879,0.7889049053192139,0.04999422900073114
2.2933852128974026,4.020269914658588,-3.0513894385954283,88.71861001829795,0.042229347040772997,-0.09847548368049275,0.7983744889497757,0.050007033001747914
2.2933852128974026,4.020269914658588,-3.0513894385954283,88.75856473218732,0.04270144570500884,-0.11108529020829565,0.7993250429630279,0.04998556499776896
2.2854388562034242,4.015621576003121,-2.979206241133563,88.7989983513676,0.04447683262009164,-0.11865117412497739,0.8082771360874176,0.05002444999990985
2.2854388562034242,4.015621576003121,-2.979206241133563,88.83945734484846,0.045827934784762506,-0.12319070447498644,0.8096883863210678,0.04996859799939557
2.279623656692465,4.010199797551249,-2.9207581758665935,88.87983985321543,0.04623207798187282,-0.12591442268499187,0.8075461715459823,0.05000643899984425
2.279623656692465,4.010199797551249,-2.9207581758665935,88.92029107136294,0.04676006895652024,-0.12754865361099513,0.8089556664228439,0.05000424600075348
2.279623656692465,4.010199797551249,-2.9207581758665935,88.96081705929237,0.04736285211056833,-0.12852919216659708,0.8103677660226821,0.05000937799923122
2.2696303545416505,4.005626340581621,-2.89416199291111,89.00316776921512,0.048231944748225,-0.12911751529995824,0.8225036233663559,0.05148999800076126
2.2696303545416505,4.005626340581621,-2.89416199291111,89.04312145473551,0.049048573320187444,-0.12947050917997494,0.8237696319818496,0.04850104200158967
2.2696303545416505,4.005626340581621,-2.89416199291111,89.08436965478396,0.04981701048915227,-0.12968230550798496,0.8249636709690094,0.050000020000879886
2.2696303545416505,4.005626340581621,-2.89416199291111,89.12568511149482,0.050565561489490506,-0.12980938330479097,0.8261964410543441,0.05000681999808876
2.2696303545416505,4.005626340581621,-2.89416199291111,89.16704245000695,0.05129326679481735,-0.1298856299828746,0.8273345917463302,0.049988648999715224
2.2567524530552614,3.9999598199739643,-2.9672925182444283,89.21150388734847,0.05093540160759491,-0.12993137798972476,0.8303463310003281,0.05354565400193678
2.2567524530552614,3.9999598199739643,-2.9672925182444283,89.2501313926756,0.05097881793322684,-0.12995882679383486,0.8311425834894179,0.04647518499768921
2.2567524530552614,3.9999598199739643,-2.9672925182444283,89.29171500880761,0.05122912782038761,-0.12997529607630093,0.8318343639373779,0.04999026000223239
2.2567524530552614,3.9999598199739643,-2.9672925182444283,89.33332941006591,0.051620743975672206,-0.12998517764578055,0.832579144835472,0.04998251699726097
2.2567524530552614,3.9999598199739643,-2.9672925182444283,89.37504527230904,0.05209731513597553,-0.12999110658746832,0.8333246052265166,0.05005955900196568
2.2567524530552614,3.9999598199739643,-2.9672925182444283,89.41671057365863,0.05262545129262199,-0.129994663952481,0.8340715378522873,0.049954109999816865
2.240176083496707,3.9947526420883746,-3.0929205131102875,89.45929852524193,0.052137320462481915,-0.1299967983714886,0.8506148695945739,0.05006725500061293
2.240176083496707,3.9947526420883746,-3.0929205131102875,89.50179919884843,0.05209170068718001,-0.12999807902289315,0.8513776004314422,0.04991988699839567
2.232065924911284,3.9971132883806857,3.101433351575484,89.5494464735498,0.04754373368869427,-0.12720134203501274,0.95,0.05015502600144828
2.232065924911284,3.9971132883806857,3.101433351575484,89.5968112476988,0.045354133112729816,-0.12560137239019709,0.95,0.04985765699893818
2.232065924911284,3.9971132883806857,3.101433351575484,89.64671389649823,0.044564165987671156,-0.12468961552930258,0.95,0.05252910399940447
2.2246435778608413,3.9967600927827114,3.0106928534195343,89.6919044626505,0.04401978809720322,-0.12246595428080786,0.95,0.047569017002388136
2.2246435778608413,3.9967600927827114,3.0106928534195343,89.73930612339821,0.04420507597378519,-0.12123530987317221,0.95,0.04989648499758914
2.2278554956269008,3.9960969924704273,2.9178271887399485,89.78672909170085,0.04569536070496814,-0.11798121382841384,0.95,0.04991891400277382
2.2278554956269008,3.9960969924704273,2.9178271887399485,89.8343145090493,0.04718149543089256,-0.11624568849831173,0.95,0.05008991299837362
2.2278554956269008,3.9960969924704273,2.9178271887399485,89.88181271734769,0.04865421152283303,-0.11542880147713035,0.95,0.04999811399829923
2.2304949014615105,3.9954792120700717,2.841814738743816,89.93173944105087,0.05067631874185534,-0.11265052324543959,0.95,0.05255444600334158
2.2304949014615105,3.9954792120700717,2.841814738743816,89.97684754244868,0.052498772106777024,-0.11124771217114071,0.95,0.047482211997703416
2.2304949014615105,3.9954792120700717,2.841814738743816,90.02432076004783,0.05414263985288763,-0.11064471113447154,0.95,0.04997180799909984
2.2308229852259904,3.9971930827230167,2.7520018133726,90.07180008424979,0.05629789627631082,-0.10750110213615778,0.95,0.04997823600206175
2.2308229852259904,3.9971930827230167,2.7520018133726,90.11944895684896,0.05813042734288916,-0.10584580936824252,0.95,0.05015670799912186
2.2242253450255633,4.002471425468596,2.670475944637566,90.17010154134836,0.06034447881116715,-0.10237428926703315,0.95,0.0533185099993716
2.2242253450255633,4.002471425468596,2.670475944637566,90.21430345579878,0.062233674600924535,-0.10053550829456437,0.95,0.04652833100044518
2.2242253450255633,4.002471425468596,2.670475944637566,90.26181561389998,0.06384751407814353,-0.09964449423531407,0.95,0.050012798001262126
2.2192218451647125,4.005675877675718,2.594855454128685,90.30943495479782,0.06403718691177565,-0.0898121298431141,0.95,0.05012562199772219
2.2192218451647125,4.005675877675718,2.594855454128685,90.35734433829907,0.06459830356304287,-0.08468618995420829,0.95,0.050430930001311935
2.221948937197908,4.005192097349241,2.5239357328736616,90.40414176200042,0.06590621610083841,-0.077732484379248,0.95,0.04926044600142632
2.221948937197908,4.005192097349241,2.5239357328736616,90.43942000301718,0.056824399051658286,0.0001133651501916827,0.703021639585495,0.050180874997749925
2.221948937197908,4.005192097349241,2.5239357328736616,90.4742726615673,0.051592718373293864,0.04675317352813381,0.6971103340387345,0.04999590000079479
2.210807334450121,4.012177774960892,2.4538128098481082,90.50749412661544,0.046683224505517,0.07472744313360392,0.6642632484436035,0.05001249899942195
2.210807334450121,4.012177774960892,2.4538128098481082,90.5404143506586,0.0439603741564352,0.0915464444606372,0.658211401104927,0.05001466700196033
2.210807334450121,4.012177774960892,2.4538128098481082,90.57301712520115,0.04256062064158909,0.10171071312718799,0.6523246139287948,0.04997937199732405
2.1988881570082115,4.021233932562001,2.3918747148477286,90.60428797895749,0.03986791851274963,0.10802997840579279,0.625361880660057,0.05000441300217062
2.1988881570082115,4.021233932562001,2.3918747148477286,90.63557077160587,0.038467793656306246,0.11188650186738924,0.6201738387346267,0.05044197399911354
2.185646896188896,4.032453370821393,2.3366747036955076,90.66533838282636,0.035550908889124856,0.11444161209989522,0.6001663386821746,0.049598934998357436
2.185646896188896,4.032453370821393,2.3366747036955076,90.69513504006918,0.03400519975766544,0.11602277918773253,0.5965949237346649,0.04994453700055601
2.185646896188896,4.032453370821393,2.3366747036955076,90.72480050359819,0.03328238119927051,0.11701963045667028,0.5930200546979904,0.0500243850001425
2.173166366175311,4.04154766532576,2.324894876874066,90.75539288707306,0.03154524201301934,0.11768220006507883,0.6120878159999847,0.04998038300254848
2.173166366175311,4.04154766532576,2.324894876874066,90.78581707701754,0.030703328097749956,0.11812918984342963,0.6086246103048324,0.04998843199791736
2.173166366175311,4.04154766532576,2.324894876874066,90.81609250417135,0.030392852184110405,0.11844656231075137,0.6052789002656936,0.05001896999965538
2.1616838323149805,4.051918164121646,2.3562874181358677,90.84887949801623,0.02946140820201249,0.1187101588372565,0.6556486368179321,0.05000695800117683
2.1616838323149805,4.051918164121646,2.3562874181358677,90.88146471300426,0.029109135475254126,0.11892404948021035,0.6517259240150451,0.04999834100090084
2.152294131312035,4.056386293257055,2.4034350121129,90.91676277434263,0.02888394096880917,0.11896510120835936,0.7082327842712403,0.049839631999930134
2.152294131312035,4.056386293257055,2.4034350121129,90.95203691434703,0.028974499251781485,0.11905380485419652,0.703756794333458,0.050122627999371616
2.152294131312035,4.056386293257055,2.4034350121129,90.98707471259353,0.029254372832976928,0.11917104719855917,0.6992837488651276,0.05010526600017329
2.152294131312035,4.056386293257055,2.4034350121129,91.02282039277917,0.029646318029047936,0.11930497645603735,0.694840657711029,0.051444427997921593
2.152294131312035,4.056386293257055,2.4034350121129,91.05630432223269,0.030110027504373724,0.11945020293752623,0.69030781686306,0.04850579500271124
2.1426758865588176,4.063080426924222,2.50093699489709,91.0954931190818,0.030928444392924987,0.1194620891544835,0.782770499587059,0.05006422299993574
2.1426758865588176,4.063080426924222,2.50093699489709,91.13430381908081,0.03169509919133513,0.11953835988841154,0.7780690878629684,0.049880788999871584
2.1426758865588176,4.063080426924222,2.50093699489709,91.17494272964697,0.032435276935379086,0.11965391459942876,0.7733279824256897,0.05255067899997812
2.1354134685842108,4.066251753439554,2.5617188506043873,91.21465544389683,0.03376548834435962,0.11959502591419827,0.8369755774736404,0.047447876997466665
2.1354134685842108,4.066251753439554,2.5617188506043873,91.25633472012585,0.03488290493364824,0.11957286056118376,0.8334962904453277,0.05000535300132469
2.1354134685842108,4.066251753439554,2.5617188506043873,91.29828924683636,0.035885883895609934,0.11955992374561528,0.8300709664821624,0.05054330100028892
2.130233897497827,4.071213344688884,2.630233807801149,91.34206601605278,0.03786639119866738,0.1194938563927549,0.8834814339876175,0.0495502990015666
2.130233897497827,4.071213344688884,2.630233807801149,91.38628981481124,0.03938798550178557,0.11943678519872056,0.8829891979694366,0.050084189999324735
2.1212279857538707,4.073502936120235,2.70002473440287,91.43155166073653,0.04137352009659975,0.11944660223571793,0.9079793065786361,0.049848983999254415
2.1212279857538707,4.073502936120235,2.70002473440287,91.47697724825908,0.04288216632631999,0.1194538872066041,0.9080707550048828,0.050024281998048536
2.1212279857538707,4.073502936120235,2.70002473440287,91.52272278712125,0.04409791268126716,0.11946143154042364,0.9082736402750015,0.05036537100022542
2.1122256083625794,4.075643312994469,2.765313719048129,91.56841168016669,0.0456019798947367,0.11941428806625248,0.9214074462652206,0.04958598200028064
2.1122256083625794,4.075643312994469,2.765313719048129,91.61455221531918,0.0468188337703343,0.11939198628808523,0.921638360619545,0.05006360100014717
2.0951659657704407,4.081754543984479,2.8363025429674327,91.66129337756298,0.0475650469195721,0.11941522154656328,0.9359322309494018,0.049940755001443904
2.0951659657704407,4.081754543984479,2.8363025429674327,91.70813560029794,0.04834912155460581,0.1194317185488181,0.9362482517957686,0.050031840000883676
2.0951659657704407,4.081754543984479,2.8363025429674327,91.75495362987333,0.049152584280915644,0.1194469454054139,0.9366235017776489,0.04998596499717678
2.08345718581002,4.082792631027079,2.912477885062778,91.80292402937906,0.050439870480506174,0.11940125239873539,0.9486619085073471,0.05056638099995325
2.08345718581002,4.082792631027079,2.912477885062778,91.84982132390414,0.0515832469009212,0.11937544353595143,0.9488756090402602,0.04942407000271487
2.0765281634958384,4.084648575265257,2.9812329465079563,91.89719787805296,0.05327644557612248,0.11933052306050518,0.95,0.04987005699877045
2.0765281634958384,4.084648575265257,2.9812329465079563,91.94482349750396,0.054629284923417024,0.1192806492130426,0.95,0.05013223100104369
2.0765281634958384,4.084648575265257,2.9812329465079563,91.99233427620419,0.05579512142249504,0.1192472129988949,0.95,0.050011346000246704
2.0706550786264253,4.085182122417198,3.0419956252865865,92.03969401060421,0.057622149009159566,0.11915756880809548,0.95,0.04985235200001625
2.0706550786264253,4.085182122417198,3.0419956252865865,92.0873291300515,0.05908164800325118,0.11910759222250987,0.95,0.05014223099715309
2.0706550786264253,4.085182122417198,3.0419956252865865,92.13505182810403,0.060341936952585475,0.11907787329996711,0.95,0.050234419002663344
2.0559266119134096,4.0868906334193005,3.111401690400818,92.18272853665474,0.06177419150275856,0.11916669611361674,0.95,0.050186009000753984
2.0559266119134096,4.0868906334193005,3.111401690400818,92.22983835455469,0.06302587309123797,0.11906598332063587,0.95,0.049589281999942614
2.0559266119134096,4.0868906334193005,3.111401690400818,92.27742444260383,0.06418776260996892,0.1189333076628222,0.95,0.05009061899909284
2.0343407474644515,4.086410433370033,-3.0986482661162364,92.3238805765637,0.05814913187733313,0.12185442896796309,0.9309198945760726,0.04990347099737846
2.0343407474644515,4.086410433370033,-3.0986482661162364,92.37038313940802,0.05491408642715824,0.1234686139351907,0.9297024697065353,0.05001875800007838
2.0072694502490993,4.083707155921827,-3.013814442560471,92.41757021400319,0.051609843412557914,0.12123966950933829,0.9434415906667709,0.050015894001262495
2.0072694502490993,4.083707155921827,-3.013814442560471,92.4645942258994,0.049963296436977195,0.11780454837537227,0.9402065813541411,0.050014553002256434
2.0072694502490993,4.083707155921827,-3.013814442560471,92.51197918331921,0.04931019394618977,0.11365299059901487,0.9369827270507812,0.0505718579988752
1.986258697744891,4.080754500203734,-2.9390232737708684,92.55817441994911,0.0478017679394645,0.09367082318040043,0.9322070807218551,0.0495546940001077
1.986258697744891,4.080754500203734,-2.9390232737708684,92.60447746034001,0.047246099206290394,0.07983424663765615,0.9291995882987976,0.04983110299872351
1.966059379133916,4.0725067033796725,-2.859756472663654,92.65029711550406,0.04546361451892957,0.00814242482318512,0.9167812317609787,0.04997883200121578
1.966059379133916,4.0725067033796725,-2.859756472663654,92.69576099766317,0.044658409211331046,-0.035226356267130186,0.9091204017400741,0.05000864799876581
1.966059379133916,4.0725067033796725,-2.859756472663654,92.74068752162992,0.04439660629826393,-0.06152694182348002,0.8974533379077911,0.05006001099900459
1.9420116288230866,4.065041439709012,-2.774336889346625,92.78439160227569,0.0407063347768641,-0.08325448725671619,0.8479987651109695,0.05153790600161301
1.9420116288230866,4.065041439709012,-2.774336889346625,92.82780668979804,0.03861575047206023,-0.09619404968053728,0.8360529959201812,0.05192863100091927
1.9420116288230866,4.065041439709012,-2.774336889346625,92.86756854731281,0.03740600666422331,-0.1038426786448397,0.8180592864751816,0.0486051049992966
1.924998045116824,4.056746534808126,-2.691497861710256,92.90334405387478,0.033370658463351036,-0.10925771652375685,0.7460872799158096,0.04795083299904945
1.924998045116824,4.056746534808126,-2.691497861710256,92.93982425960532,0.030953321520156923,-0.11237486516663447,0.730588611960411,0.04993262300195056
1.9022326590152092,4.04415991464934,-2.6304238070194037,92.97409642043769,0.027561702706615485,-0.11423512169855246,0.6849898219108581,0.05003309499807074
1.9022326590152092,4.04415991464934,-2.6304238070194037,93.00768628420512,0.025541468488097407,-0.1153227607556427,0.6724613308906555,0.04995062500165659
1.891564133842359,4.033676817368174,-2.6211943255115258,93.04025235119508,0.02384488109285844,-0.11589372397352722,0.6393964678049088,0.05093250999925658
1.891564133842359,4.033676817368174,-2.6211943255115258,93.07103846147606,0.022826928655715062,-0.11627237701946178,0.6274610608816147,0.04906457499964745
1.891564133842359,4.033676817368174,-2.6211943255115258,93.1018731448822,0.022216157193429037,-0.11652704897244978,0.6167300552129745,0.04999704999863752
1.8851092013146373,4.026992000942449,-2.6466433402511536,93.13249582800886,0.02184969431605742,-0.1166670538349164,0.6139258444309235,0.0498801009998715
1.8851092013146373,4.026992000942449,-2.6466433402511536,93.16269729061196,0.02162981658963445,-0.11679437979240492,0.6019202798604965,0.05017518700333312
1.8851092013146373,4.026992000942449,-2.6466433402511536,93.19222115619853,0.021497889953780668,-0.11689772381889388,0.5913931787014007,0.049922566999157425
1.8851092013146373,4.026992000942449,-2.6466433402511536,93.22127048240444,0.0214187339722684,-0.11698607310359219,0.5811023145914077,0.049990036997769494
1.8851092013146373,4.026992000942449,-2.6466433402511536,93.25076094882182,0.021371240383361037,-0.11706500115814529,0.5709770768880844,0.05164912500185892
1.8850286860194811,4.024727077082526,-2.7353271467715663,93.28185423245912,0.021926321307405384,-0.1170318344999714,0.6094252794981002,0.051020666000113124
1.8850286860194811,4.024727077082526,-2.7353271467715663,93.31027060480433,0.02228960917567286,-0.11703967450674554,0.598587253689766,0.047472398000536487
1.8850286860194811,4.024727077082526,-2.7353271467715663,93.33962149019973,0.022535229302496157,-0.11706973194251168,0.5886824548244476,0.04985860399756348
1.8850286860194811,4.024727077082526,-2.7353271467715663,93.36860707867066,0.022715746031433608,-0.11711237835389202,0.5786521762609481,0.050091557000996545
1.8850286860194811,4.024727077082526,-2.7353271467715663,93.397023653678,0.022865254620450894,-0.11715935473145142,0.5691157758235931,0.04993109700080822
1.8850286860194811,4.024727077082526,-2.7353271467715663,93.42507830568991,0.022995354795299863,-0.11720850708783326,0.559766349196434,0.05011850400114781
1.8776865615737564,4.02200522466524,-2.854551657119145,93.45675068682809,0.023964854963924226,-0.11718213702857887,0.6348886549472809,0.04988651299936464
1.8776865615737564,4.02200522466524,-2.854551657119145,93.49025887129073,0.024589985602084242,-0.11718173590672251,0.626020422577858,0.05352570499962894
1.8776865615737564,4.02200522466524,-2.854551657119145,93.51892189483749,0.025011025603403715,-0.11719779591186187,0.6166387766599655,0.04648268099845154
1.8752166091267248,4.019825537065457,-2.932458668998948,93.55188441699123,0.025933588466519157,-0.1172487236286601,0.6594451904296875,0.049985233999905176
1.8752166091267248,4.019825537065457,-2.932458668998948,93.5844505334824,0.02654601906029823,-0.11729521377238039,0.6510275185108184,0.05002264200084028
1.870131724034645,4.017912646742405,-3.001272418516605,93.61929170616938,0.027734990205099837,-0.11730629696460011,0.6968293070793151,0.04999958000189508
1.870131724034645,4.017912646742405,-3.001272418516605,93.65382522250196,0.028726564428645764,-0.1173035388828006,0.6908959180116653,0.04998367399821291
1.870131724034645,4.017912646742405,-3.001272418516605,93.68829250835658,0.029597229469679825,-0.11729256186727802,0.6850147932767868,0.0503161189990351
1.8654394506248004,4.017296554181485,-3.0639246053437095,93.72498150853993,0.031002108459987063,-0.11726141139175962,0.7305347055196761,0.050222117999510374
1.8654394506248004,4.017296554181485,-3.0639246053437095,93.76081683620887,0.03213796988446582,-0.11723281243030115,0.7242864280939102,0.0494767350028269
1.8654394506248004,4.017296554181485,-3.0639246053437095,93.7967889123299,0.03310106054138583,-0.11720570146193435,0.7179162949323654,0.05010622599729686
1.861036609174137,4.0158769023887615,-3.1323487231330667,93.84143706267909,0.05200012681002284,-0.12091265809029537,0.8949445933103561,0.04988928999955533
1.861036609174137,4.0158769023887615,-3.1323487231330667,93.88626866780278,0.06373561785885612,-0.1230501859872949,0.8967294514179229,0.04999457200028701
1.8599042081534858,4.016310663910706,3.0834593003888404,93.92598086730665,0.05128231558960033,-0.12176453646954369,0.7412108987569809,0.05357746300069266
1.8599042081534858,4.016310663910706,3.0834593003888404,93.9598570893147,0.04417820113159032,-0.12111169562897964,0.7298205018043518,0.046417197001574095
1.8599042081534858,4.016310663910706,3.0834593003888404,93.99588708438232,0.04021038977656848,-0.12082397023535897,0.7200909554958344,0.0500353389979864
1.854426876675429,4.016921663259368,3.004394916657917,94.03621356947458,0.03887045436116509,-0.12042239117441851,0.8070516705513,0.04996766200201819
1.854426876675429,4.016921663259368,3.004394916657917,94.07604264339702,0.038438994067981555,-0.1202950311173098,0.7965773999691009,0.05000025600020308
